date,nav
2003-07-01,9990022.322561951
2003-07-02,10125326.884178162
2003-07-03,9956772.12985074
2003-07-07,10099712.013316872
2003-07-08,10147617.332241632
2003-07-09,10107853.952107651
2003-07-10,10001252.210838964
2003-07-11,10130153.946468795
2003-07-14,10121113.602478933
2003-07-15,9962690.375116033
2003-07-16,9906859.595358072
2003-07-17,9744909.497390293
2003-07-18,9818817.442317216
2003-07-21,9570624.7051823
2003-07-22,9689939.880629044
2003-07-23,9725226.124547424
2003-07-24,9614862.280962836
2003-07-25,9770539.937603882
2003-07-28,9663884.72042699
2003-07-29,9524841.939767018
2003-07-30,9577069.059837097
2003-07-31,9535494.89409733
2003-08-01,9489402.707716797
2003-08-04,9484685.182173604
2003-08-05,9284908.818898126
2003-08-06,9338205.000853375
2003-08-07,9435436.538851535
2003-08-08,9461994.77005959
2003-08-11,9497146.500948638
2003-08-12,9582908.324235043
2003-08-13,9534017.376111796
2003-08-14,9559617.984038096
2003-08-15,9589036.136740763
2003-08-18,9670981.405865654
2003-08-19,9707076.806888431
2003-08-20,9667740.762205273
2003-08-21,9698109.089580443
2003-08-22,9602427.492120352
2003-08-25,9617520.416723765
2003-08-26,9633569.901960151
2003-08-27,9636248.82765761
2003-08-28,9695267.855652899
2003-08-29,9760027.271718267
2003-09-02,9889712.897123652
2003-09-03,9942998.564449666
2003-09-04,9947581.36870579
2003-09-05,9892001.294865198
2003-09-08,9972983.59232996
2003-09-09,9907847.785121249
2003-09-10,9808338.183571454
2003-09-11,9836793.319123968
2003-09-12,9854747.020061314
2003-09-15,9820178.234455053
2003-09-16,9962283.482086662
2003-09-17,9942986.011406276
2003-09-18,10059307.900309596
2003-09-19,10008302.772291565
2003-09-22,9901149.267735519
2003-09-23,9938206.561152685
2003-09-24,9763247.196902271
2003-09-25,9683790.944540555
2003-09-26,9652092.202673253
2003-09-29,9745493.777130196
2003-09-30,9651719.462902706
2003-10-01,9854950.138814474
2003-10-02,9849186.08158361
2003-10-03,9801251.739688545
2003-10-06,9873611.790962376
2003-10-07,9854429.324577916
2003-10-08,9846527.085958282
2003-10-09,9840970.66068147
2003-10-10,9896588.442127854
2003-10-13,9911807.863379627
2003-10-14,9906354.73202736
2003-10-15,9844169.463049745
2003-10-16,9828988.122514933
2003-10-17,9773584.23243162
2003-10-20,9852762.644730408
2003-10-21,9852656.802689541
2003-10-22,9799284.881383566
2003-10-23,9749795.474988615
2003-10-24,9838625.223473402
2003-10-27,9816323.767706785
2003-10-28,9993288.732924758
2003-10-29,9943090.863912614
2003-10-30,9927292.087014887
2003-10-31,9951870.216286007
2003-11-03,9978592.244498696
2003-11-04,9991217.237604128
2003-11-05,9963312.150287991
2003-11-06,9964990.491099386
2003-11-07,9873969.079272212
2003-11-10,9829479.506902149
2003-11-11,9841211.130815033
2003-11-12,9982486.072019568
2003-11-13,10069766.617681349
2003-11-14,10037771.01463205
2003-11-17,9998862.158205293
2003-11-18,9935953.967346603
2003-11-19,9951943.672957847
2003-11-20,9923838.822473012
2003-11-21,9958794.498266004
2003-11-24,10032424.751387537
2003-11-25,10093774.974851616
2003-11-26,10103956.107929807
2003-11-28,10044702.25288185
2003-12-01,10090086.983850054
2003-12-02,10092997.682822032
2003-12-03,10049930.83029367
2003-12-04,10111994.934655227
2003-12-05,10163630.1236155
2003-12-08,10192497.085215796
2003-12-09,10064324.173928734
2003-12-10,10087703.74245803
2003-12-11,10259836.37513106
2003-12-12,10278723.792135788
2003-12-15,10222758.235893164
2003-12-16,10394932.605666181
2003-12-17,10451887.251882734
2003-12-18,10599196.67451623
2003-12-19,10571075.97453607
2003-12-22,10614610.059574869
2003-12-23,10552563.185309714
2003-12-24,10604263.049540954
2003-12-26,10642652.727153763
2003-12-29,10717778.453103073
2003-12-30,10708292.580329183
2003-12-31,10734545.320831278
2004-01-02,10648737.892522488
2004-01-05,10752729.910473388
2004-01-06,10837903.99853547
2004-01-07,10895195.365400115
2004-01-08,10936532.752465727
2004-01-09,10961348.399679773
2004-01-12,11038215.341129873
2004-01-13,11029050.07831573
2004-01-14,11137279.441874178
2004-01-15,11169028.474453043
2004-01-16,11164702.985143468
2004-01-20,11141959.183907552
2004-01-21,11257329.970343497
2004-01-22,11275647.952114975
2004-01-23,11158001.06504304
2004-01-26,11245722.589041153
2004-01-27,11177532.88714568
2004-01-28,10974705.166842036
2004-01-29,10971188.7650877
2004-01-30,11021092.890298594
2004-02-02,11055077.091873884
2004-02-03,11079310.357416516
2004-02-04,10973490.169087848
2004-02-05,10962171.606815323
2004-02-06,11147726.919256622
2004-02-09,11175459.005373996
2004-02-10,11178460.538753757
2004-02-11,11349702.497298706
2004-02-12,11303244.656895481
2004-02-13,11281997.491820253
2004-02-17,11378422.912628746
2004-02-18,11327376.53718262
2004-02-19,11294002.906032247
2004-02-20,11223515.7209822
2004-02-23,11231456.576231131
2004-02-24,11229170.628157457
2004-02-25,11286218.445709277
2004-02-26,11275076.63901062
2004-02-27,11325959.612914657
2004-03-01,11443519.196274895
2004-03-02,11314320.36882698
2004-03-03,11322663.46113571
2004-03-04,11385212.938290726
2004-03-05,11560238.566052321
2004-03-08,11489105.333029803
2004-03-09,11486973.277456854
2004-03-10,11305390.270042745
2004-03-11,11169324.265919324
2004-03-12,11271106.937001491
2004-03-15,11147572.381849926
2004-03-16,11256190.374717638
2004-03-17,11364747.27108751
2004-03-18,11331698.878866227
2004-03-19,11164248.529733287
2004-03-22,11073296.9455757
2004-03-23,11071057.233007886
2004-03-24,11071148.807914376
2004-03-25,11190898.542841172
2004-03-26,11122524.662472088
2004-03-29,11220546.463227328
2004-03-30,11259102.88095319
2004-03-31,11311381.681873547
2004-04-01,11346866.63233594
2004-04-02,11220127.554919638
2004-04-05,11222703.813169971
2004-04-06,11227287.29381129
2004-04-07,11202513.20533699
2004-04-08,11156175.358211448
2004-04-12,11161532.085768254
2004-04-13,10922004.523135107
2004-04-14,10930005.401813142
2004-04-15,10873412.281737138
2004-04-16,10994260.063130226
2004-04-19,10964998.499309968
2004-04-20,10706460.60801374
2004-04-21,10797998.940925013
2004-04-22,10988064.93742881
2004-04-23,10952013.36726123
2004-04-26,10934907.84638971
2004-04-27,10986614.393407173
2004-04-28,10775800.687854815
2004-04-29,10657426.632007387
2004-04-30,10600518.069439089
2004-05-03,10706894.191537369
2004-05-04,10667102.379441816
2004-05-05,10709321.991540816
2004-05-06,10607520.956742084
2004-05-07,10302437.4162518
2004-05-10,10193196.946858875
2004-05-11,10298179.370014146
2004-05-12,10347987.448268142
2004-05-13,10273178.273764685
2004-05-14,10328100.489815949
2004-05-17,10304848.726680176
2004-05-18,10335913.67043876
2004-05-19,10252962.362582374
2004-05-20,10335538.848867584
2004-05-21,10330437.488765966
2004-05-24,10380002.24247579
2004-05-25,10528316.75966126
2004-05-26,10615539.872338815
2004-05-27,10729793.996281331
2004-05-28,10699555.468054561
2004-06-01,10633332.316706827
2004-06-02,10667226.17535847
2004-06-03,10569775.036037536
2004-06-04,10652787.15790546
2004-06-07,10813397.398866119
2004-06-08,10828160.07054016
2004-06-09,10727901.658748874
2004-06-10,10780050.77624644
2004-06-14,10674190.31176694
2004-06-15,10748780.074811652
2004-06-16,10746704.82331303
2004-06-17,10730605.388521992
2004-06-18,10750482.385791566
2004-06-21,10710072.601587137
2004-06-22,10763164.07592288
2004-06-23,10854589.953847295
2004-06-24,10820721.435059413
2004-06-25,10769086.158914402
2004-06-28,10732422.376691774
2004-06-29,10776162.92841084
2004-06-30,10832993.977742475
2004-07-01,10684119.736441774
2004-07-02,10763362.506738119
2004-07-06,10649555.883496797
2004-07-07,10684559.345229253
2004-07-08,10611960.705051756
2004-07-09,10655919.950930763
2004-07-12,10672303.949189883
2004-07-13,10656083.361030363
2004-07-14,10618251.713153915
2004-07-15,10544896.784011
2004-07-16,10638412.554924807
2004-07-19,10591018.045291664
2004-07-20,10652140.677548552
2004-07-21,10435806.813678522
2004-07-22,10475590.277914971
2004-07-23,10413919.935556667
2004-07-26,10356715.327128507
2004-07-27,10378180.133815037
2004-07-28,10424296.615513932
2004-07-29,10477240.213222226
2004-07-30,10572493.946836278
2004-08-02,10603249.130204909
2004-08-03,10546501.442031302
2004-08-04,10538435.611462418
2004-08-05,10399880.435668975
2004-08-06,10394752.133375684
2004-08-09,10374297.32608047
2004-08-10,10460261.082262045
2004-08-11,10473827.116386972
2004-08-12,10375792.342843477
2004-08-13,10412498.636438705
2004-08-16,10504548.379312426
2004-08-17,10608612.945868803
2004-08-18,10679012.753225733
2004-08-19,10673253.936482666
2004-08-20,10723992.892287629
2004-08-23,10662121.346618624
2004-08-24,10684778.382573606
2004-08-25,10755100.266392358
2004-08-26,10798559.070963023
2004-08-27,10817665.36689043
2004-08-30,10768360.111324217
2004-08-31,10867874.17474917
2004-09-01,10884712.560936997
2004-09-02,10944098.412313776
2004-09-03,10871071.903934367
2004-09-07,10945508.634743111
2004-09-08,10980212.30702484
2004-09-09,10951005.512819365
2004-09-10,11025526.95062899
2004-09-13,11085340.6747419
2004-09-14,11108263.04059428
2004-09-15,11015560.740187505
2004-09-16,11105021.193442943
2004-09-17,11111782.135787766
2004-09-20,11108125.420564327
2004-09-21,11160256.805324001
2004-09-22,11070461.996314706
2004-09-23,10976548.80980896
2004-09-24,11021924.252786813
2004-09-27,10983984.28841902
2004-09-28,11021429.276520636
2004-09-29,11006407.758162381
2004-09-30,10986678.782153232
2004-10-01,11119529.413762096
2004-10-04,11139954.12137233
2004-10-05,11144467.477227034
2004-10-06,11181182.974603765
2004-10-07,11046153.013331285
2004-10-08,11048287.205959707
2004-10-11,11107679.194804862
2004-10-12,11065443.773937304
2004-10-13,11010374.629035821
2004-10-14,10962259.767723097
2004-10-15,10983465.626321215
2004-10-18,11037688.30189697
2004-10-19,10944968.698828341
2004-10-20,10971457.144375699
2004-10-21,11022943.16675316
2004-10-22,10934412.295929894
2004-10-25,10933353.556234002
2004-10-26,11070953.390129782
2004-10-27,11130137.201834058
2004-10-28,11176868.922925463
2004-10-29,11204737.202121386
2004-11-01,11180093.757090518
2004-11-02,11208755.135088041
2004-11-03,11337553.675054984
2004-11-04,11476949.58188052
2004-11-05,11464573.141993072
2004-11-08,11432348.394844763
2004-11-09,11412117.956766367
2004-11-10,11397885.179035747
2004-11-11,11477311.950272258
2004-11-12,11603454.577520931
2004-11-15,11634500.44818131
2004-11-16,11542454.36444754
2004-11-17,11663201.730255742
2004-11-18,11685628.319463136
2004-11-19,11502471.437572436
2004-11-22,11561070.79569778
2004-11-23,11566579.168492332
2004-11-24,11604942.418821095
2004-11-26,11553286.186577596
2004-11-29,11432104.31837985
2004-11-30,11427180.824971639
2004-12-01,11547196.003321512
2004-12-02,11528887.121036239
2004-12-03,11636448.515894176
2004-12-06,11653115.939649241
2004-12-07,11546560.788906964
2004-12-08,11695294.87576851
2004-12-09,11706304.217693271
2004-12-10,11733684.417861024
2004-12-13,11837591.997111743
2004-12-14,11895641.188517949
2004-12-15,11944248.183326574
2004-12-16,11848339.818864716
2004-12-17,11756778.75801295
2004-12-20,11771725.618800454
2004-12-21,11872579.776619656
2004-12-22,11886181.086086985
2004-12-23,11878383.230914924
2004-12-27,11804833.466340728
2004-12-28,11863758.444930298
2004-12-29,11855984.446386896
2004-12-30,11876877.68632328
2004-12-31,11864949.23377045
2005-01-03,11833346.197728902
2005-01-04,11622520.448929075
2005-01-05,11563589.442725044
2005-01-06,11629192.76249275
2005-01-07,11602294.086425692
2005-01-10,11651831.329864485
2005-01-11,11596946.295932269
2005-01-12,11649686.40782132
2005-01-13,11605658.512459306
2005-01-14,11655428.732848635
2005-01-18,11764912.212199356
2005-01-19,11653353.76175435
2005-01-20,11604877.372124063
2005-01-21,11559029.290437557
2005-01-24,11534731.20106654
2005-01-25,11521155.332230207
2005-01-26,11555130.843693292
2005-01-27,11554766.728171067
2005-01-28,11612910.95980908
2005-01-31,11683677.60316178
2005-02-01,11744370.396317955
2005-02-02,11777866.191296121
2005-02-03,11728524.750230476
2005-02-04,11905287.96004382
2005-02-07,11911581.23896599
2005-02-08,11933859.73222764
2005-02-09,11904200.839567414
2005-02-10,11871469.868845634
2005-02-11,11951575.93216057
2005-02-14,11956361.349281447
2005-02-15,11979529.303355219
2005-02-16,11943942.019243341
2005-02-17,11825157.274908485
2005-02-18,11780333.412373062
2005-02-22,11612758.214270648
2005-02-23,11697914.824410496
2005-02-24,11751006.802620478
2005-02-25,11877128.21297946
2005-02-28,11725343.251306422
2005-03-01,11779925.051547185
2005-03-02,11771297.09429341
2005-03-03,11767380.473882584
2005-03-04,11959798.122750528
2005-03-07,11966529.77858544
2005-03-08,11866692.578708118
2005-03-09,11648855.632501014
2005-03-10,11693604.704618158
2005-03-11,11563266.784074834
2005-03-14,11660041.995161667
2005-03-15,11542270.433966063
2005-03-16,11472108.700089034
2005-03-17,11538015.304672683
2005-03-18,11473761.10018191
2005-03-21,11416841.787429672
2005-03-22,11216851.4716287
2005-03-23,11249765.753455099
2005-03-24,11270614.961617941
2005-03-28,11248777.33183671
2005-03-29,11219954.318559757
2005-03-30,11398007.509237595
2005-03-31,11430412.188349288
2005-04-01,11401669.620384147
2005-04-04,11413511.092438575
2005-04-05,11465616.340144591
2005-04-06,11535421.744035719
2005-04-07,11551612.075549893
2005-04-08,11446011.378718901
2005-04-11,11485913.154452983
2005-04-12,11599261.491709944
2005-04-13,11472011.595485665
2005-04-14,11356082.981955305
2005-04-15,11274529.946369842
2005-04-18,11282551.113938995
2005-04-19,11429134.427311955
2005-04-20,11270666.029280944
2005-04-21,11397792.286309011
2005-04-22,11401608.600314317
2005-04-25,11471075.906960238
2005-04-26,11358690.47618638
2005-04-27,11432622.885069894
2005-04-28,11362037.926271927
2005-04-29,11466082.717886731
2005-05-02,11536382.752889285
2005-05-03,11567563.945537914
2005-05-04,11647610.01891228
2005-05-05,11676758.151345646
2005-05-06,11563108.328740118
2005-05-09,11628492.066678524
2005-05-10,11551414.17895831
2005-05-11,11623751.629460672
2005-05-12,11511766.292889329
2005-05-13,11516711.73754183
2005-05-16,11617399.281966878
2005-05-17,11702702.786065977
2005-05-18,11849656.772360938
2005-05-19,11862205.225388637
2005-05-20,11843486.840986773
2005-05-23,11952887.192936819
2005-05-24,11953980.058642996
2005-05-25,11898331.03116642
2005-05-26,11963376.265617967
2005-05-27,11992812.70388943
2005-05-31,11981333.112203814
2005-06-01,12148419.99804437
2005-06-02,12166947.102593571
2005-06-03,12040176.655949106
2005-06-06,12059754.856939547
2005-06-07,12100658.086238537
2005-06-08,12056560.949366475
2005-06-09,12101290.211520929
2005-06-10,11998054.153832344
2005-06-13,12000021.145240156
2005-06-14,12010542.033837462
2005-06-15,12026116.398633039
2005-06-16,12090991.526469748
2005-06-17,12117415.346716428
2005-06-20,12101358.835358953
2005-06-21,12143724.257978652
2005-06-22,12241311.683916643
2005-06-23,12067374.629415788
2005-06-24,12012082.28650027
2005-06-27,12035739.37618848
2005-06-28,12077117.324609187
2005-06-29,12041309.119248291
2005-06-30,12019941.721157497
2005-07-01,11948758.536585944
2005-07-05,11988071.172658013
2005-07-06,11916971.564489821
2005-07-07,11986954.930492332
2005-07-08,12070216.204206364
2005-07-11,12120758.835578997
2005-07-12,12118106.31309699
2005-07-13,12120914.961079527
2005-07-14,12148454.20312872
2005-07-15,12142855.113353556
2005-07-18,12075428.449133294
2005-07-19,12153122.927621556
2005-07-20,12213062.599145718
2005-07-21,12055274.240644544
2005-07-22,12186933.630605208
2005-07-25,12131041.284491194
2005-07-26,12151603.444188472
2005-07-27,12174743.18364016
2005-07-28,12298236.533801707
2005-07-29,12146842.228392672
2005-08-01,12112304.857875522
2005-08-02,12168028.271248385
2005-08-03,12227027.927419307
2005-08-04,12122954.727801729
2005-08-05,11977976.31589713
2005-08-08,11922638.117800806
2005-08-09,12024597.912737343
2005-08-10,12011184.20231682
2005-08-11,12107002.201555165
2005-08-12,12082649.407997921
2005-08-15,12136045.207485562
2005-08-16,12040534.792056266
2005-08-17,11990851.83225007
2005-08-18,12052070.85138434
2005-08-19,12069185.569411173
2005-08-22,12077083.402461343
2005-08-23,12076186.641745036
2005-08-24,11977923.14828633
2005-08-25,12024103.541979956
2005-08-26,11922380.883171028
2005-08-29,12015802.14160997
2005-08-30,12010430.414020753
2005-08-31,12230031.176776465
2005-09-01,12231339.202649266
2005-09-02,12211605.394243399
2005-09-06,12305888.263935097
2005-09-07,12284485.548528822
2005-09-08,12244178.949349876
2005-09-09,12354890.100418054
2005-09-12,12291661.683615448
2005-09-13,12261811.207915053
2005-09-14,12192554.038297445
2005-09-15,12148377.503298469
2005-09-16,12181563.27721089
2005-09-19,12165398.84625555
2005-09-20,12056165.911119249
2005-09-21,12003076.458619447
2005-09-22,12049780.442522759
2005-09-23,11990913.408026025
2005-09-26,11970724.121400522
2005-09-27,11973060.33250707
2005-09-28,12006575.955687482
2005-09-29,12070103.272791104
2005-09-30,12069355.53496684
2005-10-03,11979655.721749345
2005-10-04,11854321.672382182
2005-10-05,11732562.203179082
2005-10-06,11674434.144484498
2005-10-07,11726603.49661437
2005-10-10,11632961.97084958
2005-10-11,11591905.88582633
2005-10-12,11458622.134101547
2005-10-13,11432036.347428663
2005-10-14,11545920.01591556
2005-10-17,11571077.033314258
2005-10-18,11465073.520206852
2005-10-19,11660139.703755641
2005-10-20,11467704.28789818
2005-10-21,11559880.312106606
2005-10-24,11679410.081685314
2005-10-25,11600873.017087774
2005-10-26,11521330.338852143
2005-10-27,11427183.359791534
2005-10-28,11571394.048288258
2005-10-31,11608509.51210461
2005-11-01,11632701.260487344
2005-11-02,11744625.578420771
2005-11-03,11793073.013312783
2005-11-04,11777943.354680913
2005-11-07,11788987.601927595
2005-11-08,11788815.165389316
2005-11-09,11803601.500098882
2005-11-10,11892256.99666308
2005-11-11,11931358.185730616
2005-11-14,11924634.447675202
2005-11-15,11882385.692982748
2005-11-16,11905584.569603119
2005-11-17,12012939.791974874
2005-11-18,12058574.101231996
2005-11-21,12117303.775265764
2005-11-22,12167615.826637803
2005-11-23,12235692.735249925
2005-11-25,12243670.057820948
2005-11-28,12159334.746123668
2005-11-29,12146065.634839008
2005-11-30,12082306.7242521
2005-12-01,12201808.532612938
2005-12-02,12216587.022124832
2005-12-05,12191160.067963155
2005-12-06,12213421.189784467
2005-12-07,12144051.576075187
2005-12-08,12136392.318600705
2005-12-09,12167063.304412546
2005-12-12,12178103.581584066
2005-12-13,12258328.3255352
2005-12-14,12304899.79948777
2005-12-15,12270122.328323703
2005-12-16,12231588.954899825
2005-12-19,12170638.520859363
2005-12-20,12181691.004554637
2005-12-21,12200216.030055026
2005-12-22,12261753.216429198
2005-12-23,12268128.243674207
2005-12-27,12147343.225494938
2005-12-28,12173351.20674004
2005-12-29,12120823.116564339
2005-12-30,12057074.418630857
2006-01-03,12261676.661892215
2006-01-04,12331152.863052787
2006-01-05,12339185.179091804
2006-01-06,12419951.645752674
2006-01-09,12454242.8509879
2006-01-10,12414488.755362356
2006-01-11,12419632.419234244
2006-01-12,12413642.332654826
2006-01-13,12454102.556034151
2006-01-17,12433462.836696029
2006-01-18,12387689.15219765
2006-01-19,12400672.753957665
2006-01-20,12199820.831846852
2006-01-23,12236563.384673482
2006-01-24,12225938.541293977
2006-01-25,12158015.784310395
2006-01-26,12194464.354099674
2006-01-27,12311150.17161513
2006-01-30,12272704.346731432
2006-01-31,12200051.481655015
2006-02-01,12242787.448884936
2006-02-02,12100939.123816328
2006-02-03,12075752.807991218
2006-02-06,12086771.736338072
2006-02-07,11965061.887127789
2006-02-08,12061902.411028154
2006-02-09,12051401.28073723
2006-02-10,12035577.798054764
2006-02-13,12011558.014797926
2006-02-14,12116817.815997344
2006-02-15,12178304.79322267
2006-02-16,12259704.025912689
2006-02-17,12265314.870185679
2006-02-21,12218367.977332255
2006-02-22,12333850.048545912
2006-02-23,12281218.016019508
2006-02-24,12294586.851159323
2006-02-27,12272786.774553752
2006-02-28,12204507.557177383
2006-03-01,12284195.260754798
2006-03-02,12276894.150493478
2006-03-03,12220585.733948022
2006-03-06,12165212.256555961
2006-03-07,12146308.794076221
2006-03-08,12171344.886462951
2006-03-09,12090726.996027797
2006-03-10,12203661.760221591
2006-03-13,12225893.972950343
2006-03-14,12351912.247550676
2006-03-15,12405929.385220962
2006-03-16,12430963.411524208
2006-03-17,12440986.638079863
2006-03-20,12421143.170772936
2006-03-21,12344274.69731134
2006-03-22,12417940.532528877
2006-03-23,12392495.320784103
2006-03-24,12401640.777619012
2006-03-27,12383678.694839858
2006-03-28,12308675.066206856
2006-03-29,12384209.62486693
2006-03-30,12362504.00350257
2006-03-31,12365103.928362386
2006-04-03,12355547.90363381
2006-04-04,12432957.834663443
2006-04-05,12474826.92061806
2006-04-06,12461539.482708417
2006-04-07,12336983.779682579
2006-04-10,12355481.177948156
2006-04-11,12252429.45056342
2006-04-12,12274671.103590863
2006-04-13,12258573.124215357
2006-04-17,12253700.527230188
2006-04-18,12444245.74665474
2006-04-19,12467412.884172296
2006-04-20,12484046.186678391
2006-04-21,12485709.71409747
2006-04-24,12463067.231045952
2006-04-25,12412372.597421687
2006-04-26,12414980.410743004
2006-04-27,12473684.34531344
2006-04-28,12514618.454063982
2006-05-01,12414372.336164366
2006-05-02,12505797.96040824
2006-05-03,12459780.539803308
2006-05-04,12503526.408350967
2006-05-05,12611781.279638518
2006-05-08,12596615.909059003
2006-05-09,12620723.363801492
2006-05-10,12613967.141462421
2006-05-11,12464159.867913052
2006-05-12,12304076.5788431
2006-05-15,12328182.263018131
2006-05-16,12310218.819101784
2006-05-17,12080014.108734176
2006-05-18,12019973.724524561
2006-05-19,12102997.439886436
2006-05-22,12012104.728700658
2006-05-23,11922150.288809191
2006-05-24,12015460.097656969
2006-05-25,12159945.893214831
2006-05-26,12220524.090095825
2006-05-30,12007144.54965408
2006-05-31,12138786.575418884
2006-06-01,12252656.120583937
2006-06-02,12277704.30830704
2006-06-05,12101724.195400475
2006-06-06,12072543.98704084
2006-06-07,11983528.464237647
2006-06-08,11973046.195968153
2006-06-09,11935451.943944633
2006-06-12,11808098.381297026
2006-06-13,11673270.977847332
2006-06-14,11761904.31038989
2006-06-15,12006688.998771159
2006-06-16,11920560.497702692
2006-06-19,11828748.938726824
2006-06-20,11867838.577560734
2006-06-21,11953680.220290534
2006-06-22,11902067.608229289
2006-06-23,11900015.61652271
2006-06-26,11951262.03265214
2006-06-27,11850100.766163114
2006-06-28,11928463.309822433
2006-06-29,12163899.7319437
2006-06-30,12164647.853987819
2006-07-03,12213084.122906176
2006-07-05,12144641.958366424
2006-07-06,12179050.633136705
2006-07-07,12101261.258826077
2006-07-10,12123517.180584097
2006-07-11,12175689.107205322
2006-07-12,12048341.96251915
2006-07-13,11856487.988456825
2006-07-14,11811425.99272241
2006-07-17,11794414.203818593
2006-07-18,11853149.381255325
2006-07-19,12013781.822544629
2006-07-20,11933192.832065806
2006-07-21,11850728.531548359
2006-07-24,12061857.510467904
2006-07-25,12103754.983966094
2006-07-26,12119463.028286044
2006-07-27,12108058.201640569
2006-07-28,12226614.26150068
2006-07-31,12214273.877615737
2006-08-01,12155182.011958651
2006-08-02,12237227.938966509
2006-08-03,12269248.557408776
2006-08-04,12305594.858397268
2006-08-07,12258508.456923258
2006-08-08,12211436.834625196
2006-08-09,12162550.44402287
2006-08-10,12199252.517401814
2006-08-11,12124266.071623556
2006-08-14,12109953.0375215
2006-08-15,12307678.966831518
2006-08-16,12455490.009804593
2006-08-17,12480659.071613202
2006-08-18,12572078.075888436
2006-08-21,12531683.691576842
2006-08-22,12532400.555929923
2006-08-23,12484319.687263617
2006-08-24,12483026.230355704
2006-08-25,12511378.459141575
2006-08-28,12562327.135868207
2006-08-29,12584212.583448488
2006-08-30,12604092.460306605
2006-08-31,12616122.244162913
2006-09-01,12704819.33598108
2006-09-05,12684473.760993032
2006-09-06,12564082.94674322
2006-09-07,12514383.102429228
2006-09-08,12558430.92036468
2006-09-11,12544976.788735403
2006-09-12,12697066.181373045
2006-09-13,12756066.277586754
2006-09-14,12729903.479459057
2006-09-15,12748540.216563465
2006-09-18,12744293.138309741
2006-09-19,12785621.628719836
2006-09-20,12851375.062965374
2006-09-21,12878158.665329417
2006-09-22,12875502.00305397
2006-09-25,13008975.27156709
2006-09-26,13078051.020542784
2006-09-27,13087364.825144352
2006-09-28,13068093.756095309
2006-09-29,13041687.577648949
2006-10-02,13014157.80584652
2006-10-03,13036169.444195798
2006-10-04,13236186.437936436
2006-10-05,13214717.404849324
2006-10-06,13128860.607547738
2006-10-09,13148697.496642107
2006-10-10,13087410.657804666
2006-10-11,13054471.802725174
2006-10-12,13168675.623929856
2006-10-13,13177270.834673632
2006-10-16,13215456.509508302
2006-10-17,13186146.768170381
2006-10-18,13197110.4521778
2006-10-19,13204205.579911955
2006-10-20,13201124.984232735
2006-10-23,13222136.99848142
2006-10-24,13274460.934045546
2006-10-25,13361424.499270372
2006-10-26,13441352.977001473
2006-10-27,13397990.093309382
2006-10-30,13391846.750868447
2006-10-31,13442752.300823344
2006-11-01,13396125.995199827
2006-11-02,13351648.646110933
2006-11-03,13232306.871214159
2006-11-06,13385610.25352176
2006-11-07,13474683.7822947
2006-11-08,13527004.072519807
2006-11-09,13454477.386242395
2006-11-10,13484231.962571615
2006-11-13,13507275.36431589
2006-11-14,13627142.395039562
2006-11-15,13627529.397609925
2006-11-16,13627007.47624762
2006-11-17,13673017.472399935
2006-11-20,13685184.266860101
2006-11-21,13713405.98747161
2006-11-22,13756174.221384339
2006-11-24,13713495.765011635
2006-11-27,13539870.995072588
2006-11-28,13617531.148755176
2006-11-29,13733757.078500917
2006-11-30,13808341.336966824
2006-12-01,13807966.446474427
2006-12-04,13903410.797064746
2006-12-05,13939623.40113336
2006-12-06,13904300.698752768
2006-12-07,13838442.62605938
2006-12-08,13797722.822763823
2006-12-11,13875877.011173466
2006-12-12,13887190.191012874
2006-12-13,13828052.722602505
2006-12-14,13920509.224818233
2006-12-15,13922037.109633043
2006-12-18,13889187.606925465
2006-12-19,13908129.05179461
2006-12-20,13894356.99050616
2006-12-21,13892280.183702594
2006-12-22,13745557.293070965
2006-12-26,13830086.900554638
2006-12-27,13877393.456877168
2006-12-28,13814674.273836741
2006-12-29,13749751.305358546
2007-01-03,13763496.44981091
2007-01-04,13838474.502829676
2007-01-05,13685066.286457822
2007-01-08,13752752.602695338
2007-01-09,13735138.514875956
2007-01-10,13752712.649594234
2007-01-11,13770851.411138069
2007-01-12,13840205.913723346
2007-01-16,13837846.105747782
2007-01-17,13813467.849002255
2007-01-18,13784004.504857792
2007-01-19,13785214.044720734
2007-01-22,13766196.226294227
2007-01-23,13762010.340450885
2007-01-24,13868070.630817385
2007-01-25,13652868.363921294
2007-01-26,13635833.344696455
2007-01-29,13614978.458065491
2007-01-30,13694637.017902592
2007-01-31,13832253.205540787
2007-02-01,13899493.837749062
2007-02-02,13926933.230328374
2007-02-05,13942770.514655046
2007-02-06,13982298.032577015
2007-02-07,14039412.545392804
2007-02-08,14021867.925807958
2007-02-09,13875774.19054057
2007-02-12,13808239.40665074
2007-02-13,13908054.911453102
2007-02-14,14073342.69189405
2007-02-15,14109764.168658877
2007-02-16,14115135.14677094
2007-02-20,14157671.166770311
2007-02-21,14147255.754037825
2007-02-22,14098809.471387222
2007-02-23,14095707.674373198
2007-02-26,14124505.623760056
2007-02-27,13709416.787644116
2007-02-28,13791757.500558637
2007-03-01,13761955.654973986
2007-03-02,13632123.6197606
2007-03-05,13513959.767331924
2007-03-06,13712244.666402455
2007-03-07,13721133.574967947
2007-03-08,13826731.186318949
2007-03-09,13748977.440839212
2007-03-12,13804220.798192147
2007-03-13,13606978.818877757
2007-03-14,13681903.291877538
2007-03-15,13681592.458941195
2007-03-16,13640337.476879882
2007-03-19,13774999.526492111
2007-03-20,13864058.88101332
2007-03-21,14097982.995857112
2007-03-22,14037904.533390187
2007-03-23,14032617.960640887
2007-03-26,14023525.723020589
2007-03-27,13985286.814130373
2007-03-28,13883258.165680405
2007-03-29,13874002.245123714
2007-03-30,13856852.326444607
2007-04-02,13884312.087084362
2007-04-03,14012401.580382638
2007-04-04,14046326.136503508
2007-04-05,14044120.644454408
2007-04-09,13995106.358837442
2007-04-10,14037005.224842997
2007-04-11,13961623.643939598
2007-04-12,14032040.30071979
2007-04-13,14066688.419129623
2007-04-16,14208017.445986947
2007-04-17,14301244.889596479
2007-04-18,14347253.147631105
2007-04-19,14338752.569183374
2007-04-20,14450359.291611973
2007-04-23,14423755.60633327
2007-04-24,14453346.214123916
2007-04-25,14569011.954340521
2007-04-26,14541305.347992372
2007-04-27,14527010.998613
2007-04-30,14469127.636490066
2007-05-01,14502307.570494542
2007-05-02,14563692.307924941
2007-05-03,14621138.213780789
2007-05-04,14707058.765479932
2007-05-07,14718662.86834217
2007-05-08,14696925.262195282
2007-05-09,14686640.406924156
2007-05-10,14571527.644769898
2007-05-11,14659414.722697167
2007-05-14,14605157.5274141
2007-05-15,14604180.128535388
2007-05-16,14688965.129355257
2007-05-17,14620425.130756216
2007-05-18,14699687.55816583
2007-05-21,14708067.492879808
2007-05-22,14654232.079004966
2007-05-23,14625372.897610791
2007-05-24,14512270.297462989
2007-05-25,14549047.541203579
2007-05-29,14567247.239203898
2007-05-30,14694213.775387507
2007-05-31,14670842.660308698
2007-06-01,14676226.824299114
2007-06-04,14698244.0840148
2007-06-05,14591529.903418966
2007-06-06,14441261.310561184
2007-06-07,14036343.154936565
2007-06-08,14240419.061821932
2007-06-11,14225220.544502921
2007-06-12,13968468.538824052
2007-06-13,14219329.387972003
2007-06-14,14310035.578146774
2007-06-15,14449083.546668952
2007-06-18,14422446.087152254
2007-06-19,14522382.264104184
2007-06-20,14276618.179159287
2007-06-21,14334472.859243013
2007-06-22,14240064.134630648
2007-06-25,14214944.430048613
2007-06-26,14072126.59593218
2007-06-27,14263648.705658551
2007-06-28,14250220.59261589
2007-06-29,14324058.391354024
2007-07-02,14468492.604344055
2007-07-03,14475676.84859692
2007-07-05,14380599.970160177
2007-07-06,14418989.987040399
2007-07-09,14477444.881121306
2007-07-10,14366753.462105386
2007-07-11,14415389.499340994
2007-07-12,14595952.024674807
2007-07-13,14666697.18169065
2007-07-16,14716820.285614971
2007-07-17,14677233.877834339
2007-07-18,14697864.27916017
2007-07-19,14748862.675094938
2007-07-20,14668035.677093385
2007-07-23,14703582.551133433
2007-07-24,14489452.21727795
2007-07-25,14533762.725478971
2007-07-26,14306233.103238614
2007-07-27,14059204.15591289
2007-07-30,14232544.347701764
2007-07-31,14131676.460621515
2007-08-01,14156940.320113476
2007-08-02,14272768.848779274
2007-08-03,14004483.58596817
2007-08-06,14171367.499195214
2007-08-07,14311834.329391792
2007-08-08,14405958.63779705
2007-08-09,14067117.693095418
2007-08-10,13981147.877117272
2007-08-13,14048275.881801719
2007-08-14,13888794.341664717
2007-08-15,13727724.260245765
2007-08-16,13876523.802562831
2007-08-17,14126661.128725478
2007-08-20,14147517.384639977
2007-08-21,14230847.665875843
2007-08-22,14344766.21684858
2007-08-23,14335124.786783166
2007-08-24,14505721.852526002
2007-08-27,14411991.114461383
2007-08-28,14179643.332575388
2007-08-29,14384694.846499572
2007-08-30,14417993.608194614
2007-08-31,14552700.902380934
2007-09-04,14661735.07688555
2007-09-05,14628240.575852085
2007-09-06,14626524.418084638
2007-09-07,14585851.327452991
2007-09-10,14589134.999766875
2007-09-11,14714557.80157391
2007-09-12,14712114.719932398
2007-09-13,14722040.790658705
2007-09-14,14737214.911781812
2007-09-17,14668629.526441323
2007-09-18,15056251.79412911
2007-09-19,15086386.489306184
2007-09-20,14821151.917775385
2007-09-21,14929966.795412287
2007-09-24,14920369.313184967
2007-09-25,14891676.7587991
2007-09-26,14968740.948771613
2007-09-27,15096510.2312046
2007-09-28,15051694.987430692
2007-10-01,15226294.299534667
2007-10-02,15235061.17762292
2007-10-03,15193379.176924916
2007-10-04,15238806.828436153
2007-10-05,15279891.458333401
2007-10-08,15252064.591538351
2007-10-09,15340263.312148234
2007-10-10,15327272.992453039
2007-10-11,15256568.791212216
2007-10-12,15285317.3115599
2007-10-15,15173659.913840817
2007-10-16,15096490.917513628
2007-10-17,15225835.384914208
2007-10-18,15226094.55624391
2007-10-19,14972299.895186352
2007-10-22,15023769.335609982
2007-10-23,15131298.638107946
2007-10-24,15175133.5110381
2007-10-25,15194395.758543486
2007-10-26,15322258.218431938
2007-10-29,15378876.607146421
2007-10-30,15291907.027439004
2007-10-31,15341712.952338113
2007-11-01,15119329.797584157
2007-11-02,15171322.315097252
2007-11-05,15045301.474826427
2007-11-06,15205619.529967409
2007-11-07,14868463.395977367
2007-11-08,14828180.07675582
2007-11-09,14722819.535771037
2007-11-12,14611404.143233152
2007-11-13,14944152.241731523
2007-11-14,14913706.904158434
2007-11-15,14792866.92620792
2007-11-16,14813908.02463055
2007-11-19,14724319.627130225
2007-11-20,14766833.459682489
2007-11-21,14599768.153955558
2007-11-23,14783830.735540532
2007-11-26,14677563.50992602
2007-11-27,14703156.033888858
2007-11-28,15118314.60630362
2007-11-29,15204160.13470416
2007-11-30,15374369.048922554
2007-12-03,15329181.56203415
2007-12-04,15204277.589059679
2007-12-05,15399306.502594844
2007-12-06,15539225.877673047
2007-12-07,15438958.54441776
2007-12-10,15522881.639274519
2007-12-11,15293957.757877214
2007-12-12,15319331.284728257
2007-12-13,15176232.636369606
2007-12-14,14936161.527129812
2007-12-17,14810124.169451337
2007-12-18,14918901.73190023
2007-12-19,15034938.209819557
2007-12-20,15101958.493954675
2007-12-21,15206680.647477478
2007-12-24,15272369.006791666
2007-12-26,15231400.100410268
2007-12-27,15139311.051036092
2007-12-28,15218896.011771003
2007-12-31,15174642.997433474
2008-01-02,15147994.121620743
2008-01-03,15170531.657659452
2008-01-04,15208668.615055451
2008-01-07,15235011.132288767
2008-01-08,15266269.641036615
2008-01-09,15242919.054986965
2008-01-10,15203067.917869277
2008-01-11,15296028.204074882
2008-01-14,15302393.371525716
2008-01-15,15397585.40840861
2008-01-16,15369744.324523918
2008-01-17,15487031.928418288
2008-01-18,15465887.693050176
2008-01-22,15627142.82385814
2008-01-23,15560357.753905702
2008-01-24,15429608.536334014
2008-01-25,15563881.163320914
2008-01-28,15510906.345768463
2008-01-29,15452903.886750095
2008-01-30,15446224.095730204
2008-01-31,15520807.96631085
2008-02-01,15567592.592766441
2008-02-04,15487140.585308326
2008-02-05,15588939.84868171
2008-02-06,15563114.251822276
2008-02-07,15400804.015237218
2008-02-08,15523110.685525363
2008-02-11,15555158.946101379
2008-02-12,15524447.473126996
2008-02-13,15462931.892473022
2008-02-14,15383177.825716801
2008-02-15,15414195.949919468
2008-02-19,15309419.997523544
2008-02-20,15295931.652278231
2008-02-21,15446819.717410496
2008-02-22,15405841.166707136
2008-02-25,15309032.966927363
2008-02-26,15344907.628280494
2008-02-27,15380790.374770846
2008-02-28,15558974.192520803
2008-02-29,15720451.657188378
2008-03-03,15682053.797563912
2008-03-04,15625292.416657053
2008-03-05,15559643.029421736
2008-03-06,15680993.184641223
2008-03-07,15732469.743463099
2008-03-10,15840040.922582861
2008-03-11,15677542.52798441
2008-03-12,15850772.740782702
2008-03-13,15771778.911458815
2008-03-14,15927060.09978587
2008-03-17,16001692.810341232
2008-03-18,15899879.834228355
2008-03-19,16028716.143566834
2008-03-20,16060709.295551261
2008-03-24,15798700.903341826
2008-03-25,15851329.484104875
2008-03-26,15862572.635059284
2008-03-27,15842628.054686774
2008-03-28,15901673.630381541
2008-03-31,15927571.58768835
2008-04-01,15796699.282762177
2008-04-02,15746662.932911627
2008-04-03,15746402.300755804
2008-04-04,15861224.839157987
2008-04-07,15762206.784024531
2008-04-08,15763604.158983806
2008-04-09,15853184.919803297
2008-04-10,15793647.377806466
2008-04-11,15858043.16178709
2008-04-14,15819928.606060607
2008-04-15,15751891.510296365
2008-04-16,15649964.625869231
2008-04-17,15614263.905086618
2008-04-18,15598748.398850773
2008-04-21,15600161.190971673
2008-04-22,15611747.868997855
2008-04-23,15596225.909256594
2008-04-24,15477122.214261902
2008-04-25,15456210.494583298
2008-04-28,15483510.261520883
2008-04-29,15510704.402348515
2008-04-30,15558394.375289688
2008-05-01,15556409.790393213
2008-05-02,15433139.039190644
2008-05-05,15455360.84366945
2008-05-06,15406699.921874199
2008-05-07,15467221.41323074
2008-05-08,15565286.188686127
2008-05-09,15582088.113265414
2008-05-12,15556247.066562897
2008-05-13,15429575.08563879
2008-05-14,15424089.052204376
2008-05-15,15508793.993568834
2008-05-16,15482746.940454433
2008-05-19,15516902.913704854
2008-05-20,15562976.071765741
2008-05-21,15526855.494225452
2008-05-22,15427184.33116294
2008-05-23,15494521.614166271
2008-05-27,15417403.013131008
2008-05-28,15300693.070351902
2008-05-29,15227164.722779572
2008-05-30,15278959.02929963
2008-06-02,15371510.62037065
2008-06-03,15453027.891582321
2008-06-04,15396252.42524742
2008-06-05,15314225.33959586
2008-06-06,15450127.287202995
2008-06-09,15338506.502243258
2008-06-10,15245264.88519345
2008-06-11,15261175.846059894
2008-06-12,15123850.623030564
2008-06-13,15086901.248393241
2008-06-16,15088377.778918613
2008-06-17,15141229.087553728
2008-06-18,15226753.495571395
2008-06-19,15135848.483606601
2008-06-20,15208576.078650756
2008-06-23,15200973.444904014
2008-06-24,15284206.833939305
2008-06-25,15282075.245974015
2008-06-26,15370009.725608697
2008-06-27,15446521.871797355
2008-06-30,15456834.16429405
2008-07-01,15414241.712457344
2008-07-02,15451359.775364773
2008-07-03,15456378.802659504
2008-07-07,15528876.919486469
2008-07-08,15567386.396422762
2008-07-09,15640862.327700173
2008-07-10,15645798.692287927
2008-07-11,15500987.042732563
2008-07-14,15583796.99230868
2008-07-15,15639642.672347222
2008-07-16,15497979.227353593
2008-07-17,15423317.89315705
2008-07-18,15369403.11904379
2008-07-21,15404988.68352018
2008-07-22,15350956.941957928
2008-07-23,15325398.361051863
2008-07-24,15460505.547161778
2008-07-25,15369451.426690904
2008-07-28,15459017.489192076
2008-07-29,15414150.623101173
2008-07-30,15444253.477957075
2008-07-31,15568840.163927207
2008-08-01,15576314.683655875
2008-08-04,15565416.10848296
2008-08-05,15485492.725494234
2008-08-06,15490521.339809759
2008-08-07,15636526.018766498
2008-08-08,15629205.812770909
2008-08-11,15553278.132851955
2008-08-12,15661027.097430505
2008-08-13,15627429.060987798
2008-08-14,15674616.873448541
2008-08-15,15732039.560139954
2008-08-18,15769987.981538499
2008-08-19,15747195.935525656
2008-08-20,15792026.373612123
2008-08-21,15758938.952526163
2008-08-22,15713532.526481746
2008-08-25,15816057.648657532
2008-08-26,15819315.266878873
2008-08-27,15841911.038585294
2008-08-28,15818754.28282274
2008-08-29,15799062.808551665
2008-09-02,15884772.518685842
2008-09-03,15923108.903640017
2008-09-04,16001540.206817186
2008-09-05,15966553.008512978
2008-09-08,15967997.081678415
2008-09-09,16039053.634022655
2008-09-10,15999000.867478123
2008-09-11,15970939.83867596
2008-09-12,15892432.679409325
2008-09-15,16194048.999313891
2008-09-16,16149555.709306352
2008-09-17,16289106.127943343
2008-09-18,16106875.649055004
2008-09-19,15828706.359263953
2008-09-22,15794826.192068849
2008-09-23,15794512.524551358
2008-09-24,15835048.872431824
2008-09-25,15787020.960894648
2008-09-26,15776013.228270967
2008-09-29,15996262.003019724
2008-09-30,15789627.648989098
2008-10-01,15900797.91040765
2008-10-02,15988721.921340542
2008-10-03,16047769.660386687
2008-10-06,16174225.317096494
2008-10-07,16161956.962314183
2008-10-08,15962984.250511521
2008-10-09,15804847.511145873
2008-10-10,15619233.50138351
2008-10-13,15510486.222621126
2008-10-14,15435537.747755881
2008-10-15,15566243.512183297
2008-10-16,15569561.66107774
2008-10-17,15669422.720598007
2008-10-20,15685391.943707436
2008-10-21,15852636.297670778
2008-10-22,15972674.760241209
2008-10-23,15993333.538760312
2008-10-24,15926798.662839726
2008-10-27,15917687.743545756
2008-10-28,15790292.454621756
2008-10-29,15813213.455696534
2008-10-30,15691266.896496315
2008-10-31,15658367.751946941
2008-11-03,15683526.221817538
2008-11-04,15873559.065931866
2008-11-05,15956826.309461406
2008-11-06,15908946.170351174
2008-11-07,15852010.154099934
2008-11-10,15867743.949047301
2008-11-11,15926178.61681885
2008-11-12,16023369.461327681
2008-11-13,15908912.961119248
2008-11-14,16064973.98703291
2008-11-17,16131133.44120723
2008-11-18,16252517.952273982
2008-11-19,16420056.818751963
2008-11-20,16730927.432141315
2008-11-21,16590757.83759273
2008-11-24,16433307.4137489
2008-11-25,16719372.029176557
2008-11-26,16819431.18890557
2008-11-28,16852167.640281443
2008-12-01,17073014.62327914
2008-12-02,17157532.480131987
2008-12-03,17182471.463480193
2008-12-04,17282986.622247912
2008-12-05,17113316.25344852
2008-12-08,17052226.099478744
2008-12-09,17189842.363846444
2008-12-10,17174405.336954553
2008-12-11,17271723.493038498
2008-12-12,17316469.924490925
2008-12-15,17351031.562544532
2008-12-16,17605123.151937436
2008-12-17,17712884.35785292
2008-12-18,17831314.888459988
2008-12-19,17772728.026050452
2008-12-22,17726230.988473862
2008-12-23,17716975.051117625
2008-12-24,17698764.15437232
2008-12-26,17793194.905692533
2008-12-29,17831881.494223543
2008-12-30,17856392.958909396
2008-12-31,17661202.941413347
2009-01-02,17406555.856969304
2009-01-05,17374752.778117795
2009-01-06,17363250.7217885
2009-01-07,17366617.112373333
2009-01-08,17414583.566084802
2009-01-09,17497445.369972933
2009-01-12,17609127.1217895
2009-01-13,17621483.562784005
2009-01-14,17720975.226956937
2009-01-15,17706224.95883765
2009-01-16,17542316.079893574
2009-01-20,17514575.428286072
2009-01-21,17354792.21214787
2009-01-22,17235168.378557377
2009-01-23,17238561.7456464
2009-01-26,17192973.91085651
2009-01-27,17311910.48873676
2009-01-28,17195541.521870796
2009-01-29,16958387.498761285
2009-01-30,16950260.51591029
2009-02-02,17098539.689257476
2009-02-03,16941174.38799985
2009-02-04,16847509.01620548
2009-02-05,16890212.43721686
2009-02-06,16778393.69815665
2009-02-09,16743213.01423344
2009-02-10,16967111.554641116
2009-02-11,17094904.738027524
2009-02-12,17089389.729926758
2009-02-13,16959360.64606568
2009-02-17,17238142.89432215
2009-02-18,17118459.97752888
2009-02-19,17026661.711661905
2009-02-20,17073463.574064657
2009-02-23,17088747.896657057
2009-02-24,17022180.9544479
2009-02-25,16867212.54876922
2009-02-26,16822991.273537785
2009-02-27,16807960.84438735
2009-03-02,16980714.815080117
2009-03-03,16958561.33141909
2009-03-04,16870812.23714812
2009-03-05,17072640.31673767
2009-03-06,16991273.86653133
2009-03-09,16998161.220788296
2009-03-10,16872681.536350872
2009-03-11,16995357.10084339
2009-03-12,17044142.372990433
2009-03-13,17031118.85363782
2009-03-16,16933023.01405336
2009-03-17,16899787.955312446
2009-03-18,17490612.64239766
2009-03-19,17433152.62707237
2009-03-20,17432821.53143501
2009-03-23,17374785.105080184
2009-03-24,17349849.63368336
2009-03-25,17247428.31126948
2009-03-26,17291650.240771335
2009-03-27,17280673.467314735
2009-03-30,17353146.567114998
2009-03-31,17382787.71001522
2009-04-01,17424118.728016093
2009-04-02,17313062.661562897
2009-04-03,17117296.408696935
2009-04-06,17077132.867736053
2009-04-07,17120417.702433757
2009-04-08,17205202.77843974
2009-04-09,17104279.153235268
2009-04-13,17205617.101568054
2009-04-14,17293367.391910773
2009-04-15,17309073.218621083
2009-04-16,17241034.46979398
2009-04-17,17102669.543082174
2009-04-20,17222304.842474088
2009-04-21,17155497.61111454
2009-04-22,17113561.276069615
2009-04-23,17109589.802813634
2009-04-24,17042106.736927234
2009-04-27,17113053.860073388
2009-04-28,17029285.182263676
2009-04-29,16935536.63299192
2009-04-30,16905605.70658178
2009-05-01,16849458.01298895
2009-05-04,16865946.666404936
2009-05-05,16861862.82829703
2009-05-06,16868984.603561107
2009-05-07,16723093.294908773
2009-05-08,16743563.860688847
2009-05-11,16907604.36053901
2009-05-12,16896076.70932834
2009-05-13,16975807.291085474
2009-05-14,16977307.33589416
2009-05-15,16934482.77864963
2009-05-18,16832088.64123434
2009-05-19,16807393.78204929
2009-05-20,16861527.012499347
2009-05-21,16670666.784476459
2009-05-22,16567544.001260294
2009-05-26,16455049.97195682
2009-05-27,16266830.158465387
2009-05-28,16354100.703366479
2009-05-29,16542543.979738131
2009-06-01,16271723.954790698
2009-06-02,16327477.996481992
2009-06-03,16429345.203867748
2009-06-04,16235945.860794337
2009-06-05,16068766.56617376
2009-06-08,15982713.001764229
2009-06-09,16055370.009812182
2009-06-10,15953885.69873579
2009-06-11,16069396.079640217
2009-06-12,16158726.815308386
2009-06-15,16234074.92872274
2009-06-16,16327669.686869353
2009-06-17,16282691.825408122
2009-06-18,16078958.345367482
2009-06-19,16156755.958361242
2009-06-22,16247146.467808638
2009-06-23,16301158.020232711
2009-06-24,16237521.901460452
2009-06-25,16447188.281298935
2009-06-26,16468893.942085413
2009-06-29,16503356.724971848
2009-06-30,16459192.98687254
2009-07-01,16448206.65216142
2009-07-02,16440038.422646511
2009-07-06,16440162.258177461
2009-07-07,16440286.094641209
2009-07-08,16440403.420113914
2009-07-09,16440527.258394228
2009-07-10,16440644.58558799
2009-07-13,16440761.913619053
2009-07-14,16440879.242487421
2009-07-15,16440996.572193103
2009-07-16,16441120.414941369
2009-07-17,16441231.23346634
2009-07-20,16441355.077982206
2009-07-21,16441478.923430936
2009-07-22,16441602.769812541
2009-07-23,16441726.617127025
2009-07-24,16441843.952879965
2009-07-27,16441967.802011175
2009-07-28,16442091.652075285
2009-07-29,16442215.503072303
2009-07-30,16442332.842314158
2009-07-31,16442450.1823934
2009-08-03,16442574.036091067
2009-08-04,16420644.246434633
2009-08-05,16279336.12811628
2009-08-06,16194192.870628593
2009-08-07,16298650.188493697
2009-08-10,16368561.067420369
2009-08-11,16277420.724531645
2009-08-12,16404101.468842357
2009-08-13,16653312.174065327
2009-08-14,16576678.393339908
2009-08-17,16286107.454117822
2009-08-18,16355015.94462067
2009-08-19,16554078.658077022
2009-08-20,16761031.34356307
2009-08-21,16917469.179215338
2009-08-24,17014086.961844087
2009-08-25,17087528.438809402
2009-08-26,17106960.42922999
2009-08-27,17096592.80241889
2009-08-28,17131927.94986283
2009-08-31,17033465.64523839
2009-09-01,16712972.368867878
2009-09-02,16743830.832655413
2009-09-03,16816087.869568273
2009-09-04,16940724.945607174
2009-09-08,17042386.653682075
2009-09-09,17183813.734136444
2009-09-10,17481241.05217961
2009-09-11,17527195.681185596
2009-09-14,17509045.20854906
2009-09-15,17543743.14838134
2009-09-16,17787534.607621722
2009-09-17,17845257.87095353
2009-09-18,17764492.387705967
2009-09-21,17709056.27946076
2009-09-22,17853098.739124916
2009-09-23,17746420.396468606
2009-09-24,17603830.769224595
2009-09-25,17581491.38293784
2009-09-28,17911256.753459226
2009-09-29,17851649.982735686
2009-09-30,17797712.605695236
2009-10-01,17502529.923591044
2009-10-02,17417274.800968308
2009-10-05,17661085.65649989
2009-10-06,17845673.738952115
2009-10-07,17999476.6911507
2009-10-08,18067613.625207137
2009-10-09,18009286.232601814
2009-10-12,18126197.562706552
2009-10-13,18128849.296534535
2009-10-14,18310203.04746422
2009-10-15,18318069.623039655
2009-10-16,18263848.20966659
2009-10-19,18434001.482361797
2009-10-20,18378744.219860055
2009-10-21,18181568.445858337
2009-10-22,18307939.889416758
2009-10-23,18022286.093675338
2009-10-26,17735691.61712535
2009-10-27,17803701.084073164
2009-10-28,17531672.357681025
2009-10-29,17809878.369904112
2009-10-30,17439137.01459728
2009-11-02,17516030.316242337
2009-11-03,17529091.387596596
2009-11-04,17524783.166761648
2009-11-05,17838595.854701478
2009-11-06,17934106.434606884
2009-11-09,18333764.195025656
2009-11-10,18349426.261842493
2009-11-11,18487721.01061726
2009-11-12,18312285.59583781
2009-11-13,18419637.44360532
2009-11-16,18766347.30535465
2009-11-17,18823478.389901794
2009-11-18,18769106.63866965
2009-11-19,18555308.219566353
2009-11-20,18489964.080563355
2009-11-23,18689012.549274787
2009-11-24,18807101.994485
2009-11-25,18931953.309295706
2009-11-27,18724467.243870467
2009-11-30,18813235.29257101
2009-12-01,18928985.689875506
2009-12-02,18881827.230430443
2009-12-03,18653818.468988933
2009-12-04,18615507.973987013
2009-12-07,18639086.968313348
2009-12-08,18506183.159477867
2009-12-09,18534584.75183638
2009-12-10,18569931.434699874
2009-12-11,18551828.411810793
2009-12-14,18673433.651659116
2009-12-15,18528502.010105837
2009-12-16,18555109.396515
2009-12-17,18506296.004996184
2009-12-18,18512891.56700437
2009-12-21,18498807.14832861
2009-12-22,18477672.486112386
2009-12-23,18503754.666791506
2009-12-24,18522457.486779243
2009-12-28,18510600.53428
2009-12-29,18532785.24191891
2009-12-30,18558773.928261228
2009-12-31,18295171.282662503
2010-01-04,18644524.667826142
2010-01-05,18683445.78231839
2010-01-06,18695954.58575209
2010-01-07,18772874.93555365
2010-01-08,18833693.636442486
2010-01-11,18859088.09944096
2010-01-12,18686453.569739133
2010-01-13,18840643.83302497
2010-01-14,18890196.690223895
2010-01-15,18682137.19273331
2010-01-19,18910399.203937724
2010-01-20,18721658.61200958
2010-01-21,18368706.40610142
2010-01-22,17967464.200116593
2010-01-25,18057269.89562399
2010-01-26,17982863.446256638
2010-01-27,18066238.645497784
2010-01-28,17863026.439335205
2010-01-29,17672703.90887254
2010-02-01,17941228.437223993
2010-02-02,18173888.102069695
2010-02-03,17999119.200306486
2010-02-04,17600715.797655635
2010-02-05,17692648.979940344
2010-02-08,17552170.185358915
2010-02-09,17668960.658243634
2010-02-10,17584719.30677391
2010-02-11,17742621.06945711
2010-02-12,17768426.83409404
2010-02-16,18080321.09895308
2010-02-17,18070126.8544686
2010-02-18,18111341.2007731
2010-02-19,18157449.109775133
2010-02-22,18146084.1016792
2010-02-23,18061837.74772405
2010-02-24,18233650.463227563
2010-02-25,18274712.520145547
2010-02-26,18312988.758593064
2010-03-01,18516009.508859918
2010-03-02,18575032.201772694
2010-03-03,18572466.02491309
2010-03-04,18658198.35910835
2010-03-05,18831375.886853002
2010-03-08,18785781.935386453
2010-03-09,18861688.404365048
2010-03-10,18912955.65825195
2010-03-11,18973360.905319728
2010-03-12,19002238.593163494
2010-03-15,19006224.92496715
2010-03-16,19223611.87256794
2010-03-17,19355769.564144813
2010-03-18,19297588.067185406
2010-03-19,19177419.703479256
2010-03-22,19336402.651848115
2010-03-23,19429766.90640068
2010-03-24,19157482.847473163
2010-03-25,19059020.504787866
2010-03-26,19089879.383650634
2010-03-29,19181714.916145086
2010-03-30,19212104.82600765
2010-03-31,19189668.797625247
2010-04-01,19279976.067145415
2010-04-05,19425093.873627607
2010-04-06,19469792.914108396
2010-04-07,19359934.85831279
2010-04-08,19425567.00444646
2010-04-09,19550772.290593904
2010-04-12,19580983.59844592
2010-04-13,19595089.73951902
2010-04-14,19813668.56091937
2010-04-15,19829381.343757324
2010-04-16,19518270.423489098
2010-04-19,19590334.498891752
2010-04-20,19762229.039490636
2010-04-21,19726429.412175227
2010-04-22,19783997.677611277
2010-04-23,19910813.593984894
2010-04-26,19836356.922145255
2010-04-27,19373907.229239136
2010-04-28,19518425.731285013
2010-04-29,19756329.902423866
2010-04-30,19425885.12495755
2010-05-03,19673455.577906676
2010-05-04,19340360.107565556
2010-05-05,19302429.433971867
2010-05-06,18891642.955038015
2010-05-07,18567648.086490948
2010-05-10,19214494.116388608
2010-05-11,19182922.66751535
2010-05-12,19396082.197609283
2010-05-13,19211171.746699207
2010-05-14,18992163.728103988
2010-05-17,18960796.9194855
2010-05-18,18845507.8568986
2010-05-19,18757558.26918795
2010-05-20,18256351.236658793
2010-05-21,18518094.70643639
2010-05-24,18291864.159362387
2010-05-25,18367771.948840834
2010-05-26,18225259.054188035
2010-05-27,18628217.983086765
2010-05-28,18487111.462327532
2010-06-01,18213857.00113336
2010-06-02,18558980.091593977
2010-06-03,18593417.310420956
2010-06-04,18222543.41401159
2010-06-07,18081943.663341444
2010-06-08,18206696.499048367
2010-06-09,18116092.459298946
2010-06-10,18444437.540974095
2010-06-11,18646098.95737815
2010-06-14,18602256.8179256
2010-06-15,18945274.9415977
2010-06-16,18989490.30289926
2010-06-17,19104322.644059133
2010-06-18,19085975.19312396
2010-06-21,19019921.93430784
2010-06-22,18832876.131354533
2010-06-23,18845395.900052868
2010-06-24,18537730.43849901
2010-06-25,18638417.34071047
2010-06-28,18712194.436476123
2010-06-29,18255193.200556226
2010-06-30,18121525.9468404
2010-07-01,18038686.457095273
2010-07-02,17997830.78471349
2010-07-06,18041248.828891624
2010-07-07,17984058.117985092
2010-07-08,17939882.692871716
2010-07-09,17891670.691175237
2010-07-12,17922046.511627637
2010-07-13,17831502.023810133
2010-07-14,17922080.565184478
2010-07-15,18015728.31010674
2010-07-16,18119975.378704563
2010-07-19,18072416.76599228
2010-07-20,18091001.126734246
2010-07-21,18206065.37887539
2010-07-22,18106445.240132183
2010-07-23,18047549.632213764
2010-07-26,18041493.37079212
2010-07-27,17978375.749899637
2010-07-28,18056440.34894868
2010-07-29,18094103.45428556
2010-07-30,18199915.042794984
2010-08-02,18143671.50851996
2010-08-03,18132273.927081097
2010-08-04,18176655.31962662
2010-08-05,18243526.51357448
2010-08-06,18287164.805413403
2010-08-09,18378942.40200311
2010-08-10,18371273.085962728
2010-08-11,17977468.39129201
2010-08-12,17823466.110525183
2010-08-13,17848263.80392196
2010-08-16,17968605.993507497
2010-08-17,18091401.20654703
2010-08-18,18104559.397118248
2010-08-19,17877009.949140035
2010-08-20,17762421.122578915
2010-08-23,17719332.709909126
2010-08-24,17604153.95694796
2010-08-25,17588962.804219816
2010-08-26,17550298.424818415
2010-08-27,17609947.209398817
2010-08-30,17495354.618560217
2010-08-31,17572679.94253808
2010-09-01,17951606.40395793
2010-09-02,17869230.708656818
2010-09-03,17768073.46071195
2010-09-07,17907773.348916713
2010-09-08,17858960.979721796
2010-09-09,17719712.779251873
2010-09-10,17668168.833344176
2010-09-13,17752307.30968159
2010-09-14,17841252.316215713
2010-09-15,17779438.926209297
2010-09-16,17717231.376334816
2010-09-17,17757103.783059493
2010-09-20,17811427.794853665
2010-09-21,17976167.8502183
2010-09-22,18002645.56584266
2010-09-23,18027210.68862887
2010-09-24,17939761.23800339
2010-09-27,18075619.22972865
2010-09-28,18133724.91910026
2010-09-29,18091145.703725766
2010-09-30,18069563.16638593
2010-10-01,18078636.844565295
2010-10-04,17995494.746056747
2010-10-05,18358932.31734913
2010-10-06,18469509.484015685
2010-10-07,18464126.972115207
2010-10-08,18572675.419133246
2010-10-11,18606642.75829838
2010-10-12,18612025.624372993
2010-10-13,18754550.731607165
2010-10-14,18581471.541857913
2010-10-15,18542510.470345557
2010-10-18,18716729.20665391
2010-10-19,18531823.8359107
2010-10-20,18700021.084621806
2010-10-21,18643366.463030905
2010-10-22,18682537.15605666
2010-10-25,18731509.9415446
2010-10-26,18616585.022724755
2010-10-27,18459869.954542972
2010-10-28,18565556.650569998
2010-10-29,18658007.337784737
2010-11-01,18633999.319638886
2010-11-02,18840434.408898186
2010-11-03,18972358.785038527
2010-11-04,19478015.728671692
2010-11-05,19475871.770777207
2010-11-08,19444130.138528135
2010-11-09,19156066.482125774
2010-11-10,19298846.305659965
2010-11-11,19205957.545978926
2010-11-12,18832010.4074467
2010-11-15,18576435.191249426
2010-11-16,18414095.95654125
2010-11-17,18371543.26953054
2010-11-18,18602536.348899525
2010-11-19,18690514.742585756
2010-11-22,18769392.10214748
2010-11-23,18530878.98712023
2010-11-24,18600022.334229916
2010-11-26,18463299.71062548
2010-11-29,18558036.10708351
2010-11-30,18485912.6415878
2010-12-01,18631574.118415225
2010-12-02,18822085.814000882
2010-12-03,18873849.210523944
2010-12-06,18969848.04127083
2010-12-07,18671435.104922295
2010-12-08,18580202.99942341
2010-12-09,18690950.303331967
2010-12-10,18641085.891262352
2010-12-13,18711941.186068393
2010-12-14,18531109.471105676
2010-12-15,18369763.532747824
2010-12-16,18584342.406426854
2010-12-17,18760443.707838457
2010-12-20,18802102.77791083
2010-12-21,18956922.691900123
2010-12-22,18963595.496959403
2010-12-23,18872159.215368137
2010-12-27,18948913.276805
2010-12-28,18783902.327038288
2010-12-29,19002015.30073152
2010-12-30,18934709.210924085
2010-12-31,19029886.24027983
2011-01-03,19165479.268829152
2011-01-04,19197010.906841133
2011-01-05,19098183.0481239
2011-01-06,19154985.420906495
2011-01-07,19238416.080750242
2011-01-10,19275779.269545317
2011-01-11,19270314.885384545
2011-01-12,19387353.930267718
2011-01-13,19478031.58277202
2011-01-14,19564708.8427357
2011-01-18,19551953.762825973
2011-01-19,19409749.275748905
2011-01-20,19242470.9345051
2011-01-21,19345296.2083882
2011-01-24,19454441.312303472
2011-01-25,19555554.130130365
2011-01-26,19518572.731680345
2011-01-27,19633465.65546033
2011-01-28,19380217.06132196
2011-01-31,19450071.459237553
2011-02-01,19669430.001598053
2011-02-02,19588418.701913014
2011-02-03,19526088.203376655
2011-02-04,19466692.944918517
2011-02-07,19579154.43872467
2011-02-08,19540454.40970729
2011-02-09,19600813.88165536
2011-02-10,19547081.22571506
2011-02-11,19748040.689625602
2011-02-14,19800556.845323246
2011-02-15,19779635.650597405
2011-02-16,19877140.079358518
2011-02-17,20003582.597277187
2011-02-18,20040193.73793376
2011-02-22,19817036.16273988
2011-02-23,19642317.515072316
2011-02-24,19679389.77317096
2011-02-25,19949556.509451322
2011-02-28,20061534.811891012
2011-03-01,19754595.126628447
2011-03-02,19785741.164502572
2011-03-03,20119842.842187013
2011-03-04,19971450.666346665
2011-03-07,19817137.683300212
2011-03-08,19986959.897406995
2011-03-09,19958451.333293404
2011-03-10,19595459.508183166
2011-03-11,19728281.070088424
2011-03-14,19610986.052078813
2011-03-15,19390081.33781604
2011-03-16,19037461.40444276
2011-03-17,19284257.663869962
2011-03-18,19352700.347548604
2011-03-21,19645367.819881402
2011-03-22,19578391.287101734
2011-03-23,19632774.695044577
2011-03-24,19815907.452064693
2011-03-25,19874725.871090136
2011-03-28,19826982.732449498
2011-03-29,19956846.98461058
2011-03-30,20091140.942110006
2011-03-31,20064114.30987083
2011-04-01,20146606.382699
2011-04-04,20162499.34960119
2011-04-05,20159141.067064244
2011-04-06,20220912.870494023
2011-04-07,20170199.305898152
2011-04-08,20101723.41294766
2011-04-11,20042140.295259286
2011-04-12,19895228.08083763
2011-04-13,19893364.137365725
2011-04-14,19907781.840320125
2011-04-15,19978436.703208007
2011-04-18,19759010.134484723
2011-04-19,19869625.252899144
2011-04-20,20134167.26345099
2011-04-21,20234412.10967762
2011-04-25,20213296.35210076
2011-04-26,20383108.288194515
2011-04-27,20512954.709784284
2011-04-28,20577670.952134047
2011-04-29,20624632.939386
2011-05-02,20593153.63385376
2011-05-03,20564175.201504108
2011-05-04,20482428.265821777
2011-05-05,20402983.00893764
2011-05-06,20500240.757355183
2011-05-09,20606493.39106888
2011-05-10,20677182.452205744
2011-05-11,20538215.279682204
2011-05-12,20586962.04054317
2011-05-13,20512083.23783629
2011-05-16,20434777.38406403
2011-05-17,20490857.45254921
2011-05-18,20549105.25670786
2011-05-19,20617086.003049448
2011-05-20,20507173.648210026
2011-05-23,20304690.95913156
2011-05-24,20308897.246467028
2011-05-25,20371151.947870612
2011-05-26,20572855.7224766
2011-05-27,20645399.48048574
2011-05-31,20881785.835015543
2011-06-01,20599255.012010135
2011-06-02,20457435.332784694
2011-06-03,20342332.44640263
2011-06-06,20124788.629990503
2011-06-07,20149642.431697372
2011-06-08,20112603.348632492
2011-06-09,20175993.18612576
2011-06-10,19973401.12171451
2011-06-13,19943785.984186452
2011-06-14,20022478.357149974
2011-06-15,19900612.897664778
2011-06-16,19997234.050745983
2011-06-17,20038206.87318173
2011-06-20,20102634.06011006
2011-06-21,20333905.19118409
2011-06-22,20209374.00206792
2011-06-23,20259858.13772882
2011-06-24,20123016.222687177
2011-06-27,20211697.23975197
2011-06-28,20272530.226511862
2011-06-29,20314754.68043667
2011-06-30,20429219.899305478
2011-07-01,20666117.63327854
2011-07-05,20777355.90277259
2011-07-06,20836267.29432682
2011-07-07,20963040.87183386
2011-07-08,21036865.538693838
2011-07-11,20830922.871448677
2011-07-12,20774625.59054069
2011-07-13,20871880.62012805
2011-07-14,20621352.010518875
2011-07-15,20815933.491723325
2011-07-18,20642939.132838596
2011-07-19,21032165.818064548
2011-07-20,20921086.953444153
2011-07-21,21081029.859832812
2011-07-22,21170639.670515925
2011-07-25,20994568.05014679
2011-07-26,21005127.07864845
2011-07-27,20567115.56482916
2011-07-28,20549472.58987404
2011-07-29,20660989.87302181
2011-08-01,20651496.00883642
2011-08-02,20347592.474625982
2011-08-03,20463393.817378554
2011-08-04,19850240.744398024
2011-08-05,19591205.27232164
2011-08-08,18627019.80229304
2011-08-09,19584490.469517935
2011-08-10,18980556.73563225
2011-08-11,19531936.767837286
2011-08-12,19788734.29949729
2011-08-15,20127353.695543192
2011-08-16,20043469.522146586
2011-08-17,20184648.89387451
2011-08-18,19438486.917704552
2011-08-19,19152249.36516778
2011-08-22,19132885.63226415
2011-08-23,19663034.89035005
2011-08-24,19733152.546740502
2011-08-25,19552499.589478586
2011-08-26,19885719.679841477
2011-08-29,20309364.69252996
2011-08-30,20496042.58328999
2011-08-31,20513555.027503084
2011-09-01,20459626.535442743
2011-09-02,20627630.79718967
2011-09-06,20653111.914914478
2011-09-07,20549651.228465643
2011-09-08,20643975.34305266
2011-09-09,20737623.075543907
2011-09-12,20678730.670595024
2011-09-13,20621491.683655996
2011-09-14,20632172.344968226
2011-09-15,20487683.140159402
2011-09-16,20524637.13192702
2011-09-19,20682565.55379076
2011-09-20,20707914.12704841
2011-09-21,20790026.005958885
2011-09-22,20967857.1473782
2011-09-23,20810196.713127363
2011-09-26,20730022.642790128
2011-09-27,20601733.1642879
2011-09-28,20605055.029606618
2011-09-29,20604672.717917982
2011-09-30,20726164.976912808
2011-10-03,20903696.07169693
2011-10-04,20805887.217100665
2011-10-05,20725662.87384321
2011-10-06,20591520.85295257
2011-10-07,20491019.875600647
2011-10-10,20286617.07792696
2011-10-11,20350539.050450284
2011-10-12,20283915.104921892
2011-10-13,20361631.122590497
2011-10-14,20264712.498968218
2011-10-17,20392226.253016345
2011-10-18,20371065.256218076
2011-10-19,20400955.133510195
2011-10-20,20360911.975572657
2011-10-21,20324545.05257478
2011-10-24,20314650.960294086
2011-10-25,20481729.740562275
2011-10-26,20338740.65526589
2011-10-27,20102894.747141257
2011-10-28,20220865.36732598
2011-10-31,20483668.12434242
2011-11-01,20716649.669244383
2011-11-02,20670112.47996973
2011-11-03,20578956.46765118
2011-11-04,20636442.74552691
2011-11-07,20658366.890624233
2011-11-08,20570820.365400046
2011-11-09,20742330.44042312
2011-11-10,20647969.224826116
2011-11-11,20558516.59584622
2011-11-14,20679299.442003
2011-11-15,20652984.512719203
2011-11-16,20723172.546267852
2011-11-17,20761548.574353848
2011-11-18,20689511.858195372
2011-11-21,20742738.74615145
2011-11-22,20801226.99109197
2011-11-23,20866798.04448707
2011-11-25,20730732.66045244
2011-11-28,20732328.57961197
2011-11-29,20691847.837256357
2011-11-30,20568789.816680495
2011-12-01,20562259.7951708
2011-12-02,20655594.7169866
2011-12-05,20643025.064671945
2011-12-06,20587988.006533813
2011-12-07,20683102.42944834
2011-12-08,20789605.40196739
2011-12-09,20644888.44060505
2011-12-12,20717398.38826711
2011-12-13,20813690.928143695
2011-12-14,20901213.459425624
2011-12-15,20882921.05896479
2011-12-16,20983886.836990844
2011-12-19,21054482.479508486
2011-12-20,20865757.932336114
2011-12-21,20797621.25226992
2011-12-22,20823237.95885189
2011-12-23,20736867.30208378
2011-12-27,20748355.35343508
2011-12-28,20880893.591108665
2011-12-29,20906375.576245666
2011-12-30,20979524.887223195
2012-01-03,20846510.386486337
2012-01-04,20780092.07157081
2012-01-05,20783681.24809622
2012-01-06,20865721.074656185
2012-01-09,20869300.855025813
2012-01-10,20826908.17638712
2012-01-11,20948785.11372266
2012-01-12,20904670.84354463
2012-01-13,20997827.912366807
2012-01-17,21017207.369375233
2012-01-18,20951655.305554535
2012-01-19,20826208.684564013
2012-01-20,20753593.36530219
2012-01-23,20706789.29207319
2012-01-24,20730659.02393598
2012-01-25,20831343.532304697
2012-01-26,20943212.860841736
2012-01-27,21006457.7381767
2012-01-30,21077322.65932397
2012-01-31,21155635.134061646
2012-02-01,21082888.820719447
2012-02-02,21134406.858126305
2012-02-03,21264035.503175844
2012-02-06,21306624.891552836
2012-02-07,21224844.642730847
2012-02-08,21297566.49258538
2012-02-09,21275577.895822678
2012-02-10,21236225.44360264
2012-02-13,21378339.89897509
2012-02-14,21394652.636582494
2012-02-15,21310696.68216609
2012-02-16,21448416.760816492
2012-02-17,21482029.743221156
2012-02-21,21414374.64936061
2012-02-22,21427031.953248583
2012-02-23,21550353.959593754
2012-02-24,21608313.525653075
2012-02-27,21715268.33586461
2012-02-28,21787350.058722645
2012-02-29,21615954.094192654
2012-03-01,21656599.80042634
2012-03-02,21676601.477014355
2012-03-05,21544567.70855222
2012-03-06,21320307.05284647
2012-03-07,21426449.162533436
2012-03-08,21574697.617647536
2012-03-09,21640673.59491624
2012-03-12,21635208.683092978
2012-03-13,21870670.36619801
2012-03-14,21600469.594393924
2012-03-15,21717776.760972586
2012-03-16,21740571.833895013
2012-03-19,21692146.451437473
2012-03-20,21638658.97829716
2012-03-21,21712393.90371259
2012-03-22,21583215.094597246
2012-03-23,21731197.2695328
2012-03-26,22007128.497001328
2012-03-27,22057315.82410662
2012-03-28,21911360.660837907
2012-03-29,21962632.34059586
2012-03-30,21945901.75381114
2012-04-02,22154998.71146518
2012-04-03,21907101.2122586
2012-04-04,21799682.27768496
2012-04-05,21883750.300058026
2012-04-09,21860094.12279063
2012-04-10,21601485.30672957
2012-04-11,21687255.479940794
2012-04-12,21919381.918140143
2012-04-13,21792687.04029514
2012-04-16,21771869.02257069
2012-04-17,22061389.729017034
2012-04-18,22030573.952109654
2012-04-19,21916801.220110763
2012-04-20,21953331.48236313
2012-04-23,21816008.575849332
2012-04-24,21841062.928799625
2012-04-25,22103491.3199473
2012-04-26,22322563.69117167
2012-04-27,22379150.93013263
2012-04-30,22316169.58184424
2012-05-01,22410760.53376199
2012-05-02,22385365.208476223
2012-05-03,22217663.896631576
2012-05-04,21954480.230284672
2012-05-07,21962995.90503268
2012-05-08,21925227.05922797
2012-05-09,21817454.192866467
2012-05-10,21829910.839712597
2012-05-11,21835423.357002363
2012-05-14,21696371.745626103
2012-05-15,21582775.64414268
2012-05-16,21519005.838036735
2012-05-17,21293012.36767942
2012-05-18,21106050.39088317
2012-05-21,21394087.06518531
2012-05-22,21383666.012931745
2012-05-23,21448519.134232305
2012-05-24,21442745.400379147
2012-05-25,21433603.891821828
2012-05-29,21661093.793278724
2012-05-30,21565733.310136285
2012-05-31,21603057.049157728
2012-06-01,21275329.900519133
2012-06-04,21143245.821471173
2012-06-05,21221448.832075287
2012-06-06,21527753.12476777
2012-06-07,21590801.427359845
2012-06-08,21767439.749297705
2012-06-11,21563657.0202377
2012-06-12,21681159.854522374
2012-06-13,21662520.808867175
2012-06-14,21820102.45747382
2012-06-15,22128268.972483672
2012-06-18,22161517.26268766
2012-06-19,22288148.05254904
2012-06-20,22209899.74948088
2012-06-21,21786374.921234734
2012-06-22,21849747.336058088
2012-06-25,21636644.5177899
2012-06-26,21690041.876755435
2012-06-27,21902094.805330124
2012-06-28,21911856.19500958
2012-06-29,22322449.229526475
2012-07-02,22483852.776246283
2012-07-03,22568399.22488156
2012-07-05,22529357.359854512
2012-07-06,22403063.599019583
2012-07-09,22434704.114890557
2012-07-10,22261810.27857929
2012-07-11,22244519.79016483
2012-07-12,22192254.538733106
2012-07-13,22518833.01123441
2012-07-16,22515314.174539637
2012-07-17,22603358.620790526
2012-07-18,22779384.89188194
2012-07-19,22802820.27610564
2012-07-20,22691660.179707415
2012-07-23,22513071.897456005
2012-07-24,22374063.21000197
2012-07-25,22389327.84514572
2012-07-26,22663403.34973896
2012-07-27,22896560.095817808
2012-07-30,22964107.991374895
2012-07-31,22850767.547135737
2012-08-01,22754020.645968985
2012-08-02,22657659.219950445
2012-08-03,22963169.936548933
2012-08-06,23017580.979194142
2012-08-07,23012586.928241722
2012-08-08,23008117.522647247
2012-08-09,23009780.6693295
2012-08-10,23105865.77585839
2012-08-13,23080295.73241757
2012-08-14,22977549.15255196
2012-08-15,22893453.954712898
2012-08-16,23000316.58572971
2012-08-17,23054942.179941848
2012-08-20,23067630.910124764
2012-08-21,23018600.880841836
2012-08-22,23194025.901932053
2012-08-23,23052224.06545613
2012-08-24,23172283.24114576
2012-08-27,23231503.751778454
2012-08-28,23212155.33009247
2012-08-29,23213055.01093008
2012-08-30,23098048.099600147
2012-08-31,23350482.518781263
2012-09-04,23276477.160845727
2012-09-05,23248468.848715838
2012-09-06,23529764.602909684
2012-09-07,23645257.72323806
2012-09-10,23528770.457562916
2012-09-11,23546241.8186735
2012-09-12,23504510.929119512
2012-09-13,23909951.153530523
2012-09-14,23789563.173230845
2012-09-17,23760157.56070394
2012-09-18,23800050.85176932
2012-09-19,23866164.471064027
2012-09-20,23879791.66858246
2012-09-21,23919538.64544
2012-09-24,23936841.824530628
2012-09-25,23783821.35116461
2012-09-26,23755032.094254304
2012-09-27,23912735.396193914
2012-09-28,23808566.335676868
2012-10-01,23909300.12675857
2012-10-02,23916419.559474114
2012-10-03,24029876.155656327
2012-10-04,24096963.035965845
2012-10-05,23991833.939068526
2012-10-08,23989831.8916878
2012-10-09,23719461.731266297
2012-10-10,23633131.27401084
2012-10-11,23666092.580101773
2012-10-12,23594888.72576717
2012-10-15,23783601.735724982
2012-10-16,23897527.380045924
2012-10-17,23850498.091238882
2012-10-18,23749281.789889235
2012-10-19,23473130.409244232
2012-10-22,23396579.60173792
2012-10-23,23201125.059861872
2012-10-24,23088367.39603339
2012-10-25,23065213.14762631
2012-10-26,23201591.57331781
2012-10-31,23296483.083856534
2012-11-01,23476866.769252367
2012-11-02,23299866.91470642
2012-11-05,23400023.66734968
2012-11-06,23463957.833140865
2012-11-07,23160230.47950141
2012-11-08,23003784.801030517
2012-11-09,23023455.572053034
2012-11-12,23054352.49124134
2012-11-13,23007189.34089727
2012-11-14,22726160.780361693
2012-11-15,22679158.304885503
2012-11-16,22796313.077893127
2012-11-19,23173623.339751873
2012-11-20,23085898.257376153
2012-11-21,23090606.230188012
2012-11-23,23369304.096516047
2012-11-26,23360942.337241895
2012-11-27,23298429.576823775
2012-11-28,23501576.647796657
2012-11-29,23625845.437047027
2012-11-30,23625220.50179958
2012-12-03,23507226.30909234
2012-12-04,23516223.67714101
2012-12-05,23573018.98122949
2012-12-06,23658792.69350788
2012-12-07,23657816.611299798
2012-12-10,23687566.49069546
2012-12-11,23790925.168680467
2012-12-12,23701751.354666222
2012-12-13,23519758.943551045
2012-12-14,23489383.70950664
2012-12-17,23622105.906602524
2012-12-18,23775761.69878988
2012-12-19,23641481.427814625
2012-12-20,23783711.117777687
2012-12-21,23643475.501360413
2012-12-24,23550747.21380997
2012-12-26,23505775.041228317
2012-12-27,23523569.196536973
2012-12-28,23341438.43130577
2012-12-31,23583368.708128635
2013-01-02,24037367.734471858
2013-01-03,23864289.32265596
2013-01-04,23972960.982599825
2013-01-07,23923746.09868192
2013-01-08,23915826.6483893
2013-01-09,23985125.026139185
2013-01-10,24094276.039226975
2013-01-11,24167225.686155763
2013-01-14,24142016.042171452
2013-01-15,24213897.12336186
2013-01-16,24240670.849219043
2013-01-17,24278305.01565544
2013-01-18,24394545.649633758
2013-01-22,24536562.20289768
2013-01-23,24583558.268507537
2013-01-24,24549114.59034494
2013-01-25,24520801.42756165
2013-01-28,24442984.3015252
2013-01-29,24497023.283595625
2013-01-30,24418638.227076087
2013-01-31,24380861.066115793
2013-02-01,24536218.189072456
2013-02-04,24262286.629381713
2013-02-05,24494365.27725995
2013-02-06,24510853.18752253
2013-02-07,24479590.367711466
2013-02-08,24608498.74377335
2013-02-11,24603411.47628584
2013-02-12,24641446.866779543
2013-02-13,24661012.084579445
2013-02-14,24682119.00945498
2013-02-15,24653931.52301847
2013-02-19,24829028.367243227
2013-02-20,24534439.69825832
2013-02-21,24392287.398274615
2013-02-22,24618226.556999765
2013-02-25,24170377.785757974
2013-02-26,24326994.370885067
2013-02-27,24617607.9549371
2013-02-28,24570955.1512373
2013-03-01,24647485.193107057
2013-03-04,24701454.161256507
2013-03-05,24886063.741535705
2013-03-06,24838827.432682954
2013-03-07,24785696.922710586
2013-03-08,24760083.70964648
2013-03-11,24861657.58449146
2013-03-12,24875041.7535551
2013-03-13,24886741.599655554
2013-03-14,25020547.36535588
2013-03-15,25074475.218535893
2013-03-18,25022748.329984024
2013-03-19,25042906.982091974
2013-03-20,25113476.28181441
2013-03-21,24972671.091817807
2013-03-22,25171873.232719738
2013-03-25,25089233.613289215
2013-03-26,25304597.408836745
2013-03-27,25409714.293740377
2013-03-28,25436781.43342119
2013-04-01,25405773.483762685
2013-04-02,25475192.438913673
2013-04-03,25332764.846224084
2013-04-04,25526969.92673801
2013-04-05,25495331.847173307
2013-04-08,25577052.507631686
2013-04-09,25668240.51575915
2013-04-10,25860819.549823
2013-04-11,25967279.862292543
2013-04-12,26042999.07582321
2013-04-15,25529482.711868256
2013-04-16,25811343.74741092
2013-04-17,25501335.51520974
2013-04-18,25364509.26838895
2013-04-19,25556339.678019732
2013-04-22,25675128.22310235
2013-04-23,25906279.079278566
2013-04-24,25931939.63970456
2013-04-25,26002434.321636584
2013-04-26,26046346.206417285
2013-04-29,26199579.082058314
2013-04-30,26252590.9279246
2013-05-01,26115789.236788675
2013-05-02,26341157.89650145
2013-05-03,26381597.39337738
2013-05-06,26411944.25734649
2013-05-07,26503089.279912606
2013-05-08,26645668.6120923
2013-05-09,26569249.566537324
2013-05-10,26510977.932170432
2013-05-13,26486229.711053554
2013-05-14,26646283.51401848
2013-05-15,26847269.546959065
2013-05-16,26844052.320920408
2013-05-17,26956441.703689896
2013-05-20,26935311.06860593
2013-05-21,27036166.70139993
2013-05-22,26647851.676842183
2013-05-23,26598608.523463175
2013-05-24,26585332.74599337
2013-05-28,26417960.365324456
2013-05-29,26360135.457947154
2013-05-30,26455540.087349553
2013-05-31,26014403.922598414
2013-06-03,26190673.806085844
2013-06-04,26055202.988795124
2013-06-05,25702057.797765322
2013-06-06,25926404.271142446
2013-06-07,26244689.701248173
2013-06-10,26244187.86249637
2013-06-11,25981892.56745373
2013-06-12,25773494.237249732
2013-06-13,26151834.451486416
2013-06-14,25992714.095598057
2013-06-17,26186246.848921806
2013-06-18,26385959.22351167
2013-06-19,26032783.942894164
2013-06-20,25408588.144658446
2013-06-21,25486910.697637223
2013-06-24,25176889.797153167
2013-06-25,25408952.65397043
2013-06-26,25650248.87538237
2013-06-27,25794521.84414464
2013-06-28,25692379.859649807
2013-07-01,25836665.904702965
2013-07-02,25813068.12586737
2013-07-03,25823349.513107657
2013-07-05,26090834.228603892
2013-07-08,26233547.812625326
2013-07-09,26414777.84384754
2013-07-10,26423508.415308885
2013-07-11,26769497.247690264
2013-07-12,26779770.92692847
2013-07-15,26877832.223534025
2013-07-16,26780286.513936076
2013-07-17,26845999.11227379
2013-07-18,26987173.105480764
2013-07-19,27032846.659948606
2013-07-22,27083167.26510192
2013-07-23,27027198.878863238
2013-07-24,26931206.120161112
2013-07-25,26993832.51506458
2013-07-26,27021041.67055696
2013-07-29,26940442.224701677
2013-07-30,26939928.640011437
2013-07-31,26957911.506827664
2013-08-01,27257683.417509343
2013-08-02,27301825.16809799
2013-08-05,27262796.859505497
2013-08-06,27112895.678390026
2013-08-07,27027682.689808905
2013-08-08,27122650.638604585
2013-08-09,27046676.88682605
2013-08-12,27015360.824896723
2013-08-13,27091841.697180867
2013-08-14,26957340.369586058
2013-08-15,26593388.30902637
2013-08-16,26508185.546952907
2013-08-19,26344442.335313115
2013-08-20,26468677.181634724
2013-08-21,26311096.50398896
2013-08-22,26541595.353328623
2013-08-23,26627335.543614097
2013-08-26,26531342.110637747
2013-08-27,26117103.59346756
2013-08-28,26205928.99069348
2013-08-29,26245460.598329633
2013-08-30,26164882.08103712
2013-09-03,26278341.683435895
2013-09-04,26487276.122227512
2013-09-05,26519106.988662545
2013-09-06,26530931.623358615
2013-09-09,26775286.135744516
2013-09-10,26965731.7754354
2013-09-11,27046833.009684492
2013-09-12,26977018.55120562
2013-09-13,27035024.973026343
2013-09-16,27185430.80786759
2013-09-17,27301946.539319634
2013-09-18,27606337.268616304
2013-09-19,27561158.932450134
2013-09-20,27374614.955517523
2013-09-23,27252438.264308184
2013-09-24,27190319.17322607
2013-09-25,27114335.01318808
2013-09-26,27213926.99280405
2013-09-27,27093293.195170052
2013-09-30,26954164.66967089
2013-10-01,27158473.75419422
2013-10-02,27133321.55402753
2013-10-03,26892567.731523294
2013-10-04,27087645.84746247
2013-10-07,26862269.847179294
2013-10-08,26561475.6838675
2013-10-09,26579451.81959161
2013-10-10,27128735.263511453
2013-10-11,27296066.475252904
2013-10-14,27400278.59609779
2013-10-15,27208792.436042927
2013-10-16,27573269.27103037
2013-10-17,27749843.326317247
2013-10-18,27929492.90266697
2013-10-21,27930498.55829921
2013-10-22,28085511.84890297
2013-10-23,27955617.215928927
2013-10-24,28044406.723523133
2013-10-25,28167074.684013657
2013-10-28,28209656.928171016
2013-10-29,28353883.59237275
2013-10-30,28217813.03247139
2013-10-31,28140283.89120316
2013-11-01,28204425.707895737
2013-11-04,28299364.12491613
2013-11-05,28212595.388779674
2013-11-06,28350660.524378873
2013-11-07,28005155.53327323
2013-11-08,28368069.013481095
2013-11-11,28372146.515067838
2013-11-12,28316166.261930577
2013-11-13,28534310.94141291
2013-11-14,28670831.1746364
2013-11-15,28790414.60219561
2013-11-18,28692836.3446255
2013-11-19,28632242.1498225
2013-11-20,28545453.412712988
2013-11-21,28766657.869575214
2013-11-22,28904718.603623416
2013-11-25,28873667.014459554
2013-11-26,28880813.74018574
2013-11-27,28948021.31780439
2013-11-29,28928987.853045132
2013-12-02,28856063.88541332
2013-12-03,28735398.598155603
2013-12-04,28731766.585331757
2013-12-05,28609566.925023858
2013-12-06,28917017.523927964
2013-12-09,28987309.58174137
2013-12-10,28886652.6727605
2013-12-11,28573483.340924304
2013-12-12,28482078.78735085
2013-12-13,28478466.711534068
2013-12-16,28648870.0269163
2013-12-17,28560549.267152254
2013-12-18,29029689.768347945
2013-12-19,28996805.72116081
2013-12-20,29158838.10434977
2013-12-23,29307660.232470676
2013-12-24,29368701.665215865
2013-12-26,29511367.903145723
2013-12-27,29509275.11955929
2013-12-30,29504096.33778882
2013-12-31,29637513.34561585
2014-01-02,29364363.83527193
2014-01-03,29359199.49010748
2014-01-06,29277017.018897876
2014-01-07,29448951.538726673
2014-01-08,29454550.82413293
2014-01-09,29472479.122031372
2014-01-10,29548897.006212793
2014-01-13,29171039.70209792
2014-01-14,29475411.59750822
2014-01-15,29627320.626677603
2014-01-16,29589792.65675823
2014-01-17,29469122.957074374
2014-01-21,29551706.61564616
2014-01-22,29569632.895102296
2014-01-23,29336529.00534158
2014-01-24,28735380.28507702
2014-01-27,28599306.071560465
2014-01-28,28762007.853234816
2014-01-29,28496580.438312612
2014-01-30,28785566.351883836
2014-01-31,28623319.35565405
2014-02-03,28005238.265374616
2014-02-04,28192579.50512992
2014-02-05,28158170.172776576
2014-02-06,28513381.244575538
2014-02-07,28851638.632762782
2014-02-10,28901913.73739815
2014-02-11,29204751.014395043
2014-02-12,29218049.623105027
2014-02-13,29362245.096449174
2014-02-14,29517238.370877445
2014-02-18,29550560.925414562
2014-02-19,29362124.322188985
2014-02-20,29527882.26809998
2014-02-21,29494976.787148394
2014-02-24,29651508.848596293
2014-02-25,29637300.362234253
2014-02-26,29638283.81306722
2014-02-27,29787109.006718446
2014-02-28,29858917.280424763
2014-03-03,29656618.68354973
2014-03-04,29813006.819752134
2014-03-05,29870099.6669999
2014-03-06,29806660.37194724
2014-03-07,29688490.81686983
2014-03-10,29704423.160586894
2014-03-11,29589499.43718338
2014-03-12,29713931.979788788
2014-03-13,29565204.624075882
2014-03-14,29486810.415026955
2014-03-17,29623777.823320143
2014-03-18,29900403.97766201
2014-03-19,29468615.257109273
2014-03-20,29641135.738625128
2014-03-21,29583890.801776633
2014-03-24,29475840.594433356
2014-03-25,29592519.679397862
2014-03-26,29511476.27646888
2014-03-27,29479457.26769609
2014-03-28,29513314.337885223
2014-03-31,29749119.086795952
2014-04-01,29877099.303271875
2014-04-02,29958713.924556937
2014-04-03,29919650.78026506
2014-04-04,29575643.58219382
2014-04-07,29257834.128591564
2014-04-08,29374311.55140137
2014-04-09,29680208.68954427
2014-04-10,29074425.82463714
2014-04-11,28819750.857666306
2014-04-14,29039433.551423583
2014-04-15,29232914.936479297
2014-04-16,29529562.67804873
2014-04-17,29569041.020631988
2014-04-21,29668576.400940903
2014-04-22,29798903.409906924
2014-04-23,29730559.5572325
2014-04-24,29788514.19503635
2014-04-25,29550772.194224715
2014-04-28,29641087.276606143
2014-04-29,29774475.315374896
2014-04-30,29860151.241250113
2014-05-01,29862652.229002133
2014-05-02,29848683.701628074
2014-05-05,29885503.345197976
2014-05-06,29666693.19618426
2014-05-07,29858156.790144052
2014-05-08,29858109.914891653
2014-05-09,29876841.391185332
2014-05-12,30078987.671203427
2014-05-13,30220706.124396894
2014-05-14,30217237.022521805
2014-05-15,30066853.16569343
2014-05-16,30102813.14848029
2014-05-19,30170550.457957998
2014-05-20,30072418.576663736
2014-05-21,30268645.677749544
2014-05-22,30306711.811251666
2014-05-23,30483002.493670583
2014-05-27,30664474.110762414
2014-05-28,30809044.675676644
2014-05-29,30922469.86965316
2014-05-30,30945668.792960923
2014-06-02,30839349.25296939
2014-06-03,30669444.300150793
2014-06-04,30704513.98889763
2014-06-05,30941927.957750645
2014-06-06,31060147.056032088
2014-06-09,31045143.09153788
2014-06-10,30993347.596855503
2014-06-11,30929195.03883479
2014-06-12,30834780.2425698
2014-06-13,30865144.19091387
2014-06-16,30888541.287284143
2014-06-17,30842655.338293996
2014-06-18,31223231.797008887
2014-06-19,31178666.912299428
2014-06-20,31274642.931175612
2014-06-23,31243333.237957418
2014-06-24,31185468.474516366
2014-06-25,31349346.163668584
2014-06-26,31406331.434747785
2014-06-27,31463613.684000142
2014-06-30,31470503.78107418
2014-07-01,31571496.457516328
2014-07-02,31476680.251472592
2014-07-03,31562208.190452922
2014-07-07,31529464.136455696
2014-07-08,31472669.548917152
2014-07-09,31612850.92584566
2014-07-10,31556551.08253742
2014-07-11,31646998.22038401
2014-07-14,31730625.46765156
2014-07-15,31645867.936746374
2014-07-16,31801356.427338723
2014-07-17,31630467.977607623
2014-07-18,31875944.015298456
2014-07-21,31826511.997336335
2014-07-22,31995766.332679227
2014-07-23,32059362.790935062
2014-07-24,31936939.794549063
2014-07-25,31910063.75971537
2014-07-28,31886038.091471646
2014-07-29,31794940.687288594
2014-07-30,31585094.708363786
2014-07-31,30975923.503451098
2014-08-01,31063437.50090932
2014-08-04,31293894.704349976
2014-08-05,31017808.724325992
2014-08-06,31052213.14597285
2014-08-07,31028410.933090776
2014-08-08,31341395.198142186
2014-08-11,31411853.359848596
2014-08-12,31325355.310788568
2014-08-13,31625083.55648363
2014-08-14,31826512.9916756
2014-08-15,31940671.98248441
2014-08-18,32097171.806158982
2014-08-19,32222751.901419446
2014-08-20,32213384.7639477
2014-08-21,32365449.18544871
2014-08-22,32319380.461884372
2014-08-25,32496818.689557966
2014-08-26,32501953.338980123
2014-08-27,32578614.649208363
2014-08-28,32603811.51414817
2014-08-29,32693396.353792455
2014-09-02,32469327.554034565
2014-09-03,32498059.960424718
2014-09-04,32336501.818577323
2014-09-05,32483215.554712586
2014-09-08,32367278.081680674
2014-09-09,32094832.54770443
2014-09-10,32126909.91378705
2014-09-11,32119794.07368202
2014-09-12,31814382.43476377
2014-09-15,31850848.063847113
2014-09-16,32070986.098618068
2014-09-17,32028217.7877585
2014-09-18,32169249.07250211
2014-09-19,32265132.129850857
2014-09-22,32095353.619544536
2014-09-23,31988504.790922277
2014-09-24,32134023.055854917
2014-09-25,31796011.472749654
2014-09-26,31965482.421581343
2014-09-29,32013363.44303598
2014-09-30,31903625.597367477
2014-10-01,31766215.232497443
2014-10-02,31672772.24045904
2014-10-03,31991651.97070728
2014-10-06,32008311.60276222
2014-10-07,31731351.940623704
2014-10-08,32365335.45753696
2014-10-09,31707860.77394695
2014-10-10,31494625.64136591
2014-10-13,31180489.040573854
2014-10-14,31288141.116238218
2014-10-15,31273625.98818598
2014-10-16,31160383.966476217
2014-10-17,31404229.15425998
2014-10-20,31730414.10804698
2014-10-21,32221819.113959417
2014-10-22,31998917.874996293
2014-10-23,32208467.24505585
2014-10-24,32465850.841155156
2014-10-27,32456701.311809834
2014-10-28,32722400.62297015
2014-10-29,32567406.67463411
2014-10-30,32795715.025342435
2014-10-31,33093182.201530382
2014-11-03,33096771.733218417
2014-11-04,32984559.46876446
2014-11-05,33188144.071249004
2014-11-06,33212441.371706385
2014-11-07,33448944.062606502
2014-11-10,33413701.646748878
2014-11-11,33446299.649818156
2014-11-12,33398712.040729426
2014-11-13,33485599.964543115
2014-11-14,33560101.582261644
2014-11-17,33541806.465108216
2014-11-18,33759317.56153225
2014-11-19,33620856.04019253
2014-11-20,33733879.2441803
2014-11-21,33966874.76280296
2014-11-24,34086329.26640741
2014-11-25,34145769.395314485
2014-11-26,34283908.478165455
2014-11-28,34346146.15431058
2014-12-01,34040179.14735539
2014-12-02,34093239.67402596
2014-12-03,34228018.67812549
2014-12-04,34310603.73200371
2014-12-05,34172361.67125391
2014-12-08,34070205.11839173
2014-12-09,34172731.12089885
2014-12-10,33815170.097266324
2014-12-11,33915261.96518435
2014-12-12,33682807.079929516
2014-12-15,33346320.307751503
2014-12-16,33269177.894452184
2014-12-17,33633388.87329203
2014-12-18,34210426.97819831
2014-12-19,34469307.94218765
2014-12-22,34614239.859253086
2014-12-23,34376282.04275975
2014-12-24,34402557.38253259
2014-12-26,34549548.4009663
2014-12-29,34707145.579262674
2014-12-30,34571687.9195951
2014-12-31,34291438.06485027
2015-01-02,34445200.14313433
2015-01-05,34078048.55203692
2015-01-06,34009467.76113095
2015-01-07,34385443.52122657
2015-01-08,34800691.43770709
2015-01-09,34710697.07879905
2015-01-12,34580681.13254824
2015-01-13,34522368.30236097
2015-01-14,34486787.543077275
2015-01-15,34451862.58027844
2015-01-16,34654156.31940315
2015-01-20,34802590.05004581
2015-01-21,34818328.34842736
2015-01-22,35252322.11276582
2015-01-23,35275053.95396822
2015-01-26,35280112.6945566
2015-01-27,34859637.572488345
2015-01-28,34667836.87913229
2015-01-29,34866606.66448335
2015-01-30,34719539.69532819
2015-02-02,35100574.20550114
2015-02-03,35322060.88662695
2015-02-04,35241493.247936435
2015-02-05,35472254.188709095
2015-02-06,35001847.19057161
2015-02-09,34827208.556010775
2015-02-10,35116057.91240981
2015-02-11,35122798.00065135
2015-02-12,35475154.23240996
2015-02-13,35509211.00382101
2015-02-17,35326772.221717566
2015-02-18,35490387.12293067
2015-02-19,35378400.17137365
2015-02-20,35574158.40862335
2015-02-23,35722492.770241395
2015-02-24,36050767.59554823
2015-02-25,36051851.73879608
2015-02-26,35797597.46739834
2015-02-27,35800698.22883594
2015-03-02,35759222.26638283
2015-03-03,35534150.72768744
2015-03-04,35409658.14670577
2015-03-05,35466840.68647523
2015-03-06,34605381.381303884
2015-03-09,34906723.370761074
2015-03-10,34488815.141267166
2015-03-11,34468756.157814026
2015-03-12,34932468.988792606
2015-03-13,34668196.43489429
2015-03-16,35243841.59089986
2015-03-17,35209665.27382329
2015-03-18,36017102.84090814
2015-03-19,35695973.92278994
2015-03-20,36141411.71517692
2015-03-23,36115653.65051367
2015-03-24,36021134.85546771
2015-03-25,35363784.94691915
2015-03-26,35089440.43826465
2015-03-27,35299358.350855894
2015-03-30,35712707.95137601
2015-03-31,35496408.247252144
2015-04-01,35535254.07309567
2015-04-02,35560503.25614164
2015-04-06,35834397.10268543
2015-04-07,35769586.504465275
2015-04-08,35853531.15372878
2015-04-09,35867649.724207476
2015-04-10,36046617.50475272
2015-04-13,35956323.34498555
2015-04-14,36121952.93446906
2015-04-15,36295826.20453994
2015-04-16,36309415.9600593
2015-04-17,35973730.31285285
2015-04-20,36226529.945455
2015-04-21,36111759.35224128
2015-04-22,36084754.60693205
2015-04-23,36275786.95593303
2015-04-24,36475410.006630816
2015-04-27,36274336.25141078
2015-04-28,36227778.38689015
2015-04-29,35955228.4445923
2015-04-30,35592963.65974583
2015-05-01,35780987.05955792
2015-05-04,35808810.12340843
2015-05-05,35346411.416164584
2015-05-06,35033534.83500187
2015-05-07,35317144.057251155
2015-05-08,35906324.82708257
2015-05-11,35398583.12030828
2015-05-12,35318437.96743674
2015-05-13,35277894.05787386
2015-05-14,35758954.7934441
2015-05-15,36043239.88365666
2015-05-18,35920075.81549062
2015-05-19,35754082.10433783
2015-05-20,35802984.39736758
2015-05-21,36110571.54003882
2015-05-22,35946607.544006765
2015-05-26,35779506.89825876
2015-05-27,36090933.9807027
2015-05-28,36083117.383858
2015-05-29,35882043.551060416
2015-06-01,35794175.095541105
2015-06-02,35507567.309644505
2015-06-03,35296427.59010861
2015-06-04,35168751.79812791
2015-06-05,34853231.218481384
2015-06-08,34687439.58854563
2015-06-09,34568374.80613773
2015-06-10,34847979.33630343
2015-06-11,35233232.75171071
2015-06-12,34943938.100389086
2015-06-15,34876089.73047406
2015-06-16,35194867.64916791
2015-06-17,35269381.88586138
2015-06-18,35604301.17705771
2015-06-19,35629930.46268801
2015-06-22,35518722.370278694
2015-06-23,35436954.9116404
2015-06-24,35283170.505470395
2015-06-25,35090317.69555246
2015-06-26,34917259.75419891
2015-06-29,34590832.94428224
2015-06-30,34565880.58880784
2015-07-01,34657565.947166525
2015-07-02,34608350.27518261
2015-07-06,34510004.90905703
2015-07-07,34724486.57890622
2015-07-08,34146204.57251084
2015-07-09,34206766.19948747
2015-07-10,34633091.17012998
2015-07-13,35011408.21205365
2015-07-14,35161308.893987715
2015-07-15,35149046.78755262
2015-07-16,35428046.9833631
2015-07-17,35457139.74163919
2015-07-20,35474652.41634796
2015-07-21,35334929.74707891
2015-07-22,35271348.19194357
2015-07-23,35073692.11731588
2015-07-24,34712226.178936265
2015-07-27,34511285.895465724
2015-07-28,34930974.743541405
2015-07-29,35168610.51109887
2015-07-30,35176200.294933386
2015-07-31,35122541.993641816
2015-08-03,35004350.299709156
2015-08-04,34737007.069018364
2015-08-05,34715276.51153766
2015-08-06,34551496.04726982
2015-08-07,34621199.21692192
2015-08-10,34909220.40883088
2015-08-11,34822928.40439396
2015-08-12,34849766.14850196
2015-08-13,34714879.062787846
2015-08-14,34803070.922724
2015-08-17,35056404.7257184
2015-08-18,34899214.209251
2015-08-19,34835262.59024102
2015-08-20,34209471.02064348
2015-08-21,33332847.422713425
2015-08-24,32012252.211188003
2015-08-25,31467299.135268126
2015-08-26,32452216.5048118
2015-08-27,33226763.298316434
2015-08-28,33233009.458733987
2015-08-31,32912667.41720341
2015-09-01,32079720.703446656
2015-09-02,31977554.530508697
2015-09-03,32054102.69695884
2015-09-04,32151054.13511412
2015-09-08,32012242.776076112
2015-09-09,32023468.280096512
2015-09-10,31951696.198164698
2015-09-11,32034341.754098553
2015-09-14,32063329.9948839
2015-09-15,31814393.106730964
2015-09-16,31804779.599824768
2015-09-17,32068005.273896903
2015-09-18,32215389.517878585
2015-09-21,32035762.20893141
2015-09-22,32192100.534659375
2015-09-23,32156216.78427995
2015-09-24,32202711.46359988
2015-09-25,32119888.582142692
2015-09-28,32299163.617620368
2015-09-29,32406682.853179745
2015-09-30,32411855.57950186
2015-10-01,32435664.480248347
2015-10-02,32586200.911340762
2015-10-05,32412553.54817948
2015-10-06,32475988.38684287
2015-10-07,32397009.147546925
2015-10-08,32314752.70389713
2015-10-09,32331707.51730743
2015-10-12,32436437.676338933
2015-10-13,32464982.04345003
2015-10-14,32635758.259137493
2015-10-15,32528590.933524415
2015-10-16,32501916.493570607
2015-10-19,32486793.166163452
2015-10-20,32378885.632483665
2015-10-21,32486136.181377485
2015-10-22,32517418.00771853
2015-10-23,32340073.675410416
2015-10-26,32421242.931091823
2015-10-27,32499202.022860985
2015-10-28,32336181.931988824
2015-10-29,32142658.910951994
2015-10-30,32204073.000242066
2015-11-02,32112934.955512237
2015-11-03,32105641.137517627
2015-11-04,31973972.044569165
2015-11-05,31919744.368612606
2015-11-06,31686744.6613332
2015-11-09,31336064.12394121
2015-11-10,31466303.242490094
2015-11-11,31326632.85839795
2015-11-12,30906588.99325463
2015-11-13,30675978.07481805
2015-11-16,31178863.726776056
2015-11-17,31146203.535179544
2015-11-18,31620914.42171634
2015-11-19,31659346.06058862
2015-11-20,31731800.34566836
2015-11-23,31734936.95130913
2015-11-24,31798630.15352791
2015-11-25,31810533.0416548
2015-11-27,31878025.531783246
2015-11-30,31757487.418390106
2015-12-01,32223892.787542135
2015-12-02,31810131.972414978
2015-12-03,31036561.616661515
2015-12-04,31752745.97102291
2015-12-07,31659338.046382606
2015-12-08,31464518.152618255
2015-12-09,31267131.34965299
2015-12-10,31278755.207773883
2015-12-11,30923786.38795638
2015-12-14,30849248.290792216
2015-12-15,31089915.234926086
2015-12-16,31458173.0119496
2015-12-17,31108430.71662816
2015-12-18,30668203.253691044
2015-12-21,30929451.801425606
2015-12-22,31116731.596621756
2015-12-23,31424827.391645577
2015-12-24,31428843.55932039
2015-12-28,31362408.013661094
2015-12-29,31527600.369210877
2015-12-30,31316604.381163344
2015-12-31,31040362.90265933
2016-01-04,30741565.87809262
2016-01-05,30776697.748144183
2016-01-06,30393848.479640033
2016-01-07,29675367.333175052
2016-01-08,29354223.66850826
2016-01-11,29382250.50806383
2016-01-12,29614951.59291666
2016-01-13,28887475.093824156
2016-01-14,29353460.127256397
2016-01-15,28732822.46319547
2016-01-19,28769895.099264275
2016-01-20,28406633.58917915
2016-01-21,28562599.793303497
2016-01-22,29138465.604263954
2016-01-25,28704453.921917718
2016-01-26,29089191.197818957
2016-01-27,28777093.7777586
2016-01-28,28924026.4812803
2016-01-29,29617273.916390054
2016-02-01,29606165.622134227
2016-02-02,29785687.53819005
2016-02-03,29752845.625097547
2016-02-04,29822252.182435274
2016-02-05,29859249.988531094
2016-02-08,30078384.244550534
2016-02-09,30083093.074591786
2016-02-10,30169740.418339033
2016-02-11,30303332.421747573
2016-02-12,30081080.501874376
2016-02-16,29993278.473463327
2016-02-17,29921009.476712544
2016-02-18,30056435.372267306
2016-02-19,30055864.875147738
2016-02-22,30026159.980814166
2016-02-23,30083933.251930784
2016-02-24,30080084.58740286
2016-02-25,30169220.822672237
2016-02-26,30022516.869380105
2016-02-29,30070999.65987686
2016-03-01,29835437.3923114
2016-03-02,29782459.762348037
2016-03-03,29817763.913950343
2016-03-04,29715113.112207063
2016-03-07,29653467.53595318
2016-03-08,29828251.57756627
2016-03-09,29709118.603992663
2016-03-10,29600168.728441376
2016-03-11,29513009.746909037
2016-03-14,29534847.90654602
2016-03-15,29528639.007241536
2016-03-16,29687835.310557425
2016-03-17,29720642.916711207
2016-03-18,29772815.23879659
2016-03-21,29686376.550447457
2016-03-22,29621795.80559023
2016-03-23,29760707.333113447
2016-03-24,29729648.212446358
2016-03-28,29773450.120251503
2016-03-29,29977842.167526387
2016-03-30,29936121.275618706
2016-03-31,30045394.463024516
2016-04-01,30036048.798768334
2016-04-04,29957681.181998916
2016-04-05,29776943.507930975
2016-04-06,30034097.11012641
2016-04-07,29828753.626421344
2016-04-08,29861427.02106436
2016-04-11,29784995.29340436
2016-04-12,29940575.678633463
2016-04-13,30262422.834475804
2016-04-14,30192011.527475595
2016-04-15,30246901.577416766
2016-04-18,30427406.18945788
2016-04-19,30472893.956649337
2016-04-20,30348371.71076938
2016-04-21,30133787.922488157
2016-04-22,30099268.137314726
2016-04-25,30012911.42889434
2016-04-26,29992815.24064762
2016-04-27,30217942.022685476
2016-04-28,30047298.8725769
2016-04-29,29874292.647862084
2016-05-02,30021649.02612284
2016-05-03,29937801.4916841
2016-05-04,29825443.63997345
2016-05-05,29899125.128986727
2016-05-06,29935582.32353119
2016-05-09,30015096.266074482
2016-05-10,30375648.30203801
2016-05-11,30140011.85303985
2016-05-12,30066803.806174744
2016-05-13,29919852.462102626
2016-05-16,30101384.224257644
2016-05-17,29782635.797512338
2016-05-18,29550183.99948496
2016-05-19,29476206.54121865
2016-05-20,29678580.03294066
2016-05-23,29655623.753844574
2016-05-24,29987472.3101283
2016-05-25,30168242.52236261
2016-05-26,30268407.724069558
2016-05-27,30338787.77461465
2016-05-31,30315329.491530493
2016-06-01,30365371.71729529
2016-06-02,30548657.753140494
2016-06-03,30734164.206317857
2016-06-06,30808459.33792493
2016-06-07,30897324.900707413
2016-06-08,31029791.852133285
2016-06-09,31032298.295626495
2016-06-10,30846636.70609845
2016-06-13,30671167.06536247
2016-06-14,30602882.268611424
2016-06-15,30649943.95818928
2016-06-16,30769114.491533242
2016-06-17,30556198.368582528
2016-06-20,30618374.09126239
2016-06-21,30634870.061904453
2016-06-22,30643516.738141954
2016-06-23,30889298.65008665
2016-06-24,30213207.01880607
2016-06-27,29944619.143003576
2016-06-28,30454601.462944
2016-06-29,30830302.448544998
2016-06-30,31298773.403938208
2016-07-01,31438128.33986551
2016-07-05,31380912.397252303
2016-07-06,31563951.050152417
2016-07-07,31505238.204234518
2016-07-08,32008178.1630261
2016-07-11,31960198.45822495
2016-07-12,32007597.110139173
2016-07-13,32077679.645029496
2016-07-14,32125884.60661502
2016-07-15,31969945.645114258
2016-07-18,32043704.78871954
2016-07-19,32089819.98934012
2016-07-20,32156911.5170282
2016-07-21,32103699.9653206
2016-07-22,32217615.423109956
2016-07-25,32107689.91473358
2016-07-26,32138954.354410153
2016-07-27,32230833.37778498
2016-07-28,32280904.67651512
2016-07-29,32442055.12205129
2016-08-01,32312781.745413568
2016-08-02,32041137.91973873
2016-08-03,32145791.85266963
2016-08-04,32248228.461702034
2016-08-05,32317710.938564323
2016-08-08,32281634.68682829
2016-08-09,32404479.40754934
2016-08-10,32404326.446302284
2016-08-11,32406537.63560372
2016-08-12,32483212.11455718
2016-08-15,32485633.477712467
2016-08-16,32271975.985615052
2016-08-17,32376757.381863903
2016-08-18,32498210.357119877
2016-08-19,32351017.447418984
2016-08-22,32414049.18526375
2016-08-23,32473008.214522637
2016-08-24,32300188.37855363
2016-08-25,32229711.387443632
2016-08-26,32037830.367902722
2016-08-29,32323007.407392286
2016-08-30,32266815.472425446
2016-08-31,32138747.815465435
2016-09-01,32189043.621541355
2016-09-02,32244473.703849368
2016-09-06,32487971.239407606
2016-09-07,32500674.875707977
2016-09-08,32269377.56818166
2016-09-09,31363807.647700053
2016-09-12,31828877.14869376
2016-09-13,31265406.367744923
2016-09-14,31323157.54657431
2016-09-15,31635732.417077098
2016-09-16,31548619.113050364
2016-09-19,31499163.144960575
2016-09-20,31547056.613891102
2016-09-21,31940729.528085172
2016-09-22,32227185.295947053
2016-09-23,32068963.29922208
2016-09-26,31905767.94802393
2016-09-27,32147978.07238664
2016-09-28,32286105.18421945
2016-09-29,32022704.93314407
2016-09-30,32175966.434533965
2016-10-03,32027185.255633283
2016-10-04,31724821.23275354
2016-10-05,31788977.31992825
2016-10-06,31743729.418715358
2016-10-07,31681411.389373977
2016-10-10,31758230.35719288
2016-10-11,31356267.445705965
2016-10-12,31394775.756218318
2016-10-13,31358368.909488972
2016-10-14,31275946.59953211
2016-10-17,31236675.441466812
2016-10-18,31488519.337990463
2016-10-19,31582866.732344292
2016-10-20,31495456.82141474
2016-10-21,31542257.556103796
2016-10-24,31628689.01494863
2016-10-25,31518018.036445197
2016-10-26,31386435.575802777
2016-10-27,31194618.50951046
2016-10-28,31108377.176987793
2016-10-31,31134020.575035833
2016-11-01,30912517.897081528
2016-11-02,30823309.420627497
2016-11-03,30663865.206878796
2016-11-04,30723291.754283436
2016-11-07,31254412.78704325
2016-11-08,31281859.763034776
2016-11-09,31138013.24277958
2016-11-10,31026994.906935785
2016-11-11,30890094.69343499
2016-11-14,30733842.077485327
2016-11-15,30970887.43759006
2016-11-16,30939878.77247678
2016-11-17,30961525.37331267
2016-11-18,30754276.42485755
2016-11-21,31010340.607408673
2016-11-22,31098005.525078367
2016-11-23,31002902.842301592
2016-11-25,31082523.98534941
2016-11-28,31076073.976172786
2016-11-29,31166578.868584786
2016-11-30,30883837.357766338
2016-12-01,30650819.683875516
2016-12-02,30650073.27198922
2016-12-05,30833611.61407706
2016-12-06,30930656.218892917
2016-12-07,31334590.993749898
2016-12-08,31410693.053376112
2016-12-09,31599780.59765177
2016-12-12,31562890.31740649
2016-12-13,31772904.87458262
2016-12-14,31510009.677879926
2016-12-15,31639124.53992926
2016-12-16,31576611.581173804
2016-12-19,31644351.968244106
2016-12-20,31765098.248017848
2016-12-21,31676591.24093196
2016-12-22,31621566.116839286
2016-12-23,31666970.44582031
2016-12-27,31744472.375644002
2016-12-28,31482993.184267715
2016-12-29,31475395.04207351
2016-12-30,31360378.79307955
2017-01-03,31598322.565217733
2017-01-04,31784628.46869223
2017-01-05,31758896.578287847
2017-01-06,31871265.918616213
2017-01-09,31766020.043215964
2017-01-10,31765396.76392441
2017-01-11,31854054.070212
2017-01-12,31773909.446682587
2017-01-13,31845825.26075977
2017-01-17,31733602.211413216
2017-01-18,31802738.023266573
2017-01-19,31684929.397075277
2017-01-20,31800085.463444326
2017-01-23,31717165.938032698
2017-01-24,31918821.201504253
2017-01-25,32192996.769384354
2017-01-26,32158891.86168479
2017-01-27,32108041.389684524
2017-01-30,31909317.83549298
2017-01-31,31905890.904248156
2017-02-01,31917828.45691672
2017-02-02,31938130.30442387
2017-02-03,32156517.41563438
2017-02-06,32098686.66992362
2017-02-07,32099448.053322796
2017-02-08,32140674.871862546
2017-02-09,32329762.56126127
2017-02-10,32456068.339786153
2017-02-13,32631208.853908103
2017-02-14,32760296.748722933
2017-02-15,32929847.48445298
2017-02-16,32901291.684572995
2017-02-17,32952265.873251736
2017-02-21,33146918.559474543
2017-02-22,33116969.231452018
2017-02-23,33135339.8982302
2017-02-24,33176548.093369897
2017-02-27,33227509.006976742
2017-02-28,33137575.282573838
2017-03-01,33598667.29754379
2017-03-02,33387360.165690623
2017-03-03,33407633.326853067
2017-03-06,33307933.56503535
2017-03-07,33208233.392841425
2017-03-08,33146197.465153538
2017-03-09,33187399.001421414
2017-03-10,33302535.5578274
2017-03-13,33318616.063338123
2017-03-14,33191024.07330036
2017-03-15,33476342.258583788
2017-03-16,33410123.512220114
2017-03-17,33351042.077053018
2017-03-20,33314128.13368117
2017-03-21,32889392.11918568
2017-03-22,32965482.5392226
2017-03-23,32929974.036399245
2017-03-24,32905617.546699632
2017-03-27,32871503.361009784
2017-03-28,33108011.570964057
2017-03-29,33138053.4171076
2017-03-30,33242037.513309047
2017-03-31,33164677.7509372
2017-04-03,33106821.362053726
2017-04-04,33127117.37718564
2017-04-05,33028819.006808367
2017-04-06,33120243.901516534
2017-04-07,33086115.753283415
2017-04-10,33105002.180783972
2017-04-11,33065309.779602222
2017-04-12,32920985.618591893
2017-04-13,32708295.762656964
2017-04-17,32995040.346610848
2017-04-18,32896744.531312708
2017-04-19,32836114.744617302
2017-04-20,33100526.992049813
2017-04-21,32995266.263861254
2017-04-24,33354537.411132444
2017-04-25,33546399.454516973
2017-04-26,33524818.943321135
2017-04-27,33552073.64486972
2017-04-28,33478881.525703896
2017-05-01,33561927.287521675
2017-05-02,33573834.01762248
2017-05-03,33532724.40649976
2017-05-04,33571132.77051792
2017-05-05,33701611.87191247
2017-05-08,33695378.53667207
2017-05-09,33664032.523006074
2017-05-10,33723362.68548684
2017-05-11,33654358.88767439
2017-05-12,33597907.790666744
2017-05-15,33781385.37076266
2017-05-16,33750042.28516927
2017-05-17,33155117.024898138
2017-05-18,33287002.259382155
2017-05-19,33501182.92426341
2017-05-22,33669335.03580287
2017-05-23,33742604.46003529
2017-05-24,33820071.107013814
2017-05-25,33976487.60174578
2017-05-26,33968847.969104104
2017-05-30,33938901.301518686
2017-05-31,33929864.845875226
2017-06-01,34197046.824521475
2017-06-02,34309377.799839355
2017-06-05,34283610.80354012
2017-06-06,34174128.62025107
2017-06-07,34236241.973293126
2017-06-08,34252309.979557514
2017-06-09,34200033.69016089
2017-06-12,34192392.19047513
2017-06-13,34357737.203778975
2017-06-14,34313818.97006028
2017-06-15,34247587.124389194
2017-06-16,34254361.85925289
2017-06-19,34535493.198007226
2017-06-20,34304648.36169921
2017-06-21,34295622.58061879
2017-06-22,34279618.89971204
2017-06-23,34319416.58149163
2017-06-26,34341085.468850866
2017-06-27,34067007.23692491
2017-06-28,34367681.0541905
2017-06-29,34068484.47358023
2017-06-30,34130610.8965067
2017-07-03,34187145.153957024
2017-07-05,34264620.599683866
2017-07-06,33954279.89841415
2017-07-07,34171240.070495896
2017-07-10,34206855.213474356
2017-07-11,34181099.3731224
2017-07-12,34434326.509631276
2017-07-13,34490864.107865654
2017-07-14,34649235.103736684
2017-07-17,34644386.185737446
2017-07-18,34661863.56770504
2017-07-19,34846734.10490216
2017-07-20,34861401.91944796
2017-07-21,34830050.445238374
2017-07-24,34821018.60673043
2017-07-25,34904047.30225832
2017-07-26,34904782.86779537
2017-07-27,34872026.26070911
2017-07-28,34830896.23495998
2017-07-31,34810711.76317018
2017-08-01,34886763.80244063
2017-08-02,34850619.57705519
2017-08-03,34901715.54517721
2017-08-04,34867400.478433564
2017-08-07,34948406.614873216
2017-08-08,34831158.69414671
2017-08-09,34869470.07223904
2017-08-10,34510072.06336445
2017-08-11,34596450.82650818
2017-08-14,34847244.541344
2017-08-15,34736433.92371975
2017-08-16,34858950.83078396
2017-08-17,34442724.0958017
2017-08-18,34393437.89859148
2017-08-21,34439870.81219404
2017-08-22,34723697.12634216
2017-08-23,34718183.19884152
2017-08-24,34581163.72794999
2017-08-25,34716091.84412721
2017-08-28,34740023.00261419
2017-08-29,34856692.60843545
2017-08-30,34986985.70532387
2017-08-31,35245278.868938155
2017-09-01,35189558.59665581
2017-09-05,35179868.219078936
2017-09-06,35211569.48023709
2017-09-07,35354745.68679958
2017-09-08,35286187.56245137
2017-09-11,35453448.346345335
2017-09-12,35484470.119797766
2017-09-13,35427637.49099868
2017-09-14,35420170.34779256
2017-09-15,35506355.6571552
2017-09-18,35441996.58492986
2017-09-19,35435206.13556931
2017-09-20,35376732.94891973
2017-09-21,35234852.93153771
2017-09-22,35301107.43989037
2017-09-25,35331378.82309482
2017-09-26,35320361.47629475
2017-09-27,35274277.45765608
2017-09-28,35306771.352700934
2017-09-29,35384122.06371537
2017-10-02,35493658.89922452
2017-10-03,35615532.35866236
2017-10-04,35644699.21099287
2017-10-05,35814931.26440588
2017-10-06,35728835.32514164
2017-10-09,35707024.38944045
2017-10-10,35810809.61390782
2017-10-11,35903266.28006927
2017-10-12,35880296.66263764
2017-10-13,36038893.6365175
2017-10-16,36024679.109477304
2017-10-17,36033820.1238696
2017-10-18,35977452.32593806
2017-10-19,36020515.70635289
2017-10-20,36057257.521214634
2017-10-23,35947920.78926611
2017-10-24,35902083.88773965
2017-10-25,35665558.18154792
2017-10-26,35662085.432407044
2017-10-27,36064166.971467756
2017-10-30,36053434.23861082
2017-10-31,36083180.073648155
2017-11-01,36148769.95396545
2017-11-02,36205989.291978784
2017-11-03,36379003.29579142
2017-11-06,36474568.609124884
2017-11-07,36459533.2311655
2017-11-08,36475200.93121095
2017-11-09,36327841.08953624
2017-11-10,36136078.43615735
2017-11-13,36149889.12016264
2017-11-14,36112829.989798255
2017-11-15,36055543.76038752
2017-11-16,36267703.423312046
2017-11-17,36204814.94930726
2017-11-20,36206984.57355687
2017-11-21,36446181.47200355
2017-11-22,36523251.933153406
2017-11-24,36574240.704885416
2017-11-27,36568729.42354168
2017-11-28,36940603.53992231
2017-11-29,36798138.50508349
2017-11-30,37001769.79257755
2017-12-01,37057413.67304582
2017-12-04,36992205.79507975
2017-12-05,36884061.576355025
2017-12-06,36963729.42928729
2017-12-07,37010840.067178965
2017-12-08,37180817.44663151
2017-12-11,37264833.519502014
2017-12-12,37295874.422426865
2017-12-13,37437507.37417501
2017-12-14,37268331.111553594
2017-12-15,37566721.65697503
2017-12-18,37716360.49748252
2017-12-19,37403083.16473033
2017-12-20,37271923.743080325
2017-12-21,37371206.9053006
2017-12-22,37372131.74858649
2017-12-26,37337943.98921967
2017-12-27,37510171.02443169
2017-12-28,37538208.822775245
2017-12-29,37453132.90368798
2018-01-02,37594466.27193244
2018-01-03,37866582.31713793
2018-01-04,38004685.55505286
2018-01-05,38208302.010063365
2018-01-08,38256980.82939748
2018-01-09,38164680.766658515
2018-01-10,38091937.865137696
2018-01-11,38392147.19533176
2018-01-12,38614958.77177795
2018-01-16,38496518.17433783
2018-01-17,38780011.994757846
2018-01-18,38593911.959925234
2018-01-19,38671291.83472498
2018-01-22,38971412.141641274
2018-01-23,39158893.5733167
2018-01-24,39068678.28974911
2018-01-25,39164049.404630296
2018-01-26,39507557.30330075
2018-01-29,39145756.21290031
2018-01-30,38648458.55200657
2018-01-31,38675153.547859386
2018-02-01,38434599.663669944
2018-02-02,37560337.02802775
2018-02-05,35952479.779105425
2018-02-06,36677109.18405161
2018-02-07,36472642.345509306
2018-02-08,35071265.91398975
2018-02-09,35610368.354961045
2018-02-12,36145274.76758137
2018-02-13,36236554.97524265
2018-02-14,36736569.6216565
2018-02-15,37215647.224028185
2018-02-16,37225990.266710885
2018-02-20,36986634.66849172
2018-02-21,36797496.29818789
2018-02-22,36845528.0861653
2018-02-23,37442192.1228559
2018-02-26,37886388.1440437
2018-02-27,37401495.017051704
2018-02-28,37012872.3660355
2018-03-01,36461036.57081415
2018-03-02,36652741.123296976
2018-03-05,37085796.01985561
2018-03-06,37181223.955308974
2018-03-07,37166464.621993326
2018-03-08,37349798.93856891
2018-03-09,38014403.49640056
2018-03-12,37964750.38383644
2018-03-13,37712814.72321013
2018-03-14,37513897.640585385
2018-03-15,37471227.84407765
2018-03-16,37511997.58266327
2018-03-19,36993635.509185076
2018-03-20,37057015.221181296
2018-03-21,36983672.24304986
2018-03-22,36039856.270513766
2018-03-23,35255081.53454158
2018-03-26,36239187.87906519
2018-03-27,35609253.49023874
2018-03-28,35501069.44868187
2018-03-29,35963447.71809741
2018-04-02,35170305.52030196
2018-04-03,35629885.82836279
2018-04-04,36018325.3063569
2018-04-05,36307711.61601723
2018-04-06,35481077.52535326
2018-04-09,35658867.90639867
2018-04-10,36237018.2585707
2018-04-11,36042326.685227096
2018-04-12,36344269.204225145
2018-04-13,36234665.88871411
2018-04-16,36538003.92173486
2018-04-17,36936168.77485223
2018-04-18,36963277.82233446
2018-04-19,36753226.53282407
2018-04-20,36434356.39020373
2018-04-23,36427999.54050062
2018-04-24,35926393.43147022
2018-04-25,36016281.142187044
2018-04-26,36389359.07909539
2018-04-27,36423445.65771097
2018-04-30,36136677.13861263
2018-05-01,36201454.39238405
2018-05-02,35952362.076910995
2018-05-03,35870668.422544226
2018-05-04,36344189.352057196
2018-05-07,36468940.00987245
2018-05-08,36468145.760497615
2018-05-09,36827273.116460755
2018-05-10,37177996.003183
2018-05-11,37292983.96828158
2018-05-14,37310307.67842759
2018-05-15,37047219.788771935
2018-05-16,37205452.54618691
2018-05-17,37172554.29338055
2018-05-18,37076882.24852408
2018-05-21,37360660.46665341
2018-05-22,37253816.84310183
2018-05-23,37357618.9737821
2018-05-24,37278705.21747513
2018-05-25,37183412.72428851
2018-05-29,36745955.717362374
2018-05-30,37245959.009659424
2018-05-31,37012179.18528058
2018-06-01,37382450.44570082
2018-06-04,37562976.548539534
2018-06-05,37590066.46384191
2018-06-06,37910079.200574234
2018-06-07,37905086.77778179
2018-06-08,38018652.65747951
2018-06-11,38069431.280366994
2018-06-12,38118820.83394676
2018-06-13,37993833.886688285
2018-06-14,38090652.02182548
2018-06-15,38040210.68613575
2018-06-18,37959893.54497785
2018-06-19,37811222.53912719
2018-06-20,37875970.54237465
2018-06-21,37633829.5168111
2018-06-22,37702759.582449794
2018-06-25,37180232.81735665
2018-06-26,37263127.713026784
2018-06-27,36948467.26107507
2018-06-28,37162502.360720724
2018-06-29,37216107.60625344
2018-07-02,37296211.43215263
2018-07-03,37161501.08686663
2018-07-05,37468988.28724669
2018-07-06,37790430.166421294
2018-07-09,38135584.68979181
2018-07-10,38274266.763524696
2018-07-11,37988872.254196845
2018-07-12,38338201.17486955
2018-07-13,38368066.4271516
2018-07-16,38332375.47371612
2018-07-17,38489187.14293494
2018-07-18,38570656.60584887
2018-07-19,38421956.18887169
2018-07-20,38376486.81375651
2018-07-23,38448211.79399778
2018-07-24,38644071.78262334
2018-07-25,38978054.99993733
2018-07-26,38883750.35526342
2018-07-27,38615084.66941838
2018-07-30,38409191.13544004
2018-07-31,38600882.37266804
2018-08-01,38534465.09407747
2018-08-02,38747070.29715905
2018-08-03,38915057.25190855
2018-08-06,39059295.83488854
2018-08-07,39189582.49148748
2018-08-08,39172000.30689879
2018-08-09,39116764.249841206
2018-08-10,38849462.33726384
2018-08-13,38700758.03407155
2018-08-14,38951023.902011834
2018-08-15,38654448.82078894
2018-08-16,38971667.05772131
2018-08-17,39110338.4387349
2018-08-20,39194592.81985495
2018-08-21,39287216.52041018
2018-08-22,39262651.488108434
2018-08-23,39208804.29200309
2018-08-24,39447896.540835306
2018-08-27,39763709.957098894
2018-08-28,39778342.3922233
2018-08-29,39995115.76414929
2018-08-30,39829636.38954642
2018-08-31,39830182.667542525
2018-09-04,39759564.861431375
2018-09-05,39649889.91726306
2018-09-06,39527686.75435006
2018-09-07,39448693.48453986
2018-09-10,39517598.87124891
2018-09-11,39649266.10813229
2018-09-12,39658175.76131033
2018-09-13,39895861.63170009
2018-09-14,39901977.37598396
2018-09-17,39686283.7048413
2018-09-18,39904460.791004375
2018-09-19,39946831.001035415
2018-09-20,40275176.29954934
2018-09-21,40236912.13582606
2018-09-24,40100742.23983187
2018-09-25,40062232.876954414
2018-09-26,39940019.80340232
2018-09-27,40052160.26588789
2018-09-28,40055506.67375864
2018-10-01,40195550.01878355
2018-10-02,40170981.52047811
2018-10-03,40192446.881005354
2018-10-04,39873550.50454661
2018-10-05,39646708.2338966
2018-10-08,39645868.14647897
2018-10-09,39586438.77968041
2018-10-10,38316141.55831199
2018-10-11,37460201.742157206
2018-10-12,37986720.93058778
2018-10-15,37769678.61953375
2018-10-16,38605872.02915717
2018-10-17,38612027.07944764
2018-10-18,38046229.21067005
2018-10-19,38024505.81916252
2018-10-22,37850709.343285896
2018-10-23,37654600.91413581
2018-10-24,36497339.18150393
2018-10-25,37160582.95086954
2018-10-26,36497150.7600038
2018-10-29,36291308.54792007
2018-10-30,36835983.04702948
2018-10-31,37234167.12978199
2018-11-01,37635124.69115244
2018-11-02,37619412.65672904
2018-11-05,37622836.62265218
2018-11-06,37626246.30699078
2018-11-07,37629670.894884974
2018-11-08,37633066.601308435
2018-11-09,37636477.21277006
2018-11-12,37639910.030562244
2018-11-13,37643365.05749471
2018-11-14,37646805.80322926
2018-11-15,37650232.26236517
2018-11-16,37653644.429517195
2018-11-19,37657100.71715188
2018-11-20,37660557.322044685
2018-11-21,37664043.44997606
2018-11-23,37667529.90060812
2018-11-26,37671031.27741826
2018-11-27,37674518.37489313
2018-11-28,37677991.18758019
2018-11-29,37681420.48508294
2018-11-30,37684850.0947064
2018-12-03,37688309.246758506
2018-12-04,36602327.4437689
2018-12-06,36634788.312236115
2018-12-07,35893407.59422448
2018-12-10,35976579.67172128
2018-12-11,35889347.16916178
2018-12-12,35965501.64463589
2018-12-13,35969722.49495456
2018-12-14,35362120.162915125
2018-12-17,34773191.47052841
2018-12-18,34816221.56702482
2018-12-19,34419026.282700524
2018-12-20,33820985.17881962
2018-12-21,33164544.46070397
2018-12-24,32389796.91732427
2018-12-26,33824251.44341708
2018-12-27,34156137.64012354
2018-12-28,34284511.938520186
2018-12-31,34693488.128251396
2019-01-02,34792363.44963798
2019-01-03,35031142.43677149
2019-01-04,34771959.44244879
2019-01-07,34682046.67170965
2019-01-08,34601043.32649588
2019-01-09,34619298.38380207
2019-01-10,34603312.691685975
2019-01-11,34699392.59835991
2019-01-14,34680373.141208984
2019-01-15,34648940.588552415
2019-01-16,34629897.66048496
2019-01-17,34570388.53363487
2019-01-18,34467069.06638153
2019-01-22,34579431.18355562
2019-01-23,34563419.178979084
2019-01-24,34665933.38977056
2019-01-25,34591026.00887417
2019-01-28,34599952.65863677
2019-01-29,34692945.77294961
2019-01-30,34766971.375167936
2019-01-31,34914941.54772647
2019-02-01,34742479.34301909
2019-02-04,34670773.83293658
2019-02-05,34726341.70005894
2019-02-06,34750764.9892828
2019-02-07,34855734.619781524
2019-02-08,34898478.06211234
2019-02-11,34848924.32747558
2019-02-12,34805383.372121274
2019-02-13,34724598.21776421
2019-02-14,34876253.596989654
2019-02-15,34845050.4318027
2019-02-19,34900180.8473551
2019-02-20,34893622.992463544
2019-02-21,34797846.84257039
2019-02-22,34893312.41830853
2019-02-25,34834687.56807451
2019-02-26,34937650.025853574
2019-02-27,34813791.29726295
2019-02-28,34722648.88806058
2019-03-01,34606972.55351305
2019-03-04,34566252.273599364
2019-03-05,34534836.77675954
2019-03-06,34418651.29708244
2019-03-07,34244448.7164348
2019-03-08,34221546.19150821
2019-03-11,34680296.23495817
2019-03-12,34900134.86453535
2019-03-13,35110058.33036966
2019-03-14,35034279.762773484
2019-03-15,35308831.56836504
2019-03-18,35384091.574848816
2019-03-19,35365267.5738056
2019-03-20,35495098.47438344
2019-03-21,35865478.91677816
2019-03-22,35439715.09380728
2019-03-25,35495809.75292372
2019-03-26,35718476.96455652
2019-03-27,35632159.54513756
2019-03-28,35761295.698317885
2019-03-29,35920607.07435135
2019-04-01,36094500.498833105
2019-04-02,36165370.34603428
2019-04-03,36109944.51822824
2019-04-04,36234540.93634134
2019-04-05,36417189.09586298
2019-04-08,36384864.99370405
2019-04-09,36259877.94066971
2019-04-10,36456686.684849836
2019-04-11,36365141.03043888
2019-04-12,36442214.03341388
2019-04-15,36459893.966999315
2019-04-16,36361857.44760875
2019-04-17,36276525.932991505
2019-04-18,36423711.5598912
2019-04-22,36401126.21057682
2019-04-23,36779586.867319316
2019-04-24,36825181.586857535
2019-04-25,36756499.5399197
2019-04-26,37009974.09638993
2019-04-29,36991074.5436389
2019-04-30,37073003.398175865
2019-05-01,36781150.25821396
2019-05-02,36602074.86855393
2019-05-03,36993618.57598059
2019-05-06,36927819.96106283
2019-05-07,36438115.489834234
2019-05-08,36320281.09756249
2019-05-09,36299000.228286035
2019-05-10,36449234.9055141
2019-05-13,35724512.60417868
2019-05-14,36000700.8253026
2019-05-15,36308954.17529478
2019-05-16,36562649.630369335
2019-05-17,36345422.18231909
2019-05-20,36051304.30879394
2019-05-21,36323522.7258178
2019-05-22,36313213.03113281
2019-05-23,36086321.28271744
2019-05-24,36151307.69884549
2019-05-28,35973586.418873854
2019-05-29,35724421.754604965
2019-05-30,35943771.52461065
2019-05-31,35716318.304709926
2019-06-03,35798248.6490124
2019-06-04,35649842.57991158
2019-06-05,35649117.52126949
2019-06-06,35641784.83338509
2019-06-07,35782617.48962563
2019-06-10,35605117.792242326
2019-06-11,35604383.562542535
2019-06-12,35696050.910870224
2019-06-13,35784118.73332645
2019-06-14,35809587.48526106
2019-06-17,35802344.67032015
2019-06-18,35870345.238774955
2019-06-19,35967463.268439315
2019-06-20,36025213.27547531
2019-06-21,35878834.64750765
2019-06-24,36002046.31161447
2019-06-25,36056480.58147675
2019-06-26,35910318.30114246
2019-06-27,36017033.14749143
2019-06-28,36032552.61599987
2019-07-01,35987161.45790227
2019-07-02,36185208.981897675
2019-07-03,36537018.97080708
2019-07-05,36265740.778666936
2019-07-08,36025830.82301486
2019-07-09,36043527.49783356
2019-07-10,36231468.32056675
2019-07-11,36136032.65022877
2019-07-12,36334193.5001791
2019-07-15,36417428.234451905
2019-07-16,36216464.85099643
2019-07-17,36131380.44647166
2019-07-18,36347780.685133584
2019-07-19,36076523.512860976
2019-07-22,36177359.98349394
2019-07-23,36373744.39398535
2019-07-24,36593240.68116949
2019-07-25,36351823.94555855
2019-07-26,36585545.33681314
2019-07-29,36546932.84872143
2019-07-30,36468830.57275466
2019-07-31,36155370.43019134
2019-08-01,36240044.86198225
2019-08-02,36039110.12032141
2019-08-05,35269274.47614093
2019-08-06,35805958.90901449
2019-08-07,35822594.806060046
2019-08-08,36509277.25317418
2019-08-09,36208692.16183097
2019-08-12,35995061.05482079
2019-08-13,36412291.19755049
2019-08-14,35589215.85872437
2019-08-15,35898408.193735
2019-08-16,36314263.63751608
2019-08-19,36568496.56992942
2019-08-20,36446205.70638557
2019-08-21,36637584.09323173
2019-08-22,36545664.89896861
2019-08-23,35862538.49411693
2019-08-26,36208350.361958
2019-08-27,36215523.93821061
2019-08-28,36469928.93352112
2019-08-29,36845501.09213237
2019-08-30,36835085.80955412
2019-09-03,36702200.021483384
2019-09-04,37156638.141744524
2019-09-05,37322365.60021871
2019-09-06,37368634.499927536
2019-09-09,37159417.9082104
2019-09-10,36882392.37329444
2019-09-11,37100349.46183391
2019-09-12,37140993.34246985
2019-09-13,36777424.56083987
2019-09-16,36819987.47151013
2019-09-17,37004191.33672163
2019-09-18,37035106.57420362
2019-09-19,37044976.680213176
2019-09-20,37078284.19354471
2019-09-23,37117835.003454655
2019-09-24,37011247.69929504
2019-09-25,36981531.01836686
2019-09-26,36980414.52974829
2019-09-27,36833759.750822045
2019-09-30,37025670.226931095
2019-10-01,36693025.678458154
2019-10-02,36184731.86578345
2019-10-03,36657658.85404861
2019-10-04,37202266.08690732
2019-10-07,36923296.22526899
2019-10-08,36442449.435272194
2019-10-09,36679920.868794225
2019-10-10,36688888.50187262
2019-10-11,36806273.94596901
2019-10-14,36863681.91329118
2019-10-15,37040519.422015555
2019-10-16,37050422.94255523
2019-10-17,37140712.10112259
2019-10-18,37010229.770520926
2019-10-21,37118360.206526406
2019-10-22,37080778.09109003
2019-10-23,37195997.50743023
2019-10-24,37245326.64295064
2019-10-25,37312735.388144515
2019-10-28,37377893.25035269
2019-10-29,37396255.59459513
2019-10-30,37683953.17837743
2019-10-31,37814308.35757663
2019-11-01,38083950.82226715
2019-11-04,38044430.96744602
2019-11-05,37802375.27133088
2019-11-06,37913269.24237677
2019-11-07,37747765.79229451
2019-11-08,37786504.05913428
2019-11-11,37751152.15538766
2019-11-12,37843264.24015849
2019-11-13,37951915.14211362
2019-11-14,38189133.75332387
2019-11-15,38428393.914782606
2019-11-18,38515473.66936619
2019-11-19,38570006.448192336
2019-11-20,38559774.00480516
2019-11-21,38403939.792517304
2019-11-22,38477711.238331944
2019-11-25,38775586.82983953
2019-11-26,38930322.73916799
2019-11-27,38997411.28076741
2019-11-29,38820204.0258233
2019-12-02,38353313.79172817
2019-12-03,38438963.76357623
2019-12-04,38520477.27910896
2019-12-05,38495257.4153925
2019-12-06,38720785.02018218
2019-12-09,38627758.53902779
2019-12-10,38536236.69759312
2019-12-11,38800752.85904076
2019-12-12,38822761.21306675
2019-12-13,39069600.90660889
2019-12-16,39150787.25897032
2019-12-17,39158964.24577828
2019-12-18,39052679.213909544
2019-12-19,39238445.22924872
2019-12-20,39405774.459006116
2019-12-23,39426402.55249206
2019-12-24,39490533.9602159
2019-12-26,39750851.63410523
2019-12-27,39793276.31079268
2019-12-30,39548346.02927985
2019-12-31,39499510.90467911
2020-01-02,40041223.707300276
2020-01-03,39996359.74952629
2020-01-06,40100805.969526134
2020-01-07,39930892.84418356
2020-01-08,40046290.139674425
2020-01-09,40338068.567474216
2020-01-10,40303279.26694433
2020-01-13,40526993.237036414
2020-01-14,40538699.24164202
2020-01-15,40721825.23550753
2020-01-16,40970951.50773262
2020-01-17,41061339.67192751
2020-01-21,41130882.56263055
2020-01-22,41138819.06318581
2020-01-23,41277567.592567526
2020-01-24,41051756.60954267
2020-01-27,40665518.74038006
2020-01-28,40946316.59374202
2020-01-29,41092543.28063995
2020-01-30,41254758.424899004
2020-01-31,40718051.379116625
2020-02-03,40972843.39360091
2020-02-04,41349946.898325145
2020-02-05,41643466.1674154
2020-02-06,41803120.50828494
2020-02-07,41765738.62674688
2020-02-10,42137721.19678306
2020-02-11,42114043.15162053
2020-02-12,42275535.631004505
2020-02-13,42261658.356970005
2020-02-14,42418020.58334899
2020-02-18,42373169.55037586
2020-02-19,42557501.22345933
2020-02-20,42507261.79808565
2020-02-21,42251604.57685463
2020-02-24,41229580.381391466
2020-02-25,40142315.815063074
2020-02-26,39977156.19639208
2020-02-27,38470215.01596189
2020-02-28,38743785.14572447
2020-03-02,40276204.164358124
2020-03-03,40698152.18617561
2020-03-04,40614403.382100716
2020-03-05,40949961.58349111
2020-03-06,41331388.705252014
2020-03-09,41665198.48464846
2020-03-10,40897886.095185824
2020-03-11,40476882.81416879
2020-03-12,40497491.481471986
2020-03-13,40220459.790951125
2020-03-16,41342201.539371945
2020-03-17,40287352.37923299
2020-03-18,39694210.27773686
2020-03-19,39834525.772601515
2020-03-20,40926424.83390201
2020-03-23,41427995.31976021
2020-03-24,41140763.21771289
2020-03-25,41164639.126484886
2020-03-26,41266363.10175464
2020-03-27,41578684.15524857
2020-03-30,41675086.76734001
2020-03-31,41750404.76894544
2020-04-01,41920459.92494394
2020-04-02,41926489.65823523
2020-04-03,41956553.59057687
2020-04-06,41767199.555551715
2020-04-07,41579928.54179002
2020-04-08,41526863.407786295
2020-04-09,41616760.728684716
2020-04-13,41525565.26818916
2020-04-14,41580535.884692624
2020-04-15,41955932.7697559
2020-04-16,41999689.33218194
2020-04-17,41889340.40847918
2020-04-20,41998546.63185025
2020-04-21,42114204.04164653
2020-04-22,41983876.895850934
2020-04-23,42010470.073713265
2020-04-24,42019901.33002958
2020-04-27,41796859.96810222
2020-04-28,41978850.0366081
2020-04-29,41957483.60590065
2020-04-30,41857203.152984604
2020-05-01,41914208.66188447
2020-05-04,41920259.48747238
2020-05-05,41888485.58559645
2020-05-06,41732708.3487491
2020-05-07,41988425.4717558
2020-05-08,41850394.5487949
2020-05-11,41732205.996074885
2020-05-12,41870123.26883003
2020-05-13,41955525.14839225
2020-05-14,42019950.65688018
2020-05-15,41991725.35907003
2020-05-18,41733545.880141556
2020-05-19,41850629.19517854
2020-05-20,41860174.21948518
2020-05-21,41886928.78891276
2020-05-22,41965373.593139745
2020-05-26,41849361.23359279
2020-05-27,41883118.90029345
2020-05-28,41844281.56486407
2020-05-29,41978439.11143894
2020-06-01,41961080.8963672
2020-06-02,42216719.21887689
2020-06-03,42529351.088928245
2020-06-04,42247510.34333701
2020-06-05,43117273.17634743
2020-06-08,43684958.94639978
2020-06-09,43507964.521483734
2020-06-10,43579395.109227866
2020-06-11,41232080.01756305
2020-06-12,41626745.98833518
2020-06-15,41976039.677555054
2020-06-16,42690672.42572001
2020-06-17,42577355.615653016
2020-06-18,42683857.17336115
2020-06-19,42453832.90759717
2020-06-22,42683168.95103499
2020-06-23,42861619.70139866
2020-06-24,41858241.98677966
2020-06-25,42305365.48004475
2020-06-26,41425117.575614646
2020-06-29,42061968.45820669
2020-06-30,42514971.093859054
2020-07-01,42741798.94740672
2020-07-02,43022801.392537996
2020-07-06,43613741.132396676
2020-07-07,43300672.81400974
2020-07-08,43560157.19635069
2020-07-09,43446166.12100922
2020-07-10,43798943.465360366
2020-07-13,43467899.70737814
2020-07-14,44016104.90871708
2020-07-15,44398101.40136401
2020-07-16,44282838.018838525
2020-07-17,44397049.99434966
2020-07-20,44774826.38407955
2020-07-21,44910294.25055842
2020-07-22,45172781.2153523
2020-07-23,44682166.077796206
2020-07-24,44378036.892704725
2020-07-27,44629859.04632596
2020-07-28,44447499.342635736
2020-07-29,45035130.22346465
2020-07-30,44932815.54629008
2020-07-31,45288265.45391775
2020-08-03,45574336.44987983
2020-08-04,45898475.699831426
2020-08-05,46023020.93613485
2020-08-06,46374196.353572726
2020-08-07,46308265.19396097
2020-08-10,46393533.608983025
2020-08-11,45859082.919505015
2020-08-12,46351378.055606365
2020-08-13,46172264.92171581
2020-08-14,46194358.73158771
2020-08-17,46413177.1221415
2020-08-18,46589477.854973
2020-08-19,46335969.18177945
2020-08-20,46608363.31757395
2020-08-21,46802910.00655924
2020-08-24,47203801.64415989
2020-08-25,47255616.036771215
2020-08-26,47692049.51205916
2020-08-27,47626140.375959046
2020-08-28,48007403.83559612
2020-08-31,47883725.042216696
2020-09-01,48482892.28196862
2020-09-02,49238480.84375454
2020-09-03,47628334.163779214
2020-09-04,46981735.7789381
2020-09-08,45811169.20805754
2020-09-09,46678452.7856264
2020-09-10,45932490.90592419
2020-09-11,46024864.532016605
2020-09-14,46578524.13638157
2020-09-15,46785963.10562622
2020-09-16,46574526.00936515
2020-09-17,46183346.94999089
2020-09-18,45615568.837127246
2020-09-21,45197136.2433668
2020-09-22,45646876.69314229
2020-09-23,44605812.181734145
2020-09-24,44741865.55129647
2020-09-25,45485866.53089081
2020-09-28,46217271.46082042
2020-09-29,46001257.89511455
2020-09-30,46220981.921043634
2020-10-01,46535963.28954406
2020-10-02,46056053.4294876
2020-10-05,46575119.70665535
2020-10-06,46021572.10510044
2020-10-07,46681347.63949552
2020-10-08,47170638.23407392
2020-10-09,47562905.76637582
2020-10-12,48365956.01142317
2020-10-13,48151716.33562581
2020-10-14,47865965.44496636
2020-10-15,47757857.36571851
2020-10-16,47701585.299993984
2020-10-19,46909595.91434417
2020-10-20,46997309.98004371
2020-10-21,46847786.002777226
2020-10-22,46944588.615706034
2020-10-23,47164897.471566536
2020-10-26,46415470.64433427
2020-10-27,46355072.55847402
2020-10-28,44781255.45648565
2020-10-29,45040903.70329048
2020-10-30,44426868.52945467
2020-11-02,44997366.15992137
2020-11-03,45686585.033763774
2020-11-04,47077617.77595625
2020-11-05,47977202.654326215
2020-11-06,47814504.58829185
2020-11-09,48082345.054854594
2020-11-10,47883067.439406306
2020-11-11,48308904.85289535
2020-11-12,48091540.172665074
2020-11-13,48693738.902718
2020-11-16,49264778.97135543
2020-11-17,49113218.88567485
2020-11-18,48507713.794791326
2020-11-19,48757236.26765606
2020-11-20,48500353.91767324
2020-11-23,48699125.63968156
2020-11-24,49389373.12769754
2020-11-25,49327506.47487683
2020-11-27,49608499.56755609
2020-11-30,49355698.124467224
2020-12-01,49632022.39567084
2020-12-02,49652732.262682326
2020-12-03,49768064.34039975
2020-12-04,50002964.270861685
2020-12-07,50049580.67476807
2020-12-08,50242974.98115039
2020-12-09,49721201.929726005
2020-12-10,49813178.6707007
2020-12-11,49850490.34157271
2020-12-14,49597486.494311854
2020-12-15,50215359.18232316
2020-12-16,50251188.82494372
2020-12-17,50494407.15430888
2020-12-18,50249823.668028355
2020-12-21,50101355.18842767
2020-12-22,50096845.75189964
2020-12-23,50037573.225119986
2020-12-24,50298973.684596896
2020-12-28,50730896.78316951
2020-12-29,50624258.02477563
2020-12-30,50726656.85795505
2020-12-31,51013521.61500314
2021-01-04,50333129.02483025
2021-01-05,50561511.91287189
2021-01-06,50574307.87296772
2021-01-07,51151561.33970004
2021-01-08,51301208.76680453
2021-01-11,50854406.68913579
2021-01-12,50854701.133663446
2021-01-13,51162621.32092995
2021-01-14,50867617.74366226
2021-01-15,50624919.926800855
2021-01-19,51052063.32045473
2021-01-20,51781518.480016015
2021-01-21,51756130.797399744
2021-01-22,51644477.528326
2021-01-25,52046657.49461807
2021-01-26,51946620.636277065
2021-01-27,50729881.117642984
2021-01-28,51036715.99387026
2021-01-29,49922123.02886629
2021-02-01,50817173.69645495
2021-02-02,51513475.27912738
2021-02-03,51553156.61891251
2021-02-04,52140841.25217165
2021-02-05,52345984.117488556
2021-02-08,52724773.15098345
2021-02-09,52688447.71959103
2021-02-10,52664325.22646961
2021-02-11,52748740.2882108
2021-02-12,53009501.44094395
2021-02-16,52962309.872940525
2021-02-17,52973469.32629873
2021-02-18,52745878.236875534
2021-02-19,52651224.40668311
2021-02-22,52243239.37755596
2021-02-23,52300691.84655472
2021-02-24,52878860.79659552
2021-02-25,51597286.49148667
2021-02-26,51329013.75042642
2021-03-01,52578682.870473444
2021-03-02,52165259.79241759
2021-03-03,51469701.80952731
2021-03-04,50828406.32828433
2021-03-05,51767444.87038434
2021-03-08,51507318.24590656
2021-03-09,52245581.91641657
2021-03-10,52571448.0665197
2021-03-11,53106214.36777596
2021-03-12,53177058.0831509
2021-03-15,53494778.2146646
2021-03-16,53425882.635363035
2021-03-17,53607954.50848002
2021-03-18,52822819.07314865
2021-03-19,52723504.573681846
2021-03-22,53144331.20383624
2021-03-23,52724110.205803014
2021-03-24,52454482.33846112
2021-03-25,52749156.55304051
2021-03-26,53599980.72818528
2021-03-29,53571781.365955114
2021-03-30,53428289.82570831
2021-03-31,53644268.273980804
2021-04-01,54223780.07529072
2021-04-05,55002693.02640113
2021-04-06,54969044.41359436
2021-04-07,55031701.10032023
2021-04-08,55292409.48348336
2021-04-09,55694192.38531484
2021-04-12,55713423.75743125
2021-04-13,55877813.814780414
2021-04-14,55685452.96306764
2021-04-15,56283903.19344117
2021-04-16,56471349.32314861
2021-04-19,56192132.726521656
2021-04-20,55778640.71385091
2021-04-21,56306566.98092939
2021-04-22,55789986.84687875
2021-04-23,56395220.38230418
2021-04-26,56512119.78357509
2021-04-27,56498779.91429466
2021-04-28,56481378.709579326
2021-04-29,56841086.6717356
2021-04-30,56465557.88588959
2021-05-03,56586521.74163922
2021-05-04,56235433.988738716
2021-05-05,56251934.658929445
2021-05-06,56701179.41716557
2021-05-07,57113781.03618043
2021-05-10,56545628.4445749
2021-05-11,56038530.768324465
2021-05-12,54843690.45916652
2021-05-13,55503209.57579389
2021-05-14,56356711.494349346
2021-05-17,56211799.74155417
2021-05-18,55725065.296234675
2021-05-19,55577437.656878404
2021-05-20,56175911.86604476
2021-05-21,56128663.66252583
2021-05-24,56701353.200472176
2021-05-25,56568376.7133174
2021-05-26,56679850.7585185
2021-05-27,56708562.4033425
2021-05-28,56809177.62926432
2021-06-01,56757854.96869553
2021-06-02,56846248.82058375
2021-06-03,56633497.75301439
2021-06-04,57151927.809497714
2021-06-07,57095172.45840572
2021-06-08,57106238.50761057
2021-06-09,57019635.3626148
2021-06-10,57284382.40325707
2021-06-11,57378200.25639284
2021-06-14,57505921.92763339
2021-06-15,57398962.88637884
2021-06-16,57076329.08072337
2021-06-17,57056204.60750729
2021-06-18,56282875.94638597
2021-06-21,57087514.35047325
2021-06-22,57391600.97067022
2021-06-23,57321290.647620186
2021-06-24,57659265.088287026
2021-06-25,57862946.98929965
2021-06-28,57978451.82903994
2021-06-29,58008531.914779775
2021-06-30,58056191.032272644
2021-07-01,58376526.888722755
2021-07-02,58821668.11064012
2021-07-06,58713330.713046715
2021-07-07,58919715.51255821
2021-07-08,58438340.61219279
2021-07-09,59061164.12107053
2021-07-12,59271621.297053665
2021-07-13,59068320.692344405
2021-07-14,59155334.5544162
2021-07-15,58952027.37334294
2021-07-16,58488284.483766615
2021-07-19,57623043.968583316
2021-07-20,58448007.58214204
2021-07-21,58920262.83847765
2021-07-22,59042536.287989065
2021-07-23,59649078.86047867
2021-07-26,59794383.158468254
2021-07-27,59520549.41222641
2021-07-28,59494944.90676672
2021-07-29,59740658.77161357
2021-07-30,59449179.95744546
2021-08-02,59323187.9405172
2021-08-03,59788681.366758384
2021-08-04,59477034.87040802
2021-08-05,59635914.671274535
2021-08-06,59384636.09161791
2021-08-09,59206593.4038529
2021-08-10,59166161.52921697
2021-08-11,59376541.29985704
2021-08-12,59491048.86439719
2021-08-13,59936650.23017376
2021-08-16,60205118.05405342
2021-08-17,59780977.93687207
2021-08-18,59098886.393794544
2021-08-19,59317641.320208035
2021-08-20,59728039.78061664
2021-08-23,60261813.600943126
2021-08-24,60194219.32831611
2021-08-25,60086179.734259725
2021-08-26,59716766.134971656
2021-08-27,60441595.81646642
2021-08-30,60820758.573901415
2021-08-31,60617135.627941385
2021-09-01,60672168.45283173
2021-09-02,60926678.14547554
2021-09-03,60767289.7651316
2021-09-07,60313683.401751526
2021-09-08,60401938.621878155
2021-09-09,60310197.47268944
2021-09-10,59646478.85858434
2021-09-13,59867931.92622392
2021-09-14,59767841.570507266
2021-09-15,60159835.15708295
2021-09-16,59874276.63271527
2021-09-17,59115923.11897108
2021-09-20,58428813.75312825
2021-09-21,58336461.50753286
2021-09-22,58954391.55926209
2021-09-23,59133962.94363897
2021-09-24,59052009.97661705
2021-09-27,58722737.488264106
2021-09-28,57313301.596912235
2021-09-29,57466159.63063817
2021-09-30,56831998.90241464
2021-10-01,57734891.56180881
2021-10-04,56965859.09349037
2021-10-05,57553900.14327536
2021-10-06,57790535.31715193
2021-10-07,58286106.80015296
2021-10-08,58179270.32939232
2021-10-11,57759368.06731078
2021-10-12,57616885.89420824
2021-10-13,57821819.18310867
2021-10-14,58787641.04458275
2021-10-15,59231666.73738206
2021-10-18,59404880.3384355
2021-10-19,59859453.31746317
2021-10-20,60092082.73737639
2021-10-21,60246782.490552194
2021-10-22,60183500.1969812
2021-10-25,60503318.28092594
2021-10-26,60556286.56477378
2021-10-27,60288244.538266115
2021-10-28,60865664.18204628
2021-10-29,60987314.78811384
2021-11-01,61090470.56137499
2021-11-02,61334963.60276908
2021-11-03,61706288.73558573
2021-11-04,61994371.158628084
2021-11-05,62207136.92898932
2021-11-08,62258759.80508891
2021-11-09,62052773.4343341
2021-11-10,61554851.314663164
2021-11-11,61573449.126835965
2021-11-12,62034591.36079536
2021-11-15,62054499.56358666
2021-11-16,62297661.83929983
2021-11-17,62145836.169680625
2021-11-18,62354647.4306974
2021-11-19,62242453.88241686
2021-11-22,62066856.96459597
2021-11-23,62147521.52505957
2021-11-24,62305243.40551874
2021-11-26,60920923.543008484
2021-11-29,61663445.793178275
2021-11-30,60468056.69561918
2021-12-01,59798432.81733661
2021-12-02,60548502.129775986
2021-12-03,60372060.74001297
2021-12-06,60781943.22032717
2021-12-07,61805672.11034357
2021-12-08,61774513.31352719
2021-12-09,61504790.89465888
2021-12-10,62123764.82246171
2021-12-13,61856393.81619696
2021-12-14,61326622.84271815
2021-12-15,62192547.57880807
2021-12-16,61816320.622957885
2021-12-17,61292433.7371073
2021-12-20,60592395.66889171
2021-12-21,61419784.25709092
2021-12-22,62085973.13101668
2021-12-23,62343351.58370388
2021-12-27,63241370.77852104
2021-12-28,63176861.60535913
2021-12-29,62947930.77618211
2021-12-30,62970319.23842611
2021-12-31,62741353.49631148
2022-01-03,62542775.629796326
2022-01-04,62490468.952382706
2022-01-05,61277857.22181021
2022-01-06,61218499.34788035
2022-01-07,60972882.33767562
2022-01-10,60895050.66965287
2022-01-11,61453923.827139765
2022-01-12,61620466.66789323
2022-01-13,60761904.265382856
2022-01-14,60785777.95064408
2022-01-18,59697362.88420248
2022-01-19,59070011.94020794
2022-01-20,58408320.03749158
2022-01-21,57248644.85500134
2022-01-24,57493182.656361
2022-01-25,56782652.38365282
2022-01-26,56637528.24885665
2022-01-27,56353687.35583139
2022-01-28,57767338.5903532
2022-01-31,58817690.407120824
2022-02-01,59218092.92766872
2022-02-02,59798145.30867159
2022-02-03,58376868.21054514
2022-02-04,58653100.80295853
2022-02-07,58461685.87536538
2022-02-08,58946643.999320984
2022-02-09,59817313.43432882
2022-02-10,58730243.59533042
2022-02-11,57558641.610443845
2022-02-14,57367248.27101166
2022-02-15,58301360.554591365
2022-02-16,58366240.099177994
2022-02-17,57104820.561484784
2022-02-18,56729821.83041595
2022-02-22,56113089.15603436
2022-02-23,55099678.00555404
2022-02-24,55937392.57203315
2022-02-25,57184599.20825339
2022-02-28,57035502.75066883
2022-03-01,56155893.90931319
2022-03-02,57199663.33015744
2022-03-03,56910518.890241444
2022-03-04,56441744.69972254
2022-03-07,54757644.600457795
2022-03-08,54336453.19507153
2022-03-09,55809594.85161102
2022-03-10,55553511.07103847
2022-03-11,54837721.86055419
2022-03-14,54431067.967582904
2022-03-15,55641312.397829995
2022-03-16,56888539.023028746
2022-03-17,57607333.48632589
2022-03-18,58244330.77246965
2022-03-21,58225980.657792486
2022-03-22,58911723.43237384
2022-03-23,58145672.59469564
2022-03-24,59028256.99577708
2022-03-25,59317685.26236338
2022-03-28,59741851.07921292
2022-03-29,60485689.78380153
2022-03-30,60107990.013762645
2022-03-31,59174145.239711925
2022-04-01,59342032.56928059
2022-04-04,59853385.08250148
2022-04-05,59089960.4377188
2022-04-06,58492987.73374645
2022-04-07,58789035.17041095
2022-04-08,58629322.83957604
2022-04-11,57617568.69061751
2022-04-12,57401079.60332626
2022-04-13,58063055.314136416
2022-04-14,57332692.671272025
2022-04-18,57355306.993305445
2022-04-19,58288086.85913004
2022-04-20,58243311.90685037
2022-04-21,57363665.05122786
2022-04-22,55774655.99746222
2022-04-25,56099817.548866674
2022-04-26,54459305.031829916
2022-04-27,54612756.91121988
2022-04-28,56003992.82490848
2022-04-29,53914353.4732065
2022-05-02,54240850.60299396
2022-05-03,54215401.76708923
2022-05-04,54217286.75442067
2022-05-05,54219086.479002655
2022-05-06,54220886.26332589
2022-05-09,54222856.74160264
2022-05-10,54224763.31712962
2022-05-11,54226691.28733698
2022-05-12,54228725.93652206
2022-05-13,54230888.52995881
2022-05-16,54233179.00701348
2022-05-17,54235448.28559445
2022-05-18,54237632.453716286
2022-05-19,54239859.31842069
2022-05-20,54242022.35584682
2022-05-23,54244313.303145915
2022-05-24,54246561.7459343
2022-05-25,54248810.281921305
2022-05-26,54251080.21456161
2022-05-27,54253350.2421827
2022-05-31,54255769.44265553
2022-06-01,54258167.45950869
2022-06-02,54260586.87478511
2022-06-03,54263091.55051555
2022-06-06,54265724.013756
2022-06-07,54268377.87705786
2022-06-08,54271053.14144712
2022-06-09,54273749.80797508
2022-06-10,54276616.70371811
2022-06-13,54280226.38757591
2022-06-14,54284026.876392856
2022-06-15,54287637.053066574
2022-06-16,54290929.44464361
2022-06-17,54294306.89348969
2022-06-21,54297854.17838717
2022-06-22,54301210.8440387
2022-06-23,54304610.14570738
2022-06-24,54308158.10376146
2022-06-27,54311897.01259351
2022-06-28,54315636.178835124
2022-06-29,54319333.22920062
2022-06-30,54322882.14917824
2022-07-01,54326431.30102234
2022-07-05,54330404.419165514
2022-07-06,54334356.65929966
2022-07-07,54338393.85499769
2022-07-08,54342473.67543098
2022-07-11,54347018.864186816
2022-07-12,54351627.778621055
2022-07-13,54356595.72267068
2022-07-14,54361564.12080915
2022-07-15,54366448.62548904
2022-07-18,54371649.731694944
2022-07-19,54376893.459683105
2022-07-20,54382095.56512095
2022-07-21,54387213.87905086
2022-07-22,54392353.75205721
2022-07-25,54397789.00656026
2022-07-26,54403077.39174397
2022-07-27,54408134.41762494
2022-07-28,54413149.72419382
2022-07-29,54418144.39335282
2022-08-01,54423434.75742443
2022-08-02,54428725.63580891
2022-08-03,54433932.69990526
2022-08-04,54439076.98808181
2022-08-05,54444369.38715568
2022-08-08,54449851.97489859
2022-08-09,54455356.18153631
2022-08-10,54460818.80468758
2022-08-11,54466197.66301051
2022-08-12,54471598.13593457
2022-08-15,54477209.88619356
2022-08-16,54482780.078237705
2022-08-17,54488308.69098694
2022-08-18,54493880.01786295
2022-08-19,54499515.13518883
2022-08-22,54505361.46013852
2022-08-23,54511145.23944106
2022-08-24,54516971.75419406
2022-08-25,54522904.17152832
2022-08-26,54528837.23441522
2022-08-29,54535002.429414295
2022-08-30,54541147.28505293
2022-08-31,54547271.79225389
2022-09-01,54553418.030370936
2022-09-02,54559501.818244234
2022-09-06,54565817.74431774
2022-09-07,54572176.46352993
2022-09-08,54578514.89131261
2022-09-09,54584875.09016161
2022-09-12,54591467.3065513
2022-09-13,54598270.38249523
2022-09-14,54604969.2867902
2022-09-15,54611626.985874705
2022-09-16,54618243.45632427
2022-09-19,54625259.83273789
2022-09-20,54632214.13456372
2022-09-21,54639064.30798337
2022-09-22,54645873.31536735
2022-09-23,54652536.0016667
2022-09-26,54659577.78178105
2022-09-27,54666536.45259984
2022-09-28,54673559.03283508
2022-09-29,54680519.483596705
2022-09-30,54687396.73926053
2022-10-03,54694527.038003154
2022-10-04,54701616.25151273
2022-10-05,54708727.395074785
2022-10-06,54715818.44915906
2022-10-07,54722889.40368038
2022-10-10,54730192.39581948
2022-10-11,54737727.27249512
2022-10-12,54745326.12820825
2022-10-13,54753093.817859605
2022-10-14,54760883.57593491
2022-10-17,54769030.61183133
2022-10-18,54777325.370839715
2022-10-19,54785663.234661974
2022-10-20,54794002.36762201
2022-10-21,54802321.840258725
2022-10-24,54810851.8141338
2022-10-25,54819320.355556324
2022-10-26,54827727.41752822
2022-10-27,54836156.70331182
2022-10-28,54844671.015877835
2022-10-31,54853333.12501666
2022-11-01,54861996.60223981
2022-11-02,54870619.59468548
2022-11-03,54879285.802115306
2022-11-04,54887869.637724906
2022-11-07,54896664.13997745
2022-11-08,54905418.19585903
2022-11-09,54914194.579780646
2022-11-10,54922930.49371073
2022-11-11,54931741.08127459
2022-11-14,54940626.35332823
2022-11-15,54949471.18960529
2022-11-16,54958317.44980366
2022-11-17,54967144.187916465
2022-11-18,54976014.24086973
2022-11-21,54985053.26090483
2022-11-22,54994051.88830907
2022-11-23,55003051.98839161
2022-11-25,55012074.50865073
2022-11-28,55021266.04243582
2022-11-29,55030396.29140816
2022-11-30,55039528.055457346
2022-12-01,55048556.559130885
2022-12-02,55057586.543810554
2022-12-05,55066722.81982015
2022-12-06,55075860.61190672
2022-12-07,55084853.12347766
2022-12-08,55093784.15001962
2022-12-09,55102758.60223344
2022-12-12,55111944.31851235
2022-12-13,55121068.63596848
2022-12-14,55130131.505487785
2022-12-15,55139174.87145412
2022-12-16,55148177.72066128
2022-12-19,55157350.019893564
2022-12-20,55166460.85671205
2022-12-21,55175510.182026014
2022-12-22,55184603.01160949
2022-12-23,55193676.32729341
2022-12-27,55203003.19239093
2022-12-28,55212331.63358229
2022-12-29,55221640.65026779
2022-12-30,55230867.19880715
2023-01-03,55240305.35809053
2023-01-04,55249766.12969848
2023-01-05,55259438.442238644
2023-01-06,55269112.44806435
2023-01-09,55278872.08909248
2023-01-10,55288675.41974183
2023-01-11,55298480.48894496
2023-01-12,55308140.328116514
2023-01-13,55317822.85994865
2023-01-17,55327612.101353906
2023-01-18,55337361.06787018
2023-01-19,55347132.76051268
2023-01-20,55356948.19672618
2023-01-23,55366786.38338721
2023-01-24,55376605.305036575
2023-01-25,55386404.948795274
2023-01-26,55396185.301802516
2023-01-27,55406009.4371494
2023-01-30,55415877.369471416
2023-01-31,55425726.02918452
2023-02-01,55435492.28380272
2023-02-02,56213666.01151274
2023-02-03,55614715.23802362
2023-02-06,55273519.52465244
2023-02-07,55995757.98972815
2023-02-08,55381968.6663333
2023-02-09,54900439.72126823
2023-02-10,55027547.261021264
2023-02-13,55672856.67833544
2023-02-14,55646108.654089764
2023-02-15,55825828.767898515
2023-02-16,55055492.44312881
2023-02-17,54916746.38453217
2023-02-21,53813108.06625412
2023-02-22,53737807.75501307
2023-02-23,54017445.65097592
2023-02-24,53438781.54537743
2023-02-27,53619890.78496789
2023-02-28,53420436.83925306
2023-03-01,53214250.35097334
2023-03-02,53197390.63850703
2023-03-03,53207167.80349979
2023-03-06,53216987.08590677
2023-03-07,53227029.84694875
2023-03-08,53237114.78891422
2023-03-09,53247161.3483244
2023-03-10,53257129.17877161
2023-03-13,53266836.58344309
2023-03-14,53276565.94900599
2023-03-15,53286054.6227523
2023-03-16,53295504.54082632
2023-03-17,53304530.914517835
2023-03-20,53314145.90161565
2023-03-21,53323701.95440712
2023-03-22,53333279.94846107
2023-03-23,53342738.24162426
2023-03-24,53352198.212151185
2023-03-27,53362024.04542234
2023-03-28,53371629.163925245
2023-03-29,53381236.01134123
2023-03-30,53391168.29938625
2023-03-31,53400859.6529432
2023-04-03,53410734.9115529
2023-04-04,53391932.10868314
2023-04-05,53463748.38940215
2023-04-06,53674361.65916369
2023-04-10,53195739.7860987
2023-04-11,53176451.08379222
2023-04-12,53102470.27485818
2023-04-13,53617887.97207007
2023-04-14,53212332.78587337
2023-04-17,53051902.59633146
2023-04-18,53159918.83743878
2023-04-19,53025719.727858685
2023-04-20,53031136.834085315
2023-04-21,52931631.80139413
2023-04-24,53231908.4350477
2023-04-25,52902370.76669054
2023-04-26,52465373.88751071
2023-04-27,53142126.29034661
2023-04-28,53975684.31945201
2023-05-01,53290910.092416756
2023-05-02,53369193.59672937
2023-05-03,53338514.02411531
2023-05-04,52945484.91391269
2023-05-05,53612198.530265786
2023-05-08,53292297.388742596
2023-05-09,52983930.04069877
2023-05-10,53612315.84614009
2023-05-11,53702804.39339054
2023-05-12,53307022.28982796
2023-05-15,53360365.1224773
2023-05-16,52824337.29354202
2023-05-17,53279222.130112015
2023-05-18,53452017.0042933
2023-05-19,53160695.605329596
2023-05-22,53071149.68717812
2023-05-23,52549749.27290627
2023-05-24,52022263.98734466
2023-05-25,52124164.333224885
2023-05-26,52883413.8378662
2023-05-30,53298699.63118386
2023-05-31,53189282.7688237
2023-06-01,53819446.06792605
2023-06-02,54164058.716148466
2023-06-05,54032600.54379268
2023-06-06,54169019.86228488
2023-06-07,53593071.87367097
2023-06-08,54254687.137407035
2023-06-09,54152681.001205646
2023-06-12,54716149.17823719
2023-06-13,54694948.492095344
2023-06-14,54818137.41681258
2023-06-15,55891764.43095196
2023-06-16,55466258.45993513
2023-06-20,55322766.091836
2023-06-21,55076847.52722709
2023-06-22,54968807.31054231
2023-06-23,54756684.899823
2023-06-26,54649859.1435482
2023-06-27,55050992.150492534
2023-06-28,55274997.61906777
2023-06-29,54946950.098199695
2023-06-30,55697852.01343863
2023-07-03,55523562.631800756
2023-07-05,55413519.91595201
2023-07-06,54976174.32192133
2023-07-07,54835489.21378177
2023-07-10,54973866.70986088
2023-07-11,55324670.17232881
2023-07-12,55770997.84099833
2023-07-13,56214795.925855815
2023-07-14,56178427.65461674
2023-07-17,56373334.56690532
2023-07-18,56793252.93095247
2023-07-19,56919015.1157864
2023-07-20,56538198.14059093
2023-07-21,56537009.066552356
2023-07-24,56789742.95397656
2023-07-25,56944415.75571028
2023-07-26,56952013.502828196
2023-07-27,56571202.26804726
2023-07-28,57126857.67631884
2023-07-31,57235015.32034183
2023-08-01,57069143.24847647
2023-08-02,56269746.061800145
2023-08-03,56106405.11824242
2023-08-04,55850060.16510443
2023-08-07,56339100.695952564
2023-08-08,56091546.14960775
2023-08-09,55713266.08900715
2023-08-10,55732197.61475573
2023-08-11,55698333.830020085
2023-08-14,56006383.44191917
2023-08-15,55349051.48394155
2023-08-16,54939360.38009571
2023-08-17,54517098.67499464
2023-08-18,54542331.65164353
2023-08-21,54898164.44840507
2023-08-22,54747421.45303541
2023-08-23,55359673.50476349
2023-08-24,54586704.84305563
2023-08-25,54972701.33289902
2023-08-28,55316712.92869415
2023-08-29,56120017.63111799
2023-08-30,56351368.62858353
2023-08-31,56267216.91990209
2023-09-01,56371617.000936106
2023-09-05,56125293.68294523
2023-09-06,55744485.81102815
2023-09-07,55571105.22938412
2023-09-08,55654135.65782819
2023-09-11,56021249.49040166
2023-09-12,55710848.62539494
2023-09-13,55775025.64492082
2023-09-14,56257775.80647694
2023-09-15,55574525.70736322
2023-09-18,55606070.464403436
2023-09-19,55489281.974562086
2023-09-20,54976560.18405822
2023-09-21,54064104.17467637
2023-09-22,53941072.36329304
2023-09-25,54167471.091698386
2023-09-26,53368172.09619498
2023-09-27,53388438.527234726
2023-09-28,53697822.38269158
2023-09-29,53565996.010244764
2023-10-02,53543528.43699965
2023-10-03,52823422.16054132
2023-10-04,53208228.1306194
2023-10-05,53187028.73372163
2023-10-06,53819461.400053084
2023-10-09,54164021.22623405
2023-10-10,54445732.00841857
2023-10-11,54668360.32316555
2023-10-12,54332872.68279776
2023-10-13,54060237.47809486
2023-10-16,54629805.53308053
2023-10-17,54626165.12258165
2023-10-18,53894722.325572476
2023-10-19,53418471.21667106
2023-10-20,52758702.72976725
2023-10-23,52665846.87999174
2023-10-24,53063238.614921086
2023-10-25,52297877.29224192
2023-10-26,51668305.0563667
2023-10-27,51432176.63104051
2023-10-30,52048300.959437884
2023-10-31,52375302.81708132
2023-11-01,52934851.03816097
2023-11-02,53951919.294777595
2023-11-03,54444808.67654595
2023-11-06,54569380.52372211
2023-11-07,54724109.00082724
2023-11-08,54763212.37867057
2023-11-09,54333447.4158133
2023-11-10,55183307.316773795
2023-11-13,55129367.7350903
2023-11-14,56201718.04132141
2023-11-15,56319968.49506599
2023-11-16,56387952.29088467
2023-11-17,56457176.39119082
2023-11-20,56892182.51729998
2023-11-21,56766557.04152255
2023-11-22,56985362.86981914
2023-11-24,57019387.365049645
2023-11-27,56909412.66515148
2023-11-28,56964795.620328695
2023-11-29,56923390.75981319
2023-11-30,57147218.22488243
2023-12-01,57485421.002467915
2023-12-04,57181296.67451341
2023-12-05,57168799.84442406
2023-12-06,56936324.02761883
2023-12-07,57371320.47439991
2023-12-08,57617761.991141796
2023-12-11,57841569.79178138
2023-12-12,58105610.37080265
2023-12-13,58908869.937188804
2023-12-14,59097469.07484238
2023-12-15,58998549.150682576
2023-12-18,59329230.19677122
2023-12-19,59688811.69001542
2023-12-20,58860527.85221966
2023-12-21,59417462.11902694
2023-12-22,59535690.0114771
2023-12-26,59785912.70937164
2023-12-27,59892826.72227064
2023-12-28,59914269.22543886
2023-12-29,59739611.8231423
2024-01-02,59404060.85353429
2024-01-03,59017086.51014294
2024-01-04,58457928.81063989
2024-01-05,58309828.246775165
2024-01-08,59323217.96807945
2024-01-09,59195143.3431279
2024-01-10,59423773.40243097
2024-01-11,59694484.66690499
2024-01-12,59878846.978283934
2024-01-16,59176874.08871656
2024-01-17,58644500.07500482
2024-01-18,59024791.09385698
2024-01-19,59756867.88197483
2024-01-22,60048460.82502026
2024-01-23,60062797.43072237
2024-01-24,59948366.31312376
2024-01-25,60516696.641601354
2024-01-26,60320713.23384977
2024-01-29,61138630.9477862
2024-01-30,61156503.6638325
2024-01-31,60631557.382180035
2024-02-01,61764717.51120286
2024-02-02,61641238.28983437
2024-02-05,60836654.60487244
2024-02-06,61316160.76565437
2024-02-07,61711028.01498952
2024-02-08,61533732.29424271
2024-02-09,61773119.50448067
2024-02-12,61787099.80094425
2024-02-13,60268902.37137863
2024-02-14,61034398.72728028
2024-02-15,61611477.02925934
2024-02-16,61029541.66499977
2024-02-20,60772880.4700801
2024-02-21,60626357.631133236
2024-02-22,61900152.53935119
2024-02-23,62200201.33001687
2024-02-26,61849844.29864196
2024-02-27,61811342.2365083
2024-02-28,61938679.811880305
2024-02-29,62270149.83122299
2024-03-01,63117832.485764444
2024-03-04,62899457.92367961
2024-03-05,62639108.8276315
2024-03-06,63086280.593125135
2024-03-07,63791448.53083584
2024-03-08,63445075.98560132
2024-03-11,63299830.5258263
2024-03-12,63704962.95464471
2024-03-13,63455524.87684653
2024-03-14,62861655.891938895
2024-03-15,62310438.80529036
2024-03-18,62592314.1890289
2024-03-19,63103218.14132451
2024-03-20,63814477.987353995
2024-03-21,64015811.44048688
2024-03-22,64181648.9262794
2024-03-25,63828688.158508845
2024-03-26,63788311.96767482
2024-03-27,64539710.080799416
2024-03-28,64454439.93472193
2024-04-01,63772962.84407028
2024-04-02,63221154.89680188
2024-04-03,63348582.89257134
2024-04-04,62772760.707488835
2024-04-05,63002929.8105764
2024-04-08,62883437.3016619
2024-04-09,63188626.04471681
2024-04-10,61717032.10858942
2024-04-11,62079720.22253241
2024-04-12,61461714.2965809
2024-04-15,60285654.03582517
2024-04-16,59923877.16179536
2024-04-17,59934684.71739756
2024-04-18,59589984.481525294
2024-04-19,59134545.109143704
2024-04-22,59669203.41341097
2024-04-23,60437792.85115858
2024-04-24,60215018.511733994
2024-04-25,59746132.14397229
2024-04-26,60461761.31399446
2024-04-29,60900983.54245488
2024-04-30,59648536.22813508
2024-05-01,59674800.95155614
2024-05-02,60201534.62717236
2024-05-03,60945301.087177634
2024-05-06,61572433.0434734
2024-05-07,61639066.98102349
2024-05-08,61643803.59708867
2024-05-09,61997227.39707854
2024-05-10,62075756.88837524
2024-05-13,62082867.22205949
2024-05-14,62366065.05235441
2024-05-15,63135986.68191421
2024-05-16,63005025.625164285
2024-05-17,63094237.56574645
2024-05-20,63165597.798371255
2024-05-21,63319073.732637055
2024-05-22,63135752.425779626
2024-05-23,62674000.58404284
2024-05-24,63086898.551146775
2024-05-28,63123372.63388074
2024-05-29,62680654.43666778
2024-05-30,62264130.04326489
2024-05-31,62829352.404478595
2024-06-03,62879284.00011039
2024-06-04,63247169.52330944
2024-06-05,64206786.55523419
2024-06-06,64163901.646152
2024-06-07,63412876.162681244
2024-06-10,63458473.0945835
2024-06-11,63929763.044494666
2024-06-12,64789638.5937774
2024-06-13,65318036.7138541
2024-06-14,65487669.64845545
2024-06-17,65697230.34951804
2024-06-18,66119651.38802208
2024-06-20,65769224.63303676
2024-06-21,65680177.12140332
2024-06-24,65507455.68489116
2024-06-25,65794079.16144284
2024-06-26,65484047.99729845
2024-06-27,65711267.54587043
2024-06-28,65108391.13560639
2024-07-01,64759508.16681145
2024-07-02,65419170.012881935
2024-07-03,66114966.69483707
2024-07-05,66826612.58791384
2024-07-08,66907641.883060485
2024-07-09,66870609.220193416
2024-07-10,67569912.58713382
2024-07-11,67377191.41702661
2024-07-12,67911420.0732477
2024-07-15,67883382.67726141
2024-07-16,68541379.3257156
2024-07-17,67636403.10995667
2024-07-18,66935980.795428395
2024-07-19,66287598.358869515
2024-07-22,66886869.79309428
2024-07-23,66814708.29719774
2024-07-24,65167802.98385953
2024-07-25,64956439.125537366
2024-07-26,65956463.84867972
2024-07-29,66084682.16039051
2024-07-30,65872244.827991866
2024-07-31,67361831.89631484
2024-08-01,66683628.45011759
2024-08-02,66420965.36340622
2024-08-05,64622693.18566745
2024-08-06,64633699.71704665
2024-08-07,63982725.41804325
2024-08-08,65210616.939457156
2024-08-09,65724512.7579269
2024-08-12,65915469.314694084
2024-08-13,67217266.86098598
2024-08-14,67488517.12923177
2024-08-15,68200977.33001448
2024-08-16,68454846.0377051
2024-08-19,69158053.26318152
2024-08-20,69308487.3182678
2024-08-21,69661366.389764
2024-08-22,68808924.2554967
2024-08-23,69812758.31955287
2024-08-26,69554367.5110723
2024-08-27,69588010.62260592
2024-08-28,69148853.62383963
2024-08-29,69017844.38212405
2024-08-30,69392996.14864151
2024-09-03,68457582.68368311
2024-09-04,68715102.1667544
2024-09-05,68703211.1154744
2024-09-06,67685922.01350504
2024-09-09,68489292.52554256
2024-09-10,69052500.99630532
2024-09-11,69658606.4891379
2024-09-12,70087668.88468099
2024-09-13,70553362.64442252
2024-09-16,70818963.74333517
2024-09-17,70706456.36969893
2024-09-18,70193370.52524653
2024-09-19,71262753.72147931
2024-09-20,71109829.13790914
2024-09-23,71222248.43360095
2024-09-24,71479552.77566217
2024-09-25,71033814.13081846
2024-09-26,71238829.23750642
2024-09-27,71402242.16881277
2024-09-30,71470181.8750966
2024-10-01,71097272.15489665
2024-10-02,70913979.91490883
2024-10-03,70421162.56741008
2024-10-04,70348276.53660722
2024-10-07,69462695.14250325
2024-10-08,70145475.12377357
2024-10-09,70339911.82004935
2024-10-10,70197521.19653982
2024-10-11,70615266.6683582
2024-10-14,71039503.18884659
2024-10-15,70845213.31507425
2024-10-16,71239975.70076121
2024-10-17,70866421.92573549
2024-10-18,71199011.87022635
2024-10-21,70526440.3857008
2024-10-22,70407590.1977005
2024-10-23,69594360.32950003
2024-10-24,69881403.62950616
2024-10-25,69689614.60249475
2024-10-28,69726699.94078518
2024-10-29,69853169.13952102
2024-10-30,69526088.1832978
2024-10-31,68121541.19142611
2024-11-01,67988718.72880623
2024-11-04,68190162.65529808
2024-11-05,69031789.84829216
2024-11-06,70028517.84696916
2024-11-07,71105309.44374108
2024-11-08,71542033.5506032
2024-11-11,71408747.64159478
2024-11-12,70747957.84360132
2024-11-13,70724229.22825585
2024-11-14,70245465.46689571
2024-11-15,69355801.97657178
2024-11-18,69780175.86972207
2024-11-19,70167152.30935046
2024-11-20,70075007.76542702
2024-11-21,70401413.15154661
2024-11-22,70649530.58592947
2024-11-25,71619231.20654956
2024-11-26,71826432.05449505
2024-11-27,71878427.71667057
2024-11-29,72600539.28826526
2024-12-02,72708255.12085918
2024-12-03,72528306.07898003
2024-12-04,73224779.70239322
2024-12-05,73084424.46815774
2024-12-06,73426889.20215812
2024-12-09,72800025.33415513
2024-12-10,72437694.91031528
2024-12-11,72769539.12944576
2024-12-12,72117155.09765622
2024-12-13,71760206.92319883
2024-12-16,72074304.05744419
2024-12-17,71763312.0492662
2024-12-18,69067700.7952549
2024-12-19,68718600.80597368
2024-12-20,69782065.77177064
2024-12-23,69879905.5164804
2024-12-24,70677734.49495684
2024-12-26,70720478.66630743
2024-12-27,69786204.70846857
2024-12-30,69379806.71444853
2024-12-31,68989207.13187931
2025-01-02,68843663.83860578
2025-01-03,69665022.59951063
2025-01-06,70063337.54655533
2025-01-07,69273254.1422924
2025-01-08,69372708.9967741
2025-01-10,68316585.22399491
2025-01-13,68420773.51532409
2025-01-14,68513223.54054247
2025-01-15,69753077.11228532
2025-01-16,69618131.88394426
2025-01-17,70312970.25045405
2025-01-21,70952695.28509499
2025-01-22,71348654.14605102
2025-01-23,71735226.3814794
2025-01-24,71525219.98494333
2025-01-27,70515943.3047486
2025-01-28,71118170.76596107
2025-01-29,70799191.75822453
2025-01-30,71176387.60608162
2025-01-31,70797643.62924935
2025-02-03,70321629.87841064
2025-02-04,70916371.4463086
2025-02-05,71595652.76359998
2025-02-06,71745447.36984335
2025-02-07,70848660.56928042
2025-02-10,71297534.7270794
2025-02-11,71156318.51895319
2025-02-12,70429233.26033221
2025-02-13,71684262.23809932
2025-02-14,71960349.96604562
2025-02-18,71780879.56605724
2025-02-19,72047995.75184652
2025-02-20,71879378.00383547
2025-02-21,71059818.32197195
2025-02-24,70875989.9905151
2025-02-25,71059172.04156137
2025-02-26,71273923.55576997
2025-02-27,70070930.64073908
2025-02-28,71509117.64687927
2025-03-03,70535598.04755467
2025-03-04,69495098.27966179
2025-03-05,69813194.53344359
2025-03-06,68554124.98491684
2025-03-07,68827137.30901146
2025-03-10,67503239.63367015
2025-03-11,66701622.812071554
2025-03-12,66829815.69518381
2025-03-13,66214884.155815944
2025-03-14,67299108.27674557
2025-03-17,67848843.17890055
2025-03-18,67197819.79615957
2025-03-19,68101863.20383184
2025-03-20,67995423.51600242
2025-03-21,67948107.68057859
2025-03-24,68728498.96446297
2025-03-25,68989458.48956978
2025-03-26,68019356.57709107
2025-03-27,67773192.10684332
2025-03-28,66966612.24300172
2025-03-31,67584878.09141104
2025-04-01,67989719.63894118
2025-04-02,67893409.05772522
2025-04-03,68574894.11288773
2025-04-04,68758896.1628903
2025-04-07,67974686.0065837
2025-04-08,67640525.0592441
2025-04-09,67428980.56516512
2025-04-10,67011099.733111545
2025-04-11,66632035.03288068
2025-04-14,67170196.89686967
2025-04-15,67367790.36620618
2025-04-16,67656508.4420216
2025-04-17,67465777.64082319
2025-04-21,67104575.256148025
2025-04-22,67153110.58722807
2025-04-23,67222939.49704759
2025-04-24,67583966.10023026
2025-04-25,67836183.67957102
2025-04-28,68101126.99418241
2025-04-29,68329577.96409467
2025-04-30,68432335.59107558
2025-05-01,68142711.68811053
2025-05-02,67694983.12444332
2025-05-05,67573897.2142264
2025-05-06,67742500.50830527
2025-05-07,67917316.74088287
2025-05-08,67397754.28918406
2025-05-09,67446192.94038035
2025-05-12,67019363.41250737
2025-05-13,66967836.338909455
2025-05-14,66714969.38888824
2025-05-15,67154296.97741917
2025-05-16,67174402.37369898
2025-05-19,67137368.70141591
2025-05-20,67050146.18721067
2025-05-21,66582575.791382544
2025-05-22,66835059.93389439
2025-05-23,67028437.30845751
2025-05-27,67299166.59714934
2025-05-28,67113559.23497109
2025-05-29,67390106.62362705
2025-05-30,67587146.11717281
2025-06-02,67359532.09447421
2025-06-03,67632247.48231532
2025-06-04,68091905.94565825
2025-06-05,67553819.22561437
2025-06-06,67701817.6161728
2025-06-09,67871219.45255926
2025-06-10,68358175.75253342
2025-06-11,68426930.87952513
2025-06-12,68975025.163594
2025-06-13,67948166.27849644
2025-06-16,68389049.28574936
2025-06-17,68117195.07231048
2025-06-18,68135680.0464101
2025-06-20,68004957.71981889
2025-06-23,68890991.95825292
2025-06-24,69862192.51014204
2025-06-25,69915342.11680733
2025-06-26,70678401.75031705
2025-06-27,70837454.67722249
2025-06-30,71422311.2579034
2025-07-01,71263522.1020355
2025-07-02,71429296.34933685
2025-07-03,71741239.08082679
2025-07-07,70987416.25020666
2025-07-08,70836296.15292723
2025-07-09,71592034.04804997
2025-07-10,71743412.15313211
2025-07-11,71170942.77421892
2025-07-14,71264118.36727661
2025-07-15,70684950.13799013
2025-07-16,71093020.56533088
2025-07-17,71492148.50364764
2025-07-18,71610856.05247992
2025-07-21,71965906.93649758
2025-07-22,72152343.1833246
2025-07-23,72508725.58397286
2025-07-24,72420285.37899421
2025-07-25,72866542.20984228
2025-07-28,72686914.08605541
2025-07-29,72919969.08992377
2025-07-30,72584857.70100638
2025-07-31,72356936.92551349
2025-08-01,71932443.20674607
2025-08-04,73083082.76170857
2025-08-05,72657917.74100001
2025-08-06,73143077.24630275
2025-08-07,73021308.33612706
2025-08-08,73416215.39229292
2025-08-11,73280586.10810702
2025-08-12,74022851.21005832
2025-08-13,74518287.35425653
2025-08-14,74271397.49916485
2025-08-15,73937785.18853365
2025-08-18,73837032.92026226
2025-08-19,73612877.04653732
2025-08-20,73513734.27646923
2025-08-21,72991158.27229401
2025-08-22,74491011.68952183
2025-08-25,74009809.93868855
2025-08-26,74479635.1681044
2025-08-27,74771117.07075024
2025-08-28,75186202.02359885
2025-08-29,74670707.33151272
2025-09-02,73892759.25484836
2025-09-03,74528397.76360837
2025-09-04,75456626.26207672
2025-09-05,75588377.43722463
2025-09-08,75982661.94955562
2025-09-09,75965883.99706586
2025-09-10,76362490.51806867
2025-09-11,77077705.04224847
2025-09-12,76828583.64122622
2025-09-15,77333424.05277759
2025-09-16,77261497.19256508
2025-09-17,76996562.54249504
2025-09-18,77091248.21949263
2025-09-19,77419867.56326856
2025-09-22,77641278.34594405
2025-09-23,77420864.6184684
2025-09-24,76969925.58711675
2025-09-25,76449308.08976758
2025-09-26,76825717.51764826
2025-09-29,77237876.96711753
2025-09-30,77477764.7895585
2025-10-01,77969972.46176824
2025-10-02,78119888.03857078
2025-10-03,77960703.72117127
2025-10-06,78006290.82188009
2025-10-07,77893463.94602866
2025-10-08,78348459.67579415
2025-10-09,78059709.10295817
2025-10-10,76442374.71666808
2025-10-13,77605333.07766166
2025-10-14,77688451.6259862
2025-10-15,77926227.79546149
2025-10-16,77737050.86890192
2025-10-17,78030059.75127847
2025-10-20,78899529.31431709
2025-10-21,79019780.98121229
2025-10-22,78624750.7025875
2025-10-23,78822661.1768034
2025-10-24,79500781.42783298
2025-10-27,80395608.03040513
2025-10-28,80656649.58550556
2025-10-29,80209559.20033242
2025-10-30,79231052.8701326
2025-10-31,79501459.45305577
2025-11-03,79598345.83869755
2025-11-04,78755565.59301558
2025-11-05,78658603.09455088
2025-11-06,78193994.48647514
2025-11-07,78285930.25780717
2025-11-10,79363640.0317524
2025-11-11,79755681.27813044
2025-11-12,79800503.33790937
2025-11-13,78286305.70439136
2025-11-14,78138659.16131514
2025-11-17,77497468.10235414
2025-11-18,76970436.67658663
2025-11-19,77193574.90539664
2025-11-20,76207124.28067292
2025-11-21,77174897.19895029
2025-11-24,78365661.90236866
2025-11-25,79264594.55603878
2025-11-26,79843369.18744811
2025-11-28,80117212.15046827
2025-12-01,79335173.47596744
2025-12-02,79528455.42131904
2025-12-03,79942666.89849319
2025-12-04,79747051.94588749
2025-12-05,79721033.71792091
2025-12-08,79312485.3497343
2025-12-09,79118740.97388466
2025-12-10,79870131.54482342
2025-12-11,80046339.36647224
2025-12-12,78981802.76196736
2025-12-15,78915679.17075038
2025-12-16,78908344.93455699
2025-12-17,78029771.32863037
2025-12-18,78793319.73130679
2025-12-19,79302566.52612509
2025-12-22,79690057.4935616
2025-12-23,79999666.83953632
2025-12-24,80462645.88982451
2025-12-26,80513286.13227466
2025-12-29,80332332.31101196
2025-12-30,80142984.79384944
2025-12-31,79293744.9921066
2026-01-02,79357450.0362858
2026-01-05,80095157.02512562
2026-01-06,80489882.62602761
2026-01-07,80367785.08469267
2026-01-08,80113164.63192862
2026-01-09,80706466.02585573
2026-01-12,80719764.48528051
2026-01-13,80644753.81399228
2026-01-14,80404503.04642777
2026-01-15,80443683.99059933
2026-01-16,80065789.41744478
2026-01-20,78143201.54419641
2026-01-21,79222110.12237349
2026-01-22,79606766.56484425
2026-01-23,79751238.44970843
2026-01-26,80248565.067
2026-01-27,80459230.7774703
2026-01-28,80372330.30977784
2026-01-29,80282667.08344644
2026-01-30,79984745.93265127
2026-02-02,80208416.03520441
2026-02-03,79599587.78266476
2026-02-04,79189540.02059391
2026-02-05,78658984.15583529
2026-02-06,80122441.12814881
2026-02-09,80503049.84045646
2026-02-10,80620951.12291671
2026-02-11,80371862.20111683
2026-02-12,79618756.33582242
2026-02-13,79962751.74995886
2026-02-17,80066028.60688747
2026-02-18,80284443.82766853
2026-02-19,80136565.22443834
2026-02-20,80685310.5440998
2026-02-23,80149847.39042144
2026-02-24,80665586.5550841
2026-02-25,81244650.95365664
2026-02-26,81007014.3351801
2026-02-27,80936631.97602445
2026-03-02,80486741.89731391
2026-03-03,79694035.07470232
2026-03-04,80059799.65932326
2026-03-05,79362296.55258748
2026-03-06,78282997.64963903
2026-03-09,79180426.78367943
2026-03-10,78792314.92772888
2026-03-11,78324795.52534948
2026-03-12,76890148.76005785
2026-03-13,76366525.18751277
2026-03-16,77464563.6464815
2026-03-17,77786550.2668305
2026-03-18,76358467.9150953
2026-03-19,76151256.82510924
2026-03-20,74372463.84831211
2026-03-23,75366275.84535253
2026-03-24,74853468.60129234
2026-03-25,75645197.83102646
2026-03-26,73700271.48117903
2026-03-27,72444022.1773991
2026-03-30,72701747.73885763
2026-03-31,74905003.14911708
2026-04-01,75386050.72697796
2026-04-02,75606621.52923352
2026-04-06,75756993.97833899
2026-04-07,75958701.81590113
2026-04-08,78012495.60692474
2026-04-09,78420043.15870646
2026-04-10,78235310.83467142
2026-04-13,79135299.82896815
2026-04-14,80305647.2953533
2026-04-15,80733510.33534831
2026-04-16,80771306.65900406
2026-04-17,82159467.29041871
2026-04-20,81908135.38118793
2026-04-21,81014283.94477664
2026-04-22,81894348.35842367
2026-04-23,81439705.1050549
2026-04-24,82209641.47299059
2026-04-27,82149443.08659872
2026-04-28,81663124.40149647
2026-04-29,81254639.36283487
2026-04-30,82198227.9697336
2026-05-01,82471160.010382
2026-05-04,81857754.64918442
2026-05-05,82617748.63427663
2026-05-06,84148847.65496668
2026-05-07,83631994.48772769
2026-05-08,84517197.60957178
2026-05-11,84421090.31659329
2026-05-12,84005251.03857702
2026-05-13,84459693.9065432
2026-05-14,85059190.77748081
2026-05-15,83375845.07783088
2026-05-18,83266744.90686412
2026-05-19,82377925.81414294
2026-05-20,83760834.54193963
2026-05-21,83963175.48489878
2026-05-22,84345610.57157741
2026-05-26,85226100.49656759
2026-05-27,85231942.1309473
2026-05-28,85877436.75983573
2026-05-29,86170890.32394734
2026-06-01,86241788.32601969
2026-06-02,86404502.48441042
2026-06-03,85577022.52164939
2026-06-04,85988901.32616943
2026-06-05,83333898.54500152
2026-06-08,83416550.60108289
2026-06-09,83389195.98678285
2026-06-10,81989781.53123339
2026-06-11,83926794.1726593
2026-06-12,84221423.71779959
2026-06-15,85761398.82883294
2026-06-16,85449122.19565547
2026-06-17,83951175.31352882
2026-06-18,85096356.47036998
2026-06-22,84506076.05933514
2026-06-23,83381884.46589595
2026-06-24,83858498.99233049
2026-06-25,84014049.72307909
2026-06-26,83609115.20082489
2026-06-29,84967806.97639817
2026-06-30,85181310.1301278
2026-07-01,84854712.33450541
2026-07-02,84807804.58710141
2026-07-06,85574242.36493486
2026-07-07,84741908.32622525
2026-07-08,84301056.34910473
2026-07-09,85169477.3433363
2026-07-10,85447927.98183009
2026-07-13,84485858.81717429
2026-07-14,84998235.91554089
2026-07-15,85519215.2858155
2026-07-16,84992392.58795671
2026-07-17,84248089.85480402
2026-07-20,83836025.20081905
2026-07-21,84313383.11090237
2026-07-22,84015002.04074149
2026-07-23,82741781.36949505
2026-07-24,82970234.10629244
2026-07-27,83194090.1265909
2026-07-28,83624353.77293369
2026-07-29,81986735.79822008
2026-07-30,83379192.48752297
2026-07-31,83734620.59339234
2026-08-03,85080278.28518295
2026-08-04,86571173.76088388
2026-08-05,86396584.89998354
2026-08-06,86256803.28983042
