data,kapital,chast1,chast2,protsent,izderzhki,nominal_chast2,nominal_chast1,zalog,rynkov_v_pozicii
1997-09-09,9999498.01,4999885.25,4999612.76,0.0,501.99,14534206.3,4950187.5,953062.68,22
1997-09-10,9982862.7,4996599.41,4986263.3,1394.37,0.0,14520159.67,4946204.4,953062.68,22
1997-09-11,9968807.43,4990119.9,4978687.52,1380.96,0.0,14511894.13,4939033.8,953062.68,22
1997-09-12,9997805.11,5017904.22,4979900.88,1384.56,0.0,14512416.0,4966125.0,953062.68,22
1997-09-15,10024054.88,5021578.72,5002476.16,4140.76,209.16,14504095.95,4967721.3,953062.68,22
1997-09-16,10109528.3,5071679.91,5037848.38,1392.23,0.0,14538773.39,5017125.0,953062.68,22
1997-09-17,10130572.59,5076361.88,5054210.71,1392.87,0.0,14554441.6,5021108.1,953062.68,22
1997-09-18,10138127.95,5074675.75,5063452.2,1398.58,0.0,14562985.33,5018721.3,953062.68,22
1997-09-19,10145305.89,5077763.29,5067542.6,1399.62,36.96,14571260.27,5021108.1,953062.68,22
1997-09-22,10180028.65,5090212.45,5089816.2,4168.03,0.0,14591451.96,5031471.3,953062.68,22
1997-09-23,10159918.99,5080543.65,5079375.34,1388.44,0.0,14580316.9,5021108.1,953062.68,22
1997-09-24,10178848.92,5093983.76,5084865.17,1380.06,0.0,14585116.78,5033858.1,953062.68,22
1997-09-25,10155439.81,5070760.62,5084679.19,1360.01,49.5,14580175.9,5009954.4,953062.68,22
1997-09-26,10182458.07,5084186.72,5098271.35,1354.06,9.0,14593879.12,5022704.4,953062.68,22
1997-09-29,10191161.65,5083853.87,5107307.78,4123.9,19.6,14601190.84,5020312.5,953062.68,22
1997-09-30,10181489.47,5090822.16,5090667.31,1378.64,303.11,18872147.41,5013937.5,1280551.42,24
1997-10-01,10230364.33,5114627.52,5115736.81,1394.3,0.0,18896519.77,5037045.6,1280551.42,24
1997-10-02,10247506.08,5122509.17,5124996.91,1412.36,0.0,18905073.62,5044221.3,1280551.42,24
1997-10-03,10274529.08,5124803.34,5149725.73,1406.19,0.0,18929098.83,5045812.5,1280551.42,24
1997-10-06,10291684.43,5141242.22,5150442.21,4195.43,63.0,18928755.5,5060158.8,1280551.42,24
1997-10-07,10290065.28,5149108.42,5140956.86,1392.24,0.0,18918573.58,5067329.4,1280551.42,24
1997-10-08,10219955.21,5109967.31,5109987.9,1409.17,0.0,18886900.43,5027483.1,1280551.42,24
1997-10-09,10166725.8,5105892.6,5060833.2,1408.08,0.0,18837041.85,5022704.4,1280551.42,24
1997-10-10,10139554.02,5088272.3,5051281.72,1412.05,0.0,18826787.31,5004375.0,1280551.42,24
1997-10-13,10148082.2,5090392.41,5057689.79,4224.81,0.0,18831090.67,5004375.0,1280551.42,24
1997-10-14,10164874.14,5112616.36,5052257.78,1409.46,0.0,18824956.21,5025891.9,1280551.42,24
1997-10-15,10158169.0,5104552.4,5053616.6,1397.67,0.0,18825620.34,5017125.0,1280551.42,24
1997-10-16,10167482.25,5105251.44,5062230.81,1391.1,0.0,18833542.66,5017125.0,1280551.42,24
1997-10-17,10131581.86,5086031.44,5045550.42,1395.2,19.46,18816835.62,4997204.4,1280551.42,24
1997-10-20,10125092.28,5092099.77,5032992.51,4153.95,0.0,18802209.2,5001187.5,1280551.42,24
1997-10-21,10121052.42,5092794.27,5028258.15,1380.95,0.0,18796788.05,5001187.5,1280551.42,24
1997-10-22,10118940.38,5098276.86,5020663.52,1388.83,0.0,18788503.6,5005971.3,1280551.42,24
1997-10-23,10119066.42,5126079.04,4992987.38,1411.03,0.0,18760127.36,5033062.5,1280551.42,24
1997-10-24,10116885.78,5133960.28,4982925.5,1402.62,0.0,18749373.58,5040233.1,1280551.42,24
1997-10-27,10082765.75,5165591.75,4917174.0,4223.8,0.0,18681541.53,5069721.3,1280551.42,24
1997-10-28,10016735.59,5143990.95,4872744.63,1389.18,0.0,18636434.86,5047408.8,1280551.42,24
1997-10-29,10114085.35,5164641.82,4949443.54,1421.82,9.0,18712831.1,5067329.4,1280551.42,24
1997-10-30,10114746.26,5183695.6,4931050.66,1418.78,69.1,18695791.66,5085658.8,1280551.42,24
1997-10-31,10132781.94,5066477.0,5066304.94,1413.25,176.56,18176854.62,4988280.0,1212442.31,25
1997-11-03,10099166.81,5049087.49,5050079.33,4281.1,0.0,18158488.5,4968750.0,1212442.31,25
1997-11-04,10067599.75,5038869.13,5028730.62,1433.52,0.0,18136423.12,4957815.0,1212442.31,25
1997-11-05,10070958.8,5041144.42,5029814.38,1429.04,0.0,18136792.92,4959375.0,1212442.31,25
1997-11-06,10088021.42,5056707.83,5031313.59,1435.11,0.0,18137575.39,4974220.0,1212442.31,25
1997-11-07,10086874.67,5055088.98,5031785.69,1448.75,0.0,18137325.09,4971875.0,1212442.31,25
1997-11-10,10080912.86,5055706.83,5025206.03,4345.76,0.0,18128577.41,4970315.0,1212442.31,25
1997-11-11,10088669.41,5056438.5,5032230.91,1458.93,0.0,18134875.03,4970315.0,1212442.31,25
1997-11-12,10093672.54,5061075.38,5032597.16,1460.05,35.0,18135548.0,4974220.0,1212442.31,25
1997-11-13,10102131.47,5066485.85,5035645.62,1446.76,0.0,18137875.12,4978905.0,1212442.31,25
1997-11-14,10108899.91,5069552.73,5039347.19,1439.55,0.0,18140858.95,4981250.0,1212442.31,25
1997-11-17,10115995.43,5076409.91,5039585.51,4321.55,54.0,18143077.12,4985940.0,1212442.31,25
1997-11-18,10103908.61,5077140.35,5026768.26,1455.58,0.0,18129534.88,4985940.0,1212442.31,25
1997-11-19,10122916.05,5087244.48,5035671.56,1451.03,0.0,18137716.13,4995315.0,1212442.31,25
1997-11-20,10098183.93,5080935.98,5017247.95,1445.33,49.5,18133747.87,4988280.0,1212442.31,25
1997-11-21,10131925.04,5090256.32,5041668.71,1441.8,16.68,18157955.36,4996875.0,1212442.31,25
1997-11-24,10094908.91,5079923.93,5014984.99,4314.51,0.0,18129125.05,4984375.0,1212442.31,25
1997-11-25,10078010.17,5082217.0,4995793.18,1446.94,9.0,18111323.1,4985940.0,1212442.31,25
1997-11-26,10075431.11,5079820.45,4995610.66,1444.51,27.2,18122525.04,4982815.0,1212442.31,25
1997-11-27,10067249.52,5080542.91,4986706.61,1432.95,14.0,18116650.23,4982815.0,1212442.31,25
1997-11-28,10063620.33,5031873.29,5031747.04,1431.79,693.25,17908847.87,4971875.0,1032188.69,23
1997-12-01,10086514.93,5036348.55,5050166.38,4260.27,71.0,17927688.11,4974220.0,1032188.69,23
1997-12-02,10095477.86,5037062.03,5058415.83,1428.92,0.0,17935222.11,4974220.0,1032188.69,23
1997-12-03,10100304.44,5044028.41,5056276.02,1435.8,0.0,17932362.89,4980470.0,1032188.69,23
1997-12-04,10099192.58,5044745.79,5054446.79,1436.49,0.0,17929814.55,4980470.0,1032188.69,23
1997-12-05,10074708.95,5025934.76,5048774.18,1439.13,0.0,17923421.68,4960940.0,1032188.69,23
1997-12-08,10041062.76,5012470.92,5028591.84,4332.12,67.5,17907585.86,4945315.0,1032188.69,23
1997-12-09,10057351.0,5017099.84,5040251.16,1450.38,0.0,17918518.82,4949220.0,1032188.69,23
1997-12-10,10096974.4,5033439.78,5063534.63,1433.17,0.0,17941084.06,4964845.0,1032188.69,23
1997-12-11,10122028.79,5056803.55,5065225.24,1421.99,0.0,17942061.54,4987500.0,1032188.69,23
1997-12-12,10145034.05,5079389.31,5065644.74,1422.71,0.0,17941769.1,5009375.0,1032188.69,23
1997-12-15,10128133.94,5070592.09,5057541.85,4269.37,152.68,17926147.14,4998440.0,1032188.69,23
1997-12-16,10130179.18,5072870.22,5057308.95,1434.82,0.0,17925197.76,5000000.0,1032188.69,23
1997-12-17,10121035.3,5066557.57,5054477.73,1432.29,0.0,17921651.48,4992970.0,1032188.69,23
1997-12-18,10144330.67,5078211.74,5066118.93,1436.62,0.0,17932575.24,5003905.0,1032188.69,23
1997-12-19,10162724.98,5094556.15,5068168.82,1437.11,30.68,17937205.29,5019530.0,1032188.69,23
1997-12-22,10147769.26,5095199.55,5052569.71,4395.38,0.0,17919414.2,5017970.0,1032188.69,23
1997-12-23,10167246.63,5094384.68,5072861.96,1493.98,0.0,17938962.6,5016405.0,1032188.69,23
1997-12-24,10179526.42,5091231.0,5088295.42,1499.67,0.0,17953647.81,5012500.0,1032188.69,23
1997-12-25,10181008.1,5091972.06,5089036.05,1481.69,0.0,17953647.81,5012500.0,1032188.69,23
1997-12-26,10198745.77,5092713.22,5106032.55,1481.9,0.0,17969903.57,5012500.0,1032188.69,23
1997-12-29,10199043.76,5089454.41,5109589.36,4427.96,13.5,17970987.01,5007030.0,1032188.69,23
1997-12-30,10161536.65,5076138.03,5085398.61,1490.19,0.0,17946049.7,4992970.0,1032188.69,23
1997-12-31,10175555.56,5087855.67,5087699.89,1496.0,232.28,17322113.28,5007030.0,925402.01,20
1998-01-02,10229873.27,5115116.25,5114757.02,2950.91,0.0,17347694.99,5032815.0,925402.01,20
1998-01-05,10334623.68,5161074.27,5173549.41,4415.9,21.0,17403400.5,5076565.0,925402.01,20
1998-01-06,10346919.41,5165708.89,5181210.52,1461.2,0.0,17410330.12,5080470.0,925402.01,20
1998-01-07,10318842.07,5153937.83,5164904.24,1460.07,0.0,17393292.72,5067970.0,925402.01,20
1998-01-08,10350610.72,5174196.44,5176414.28,1458.97,0.0,17404072.51,5087500.0,925402.01,20
1998-01-09,10388247.61,5201480.28,5186767.34,1437.58,0.0,17413706.62,5114065.0,925402.01,20
1998-01-12,10379879.59,5203612.88,5176266.71,4259.18,0.0,17401079.41,5114065.0,925402.01,20
1998-01-13,10380175.93,5195727.5,5184448.43,1415.7,0.0,17408555.14,5105470.0,925402.01,20
1998-01-14,10362541.27,5183953.46,5178587.82,1450.34,0.0,17401970.16,5092970.0,925402.01,20
1998-01-15,10365122.5,5182334.11,5182788.39,1450.76,0.0,17405445.71,5090625.0,925402.01,20
1998-01-16,10333007.98,5164303.88,5168704.1,1439.6,13.9,17391118.75,5071875.0,925402.01,20
1998-01-19,10338633.69,5166464.28,5172169.41,4322.64,0.0,17392421.82,5071875.0,925402.01,20
1998-01-20,10337140.36,5160934.71,5176205.64,1441.67,0.0,17395736.81,5065625.0,925402.01,20
1998-01-21,10357350.27,5167904.38,5189445.89,1441.46,0.0,17408255.27,5071875.0,925402.01,20
1998-01-22,10357186.12,5168622.14,5188563.98,1438.52,0.0,17406652.6,5071875.0,925402.01,20
1998-01-23,10286678.21,5127935.11,5158743.1,1438.5,0.0,17376111.08,5030470.0,925402.01,20
1998-01-26,10330442.16,5149618.74,5180823.42,4320.4,0.0,17396024.74,5050000.0,925402.01,20
1998-01-27,10297355.15,5132365.5,5164989.66,1437.65,0.0,17379469.98,5032030.0,925402.01,20
1998-01-28,10303642.26,5133092.58,5170549.68,1458.79,0.0,17384298.3,5032030.0,925402.01,20
1998-01-29,10360506.85,5167413.24,5193093.61,1456.82,0.0,17406111.16,5065625.0,925402.01,20
1998-01-30,10387725.39,5193956.5,5193768.9,1456.23,192.1,32317199.43,5178096.3,907189.76,19
1998-02-02,10370867.49,5183396.61,5187470.87,4380.16,0.0,32308711.38,5165346.3,907189.76,19
1998-02-03,10384743.21,5186517.63,5198225.59,1469.21,0.0,32318731.2,5167733.1,907189.76,19
1998-02-04,10398921.99,5187255.26,5211666.73,1476.94,0.0,32331433.03,5167733.1,907189.76,19
1998-02-05,10376286.73,5172836.14,5203450.59,1438.52,0.0,32322495.95,5152596.3,907189.76,19
1998-02-06,10372762.13,5171959.52,5200802.61,1444.03,0.0,32319123.83,5151000.0,907189.76,19
1998-02-09,10356343.23,5163773.74,5192569.49,4356.56,0.0,32308706.37,5140641.9,907189.76,19
1998-02-10,10377008.72,5170867.37,5206141.35,1441.26,0.0,32321555.6,5147016.9,907189.76,19
1998-02-11,10412822.47,5188328.6,5224493.87,1461.43,0.0,32339174.91,5163750.0,907189.76,19
1998-02-12,10408695.87,5185077.73,5223618.14,1469.36,0.0,32337561.96,5159766.9,907189.76,19
1998-02-13,10448610.83,5195371.9,5253238.93,1468.78,0.0,32366445.63,5169329.4,907189.76,19
1998-02-16,10453436.37,5197575.61,5255860.76,4431.95,0.0,32366839.21,5169329.4,907189.76,19
1998-02-17,10467687.11,5211060.49,5256626.63,1478.0,54.0,32371955.96,5182079.4,907189.76,19
1998-02-18,10450029.68,5202227.53,5247802.15,1465.48,0.0,32362395.55,5172516.9,907189.76,19
1998-02-19,10445831.11,5198174.94,5247656.18,1468.81,0.0,32361511.97,5167733.1,907189.76,19
1998-02-20,10424017.88,5191736.31,5232281.57,1471.12,13.9,32345904.42,5160562.5,907189.76,19
1998-02-23,10393399.09,5180388.65,5213010.44,4412.83,0.0,32324418.28,5147016.9,907189.76,19
1998-02-24,10323342.35,5150841.61,5172500.74,1478.17,0.0,32283167.17,5116733.1,907189.76,19
1998-02-25,10349698.78,5165921.91,5183776.87,1471.08,30.6,32288821.25,5131079.4,907189.76,19
1998-02-26,10353625.11,5159493.3,5194131.82,1486.33,14.0,32213726.04,5123908.8,907189.76,19
1998-02-27,10359942.77,5180041.84,5179900.94,1495.52,848.9,16400257.89,5127891.9,749916.17,17
1998-03-02,10328376.56,5158369.09,5170007.47,4472.04,21.0,16386649.61,5103983.1,749916.17,17
1998-03-03,10277710.49,5143173.82,5134536.68,1486.14,0.0,16350434.92,5088045.6,749916.17,17
1998-03-04,10287827.92,5147088.51,5140739.41,1453.15,0.0,16355911.69,5091233.1,749916.17,17
1998-03-05,10285778.5,5143827.33,5141951.18,1443.15,0.0,16356402.32,5087250.0,749916.17,17
1998-03-06,10309227.11,5157297.46,5151929.65,1440.01,0.0,16365660.91,5100000.0,749916.17,17
1998-03-09,10350225.67,5173000.63,5177225.03,4312.69,0.0,16388801.08,5113545.6,749916.17,17
1998-03-10,10377153.32,5175319.72,5201833.6,1446.16,0.0,16412686.09,5115141.9,749916.17,17
1998-03-11,10405953.97,5187987.26,5217966.71,1429.74,0.0,16428102.68,5127096.3,749916.17,17
1998-03-12,10451311.66,5207026.25,5244285.41,1433.71,0.0,16453702.29,5145420.6,749916.17,17
1998-03-13,10456082.7,5202963.52,5253119.18,1437.06,0.0,16461815.15,5140641.9,749916.17,17
1998-03-16,10489320.28,5217068.58,5272251.7,4321.85,134.36,16468538.51,5152596.3,749916.17,17
1998-03-17,10482486.68,5212209.32,5270277.36,1448.11,0.0,16465836.3,5147016.9,749916.17,17
1998-03-18,10484035.33,5206559.69,5277475.64,1458.81,0.0,16472301.14,5140641.9,749916.17,17
1998-03-19,10489964.26,5204895.16,5285069.11,1464.85,0.0,16479157.21,5138250.0,749916.17,17
1998-03-20,10508279.8,5209607.04,5298672.75,1468.59,24.4,16495505.0,5142233.1,749916.17,17
1998-03-23,10524716.41,5213395.72,5311320.69,4422.23,0.0,16505922.92,5143829.4,749916.17,17
1998-03-24,10528789.78,5214122.7,5314667.08,1467.61,0.0,16508528.84,5143829.4,749916.17,17
1998-03-25,10493287.82,5196521.73,5296766.09,1471.11,0.0,16489885.27,5125500.0,749916.17,17
1998-03-26,10481760.04,5186891.24,5294868.8,1469.06,0.0,16487246.27,5115141.9,749916.17,17
1998-03-27,10462393.5,5183640.17,5278753.32,1479.09,0.0,16470383.79,5111158.8,749916.17,17
1998-03-30,10453709.94,5175471.28,5278238.67,4429.08,0.0,16467634.47,5100795.6,749916.17,17
1998-03-31,10500835.53,5250494.26,5250341.27,1478.04,173.39,32828204.36,5217061.2,1004237.21,21
1998-04-01,10528613.93,5264226.41,5264387.52,1464.28,0.0,32841518.47,5230061.2,1004237.21,21
1998-04-02,10560368.42,5279583.69,5280784.73,1459.38,0.0,32857185.98,5244688.8,1004237.21,21
1998-04-03,10628857.34,5310373.67,5318483.67,1457.92,0.0,32894155.89,5274750.0,1004237.21,21
1998-04-06,10616164.97,5299564.2,5316600.77,4384.4,0.0,32890079.28,5261750.0,1004237.21,21
1998-04-07,10621601.83,5294607.13,5326994.69,1465.62,0.0,32899739.05,5256061.2,1004237.21,21
1998-04-08,10596637.89,5282333.67,5314304.22,1457.52,0.0,32886317.6,5243061.2,1004237.21,21
1998-04-09,10603025.28,5283057.06,5319968.22,1451.15,0.0,32891253.83,5243061.2,1004237.21,21
1998-04-10,10604480.25,5283782.01,5320698.24,1454.97,0.0,32891253.83,5243061.2,1004237.21,21
1998-04-13,10559798.07,5264023.67,5295774.4,4365.51,0.0,32864139.63,5221127.6,1004237.21,21
1998-04-14,10574674.11,5273695.59,5300978.52,1481.31,0.0,32868600.88,5230061.2,1004237.21,21
1998-04-15,10585200.9,5281747.48,5303453.41,1474.58,0.0,32870336.58,5237377.6,1004237.21,21
1998-04-16,10586526.47,5285723.72,5300802.74,1455.47,0.0,32866956.69,5240627.6,1004237.21,21
1998-04-17,10590031.97,5287255.73,5302776.24,1443.88,65.12,32869303.79,5241438.8,1004237.21,21
1998-04-20,10591696.44,5278045.91,5313650.53,4341.91,0.0,32878003.93,5230061.2,1004237.21,21
1998-04-21,10587774.65,5265765.78,5322008.87,1444.59,0.0,32885637.74,5217061.2,1004237.21,21
1998-04-22,10579057.1,5266488.36,5312568.75,1452.88,0.0,32875467.31,5217061.2,1004237.21,21
1998-04-23,10576308.41,5263963.96,5312344.45,1457.56,0.0,32874511.05,5213811.2,1004237.21,21
1998-04-24,10571437.33,5271189.22,5300248.12,1457.18,0.0,32861682.64,5220311.2,1004237.21,21
1998-04-27,10494957.69,5232741.18,5262216.5,4360.72,0.0,32821464.84,5179688.8,1004237.21,21
1998-04-28,10482539.75,5231831.63,5250708.11,1440.14,18.0,32810012.36,5178061.2,1004237.21,21
1998-04-29,10483563.27,5230925.7,5252637.56,1435.53,0.0,32811222.76,5176438.8,1004237.21,21
1998-04-30,10552206.9,5276139.15,5276067.76,1438.58,354.29,33095336.09,5213811.2,936966.31,20
1998-05-01,10569866.21,5280102.89,5289763.32,1427.48,21.0,33104438.91,5217061.2,936966.31,20
1998-05-04,10579498.59,5282254.53,5297244.06,4307.22,0.0,33109763.91,5217061.2,936966.31,20
1998-05-05,10560689.99,5275663.67,5285026.32,1442.93,0.0,33096823.84,5209750.0,936966.31,20
1998-05-06,10588034.3,5287771.28,5300263.02,1460.9,0.0,33111329.46,5221127.6,936966.31,20
1998-05-07,10589055.51,5288502.75,5300552.75,1464.68,0.0,33110885.82,5221127.6,936966.31,20
1998-05-08,10569042.35,5279484.33,5289558.02,1464.82,0.0,33099158.0,5211377.6,936966.31,20
1998-05-11,10539670.38,5261367.61,5278302.77,4403.77,0.0,33085698.6,5191061.2,936966.31,20
1998-05-12,10586895.74,5286475.96,5300419.79,1463.84,0.0,33107082.51,5215438.8,936966.31,20
1998-05-13,10611901.48,5290458.72,5321442.76,1467.46,0.0,33127370.97,5218688.8,936966.31,20
1998-05-14,10591255.56,5280630.94,5310624.62,1470.93,52.5,33119917.25,5208127.6,936966.31,20
1998-05-15,10590458.09,5281370.23,5309087.86,1482.78,11.12,33116698.48,5208127.6,936966.31,20
1998-05-18,10583616.34,5296588.4,5287027.93,4447.99,0.0,33092408.74,5221127.6,936966.31,20
1998-05-19,10580123.11,5294892.49,5285230.61,1484.65,0.0,33089869.77,5218688.8,936966.31,20
1998-05-20,10595824.81,5307013.53,5288811.28,1495.91,0.0,33092703.16,5230061.2,936966.31,20
1998-05-21,10569116.26,5293138.54,5275977.73,1492.25,0.0,33079124.75,5215438.8,936966.31,20
1998-05-22,10583531.87,5299577.3,5283954.56,1497.29,0.0,33086354.34,5221127.6,936966.31,20
1998-05-25,10590356.18,5301820.79,5288535.39,4480.36,0.0,33088698.29,5221127.6,936966.31,20
1998-05-26,10604299.52,5315568.94,5288730.59,1494.42,0.0,33088147.05,5234127.6,936966.31,20
1998-05-27,10598976.14,5326868.31,5272107.83,1472.82,34.0,33065937.1,5244688.8,936966.31,20
1998-05-28,10575275.92,5324352.23,5250923.69,1460.3,0.0,33044026.58,5241438.8,936966.31,20
1998-05-29,10600288.97,5300186.61,5300102.36,1448.23,687.25,32590226.62,5252000.0,710147.34,18
1998-06-01,10611667.1,5311285.34,5300381.76,4319.62,0.0,32588346.04,5260938.8,710147.34,18
1998-06-02,10592963.71,5305500.89,5287462.82,1429.63,0.0,32574713.02,5254438.8,710147.34,18
1998-06-03,10592521.16,5303791.49,5288729.67,1456.53,0.0,32575253.04,5252000.0,710147.34,18
1998-06-04,10577825.51,5297217.03,5280608.48,1471.18,0.0,32566397.1,5244688.8,710147.34,18
1998-06-05,10575688.42,5302010.91,5273677.51,1463.27,0.0,32558735.49,5248750.0,710147.34,18
1998-06-08,10595603.01,5304211.25,5291391.76,4388.91,0.0,32574261.53,5248750.0,710147.34,18
1998-06-09,10575488.59,5304136.85,5271351.75,1471.61,0.0,32553486.24,5247938.8,710147.34,18
1998-06-10,10585256.6,5323566.65,5261689.96,1477.63,0.0,32543088.25,5266627.6,710147.34,18
1998-06-11,10636275.0,5348679.91,5287595.09,1473.11,0.0,32568260.98,5291000.0,710147.34,18
1998-06-12,10639947.21,5355107.23,5284839.98,1468.4,0.0,32564775.89,5296688.8,710147.34,18
1998-06-15,10642875.88,5364645.16,5278230.72,4424.44,116.04,32551759.49,5304000.0,710147.34,18
1998-06-16,10600189.03,5343448.36,5256740.67,1472.26,0.0,32529539.1,5282061.2,710147.34,18
1998-06-17,10574387.19,5318199.41,5256187.78,1489.92,54.0,32533461.69,5256061.2,710147.34,18
1998-06-18,10602329.84,5329517.85,5272811.99,1495.1,0.0,32549342.58,5266627.6,710147.34,18
1998-06-19,10603575.21,5338387.87,5265187.35,1487.27,21.62,32544251.45,5274750.0,710147.34,18
1998-06-22,10615285.26,5343875.54,5271409.72,4444.67,0.0,32548266.83,5278000.0,710147.34,18
1998-06-23,10640766.56,5350305.16,5290461.39,1471.4,0.0,32566587.65,5283688.8,710147.34,18
1998-06-24,10648037.66,5346982.5,5301055.16,1469.02,40.5,32560291.9,5279627.6,710147.34,18
1998-06-25,10646514.66,5346084.17,5300430.49,1452.27,0.0,32558944.23,5278000.0,710147.34,18
1998-06-26,10660958.79,5350060.35,5310898.44,1446.15,0.0,32568692.02,5281250.0,710147.34,18
1998-06-29,10645955.85,5347359.18,5298596.68,4326.57,0.0,32554234.91,5276377.6,710147.34,18
1998-06-30,10668228.61,5334164.28,5334064.33,1446.08,372.35,32837391.79,5285311.2,712455.01,17
1998-07-01,10691263.33,5338150.69,5353112.64,1472.81,0.0,32855703.71,5288561.2,712455.01,17
1998-07-02,10704637.23,5344575.07,5360062.16,1473.02,0.0,32861915.86,5294250.0,712455.01,17
1998-07-03,10706974.57,5345308.47,5361666.1,1468.91,0.0,32862784.29,5294250.0,712455.01,17
1998-07-06,10713471.24,5354820.05,5358651.19,4407.7,0.0,32857562.17,5301561.2,712455.01,17
1998-07-07,10724744.77,5348242.27,5376502.5,1467.15,0.0,32874679.64,5294250.0,712455.01,17
1998-07-08,10719613.9,5345727.65,5373886.25,1474.65,0.0,32871324.11,5291000.0,712455.01,17
1998-07-09,10730228.1,5357025.27,5373202.83,1476.92,0.0,32869900.3,5301561.2,712455.01,17
1998-07-10,10707792.01,5356138.18,5351653.83,1472.43,0.0,32847613.97,5299938.8,712455.01,17
1998-07-13,10668528.74,5340460.85,5328067.89,4399.12,0.0,32821829.38,5282061.2,712455.01,17
1998-07-14,10662232.33,5333885.55,5328346.78,1469.89,0.0,32821374.03,5274750.0,712455.01,17
1998-07-15,10671681.25,5337879.33,5333801.92,1486.79,0.0,32826086.51,5278000.0,712455.01,17
1998-07-16,10675011.83,5332933.28,5342078.55,1485.14,0.0,32833620.48,5272311.2,712455.01,17
1998-07-17,10688035.8,5332056.22,5355979.58,1491.54,11.12,32847365.46,5270688.8,712455.01,17
1998-07-20,10699055.9,5343221.05,5355834.85,4462.25,0.0,32844984.43,5279627.6,712455.01,17
1998-07-21,10698678.52,5349646.66,5349031.87,1485.98,0.0,32837437.93,5285311.2,712455.01,17
1998-07-22,10678660.66,5347133.72,5331526.94,1474.04,0.0,32819195.68,5282061.2,712455.01,17
1998-07-23,10688094.87,5354367.47,5333727.4,1465.35,0.0,32820664.89,5288561.2,712455.01,17
1998-07-24,10676966.43,5350232.99,5326733.44,1472.58,0.0,32812935.71,5283688.8,712455.01,17
1998-07-27,10658026.43,5350001.06,5308025.37,4404.25,0.0,32792030.53,5281250.0,712455.01,17
1998-07-28,10643829.56,5345865.77,5297963.79,1468.44,0.0,32781237.47,5276377.6,712455.01,17
1998-07-29,10630668.03,5338471.74,5292196.29,1460.57,0.0,32774742.94,5268250.0,712455.01,17
1998-07-30,10645878.65,5343265.39,5302613.26,1458.76,0.0,32784434.07,5272311.2,712455.01,17
1998-07-31,10642652.64,5321361.29,5321291.34,1460.85,326.45,31903812.62,5272311.2,458901.1,14
1998-08-03,10660136.64,5339815.22,5320321.42,4407.83,0.0,31900638.8,5288561.2,458901.1,14
1998-08-04,10667607.45,5347053.9,5320553.55,1474.65,0.0,31900134.93,5295061.2,458901.1,14
1998-08-05,10672663.31,5351042.09,5321621.22,1472.72,0.0,31900468.07,5298311.2,458901.1,14
1998-08-06,10667656.09,5348527.86,5319128.23,1467.49,0.0,31897243.56,5295061.2,458901.1,14
1998-08-07,10693869.67,5367133.66,5326736.02,1451.99,0.0,31904127.16,5312938.8,458901.1,14
1998-08-10,10672250.1,5367679.54,5304570.56,4331.02,0.0,31879804.54,5311311.2,458901.1,14
1998-08-11,10669213.86,5378970.68,5290243.18,1440.75,0.0,31864760.89,5321877.6,458901.1,14
1998-08-12,10682779.35,5374825.22,5307954.14,1452.2,0.0,31881751.95,5317000.0,458901.1,14
1998-08-13,10660226.56,5367432.9,5292793.66,1451.08,0.0,31865870.31,5308877.6,458901.1,14
1998-08-14,10694603.46,5374664.96,5319938.5,1453.94,0.0,31892293.27,5315377.6,458901.1,14
1998-08-17,10695000.8,5376859.61,5318141.19,4366.96,0.0,31888323.65,5315377.6,458901.1,14
1998-08-18,10706274.97,5376779.44,5329495.53,1464.62,0.0,31898949.69,5314561.2,458901.1,14
1998-08-19,10720225.3,5377515.76,5342709.54,1466.16,0.0,31911433.69,5314561.2,458901.1,14
1998-08-20,10737203.45,5389631.48,5347571.97,1471.05,0.0,31915563.15,5325938.8,458901.1,14
1998-08-21,10757266.45,5409055.26,5348211.19,1464.44,11.12,31915993.69,5344627.6,458901.1,14
1998-08-24,10776489.08,5420188.44,5356300.63,4374.62,0.0,31921908.2,5353561.2,458901.1,14
1998-08-25,10805423.52,5435560.02,5369863.5,1478.77,0.0,31934736.25,5368188.8,458901.1,14
1998-08-26,10795560.85,5447681.11,5347879.74,1488.75,0.0,31912012.47,5379561.2,458901.1,14
1998-08-27,10782267.39,5472804.95,5309462.44,1478.39,40.8,31866608.22,5403938.8,458901.1,14
1998-08-28,10752792.01,5482482.47,5270309.54,1455.61,0.0,31826738.55,5412877.6,458901.1,14
1998-08-31,10796073.34,5398090.5,5397982.84,4283.2,715.16,24235693.05,5332687.5,391320.88,11
1998-09-01,10795327.64,5398010.04,5397317.59,1430.48,0.0,24234312.75,5331891.9,391320.88,11
1998-09-02,10785249.63,5386773.98,5398475.65,1436.38,0.0,24234752.5,5319937.5,391320.88,11
1998-09-03,10805614.71,5400239.23,5405375.49,1432.04,0.0,24240935.52,5332687.5,391320.88,11
1998-09-04,10814152.25,5405729.56,5408422.7,1413.73,0.0,24243275.54,5337471.3,391320.88,11
1998-09-07,10820247.85,5407864.82,5412383.03,4271.59,0.0,24245099.55,5337471.3,391320.88,11
1998-09-08,10811388.41,5402997.35,5408391.05,1424.67,0.0,24240394.76,5331891.9,391320.88,11
1998-09-09,10875307.23,5436379.45,5438927.78,1423.5,0.0,24270219.56,5364562.5,391320.88,11
1998-09-10,10980023.02,5500848.26,5479174.76,1437.96,0.0,24309747.4,5428312.5,391320.88,11
1998-09-11,10926093.35,5472872.81,5453220.54,1421.3,0.0,24283083.74,5399625.0,391320.88,11
1998-09-14,10928009.82,5471055.96,5456953.87,4324.91,74.3,24285405.48,5395641.9,391320.88,11
1998-09-15,10911075.74,5464602.78,5446472.97,1432.78,0.0,24274209.12,5388471.3,391320.88,11
1998-09-16,10931306.97,5475669.65,5455637.31,1415.41,0.0,24282667.1,5398829.4,391320.88,11
1998-09-17,10954813.97,5500276.12,5454537.85,1402.85,0.0,24280867.51,5422733.1,391320.88,11
1998-09-18,10998645.05,5529663.37,5468981.67,1393.7,13.9,24295210.16,5451420.6,391320.88,11
1998-09-21,10993889.78,5532542.36,5461347.42,4133.66,0.0,24285520.49,5452221.3,391320.88,11
1998-09-22,10968315.56,5514913.64,5453401.92,1392.56,0.0,24276883.2,5433891.9,391320.88,11
1998-09-23,11012403.79,5537149.12,5475254.67,1428.93,0.0,24298025.51,5455408.8,391320.88,11
1998-09-24,11041033.98,5556173.2,5484860.78,1391.85,0.0,24306939.62,5473733.1,391320.88,11
1998-09-25,11051482.92,5567221.71,5484261.2,1361.73,0.0,24305663.38,5484096.3,391320.88,11
1998-09-28,11053941.07,5566080.17,5487860.9,4061.42,0.0,24307247.61,5480908.8,391320.88,11
1998-09-29,11053247.77,5571532.98,5481714.79,1338.76,0.0,24300436.86,5485687.5,391320.88,11
1998-09-30,11118232.81,5559201.82,5559031.0,1360.16,355.32,33748537.08,5529516.9,704140.19,15
1998-10-01,11222353.0,5599700.91,5622652.09,1315.66,0.0,33811500.01,5569358.1,704140.19,15
1998-10-02,11231497.88,5598752.07,5632745.81,1287.45,0.0,33820949.02,5567766.9,704140.19,15
1998-10-05,11309707.27,5638128.81,5671578.47,3856.15,0.0,33857847.6,5605221.3,704140.19,15
1998-10-06,11262207.74,5615651.41,5646556.33,1275.48,0.0,33832185.84,5582108.1,704140.19,15
1998-10-07,11232366.87,5580429.8,5651937.07,1276.38,0.0,33836926.81,5546250.0,704140.19,15
1998-10-08,11114467.03,5502966.4,5611500.63,1263.64,0.0,33795854.35,5468158.8,704140.19,15
1998-10-09,10966771.8,5435013.47,5531758.33,1173.19,0.0,33715519.73,5399625.0,704140.19,15
1998-10-12,10944704.75,5436730.03,5507974.72,3463.67,0.0,33689989.0,5399625.0,704140.19,15
1998-10-13,10989736.71,5456427.39,5533309.32,1152.23,0.0,33714743.73,5418750.0,704140.19,15
1998-10-14,11064381.45,5509599.65,5554781.8,1160.03,0.0,33735632.14,5471346.3,704140.19,15
1998-10-15,11048234.23,5510201.12,5538033.11,1207.86,0.0,33718277.06,5471346.3,704140.19,15
1998-10-16,11194353.2,5563412.21,5630940.99,1242.93,0.0,33810561.91,5523937.5,704140.19,15
1998-10-19,11182305.9,5560283.99,5622021.91,3320.99,0.0,33799972.32,5519158.8,704140.19,15
1998-10-20,11142176.1,5540135.71,5602040.39,1152.4,0.0,33779411.41,5498437.5,704140.19,15
1998-10-21,11106312.22,5528775.28,5577536.93,1194.69,0.0,33754307.12,5486483.1,704140.19,15
1998-10-22,11080439.07,5521409.52,5559029.55,1206.27,0.0,33735193.97,5478516.9,704140.19,15
1998-10-23,11040269.91,5495709.11,5544560.81,1194.23,0.0,33720126.24,5452221.3,704140.19,15
1998-10-26,11034487.59,5503856.47,5530631.12,3560.49,0.0,33704408.26,5458596.3,704140.19,15
1998-10-27,11109018.72,5535542.26,5573476.46,1226.05,0.0,33746639.27,5489670.6,704140.19,15
1998-10-28,11120840.96,5547309.92,5573531.04,1221.99,18.0,33756618.93,5500829.4,704140.19,15
1998-10-29,11135076.44,5563891.52,5571184.91,1291.25,0.0,33753625.66,5516766.9,704140.19,15
1998-10-30,11067110.79,5533540.14,5533570.66,1305.28,608.48,33364860.41,11007158.8,2204623.95,20
1998-11-02,11070435.71,5574053.21,5496382.5,3901.16,35.0,33308956.52,11045721.3,2204623.95,20
1998-11-03,11039631.13,5540061.75,5499569.39,1325.38,0.0,33311485.51,11011062.5,2204623.95,20
1998-11-04,11019269.47,5551799.83,5467469.65,1346.22,0.0,33278715.13,11022125.0,2204623.95,20
1998-11-05,11091602.52,5628156.64,5463445.88,1362.1,0.0,33274015.67,11097795.6,2204623.95,20
1998-11-06,11058879.48,5628451.72,5430427.76,1377.21,0.0,33240319.17,11097391.9,2204623.95,20
1998-11-09,11029180.9,5596975.52,5432205.38,4165.51,0.0,33240051.19,11063795.6,2204623.95,20
1998-11-10,11024973.72,5576115.75,5448857.97,1384.77,0.0,33256021.74,11042233.1,2204623.95,20
1998-11-11,11024142.91,5563051.92,5461090.98,1356.68,0.0,33267584.24,11028483.1,2204623.95,20
1998-11-12,11026843.15,5566378.44,5460464.71,1356.58,0.0,33266285.79,11031125.0,2204623.95,20
1998-11-13,11059347.8,5606587.94,5452759.87,1338.54,0.0,33257918.25,11070658.8,2204623.95,20
1998-11-16,11100116.8,5646449.25,5453667.56,4018.23,0.0,33256844.79,11108483.1,2204623.95,20
1998-11-17,11109429.46,5647816.69,5461612.78,1359.76,0.0,33264121.93,11109158.8,2204623.95,20
1998-11-18,11145701.88,5683379.6,5462322.28,1330.05,0.0,33264177.55,11144045.6,2204623.95,20
1998-11-19,11192399.81,5719846.94,5472552.87,1340.58,0.0,33273751.0,11179829.4,2204623.95,20
1998-11-20,11229931.62,5775441.84,5454489.78,1352.41,0.0,33255026.93,11234733.1,2204623.95,20
1998-11-23,11345864.17,5902864.89,5442999.29,4070.85,0.0,33241559.19,11360062.5,2204623.95,20
1998-11-24,11317464.53,5863366.26,5454098.27,1411.93,0.0,33251980.83,11319829.4,2204623.95,20
1998-11-25,11324285.53,5858754.56,5465530.96,1417.83,18.0,33267788.09,11314483.1,2204623.95,20
1998-11-26,11338244.23,5859480.4,5478763.83,1402.95,34.0,33282893.11,11314483.1,2204623.95,20
1998-11-27,11383369.82,5907035.77,5476334.05,1404.68,29.26,33281451.81,11361312.5,2204623.95,20
1998-11-30,11275926.36,5638010.65,5637915.71,4211.85,774.44,33338581.42,11120438.8,2159895.71,20
1998-12-01,11354404.61,5720291.77,5634112.84,1384.43,0.0,33334086.33,11202027.6,2159895.71,20
1998-12-02,11422279.5,5741448.84,5680830.66,1381.45,0.0,33380118.68,11222488.8,2159895.71,20
1998-12-03,11340615.32,5647307.09,5693308.23,1386.54,0.0,33391906.66,11127650.0,2159895.71,20
1998-12-04,11432294.82,5756849.05,5675445.77,1367.17,0.0,33373357.84,11236511.2,2159895.71,20
1998-12-07,11426287.52,5764495.51,5661792.01,4163.26,0.0,33357637.27,11242061.2,2159895.71,20
1998-12-08,11456398.77,5764027.6,5692371.16,1396.55,0.0,33387524.42,11240888.8,2159895.71,20
1998-12-09,11505540.04,5801058.19,5704481.85,1374.77,0.0,33398952.03,11277227.6,2159895.71,20
1998-12-10,11454125.2,5723476.72,5730648.49,1380.66,0.0,33424434.13,11198950.0,2159895.71,20
1998-12-11,11388013.07,5687021.48,5700991.58,1390.4,0.0,33394081.59,11161800.0,2159895.71,20
1998-12-14,11273963.45,5568440.68,5705522.76,4166.11,30.1,33403882.25,11041138.8,2159895.71,20
1998-12-15,11369412.76,5677243.72,5692169.03,1377.93,89.04,33388970.89,11149261.2,2159895.71,20
1998-12-16,11405632.96,5695812.0,5709820.96,1383.28,0.0,33405930.27,11167138.8,2159895.71,20
1998-12-17,11503403.81,5780068.25,5723335.56,1378.18,432.0,33418754.93,11308738.8,2159895.71,20
1998-12-18,11496568.77,5798266.67,5698302.1,1389.99,18.12,33394394.37,11326238.8,2159895.71,20
1998-12-21,11544177.71,5860433.04,5683744.67,4196.25,0.0,33377757.07,11386288.8,2159895.71,20
1998-12-22,11503073.73,5844791.47,5658282.25,1417.37,0.0,33351596.81,11369927.6,2159895.71,20
1998-12-23,11579121.86,5942637.76,5636484.1,1402.74,0.0,33329108.67,11467061.2,2159895.71,20
1998-12-24,11529876.69,5908664.49,5621212.2,1437.74,0.0,33313136.89,11432350.0,2159895.71,20
1998-12-25,11531305.11,5909396.51,5621908.61,1428.42,0.0,33313136.89,11432350.0,2159895.71,20
1998-12-28,11549114.01,5904731.53,5644382.48,4285.8,0.0,33333521.3,11425488.8,2159895.71,20
1998-12-29,11687535.63,6024950.32,5662585.3,1427.6,13.72,33351443.97,11544977.6,2159895.71,20
1998-12-30,11653234.61,5975450.1,5677784.52,1454.45,0.0,33365938.5,11494727.6,2159895.71,20
1998-12-31,11692587.0,5846339.95,5846247.05,1437.23,405.8,35032735.26,11536667.4,2055341.53,19
1999-01-04,11698073.29,5818976.53,5879096.76,5677.4,35.0,35056781.29,11506465.2,2055341.53,19
1999-01-05,11719056.67,5859772.0,5859284.67,1423.27,0.0,35036253.91,11546552.7,2055341.53,19
1999-01-06,11854207.64,5997000.61,5857207.03,1422.56,0.0,35033465.01,11683070.1,2055341.53,19
1999-01-07,11842041.09,5969226.91,5872814.18,1435.68,0.0,35048362.79,11654570.1,2055341.53,19
1999-01-08,11817635.78,5980049.88,5837585.89,1424.33,0.0,35012428.14,11664675.0,2055341.53,19
1999-01-11,11708047.61,5909119.96,5798927.65,4303.59,0.0,34971644.04,11591567.4,2055341.53,19
1999-01-12,11613766.1,5823140.55,5790625.55,1427.73,0.0,34962634.79,11504867.4,2055341.53,19
1999-01-13,11613461.83,5789987.56,5823474.28,1409.78,0.0,34994780.6,11471007.6,2055341.53,19
1999-01-14,11576101.19,5726370.43,5849730.76,1400.07,0.0,35020335.03,11406692.4,2055341.53,19
1999-01-15,11673871.57,5838924.33,5834947.24,1392.35,11.12,35005322.28,11518557.6,2055341.53,19
1999-01-18,11680791.05,5841031.21,5839759.84,4212.32,0.0,35008029.43,11518557.6,2055341.53,19
1999-01-19,11719035.7,5877041.46,5841994.24,1404.94,0.0,35009561.44,11553865.2,2055341.53,19
1999-01-20,11748196.93,5916554.31,5831642.62,1396.52,0.0,34998513.65,11592677.7,2055341.53,19
1999-01-21,11624927.4,5774434.23,5850493.17,1390.2,0.0,35016674.13,11449857.6,2055341.53,19
1999-01-22,11654879.22,5795770.97,5859108.25,1362.7,0.0,35024603.38,11470517.4,2055341.53,19
1999-01-25,11718753.33,5851303.47,5867449.86,4137.48,0.0,35030865.01,11523992.4,2055341.53,19
1999-01-26,11815282.0,5945026.86,5870255.14,1403.0,0.0,35032967.84,11617015.2,2055341.53,19
1999-01-27,11729216.98,5874922.36,5854294.62,1427.68,0.0,35016298.0,11546192.4,2055341.53,19
1999-01-28,11822917.23,5956896.38,5866020.85,1420.54,15.68,35027382.15,11627454.9,2055341.53,19
1999-01-29,11913769.06,5956924.45,5956844.61,1438.45,286.84,35712678.72,11747246.5,2043458.16,18
1999-02-01,11840971.16,5893942.71,5947028.45,4338.6,0.0,35700693.26,11682095.5,2043458.16,18
1999-02-02,11767730.24,5833504.91,5934225.34,1453.81,0.0,35687159.99,11620934.0,2043458.16,18
1999-02-03,11797445.92,5879699.63,5917746.29,1444.82,0.0,35669952.35,11666412.5,2043458.16,18
1999-02-04,11678732.55,5760925.86,5917806.69,1432.08,0.0,35669294.41,11546925.0,2043458.16,18
1999-02-05,11572526.78,5677148.28,5895378.51,1420.91,0.0,35646146.23,11462446.5,2043458.16,18
1999-02-08,11598156.26,5704208.06,5893948.21,4233.62,0.0,35642559.21,11487429.5,2043458.16,18
1999-02-09,11479105.61,5586983.79,5892121.82,1417.55,0.0,35640012.44,11369508.0,2043458.16,18
1999-02-10,11503235.9,5613274.3,5889961.59,1409.38,0.0,35637128.8,11395112.5,2043458.16,18
1999-02-11,11660414.6,5780718.19,5879696.4,1396.37,0.0,35626148.63,11561875.0,2043458.16,18
1999-02-12,11469415.3,5620890.01,5848525.29,1421.92,0.0,35594260.52,11401342.0,2043458.16,18
1999-02-15,11465110.18,5622965.06,5842145.13,4234.13,0.0,35585721.28,11401342.0,2043458.16,18
1999-02-16,11479436.96,5643773.05,5835663.92,1410.85,0.0,35578521.16,11421458.0,2043458.16,18
1999-02-17,11435515.14,5600135.85,5835379.29,1406.23,0.0,35577521.66,11377129.5,2043458.16,18
1999-02-18,11458164.84,5624462.93,5833701.91,1400.85,0.0,35575129.44,11400770.5,2043458.16,18
1999-02-19,11463477.88,5638704.54,5824773.34,1406.81,11.12,35565843.17,11414321.5,2043458.16,18
1999-02-22,11634403.76,5797145.56,5837258.2,4251.04,0.0,35576168.02,11570671.5,2043458.16,18
1999-02-23,11618412.61,5782703.09,5835709.52,1454.3,0.0,35573889.68,11555504.5,2043458.16,18
1999-02-24,11458364.99,5651860.91,5806504.08,1465.21,37.4,35537977.77,11423933.0,2043458.16,18
1999-02-25,11324534.71,5558996.69,5765538.02,1448.21,17.5,35503787.29,11330354.5,2043458.16,18
1999-02-26,11296501.64,5648326.57,5648175.07,1418.71,781.5,20142881.37,5621525.0,2174995.21,14
1999-03-01,11308638.95,5666393.23,5642245.72,4283.26,0.0,20134810.42,5637450.0,2174995.21,14
1999-03-02,11250841.07,5623889.12,5626951.96,1438.71,0.0,20118798.83,5594225.0,2174995.21,14
1999-03-03,11260127.18,5645071.79,5615055.39,1415.73,0.0,20106194.21,5614700.0,2174995.21,14
1999-03-04,11335299.09,5717438.36,5617860.73,1404.39,0.0,20108299.23,5686362.5,2174995.21,14
1999-03-05,11488236.28,5848963.95,5639272.33,1413.76,0.0,20129010.16,5817175.0,2174995.21,14
1999-03-08,11521777.11,5872769.81,5649007.3,4308.09,0.0,20136630.4,5838787.5,2174995.21,14
1999-03-09,11501847.59,5857580.54,5644267.05,1443.42,0.0,20131182.46,5822862.5,2174995.21,14
1999-03-10,11542722.59,5900395.35,5642327.24,1428.15,0.0,20128541.81,5864950.0,2174995.21,14
1999-03-11,11617421.0,5971652.99,5645768.01,1433.22,0.0,20131282.0,5935475.0,2174995.21,14
1999-03-12,11559042.67,5912110.28,5646932.39,1448.95,0.0,20131742.22,5875187.5,2174995.21,14
1999-03-15,11620078.46,5983700.04,5636378.41,4305.74,35.6,20120445.36,5944575.0,2174995.21,14
1999-03-16,11626306.97,5982166.36,5644140.61,1439.6,0.0,20127509.28,5942300.0,2174995.21,14
1999-03-17,11596595.56,5951052.5,5645543.06,1430.68,0.0,20128217.19,5910450.0,2174995.21,14
1999-03-18,11683799.58,6039869.5,5643930.08,1420.58,409.5,20125912.62,6056869.0,2174995.21,14
1999-03-19,11601811.41,5941962.03,5659849.38,1424.77,15.34,20142441.53,5958225.0,2174995.21,14
1999-03-22,11613602.55,5952189.3,5661413.26,4244.33,0.0,20141934.85,5966278.5,2174995.21,14
1999-03-23,11428860.35,5775466.79,5653393.57,1419.44,0.0,20133223.2,5788828.5,2174995.21,14
1999-03-24,11446518.71,5809065.97,5637452.74,1390.51,0.0,20116594.55,5821725.0,2174995.21,14
1999-03-25,11568557.12,5921247.74,5647309.38,1392.66,45.0,20124810.3,5933200.0,2174995.21,14
1999-03-26,11540205.95,5890119.8,5650086.14,1410.72,0.0,20126898.41,5901350.0,2174995.21,14
1999-03-29,11625930.62,5977496.1,5648434.51,4221.79,0.0,20123179.78,5986571.5,2174995.21,14
1999-03-30,11628934.11,5978225.03,5650709.08,1417.72,17.64,20124552.44,5986571.5,2174995.21,14
1999-03-31,11522084.88,5761335.1,5760749.79,1408.39,857.71,22934364.87,5755051.5,2424269.64,22
1999-04-01,11554616.09,5804131.46,5750484.64,1398.65,0.0,22923400.43,5797148.5,2424269.64,22
1999-04-02,11557230.31,5804827.95,5752402.35,1386.55,0.0,22924628.09,5797148.5,2424269.64,22
1999-04-05,11720533.96,5943839.35,5776694.61,4150.97,54.0,22934188.28,5934075.0,2424269.64,22
1999-04-06,11728837.07,5931197.66,5797639.41,1396.7,0.0,22954444.69,5920725.0,2424269.64,22
1999-04-07,11744218.14,5967506.11,5776712.03,1400.94,0.0,22932824.81,5956325.0,2424269.64,22
1999-04-08,11804904.16,6043868.9,5761035.27,1402.78,0.0,22916458.05,6031975.0,2424269.64,22
1999-04-09,11852415.01,6056913.95,5795501.06,1403.47,0.0,22950238.92,6044301.5,2424269.64,22
1999-04-12,11888914.54,6120182.84,5768731.7,4247.12,38.5,22923081.34,6105400.0,2424269.64,22
1999-04-13,11859067.65,6077601.76,5781465.89,1393.64,0.0,22935139.31,6062101.5,2424269.64,22
1999-04-14,11744640.88,5975960.81,5768680.07,1383.56,0.0,22921678.98,5959751.5,2424269.64,22
1999-04-15,11730888.11,5944303.19,5786584.92,1363.68,0.0,22938914.02,5927400.0,2424269.64,22
1999-04-16,11697893.49,5904946.69,5792946.79,1368.6,8.34,22944157.48,5887350.0,2424269.64,22
1999-04-19,11625664.89,5812371.76,5813293.12,4113.76,0.0,22962466.62,5792698.5,2424269.64,22
1999-04-20,11679463.12,5872104.6,5807358.51,1362.79,31.5,22954692.06,5851750.0,2424269.64,22
1999-04-21,11848285.64,6036247.97,5812037.67,1382.07,0.0,22958684.02,6015198.5,2424269.64,22
1999-04-22,11927410.56,6114210.91,5813199.66,1395.46,0.0,22959161.48,6092450.5,2424269.64,22
1999-04-23,11898530.98,6096737.32,5801793.66,1418.04,0.0,22947064.36,6074250.0,2424269.64,22
1999-04-26,11913519.63,6127852.06,5785667.57,4273.56,0.0,22928854.45,6103175.0,2424269.64,22
1999-04-27,11941214.87,6150842.51,5790372.35,1439.55,0.0,22932860.13,6125425.0,2424269.64,22
1999-04-28,11874356.68,6073715.86,5800640.82,1452.85,0.0,22942424.1,6047550.0,2424269.64,22
1999-04-29,11831281.64,6023281.52,5808000.12,1448.01,65.18,22953061.11,5996375.0,2424269.64,22
1999-04-30,11774588.76,5887437.39,5887151.38,1442.76,799.01,23082771.85,5880600.0,2723411.09,23
1999-05-03,11883952.16,5989798.83,5894153.33,4346.79,0.0,23087600.47,5980788.0,2723411.09,23
1999-05-04,11798292.4,5918954.57,5879337.83,1475.59,0.0,23072053.11,5909200.0,2723411.09,23
1999-05-05,11830613.13,5959294.44,5871318.69,1474.79,0.0,23063299.06,5948800.0,2723411.09,23
1999-05-06,11776800.77,5917224.04,5859576.74,1472.25,0.0,23050826.44,5905988.0,2723411.09,23
1999-05-07,11805109.7,5957562.05,5847547.65,1468.83,0.0,23038066.54,5945588.0,2723411.09,23
1999-05-10,11793534.96,5941003.17,5852531.79,4417.08,0.0,23040862.73,5926800.0,2723411.09,23
1999-05-11,11840583.72,5991328.84,5849254.88,1464.36,0.0,23036859.12,5976388.0,2723411.09,23
1999-05-12,11877279.92,6039288.09,5837991.83,1476.78,38.5,23029305.04,6023600.0,2723411.09,23
1999-05-13,11941788.73,6066437.97,5875350.76,1474.76,0.0,23065939.09,6050000.0,2723411.09,23
1999-05-14,11749787.84,5909977.54,5839810.3,1479.45,0.0,23029670.74,5892788.0,2723411.09,23
1999-05-17,11732698.26,5919810.7,5812887.56,4415.96,0.0,23000553.2,5900400.0,2723411.09,23
1999-05-18,11715969.26,5921658.9,5794310.36,1482.88,0.0,22981241.31,5901500.0,2723411.09,23
1999-05-19,11726848.09,5957604.04,5769244.05,1474.26,0.0,22955445.89,5936700.0,2723411.09,23
1999-05-20,11701965.21,5928648.74,5773316.47,1465.86,27.0,22958884.15,5907000.0,2723411.09,23
1999-05-21,11675475.68,5895286.53,5780189.15,1456.24,8.34,22964195.51,5872900.0,2723411.09,23
1999-05-24,11572866.56,5799587.44,5773279.12,4358.84,0.0,22955127.54,5775000.0,2723411.09,23
1999-05-25,11425124.69,5677114.0,5748010.69,1449.82,0.0,22929135.86,5651800.0,2723411.09,23
1999-05-26,11516166.01,5765825.21,5750340.8,1431.31,18.0,22931523.86,5739800.0,2723411.09,23
1999-05-27,11400785.21,5685150.75,5715634.46,1449.12,67.0,22914913.65,5658400.0,2723411.09,23
1999-05-28,11448148.2,5735364.55,5712783.65,1431.43,256.72,22908253.03,5707900.0,2723411.09,23
1999-05-31,11458540.5,5729377.42,5729163.08,4321.68,214.34,23292118.04,5707900.0,2528082.62,25
1999-06-01,11406450.1,5722398.36,5684051.73,1441.87,28.0,23247673.78,5700200.0,2528082.62,25
1999-06-02,11438283.47,5726203.2,5712080.27,1444.82,0.0,23274982.34,5703280.0,2528082.62,25
1999-06-03,11498643.69,5765656.47,5732987.21,1464.74,0.0,23295157.81,5742000.0,2528082.62,25
1999-06-04,11640802.14,5875280.38,5765521.75,1443.72,0.0,23326972.55,5850900.0,2528082.62,25
1999-06-07,11698801.92,5888454.24,5810347.68,4307.1,54.0,23364799.23,5861900.0,2528082.62,25
1999-06-08,11628587.71,5840773.94,5787813.77,1429.85,0.0,23341555.17,5813500.0,2528082.62,25
1999-06-09,11629489.29,5830502.41,5798986.88,1450.34,0.0,23352006.4,5802500.0,2528082.62,25
1999-06-10,11579165.88,5781726.37,5797439.51,1443.99,670.78,23355509.78,5753000.0,2528082.62,25
1999-06-11,11553200.43,5732955.51,5820244.92,1460.26,0.0,23377584.06,5703500.0,2528082.62,25
1999-06-14,11559652.24,5735153.14,5824499.1,4428.73,114.2,23375376.35,5703500.0,2528082.62,25
1999-06-15,11594748.41,5774381.18,5820367.23,1467.43,47.3,23371322.39,5742000.0,2528082.62,25
1999-06-16,11705942.39,5881424.63,5824517.77,1484.77,396.0,23374727.6,5848700.0,2528082.62,25
1999-06-17,11776526.88,5937166.34,5839360.54,1476.25,0.0,23388835.84,5964200.0,2528082.62,25
1999-06-18,11775765.09,5943410.13,5832354.96,1475.34,15.34,23382176.6,5969700.0,2528082.62,25
1999-06-21,11770418.09,5959963.68,5810454.41,4464.98,0.0,23358064.62,5984000.0,2528082.62,25
1999-06-22,11729289.64,5913420.26,5815869.38,1494.19,45.0,23366450.73,5936700.0,2528082.62,25
1999-06-23,11710062.85,5883375.87,5826686.98,1498.74,0.0,23376525.2,5905900.0,2528082.62,25
1999-06-24,11645086.66,5842327.63,5802759.03,1496.29,0.0,23351852.72,5864100.0,2528082.62,25
1999-06-25,11624836.96,5826574.15,5798262.81,1487.98,0.0,23346615.04,5847600.0,2528082.62,25
1999-06-28,11679781.99,5894836.8,5784945.19,4514.31,18.0,23332423.76,5913600.0,2528082.62,25
1999-06-29,11745410.88,5951703.13,5793707.75,1518.37,13.72,23341121.04,5969700.0,2528082.62,25
1999-06-30,11891556.48,5945898.95,5945657.52,1533.43,694.83,5587343.02,5941525.0,2707023.53,23
1999-07-01,11948314.05,5990741.97,5957572.09,1535.99,0.0,5598489.61,5985600.0,2707023.53,23
1999-07-02,12020652.64,6051699.13,5968953.51,1510.13,0.0,5609118.06,6045800.0,2707023.53,23
1999-07-05,12051495.14,6053993.73,5997501.41,4557.83,0.0,5635402.73,6045800.0,2707023.53,23
1999-07-06,12021070.66,6044008.89,5977061.77,1523.18,0.0,5614205.07,6035050.0,2707023.53,23
1999-07-07,12033797.31,6049069.43,5984727.88,1512.65,0.0,5621119.07,6039350.0,2707023.53,23
1999-07-08,12036247.76,6051982.28,5984265.48,1517.6,0.0,5619901.92,6041500.0,2707023.53,23
1999-07-09,12082077.76,6090372.18,5991705.57,1521.25,0.0,5626585.68,6079125.0,2707023.53,23
1999-07-12,12067325.21,6072261.53,5995063.69,4591.19,35.0,5629451.94,6058700.0,2707023.53,23
1999-07-13,12032827.48,6050457.37,5982370.11,1531.88,0.0,5615997.33,6036125.0,2707023.53,23
1999-07-14,12065927.18,6074877.12,5991050.06,1530.84,31.5,5625277.68,6059775.0,2707023.53,23
1999-07-15,12134801.77,6119726.67,6015075.1,1538.41,0.0,5648538.87,6103850.0,2707023.53,23
1999-07-16,12166499.99,6154903.53,6011596.46,1540.45,8.34,5644617.68,6138250.0,2707023.53,23
1999-07-19,12121476.69,6116387.26,6005089.42,4613.13,0.0,5635831.24,6097400.0,2707023.53,23
1999-07-20,11958263.6,5986005.21,5972258.38,1521.92,31.5,5603747.73,5966250.0,2707023.53,23
1999-07-21,11935854.47,5978155.12,5957699.35,1498.1,0.0,5588440.5,5957650.0,2707023.53,23
1999-07-22,11886735.78,5902570.75,5984165.03,1478.72,0.0,5614168.09,5881325.0,2707023.53,23
1999-07-23,11889140.07,5881805.29,6007334.78,1479.24,0.0,5636593.14,5859825.0,2707023.53,23
1999-07-26,11839857.6,5849620.77,5990236.82,4478.24,0.0,5617232.42,5825425.0,2707023.53,23
1999-07-27,11868474.46,5889064.98,5979409.48,1506.29,0.0,5605642.99,5864125.0,2707023.53,23
1999-07-28,11903010.24,5907012.56,5995997.68,1506.64,18.0,5622970.14,5881325.0,2707023.53,23
1999-07-29,11825311.09,5830364.06,5994947.03,1514.33,13.72,5620901.16,5803925.0,2707023.53,23
1999-07-30,11757551.83,5878812.67,5878739.17,1507.73,138.5,5198106.51,5859700.0,2655908.07,22
1999-08-02,11780534.98,5900876.01,5879658.98,4526.66,0.0,5196763.01,5879500.0,2655908.07,22
1999-08-03,11760981.05,5868638.2,5892342.85,1521.65,0.0,5208687.42,5846500.0,2655908.07,22
1999-08-04,11687797.79,5782504.39,5905293.4,1535.46,0.0,5220868.7,5759600.0,2655908.07,22
1999-08-05,11726615.6,5837151.29,5889464.31,1509.67,0.0,5204276.84,5813500.0,2655908.07,22
1999-08-06,11674268.52,5775198.77,5899069.74,1501.66,0.0,5213128.09,5750800.0,2655908.07,22
1999-08-09,11671369.62,5759841.48,5911528.14,4533.51,54.0,5226589.69,5733200.0,2655908.07,22
1999-08-10,11608106.43,5705603.06,5902503.38,1543.21,0.0,5216783.29,5678200.0,2655908.07,22
1999-08-11,11695201.82,5765765.39,5929436.43,1550.97,0.0,5242927.7,5737600.0,2655908.07,22
1999-08-12,11706058.21,5769829.35,5936228.86,1549.61,31.5,5251890.98,5740900.0,2655908.07,22
1999-08-13,11855523.59,5894876.22,5960647.37,1515.28,27.0,5252648.07,5865200.0,2655908.07,22
1999-08-16,11893035.12,5925735.93,5967299.19,4544.62,0.0,5257014.98,5893800.0,2655908.07,22
1999-08-17,11933359.94,5959496.4,5973863.54,1526.27,0.0,5262813.53,5926800.0,2655908.07,22
1999-08-18,11874282.3,5905272.79,5969009.51,1554.65,0.0,5257181.24,5871800.0,2655908.07,22
1999-08-19,11843467.69,5873032.27,5970435.43,1527.16,0.0,5257839.47,5838800.0,2655908.07,22
1999-08-20,11917330.69,5932085.98,5985244.72,1519.91,35.34,5273395.84,5897100.0,2655908.07,22
1999-08-23,12052704.33,6048809.38,6003894.95,4667.62,0.0,5289701.86,6011500.0,2655908.07,22
1999-08-24,12066142.52,6068312.52,5997830.0,1600.33,0.0,5282839.72,6030200.0,2655908.07,22
1999-08-25,12099130.27,6124130.06,5975000.21,1625.58,0.0,5259201.89,6085200.0,2655908.07,22
1999-08-26,12041894.43,6057844.91,5984049.52,1609.86,45.0,5270126.19,6018100.0,2655908.07,22
1999-08-27,11975764.15,5988250.94,5987513.21,1602.24,18.0,5273691.68,5947700.0,2655908.07,22
1999-08-30,11884037.32,5877366.2,6006671.12,4830.22,13.72,5290807.29,5834400.0,2655908.07,22
1999-08-31,11857456.37,5928832.38,5928623.98,1601.04,381.5,6457653.71,5872887.5,2805478.99,28
1999-09-01,11935893.06,5993041.98,5942851.07,1594.17,0.0,6471083.73,5936300.0,2805478.99,28
1999-09-02,11865928.6,5932658.55,5933270.05,1601.4,0.0,6460705.37,5875112.5,2805478.99,28
1999-09-03,12077064.87,6121458.77,5955606.09,1575.53,0.0,6482253.61,6063125.0,2805478.99,28
1999-09-06,12099838.17,6123897.15,5975941.01,4810.7,0.0,6500216.21,6063125.0,2805478.99,28
1999-09-07,12105384.13,6080210.27,6025173.86,1606.59,0.0,6548655.59,6018625.0,2805478.99,28
1999-09-08,12046901.93,6052077.39,5994824.54,1577.06,0.0,6517521.32,5989700.0,2805478.99,28
1999-09-09,12081711.04,6048415.84,6033295.2,1569.44,586.58,6555355.2,5985250.0,2805478.99,28
1999-09-10,12145160.74,6089252.13,6055908.61,1570.62,28.0,6579412.28,6025300.0,2805478.99,28
1999-09-13,12117982.72,6060446.5,6057536.22,4675.89,87.2,6566430.57,5994150.0,2805478.99,28
1999-09-14,12053244.69,6018952.62,6034292.07,1561.87,47.3,6543772.97,5951875.0,2805478.99,28
1999-09-15,11928270.14,5929223.76,5999046.38,1570.27,400.5,6507741.15,5861762.5,2805478.99,28
1999-09-16,11917948.08,5936659.67,5981288.4,1530.79,0.0,6489213.29,5934075.0,2805478.99,28
1999-09-17,12019738.06,6017513.3,6002224.76,1512.92,15.34,6511234.14,6014175.0,2805478.99,28
1999-09-20,11992474.88,6007552.42,5984922.45,4547.47,0.0,6491660.99,6001937.5,2805478.99,28
1999-09-21,11875646.21,5889275.88,5986370.32,1519.05,27.0,6489737.77,5882900.0,2805478.99,28
1999-09-22,11873323.36,5888925.72,5984397.65,1537.24,0.0,6486990.19,5881787.5,2805478.99,28
1999-09-23,11762228.91,5752855.41,6009373.5,1546.83,0.0,6511186.41,5744950.0,2805478.99,28
1999-09-24,11734999.91,5742479.88,5992520.03,1532.36,0.0,6493550.05,5733825.0,2805478.99,28
1999-09-27,11795514.66,5779192.59,6016322.07,4547.31,0.0,6515030.0,5768312.5,2805478.99,28
1999-09-28,11832680.42,5771043.89,6061636.54,1533.42,13.5,6568545.84,5759412.5,2805478.99,28
1999-09-29,11771350.92,5708386.43,6062964.49,1548.11,39.04,6569166.57,5696000.0,2805478.99,28
1999-09-30,11833332.53,5916796.7,5916535.83,1533.55,516.95,6340895.16,5907037.5,3040303.44,26
1999-10-01,11827927.63,5895963.25,5931964.38,1558.06,0.0,6355544.7,5885425.0,3040303.44,26
1999-10-04,11963545.31,6013179.65,5950365.66,4672.03,58.5,6375951.36,6000312.5,3040303.44,26
1999-10-05,11935256.29,6000313.04,5934943.25,1558.58,0.0,6359753.75,5986662.5,3040303.44,26
1999-10-06,12022760.98,6087549.74,5935211.23,1564.84,0.0,6359243.59,6073112.5,3040303.44,26
1999-10-07,11999324.83,6062178.62,5937146.21,1562.96,0.0,6360406.99,6046950.0,3040303.44,26
1999-10-08,12020052.08,6142595.08,5877457.01,1566.58,0.0,6299942.66,6126575.0,3040303.44,26
1999-10-11,12036863.71,6147265.69,5889598.02,4687.82,0.0,6309791.47,6128850.0,3040303.44,26
1999-10-12,11989746.03,6052514.83,5937231.19,1564.79,24.5,6356858.49,6033300.0,3040303.44,26
1999-10-13,11811545.13,5887235.07,5924310.06,1575.32,0.0,6343157.27,5867225.0,3040303.44,26
1999-10-14,11782375.73,5890301.57,5892074.16,1588.0,27.0,6310871.88,5869500.0,3040303.44,26
1999-10-15,11619848.1,5742087.53,5877760.57,1597.17,11.12,6296257.11,5720487.5,3040303.44,26
1999-10-18,11646634.09,5783107.22,5863526.87,4744.77,0.0,6279623.33,5759162.5,3040303.44,26
1999-10-19,11711942.78,5823713.29,5888229.49,1598.18,0.0,6303521.33,5798975.0,3040303.44,26
1999-10-20,11794874.86,5906422.14,5888452.72,1626.66,22.5,6303549.26,5880875.0,3040303.44,26
1999-10-21,11819901.73,5923167.48,5896734.25,1638.18,0.0,6311012.95,5896800.0,3040303.44,26
1999-10-22,11898475.92,5975175.99,5923299.93,1638.37,0.0,6336761.27,5947987.5,3040303.44,26
1999-10-25,11876560.33,5949188.32,5927372.02,4878.38,0.0,6338404.81,5919550.0,3040303.44,26
1999-10-26,11759876.51,5879471.41,5880405.09,1613.23,0.0,6290632.75,5849025.0,3040303.44,26
1999-10-27,11842560.85,5971288.01,5871272.84,1633.32,18.0,6286181.78,5940025.0,3040303.44,26
1999-10-28,12039461.26,6175728.19,5863733.07,1641.51,94.72,6276695.62,6143637.5,3040303.44,26
1999-10-29,12181187.23,6090665.96,6090521.28,1658.77,201.68,6320391.92,6055500.0,2725350.2,24
1999-11-01,12120751.32,6032688.51,6088062.81,5045.04,0.0,6315410.97,5995000.0,2725350.2,24
1999-11-02,12088891.62,5989523.03,6099368.59,1676.7,0.0,6325874.56,5951000.0,2725350.2,24
1999-11-03,12138282.99,6025553.24,6112729.75,1675.65,0.0,6338390.28,5986200.0,2725350.2,24
1999-11-04,12204146.13,6061585.11,6142561.02,1675.76,0.0,6367377.66,6021400.0,2725350.2,24
1999-11-05,12260482.46,6132818.57,6127663.88,1678.07,0.0,6351635.92,6091800.0,2725350.2,24
1999-11-08,12260439.14,6129868.8,6130570.34,5098.32,0.0,6351994.28,6086300.0,2725350.2,24
1999-11-09,12252578.02,6081226.99,6171351.04,1716.46,0.0,6391916.7,6036800.0,2725350.2,24
1999-11-10,12334726.96,6117278.36,6217448.61,1715.36,0.0,6437150.29,6072000.0,2725350.2,24
1999-11-11,12365066.29,6153336.48,6211729.81,1730.29,28.0,6430587.32,6107200.0,2725350.2,24
1999-11-12,12449070.0,6213599.65,6235470.34,1734.54,0.0,6453456.49,6166600.0,2725350.2,24
1999-11-15,12484594.97,6222830.08,6261764.9,5270.11,0.0,6477111.36,6173200.0,2725350.2,24
1999-11-16,12614324.34,6346915.1,6267409.24,1775.59,0.0,6481865.14,6296400.0,2725350.2,24
1999-11-17,12567210.47,6290621.3,6276589.17,1801.05,0.0,6490150.22,6239200.0,2725350.2,24
1999-11-18,12582829.36,6337710.72,6245118.64,1776.86,49.5,6472829.25,6285400.0,2725350.2,24
1999-11-19,12593144.58,6334205.04,6258939.54,1775.58,38.12,6483566.06,6281000.0,2725350.2,24
1999-11-22,12613887.65,6335786.52,6278101.13,5331.1,0.0,6500078.03,6279900.0,2725350.2,24
1999-11-23,12551852.01,6269580.57,6282271.44,1779.96,0.0,6503362.43,6212800.0,2725350.2,24
1999-11-24,12600655.42,6312273.99,6288381.43,1788.64,0.0,6508577.2,6254600.0,2725350.2,24
1999-11-25,12612473.22,6313175.24,6299297.98,1799.09,0.0,6518595.91,6254600.0,2725350.2,24
1999-11-26,12598537.85,6283276.62,6315261.23,1800.78,0.0,6533659.76,6223800.0,2725350.2,24
1999-11-29,12545220.45,6268367.96,6276852.49,5396.37,60.68,6500406.6,6206200.0,2725350.2,24
1999-11-30,12434336.59,6217232.92,6217103.68,1801.63,434.34,7588656.66,6192175.0,2787966.81,25
1999-12-01,12464957.07,6267072.33,6197884.74,1778.8,0.0,7568548.33,6241125.0,2787966.81,25
1999-12-02,12522983.16,6311351.14,6211632.02,1772.79,0.0,7581414.13,6284512.5,2787966.81,25
1999-12-03,12661967.72,6429057.75,6232909.97,1774.09,0.0,7601812.1,6401325.0,2787966.81,25
1999-12-06,12624046.07,6373940.1,6250105.96,5381.34,63.0,7617262.11,6343475.0,2787966.81,25
1999-12-07,12582409.67,6331453.81,6250955.86,1784.9,0.0,7617228.31,6300087.5,2787966.81,25
1999-12-08,12533883.38,6286732.99,6247150.4,1772.02,0.0,7612542.5,6254475.0,2787966.81,25
1999-12-09,12550972.18,6309868.37,6241103.81,1765.19,742.72,7606288.82,6276725.0,2787966.81,25
1999-12-10,12569757.43,6334124.76,6235632.67,1778.05,24.5,7597158.01,6300087.5,2787966.81,25
1999-12-13,12578776.75,6342400.38,6236376.37,5384.05,78.8,7584924.59,6305650.0,2787966.81,25
1999-12-14,12545201.73,6292145.03,6253056.7,1823.92,87.2,7613207.84,6254475.0,2787966.81,25
1999-12-15,12573847.8,6309746.64,6264101.16,1822.54,0.0,7623343.87,6271162.5,2787966.81,25
1999-12-16,12622832.56,6348080.79,6274751.77,1812.73,400.5,7633091.4,6395762.5,2787966.81,25
1999-12-17,12679497.22,6381265.53,6298231.69,1833.82,21.62,7658771.23,6428025.0,2787966.81,25
1999-12-20,12647119.77,6341798.29,6305321.48,5578.98,27.0,7661796.8,6385750.0,2787966.81,25
1999-12-21,12730407.14,6429522.79,6300884.35,1893.55,0.0,7656415.62,6472525.0,2787966.81,25
1999-12-22,12759282.29,6443840.79,6315441.49,1916.63,0.0,7670024.13,6485875.0,2787966.81,25
1999-12-23,12886176.09,6547155.58,6339020.51,1910.35,22.26,7690702.06,6588225.0,2787966.81,25
1999-12-24,12907669.71,6548121.29,6359548.42,1900.71,0.0,7710294.97,6588225.0,2787966.81,25
1999-12-27,12901134.32,6538781.33,6362352.99,5711.64,0.0,7710285.44,6575987.5,2787966.81,25
1999-12-28,12927133.82,6544193.98,6382939.83,1899.33,0.0,7729935.6,6580437.5,2787966.81,25
1999-12-29,12948773.56,6560723.34,6388050.22,1885.21,15.68,7735207.7,6596012.5,2787966.81,25
1999-12-30,12947628.47,6554974.14,6392654.34,1827.22,182.26,7737232.86,6589337.5,2787966.81,25
1999-12-31,12970253.5,6485208.96,6485044.53,1823.46,173.43,8540726.45,6456487.5,3144747.95,30
2000-01-03,12903432.98,6411878.01,6491554.97,5588.02,0.0,8544442.91,6380362.5,3144747.95,30
2000-01-04,12572071.18,6173566.64,6398504.55,1888.92,59.5,8411381.7,6141112.5,3144747.95,30
2000-01-05,12512187.94,6182082.88,6330105.06,1840.41,0.0,8342045.54,6148725.0,3144747.95,30
2000-01-06,12432615.15,6141664.58,6290950.57,1835.12,0.0,8301962.63,6107400.0,3144747.95,30
2000-01-07,12709198.95,6388335.24,6320863.71,1813.09,0.0,8330958.34,6353175.0,3144747.95,30
2000-01-10,12814633.22,6454189.17,6360444.06,5528.5,0.0,8367789.11,6416250.0,3144747.95,30
2000-01-11,12741757.93,6364866.11,6376891.82,1865.24,0.0,8383311.08,6325987.5,3144747.95,30
2000-01-12,12693627.52,6312510.36,6381117.16,1865.25,24.5,8384352.41,6272700.0,3144747.95,30
2000-01-13,12794668.15,6385212.95,6409455.21,1865.26,0.0,8411752.79,6344475.0,3144747.95,30
2000-01-14,12929634.94,6470969.12,6458665.81,1865.89,0.0,8460028.68,6429300.0,3144747.95,30
2000-01-17,12951289.52,6473800.17,6477489.35,5656.72,0.0,8476026.55,6429300.0,3144747.95,30
2000-01-18,12919224.79,6437769.27,6481455.52,1888.73,0.0,8479048.09,6392325.0,3144747.95,30
2000-01-19,12935233.46,6451756.32,6483477.14,1880.46,0.0,8480126.3,6405375.0,3144747.95,30
2000-01-20,12912263.46,6385290.12,6526973.34,1922.32,22.5,8514381.48,6337950.0,3144747.95,30
2000-01-21,12908093.42,6372096.23,6535997.2,1908.15,11.12,8523100.45,6323812.5,3144747.95,30
2000-01-24,12702719.01,6192215.88,6510503.13,5711.83,0.0,8494714.21,6141112.5,3144747.95,30
2000-01-25,12737918.77,6222493.45,6515425.32,1877.18,0.0,8498674.29,6170475.0,3144747.95,30
2000-01-26,12730867.23,6210376.83,6520490.4,1910.69,0.0,8502762.06,6157425.0,3144747.95,30
2000-01-27,12741997.05,6186297.61,6555699.44,1913.17,54.0,8540195.21,6132412.5,3144747.95,30
2000-01-28,12526490.99,5999091.49,6527399.5,1918.38,43.26,8511622.41,5944275.0,3144747.95,30
2000-01-31,12660435.66,6330337.46,6330098.2,5720.43,411.76,7513590.93,6304500.0,3093061.15,29
2000-02-01,12757419.01,6402184.87,6355234.14,1944.78,0.0,7537754.49,6375375.0,3093061.15,29
2000-02-02,12771357.49,6397545.1,6373812.39,1963.23,0.0,7555354.75,6369750.0,3093061.15,29
2000-02-03,12892542.77,6493020.72,6399522.05,1947.63,0.0,7580092.39,6464250.0,3093061.15,29
2000-02-04,12940658.45,6471505.5,6469152.96,1955.37,0.0,7648752.71,6441750.0,3093061.15,29
2000-02-07,12888172.29,6455346.6,6432825.69,5931.14,63.0,7617783.41,6422625.0,3093061.15,29
2000-02-08,12974309.04,6541827.46,6432481.58,1958.29,0.0,7616461.87,6508125.0,3093061.15,29
2000-02-09,12899292.55,6416830.54,6482462.01,1989.39,0.0,7665455.99,6382125.0,3093061.15,29
2000-02-10,12924877.7,6422309.1,6502568.6,1967.14,24.5,7682323.5,6386625.0,3093061.15,29
2000-02-11,12817831.25,6322040.29,6495790.96,1974.63,0.0,7674552.41,6285375.0,3093061.15,29
2000-02-14,12815061.13,6333932.62,6481128.5,5864.16,31.5,7668709.63,6294375.0,3093061.15,29
2000-02-15,12848602.33,6385520.03,6463082.3,1947.18,0.0,7649678.65,6345000.0,3093061.15,29
2000-02-16,12819385.78,6308884.79,6510500.99,1991.53,0.0,7696095.57,6267375.0,3093061.15,29
2000-02-17,12783440.46,6277234.16,6506206.3,1979.88,0.0,7690795.37,6234750.0,3093061.15,29
2000-02-18,12612246.33,6133080.39,6479165.94,1977.88,11.12,7663431.17,6089625.0,3093061.15,29
2000-02-21,12595726.01,6135932.27,6459793.74,5864.69,0.0,7641046.16,6089625.0,3093061.15,29
2000-02-22,12595459.54,6117758.34,6477701.2,1952.34,31.5,7654071.36,6070500.0,3093061.15,29
2000-02-23,12618605.47,6191834.99,6426770.48,1959.29,31.5,7610459.49,6143625.0,3093061.15,29
2000-02-24,12595718.8,6147805.04,6447913.76,1976.91,0.0,7630595.91,6098625.0,3093061.15,29
2000-02-25,12524734.02,6071141.49,6453592.53,1969.83,18.0,7635564.3,6021000.0,3093061.15,29
2000-02-28,12575836.57,6117859.81,6457976.76,5865.75,47.48,7637277.85,6064875.0,3093061.15,29
2000-02-29,12705723.04,6352945.01,6352778.02,1966.72,495.19,7981228.1,6311200.0,2747596.02,29
2000-03-01,12815710.56,6413736.78,6401973.79,1983.5,0.0,8029432.13,6371000.0,2747596.02,29
2000-03-02,12834693.42,6414734.47,6419958.95,1993.55,0.0,8046421.43,6371000.0,2747596.02,29
2000-03-03,12986733.86,6534182.32,6452551.54,1996.51,0.0,8078015.36,6489450.0,2747596.02,29
2000-03-06,12952125.23,6464797.94,6487327.29,6092.94,0.0,8109763.79,6417000.0,2747596.02,29
2000-03-07,12788153.09,6266864.35,6521288.74,2036.36,0.0,8142705.28,6218050.0,2747596.02,29
2000-03-08,12801085.23,6334551.38,6466533.85,2014.13,0.0,8086923.29,6284750.0,2747596.02,29
2000-03-09,12984807.36,6510349.07,6474458.29,2016.17,654.1,8093743.42,6459550.0,2747596.02,29
2000-03-10,12966341.9,6489522.64,6476819.26,2041.5,24.5,8087585.96,6437700.0,2747596.02,29
2000-03-13,12876499.58,6419005.17,6457494.41,6159.01,87.2,8053509.32,6364100.0,2747596.02,29
2000-03-14,12780024.98,6322273.29,6457751.69,2042.36,55.9,8054748.27,6266350.0,2747596.02,29
2000-03-15,12895621.73,6474662.07,6420959.66,2027.05,414.0,8016931.97,6418150.0,2747596.02,29
2000-03-16,13202985.03,6773535.43,6429449.6,2038.22,0.0,8024407.04,6798800.0,2747596.02,29
2000-03-17,13292506.14,6825207.91,6467298.23,2090.47,53.16,8062796.37,6849400.0,2747596.02,29
2000-03-20,13206575.31,6777861.26,6428714.05,6336.09,0.0,8021129.45,6798800.0,2747596.02,29
2000-03-21,13352903.52,6914641.95,6438261.57,2105.72,18.0,8022149.94,6934500.0,2747596.02,29
2000-03-22,13409177.45,6961744.45,6447433.0,2129.05,0.0,8030294.83,6980500.0,2747596.02,29
2000-03-23,13502630.08,7084754.46,6417875.62,2138.02,0.0,7999709.43,7102400.0,2747596.02,29
2000-03-24,13593460.27,7138782.12,6454678.15,2149.17,0.0,8035490.46,7155300.0,2747596.02,29
2000-03-27,13528398.76,7063996.84,6464401.93,6502.21,0.0,8042126.74,7077100.0,2747596.02,29
2000-03-28,13496723.83,7027163.34,6469560.49,2138.24,0.0,8046263.57,7039150.0,2747596.02,29
2000-03-29,13462355.38,7029429.88,6432925.5,2144.48,13.5,8008854.14,7040300.0,2747596.02,29
2000-03-30,13333083.85,6909798.73,6423285.12,2142.76,72.22,7997090.61,6919550.0,2747596.02,29
2000-03-31,13423157.49,6711630.39,6711527.09,2114.78,614.88,13266960.08,13336412.5,2859509.89,35
2000-04-03,13467657.94,6784779.6,6682878.34,6398.37,0.0,13235112.16,13406362.5,2859509.89,35
2000-04-04,13442133.75,6798351.98,6643781.78,2128.64,0.0,13194959.33,13418862.5,2859509.89,35
2000-04-05,13354930.84,6720822.72,6634108.12,2117.14,0.0,13184239.29,13340262.5,2859509.89,35
2000-04-06,13369398.95,6755411.85,6613987.11,2114.53,0.0,13163067.87,13373787.5,2859509.89,35
2000-04-07,13476308.99,6833797.71,6642511.29,2124.25,0.0,13190541.16,13451100.0,2859509.89,35
2000-04-10,13440433.49,6826373.34,6614060.14,6434.94,67.5,13141135.71,13440412.5,2859509.89,35
2000-04-11,13355238.6,6771829.19,6583409.41,2128.07,0.0,13109437.76,13384787.5,2859509.89,35
2000-04-12,13172405.7,6542370.75,6630034.95,2103.45,28.0,13145254.41,13154262.5,2859509.89,35
2000-04-13,13116703.41,6478663.67,6638039.73,2074.65,0.0,13152214.96,13089525.0,2859509.89,35
2000-04-14,12699829.77,6107280.46,6592549.3,2058.59,31.5,13124474.23,12717125.0,2859509.89,35
2000-04-17,12794361.42,6262505.97,6531855.44,5979.5,0.0,13060676.37,12869475.0,2859509.89,35
2000-04-18,13017008.47,6434176.34,6582832.13,2008.0,0.0,13110627.92,13040162.5,2859509.89,35
2000-04-19,13048421.86,6416311.15,6632110.71,2042.95,22.5,13152495.87,13021287.5,2859509.89,35
2000-04-20,13076467.56,6443868.15,6632599.4,2047.88,0.0,13151943.69,13047837.5,2859509.89,35
2000-04-21,13071533.35,6444875.9,6626657.45,2045.01,0.0,13144964.46,13047837.5,2859509.89,35
2000-04-24,13021205.15,6402799.62,6618405.53,6132.73,99.0,13137777.54,13002737.5,2859509.89,35
2000-04-25,13223814.07,6585884.89,6637929.17,2029.14,8.34,13155826.5,13184825.0,2859509.89,35
2000-04-26,13139804.4,6527477.35,6612327.04,2068.06,13.5,13129619.77,13125387.5,2859509.89,35
2000-04-27,13036842.17,6443315.92,6593526.24,2040.32,13.72,13109626.46,13040212.5,2859509.89,35
2000-04-28,13069909.14,6535129.2,6534779.95,2024.33,1261.25,11171538.99,6497000.0,2508622.86,30
2000-05-01,13189109.37,6613861.6,6575247.77,6164.64,0.0,11208924.58,6572650.0,2508622.86,30
2000-05-02,13107259.82,6496978.28,6610281.53,2077.28,0.0,11242922.74,6454725.0,2508622.86,30
2000-05-03,12931560.88,6373415.99,6558144.89,2093.52,0.0,11189730.28,6330125.0,2508622.86,30
2000-05-04,12932425.26,6377769.7,6554655.56,2061.87,0.0,11185195.3,6333462.5,2508622.86,30
2000-05-05,13001834.9,6448872.33,6552962.57,2058.41,0.0,11182459.02,6403550.0,2508622.86,30
2000-05-08,12951642.88,6411933.91,6539708.97,6273.39,0.0,11166043.62,6363500.0,2508622.86,30
2000-05-09,12902364.12,6367366.91,6534997.21,2111.84,0.0,11160265.52,6317887.5,2508622.86,30
2000-05-10,12765848.46,6226021.06,6539827.4,2136.06,0.0,11164013.81,6175487.5,2508622.86,30
2000-05-11,12935317.2,6348314.32,6587002.89,2113.46,24.5,11206281.09,6296750.0,2508622.86,30
2000-05-12,13021590.14,6419452.81,6602137.33,2141.51,0.0,11220325.02,6366837.5,2508622.86,30
2000-05-15,13122504.67,6542791.14,6579713.53,6467.39,0.0,11194622.15,6486987.5,2508622.86,30
2000-05-16,13231821.57,6606170.7,6625650.86,2165.21,0.0,11239473.84,6549287.5,2508622.86,30
2000-05-17,13138929.32,6540525.4,6598403.92,2212.65,0.0,11211118.94,6482537.5,2508622.86,30
2000-05-18,13092302.51,6475956.19,6616346.32,2146.03,0.0,11227983.6,6416900.0,2508622.86,30
2000-05-19,12958053.19,6356840.54,6601212.65,2091.13,8.34,11211575.66,6296750.0,2508622.86,30
2000-05-22,12892879.62,6309802.84,6583076.78,6165.87,22.5,11190121.21,6246687.5,2508622.86,30
2000-05-23,12816638.9,6216241.14,6600397.76,2044.95,0.0,11206398.05,6152125.0,2508622.86,30
2000-05-24,12904298.2,6302912.06,6601386.14,2079.14,0.0,11206315.7,6237787.5,2508622.86,30
2000-05-25,12865133.91,6247181.27,6617952.64,2061.1,63.0,11225915.81,6181050.0,2508622.86,30
2000-05-26,12835435.85,6213679.44,6621756.42,2029.83,13.5,11228448.92,6146562.5,2508622.86,30
2000-05-29,12856430.22,6216605.04,6639825.18,6043.35,0.0,11243399.94,6146562.5,2508622.86,30
2000-05-30,13033771.69,6422280.71,6611490.99,2017.75,27.72,11212674.1,6351262.5,2508622.86,30
2000-05-31,13031309.49,6515764.1,6515545.39,2027.48,298.21,10240739.54,6471237.5,2540604.47,28
2000-06-01,13198881.18,6649843.45,6549037.73,1983.65,0.0,10273240.07,6604325.0,2540604.47,28
2000-06-02,13345891.24,6762347.32,6583543.92,2042.16,0.0,10306732.98,6715800.0,2540604.47,28
2000-06-05,13307366.06,6740534.44,6566831.62,6339.3,0.0,10286893.5,6690775.0,2540604.47,28
2000-06-06,13258178.86,6707480.44,6550698.42,2114.39,0.0,10269716.9,6656650.0,2540604.47,28
2000-06-07,13258248.63,6749514.81,6508733.82,2143.41,0.0,10226693.27,6697600.0,2540604.47,28
2000-06-08,13244553.52,6725567.86,6518985.66,2117.64,0.0,10235905.52,6672575.0,2540604.47,28
2000-06-09,13259713.31,6706165.21,6553548.1,2111.77,0.0,10269428.54,6652100.0,2540604.47,28
2000-06-12,13206062.8,6639991.08,6566071.71,6353.61,24.5,10274986.42,6582712.5,2540604.47,28
2000-06-13,13339631.9,6755928.07,6583703.83,2087.29,0.0,10291580.72,6697600.0,2540604.47,28
2000-06-14,13351890.06,6771789.01,6580101.05,2119.52,27.0,10282818.87,6712387.5,2540604.47,28
2000-06-15,13343075.88,6770169.19,6572906.69,2099.21,431.76,10274612.23,6813625.0,2540604.47,28
2000-06-16,13281626.31,6728010.49,6553615.82,2101.53,48.18,10258824.84,6770400.0,2540604.47,28
2000-06-19,13364148.54,6806258.87,6557889.67,6264.5,74.1,10240781.67,6845475.0,2540604.47,28
2000-06-20,13365886.74,6782300.18,6583586.55,2093.72,22.5,10255223.65,6820450.0,2540604.47,28
2000-06-21,13385697.89,6781085.86,6604612.03,2090.28,0.0,10275219.53,6818175.0,2540604.47,28
2000-06-22,13285820.11,6680912.61,6604907.5,2100.81,0.0,10274478.44,6716937.5,2540604.47,28
2000-06-23,13210626.29,6623952.36,6586673.93,2092.52,0.0,10255204.6,6658925.0,2540604.47,28
2000-06-26,13281636.15,6697618.21,6584017.94,6264.04,27.0,10267812.43,6729450.0,2540604.47,28
2000-06-27,13248668.06,6662271.23,6586396.84,2088.17,0.0,10269156.17,6693050.0,2540604.47,28
2000-06-28,13247646.47,6664458.04,6583188.43,2086.67,9.0,10263499.41,6694187.5,2540604.47,28
2000-06-29,13209743.91,6605216.49,6604527.43,2079.14,0.0,10283805.21,6633900.0,2540604.47,28
2000-06-30,13225728.16,6612923.92,6612804.24,2084.2,922.58,15739385.42,13204453.12,2744966.52,30
2000-07-03,13348096.72,6741398.7,6606698.02,6293.24,0.0,15730132.6,13329781.25,2744966.52,30
2000-07-04,13352546.44,6742475.45,6610070.99,2131.99,0.0,15732450.34,13329781.25,2744966.52,30
2000-07-05,13209823.66,6627208.62,6582615.04,2132.7,0.0,15703938.61,13213437.5,2744966.52,30
2000-07-06,13213366.15,6649358.14,6564008.01,2135.59,0.0,15684267.39,13234515.62,2744966.52,30
2000-07-07,13356048.47,6765876.16,6590172.31,2147.17,0.0,15709365.04,13349953.12,2744966.52,30
2000-07-10,13342686.27,6744092.06,6598594.21,6533.33,0.0,15714563.25,13324859.38,2744966.52,30
2000-07-11,13347478.76,6751447.34,6596031.42,2186.72,0.0,15710919.02,13331109.38,2744966.52,30
2000-07-12,13396096.66,6788450.08,6607646.58,2198.63,21.0,15718618.67,13367000.0,2744966.52,30
2000-07-13,13480050.49,6841001.47,6639049.01,2228.96,0.0,15748921.67,13418421.88,2744966.52,30
2000-07-14,13498228.92,6859235.39,6638993.53,2246.68,0.0,15747759.67,13435515.62,2744966.52,30
2000-07-17,13470322.78,6830628.04,6639694.74,6737.87,31.5,15742028.42,13403484.38,2744966.52,30
2000-07-18,13436517.73,6786606.44,6649911.29,2237.57,0.0,15751142.05,13358328.12,2744966.52,30
2000-07-19,13369530.74,6737108.77,6632421.97,2231.95,0.0,15732548.1,13307703.12,2744966.52,30
2000-07-20,13543661.16,6878278.49,6665382.67,2228.26,18.0,15760141.39,13447750.0,2744966.52,30
2000-07-21,13437283.86,6765331.12,6671952.73,2257.28,8.34,15766407.99,13333656.25,2744966.52,30
2000-07-24,13367431.95,6712794.97,6654636.98,6662.65,0.0,15745784.06,13277765.62,2744966.52,30
2000-07-25,13365777.83,6733691.29,6632086.53,2220.48,0.0,15722128.2,13297546.88,2744966.52,30
2000-07-26,13291806.36,6666114.19,6625692.17,2235.06,0.0,15714624.8,13228843.75,2744966.52,30
2000-07-27,13293538.43,6659303.34,6634235.09,2215.3,9.0,15722672.45,13220921.88,2744966.52,30
2000-07-28,13129378.62,6507076.87,6622301.75,2230.36,13.72,15709729.49,13067578.12,2744966.52,30
2000-07-31,13162762.96,6581523.92,6581239.04,6586.57,472.38,19135218.15,13074231.25,2681846.7,29
2000-08-01,13234790.58,6640895.07,6593895.51,2204.76,0.0,19146772.26,13132500.0,2681846.7,29
2000-08-02,13302228.67,6676108.55,6626120.11,2231.53,0.0,19177885.22,13166593.75,2681846.7,29
2000-08-03,13330876.35,6727465.47,6603410.88,2242.9,0.0,19154058.62,13216825.0,2681846.7,29
2000-08-04,13443578.86,6794827.31,6648751.55,2240.33,0.0,19198289.69,13283056.25,2681846.7,29
2000-08-07,13483835.34,6843603.03,6640232.31,6777.8,0.0,19186418.37,13328406.25,2681846.7,29
2000-08-08,13534602.54,6888342.54,6646260.0,2269.78,0.0,19191328.29,13371993.75,2681846.7,29
2000-08-09,13528330.7,6844718.4,6683612.3,2285.84,0.0,19227558.1,13327206.25,2681846.7,29
2000-08-10,13523327.79,6825472.5,6697855.29,2281.03,24.5,19239298.47,13306806.25,2681846.7,29
2000-08-11,13518105.21,6820179.6,6697925.61,2280.18,0.0,19238239.33,13300362.5,2681846.7,29
2000-08-14,13625072.6,6921658.46,6703414.14,6882.97,36.0,19219873.69,13398368.75,2681846.7,29
2000-08-15,13588745.27,6896698.12,6692047.15,2304.91,0.0,19207372.51,13372237.5,2681846.7,29
2000-08-16,13571563.35,6874829.23,6696734.12,2302.54,0.0,19210925.87,13349200.0,2681846.7,29
2000-08-17,13638832.4,6934717.22,6704115.18,2295.86,0.0,19217173.91,13407925.0,2681846.7,29
2000-08-18,13650265.73,6938846.59,6711419.13,2307.24,8.34,19223491.22,13410881.25,2681846.7,29
2000-08-21,13702665.81,6964511.81,6738154.0,6927.51,0.0,19246819.85,13433025.0,2681846.7,29
2000-08-22,13701736.6,6973227.47,6728509.13,2318.03,22.5,19233607.64,13440562.5,2681846.7,29
2000-08-23,13760706.68,7012702.8,6748003.88,2321.68,0.0,19251962.32,13478856.25,2681846.7,29
2000-08-24,13797647.38,7037674.26,6759973.13,2335.5,0.0,19262786.24,13502637.5,2681846.7,29
2000-08-25,13810664.48,7030906.21,6779758.27,2341.77,0.0,19281424.07,13494675.0,2681846.7,29
2000-08-28,13827667.72,7036729.08,6790938.64,7054.95,0.0,19289141.27,13496906.25,2681846.7,29
2000-08-29,13814839.97,7020185.48,6794654.48,2358.39,9.0,19291847.89,13479162.5,2681846.7,29
2000-08-30,13754297.72,6956033.86,6798263.85,2352.36,324.72,19293291.08,13414112.5,2681846.7,29
2000-08-31,13885314.59,6942794.21,6942520.37,2345.87,606.34,16501841.88,13827078.12,2629611.57,30
2000-09-01,13974040.54,6978951.42,6995089.12,2364.36,0.0,16553228.13,13862053.12,2629611.57,30
2000-09-04,14011593.44,6982493.24,7029100.2,7091.83,0.0,16583689.21,13862053.12,2629611.57,30
2000-09-05,13969262.18,6934702.57,7034559.62,2370.29,0.0,16587959.53,13813081.25,2629611.57,30
2000-09-06,13849152.36,6834506.21,7014646.15,2355.37,0.0,16566860.17,13711715.62,2629611.57,30
2000-09-07,13908920.6,6879588.49,7029332.11,2319.73,0.0,16580371.11,13755653.12,2629611.57,30
2000-09-08,13859199.68,6846020.16,7013179.52,2325.88,0.0,16563043.23,13720934.38,2629611.57,30
2000-09-11,13856924.67,6812719.8,7044204.86,6894.95,0.0,16590579.2,13684228.12,2629611.57,30
2000-09-12,13790771.14,6769483.3,7021287.84,2290.24,17.5,16562765.77,13639865.62,2629611.57,30
2000-09-13,13789640.19,6809162.12,6980478.07,2267.82,0.0,16520801.25,13678431.25,2629611.57,30
2000-09-14,13745826.81,6767775.48,6978051.33,2267.63,409.5,16517226.58,13736434.38,2629611.57,30
2000-09-15,13640666.46,6665138.43,6975528.04,2279.52,89.1,16524084.64,13632675.0,2629611.57,30
2000-09-18,13552571.56,6586969.96,6965601.6,6786.23,74.3,16492864.35,13551190.62,2629611.57,30
2000-09-19,13585463.43,6645718.55,6939744.88,2247.47,0.0,16465852.63,13608846.88,2629611.57,30
2000-09-20,13496201.03,6587427.45,6908773.58,2260.47,18.0,16427744.84,13549450.0,2629611.57,30
2000-09-21,13473930.86,6601577.94,6872352.92,2241.87,0.0,16390176.42,13562506.25,2629611.57,30
2000-09-22,13474456.21,6613218.29,6861237.93,2238.17,0.0,16377919.78,13573050.0,2629611.57,30
2000-09-25,13463767.1,6586706.88,6877060.22,6726.0,0.0,16390317.03,13543237.5,2629611.57,30
2000-09-26,13389978.04,6523152.84,6866825.2,2240.22,0.0,16378937.92,13478587.5,2629611.57,30
2000-09-27,13425152.57,6538127.53,6887025.04,2231.66,9.0,16400522.29,13492475.0,2629611.57,30
2000-09-28,13543378.46,6671170.85,6872207.61,2244.98,94.72,16389516.33,13624425.0,2629611.57,30
2000-09-29,13473962.15,6737089.43,6736872.72,2283.56,428.79,20717224.3,13401906.25,2758192.41,29
2000-10-02,13531114.13,6749892.29,6781221.84,6793.12,0.0,20758176.74,13411312.5,2758192.41,29
2000-10-03,13451456.84,6663282.28,6788174.56,2266.46,0.0,20763993.44,13323571.88,2758192.41,29
2000-10-04,13460251.81,6696278.93,6763972.88,2264.33,0.0,20738649.08,13355446.88,2758192.41,29
2000-10-05,13516219.42,6739559.26,6776660.16,2265.81,0.0,20750197.76,13397600.0,2758192.41,29
2000-10-06,13396862.39,6621848.75,6775013.64,2278.98,0.0,20747408.93,13278753.12,2758192.41,29
2000-10-09,13385854.16,6578042.78,6807811.38,6765.42,90.0,20787675.29,13231603.12,2758192.41,29
2000-10-10,13322836.38,6472318.84,6850517.54,2253.29,0.0,20829235.29,13124771.88,2758192.41,29
2000-10-11,13281308.77,6427525.3,6853783.48,2238.98,0.0,20831350.16,13078890.62,2758192.41,29
2000-10-12,13198655.58,6297227.35,6901428.23,2232.0,17.5,20873235.39,12947512.5,2758192.41,29
2000-10-13,13362115.93,6486878.64,6875237.29,2203.44,0.0,20845892.37,13136112.5,2758192.41,29
2000-10-16,13366755.27,6510404.77,6856350.5,6703.33,0.0,20823556.64,13156384.38,2758192.41,29
2000-10-17,13257971.99,6395810.06,6862161.93,2250.07,0.0,20828213.91,13040693.75,2758192.41,29
2000-10-18,13211318.42,6364697.35,6846621.08,2253.86,0.0,20811506.49,13008493.75,2758192.41,29
2000-10-19,13438353.36,6590869.97,6847483.39,2245.92,0.0,20811204.89,13233584.38,2758192.41,29
2000-10-20,13524184.66,6652650.33,6871534.33,2291.99,26.34,20830942.69,13294240.62,2758192.41,29
2000-10-23,13593343.89,6705736.23,6887607.67,6908.6,0.0,20843505.99,13343928.12,2758192.41,29
2000-10-24,13521667.63,6625630.53,6896037.1,2325.97,0.0,20850756.88,13262675.0,2758192.41,29
2000-10-25,13335313.77,6471381.71,6863932.06,2317.46,0.0,20817469.76,13107290.62,2758192.41,29
2000-10-26,13289033.28,6458799.35,6830233.92,2296.64,76.5,20794353.67,13093593.75,2758192.41,29
2000-10-27,13392471.92,6580008.11,6812463.81,2281.28,9.0,20777200.04,13213693.75,2758192.41,29
2000-10-30,13432884.37,6624260.08,6808624.29,6885.96,0.0,20769857.78,13254562.5,2758192.41,29
2000-10-31,13559099.76,6779503.7,6779596.06,2309.71,349.14,22021316.8,6747109.38,1340949.26,30
2000-11-01,13581438.21,6791138.15,6790300.06,2331.41,0.0,22030855.29,6757578.12,1340949.26,30
2000-11-02,13593863.36,6799632.09,6794231.27,2331.48,0.0,22033620.49,6764906.25,1340949.26,30
2000-11-03,13556712.41,6759973.12,6796739.29,2337.39,0.0,22034960.29,6724078.12,1340949.26,30
2000-11-06,13546559.83,6748809.52,6797750.31,7004.3,0.0,22032459.65,6709421.88,1340949.26,30
2000-11-07,13559221.71,6751026.19,6808195.52,2348.07,0.0,22041726.59,6710468.75,1340949.26,30
2000-11-08,13569382.67,6758475.74,6810906.93,2346.5,0.0,22043259.8,6716750.0,1340949.26,30
2000-11-09,13602568.38,6783721.58,6818846.8,2344.49,0.0,22050023.03,6740828.12,1340949.26,30
2000-11-10,13602175.78,6792219.9,6809955.88,2346.44,17.5,22036348.39,6748156.25,1340949.26,30
2000-11-13,13624779.62,6809332.93,6815446.7,7016.46,0.0,22038326.41,6761765.62,1340949.26,30
2000-11-14,13683172.61,6815738.13,6867434.48,2342.71,0.0,22089142.35,6767000.0,1340949.26,30
2000-11-15,13737628.42,6833658.17,6903970.25,2348.94,0.0,22124499.15,6783750.0,1340949.26,30
2000-11-16,13747324.49,6848442.55,6898881.94,2362.11,72.0,22125895.59,6797359.38,1340949.26,30
2000-11-17,13764407.51,6839147.55,6925259.96,2356.14,8.34,22151933.4,6786890.62,1340949.26,30
2000-11-20,13791139.89,6854179.63,6936960.26,7077.2,18.0,22158411.16,6798406.25,1340949.26,30
2000-11-21,13788033.53,6857450.02,6930583.51,2367.48,0.0,22150843.57,6800500.0,1340949.26,30
2000-11-22,13838899.03,6882705.34,6956193.69,2366.95,0.0,22175263.8,6824578.12,1340949.26,30
2000-11-23,13854723.45,6883886.87,6970836.58,2375.68,0.0,22188712.54,6824578.12,1340949.26,30
2000-11-24,13856480.63,6873552.98,6982927.65,2378.39,0.0,22199606.95,6813062.5,1340949.26,30
2000-11-27,13862120.94,6875744.48,6986376.46,7136.09,333.0,22212371.05,6812015.62,1340949.26,30
2000-11-28,13865418.83,6900995.31,6964423.53,2364.26,9.0,22191335.76,6836093.75,1340949.26,30
2000-11-29,13891161.42,6917867.77,6973293.65,2349.42,17.5,22197086.08,6851796.88,1340949.26,30
2000-11-30,13958537.75,6979428.16,6979109.59,2338.35,728.57,27298159.08,6903093.75,1168076.03,30
2000-12-01,13919828.28,6951284.71,6968543.57,2338.06,0.0,27286424.19,6873781.25,1168076.03,30
2000-12-04,13958770.9,6954789.32,7003981.57,7017.91,85.5,27332494.25,6873781.25,1168076.03,30
2000-12-05,14002988.93,6993635.95,7009352.98,2326.46,0.0,27336698.49,6911468.75,1168076.03,30
2000-12-06,14090573.43,7036659.07,7053914.35,2298.82,0.0,27380109.2,6953343.75,1168076.03,30
2000-12-07,14090569.09,7038863.09,7051706.0,2317.12,278.88,27380806.88,6954390.62,1168076.03,30
2000-12-08,14057935.9,7018040.13,7039895.77,2324.94,0.0,27367832.98,6932406.25,1168076.03,30
2000-12-11,14066413.32,7014174.23,7052239.08,6935.25,0.0,27376703.41,6925078.12,1168076.03,30
2000-12-12,14054795.43,7024747.6,7030047.83,2309.24,17.5,27352996.91,6934500.0,1168076.03,30
2000-12-13,14101642.87,7058350.05,7043292.82,2299.52,0.0,27365091.54,6966953.12,1168076.03,30
2000-12-14,14108728.45,7085676.75,7023051.7,2307.19,0.0,27343698.09,6993125.0,1168076.03,30
2000-12-15,14157388.28,7102539.17,7054849.1,2308.34,101.76,27378674.8,7008828.12,1168076.03,30
2000-12-18,14227614.33,7117517.29,7110097.05,6901.73,69.8,27413390.94,7020343.75,1168076.03,30
2000-12-19,14186986.42,7102956.92,7084029.5,2284.32,18.0,27381519.83,7004640.62,1168076.03,30
2000-12-20,14230448.38,7138640.27,7091808.11,2269.92,0.0,27388165.03,7039187.5,1168076.03,30
2000-12-21,14250573.44,7158606.37,7091967.07,2237.34,0.0,27387209.17,7058031.25,1168076.03,30
2000-12-22,14298891.37,7171163.97,7127727.4,2074.25,0.0,27421936.88,7069546.88,1168076.03,30
2000-12-25,14305004.14,7174229.64,7130774.5,6112.78,0.0,27421936.88,7069546.88,1168076.03,30
2000-12-26,14291383.33,7168970.72,7122412.61,2038.46,0.0,27412558.86,7063265.62,1168076.03,30
2000-12-27,14254054.49,7134494.14,7119560.36,2227.07,4.5,27401811.33,7027671.88,1168076.03,30
2000-12-28,14222975.84,7123039.46,7099936.37,2213.34,0.0,27381081.7,7015109.38,1168076.03,30
2000-12-29,14277743.35,7138932.71,7138810.64,2255.92,294.65,28282707.89,7130437.5,1071165.4,28
2001-01-02,14421482.3,7233790.33,7187691.97,9090.16,0.0,28327043.84,7220750.0,1071165.4,28
2001-01-03,14292930.39,7138246.17,7154684.22,2279.4,0.0,28292900.2,7124062.5,1071165.4,28
2001-01-04,14381642.1,7192467.68,7189174.42,2195.55,0.0,28326291.37,7177187.5,1071165.4,28
2001-01-05,14453988.07,7231762.59,7222225.48,2089.33,0.0,28358298.17,7215437.5,1071165.4,28
2001-01-08,14483599.39,7252832.3,7230767.09,6010.45,0.0,28363836.54,7233500.0,1071165.4,28
2001-01-09,14428860.52,7226226.72,7202633.8,2035.75,0.0,28334686.72,7205875.0,1071165.4,28
2001-01-10,14366506.83,7183687.94,7182818.9,2044.09,0.0,28313851.31,7162312.5,1071165.4,28
2001-01-11,14338355.23,7169840.6,7168514.62,2055.21,0.0,28298519.49,7147437.5,1071165.4,28
2001-01-12,14235990.29,7119870.27,7116120.02,2059.15,0.0,28245095.41,7096437.5,1071165.4,28
2001-01-15,14235312.29,7122949.62,7112362.68,6157.07,0.0,28238260.34,7096437.5,1071165.4,28
2001-01-16,14223129.25,7134601.51,7088527.74,2052.26,0.0,28213400.39,7107062.5,1071165.4,28
2001-01-17,14228475.92,7169636.03,7058839.89,2062.35,0.0,28182684.7,7141062.5,1071165.4,28
2001-01-18,14326977.45,7205738.12,7121239.33,2063.13,0.0,28244060.43,7176125.0,1071165.4,28
2001-01-19,14272588.29,7171704.44,7100883.84,2045.57,0.0,28222688.36,7141062.5,1071165.4,28
2001-01-22,14236032.61,7151377.42,7084655.2,6065.85,0.0,28203441.84,7117687.5,1071165.4,28
2001-01-23,14168358.09,7125830.02,7042528.08,2020.73,0.0,28160309.09,7091125.0,1071165.4,28
2001-01-24,14134715.31,7117277.01,7017438.31,2007.18,0.0,28134221.63,7081562.5,1071165.4,28
2001-01-25,14145363.86,7134230.7,7011133.16,2018.12,76.5,28131666.06,7097500.0,1071165.4,28
2001-01-26,14142153.31,7136311.81,7005841.5,2019.64,0.0,28125373.02,7098562.5,1071165.4,28
2001-01-29,14095624.05,7130809.06,6964814.99,5939.7,4.5,28077148.56,7090062.5,1071165.4,28
2001-01-30,14152486.92,7166859.97,6985626.95,1953.81,0.0,28096995.29,7125125.0,1071165.4,28
2001-01-31,14213970.09,7107187.46,7106782.63,1922.38,422.83,51418837.57,7049656.25,1169364.45,28
2001-02-01,14293317.93,7142693.81,7150624.12,1918.89,0.0,51461719.97,7084203.12,1169364.45,28
2001-02-02,14237359.36,7112253.8,7125105.56,1933.57,0.0,51435234.08,7052796.88,1169364.45,28
2001-02-05,14232600.08,7115175.76,7117424.33,5849.18,81.0,51413906.46,7052796.88,1169364.45,28
2001-02-06,14205646.98,7095218.57,7110428.41,1960.94,0.0,51405929.93,7031859.38,1169364.45,28
2001-02-07,14217153.77,7107707.81,7109445.96,1949.33,0.0,51403971.73,7043375.0,1169364.45,28
2001-02-08,14175466.25,7106589.4,7068876.85,1950.91,0.0,51362427.24,7041281.25,1169364.45,28
2001-02-09,14234648.71,7137925.93,7096722.78,1949.13,0.0,51389301.04,7071640.62,1169364.45,28
2001-02-12,14216484.15,7126202.18,7090281.97,5848.07,0.0,51379944.63,7056984.38,1169364.45,28
2001-02-13,14204714.08,7116709.32,7088004.76,1946.87,0.0,51376696.31,7046515.62,1169364.45,28
2001-02-14,14154018.69,7094650.69,7059368.0,1941.31,0.0,51347091.18,7023484.38,1169364.45,28
2001-02-15,14065446.62,7067358.61,6998088.01,1942.25,67.5,51287459.79,6995218.75,1169364.45,28
2001-02-16,14158544.95,7108111.62,7050433.32,1934.0,0.0,51338842.87,7035000.0,1169364.45,28
2001-02-19,14177066.21,7111008.18,7066058.03,5769.61,0.0,51351594.53,7035000.0,1169364.45,28
2001-02-20,14174508.23,7113020.96,7061487.26,1925.72,0.0,51346063.95,7036046.88,1169364.45,28
2001-02-21,14148271.41,7097243.08,7051028.33,1937.18,0.0,51334639.99,7019296.88,1169364.45,28
2001-02-22,14138420.94,7101347.74,7037073.2,1921.81,0.0,51319726.93,7022437.5,1169364.45,28
2001-02-23,14187510.53,7125341.62,7062168.91,1916.54,0.0,51343869.04,7045468.75,1169364.45,28
2001-02-26,14213547.42,7147017.69,7066529.73,5639.54,48.7,51343929.11,7064312.5,1169364.45,28
2001-02-27,14280150.32,7177265.26,7102885.06,1859.61,31.22,51389515.7,7093625.0,1169364.45,28
2001-02-28,14344605.19,7172425.49,7172179.69,1864.35,1150.3,53174729.35,7097812.5,1162970.8,30
2001-03-01,14374770.88,7186977.25,7187793.64,1884.72,0.0,53189400.95,7111421.88,1162970.8,30
2001-03-02,14297506.91,7143950.79,7153556.12,1884.69,0.0,53154221.03,7067453.12,1162970.8,30
2001-03-05,14321242.5,7145713.87,7175528.63,5623.69,0.0,53173379.97,7066406.25,1162970.8,30
2001-03-06,14310779.58,7145599.9,7165179.68,1869.72,0.0,53162094.05,7065359.38,1162970.8,30
2001-03-07,14354929.49,7170604.97,7184324.52,1856.43,0.0,53180309.25,7089437.5,1162970.8,30
2001-03-08,14370774.72,7183030.87,7187743.86,1822.28,303.78,53177503.73,7100953.12,1162970.8,30
2001-03-09,14333255.41,7164050.09,7169205.32,1820.3,0.0,53158054.75,7081062.5,1162970.8,30
2001-03-12,14349758.58,7174130.41,7175628.18,5506.36,0.0,53161723.28,7088390.62,1162970.8,30
2001-03-13,14329303.73,7164566.39,7164737.34,1809.66,52.5,53141273.32,7077921.88,1162970.8,30
2001-03-14,14399819.39,7203157.43,7196661.96,1807.08,0.0,53172294.23,7115609.38,1162970.8,30
2001-03-15,14398520.85,7221840.69,7176680.16,1771.98,101.76,53152997.96,7133406.25,1162970.8,30
2001-03-16,14435059.6,7241569.11,7193490.49,1763.82,0.0,53168929.12,7152250.0,1162970.8,30
2001-03-19,14370101.05,7217023.71,7153077.34,5328.94,201.2,53172590.35,7125031.25,1162970.8,30
2001-03-20,14390236.6,7237800.43,7152436.17,1764.33,0.0,53171071.11,7144921.88,1162970.8,30
2001-03-21,14404512.18,7249149.77,7155362.4,1750.81,0.0,53173126.81,7155390.62,1162970.8,30
2001-03-22,14472049.0,7277216.27,7194832.73,1684.53,0.0,53211760.35,7182609.38,1162970.8,30
2001-03-23,14393746.09,7245604.07,7148142.02,1672.33,0.0,53164238.56,7150156.25,1162970.8,30
2001-03-26,14384183.24,7230337.12,7153846.13,5025.82,0.0,53167446.45,7132359.38,1162970.8,30
2001-03-27,14296429.25,7172553.65,7123875.6,1674.16,0.0,53136643.62,7073734.38,1162970.8,30
2001-03-28,14280535.78,7181773.42,7098762.36,1683.8,4.5,53111095.53,7082109.38,1162970.8,30
2001-03-29,14284412.79,7192039.15,7092373.64,1677.96,76.5,53111811.83,7091531.25,1162970.8,30
2001-03-30,14282945.23,7141613.59,7141331.63,1674.45,485.54,49356148.61,7115609.38,773035.91,19
2001-04-02,14237007.86,7123175.66,7113832.21,4999.03,0.0,49326149.71,7094671.88,773035.91,19
2001-04-03,14252450.26,7135506.49,7116943.77,1629.35,0.0,49328447.26,7106187.5,773035.91,19
2001-04-04,14267154.14,7148871.74,7118282.41,1603.4,0.0,49328985.12,7118750.0,773035.91,19
2001-04-05,14221007.94,7127681.68,7093326.26,1585.24,0.0,49303238.35,7096765.62,773035.91,19
2001-04-06,14302988.62,7177678.75,7125309.87,1584.06,0.0,49334431.84,7145968.75,773035.91,19
2001-04-09,14276976.08,7165325.34,7111650.75,4588.88,76.5,49275212.89,7131312.5,773035.91,19
2001-04-10,14128058.32,7096995.89,7031062.43,1522.88,0.0,49193866.29,7062218.75,773035.91,19
2001-04-11,14047151.75,7078911.12,6968240.62,1510.92,0.0,49130292.25,7043375.0,773035.91,19
2001-04-12,13983080.78,7056662.49,6926418.3,1552.99,0.0,49087699.67,7020343.75,773035.91,19
2001-04-13,13984603.39,7057430.88,6927172.51,1522.6,0.0,49087699.67,7020343.75,773035.91,19
2001-04-16,13906542.35,7004251.93,6902290.42,4568.3,45.0,49084999.71,6964859.38,773035.91,19
2001-04-17,13956690.11,7049008.66,6907681.45,1564.49,63.0,49091357.26,7008828.12,773035.91,19
2001-04-18,14025555.57,7081202.05,6944353.53,1558.5,0.0,49127257.98,7040234.38,773035.91,19
2001-04-19,13898001.86,7024375.32,6873626.55,1488.27,0.0,49055794.09,6982656.25,773035.91,19
2001-04-20,13893814.84,7023019.13,6870795.71,1459.29,0.0,49052241.71,6980562.5,773035.91,19
2001-04-23,13974768.71,7061813.48,6912955.23,4260.77,0.0,49092294.19,7017203.12,773035.91,19
2001-04-24,13944543.74,7058343.93,6886199.81,1420.77,0.0,49064835.64,7013015.62,773035.91,19
2001-04-25,13907686.46,7029758.83,6877927.63,1437.06,0.0,49055854.11,6983703.12,773035.91,19
2001-04-26,13973716.42,7063991.1,6909725.32,1448.72,0.0,49086935.17,7017203.12,773035.91,19
2001-04-27,13855748.77,7001912.47,6853836.31,1451.71,0.0,49030328.49,6954390.62,773035.91,19
2001-04-30,13810409.66,6905381.09,6905028.57,4341.47,645.02,44698423.12,6849562.5,874887.26,20
2001-05-01,13833447.24,6925715.25,6907731.99,1480.78,0.0,44700386.31,6869156.25,874887.26,20
2001-05-02,13819609.58,6927483.32,6892126.26,1471.73,0.0,44684045.38,6870187.5,874887.26,20
2001-05-03,13896109.29,6972558.31,6923550.99,1458.74,0.0,44714742.9,6914531.25,874887.26,20
2001-05-04,13920446.52,6981534.61,6938911.91,1447.51,0.0,44729382.32,6922781.25,874887.26,20
2001-05-07,13940697.95,6984689.41,6956008.53,4234.14,0.0,44744368.51,6923812.5,874887.26,20
2001-05-08,13954389.08,6977147.58,6977241.5,1413.43,0.0,44764896.36,6915562.5,874887.26,20
2001-05-09,13992392.58,7004661.67,6987730.9,1403.19,0.0,44774684.02,6942375.0,874887.26,20
2001-05-10,13992551.79,6952776.17,7039775.62,1414.79,0.0,44826022.04,6889781.25,874887.26,20
2001-05-11,13843966.79,6859639.29,6984327.5,1422.58,0.0,44769858.51,6795937.5,874887.26,20
2001-05-14,13866089.68,6888561.13,6977528.55,4257.02,0.0,44760911.88,6822750.0,874887.26,20
2001-05-15,13843463.61,6862443.22,6981020.39,1398.16,59.5,44769725.91,6795937.5,874887.26,20
2001-05-16,13864012.8,6877557.44,6986455.36,1365.12,0.0,44774472.63,6810375.0,874887.26,20
2001-05-17,13886936.24,6885442.93,7001493.31,1344.04,0.0,44788833.43,6817593.75,874887.26,20
2001-05-18,13881401.36,6893329.18,6988072.17,1346.26,0.0,44774733.54,6824812.5,874887.26,20
2001-05-21,13880389.15,6901544.47,6978844.68,4083.45,0.0,44763450.39,6831000.0,874887.26,20
2001-05-22,13863372.93,6902228.87,6961144.05,1376.47,0.0,44745057.69,6831000.0,874887.26,20
2001-05-23,13872026.93,6906005.18,6966021.76,1370.93,0.0,44749247.01,6834093.75,874887.26,20
2001-05-24,13820825.34,6865438.11,6955387.23,1371.79,0.0,44737923.48,6792843.75,874887.26,20
2001-05-25,13800765.18,6868190.96,6932574.22,1389.76,72.0,44742483.21,6794906.25,874887.26,20
2001-05-28,13818729.27,6870239.97,6948489.29,4117.23,0.0,44756330.07,6794906.25,874887.26,20
2001-05-29,13822589.04,6864438.68,6958150.36,1374.2,297.0,44765300.15,6788718.75,874887.26,20
2001-05-30,13801919.38,6867193.35,6934726.03,1393.78,0.0,44741174.2,6790781.25,874887.26,20
2001-05-31,13872023.16,6936096.71,6935926.45,1380.19,431.26,39789965.68,6888437.5,952904.78,20
2001-06-01,13900858.73,6951436.94,6949421.79,1367.94,0.0,39802776.91,6903093.75,952904.78,20
2001-06-04,13930331.28,6974454.07,6955877.2,4158.67,72.0,39806585.44,6924031.25,952904.78,20
2001-06-05,13977662.22,7006557.77,6971104.45,1393.03,0.0,39821116.98,6955437.5,952904.78,20
2001-06-06,13963369.84,7007248.69,6956121.15,1378.35,0.0,39805446.37,6955437.5,952904.78,20
2001-06-07,13923898.12,6988047.12,6935851.01,1373.06,229.08,39791832.02,6935546.88,952904.78,20
2001-06-08,13922610.08,6966751.84,6955858.24,1373.05,0.0,39811155.3,6913562.5,952904.78,20
2001-06-11,13965609.36,6996037.39,6969571.97,4130.37,0.0,39822805.46,6940781.25,952904.78,20
2001-06-12,13973437.02,7017658.95,6955778.07,1365.53,0.0,39808330.09,6961718.75,952904.78,20
2001-06-13,13976279.05,7014149.82,6962129.23,1350.77,0.0,39814008.68,6957531.25,952904.78,20
2001-06-14,14000424.56,7035763.41,6964661.15,1347.16,40.5,39805019.91,6978468.75,952904.78,20
2001-06-15,14001654.14,7030162.28,6971491.86,1353.37,76.32,39806507.32,6972187.5,952904.78,20
2001-06-18,14024583.02,7037411.97,6987171.05,4013.81,191.5,39836015.47,6977421.88,952904.78,20
2001-06-19,14032508.16,7043318.81,6989189.35,1340.13,67.5,39836683.76,6982656.25,952904.78,20
2001-06-20,14049015.66,7058646.13,6990369.52,1336.99,0.0,39837197.71,6997312.5,952904.78,20
2001-06-21,14048129.98,7062455.37,6985674.62,1330.75,0.0,39831840.78,7000453.12,952904.78,20
2001-06-22,14103374.59,7097675.14,7005699.45,1338.47,0.0,39851200.22,7035000.0,952904.78,20
2001-06-25,14107635.95,7093387.15,7014248.8,3960.7,0.0,39857782.13,7028718.75,952904.78,20
2001-06-26,14060298.48,7057412.52,7002885.97,1324.55,0.0,39845760.74,6992078.12,952904.78,20
2001-06-27,14038338.73,7048653.25,6989685.48,1320.11,0.0,39831902.76,6982656.25,952904.78,20
2001-06-28,13971339.07,7002217.42,6969121.65,1341.44,0.0,39810671.03,6935546.88,952904.78,20
2001-06-29,13928623.77,6964440.88,6964182.89,1381.61,609.57,37074728.9,6902046.88,1167781.27,19
2001-07-02,13990184.5,7000012.8,6990171.7,4143.77,0.0,37098645.71,6935546.88,1167781.27,19
2001-07-03,13931029.61,6977679.61,6953350.0,1395.13,0.0,37061126.94,6912515.62,1167781.27,19
2001-07-04,13933497.18,6978373.5,6955123.68,1385.36,0.0,37062209.15,6912515.62,1167781.27,19
2001-07-05,13903545.83,6966504.96,6937040.87,1385.61,0.0,37043434.99,6899953.12,1167781.27,19
2001-07-06,13946627.38,6994414.56,6952212.82,1378.77,0.0,37057918.87,6927171.88,1167781.27,19
2001-07-09,13955535.06,7009046.24,6946488.83,4125.88,0.0,37050138.33,6939734.38,1167781.27,19
2001-07-10,13985013.78,7039053.8,6945959.98,1383.92,0.0,37048920.44,6969046.88,1167781.27,19
2001-07-11,14007491.18,7040794.81,6966696.37,1379.08,0.0,37068971.89,6970093.75,1167781.27,19
2001-07-12,14030494.9,7065557.45,6964937.45,1361.84,0.0,37066535.82,6994171.88,1167781.27,19
2001-07-13,14028344.15,7067295.18,6961048.97,1371.87,0.0,37061966.03,6995218.75,1167781.27,19
2001-07-16,14061034.82,7096598.78,6964436.04,4138.36,95.5,37054399.4,7022437.5,1167781.27,19
2001-07-17,14070998.16,7096253.68,6974744.48,1390.48,0.0,37064019.31,7021390.62,1167781.27,19
2001-07-18,14134404.85,7149293.26,6985111.59,1379.74,0.0,37073702.34,7073734.38,1167781.27,19
2001-07-19,14115611.7,7135324.14,6980287.56,1358.47,0.0,37068206.96,7059078.12,1167781.27,19
2001-07-20,14109360.36,7132871.28,6976489.08,1360.59,0.0,37063735.96,7055937.5,1167781.27,19
2001-07-23,14133287.62,7143296.98,6989990.64,4056.44,0.0,37075231.77,7064312.5,1167781.27,19
2001-07-24,14144418.69,7153409.37,6991009.32,1366.22,0.0,37075574.45,7073734.38,1167781.27,19
2001-07-25,14100706.78,7121647.74,6979059.03,1367.29,0.0,37062948.37,7041281.25,1167781.27,19
2001-07-26,14110182.05,7132804.92,6977377.13,1363.07,0.0,37060591.83,7051750.0,1167781.27,19
2001-07-27,14150326.18,7159666.3,6990659.88,1363.98,0.0,37073200.28,7077921.88,1167781.27,19
2001-07-30,14156191.81,7170111.64,6986080.18,4091.8,0.0,37066599.23,7086296.88,1167781.27,19
2001-07-31,14209494.58,7104923.78,7104570.79,1372.36,769.99,39458462.9,7003218.75,947815.04,22
2001-08-01,14166625.1,7089106.65,7077518.45,1365.69,0.0,39430728.03,6986718.75,947815.04,22
2001-08-02,14097822.6,7059879.77,7037942.83,1357.63,0.0,39390473.99,6956812.5,947815.04,22
2001-08-03,14099090.73,7053337.59,7045753.14,1351.04,0.0,39397609.83,6949593.75,947815.04,22
2001-08-06,14136949.32,7059484.55,7077464.78,4041.74,0.0,39427301.72,6953718.75,947815.04,22
2001-08-07,14154136.17,7057065.37,7097070.79,1350.86,0.0,39446231.56,6950625.0,947815.04,22
2001-08-08,14239159.46,7109302.21,7129857.25,1352.51,0.0,39478339.68,7002187.5,947815.04,22
2001-08-09,14249527.03,7088319.37,7161207.66,1348.76,0.0,39509014.91,6980531.25,947815.04,22
2001-08-10,14298518.02,7106516.14,7192001.88,1337.87,0.0,39539136.77,6998062.5,947815.04,22
2001-08-13,14338199.52,7122943.46,7215256.06,4003.59,0.0,39560377.01,7012500.0,947815.04,22
2001-08-14,14288867.3,7117422.75,7171444.56,1342.21,40.5,39481190.46,7006312.5,947815.04,22
2001-08-15,14274222.24,7104678.81,7169543.43,1329.66,0.0,39478622.14,6992906.25,947815.04,22
2001-08-16,14290187.15,7131121.19,7159065.96,1328.3,0.0,39467477.36,7018687.5,947815.04,22
2001-08-17,14351838.86,7169935.09,7181903.77,1317.87,0.0,39489654.94,7056843.75,947815.04,22
2001-08-20,14280510.13,7147150.85,7133359.29,3934.8,0.0,39439141.72,7032093.75,947815.04,22
2001-08-21,14274826.2,7152970.19,7121856.0,1324.91,67.5,39432743.97,7037250.0,947815.04,22
2001-08-22,14258010.5,7150534.12,7107476.38,1312.49,0.0,39417709.5,7034156.25,947815.04,22
2001-08-23,14266724.49,7160472.82,7106251.66,1310.94,0.0,39415831.32,7043437.5,947815.04,22
2001-08-24,14236939.64,7150822.67,7086116.98,1319.67,0.0,39395039.45,7033125.0,947815.04,22
2001-08-27,14234394.64,7149725.19,7084669.45,3974.48,0.0,39391613.57,7030031.25,947815.04,22
2001-08-28,14303334.65,7190316.23,7113018.42,1332.5,297.0,39419299.48,7070250.0,947815.04,22
2001-08-29,14341345.22,7214700.09,7126645.13,1323.06,0.0,39432268.25,7093968.75,947815.04,22
2001-08-30,14326109.1,7211244.45,7114864.65,1330.56,94.0,39406540.75,7089843.75,947815.04,22
2001-08-31,14320410.33,7160350.21,7160060.11,1309.25,987.6,50627669.44,7135500.0,1223576.34,26
2001-09-03,14323998.09,7162319.31,7161678.78,3938.11,0.0,50627319.09,7135500.0,1223576.34,26
2001-09-04,14104116.14,7087600.86,7016515.29,1313.03,0.0,50481499.26,7060125.0,1223576.34,26
2001-09-05,14100233.46,7099777.99,7000455.47,1316.38,0.0,50464784.56,7071640.62,1223576.34,26
2001-09-06,14190706.72,7155919.09,7034787.63,1304.27,298.8,50503666.74,7127125.0,1223576.34,26
2001-09-07,14286910.22,7190069.09,7096841.13,1288.99,0.0,50565081.1,7160625.0,1223576.34,26
2001-09-10,14262559.71,7174189.57,7088370.14,3809.84,0.0,50554717.47,7142828.12,1223576.34,26
2001-09-11,14430539.09,7238684.66,7191854.43,1263.82,0.0,50657573.95,7206687.5,1223576.34,26
2001-09-12,14442353.77,7239326.08,7203027.69,1278.71,0.0,50668109.93,7206687.5,1223576.34,26
2001-09-13,14577035.23,7298592.57,7278442.66,1279.75,0.0,50742886.63,7265312.5,1223576.34,26
2001-09-14,14658816.1,7333682.78,7325133.32,1085.18,0.0,50789035.46,7299859.38,1223576.34,26
2001-09-17,14650024.07,7302812.51,7347211.56,3163.86,387.64,50835124.99,7267406.25,1223576.34,26
2001-09-18,14594401.72,7259359.02,7335042.71,1033.64,0.0,50822437.6,7223437.5,1223576.34,26
2001-09-19,14629121.48,7270317.77,7358803.71,985.12,0.0,50845703.46,7233906.25,1223576.34,26
2001-09-20,14574371.0,7242486.35,7331884.65,873.68,0.0,50818344.95,7205640.62,1223576.34,26
2001-09-21,14573980.04,7268049.92,7305930.12,882.56,0.0,50791946.43,7230765.62,1223576.34,26
2001-09-24,14539124.24,7256825.95,7282298.29,2684.04,0.0,50766969.09,7218203.12,1223576.34,26
2001-09-25,14575461.99,7270905.0,7304556.98,941.0,0.0,50788756.31,7231812.5,1223576.34,26
2001-09-26,14648983.32,7306973.38,7342009.93,951.45,0.0,50825732.43,7267406.25,1223576.34,26
2001-09-27,14690949.2,7337805.68,7353143.52,948.11,76.5,50807355.13,7297765.62,1223576.34,26
2001-09-28,14630055.88,7315211.65,7314844.22,950.83,677.93,44389385.87,7288343.75,1524313.12,21
2001-10-01,14667465.25,7334441.09,7333024.17,2865.05,0.0,44406133.19,7306140.62,1524313.12,21
2001-10-02,14718356.38,7353757.5,7364598.87,945.24,0.0,44437235.33,7324984.38,1524313.12,21
2001-10-03,14758873.77,7364679.74,7394194.04,907.63,0.0,44466376.47,7335453.12,1524313.12,21
2001-10-04,14772286.26,7363034.0,7409252.26,897.83,0.0,44480984.75,7333359.38,1524313.12,21
2001-10-05,14798792.47,7367665.33,7431127.14,890.44,0.0,44502413.15,7337546.88,1524313.12,21
2001-10-08,14796005.6,7368985.37,7427020.23,2651.45,0.0,44496974.83,7337546.88,1524313.12,21
2001-10-09,14690134.67,7334878.59,7355256.08,883.65,0.0,44424767.12,7303000.0,1524313.12,21
2001-10-10,14675638.28,7340557.13,7335081.15,889.57,0.0,44404146.66,7308234.38,1524313.12,21
2001-10-11,14574301.91,7302267.27,7272034.64,888.69,0.0,44340655.94,7269500.0,1524313.12,21
2001-10-12,14597414.8,7306907.1,7290507.7,902.8,0.0,44358678.69,7273687.5,1524313.12,21
2001-10-15,14650070.95,7341752.79,7308318.16,2688.36,0.0,44375146.49,7307187.5,1524313.12,21
2001-10-16,14680889.44,7356859.74,7324029.69,899.35,0.0,44390409.24,7321843.75,1524313.12,21
2001-10-17,14692819.8,7359398.99,7333420.81,889.01,0.0,44399356.72,7323937.5,1524313.12,21
2001-10-18,14689403.83,7362985.27,7326418.56,889.73,0.0,44391910.52,7327078.12,1524313.12,21
2001-10-19,14644029.86,7335159.38,7308870.48,877.28,0.0,44373924.76,7298812.5,1524313.12,21
2001-10-22,14628924.1,7340661.09,7288263.01,2623.72,0.0,44352007.78,7303000.0,1524313.12,21
2001-10-23,14604258.03,7331683.74,7272574.3,885.86,0.0,44335877.85,7293578.12,1524313.12,21
2001-10-24,14674269.39,7358295.51,7315973.88,876.26,0.0,44378841.21,7319750.0,1524313.12,21
2001-10-25,14746680.85,7384902.75,7361778.1,868.23,0.0,44424212.44,7345921.88,1524313.12,21
2001-10-26,14757700.16,7391614.79,7366085.37,860.22,0.0,44428090.4,7352203.12,1524313.12,21
2001-10-29,14837392.55,7414892.7,7422499.85,2582.6,0.0,44483215.82,7374187.5,1524313.12,21
2001-10-30,14934324.99,7453002.43,7481322.55,844.91,0.0,44541615.72,7411875.0,1524313.12,21
2001-10-31,15021535.8,7510865.04,7510670.76,833.83,297.78,45793176.05,7471546.88,1060447.89,22
2001-11-01,15050832.3,7515471.9,7535360.4,838.7,0.0,45817446.51,7475734.38,1060447.89,22
2001-11-02,14965549.87,7465643.6,7499906.27,844.52,0.0,45781569.3,7425484.38,1060447.89,22
2001-11-05,15019125.44,7494087.96,7525037.49,2456.84,0.0,45805469.41,7452703.12,1060447.89,22
2001-11-06,15058833.28,7508107.42,7550725.85,821.88,0.0,45830746.12,7466312.5,1060447.89,22
2001-11-07,15167467.61,7547221.38,7620246.23,761.31,0.0,45899884.76,7505046.88,1060447.89,22
2001-11-08,15099757.4,7496295.57,7603461.83,745.73,0.0,45882725.54,7453750.0,1060447.89,22
2001-11-09,15089969.32,7490391.22,7599578.1,759.18,0.0,45878459.56,7447468.75,1060447.89,22
2001-11-12,15087387.23,7491514.78,7595872.45,2263.5,0.0,45873613.98,7447468.75,1060447.89,22
2001-11-13,15002360.09,7454201.85,7548158.23,754.37,0.0,45825519.83,7409781.25,1060447.89,22
2001-11-14,14866911.51,7386529.76,7480381.75,754.29,0.0,45757363.84,7341734.38,1060447.89,22
2001-11-15,14647261.97,7276985.42,7370276.55,759.86,0.0,45646876.42,7231812.5,1060447.89,22
2001-11-16,14527494.83,7208271.69,7319223.14,764.91,0.0,45595438.14,7162718.75,1060447.89,22
2001-11-19,14650778.02,7275372.13,7375405.89,2312.29,0.0,45650455.78,7228671.88,1060447.89,22
2001-11-20,14586453.08,7226552.98,7359900.1,773.24,67.5,45632528.24,7179468.75,1060447.89,22
2001-11-21,14468189.64,7177733.27,7290456.38,773.89,0.0,45562694.13,7130265.62,1060447.89,22
2001-11-22,14455873.72,7178116.08,7277757.64,771.64,0.0,45549606.57,7130265.62,1060447.89,22
2001-11-23,14425322.46,7155467.66,7269854.79,770.98,0.0,45541315.73,7107234.38,1060447.89,22
2001-11-26,14449283.15,7156606.58,7292676.57,2296.03,0.0,45562980.39,7107234.38,1060447.89,22
2001-11-27,14454160.6,7197820.36,7256340.24,778.66,0.0,45526250.81,7148062.5,1060447.89,22
2001-11-28,14507038.23,7197894.75,7309143.48,754.83,342.3,45570782.01,7148062.5,1060447.89,22
2001-11-29,14669289.11,7292481.39,7376807.72,741.47,21.0,45636230.81,7242281.25,1060447.89,22
2001-11-30,14723526.72,7361899.44,7361627.29,721.24,749.05,37843082.03,7272812.5,1459772.37,23
2001-12-03,14756861.79,7379973.05,7376888.75,2147.18,0.0,37857270.03,7289812.5,1459772.37,23
2001-12-04,14779047.36,7409019.3,7370028.06,717.35,0.0,37850050.63,7318500.0,1459772.37,23
2001-12-05,14568179.0,7286121.22,7282057.78,702.0,0.0,37761730.16,7195250.0,1459772.37,23
2001-12-06,14464738.53,7232285.89,7232452.64,704.13,239.04,37699435.14,7141062.5,1459772.37,23
2001-12-07,14365619.82,7160381.43,7205238.39,691.09,0.0,37671875.45,7068812.5,1459772.37,23
2001-12-10,14380295.38,7179434.45,7200860.94,1987.24,42.0,37670430.96,7086875.0,1459772.37,23
2001-12-11,14453114.93,7209519.49,7243595.44,671.08,0.0,37712829.55,7116625.0,1459772.37,23
2001-12-12,14541429.79,7262970.92,7278458.87,654.4,0.0,37747364.89,7169750.0,1459772.37,23
2001-12-13,14443576.63,7200614.29,7242962.35,662.44,55.0,37711195.91,7107062.5,1459772.37,23
2001-12-14,14407549.99,7164821.32,7242728.67,666.01,0.0,37710628.04,7070937.5,1459772.37,23
2001-12-17,14332321.72,7141398.83,7190922.89,2041.07,314.98,37657432.03,7046500.0,1459772.37,23
2001-12-18,14420388.52,7193800.55,7226587.97,680.79,0.0,37692755.65,7098562.5,1459772.37,23
2001-12-19,14487793.94,7236636.26,7251157.68,672.95,0.0,37716987.9,7141062.5,1459772.37,23
2001-12-20,14461765.06,7231657.45,7230107.61,668.05,0.0,37695603.47,7135750.0,1459772.37,23
2001-12-21,14426522.83,7210740.91,7215781.92,666.85,0.0,37680944.39,7114500.0,1459772.37,23
2001-12-24,14405155.13,7188375.41,7216779.72,2019.71,0.0,37680932.09,7091125.0,1459772.37,23
2001-12-25,14405831.37,7188712.87,7217118.51,676.24,0.0,37680932.09,7091125.0,1459772.37,23
2001-12-26,14367259.34,7166737.84,7200521.5,676.27,0.0,37663996.17,7068812.5,1459772.37,23
2001-12-27,14411650.67,7211705.25,7199945.42,686.44,0.0,37663076.29,7113437.5,1459772.37,23
2001-12-28,14409780.3,7206735.3,7203044.99,684.55,0.0,37665833.64,7108125.0,1459772.37,23
2001-12-31,14466798.23,7233468.07,7233330.15,2029.38,674.5,29958512.49,0.0,1588749.25,17
2002-01-02,14459782.49,7234155.25,7225627.23,1374.35,0.0,29950122.51,0.0,1588749.25,17
2002-01-03,14470588.35,7234498.88,7236089.47,686.84,0.0,29960241.31,0.0,1588749.25,17
2002-01-04,14495660.85,7234840.51,7260820.34,683.33,0.0,29984630.59,0.0,1588749.25,17
2002-01-07,14523549.37,7235859.41,7287689.96,2041.47,0.0,30010477.64,0.0,1588749.25,17
2002-01-08,14506880.43,7236193.07,7270687.36,669.7,0.0,29993138.89,0.0,1588749.25,17
2002-01-09,14511785.94,7236524.72,7275261.22,664.9,0.0,29997379.72,0.0,1588749.25,17
2002-01-10,14519606.32,7236856.4,7282749.92,665.12,0.0,30004534.76,0.0,1588749.25,17
2002-01-11,14543245.21,7237188.09,7306057.12,665.48,0.0,30027508.39,0.0,1588749.25,17
2002-01-14,14528746.12,7238122.89,7290623.23,1878.5,0.0,30011130.8,0.0,1588749.25,17
2002-01-15,14512534.39,7238434.53,7274099.86,625.54,0.0,29994293.52,0.0,1588749.25,17
2002-01-16,14526956.77,7238750.21,7288206.56,632.91,0.0,30008082.77,0.0,1588749.25,17
2002-01-17,14495495.82,7239067.91,7256427.91,637.57,0.0,29975984.47,0.0,1588749.25,17
2002-01-18,14487048.42,7239391.66,7247656.76,648.27,0.0,29966888.69,0.0,1588749.25,17
2002-01-21,14489667.32,7240350.88,7249316.44,1919.53,0.0,29967588.05,0.0,1588749.25,17
2002-01-22,14478230.69,7240670.66,7237560.03,639.96,0.0,29955511.46,0.0,1588749.25,17
2002-01-23,14471217.87,7241004.53,7230213.34,667.61,0.0,29947830.93,0.0,1588749.25,17
2002-01-24,14454957.08,7241342.45,7213614.63,675.32,0.0,29930894.93,0.0,1588749.25,17
2002-01-25,14452334.02,7241682.39,7210651.63,678.58,0.0,29927593.18,0.0,1588749.25,17
2002-01-28,14446168.42,7242702.26,7203466.16,2035.37,0.0,29919392.42,0.0,1588749.25,17
2002-01-29,14469623.85,7243044.27,7226579.57,682.18,0.0,29942165.56,0.0,1588749.25,17
2002-01-30,14468919.29,7243384.3,7225534.99,679.27,0.0,29940781.85,0.0,1588749.25,17
2002-01-31,14448500.86,7224345.34,7224155.52,691.29,430.62,31845884.28,0.0,1281164.82,16
2002-02-01,14455085.5,7224692.51,7230392.99,694.33,0.0,31851774.37,0.0,1281164.82,16
2002-02-04,14471649.52,7225734.07,7245915.45,2083.94,58.5,31878013.17,0.0,1281164.82,16
2002-02-05,14489760.42,7226083.31,7263677.11,699.46,0.0,31895424.5,0.0,1281164.82,16
2002-02-06,14496162.91,7226430.57,7269732.34,696.31,0.0,31901130.66,0.0,1281164.82,16
2002-02-07,14486755.97,7226773.82,7259982.15,688.57,0.0,31891035.28,0.0,1281164.82,16
2002-02-08,14517366.46,7227115.09,7290251.38,684.1,0.0,31920961.67,0.0,1281164.82,16
2002-02-11,14515658.07,7228138.93,7287519.14,2056.63,0.0,31917196.43,0.0,1281164.82,16
2002-02-12,14507210.07,7228480.26,7278729.81,685.46,0.0,31908063.08,0.0,1281164.82,16
2002-02-13,14508583.13,7228825.62,7279757.51,693.12,0.0,31908743.13,0.0,1281164.82,16
2002-02-14,14520908.52,7229173.0,7291735.52,697.22,0.0,31920371.08,0.0,1281164.82,16
2002-02-15,14526169.17,7229518.4,7296650.77,693.78,45.0,31925282.96,0.0,1281164.82,16
2002-02-18,14528611.55,7230548.6,7298062.95,2069.98,0.0,31925655.36,0.0,1281164.82,16
2002-02-19,14494546.26,7230892.05,7263654.2,690.11,0.0,31890900.07,0.0,1281164.82,16
2002-02-20,14491280.25,7231235.52,7260044.73,688.49,0.0,31886945.46,0.0,1281164.82,16
2002-02-21,14491900.62,7231583.02,7260317.6,696.39,0.0,31886869.44,0.0,1281164.82,16
2002-02-22,14492244.65,7231930.54,7260314.11,696.42,0.0,31886517.17,0.0,1281164.82,16
2002-02-25,14497808.27,7232973.14,7264835.13,2089.3,0.0,31889991.6,0.0,1281164.82,16
2002-02-26,14501346.17,7233322.74,7268023.43,700.73,0.0,31892828.64,0.0,1281164.82,16
2002-02-27,14510872.63,7233672.35,7277200.28,700.9,50.64,31901704.75,0.0,1281164.82,16
2002-02-28,14505837.31,7252986.8,7252850.5,701.36,500.8,33626689.24,0.0,1736591.21,19
2002-03-01,14510625.02,7253341.39,7257283.62,709.17,0.0,33630767.78,0.0,1736591.21,19
2002-03-04,14524335.31,7254393.13,7269942.18,2104.04,0.0,33642373.94,0.0,1736591.21,19
2002-03-05,14513892.78,7254747.79,7259144.99,710.08,0.0,33631221.31,0.0,1736591.21,19
2002-03-06,14524956.6,7255104.48,7269852.12,713.6,0.0,33641571.64,0.0,1736591.21,19
2002-03-07,14498098.61,7255457.16,7242641.45,706.07,129.48,33601189.5,0.0,1736591.21,19
2002-03-08,14481321.26,7255809.85,7225511.4,704.77,0.0,33583707.27,0.0,1736591.21,19
2002-03-11,14489797.5,7256880.09,7232917.41,2135.99,38.5,33593798.24,0.0,1736591.21,19
2002-03-12,14493085.43,7257242.93,7235842.5,724.49,0.0,33596361.68,0.0,1736591.21,19
2002-03-13,14501368.55,7257607.81,7243760.74,728.68,0.0,33603916.23,0.0,1736591.21,19
2002-03-14,14476036.98,7257968.67,7218068.3,721.04,40.0,33578551.62,0.0,1736591.21,19
2002-03-15,14479655.26,7258335.6,7221319.65,731.84,0.0,33581437.94,0.0,1736591.21,19
2002-03-18,14492675.23,7259436.45,7233238.78,2196.08,272.4,33561045.74,0.0,1736591.21,19
2002-03-19,14497509.8,7259805.47,7237704.32,736.71,0.0,33565143.48,0.0,1736591.21,19
2002-03-20,14484378.53,7260172.5,7224206.03,732.93,0.0,33551279.29,0.0,1736591.21,19
2002-03-21,14471838.16,7260537.52,7211300.64,728.24,0.0,33538010.78,0.0,1736591.21,19
2002-03-22,14472218.63,7260900.55,7211318.08,723.59,0.0,33537667.66,0.0,1736591.21,19
2002-03-25,14455495.71,7261989.68,7193506.03,2170.83,0.0,33518773.81,0.0,1736591.21,19
2002-03-26,14466955.58,7262350.77,7204604.81,718.76,0.0,33529514.91,0.0,1736591.21,19
2002-03-27,14502583.82,7262709.85,7239873.97,715.31,50.64,33564384.99,0.0,1736591.21,19
2002-03-28,14501955.1,7263068.95,7238886.15,717.07,278.18,33565654.17,0.0,1736591.21,19
2002-03-29,14501403.69,7250936.04,7250467.65,708.98,468.39,28921508.11,0.0,2312537.7,27
2002-04-01,14519600.56,7251999.51,7267601.05,2126.87,0.0,28937578.11,0.0,2312537.7,27
2002-04-02,14557293.45,7252352.04,7304941.42,705.81,17.5,28972832.69,0.0,2312537.7,27
2002-04-03,14510550.2,7252708.61,7257841.59,715.73,0.0,28925373.71,0.0,2312537.7,27
2002-04-04,14475390.29,7253063.19,7222327.1,709.4,0.0,28889504.39,0.0,2312537.7,27
2002-04-05,14473067.47,7253415.77,7219651.7,703.66,0.0,28886477.9,0.0,2312537.7,27
2002-04-08,14447549.01,7254461.47,7193087.54,2086.53,0.0,28858872.9,0.0,2312537.7,27
2002-04-09,14431881.91,7254808.07,7177073.84,690.27,0.0,28842515.54,0.0,2312537.7,27
2002-04-10,14434454.62,7255150.66,7179303.96,681.51,0.0,28844406.74,0.0,2312537.7,27
2002-04-11,14411886.21,7255489.23,7156396.98,673.61,21.0,28821485.73,0.0,2312537.7,27
2002-04-12,14392272.54,7255829.84,7136442.7,676.56,0.0,28801195.49,0.0,2312537.7,27
2002-04-15,14396047.02,7256845.65,7139201.37,2014.92,0.0,28802955.06,0.0,2312537.7,27
2002-04-16,14419800.06,7257184.31,7162615.75,671.82,0.0,28826036.28,0.0,2312537.7,27
2002-04-17,14485497.12,7257529.02,7227968.1,684.94,45.0,28888093.4,0.0,2312537.7,27
2002-04-18,14501477.33,7257871.74,7243605.59,684.04,0.0,28903389.58,0.0,2312537.7,27
2002-04-19,14491016.82,7258212.46,7232804.36,680.76,0.0,28892248.3,0.0,2312537.7,27
2002-04-22,14498369.86,7259240.7,7239129.16,2052.89,45.0,28904245.95,0.0,2312537.7,27
2002-04-23,14509103.42,7259581.48,7249521.93,680.62,0.0,28914298.88,0.0,2312537.7,27
2002-04-24,14503177.6,7259924.3,7243253.3,685.15,0.0,28907687.91,0.0,2312537.7,27
2002-04-25,14477117.83,7260265.11,7216852.72,680.84,0.0,28880947.3,0.0,2312537.7,27
2002-04-26,14473791.47,7260609.97,7213181.5,687.66,9.0,28877162.28,0.0,2312537.7,27
2002-04-29,14446372.62,7261650.66,7184721.96,2074.58,46.42,28847028.88,0.0,2312537.7,27
2002-04-30,14453141.28,7226929.16,7226212.12,698.24,1320.24,34070671.17,0.0,2321722.72,27
2002-05-01,14433121.52,7227278.46,7205843.06,698.57,126.0,34056918.73,0.0,2321722.72,27
2002-05-02,14419686.58,7227627.78,7192058.8,697.6,0.0,34042786.3,0.0,2321722.72,27
2002-05-03,14453475.41,7227977.12,7225498.29,696.95,0.0,34075878.18,0.0,2321722.72,27
2002-05-06,14429549.46,7229019.15,7200530.31,2083.71,0.0,34049868.43,0.0,2321722.72,27
2002-05-07,14450817.62,7229366.54,7221451.08,693.42,0.0,34070443.17,0.0,2321722.72,27
2002-05-08,14444838.33,7229713.96,7215124.37,694.44,0.0,34063769.53,0.0,2321722.72,27
2002-05-09,14456916.29,7230061.38,7226854.91,694.15,0.0,34075153.22,0.0,2321722.72,27
2002-05-10,14476277.47,7230410.84,7245866.64,698.75,21.0,34096086.76,0.0,2321722.72,27
2002-05-13,14475928.22,7231459.25,7244468.98,2099.06,38.5,34097834.65,0.0,2321722.72,27
2002-05-14,14463467.34,7231808.77,7231658.57,699.67,0.0,34084674.09,0.0,2321722.72,27
2002-05-15,14489335.26,7232160.31,7257174.94,703.09,0.0,34109838.81,0.0,2321722.72,27
2002-05-16,14510387.18,7232507.86,7277879.32,696.29,0.0,34130194.55,0.0,2321722.72,27
2002-05-17,14534750.98,7232853.41,7301897.57,693.27,0.0,34153865.08,0.0,2321722.72,27
2002-05-20,14576319.61,7233896.15,7342423.46,2095.43,0.0,34193338.17,0.0,2321722.72,27
2002-05-21,14575567.83,7234241.77,7341326.07,696.42,18.0,34187508.08,0.0,2321722.72,27
2002-05-22,14597255.45,7234587.4,7362668.05,696.39,0.0,34208499.31,0.0,2321722.72,27
2002-05-23,14580753.72,7234931.05,7345822.67,693.37,0.0,34191304.1,0.0,2321722.72,27
2002-05-24,14569603.92,7235274.71,7334329.22,692.59,0.0,34179461.83,0.0,2321722.72,27
2002-05-27,14562169.72,7236305.73,7325863.98,2076.17,0.0,34169951.45,0.0,2321722.72,27
2002-05-28,14600173.46,7236649.46,7363524.0,691.7,0.0,34207263.49,0.0,2321722.72,27
2002-05-29,14621438.84,7236997.22,7384441.62,701.62,9.0,34229696.25,0.0,2321722.72,27
2002-05-30,14623759.1,7237342.99,7386416.11,698.58,76.12,34231727.29,0.0,2321722.72,27
2002-05-31,14630582.99,7315445.84,7315137.15,698.69,713.59,34705422.28,0.0,2368345.55,31
2002-06-03,14644132.85,7316488.29,7327644.56,2084.86,0.0,34716887.28,0.0,2368345.55,31
2002-06-04,14650706.93,7316837.86,7333869.07,699.66,0.0,34722761.69,0.0,2368345.55,31
2002-06-05,14622680.76,7317189.47,7305491.29,704.05,0.0,34694031.48,0.0,2368345.55,31
2002-06-06,14632053.32,7317539.07,7314514.25,698.64,0.0,34702705.4,0.0,2368345.55,31
2002-06-07,14598138.27,7317886.65,7280251.62,695.02,0.0,34668095.33,0.0,2368345.55,31
2002-06-10,14546767.6,7318929.45,7227838.15,2080.23,0.0,34614644.42,0.0,2368345.55,31
2002-06-11,14548802.34,7319279.13,7229523.2,695.01,0.0,34615984.15,0.0,2368345.55,31
2002-06-12,14557672.94,7319628.83,7238044.11,695.11,0.0,34624159.64,0.0,2368345.55,31
2002-06-13,14575936.02,7319976.52,7255959.5,691.49,936.84,34642668.07,0.0,2368345.55,31
2002-06-14,14552569.61,7320320.15,7232249.47,684.26,45.0,34620768.41,0.0,2368345.55,31
2002-06-17,14541447.51,7321344.99,7220102.51,2037.36,340.1,34579633.58,0.0,2368345.55,31
2002-06-18,14554017.1,7321690.72,7232326.38,686.68,68.8,34589185.3,0.0,2368345.55,31
2002-06-19,14547288.41,7322036.47,7225251.94,687.27,0.0,34581769.34,0.0,2368345.55,31
2002-06-20,14611306.27,7322378.16,7288928.1,678.87,54.0,34653862.32,0.0,2368345.55,31
2002-06-21,14626071.75,7322723.94,7303347.81,689.98,0.0,34667937.82,0.0,2368345.55,31
2002-06-24,14672759.98,7323755.23,7349004.75,2059.84,36.0,34728642.21,0.0,2368345.55,31
2002-06-25,14682261.29,7324101.07,7358160.22,692.88,0.0,34737450.65,0.0,2368345.55,31
2002-06-26,14697016.54,7324446.93,7372569.61,693.33,9.0,34752441.56,0.0,2368345.55,31
2002-06-27,14736672.7,7324786.7,7411886.0,681.78,82.3,34791426.45,0.0,2368345.55,31
2002-06-28,14778438.32,7389484.39,7388953.93,683.62,1607.34,38071313.18,7291937.5,2493756.05,31
2002-07-01,14815515.91,7394762.76,7420753.16,2056.67,126.0,38111210.22,7296187.5,2493756.05,31
2002-07-02,14853492.84,7437607.85,7415884.99,691.39,0.0,38105995.76,7338687.5,2493756.05,31
2002-07-03,14837626.62,7432644.5,7404982.12,697.29,0.0,38094744.64,7333375.0,2493756.05,31
2002-07-04,14838753.71,7432993.42,7405760.28,696.54,0.0,38095175.18,7333375.0,2493756.05,31
2002-07-05,14791987.83,7378092.36,7413895.47,696.6,0.0,38102962.71,7278125.0,2493756.05,31
2002-07-08,14833095.81,7404631.44,7428464.37,2083.2,0.0,38116487.71,7303625.0,2493756.05,31
2002-07-09,14955886.77,7441106.1,7514780.66,700.45,0.0,38202453.21,7339750.0,2493756.05,31
2002-07-10,15025715.33,7490330.42,7535384.91,702.1,0.0,38222704.68,7388625.0,2493756.05,31
2002-07-11,15057028.52,7503432.05,7553596.47,705.37,21.0,38240433.4,7401375.0,2493756.05,31
2002-07-12,15037302.65,7516534.3,7520768.36,706.84,0.0,38207250.56,7414125.0,2493756.05,31
2002-07-15,15091454.22,7511211.61,7580242.61,2105.22,0.0,38265671.91,7407750.0,2493756.05,31
2002-07-16,15086915.05,7472249.63,7614665.42,704.27,38.5,38295176.44,7368437.5,2493756.05,31
2002-07-17,15091525.45,7501287.92,7590237.53,708.25,0.0,38270391.18,7397125.0,2493756.05,31
2002-07-18,15127147.5,7528202.56,7598944.94,708.46,0.0,38278742.18,7423687.5,2493756.05,31
2002-07-19,15186909.85,7548743.47,7638166.38,710.14,0.0,38317606.89,7443875.0,2493756.05,31
2002-07-22,15243003.66,7597612.79,7645390.87,2126.17,18.0,38323820.04,7491687.5,2493756.05,31
2002-07-23,15126066.59,7619217.35,7506849.25,711.34,0.0,38184921.63,7512937.5,2493756.05,31
2002-07-24,15211393.26,7632320.79,7579072.46,701.68,0.0,38256796.59,7525687.5,2493756.05,31
2002-07-25,15208648.11,7644360.23,7564287.88,701.41,0.0,38241662.55,7537375.0,2493756.05,31
2002-07-26,15139722.61,7658527.34,7481195.27,705.51,0.0,38158219.02,7551187.5,2493756.05,31
2002-07-29,14982421.96,7584149.27,7398272.69,2094.33,9.0,38073370.43,7475750.0,2493756.05,31
2002-07-30,15021045.19,7570692.8,7450352.39,703.34,0.0,38125102.96,7461937.5,2493756.05,31
2002-07-31,15124047.21,7562161.64,7561885.56,705.15,816.78,50360418.17,7521437.5,2485361.39,36
2002-08-01,15192537.62,7592264.54,7600273.07,705.79,0.0,50398452.79,7551187.5,2485361.39,36
2002-08-02,15334543.23,7666987.52,7667555.71,696.32,0.0,50465387.3,7625562.5,2485361.39,36
2002-08-05,15338238.27,7685009.79,7653228.48,2044.61,0.0,50450037.51,7642562.5,2485361.39,36
2002-08-06,15210594.58,7616290.98,7594303.6,685.96,0.0,50390770.5,7573500.0,2485361.39,36
2002-08-07,15336857.98,7664446.21,7672411.77,684.48,0.0,50468537.01,7621312.5,2485361.39,36
2002-08-08,15224099.41,7622278.34,7601821.07,664.6,0.0,50397613.75,7578812.5,2485361.39,36
2002-08-09,15353077.69,7691677.49,7661400.2,672.4,0.0,50456857.14,7647875.0,2485361.39,36
2002-08-12,15483017.7,7707571.64,7775446.06,2034.28,21.0,50569608.72,7662750.0,2485361.39,36
2002-08-13,15582350.74,7750422.76,7831927.98,705.34,0.0,50625736.54,7705250.0,2485361.39,36
2002-08-14,15615217.2,7745454.72,7869762.48,692.55,0.0,50663222.95,7699937.5,2485361.39,36
2002-08-15,15530582.35,7697988.62,7832593.73,698.35,0.0,50625702.14,7652125.0,2485361.39,36
2002-08-16,15421462.49,7629266.11,7792196.38,685.93,0.0,50584958.96,7583062.5,2485361.39,36
2002-08-19,15385733.82,7643026.99,7742706.83,2043.34,0.0,50534436.97,7595812.5,2485361.39,36
2002-08-20,15467571.24,7713498.05,7754073.2,696.63,67.5,50541520.24,7665937.5,2485361.39,36
2002-08-21,15452728.1,7705338.73,7747389.37,683.15,0.0,50534494.05,7657437.5,2485361.39,36
2002-08-22,15361737.26,7663181.19,7698556.07,686.79,0.0,50485316.21,7614937.5,2485361.39,36
2002-08-23,15440229.76,7698588.53,7741641.23,691.28,0.0,50528055.06,7650000.0,2485361.39,36
2002-08-26,15491303.23,7714502.84,7776800.39,2084.43,0.0,50562168.97,7664875.0,2485361.39,36
2002-08-27,15486238.06,7678729.28,7807508.78,705.71,0.0,50592523.19,7628750.0,2485361.39,36
2002-08-28,15542468.39,7705643.72,7836824.67,709.79,50.9,50617280.42,7655312.5,2485361.39,36
2002-08-29,15616775.87,7736501.25,7880274.61,708.05,330.5,50684588.09,7686125.0,2485361.39,36
2002-08-30,15650218.8,7825189.23,7825029.56,715.77,1003.57,57480057.84,7824687.5,2062283.07,38
2002-09-02,15686741.99,7826271.72,7860470.27,2164.95,122.5,57521188.58,7824687.5,2062283.07,38
2002-09-03,15862931.87,7915226.35,7947705.52,723.33,0.0,57608061.38,7913281.25,2062283.07,38
2002-09-04,15932946.4,7931986.58,8000959.82,709.43,0.0,57660960.24,7929687.5,2062283.07,38
2002-09-05,16011571.08,7956401.61,8055169.47,708.13,0.0,57714814.29,7953750.0,2062283.07,38
2002-09-06,15985395.44,7896594.56,8088800.88,702.73,244.02,57727594.64,7893593.75,2062283.07,38
2002-09-09,16018189.86,7893292.18,8124897.68,2171.35,0.0,57762592.69,7889218.75,2062283.07,38
2002-09-10,16002678.01,7917718.65,8084959.36,738.62,0.0,57722279.72,7913281.25,2062283.07,38
2002-09-11,15936518.17,7883081.55,8053436.62,733.46,0.0,57690386.42,7878281.25,2062283.07,38
2002-09-12,15986184.23,7929382.54,8056801.68,734.85,71.0,57694171.13,7924218.75,2062283.07,38
2002-09-13,15994902.89,7961466.93,8033435.96,737.14,38.5,57674184.62,7955937.5,2062283.07,38
2002-09-16,16064838.95,7978974.51,8085864.43,2212.63,415.48,57738839.1,7972343.75,2062283.07,38
2002-09-17,16050552.78,7988096.87,8062455.91,749.69,68.8,57712242.04,7981093.75,2062283.07,38
2002-09-18,16112264.03,7992842.42,8119421.61,744.57,0.0,57768833.73,7985468.75,2062283.07,38
2002-09-19,16157815.76,8028208.76,8129607.0,738.48,0.0,57778646.97,8020468.75,2062283.07,38
2002-09-20,16126519.36,8036226.28,8090293.08,727.1,18.0,57739945.25,8028125.0,2062283.07,38
2002-09-23,16184748.11,8083248.67,8101499.43,2177.08,0.0,57750059.39,8074062.5,2062283.07,38
2002-09-24,16259268.84,8094549.92,8164718.92,728.31,0.0,57812914.31,8085000.0,2062283.07,38
2002-09-25,16148718.12,8038039.17,8110678.95,731.67,0.0,57758506.95,8028125.0,2062283.07,38
2002-09-26,16145691.32,8039496.87,8106194.45,731.18,9.0,57759644.22,8029218.75,2062283.07,38
2002-09-27,16208363.4,8080327.4,8128036.0,726.56,0.0,57781120.96,8069687.5,2062283.07,38
2002-09-30,16317233.87,8158775.66,8158458.21,2161.12,721.95,70800397.64,8113437.5,2441074.47,39
2002-10-01,16235004.02,8110999.68,8124004.35,698.02,0.0,70765594.75,8065312.5,2441074.47,39
2002-10-02,16195254.36,8114632.4,8080621.95,703.52,0.0,70721860.34,8068593.75,2441074.47,39
2002-10-03,16191945.03,8120450.53,8071494.49,697.3,0.0,70712384.94,8074062.5,2441074.47,39
2002-10-04,16167711.86,8124079.16,8043632.71,692.66,0.0,70684177.87,8077343.75,2441074.47,39
2002-10-07,16220680.5,8149211.33,8071469.18,2128.75,0.0,70710955.26,8101406.25,2441074.47,39
2002-10-08,16195421.7,8139729.77,8055691.94,720.92,0.0,70694819.29,8091562.5,2441074.47,39
2002-10-09,16265999.23,8179462.01,8086537.23,710.8,0.0,70725311.02,8130937.5,2441074.47,39
2002-10-10,16156363.5,8148093.16,8008270.34,695.82,21.0,70646719.21,8099218.75,2441074.47,39
2002-10-11,16046888.07,8086100.23,7960787.84,695.62,0.0,70598891.91,8036875.0,2441074.47,39
2002-10-14,16097589.63,8087144.68,8010444.95,2072.72,0.0,70647520.75,8036875.0,2441074.47,39
2002-10-15,15965108.76,7981399.13,7983709.63,693.09,0.0,70620440.57,7930781.25,2441074.47,39
2002-10-16,15916232.83,7969733.69,7946499.13,731.73,0.0,70582864.15,7918750.0,2441074.47,39
2002-10-17,15840188.73,7930719.55,7909469.19,720.65,0.0,70545474.38,7879375.0,2441074.47,39
2002-10-18,15802771.66,7939830.83,7862940.83,721.61,0.0,70498585.72,7888125.0,2441074.47,39
2002-10-21,15741180.19,7902634.69,7838545.49,2159.71,0.0,70473115.78,7849843.75,2441074.47,39
2002-10-22,15722758.08,7896440.98,7826317.1,734.59,22.5,70460394.07,7843281.25,2441074.47,39
2002-10-23,15773817.85,7902273.85,7871544.0,724.99,0.0,70505260.12,7848750.0,2441074.47,39
2002-10-24,15855060.74,7945292.29,7909768.46,722.97,0.0,70543123.79,7891406.25,2441074.47,39
2002-10-25,15904799.62,7974087.32,7930712.29,713.48,0.0,70563711.66,7919843.75,2441074.47,39
2002-10-28,15937570.63,7990469.68,7947100.95,2133.89,0.0,70579036.28,7935156.25,2441074.47,39
2002-10-29,16079693.81,8063003.43,8016690.37,690.63,9.0,70651350.33,8007343.75,2441074.47,39
2002-10-30,16037865.24,8054584.91,7983280.33,661.05,0.0,70617610.71,7998593.75,2441074.47,39
2002-10-31,16175694.41,8087923.57,8087770.83,659.33,557.24,71226271.5,8030312.5,1976284.71,40
2002-11-01,16149265.06,8055430.1,8093834.96,638.04,94.5,71235081.14,7997500.0,1976284.71,40
2002-11-04,16087486.9,8025751.61,8061735.29,1897.54,0.0,71202030.42,7966875.0,1976284.71,40
2002-11-05,16025477.27,8012940.95,8012536.32,630.09,0.0,71152515.69,7953750.0,1976284.71,40
2002-11-06,16096111.19,8028565.07,8067546.12,623.21,0.0,71207213.9,7969062.5,1976284.71,40
2002-11-07,16222012.25,8094459.92,8127552.33,541.01,0.0,71266948.98,8034687.5,1976284.71,40
2002-11-08,16256767.78,8113323.48,8143444.3,540.73,0.0,71282570.0,8053281.25,1976284.71,40
2002-11-11,16266548.55,8114134.81,8152413.73,1625.68,0.0,71290725.09,8053281.25,1976284.71,40
2002-11-12,16227184.6,8116592.78,8110591.82,542.22,24.5,71249005.92,8055468.75,1976284.71,40
2002-11-13,16218775.84,8129988.34,8088787.5,540.91,0.0,71226931.25,8068593.75,1976284.71,40
2002-11-14,16129102.24,8038382.08,8090720.16,536.12,0.0,71228596.54,7976718.75,1976284.71,40
2002-11-15,16128536.29,8023337.53,8105198.76,537.64,0.0,71242805.47,7961406.25,1976284.71,40
2002-11-18,16151792.77,8036171.11,8115621.66,1612.85,0.0,71252417.82,7973437.5,1976284.71,40
2002-11-19,16193192.91,8052847.46,8140345.45,542.88,45.0,71274713.84,7989843.75,1976284.71,40
2002-11-20,16131143.46,7996238.66,8134904.81,535.27,22.5,71264426.61,7932968.75,1976284.71,40
2002-11-21,16053222.12,7963692.7,8089529.42,537.7,81.0,71234836.06,7900156.25,1976284.71,40
2002-11-22,16037825.59,7949739.4,8088086.18,535.11,0.0,71233123.18,7885937.5,1976284.71,40
2002-11-25,15994700.09,7950541.0,8044159.08,1617.15,45.0,71203165.53,7885937.5,1976284.71,40
2002-11-26,16086549.63,8006591.69,8079957.95,542.04,0.0,71238691.81,7941718.75,1976284.71,40
2002-11-27,15969774.91,7917171.07,8052603.84,536.22,231.6,71204256.24,7852031.25,1976284.71,40
2002-11-28,15962062.78,7917437.18,8044625.6,536.76,24.5,71188944.86,7852031.25,1976284.71,40
2002-11-29,16021228.54,8010660.61,8010567.94,536.5,1211.67,71796688.05,7999875.0,2150371.21,40
2002-12-02,16026669.02,8002461.67,8024207.34,1602.12,0.0,71809526.54,7990875.0,2150371.21,40
2002-12-03,15991551.72,7997107.87,7994443.85,543.13,0.0,71779490.97,7985250.0,2150371.21,40
2002-12-04,16052192.43,8032251.66,8019940.77,537.49,0.0,71804719.33,8020125.0,2150371.21,40
2002-12-05,16122192.19,8064019.4,8058172.79,535.07,0.0,71842683.88,8051625.0,2150371.21,40
2002-12-06,16171492.88,8092413.2,8079079.68,537.41,263.94,71851287.22,8079750.0,2150371.21,40
2002-12-09,16230959.56,8120215.7,8110743.86,1603.67,63.0,71900413.09,8106750.0,2150371.21,40
2002-12-10,16251818.82,8123863.63,8127955.19,545.54,0.0,71917351.93,8110125.0,2150371.21,40
2002-12-11,16294161.77,8154507.17,8139654.6,537.21,0.0,71928782.54,8140500.0,2150371.21,40
2002-12-12,16351330.06,8152526.72,8198803.34,538.61,28.0,71984090.36,8138250.0,2150371.21,40
2002-12-13,16357583.59,8129171.21,8228412.38,540.5,0.0,72013428.39,8114625.0,2150371.21,40
2002-12-16,16348341.81,8093977.35,8254364.46,1622.13,466.72,72049725.89,8078625.0,2150371.21,40
2002-12-17,16409144.13,8111124.4,8298019.74,549.49,68.8,72089492.5,8095500.0,2150371.21,40
2002-12-18,16501408.93,8150769.77,8350639.16,546.97,0.0,72141835.35,8134875.0,2150371.21,40
2002-12-19,16595460.77,8206164.19,8389296.57,545.46,27.0,72180183.58,8190000.0,2150371.21,40
2002-12-20,16579341.17,8208685.45,8370655.72,548.57,0.0,72161265.53,8192250.0,2150371.21,40
2002-12-23,16619634.29,8204999.48,8414634.8,1644.12,0.0,72204414.41,8187750.0,2150371.21,40
2002-12-24,16674082.54,8233391.14,8440691.39,540.14,0.0,72230197.64,8215875.0,2150371.21,40
2002-12-25,16674624.45,8233658.73,8440965.72,541.91,0.0,72230197.64,8215875.0,2150371.21,40
2002-12-26,16669803.92,8242926.32,8426877.6,541.93,0.0,72215835.07,8224875.0,2150371.21,40
2002-12-27,16794980.01,8300566.93,8494413.08,537.14,9.0,72283668.15,8282250.0,2150371.21,40
2002-12-30,16779042.43,8318230.48,8460811.94,1595.52,0.0,72249259.92,8299125.0,2150371.21,40
2002-12-31,16771112.57,8385692.56,8385420.01,559.3,855.05,76082842.48,8283375.0,2617775.26,40
2003-01-02,16628349.81,8268126.61,8360223.2,1118.07,87.5,76062924.31,8165250.0,2617775.26,40
2003-01-03,16674429.96,8270652.21,8403777.75,554.28,0.0,76106200.02,8167500.0,2617775.26,40
2003-01-06,16667369.96,8256854.28,8410515.68,1667.44,0.0,76112097.71,8152875.0,2617775.26,40
2003-01-07,16669320.73,8278502.21,8390818.52,550.95,0.0,76092122.4,8174250.0,2617775.26,40
2003-01-08,16753886.17,8300146.26,8453739.91,541.75,0.0,76154771.23,8195625.0,2617775.26,40
2003-01-09,16639460.65,8211541.02,8427919.63,544.5,0.0,76128676.06,8106750.0,2617775.26,40
2003-01-10,16610947.42,8209560.17,8401387.25,545.4,28.0,76096295.43,8104500.0,2617775.26,40
2003-01-13,16573351.59,8230617.45,8342734.15,1633.41,0.0,76036816.19,8124750.0,2617775.26,40
2003-01-14,16621229.75,8257889.51,8363340.23,547.84,0.0,76057146.5,8151750.0,2617775.26,40
2003-01-15,16639857.91,8266032.9,8373825.02,540.19,0.0,76067359.65,8159625.0,2617775.26,40
2003-01-16,16694882.13,8264053.84,8430828.29,545.42,0.0,76124088.28,8157375.0,2617775.26,40
2003-01-17,16818220.82,8300320.12,8517900.69,537.95,0.0,76210889.16,8193375.0,2617775.26,40
2003-01-20,16839437.23,8301122.49,8538314.74,1625.76,0.0,76230479.81,8193375.0,2617775.26,40
2003-01-21,16859110.66,8320514.97,8538595.7,542.6,27.0,76224812.67,8212500.0,2617775.26,40
2003-01-22,16947604.86,8355660.39,8591944.48,547.92,0.0,76277883.92,8247375.0,2617775.26,40
2003-01-23,16950870.18,8342427.3,8608442.88,541.38,0.0,76294107.86,8233875.0,2617775.26,40
2003-01-24,17076295.25,8366318.8,8709976.45,541.49,0.0,76395366.3,8257500.0,2617775.26,40
2003-01-27,17014210.57,8338988.6,8675221.97,1622.25,0.0,76359784.37,8229375.0,2617775.26,40
2003-01-28,17025031.04,8329129.98,8695901.06,543.51,0.0,76380186.34,8219250.0,2617775.26,40
2003-01-29,17022090.94,8296773.36,8725317.57,548.58,9.0,76407631.79,8186625.0,2617775.26,40
2003-01-30,17063388.65,8321790.7,8741597.94,548.49,58.5,76422389.36,8211375.0,2617775.26,40
2003-01-31,17107248.6,8553709.78,8553538.82,549.82,655.46,80787372.34,8446406.25,2889451.84,41
2003-02-03,17067533.48,8541817.89,8525715.59,1653.7,0.0,80758722.44,8433687.5,2889451.84,41
2003-02-04,17193537.05,8576780.63,8616756.43,549.95,0.0,80849488.38,8468375.0,2889451.84,41
2003-02-05,17078968.4,8538895.97,8540072.43,544.46,0.0,80772531.52,8430218.75,2889451.84,41
2003-02-06,17139746.11,8570389.87,8569356.24,550.32,0.0,80801540.31,8461437.5,2889451.84,41
2003-02-07,17220501.07,8588007.39,8632493.67,547.52,0.0,80864404.02,8478781.25,2889451.84,41
2003-02-10,17134580.84,8558767.91,8575812.93,1650.3,63.0,80788058.99,8448718.75,2889451.84,41
2003-02-11,17169567.28,8575228.82,8594338.47,547.35,0.0,80806310.4,8464906.25,2889451.84,41
2003-02-12,17167045.85,8606723.88,8560321.97,553.24,28.0,80761244.98,8496125.0,2889451.84,41
2003-02-13,17282945.94,8647469.96,8635475.99,553.16,0.0,80836123.17,8536593.75,2889451.84,41
2003-02-14,17215096.89,8608433.69,8606663.19,552.09,45.0,80822679.51,8497281.25,2889451.84,41
2003-02-17,17181256.04,8609265.84,8571990.2,1664.13,0.0,80787174.55,8497281.25,2889451.84,41
2003-02-18,17150519.92,8614168.25,8536351.67,553.62,0.0,80751259.96,8501906.25,2889451.84,41
2003-02-19,17276010.67,8651448.21,8624562.46,557.39,40.5,80837073.84,8538906.25,2889451.84,41
2003-02-20,17300764.89,8674851.98,8625912.91,556.67,58.5,80836948.46,8562031.25,2889451.84,41
2003-02-21,17275335.97,8647383.92,8627952.06,562.27,0.0,80838707.45,8534281.25,2889451.84,41
2003-02-24,17472202.63,8675977.04,8796225.6,1684.35,36.0,81034255.73,8562031.25,2889451.84,41
2003-02-25,17458433.46,8690138.82,8768294.63,577.55,0.0,81006033.85,8575906.25,2889451.84,41
2003-02-26,17570420.45,8712392.42,8858028.04,572.25,60.0,81027164.03,8597875.0,2889451.84,41
2003-02-27,17509305.78,8721597.41,8787708.37,580.8,361.0,80948371.99,8607125.0,2889451.84,41
2003-02-28,17615908.03,8808045.78,8807862.25,578.78,1297.23,80054042.31,8768500.0,2201574.21,38
2003-03-03,17621291.91,8824349.41,8796942.51,1732.23,94.5,80046941.14,8783937.5,2201574.21,38
2003-03-04,17654605.33,8842451.15,8812154.18,577.59,0.0,80061864.59,8801750.0,2201574.21,38
2003-03-05,17727335.95,8865301.03,8862034.92,573.77,0.0,80111458.93,8824312.5,2201574.21,38
2003-03-06,17690437.75,8850149.19,8840288.56,571.21,318.72,80059959.25,8808875.0,2201574.21,38
2003-03-07,17777951.42,8870621.86,8907329.56,570.03,0.0,80126715.55,8829062.5,2201574.21,38
2003-03-10,17847003.71,8897560.0,8949443.71,1629.65,0.0,80168013.07,8855187.5,2201574.21,38
2003-03-11,17744561.14,8880009.48,8864551.66,525.5,0.0,80082857.63,8837375.0,2201574.21,38
2003-03-12,17683772.42,8870775.88,8812996.54,532.34,24.5,80010060.92,8827875.0,2201574.21,38
2003-03-13,17367372.14,8779604.51,8587767.63,530.51,0.0,79784567.78,8736437.5,2201574.21,38
2003-03-14,17348499.11,8803622.77,8544876.34,530.67,45.5,79742336.9,8760187.5,2201574.21,38
2003-03-17,17150248.54,8749812.11,8400436.43,1604.74,505.22,79618415.02,8705562.5,2201574.21,38
2003-03-18,17052916.01,8709711.75,8343204.25,538.33,68.8,79555547.66,8665187.5,2201574.21,38
2003-03-19,16907296.4,8676732.72,8230563.67,530.54,0.0,79442647.51,8631937.5,2201574.21,38
2003-03-20,16885543.24,8658007.49,8227535.76,535.4,27.0,79436266.26,8612937.5,2201574.21,38
2003-03-21,16697167.53,8607221.56,8089945.97,539.4,0.0,79298413.36,8561875.0,2201574.21,38
2003-03-24,16847110.8,8672178.59,8174932.21,1614.06,0.0,79382617.56,8626000.0,2201574.21,38
2003-03-25,16838368.0,8676018.12,8162349.88,538.17,0.0,79369774.24,8629562.5,2201574.21,38
2003-03-26,16839115.96,8690547.68,8148568.28,542.57,0.0,79355729.66,8643812.5,2201574.21,38
2003-03-27,16922262.94,8705077.71,8217185.23,542.59,4.5,79424588.36,8658062.5,2201574.21,38
2003-03-28,17028824.89,8737415.87,8291409.02,535.87,0.0,79498552.24,8690125.0,2201574.21,38
2003-03-31,17182144.28,8591135.0,8591009.29,1589.36,673.21,76890094.26,8500750.0,1743103.54,34
2003-04-01,17153785.02,8590246.03,8563539.0,534.56,0.0,76862356.55,8499593.75,1743103.54,34
2003-04-02,17005152.96,8533852.26,8471300.7,524.14,0.0,76769856.89,8442937.5,1743103.54,34
2003-04-03,16999314.2,8547990.38,8451323.82,524.33,0.0,76749618.65,8456812.5,1743103.54,34
2003-04-04,16982831.61,8536686.7,8446144.91,514.7,0.0,76744183.86,8445250.0,1743103.54,34
2003-04-07,16875122.15,8505087.11,8370035.04,1542.61,72.0,76631218.65,8412875.0,1743103.54,34
2003-04-08,16989446.33,8546983.8,8442462.53,539.07,0.0,76703378.76,8454500.0,1743103.54,34
2003-04-09,17079378.74,8569220.83,8510157.91,533.28,0.0,76770809.14,8476468.75,1743103.54,34
2003-04-10,17081750.75,8555610.05,8526140.7,526.61,28.0,76777557.54,8462593.75,1743103.54,34
2003-04-11,17002109.9,8538532.47,8463577.43,531.43,0.0,76714729.16,8445250.0,1743103.54,34
2003-04-14,16940265.22,8513913.25,8426351.97,1629.37,45.0,76710337.64,8419812.5,1743103.54,34
2003-04-15,17011765.04,8539629.82,8472135.22,555.26,0.0,76755844.66,8445250.0,1743103.54,34
2003-04-16,17069248.68,8554936.23,8514312.44,548.16,0.0,76797748.74,8460281.25,1743103.54,34
2003-04-17,17119932.16,8547115.77,8572816.4,545.27,45.0,76851225.89,8452187.5,1743103.54,34
2003-04-18,17120483.81,8547391.17,8573092.63,551.64,0.0,76851225.89,8452187.5,1743103.54,34
2003-04-21,17104463.28,8533186.17,8571277.11,1654.98,0.0,76848581.64,8437156.25,1743103.54,34
2003-04-22,17170036.99,8536929.88,8633107.11,551.14,63.0,76904858.45,8440625.0,1743103.54,34
2003-04-23,17097832.81,8530267.46,8567565.36,553.26,0.0,76839038.49,8433687.5,1743103.54,34
2003-04-24,17220505.36,8577946.2,8642559.16,546.18,36.0,76918954.6,8481093.75,1743103.54,34
2003-04-25,17268746.97,8595559.21,8673187.76,540.53,0.0,76949311.77,8498437.5,1743103.54,34
2003-04-28,17233278.88,8589423.96,8643854.92,1611.75,9.0,76920458.74,8491500.0,1743103.54,34
2003-04-29,17234705.45,8573503.68,8661201.77,536.15,0.0,76937536.37,8475312.5,1743103.54,34
2003-04-30,17398025.78,8698871.58,8699154.19,540.98,1206.89,77951559.51,17290575.0,4670329.57,35
2003-05-01,17470911.85,8696721.05,8774190.8,536.44,101.5,78029909.23,17288156.25,4670329.57,35
2003-05-02,17512811.32,8781122.58,8731688.74,524.13,0.0,77987144.1,17372296.88,4670329.57,35
2003-05-05,17520130.32,8790036.89,8730093.43,1605.34,0.0,77984748.24,17380406.25,4670329.57,35
2003-05-06,17733849.66,8922195.41,8811654.24,540.2,0.0,78066040.05,17512293.75,4670329.57,35
2003-05-07,17775859.87,8927928.7,8847931.17,532.02,0.0,78102052.45,17517759.38,4670329.57,35
2003-05-08,17763821.94,8860727.15,8903094.79,538.21,0.0,78156948.48,17450287.5,4670329.57,35
2003-05-09,17919648.85,8974371.76,8945277.09,527.98,0.0,78198866.04,17563668.75,4670329.57,35
2003-05-12,18116792.92,9108508.8,9008284.11,1627.7,0.0,78261060.65,17696990.62,4670329.57,35
2003-05-13,18116101.68,9100466.43,9015635.25,543.5,0.0,78268141.38,17688675.0,4670329.57,35
2003-05-14,18170882.86,9114611.92,9056270.94,538.45,0.0,78308508.96,17702550.0,4670329.57,35
2003-05-15,18182154.33,9161028.36,9021125.97,524.94,0.0,78273102.67,17748703.12,4670329.57,35
2003-05-16,18300426.69,9188096.13,9112330.55,525.26,0.0,78364046.64,17775506.25,4670329.57,35
2003-05-19,18152618.85,8995066.03,9157552.82,1570.79,0.0,78408486.76,17581687.5,4670329.57,35
2003-05-20,18235438.29,9005626.51,9229811.78,519.37,0.0,78480483.71,17591990.62,4670329.57,35
2003-05-21,18230603.51,9009603.55,9220999.97,516.67,0.0,78471410.09,17595712.5,4670329.57,35
2003-05-22,18322390.06,9119504.45,9202885.61,526.66,0.0,78453029.65,17705353.12,4670329.57,35
2003-05-23,18378392.69,9135119.84,9243272.85,539.49,72.0,78516017.79,17720700.0,4670329.57,35
2003-05-26,18390475.76,9135926.78,9254548.98,1623.42,0.0,78526477.44,17720700.0,4670329.57,35
2003-05-27,18490898.51,9279286.41,9211612.1,541.5,0.0,78483268.06,17863790.62,4670329.57,35
2003-05-28,18416981.3,9297327.83,9119653.47,549.59,55.5,78393602.63,17881556.25,4670329.57,35
2003-05-29,18501963.62,9316990.04,9184973.58,562.74,365.5,78462991.76,17901271.88,4670329.57,35
2003-05-30,18597097.19,9298681.82,9298415.36,555.06,873.96,84354056.9,18533487.5,5101781.65,36
2003-06-02,18588423.67,9303901.45,9284522.22,1689.24,0.0,84339319.19,18537862.5,5101781.65,36
2003-06-03,18728852.22,9403728.41,9325123.81,578.31,0.0,84379631.89,18637400.0,5101781.65,36
2003-06-04,18885932.89,9564699.05,9321233.85,551.46,0.0,84375467.35,18798093.75,5101781.65,36
2003-06-05,18953038.64,9577928.95,9375109.68,540.35,0.0,84429076.67,18811050.0,5101781.65,36
2003-06-06,18877197.76,9533406.58,9343791.19,537.0,308.76,84395380.88,18766256.25,5101781.65,36
2003-06-09,18845183.34,9476799.86,9368383.48,1620.29,90.0,84377660.99,18708831.25,5101781.65,36
2003-06-10,19066952.84,9627215.74,9439737.1,528.71,0.0,84448751.81,18858981.25,5101781.65,36
2003-06-11,19184894.77,9720263.54,9464631.23,503.16,0.0,84473396.97,18951775.0,5101781.65,36
2003-06-12,19213941.48,9766499.45,9447442.03,490.28,0.0,84455965.72,18997762.5,5101781.65,36
2003-06-13,19232031.2,9700787.36,9531243.84,480.35,40.5,84538582.02,18931806.25,5101781.65,36
2003-06-16,19332098.38,9855391.41,9476706.97,1346.24,586.26,84508815.14,19085731.25,5101781.65,36
2003-06-17,19231133.68,9799536.61,9431597.06,456.45,60.2,84457661.54,19029643.75,5101781.65,36
2003-06-18,19096862.45,9735307.41,9361555.04,470.09,0.0,84387389.11,18965175.0,5101781.65,36
2003-06-19,19011349.38,9613030.43,9398318.95,461.51,868.5,84423926.78,18831468.75,5101781.65,36
2003-06-20,18872635.95,9567156.55,9305479.4,422.47,14.0,84330649.26,18785381.25,5101781.65,36
2003-06-23,18845031.99,9521321.08,9323710.91,1273.9,0.0,84348252.78,18738900.0,5101781.65,36
2003-06-24,18885970.56,9556834.35,9329136.21,434.48,0.0,84353462.95,18774193.75,5101781.65,36
2003-06-25,18747938.06,9400780.63,9347157.43,424.93,0.0,84371274.43,18617925.0,5101781.65,36
2003-06-26,18533207.32,9414490.65,9118716.68,468.7,4.5,84143384.37,18631400.0,5101781.65,36
2003-06-27,18409137.91,9306060.9,9103077.02,458.18,56.84,84127762.0,18522737.5,5101781.65,36
2003-06-30,18468283.18,9234821.92,9233461.27,1303.98,2328.15,82032505.96,18357337.5,5864871.63,42
2003-07-01,18583988.81,9299681.47,9284307.34,456.58,0.0,82083123.61,18421968.75,5864871.63,42
2003-07-02,18744884.59,9420693.71,9324190.88,449.11,0.0,82122782.77,18542756.25,5864871.63,42
2003-07-03,18538694.69,9265628.65,9273066.05,442.59,0.0,82071437.82,18387468.75,5864871.63,42
2003-07-04,18552784.03,9265847.42,9286936.61,437.72,0.0,82085089.43,18387468.75,5864871.63,42
2003-07-07,18689043.88,9426253.75,9262790.13,1314.16,0.0,82060285.13,18547218.75,5864871.63,42
2003-07-08,18658626.63,9457895.66,9200730.97,467.23,0.0,81997994.53,18578625.0,5864871.63,42
2003-07-09,18652468.55,9413769.6,9238698.94,466.47,0.0,82035732.48,18534262.5,5864871.63,42
2003-07-10,18563011.49,9318955.97,9244055.53,455.95,0.0,82040863.1,18439218.75,5864871.63,42
2003-07-11,18683920.28,9433631.18,9250289.1,448.61,0.0,82046873.41,18553668.75,5864871.63,42
2003-07-14,18726432.94,9436396.36,9290036.58,1354.58,0.0,82085950.07,18555750.0,5864871.63,42
2003-07-15,18431493.32,9311548.4,9119944.92,462.96,40.5,81918459.28,18430668.75,5864871.63,42
2003-07-16,18327289.71,9233143.69,9094146.02,460.79,0.0,81892432.51,18352031.25,5864871.63,42
2003-07-17,18151797.74,9093834.45,9057963.29,453.09,0.0,81856024.95,18212493.75,5864871.63,42
2003-07-18,18235861.08,9175225.5,9060635.58,443.71,13.9,81858721.22,18293662.5,5864871.63,42
2003-07-21,17928721.68,8946874.74,8981846.94,1352.49,0.0,81779260.71,18064631.25,5864871.63,42
2003-07-22,17974309.88,9050507.15,8923802.72,453.2,27.0,81715316.45,18168037.5,5864871.63,42
2003-07-23,18119671.45,9080979.68,9038691.77,454.35,0.0,81829979.79,18198281.25,5864871.63,42
2003-07-24,18018877.86,8982227.98,9036649.88,458.03,0.0,81827709.4,18099300.0,5864871.63,42
2003-07-25,18202730.31,9131067.53,9071662.78,455.48,0.0,81862494.03,18247912.5,5864871.63,42
2003-07-28,18103422.47,9038741.22,9064681.25,1380.37,0.0,81854824.57,18154893.75,5864871.63,42
2003-07-29,17939757.74,8929573.49,9010184.26,477.73,9.0,81799397.36,18045487.5,5864871.63,42
2003-07-30,17872372.65,8937876.59,8934496.06,483.38,151.94,81720639.31,18053550.0,5864871.63,42
2003-07-31,17691866.72,8846109.63,8845757.09,476.6,1469.54,60539348.65,8804325.0,5763413.82,32
2003-08-01,17608834.5,8759565.61,8849268.89,461.95,0.0,60542629.47,8717550.0,5763413.82,32
2003-08-04,17608910.79,8766919.48,8841991.31,1364.68,76.5,60528452.58,8724225.0,5763413.82,32
2003-08-05,17395751.03,8582475.83,8813275.2,464.68,0.0,60499503.14,8539550.0,5763413.82,32
2003-08-06,17457156.13,8631649.93,8825506.21,454.22,0.0,60511504.02,8588500.0,5763413.82,32
2003-08-07,17586501.36,8716422.91,8870078.45,450.98,0.0,60555848.26,8673050.0,5763413.82,32
2003-08-08,17630009.14,8747798.09,8882211.06,454.32,0.0,60567751.73,8704200.0,5763413.82,32
2003-08-11,17678726.34,8777408.33,8901318.01,1381.02,0.0,60586162.91,8733125.0,5763413.82,32
2003-08-12,17734621.74,8855512.52,8879109.22,461.61,0.0,60563721.7,8811000.0,5763413.82,32
2003-08-13,17702842.07,8809016.29,8893825.78,458.14,0.0,60578208.89,8764275.0,5763413.82,32
2003-08-14,17729656.4,8835946.3,8893710.1,462.24,45.0,60551005.98,8790975.0,5763413.82,32
2003-08-15,17776969.27,8860652.01,8916317.25,462.94,13.9,60573684.33,8815450.0,5763413.82,32
2003-08-18,17870060.8,8934763.72,8935297.08,1377.72,0.0,60591973.14,8888875.0,5763413.82,32
2003-08-19,17933467.65,8972822.01,8960645.64,466.61,0.0,60617088.39,8926700.0,5763413.82,32
2003-08-20,17930091.98,8937456.3,8992635.67,468.26,27.0,60648871.45,8891100.0,5763413.82,32
2003-08-21,17932115.5,8964389.67,8967725.83,468.17,36.0,60632762.8,8917800.0,5763413.82,32
2003-08-22,17865429.08,8880076.23,8985352.85,473.21,0.0,60650153.17,8833250.0,5763413.82,32
2003-08-25,17852531.26,8891911.64,8960619.62,1429.23,0.0,60624701.11,8844375.0,5763413.82,32
2003-08-26,17870028.25,8907733.63,8962294.62,495.9,0.0,60626127.2,8859950.0,5763413.82,32
2003-08-27,17887922.12,8910203.6,8977718.53,491.43,51.0,60632516.26,8862175.0,5763413.82,32
2003-08-28,17956447.22,8959396.15,8997051.07,486.95,211.58,60639141.82,8911125.0,5763413.82,32
2003-08-29,18087247.31,9043820.69,9043426.63,483.83,937.46,57004829.92,9019362.5,6038757.79,35
2003-09-01,18114329.99,9044544.19,9069785.8,1446.98,0.0,57030465.62,9019362.5,6038757.79,35
2003-09-02,18149928.37,9172322.88,8977605.49,483.05,0.0,56938043.45,9146900.0,6038757.79,35
2003-09-03,18264925.04,9217317.47,9047607.57,484.0,0.0,57007806.13,9191650.0,6038757.79,35
2003-09-04,18282698.89,9228748.21,9053950.68,481.99,0.0,57013910.48,9202837.5,6038757.79,35
2003-09-05,18266991.37,9175291.75,9091699.62,482.46,0.0,57051420.5,9149137.5,6038757.79,35
2003-09-08,18379939.3,9249847.98,9130091.32,1430.91,0.0,57089100.02,9222975.0,6038757.79,35
2003-09-09,18368374.46,9191917.07,9176457.39,485.03,0.0,57135225.16,9164800.0,6038757.79,35
2003-09-10,18254654.3,9098182.08,9156472.22,479.62,0.0,57115000.37,9070825.0,6038757.79,35
2003-09-11,18316622.74,9127507.14,9189115.59,476.65,1585.9,57150004.61,9099912.5,6038757.79,35
2003-09-12,18278598.55,9138932.97,9139665.58,478.27,0.0,57100314.66,9111100.0,6038757.79,35
2003-09-15,18237311.69,9108323.86,9128987.84,1431.82,375.9,57085769.87,9079775.0,6038757.79,35
2003-09-16,18331752.0,9242811.69,9088940.32,476.2,51.6,57041935.59,9214025.0,6038757.79,35
2003-09-17,18366387.69,9222907.82,9143479.87,463.39,0.0,57096245.39,9193887.5,6038757.79,35
2003-09-18,18476752.7,9327503.08,9149249.62,474.47,834.12,57102602.2,9283387.5,6038757.79,35
2003-09-19,18474905.26,9289709.13,9185196.13,482.45,106.1,57141455.91,9245350.0,6038757.79,35
2003-09-22,18401344.68,9185266.59,9216078.1,1431.81,27.0,57171893.03,9140187.5,6038757.79,35
2003-09-23,18429525.84,9223543.92,9205981.92,480.48,0.0,57161556.21,9178225.0,6038757.79,35
2003-09-24,18338961.18,9060442.14,9278519.05,470.98,0.0,57233858.08,9014887.5,6038757.79,35
2003-09-25,18252564.89,8975651.2,9276913.69,473.76,72.0,57211885.02,8929862.5,6038757.79,35
2003-09-26,18150687.49,8946793.07,9203894.42,466.45,0.0,57138628.67,8900775.0,6038757.79,35
2003-09-29,18294282.22,9034741.5,9259540.72,1391.55,139.58,57194297.46,8988037.5,6038757.79,35
2003-09-30,18239491.54,9119908.11,9119583.42,482.77,1159.19,71817959.45,18150475.0,6175432.92,39
2003-10-01,18529972.77,9326018.71,9203954.06,471.19,0.0,71902094.53,18356350.0,6175432.92,39
2003-10-02,18521109.5,9305569.01,9215540.49,478.69,0.0,71913443.2,18335659.38,6175432.92,39
2003-10-03,18322916.48,9267188.07,9055728.41,473.32,0.0,71753395.61,18297040.62,6175432.92,39
2003-10-06,18502361.48,9351914.18,9150447.3,1404.76,67.5,71826487.69,18381056.25,6175432.92,39
2003-10-07,18519698.06,9329684.42,9190013.64,472.84,0.0,71865820.35,18358587.5,6175432.92,39
2003-10-08,18534135.38,9321673.91,9212461.47,462.99,0.0,71888038.26,18350343.75,6175432.92,39
2003-10-09,18522541.38,9318132.49,9204408.89,458.21,0.0,71879757.93,18346571.88,6175432.92,39
2003-10-10,18718076.82,9372459.73,9345617.1,457.92,0.0,72020738.58,18400668.75,6175432.92,39
2003-10-13,18826359.01,9409762.66,9416596.35,1403.86,0.0,72091016.92,18437268.75,6175432.92,39
2003-10-14,18742674.67,9376963.53,9365711.14,470.66,0.0,72039896.29,18404234.38,6175432.92,39
2003-10-15,18643586.54,9316422.44,9327164.1,473.77,54.0,72025526.68,18343456.25,6175432.92,39
2003-10-16,18576589.48,9309511.06,9267078.42,471.27,0.0,71965205.09,18336309.38,6175432.92,39
2003-10-17,18569389.1,9258833.88,9310555.21,469.57,16.68,72008777.14,18285396.88,6175432.92,39
2003-10-20,18675342.11,9342973.51,9332368.6,1408.18,0.0,72029884.33,18368834.38,6175432.92,39
2003-10-21,18698697.24,9329671.12,9369026.11,482.45,0.0,72066300.76,18355290.62,6175432.92,39
2003-10-22,18733091.7,9273910.08,9459181.62,472.66,0.0,72156219.58,18299293.75,6175432.92,39
2003-10-23,18663926.63,9238570.98,9425355.65,489.14,0.0,72122146.62,18263712.5,6175432.92,39
2003-10-24,18811770.85,9324130.96,9487639.89,487.34,0.0,72184184.58,18349031.25,6175432.92,39
2003-10-27,18786389.87,9297153.58,9489236.29,1457.91,0.0,72185045.69,18321331.25,6175432.92,39
2003-10-28,19046978.75,9483517.13,9563461.62,500.97,0.0,72259017.97,18507446.88,6175432.92,39
2003-10-29,19070342.46,9443177.26,9627165.21,497.34,0.0,72322472.02,18466859.38,6175432.92,39
2003-10-30,18965883.22,9414636.33,9551246.89,497.95,207.08,72194171.69,18438071.88,6175432.92,39
2003-10-31,18989648.85,9494920.76,9494728.08,495.22,908.18,61917748.98,9445500.0,5944415.42,33
2003-11-03,18986857.7,9538414.53,9448443.17,1487.52,0.0,61870720.3,9488250.0,5944415.42,33
2003-11-04,18990491.02,9520663.59,9469827.42,495.77,0.0,61891857.85,9470250.0,5944415.42,33
2003-11-05,19046228.71,9532159.54,9514069.17,490.59,0.0,61935854.96,9481500.0,5944415.42,33
2003-11-06,19016594.74,9577408.44,9439186.3,497.32,0.0,61860723.67,9526500.0,5944415.42,33
2003-11-07,19015297.89,9505658.51,9509639.38,496.54,0.0,61930930.28,9454500.0,5944415.42,33
2003-11-10,19004597.82,9468153.12,9536444.7,1489.53,0.0,61956990.68,9416250.0,5944415.42,33
2003-11-11,18970259.76,9463902.98,9506356.79,501.51,0.0,61926651.11,9411750.0,5944415.42,33
2003-11-12,19142584.43,9565402.72,9577181.71,500.6,24.5,61993924.67,9513000.0,5944415.42,33
2003-11-13,19236741.64,9574649.83,9662091.81,494.52,0.0,62078587.36,9522000.0,5944415.42,33
2003-11-14,19195262.24,9493894.51,9701367.73,491.61,0.0,62117616.35,9441000.0,5944415.42,33
2003-11-17,19012041.61,9445130.29,9566911.32,1487.63,0.0,61982408.09,9391500.0,5944415.42,33
2003-11-18,18992531.85,9348626.91,9643904.94,496.43,0.0,62059151.91,9294750.0,5944415.42,33
2003-11-19,18909894.16,9423121.01,9486773.15,495.92,0.0,61901768.31,9369000.0,5944415.42,33
2003-11-20,18872338.82,9342364.45,9529974.38,488.51,63.0,61885812.46,9288000.0,5944415.42,33
2003-11-21,18934446.67,9380855.79,9553590.88,487.54,19.46,61909607.57,9326250.0,5944415.42,33
2003-11-24,18982399.41,9500824.99,9481574.42,1451.64,31.5,61856105.16,9445500.0,5944415.42,33
2003-11-25,19063922.85,9534823.07,9529099.78,495.65,0.0,61903382.96,9479250.0,5944415.42,33
2003-11-26,19214074.08,9566569.38,9647504.7,492.48,339.8,62019694.81,9510750.0,5944415.42,33
2003-11-27,19213509.44,9566813.86,9646695.58,491.03,133.4,62017676.29,9510750.0,5944415.42,33
2003-11-28,19289682.77,9644901.96,9644780.81,491.01,872.65,62809550.84,9625525.0,6065078.69,34
2003-12-01,19488728.58,9748008.37,9740720.21,1462.8,0.0,62904758.84,9727900.0,6065078.69,34
2003-12-02,19544915.42,9730060.19,9814855.23,503.46,0.0,62978642.22,9709700.0,6065078.69,34
2003-12-03,19552064.84,9712108.85,9839955.99,499.48,0.0,63003492.16,9691500.0,6065078.69,34
2003-12-04,19543707.4,9753307.05,9790400.35,499.66,0.0,62953685.06,9732450.0,6065078.69,34
2003-12-05,19456036.59,9687578.59,9768458.0,494.02,0.0,62931495.23,9666475.0,6065078.69,34
2003-12-08,19569656.9,9749730.16,9819926.74,1459.2,54.0,62959605.33,9727900.0,6065078.69,34
2003-12-09,19522446.92,9672626.61,9849820.32,494.68,0.0,62989250.68,9650550.0,6065078.69,34
2003-12-10,19469964.44,9675146.11,9794818.33,493.48,0.0,62933999.72,9652825.0,6065078.69,34
2003-12-11,19547289.99,9780040.68,9767249.31,492.16,1768.34,62904042.58,9757475.0,6065078.69,34
2003-12-12,19652606.85,9796204.74,9856402.11,477.82,0.0,62992956.62,9773400.0,6065078.69,34
2003-12-15,19645527.14,9749156.3,9896370.85,1457.57,414.6,63010178.78,9725625.0,6065078.69,34
2003-12-16,19650564.7,9806272.32,9844292.38,485.68,47.3,62954492.95,9782500.0,6065078.69,34
2003-12-17,19702164.03,9829264.75,9872899.28,485.81,0.0,62982856.48,9805250.0,6065078.69,34
2003-12-18,19810020.36,9940161.02,9869859.34,481.61,850.8,62980843.11,9905350.0,6065078.69,34
2003-12-19,19802812.5,9913101.24,9889711.25,478.74,130.1,63002636.85,9878050.0,6065078.69,34
2003-12-22,19813831.01,9979786.68,9834044.33,1419.2,0.0,62946261.16,9944025.0,6065078.69,34
2003-12-23,19810353.9,9986858.4,9823495.5,489.84,0.0,62935469.21,9950850.0,6065078.69,34
2003-12-24,19847810.46,9982552.53,9865257.93,484.25,49.0,62977296.92,9946300.0,6065078.69,34
2003-12-25,19849559.08,9982796.54,9866762.54,485.17,0.0,62978560.37,9946300.0,6065078.69,34
2003-12-26,19867286.49,9987590.57,9879695.92,485.21,0.0,62991252.57,9950850.0,6065078.69,34
2003-12-29,19989649.3,10117973.02,9871676.28,1407.27,0.0,62982533.11,10080525.0,6065078.69,34
2003-12-30,20002276.35,10118223.16,9884053.19,494.19,88.62,62995245.99,10080525.0,6065078.69,34
2003-12-31,20044055.76,10022116.61,10021939.15,511.17,803.96,67380433.51,9994500.0,6010430.14,36
2004-01-02,20122535.65,10009134.42,10113401.23,1035.61,0.0,67471377.78,9981000.0,6010430.14,36
2004-01-05,20395683.38,10108893.45,10286789.94,1525.96,0.0,67643999.56,10080000.0,6010430.14,36
2004-01-06,20452516.35,10127146.17,10325370.18,509.89,0.0,67682322.63,10098000.0,6010430.14,36
2004-01-07,20423456.63,10158899.35,10264557.28,511.31,0.0,67621251.6,10129500.0,6010430.14,36
2004-01-08,20547865.33,10195150.5,10352714.84,504.91,0.0,67709155.39,10165500.0,6010430.14,36
2004-01-09,20517815.32,10109894.05,10407921.28,490.87,0.0,67764114.52,10080000.0,6010430.14,36
2004-01-12,20677175.5,10184860.17,10492315.33,1453.35,24.5,67842720.84,10154250.0,6010430.14,36
2004-01-13,20616804.34,10122109.13,10494695.21,505.44,0.0,67844844.24,10091250.0,6010430.14,36
2004-01-14,20670195.46,10212353.75,10457841.71,498.24,0.0,67807737.12,10181250.0,6010430.14,36
2004-01-15,20566460.1,10230597.71,10335862.39,493.79,0.0,67685507.97,10199250.0,6010430.14,36
2004-01-16,20638318.23,10273592.11,10364726.13,491.31,19.46,67714549.6,10242000.0,6010430.14,36
2004-01-19,20670278.32,10274336.94,10395941.38,1496.28,0.0,67745013.4,10242000.0,6010430.14,36
2004-01-20,20775792.72,10270085.24,10505707.48,499.53,27.0,67848135.27,10237500.0,6010430.14,36
2004-01-21,20884985.21,10346836.29,10538148.92,507.85,0.0,67880319.91,10314000.0,6010430.14,36
2004-01-22,20917923.14,10329086.33,10588836.81,504.72,0.0,67930753.12,10296000.0,6010430.14,36
2004-01-23,20825742.41,10295583.08,10530159.32,499.71,0.0,67871822.68,10262250.0,6010430.14,36
2004-01-26,20912364.58,10422338.09,10490026.48,1527.22,0.0,67830917.63,10388250.0,6010430.14,36
2004-01-27,20844893.64,10316845.76,10528047.88,517.0,0.0,67868679.69,10282500.0,6010430.14,36
2004-01-28,20585375.44,10197850.81,10387524.63,515.33,4.5,67727300.66,10163250.0,6010430.14,36
2004-01-29,20428887.25,10207111.42,10221775.82,526.07,137.62,67560907.67,10172250.0,6010430.14,36
2004-01-30,20515542.1,10257866.53,10257675.58,522.07,692.95,69823267.06,10226500.0,6270648.09,38
2004-02-02,20493771.78,10299360.87,10194410.92,1538.67,0.0,69759233.07,10267225.0,6270648.09,38
2004-02-03,20527564.6,10286051.93,10241512.67,529.42,0.0,69806071.47,10253650.0,6270648.09,38
2004-02-04,20387350.69,10204864.8,10182485.89,524.59,0.0,69746782.96,10172200.0,6270648.09,38
2004-02-05,20438116.36,10227750.59,10210365.77,521.01,0.0,69774402.62,10194825.0,6270648.09,38
2004-02-06,20654267.09,10341136.97,10313130.12,522.31,0.0,69876906.05,10307950.0,6270648.09,38
2004-02-09,20753920.54,10350971.17,10402949.37,1566.28,0.0,69965943.21,10317000.0,6270648.09,38
2004-02-10,20788531.5,10380651.07,10407880.43,536.14,0.0,69970605.53,10346412.5,6270648.09,38
2004-02-11,21011015.21,10489519.24,10521495.97,537.04,0.0,70083952.2,10455012.5,6270648.09,38
2004-02-12,20992680.38,10451321.89,10541358.49,531.11,28.0,70100976.76,10416550.0,6270648.09,38
2004-02-13,20947166.07,10404073.57,10543092.5,530.65,63.0,70072407.3,10369037.5,6270648.09,38
2004-02-16,20947611.01,10404853.88,10542757.13,1571.04,0.0,70071281.21,10369037.5,6270648.09,38
2004-02-17,21179181.1,10502401.5,10676779.6,523.69,0.0,70205040.1,10466325.0,6270648.09,38
2004-02-18,21039166.48,10455160.31,10584006.17,547.13,0.0,70111990.86,10418812.5,6270648.09,38
2004-02-19,21076064.75,10419227.5,10656837.25,537.67,40.5,70192185.72,10382612.5,6270648.09,38
2004-02-20,20896511.56,10387818.77,10508692.79,538.61,46.46,70036101.23,10350937.5,6270648.09,38
2004-02-23,20933896.91,10354677.67,10579219.24,1602.07,36.0,70116138.03,10317000.0,6270648.09,38
2004-02-24,21026142.58,10341375.92,10684766.66,552.42,0.0,70221406.27,10303425.0,6270648.09,38
2004-02-25,21005310.46,10382373.81,10622936.64,554.86,54.4,70148655.18,10344150.0,6270648.09,38
2004-02-26,21053129.1,10384907.41,10668221.69,548.47,135.66,70191531.64,10346412.5,6270648.09,38
2004-02-27,21166193.51,10583118.3,10583075.21,549.72,1455.69,81244162.92,21005900.0,6627045.61,44
2004-03-01,21338153.2,10677545.81,10660607.39,1658.02,568.0,81332020.09,21099912.5,6627045.61,44
2004-03-02,21058849.31,10579215.08,10479634.23,563.09,0.0,81150765.61,21001300.0,6627045.61,44
2004-03-03,20970546.2,10589844.25,10380701.95,555.72,0.0,81051556.79,21011650.0,6627045.61,44
2004-03-04,21066151.0,10649636.21,10416514.79,553.39,0.0,81087095.69,21071162.5,6627045.61,44
2004-03-05,21407845.44,10830176.78,10577668.66,550.06,0.0,81247977.57,21251425.0,6627045.61,44
2004-03-08,21291094.63,10744766.12,10546328.51,1659.11,328.68,81176886.74,21165175.0,6627045.61,44
2004-03-09,21277936.46,10738149.66,10539786.79,561.85,0.0,81170066.72,21158275.0,6627045.61,44
2004-03-10,21022797.45,10549830.05,10472967.41,555.59,0.0,81102972.13,20969675.0,6627045.61,44
2004-03-11,20904788.35,10411530.51,10493257.83,548.93,1832.42,81119521.51,20831100.0,6627045.61,44
2004-03-12,20962749.19,10532555.26,10430193.93,551.65,0.0,81056180.69,20951850.0,6627045.61,44
2004-03-15,20950949.38,10403717.81,10547231.56,1642.08,470.6,81176297.53,20822187.5,6627045.61,44
2004-03-16,21100175.25,10508354.86,10591820.4,552.87,47.3,81218455.34,20926550.0,6627045.61,44
2004-03-17,21343084.59,10619891.74,10723192.85,550.95,0.0,81349551.22,21037812.5,6627045.61,44
2004-03-18,21389584.0,10575635.14,10813948.86,545.43,859.8,81441654.29,20982612.5,6627045.61,44
2004-03-19,21214551.91,10411742.9,10802809.01,546.62,159.8,81428659.85,20818450.0,6627045.61,44
2004-03-22,21183283.29,10331178.64,10852104.65,1626.45,27.0,81474394.28,20737087.5,6627045.61,44
2004-03-23,21164457.05,10315923.4,10848533.65,553.12,0.0,81470539.92,20721562.5,6627045.61,44
2004-03-24,21097728.17,10324239.89,10773488.28,546.75,0.0,81395214.29,20729612.5,6627045.61,44
2004-03-25,21184259.81,10444966.23,10739293.58,539.16,0.0,81360744.27,20850075.0,6627045.61,44
2004-03-26,21122980.94,10370483.16,10752497.78,541.38,0.0,81373674.02,20775325.0,6627045.61,44
2004-03-29,21218915.49,10487436.87,10731478.62,1637.03,9.0,81353850.54,20891475.0,6627045.61,44
2004-03-30,21349108.57,10521063.62,10828044.94,559.94,135.66,81447759.87,20924825.0,6627045.61,44
2004-03-31,21428203.06,10714235.35,10713967.72,557.45,866.13,88737779.34,21304875.0,6879665.45,46
2004-04-01,21488424.43,10746387.13,10742037.3,553.56,0.0,88765572.19,21336750.0,6879665.45,46
2004-04-02,21226414.92,10649161.76,10577253.16,549.15,0.0,88600513.49,21239250.0,6879665.45,46
2004-04-05,21162720.25,10660487.07,10502233.18,1645.05,0.0,88524673.77,21249750.0,6879665.45,46
2004-04-06,21256690.2,10663449.97,10593240.23,546.7,0.0,88615409.56,21252437.5,6879665.45,46
2004-04-07,21324715.25,10644284.98,10680430.27,543.23,0.0,88702328.84,21233000.0,6879665.45,46
2004-04-08,21253416.01,10596872.45,10656543.55,550.89,0.0,88678166.21,21185312.5,6879665.45,46
2004-04-09,21241515.04,10597143.26,10644371.77,543.14,0.0,88665722.1,21185312.5,6879665.45,46
2004-04-12,21261689.58,10622018.21,10639671.37,1628.52,0.0,88660205.63,21209375.0,6879665.45,46
2004-04-13,20834441.33,10395042.61,10439398.72,549.26,31.5,88453614.61,20982125.0,6879665.45,46
2004-04-14,20731517.7,10380811.15,10350706.55,538.22,0.0,88364652.76,20967625.0,6879665.45,46
2004-04-15,20591915.01,10328769.71,10263145.31,541.32,54.0,88325955.25,20915312.5,6879665.45,46
2004-04-16,20801847.08,10456224.03,10345623.04,531.96,30.58,88401383.06,21042500.0,6879665.45,46
2004-04-19,20791769.79,10435963.18,10355806.61,1594.81,0.0,88410773.46,21021437.5,6879665.45,46
2004-04-20,20485764.07,10223176.07,10262588.0,548.67,31.5,88312623.03,20808375.0,6879665.45,46
2004-04-21,20306258.94,10287948.69,10018310.25,546.29,0.0,88068071.61,20872875.0,6879665.45,46
2004-04-22,20534201.37,10462416.25,10071785.12,552.78,40.5,88129076.76,21047062.5,6879665.45,46
2004-04-23,20495458.55,10422692.34,10072766.21,541.87,0.0,88129792.06,21007062.5,6879665.45,46
2004-04-26,20503167.14,10420776.16,10082390.99,1639.64,0.0,88138611.02,21004312.5,6879665.45,46
2004-04-27,20634232.17,10448372.33,10185859.84,558.14,0.0,88241805.41,21031625.0,6879665.45,46
2004-04-28,20237434.93,10264903.86,9972531.08,555.98,9.0,88030131.2,20847875.0,6879665.45,46
2004-04-29,20080225.46,10136115.09,9944110.37,539.66,145.76,87994693.98,20718812.5,6879665.45,46
2004-04-30,20091193.94,10045745.86,10045448.08,529.89,1808.58,66966937.96,10009300.0,5970575.95,37
2004-05-03,20242284.48,10137049.52,10105234.96,1607.3,0.0,67025921.21,10099800.0,5970575.95,37
2004-05-04,20356036.62,10132803.29,10223233.33,556.66,0.0,67143641.68,10095275.0,5970575.95,37
2004-05-05,20457014.57,10191906.94,10265107.63,559.79,0.0,67185234.84,10154100.0,5970575.95,37
2004-05-06,20245001.84,10110731.55,10134270.28,551.2,0.0,67054120.91,10072650.0,5970575.95,37
2004-05-07,19990148.72,9952631.79,10037516.93,551.11,0.0,66957091.68,9914275.0,5970575.95,37
2004-05-10,19667733.55,9844902.65,9822830.9,1749.14,0.0,66741527.37,9805675.0,5970575.95,37
2004-05-11,19809806.19,9924382.76,9885423.43,584.57,0.0,66803827.94,9884862.5,5970575.95,37
2004-05-12,19838644.18,9983494.46,9855149.71,572.28,24.5,66764018.14,9943687.5,5970575.95,37
2004-05-13,19777359.67,9938527.33,9838832.34,562.09,0.0,66747421.54,9898437.5,5970575.95,37
2004-05-14,19726560.54,9947847.88,9778712.66,538.38,0.0,66687034.03,9907487.5,5970575.95,37
2004-05-17,19580080.54,9864939.5,9715141.05,1594.56,0.0,66622671.97,9823775.0,5970575.95,37
2004-05-18,19605383.64,9908214.72,9697168.92,571.09,0.0,66604416.48,9866762.5,5970575.95,37
2004-05-19,19800912.88,9876825.96,9924086.92,566.38,0.0,66831054.34,9835087.5,5970575.95,37
2004-05-20,19689422.52,9911043.3,9778379.22,561.03,27.0,66685212.46,9869025.0,5970575.95,37
2004-05-21,19789784.62,9929421.36,9860363.26,552.4,30.58,66765105.57,9887125.0,5970575.95,37
2004-05-24,19941569.95,9966457.09,9975112.87,1665.64,0.0,66879025.26,9923325.0,5970575.95,37
2004-05-25,20125792.76,10111550.55,10014242.22,587.17,0.0,66917860.9,10068125.0,5970575.95,37
2004-05-26,20180478.62,10143523.28,10036955.34,592.59,9.0,66941408.16,10099800.0,5970575.95,37
2004-05-27,20270248.96,10204909.45,10065339.51,594.2,45.0,66961291.8,10160887.5,5970575.95,37
2004-05-28,20276948.31,10182579.25,10094369.06,585.58,654.94,66990889.86,10138262.5,5970575.95,37
2004-05-31,20277361.75,10138927.44,10138434.31,1791.13,493.13,12962478.9,10138262.5,5982584.36,36
2004-06-01,20412532.37,10148275.97,10264256.39,597.06,24.5,13085576.97,10147312.5,5982584.36,36
2004-06-02,20371194.66,10187062.66,10184132.0,652.07,0.0,13005124.69,10185775.0,5982584.36,36
2004-06-03,20160238.84,10092363.08,10067875.76,650.75,0.0,12888543.12,10090750.0,5982584.36,36
2004-06-04,20315331.81,10167347.97,10147983.83,644.01,0.0,12968329.58,10165412.5,5982584.36,36
2004-06-07,20565931.21,10322197.76,10243733.45,1997.67,45.0,13062026.31,10319262.5,5982584.36,36
2004-06-08,20504762.73,10338387.94,10166374.79,702.67,0.0,12984317.66,10335100.0,5982584.36,36
2004-06-09,20314581.73,10243721.91,10070859.83,711.97,0.0,12888449.7,10240075.0,5982584.36,36
2004-06-10,20393192.0,10289327.59,10103864.41,705.37,1698.88,12918363.48,10285325.0,5982584.36,36
2004-06-11,20373561.15,10289690.58,10083870.57,719.43,0.0,12898013.2,10285325.0,5982584.36,36
2004-06-14,20171798.59,10191229.57,9980569.02,2156.2,133.3,12786520.23,10185775.0,5982584.36,36
2004-06-15,20288495.05,10268550.89,10019944.16,784.46,45.0,12815452.24,10262700.0,5982584.36,36
2004-06-16,20280966.25,10259877.41,10021088.85,743.91,0.0,12816229.53,10253650.0,5982584.36,36
2004-06-17,20337951.77,10245852.7,10092099.06,721.1,846.3,12888151.36,10240075.0,5982584.36,36
2004-06-18,20376818.98,10268833.46,10107985.52,706.18,203.54,12908219.59,10262700.0,5982584.36,36
2004-06-21,20343154.32,10226924.19,10116230.13,2139.57,0.0,12915402.86,10219712.5,5982584.36,36
2004-06-22,20347062.14,10279336.68,10067725.46,745.92,58.5,12873988.26,10271750.0,5982584.36,36
2004-06-23,20497527.28,10361157.88,10136369.41,734.76,0.0,12942268.65,10353200.0,5982584.36,36
2004-06-24,20592304.27,10336635.89,10255668.37,723.11,0.0,13061210.03,10328312.5,5982584.36,36
2004-06-25,20511432.76,10282697.68,10228735.09,720.73,0.0,13033917.8,10274012.5,5982584.36,36
2004-06-28,20387021.56,10252119.5,10134902.07,2187.89,9.0,12939782.71,10242337.5,5982584.36,36
2004-06-29,20361359.26,10288706.8,10072652.47,770.18,137.62,12877127.6,10278537.5,5982584.36,36
2004-06-30,20418017.7,10209202.34,10208815.35,769.21,1023.59,10507809.56,10207475.0,4502818.28,27
2004-07-01,20332421.38,10082036.34,10250385.04,742.99,133.0,10555600.76,10079937.5,4502818.28,27
2004-07-02,20315954.91,10077897.41,10238057.49,677.75,0.0,10542931.54,10075462.5,4502818.28,27
2004-07-05,20307276.23,10078963.99,10228312.24,2150.11,0.0,10532102.76,10075462.5,4502818.28,27
2004-07-06,20248253.86,9983107.05,10265146.81,716.4,0.0,10568576.49,9979250.0,4502818.28,27
2004-07-07,20280475.29,10010323.1,10270152.19,742.44,0.0,10573205.49,10006100.0,4502818.28,27
2004-07-08,20198554.55,9945791.52,10252763.02,721.08,0.0,10555451.16,9941212.5,4502818.28,27
2004-07-09,20256094.83,9964036.86,10292057.97,701.34,0.0,10594390.1,9959112.5,4502818.28,27
2004-07-12,20236790.02,9971787.28,10265002.74,2110.01,24.5,10564187.28,9965825.0,4502818.28,27
2004-07-13,20206285.13,9978865.42,10227419.72,742.02,0.0,10526227.88,9972537.5,4502818.28,27
2004-07-14,20193500.71,9952381.31,10241119.4,740.9,0.0,10539552.56,9945687.5,4502818.28,27
2004-07-15,20063521.17,9883383.73,10180137.44,740.43,45.0,10463140.09,9876325.0,4502818.28,27
2004-07-16,20101125.35,9877033.62,10224091.73,735.66,30.58,10507452.34,9869612.5,4502818.28,27
2004-07-19,20068092.73,9842320.09,10225772.64,2211.12,0.0,10508008.6,9833812.5,4502818.28,27
2004-07-20,20150329.79,9961271.21,10189058.57,741.4,27.0,10469743.75,9952400.0,4502818.28,27
2004-07-21,19961243.06,9769216.99,10192026.06,750.04,0.0,10472331.98,9759975.0,4502818.28,27
2004-07-22,19991119.98,9798665.41,10192454.57,737.46,0.0,10472383.94,9789062.5,4502818.28,27
2004-07-23,19866306.0,9725192.64,10141113.36,744.11,0.0,10420663.35,9715225.0,4502818.28,27
2004-07-26,19826240.21,9703911.72,10122328.49,2234.96,0.0,10400737.61,9692850.0,4502818.28,27
2004-07-27,19907451.17,9789322.18,10118128.99,787.54,0.0,10396136.02,9777875.0,4502818.28,27
2004-07-28,19974310.21,9816563.76,10157746.46,796.3,9.0,10436017.76,9804725.0,4502818.28,27
2004-07-29,20032587.9,9859466.19,10173121.71,793.42,135.66,10446792.23,9847237.5,4502818.28,27
2004-07-30,20059845.3,10030092.94,10029752.37,790.17,432.57,10462275.07,10019100.0,4750946.32,26
2004-08-02,20119576.06,10072229.83,10047346.23,2373.75,0.0,10478682.08,10060050.0,4750946.32,26
2004-08-03,20061644.16,9997568.91,10064075.25,827.14,0.0,10494998.04,9984975.0,4750946.32,26
2004-08-04,20044472.78,9995699.37,10048773.42,813.61,0.0,10479288.05,9982700.0,4750946.32,26
2004-08-05,19893986.7,9827754.75,10066231.95,812.91,0.0,10496339.05,9814350.0,4750946.32,26
2004-08-06,19704773.65,9691650.59,10013123.06,801.29,0.0,10442824.72,9677850.0,4750946.32,26
2004-08-09,19709086.51,9699614.36,10009472.15,2315.31,40.5,10449017.77,9684675.0,4750946.32,26
2004-08-10,19822383.79,9809215.81,10013167.98,815.74,0.0,10452299.31,9793875.0,4750946.32,26
2004-08-11,19758179.86,9805069.08,9953110.78,814.92,0.0,10391830.46,9789325.0,4750946.32,26
2004-08-12,19674120.51,9696255.84,9977864.67,779.35,21.0,10416062.76,9680125.0,4750946.32,26
2004-08-13,19772354.91,9719385.61,10052969.3,770.57,45.0,10445821.59,9702875.0,4750946.32,26
2004-08-16,19864664.92,9822902.63,10041762.28,2323.25,0.0,10433433.34,9805250.0,4750946.32,26
2004-08-17,19924179.76,9873353.74,10050826.03,811.14,0.0,10442087.05,9855300.0,4750946.32,26
2004-08-18,20040366.21,9978404.16,10061962.06,808.04,58.5,10456903.96,9959950.0,4750946.32,26
2004-08-19,20080128.42,9949233.84,10130894.59,812.75,0.0,10525428.43,9930375.0,4750946.32,26
2004-08-20,20133253.48,10017884.57,10115368.91,808.78,53.08,10505012.13,9998625.0,4750946.32,26
2004-08-23,20078309.72,9996353.41,10081956.31,2449.55,0.0,10470368.82,9975875.0,4750946.32,26
2004-08-24,20040853.32,10008150.48,10032702.84,847.75,0.0,10420689.67,9987250.0,4750946.32,26
2004-08-25,20080274.57,10065448.05,10014826.52,846.17,0.0,10402389.75,10044125.0,4750946.32,26
2004-08-26,20091298.41,10072698.03,10018600.38,847.83,31.5,10387572.25,10050950.0,4750946.32,26
2004-08-27,20146896.64,10107248.32,10039648.32,848.3,9.0,10411106.19,10085075.0,4750946.32,26
2004-08-30,20069159.19,10024362.0,10044797.19,2568.73,84.4,10414903.41,10000900.0,4750946.32,26
2004-08-31,20109817.53,10055067.33,10054750.21,886.39,831.12,34565048.77,20042212.5,5264703.39,34
2004-09-01,20199046.57,10091655.84,10107390.73,877.01,0.0,34617250.79,20078362.5,5264703.39,34
2004-09-02,20257675.31,10169177.84,10088497.47,869.68,0.0,34597922.35,20155450.0,5264703.39,34
2004-09-03,20047701.23,10060152.58,9987548.65,883.46,0.0,34496533.56,20045981.25,5264703.39,34
2004-09-06,20042824.48,10061510.7,9981313.77,2706.44,0.0,34488950.37,20045981.25,5264703.39,34
2004-09-07,20103093.8,10158910.34,9944183.46,901.93,0.0,34451370.89,20142928.12,5264703.39,34
2004-09-08,20165299.37,10190101.26,9975198.1,915.81,368.52,34436139.18,20173656.25,5264703.39,34
2004-09-09,20187893.8,10163887.94,10024005.85,907.44,1700.66,34485076.47,20146984.38,5264703.39,34
2004-09-10,20279497.95,10231964.37,10047533.58,902.85,21.0,34504876.9,20214606.25,5264703.39,34
2004-09-13,20397311.25,10292382.34,10104928.92,2754.63,73.1,34556561.8,20273634.38,5264703.39,34
2004-09-14,20478185.77,10322682.46,10155503.31,929.21,47.3,34605513.16,20303465.62,5264703.39,34
2004-09-15,20337172.22,10212552.98,10124619.24,927.21,222.0,34575815.21,20192868.75,5264703.39,34
2004-09-16,20476347.37,10310292.96,10166054.4,926.47,847.62,34618565.98,20295512.5,5264703.39,34
2004-09-17,20530823.88,10318337.66,10212486.23,932.81,71.86,34669626.62,20303087.5,5264703.39,34
2004-09-20,20543115.05,10305638.47,10237476.58,2874.32,0.0,34693187.22,20288943.75,5264703.39,34
2004-09-21,20686604.36,10358578.25,10328026.11,970.09,22.5,34782475.82,20341396.88,5264703.39,34
2004-09-22,20635277.26,10255811.41,10379465.86,971.12,0.0,34833430.72,20238143.75,5264703.39,34
2004-09-23,20566527.96,10171980.63,10394547.32,962.98,0.0,34848027.81,20153834.38,5264703.39,34
2004-09-24,20574559.08,10208351.9,10366207.18,965.48,0.0,34819199.7,20189728.12,5264703.39,34
2004-09-27,20584508.64,10173782.46,10410726.17,2914.73,0.0,34862250.15,20153712.5,5264703.39,34
2004-09-28,20623531.03,10209656.04,10413874.99,983.48,45.08,34865241.5,20189100.0,5264703.39,34
2004-09-29,20611077.03,10207341.58,10403735.45,968.16,84.4,34855165.49,20186306.25,5264703.39,34
2004-09-30,20651936.82,10326517.21,10325419.6,967.58,1357.11,29931446.54,20562625.0,5458017.1,32
2004-10-01,20785637.92,10453155.37,10332482.55,963.76,0.0,29938027.63,20688781.25,5458017.1,32
2004-10-04,20784334.99,10485375.72,10298959.26,2892.67,45.0,29912711.41,20719546.88,5458017.1,32
2004-10-05,20878840.76,10500805.45,10378035.31,975.71,0.0,29991303.98,20734484.38,5458017.1,32
2004-10-06,20905190.87,10523561.12,10381629.76,974.35,0.0,29994414.12,20756750.0,5458017.1,32
2004-10-07,20783228.83,10405770.97,10377457.87,975.58,0.0,29989757.75,20638468.75,5458017.1,32
2004-10-08,20855139.0,10390894.3,10464244.7,964.11,0.0,30076063.19,20623109.38,5458017.1,32
2004-10-11,20913745.88,10429340.37,10484405.51,2902.34,0.0,30094767.72,20660109.38,5458017.1,32
2004-10-12,20846549.52,10420199.18,10426350.35,970.17,17.5,30024243.7,20650484.38,5458017.1,32
2004-10-13,20740191.57,10350047.72,10390143.85,978.63,0.0,29987547.75,20579843.75,5458017.1,32
2004-10-14,20751457.78,10304783.6,10446674.19,973.64,0.0,30043590.32,20534093.75,5458017.1,32
2004-10-15,20801907.92,10325398.08,10476509.84,985.69,82.86,30042814.91,20554218.75,5458017.1,32
2004-10-18,20805046.31,10372237.42,10432808.89,2981.61,0.0,29997612.32,20599578.12,5458017.1,32
2004-10-19,20766490.7,10289140.9,10477349.8,1028.69,0.0,30041637.39,20515968.75,5458017.1,32
2004-10-20,20838371.38,10304746.25,10533625.13,1032.56,18.0,30094809.77,20531062.5,5458017.1,32
2004-10-21,20926966.46,10356493.0,10570473.46,1036.13,0.0,30131134.34,20582296.88,5458017.1,32
2004-10-22,20850182.56,10262544.95,10587637.61,1052.16,0.0,30147767.03,20487828.12,5458017.1,32
2004-10-25,20855162.97,10271374.13,10583788.84,3144.9,0.0,30142321.29,20495109.38,5458017.1,32
2004-10-26,21005992.76,10413688.92,10592303.83,1083.31,0.0,30150286.51,20636890.62,5458017.1,32
2004-10-27,20998146.72,10472810.87,10525335.84,1096.98,9.0,30101994.37,20695468.75,5458017.1,32
2004-10-28,21037397.72,10507326.54,10530071.19,1096.57,171.66,30095456.29,20729437.5,5458017.1,32
2004-10-29,21115392.2,10557852.61,10557539.58,1092.78,353.03,42963418.68,20959075.0,5835299.2,39
2004-11-01,21045796.79,10523897.88,10521898.91,3290.48,0.0,42926132.79,20923475.0,5835299.2,39
2004-11-02,21038421.57,10532208.35,10506213.22,1145.83,0.0,42909874.25,20931212.5,5835299.2,39
2004-11-03,21288101.72,10673375.92,10614725.8,1133.74,0.0,43017820.66,21071812.5,5835299.2,39
2004-11-04,21466942.22,10815220.16,10651722.06,1135.37,0.0,43054250.79,21213087.5,5835299.2,39
2004-11-05,21435269.24,10805602.98,10629666.26,1156.83,0.0,43031620.99,21202887.5,5835299.2,39
2004-11-08,21391782.03,10781394.91,10610387.12,3554.68,0.0,43010579.1,21176887.5,5835299.2,39
2004-11-09,21370572.02,10762518.36,10608053.66,1212.2,0.0,43007644.38,21157400.0,5835299.2,39
2004-11-10,21383555.26,10743340.73,10640214.53,1211.0,0.0,43039204.12,21137612.5,5835299.2,39
2004-11-11,21506896.22,10827649.52,10679246.7,1211.73,17.5,43075400.85,21221312.5,5835299.2,39
2004-11-12,21736320.64,10946463.09,10789857.55,1218.72,0.0,43185406.54,21339512.5,5835299.2,39
2004-11-15,21796604.97,10984298.99,10812305.98,3695.17,0.0,43206020.7,21375487.5,5835299.2,39
2004-11-16,21663541.45,10892949.19,10770592.26,1265.41,0.0,43163679.27,21283500.0,5835299.2,39
2004-11-17,21903049.05,11000922.11,10902126.94,1263.71,0.0,43294585.66,21390837.5,5835299.2,39
2004-11-18,21848049.02,11017160.78,10830888.25,1271.59,36.0,43204050.04,21406437.5,5835299.2,39
2004-11-19,21728267.32,10844600.38,10883666.94,1268.4,51.36,43256474.38,21233237.5,5835299.2,39
2004-11-22,21780841.27,10911473.19,10869368.08,3802.45,40.5,43251786.38,21298212.5,5835299.2,39
2004-11-23,21854847.2,10915127.88,10939719.32,1306.85,0.0,43321485.46,21301212.5,5835299.2,39
2004-11-24,21965295.34,10934167.25,11031128.08,1305.22,4.5,43420525.38,21319600.0,5835299.2,39
2004-11-25,22017892.72,10934817.23,11083075.5,1305.71,0.0,43471817.05,21319600.0,5835299.2,39
2004-11-26,21990787.31,10905154.74,11085632.57,1308.84,61.2,43464333.44,21289287.5,5835299.2,39
2004-11-29,21900455.19,10807903.67,11092551.52,3958.34,598.56,43493423.17,21190487.5,5835299.2,39
2004-11-30,21850901.57,10925482.76,10925418.81,1338.36,812.25,43796813.96,10918200.0,5997781.28,40
2004-12-01,22028034.68,11072622.39,10955412.28,1329.26,0.0,43826142.81,11064675.0,5997781.28,40
2004-12-02,21914644.03,11080267.9,10834376.13,1333.92,0.0,43704443.24,11071650.0,5997781.28,40
2004-12-03,21976110.63,11069313.88,10906796.76,1327.05,0.0,43776207.79,11060025.0,5997781.28,40
2004-12-06,21963227.8,11071315.58,10891912.23,3974.01,45.0,43760495.95,11060025.0,5997781.28,40
2004-12-07,21797262.41,10965048.31,10832214.1,1354.4,0.0,43700126.15,10953075.0,5997781.28,40
2004-12-08,21766952.93,11023846.44,10743106.49,1338.11,443.22,43586221.9,11011200.0,5997781.28,40
2004-12-09,21744014.55,11066370.12,10677644.43,1330.2,75.0,43515993.32,11053050.0,5997781.28,40
2004-12-10,21683059.25,11078671.4,10604387.85,1328.8,91.0,43447061.31,11064675.0,5997781.28,40
2004-12-13,21858239.65,11178361.72,10679877.93,3993.3,249.4,43502159.07,11162325.0,5997781.28,40
2004-12-14,21898559.39,11213922.95,10684636.44,1341.85,96.8,43496018.76,11197200.0,5997781.28,40
2004-12-15,22111584.15,11221577.01,10890007.14,1326.08,174.9,43700917.34,11204175.0,5997781.28,40
2004-12-16,22018475.04,11214441.42,10804033.62,1332.84,865.62,43616064.23,11220450.0,5997781.28,40
2004-12-17,21998767.46,11138389.29,10860378.17,1321.11,219.78,43676751.4,11143725.0,5997781.28,40
2004-12-20,22038578.64,11145044.2,10893534.44,3959.78,22.5,43709425.3,11148375.0,5997781.28,40
2004-12-21,22095072.19,11231747.19,10863325.0,1340.68,0.0,43678553.17,11234400.0,5997781.28,40
2004-12-22,22065298.94,11260324.21,10804974.72,1331.84,0.0,43619548.08,11262300.0,5997781.28,40
2004-12-23,22139629.4,11267971.71,10871657.69,1317.79,0.0,43685585.75,11269275.0,5997781.28,40
2004-12-24,22145487.52,11268644.65,10876842.86,1322.23,0.0,43690121.64,11269275.0,5997781.28,40
2004-12-27,22144204.44,11240438.62,10903765.82,3967.73,0.0,43715095.83,11239050.0,5997781.28,40
2004-12-28,22177146.4,11306238.03,10870908.37,1377.86,9.0,43682868.93,11304150.0,5997781.28,40
2004-12-29,22115130.33,11320885.24,10794245.09,1367.59,49.0,43606000.92,11318100.0,5997781.28,40
2004-12-30,22143808.42,11300648.93,10843159.49,1345.34,150.78,43654084.45,11297175.0,5997781.28,40
2004-12-31,22146215.74,11073636.88,11072578.86,1340.93,1534.52,38748510.0,22015000.0,6240087.16,39
2005-01-03,22040905.4,11001273.59,11039631.81,4023.23,0.0,38713551.44,21940625.0,6240087.16,39
2005-01-04,21718548.0,10817260.89,10901287.11,1402.05,119.0,38582103.49,21755912.5,6240087.16,39
2005-01-05,21607639.2,10747427.0,10860212.2,1387.57,0.0,38540332.11,21685387.5,6240087.16,39
2005-01-06,21676663.56,10801266.9,10875396.66,1374.49,0.0,38554825.74,21738543.75,6240087.16,39
2005-01-07,21632641.54,10773029.23,10859612.3,1366.83,0.0,38538355.63,21709625.0,6240087.16,39
2005-01-10,21729718.31,10826657.36,10903060.95,4110.2,0.0,38579740.95,21761206.25,6240087.16,39
2005-01-11,21733387.96,10775208.08,10958179.87,1406.4,0.0,38634154.2,21709056.25,6240087.16,39
2005-01-12,21838048.9,10813874.49,11024174.41,1394.56,21.0,38698866.59,21747031.25,6240087.16,39
2005-01-13,21852973.9,10763334.13,11089639.77,1395.21,0.0,38763627.62,21695800.0,6240087.16,39
2005-01-14,21866513.8,10799506.03,11067007.77,1402.23,0.0,38740284.04,21731281.25,6240087.16,39
2005-01-17,21902663.29,10801593.93,11101069.36,4227.53,0.0,38772206.01,21731281.25,6240087.16,39
2005-01-18,22001454.72,10919146.28,11082308.44,1411.5,0.0,38752729.68,21848137.5,6240087.16,39
2005-01-19,21868013.74,10809918.34,11058095.4,1442.32,0.0,38727790.13,21738193.75,6240087.16,39
2005-01-20,21737524.65,10762230.49,10975294.16,1415.35,22.5,38645845.7,21689806.25,6240087.16,39
2005-01-21,21789272.38,10711558.56,11077713.82,1394.82,33.36,38748428.3,21638443.75,6240087.16,39
2005-01-24,21805929.87,10699270.54,11106659.34,4194.43,0.0,38775241.36,21624093.75,6240087.16,39
2005-01-25,21765827.74,10692003.49,11073824.25,1417.39,0.0,38741684.33,21616131.25,6240087.16,39
2005-01-26,21862471.65,10716898.16,11145573.49,1426.87,0.0,38812707.63,21640325.0,6240087.16,39
2005-01-27,21838501.06,10720534.94,11117966.12,1439.28,0.0,38784366.5,21643256.25,6240087.16,39
2005-01-28,21861709.37,10768718.39,11092990.98,1455.9,150.28,38760271.09,21690725.0,6240087.16,39
2005-01-31,21967365.25,10983789.27,10983575.97,4390.56,404.5,44866512.51,21820953.12,5933159.73,38
2005-02-01,22044600.83,11055436.56,10989164.27,1513.31,0.0,44871344.16,21891843.75,5933159.73,38
2005-02-02,22065056.44,11090163.84,10974892.6,1512.5,0.0,44856318.52,21925812.5,5933159.73,38
2005-02-03,21959289.2,11035018.49,10924270.71,1513.91,0.0,44804943.62,21869906.25,5933159.73,38
2005-02-04,22210947.56,11212016.42,10998931.14,1488.35,0.0,44878863.63,22046156.25,5933159.73,38
2005-02-07,22206363.3,11213333.73,10993029.57,4497.72,49.5,44858684.28,22045203.12,5933159.73,38
2005-02-08,22232483.64,11234043.71,10998439.93,1529.77,0.0,44863337.34,22065140.62,5933159.73,38
2005-02-09,22220320.29,11202301.98,11018018.3,1531.57,0.0,44882158.04,22032625.0,5933159.73,38
2005-02-10,22260728.07,11182398.71,11078329.36,1524.56,17.5,44940855.64,22011953.12,5933159.73,38
2005-02-11,22350502.14,11257556.57,11092945.57,1527.33,0.0,44954711.75,22086343.75,5933159.73,38
2005-02-14,22394831.1,11265089.39,11129741.71,4656.35,58.5,45014345.36,22091531.25,5933159.73,38
2005-02-15,22443308.88,11292356.09,11150952.79,1586.3,0.0,45034768.09,22118000.0,5933159.73,38
2005-02-16,22372736.2,11246890.34,11125845.86,1589.73,0.0,45008871.3,22071734.38,5933159.73,38
2005-02-17,22289601.25,11149196.37,11140404.88,1572.31,0.0,45022648.42,21973250.0,5933159.73,38
2005-02-18,22216128.31,11111526.79,11104601.53,1566.46,60.36,44992538.32,21934796.88,5933159.73,38
2005-02-21,22207017.38,11113897.25,11093120.14,4739.44,0.0,44978687.95,21934796.88,5933159.73,38
2005-02-22,22112800.04,10940687.57,11172112.47,1579.17,18.0,45059549.44,21760796.88,5933159.73,38
2005-02-23,22167898.13,11021549.34,11146348.79,1615.46,0.0,45032969.57,21840859.38,5933159.73,38
2005-02-24,22200309.67,11085745.16,11114564.51,1619.49,64.6,44989648.66,21904250.0,5933159.73,38
2005-02-25,22357498.65,11199714.36,11157784.29,1628.02,186.52,45027349.63,22017406.25,5933159.73,38
2005-02-28,22266459.22,11133340.47,11133118.75,5011.81,1328.22,32765866.5,11076800.0,6232534.83,42
2005-03-01,22293654.0,11189381.65,11104272.34,1682.35,105.0,32745883.92,11132000.0,6232534.83,42
2005-03-02,22289921.08,11185620.86,11104300.22,1672.02,0.0,32745078.98,11127400.0,6232534.83,42
2005-03-03,22325912.97,11191053.57,11134859.41,1659.36,0.0,32774811.52,11132000.0,6232534.83,42
2005-03-04,22577943.65,11322992.89,11254950.75,1674.44,0.0,32894067.75,11263100.0,6232534.83,42
2005-03-07,22608048.78,11334740.57,11273308.21,5080.04,0.0,32909892.84,11272300.0,6232534.83,42
2005-03-08,22662923.72,11291893.82,11371029.89,1701.88,194.22,32964585.24,11228600.0,6232534.83,42
2005-03-09,22521236.56,11168540.71,11352695.85,1699.72,0.0,32945398.37,11104400.0,6232534.83,42
2005-03-10,22520348.5,11192378.35,11327970.15,1689.09,2181.34,32917581.42,11127400.0,6232534.83,42
2005-03-11,22496514.12,11115014.67,11381499.45,1682.77,0.0,32970264.27,11049200.0,6232534.83,42
2005-03-14,22488346.43,11179615.55,11308730.87,5061.72,334.2,32880753.83,11111300.0,6232534.83,42
2005-03-15,22446205.94,11095369.55,11350836.39,1717.86,96.12,32921984.94,11026200.0,6232534.83,42
2005-03-16,22393258.16,10997317.11,11395941.04,1714.64,0.0,32966222.51,10927300.0,6232534.83,42
2005-03-17,22385515.18,11015726.13,11369789.05,1704.38,856.62,32941615.71,10984800.0,6232534.83,42
2005-03-18,22325028.97,10986661.49,11338367.48,1697.57,234.72,32909036.73,10954900.0,6232534.83,42
2005-03-21,22139573.6,10947779.27,11191794.33,5116.15,18.0,32761963.2,10913500.0,6232534.83,42
2005-03-22,21999730.94,10838230.76,11161500.18,1721.97,0.0,32730798.58,10803100.0,6232534.83,42
2005-03-23,21763874.05,10841382.77,10922491.28,1729.42,0.0,32490912.26,10805400.0,6232534.83,42
2005-03-24,21800371.01,10851416.95,10948954.06,1674.61,0.0,32516534.61,10814600.0,6232534.83,42
2005-03-25,21805958.47,10852254.92,10953703.55,1683.47,0.0,32520438.6,10814600.0,6232534.83,42
2005-03-28,21811064.27,10873169.03,10937895.24,5051.71,0.0,32502092.68,10833000.0,6232534.83,42
2005-03-29,21748605.63,10805011.7,10943593.93,1690.36,9.0,32509412.69,10764000.0,6232534.83,42
2005-03-30,21936306.79,10948446.08,10987860.71,1679.48,152.24,32551655.68,10906600.0,6232534.83,42
2005-03-31,22054663.92,11027483.02,11027180.9,1687.88,530.02,32087913.99,11011200.0,6271546.81,41
2005-04-01,21993099.91,10970194.27,11022905.64,1672.48,0.0,32082802.5,10953075.0,6271546.81,41
2005-04-04,21984968.73,10991299.13,10993669.59,5021.76,54.0,32030463.56,10971675.0,6271546.81,41
2005-04-05,22029333.88,11043288.75,10986045.13,1679.41,0.0,32021999.3,11022825.0,6271546.81,41
2005-04-06,22087871.77,11081329.26,11006542.51,1676.68,0.0,32041660.51,11060025.0,6271546.81,41
2005-04-07,22138543.35,11137963.44,11000579.91,1662.73,0.0,32034869.37,11115825.0,6271546.81,41
2005-04-08,22033622.82,11029526.88,11004095.94,1666.54,0.0,32037557.3,11006550.0,6271546.81,41
2005-04-11,22037094.82,11034361.1,11002733.72,5012.65,0.0,32033691.65,11008875.0,6271546.81,41
2005-04-12,22085782.68,11093316.74,10992465.94,1658.9,14.0,32021509.6,11067000.0,6271546.81,41
2005-04-13,21944043.44,10963951.82,10980091.61,1662.57,0.0,32008307.79,10936800.0,6271546.81,41
2005-04-14,21716273.98,10820630.21,10895643.77,1657.99,0.0,31923030.34,10792650.0,6271546.81,41
2005-04-15,21515544.39,10663347.77,10852196.62,1640.79,33.36,31874832.62,10634550.0,6271546.81,41
2005-04-18,21500206.23,10695998.68,10804207.55,4894.79,0.0,31824374.68,10664775.0,6271546.81,41
2005-04-19,21762448.86,10780545.45,10981903.41,1702.1,67.5,32008032.71,10748475.0,6271546.81,41
2005-04-20,21656223.98,10632598.91,11023625.07,1722.86,18.0,32054022.97,10599675.0,6271546.81,41
2005-04-21,21826200.01,10835703.84,10990496.17,1690.39,18.0,32024551.62,10801950.0,6271546.81,41
2005-04-22,21871747.1,10797027.64,11074719.46,1709.72,0.0,32107913.98,10762425.0,6271546.81,41
2005-04-25,21961145.25,10862384.93,11098760.32,5230.99,40.5,32120211.64,10825200.0,6271546.81,41
2005-04-26,21858404.52,10767928.92,11090475.6,1756.89,0.0,32111039.02,10729875.0,6271546.81,41
2005-04-27,21828177.03,10801334.37,11026842.66,1736.53,9.0,32047754.0,10762425.0,6271546.81,41
2005-04-28,21674844.13,10669658.47,11005185.66,1715.94,209.88,31997689.6,10629900.0,6271546.81,41
2005-04-29,21798364.54,10899851.03,10898513.51,1697.86,2117.92,79913611.2,21697821.88,6299874.63,43
2005-05-02,21861761.98,10957008.79,10904753.19,5158.95,0.0,79917271.57,21752400.0,6299874.63,43
2005-05-03,21858009.17,10969260.35,10888748.83,1748.94,73.5,79907608.33,21763775.0,6299874.63,43
2005-05-04,22044966.62,11076781.87,10968184.74,1730.43,0.0,79986182.22,21870428.12,6299874.63,43
2005-05-05,22096341.92,11099546.47,10996795.45,1720.73,0.0,80013936.79,21892328.12,6299874.63,43
2005-05-06,21933625.54,10986331.86,10947293.68,1687.92,0.0,79963594.99,21778265.62,6299874.63,43
2005-05-09,21989492.95,11045601.58,10943891.37,5117.85,0.0,79957638.31,21834971.88,6299874.63,43
2005-05-10,21958829.99,10977632.22,10981197.77,1746.94,0.0,79994075.28,21766125.0,6299874.63,43
2005-05-11,22025636.21,11049373.23,10976262.98,1732.31,0.0,79988274.2,21837000.0,6299874.63,43
2005-05-12,21825204.01,10940841.95,10884362.06,1719.22,14.0,79897030.52,21727606.25,6299874.63,43
2005-05-13,21779922.03,10948511.48,10831410.55,1709.64,0.0,79843226.4,21734418.75,6299874.63,43
2005-05-16,21848788.81,11048895.26,10799893.55,5009.38,0.0,79809218.18,21832284.38,6299874.63,43
2005-05-17,21960362.22,11136410.65,10823951.57,1723.63,0.0,79832424.2,21918928.12,6299874.63,43
2005-05-18,22199233.97,11280242.38,10918991.59,1720.23,0.0,79926616.35,22061887.5,6299874.63,43
2005-05-19,22190362.27,11293107.23,10897255.04,1726.61,0.0,79904030.54,22073875.0,6299874.63,43
2005-05-20,22124848.64,11277010.59,10847838.05,1732.08,51.36,79854354.18,22056896.88,6299874.63,43
2005-05-23,22319147.59,11383054.46,10936093.12,5217.78,0.0,79940050.97,22160281.25,6299874.63,43
2005-05-24,22411556.29,11405943.34,11005612.95,1804.13,0.0,80008686.8,22182250.0,6299874.63,43
2005-05-25,22415559.23,11367824.57,11047734.66,1792.92,0.0,80049928.06,22143218.75,6299874.63,43
2005-05-26,22468902.86,11403765.28,11065137.58,1799.47,49.5,80065256.09,22178246.88,6299874.63,43
2005-05-27,22560778.36,11433405.7,11127372.65,1797.51,106.5,80129060.69,22206975.0,6299874.63,43
2005-05-30,22591793.28,11436168.78,11155624.5,5452.19,162.64,80156739.52,22206975.0,6299874.63,43
2005-05-31,22561919.27,11281165.37,11280753.9,1819.89,1080.07,79176567.36,22480059.38,6073448.13,38
2005-06-01,22876120.98,11432102.28,11444018.7,1836.29,0.0,79338914.02,22630078.12,6073448.13,38
2005-06-02,22932773.8,11480107.63,11452666.17,1849.15,0.0,79346636.44,22677159.38,6073448.13,38
2005-06-03,22843533.88,11353826.23,11489707.65,1853.73,0.0,79382752.16,22549950.0,6073448.13,38
2005-06-06,22893408.11,11370445.42,11522962.7,5596.67,0.0,79413192.23,22563787.5,6073448.13,38
2005-06-07,22994195.98,11417955.32,11576240.66,1882.35,0.0,79465522.75,22610362.5,6073448.13,38
2005-06-08,22905262.69,11368887.88,11536374.81,1890.63,478.08,79417088.04,22560356.25,6073448.13,38
2005-06-09,22933500.88,11401603.9,11531896.97,1883.32,75.0,79413491.65,22592137.5,6073448.13,38
2005-06-10,22792934.33,11324850.62,11468083.71,1866.53,17.5,79349007.32,22514456.25,6073448.13,38
2005-06-13,22820929.85,11334403.33,11486526.52,5584.27,633.9,79352933.41,22521234.38,6073448.13,38
2005-06-14,22812892.64,11329572.8,11483319.85,1882.73,0.0,79348779.1,22515468.75,6073448.13,38
2005-06-15,22800281.78,11341582.44,11458699.34,1869.39,187.62,79323800.78,22526550.0,6073448.13,38
2005-06-16,22913140.87,11411942.54,11501198.33,1862.02,882.3,79366278.71,22646446.88,6073448.13,38
2005-06-17,23047502.84,11445377.51,11602125.33,1852.15,254.64,79472307.33,22678959.38,6073448.13,38
2005-06-20,23097443.15,11424875.05,11672568.1,5608.23,0.0,79539926.91,22655671.88,6073448.13,38
2005-06-21,23179309.65,11475483.18,11703826.47,1899.12,18.0,79572283.54,22705340.62,6073448.13,38
2005-06-22,23353177.8,11559957.97,11793219.83,1905.85,22.5,79667205.83,22788871.88,6073448.13,38
2005-06-23,23189915.44,11386339.79,11803575.65,1926.64,0.0,79676588.72,22614300.0,6073448.13,38
2005-06-24,23167450.94,11341810.53,11825640.41,1932.49,0.0,79697669.84,22568821.88,6073448.13,38
2005-06-27,23098320.37,11360218.01,11738102.36,5830.48,0.0,79607155.68,22584375.0,6073448.13,38
2005-06-28,23076577.37,11410918.09,11665659.27,1982.61,0.0,79533705.07,22634100.0,6073448.13,38
2005-06-29,23016614.3,11359441.24,11657173.06,1974.33,168.82,79526955.02,22581646.88,6073448.13,38
2005-06-30,22970457.5,11485898.34,11484559.16,1956.41,2125.18,84049799.28,22937143.75,6504484.34,42
2005-07-01,22966771.56,11457480.89,11509290.67,1952.49,66.5,84080081.1,22907750.0,6504484.34,42
2005-07-04,22939727.0,11460440.74,11479286.25,5933.08,0.0,84047103.45,22907750.0,6504484.34,42
2005-07-05,23017122.05,11487858.86,11529263.19,1975.37,0.0,84096091.89,22934181.25,6504484.34,42
2005-07-06,22972056.71,11413314.05,11558742.66,2014.0,0.0,84124562.54,22858631.25,6504484.34,42
2005-07-07,23015474.65,11477196.95,11538277.69,1990.91,0.0,84103095.82,22921525.0,6504484.34,42
2005-07-08,23078747.61,11554944.52,11523803.09,1969.1,0.0,84087634.06,22998290.62,6504484.34,42
2005-07-11,23154652.81,11629863.92,11524788.89,5962.01,0.0,84085642.88,23070225.0,6504484.34,42
2005-07-12,23161908.6,11624825.07,11537083.53,2013.17,14.0,84100949.5,23064175.0,6504484.34,42
2005-07-13,23210872.25,11638792.14,11572080.11,2020.23,0.0,84134939.79,23077128.12,6504484.34,42
2005-07-14,23233342.55,11661607.41,11571735.14,2030.95,0.0,84133582.26,23098925.0,6504484.34,42
2005-07-15,23253683.64,11665721.66,11587961.97,2039.37,33.36,84150077.46,23102015.62,6504484.34,42
2005-07-18,23171824.87,11604275.58,11567549.29,6162.23,0.0,84126593.97,23037478.12,6504484.34,42
2005-07-19,23186878.26,11693788.62,11493089.64,2079.03,0.0,84051096.45,23125950.0,6504484.34,42
2005-07-20,23232765.06,11740244.18,11492520.88,2086.82,18.0,84054431.31,23171353.12,6504484.34,42
2005-07-21,23064947.87,11598413.17,11466534.71,2084.5,0.0,84027414.01,23028468.75,6504484.34,42
2005-07-22,23257796.6,11699807.32,11557989.28,2095.07,0.0,84117827.04,23128809.38,6504484.34,42
2005-07-25,23248713.18,11660021.64,11588691.54,6395.89,0.0,84145350.85,23085806.25,6504484.34,42
2005-07-26,23264787.84,11673869.4,11590918.45,2176.34,0.0,84146492.92,23098562.5,6504484.34,42
2005-07-27,23305716.81,11704777.71,11600939.11,2171.38,9.0,84156100.77,23128381.25,6504484.34,42
2005-07-28,23512226.6,11824382.27,11687844.33,2155.78,173.04,84233331.02,23246903.12,6504484.34,42
2005-07-29,23355100.38,11677543.77,11677556.62,2174.88,863.25,86114890.51,11625450.0,6766935.89,42
2005-08-01,23376488.19,11687844.02,11688644.18,6500.5,0.0,86122727.82,11632500.0,6766935.89,42
2005-08-02,23489068.53,11759451.11,11729617.41,2214.27,0.0,86162593.88,11703000.0,6766935.89,42
2005-08-03,23463414.81,11786415.0,11676999.82,2224.94,0.0,86108865.23,11728850.0,6766935.89,42
2005-08-04,23333456.78,11695871.61,11637585.17,2202.95,0.0,86068354.24,11637200.0,6766935.89,42
2005-08-05,23144760.34,11619422.97,11525337.37,2197.23,0.0,85955010.57,11559650.0,6766935.89,42
2005-08-08,23140412.01,11599253.87,11541158.14,6634.83,0.0,85967527.41,11536150.0,6766935.89,42
2005-08-09,23189705.7,11666171.91,11523533.79,2230.48,0.0,85948790.62,11601950.0,6766935.89,42
2005-08-10,23291937.27,11662586.68,11629350.59,2215.91,0.0,86053506.28,11597250.0,6766935.89,42
2005-08-11,23428212.44,11708347.86,11719864.57,2219.2,14.0,86145526.25,11641900.0,6766935.89,42
2005-08-12,23389228.57,11638963.41,11750265.16,2232.19,0.0,86174810.19,11571400.0,6766935.89,42
2005-08-15,23378133.27,11703399.91,11674733.36,6704.91,0.0,86095909.98,11632500.0,6766935.89,42
2005-08-16,23252943.52,11554127.99,11698815.53,2253.39,0.0,86118866.84,11482100.0,6766935.89,42
2005-08-17,23182260.08,11555238.47,11627021.61,2234.87,0.0,86045948.53,11482100.0,6766935.89,42
2005-08-18,23157483.95,11551642.64,11605841.31,2215.19,0.0,86023657.2,11477400.0,6766935.89,42
2005-08-19,23235860.88,11578590.04,11657270.83,2199.96,30.58,86074906.49,11503250.0,6766935.89,42
2005-08-22,23326690.15,11584259.24,11742430.91,6660.95,18.0,86158502.81,11505600.0,6766935.89,42
2005-08-23,23273040.02,11561872.61,11711167.4,2241.95,0.0,86126110.73,11482100.0,6766935.89,42
2005-08-24,23147824.53,11454883.84,11692940.69,2236.8,0.0,86106758.44,11374000.0,6766935.89,42
2005-08-25,23162968.01,11488881.6,11674086.41,2218.33,58.5,86074817.09,11406900.0,6766935.89,42
2005-08-26,23045602.88,11419485.81,11626117.07,2226.22,0.0,86025725.74,11336400.0,6766935.89,42
2005-08-29,23187167.83,11502687.94,11684479.89,6664.02,80.4,86070824.75,11416300.0,6766935.89,42
2005-08-30,23232446.2,11447396.67,11785049.53,2234.99,217.3,86167299.54,11359900.0,6766935.89,42
2005-08-31,23401989.07,11700978.83,11701010.24,2232.9,1154.79,85684738.03,23321450.0,6513403.7,40
2005-09-01,23596185.01,11725609.42,11870575.59,2236.19,87.5,85861272.78,23344962.5,6513403.7,40
2005-09-02,23539289.95,11699491.84,11839798.11,2228.53,0.0,85829374.2,23317737.5,6513403.7,40
2005-09-05,23553829.49,11702787.2,11851042.29,6630.23,0.0,85837283.5,23317737.5,6513403.7,40
2005-09-06,23680851.24,11806610.96,11874240.28,2211.44,0.0,85859368.81,23420462.5,6513403.7,40
2005-09-07,23579122.77,11783929.93,11795192.84,2269.41,0.0,85779183.42,23396650.0,6513403.7,40
2005-09-08,23535369.03,11751621.13,11783747.9,2233.47,2790.02,85721018.12,23363225.0,6513403.7,40
2005-09-09,23687677.48,11854731.0,11832946.48,2222.78,0.0,85769103.79,23465225.0,6513403.7,40
2005-09-12,23584252.09,11804012.22,11780239.87,6731.25,10.5,85713645.15,23411137.5,6513403.7,40
2005-09-13,23485057.6,11762002.66,11723054.94,2253.61,0.0,85655334.56,23368000.0,6513403.7,40
2005-09-14,23469335.87,11700538.52,11768797.35,2218.03,0.0,85699969.79,23305425.0,6513403.7,40
2005-09-15,23398500.1,11657092.82,11741407.28,2183.95,1094.82,85673408.06,23319050.0,6513403.7,40
2005-09-16,23427832.7,11705996.55,11721836.15,2190.36,259.62,85663997.89,23366862.5,6513403.7,40
2005-09-19,23559840.03,11684995.26,11874844.77,6676.93,622.3,85779459.03,23342525.0,6513403.7,40
2005-09-20,23469064.72,11580984.55,11888080.17,2297.08,69.4,85794696.04,23237375.0,6513403.7,40
2005-09-21,23433615.66,11512923.34,11920692.31,2307.79,0.0,85826139.19,23168175.0,6513403.7,40
2005-09-22,23535371.21,11562803.99,11972567.22,2174.12,0.0,85876908.12,23216987.5,6513403.7,40
2005-09-23,23376828.11,11512555.32,11864272.79,2216.25,0.0,85767486.27,23165650.0,6513403.7,40
2005-09-26,23378216.37,11492867.21,11885349.16,6623.43,0.0,85785201.1,23142700.0,6513403.7,40
2005-09-27,23356384.4,11486609.3,11869775.1,2246.91,0.0,85768484.73,23135337.5,6513403.7,40
2005-09-28,23496437.17,11515125.53,11981311.65,2218.86,4.5,85883538.14,23162762.5,6513403.7,40
2005-09-29,23574309.58,11582659.87,11991649.72,2212.58,244.2,85884409.49,23229212.5,6513403.7,40
2005-09-30,23565579.02,11783149.59,11782429.44,2265.75,1625.15,25257174.03,11725375.0,6409605.63,34
2005-10-03,23581504.54,11762806.88,11818697.66,6814.38,0.0,25290035.17,11701625.0,6409605.63,34
2005-10-04,23439802.72,11621463.56,11818339.17,2318.85,0.0,25288514.5,11559125.0,6409605.63,34
2005-10-05,23215911.95,11470609.56,11745302.39,2311.42,0.0,25214312.31,11407125.0,6409605.63,34
2005-10-06,23031729.77,11436099.76,11595630.01,2257.1,0.0,25063498.02,11371500.0,6409605.63,34
2005-10-07,23125749.2,11465717.96,11660031.24,2251.99,0.0,25126765.46,11400000.0,6409605.63,34
2005-10-10,23120296.14,11374100.34,11746195.8,6822.1,76.5,25215346.81,11305000.0,6409605.63,34
2005-10-11,23166057.07,11360968.8,11805088.27,2273.5,0.0,25273084.24,11290750.0,6409605.63,34
2005-10-12,22991373.69,11267120.67,11724253.02,2348.78,10.5,25192487.58,11195750.0,6409605.63,34
2005-10-13,22879987.1,11263503.64,11616483.46,2311.91,0.0,25083539.08,11191000.0,6409605.63,34
2005-10-14,22913589.81,11378648.77,11534941.04,2326.13,0.0,25000815.65,11305000.0,6409605.63,34
2005-10-17,23021689.38,11422522.7,11599166.68,7045.93,0.0,25061494.3,11345375.0,6409605.63,34
2005-10-18,22873511.73,11302597.07,11570914.66,2417.28,0.0,25032024.37,11224250.0,6409605.63,34
2005-10-19,22917124.44,11484280.7,11432843.74,2395.36,0.0,24892741.72,11404750.0,6409605.63,34
2005-10-20,22671842.57,11285983.36,11385859.22,2399.93,13.5,24841873.42,11205250.0,6409605.63,34
2005-10-21,22754494.21,11327537.12,11426957.1,2367.95,30.58,24882640.73,11245625.0,6409605.63,34
2005-10-24,22924185.24,11509220.85,11414964.39,7148.7,0.0,24867058.05,11423750.0,6409605.63,34
2005-10-25,22955000.31,11477198.5,11477801.81,2445.25,0.0,24928677.88,11390500.0,6409605.63,34
2005-10-26,22940281.97,11449922.74,11490359.24,2448.53,0.0,24940011.01,11362000.0,6409605.63,34
2005-10-27,22726683.83,11322884.52,11403799.32,2427.85,63.0,24840798.02,11233750.0,6409605.63,34
2005-10-28,22885559.61,11487951.57,11397608.05,2392.61,194.14,24832008.65,11397625.0,6409605.63,34
2005-10-31,23010780.04,11505508.56,11505271.48,7304.31,260.08,17306064.49,11492625.0,6283018.1,30
2005-11-01,22972405.38,11473501.8,11498903.58,2486.44,0.0,17298453.38,11459375.0,6283018.1,30
2005-11-02,23126885.98,11586360.2,11540525.78,2469.53,0.0,17338839.45,11571000.0,6283018.1,30
2005-11-03,23271407.17,11642224.29,11629182.87,2473.29,0.0,17426262.34,11625625.0,6283018.1,30
2005-11-04,23232133.5,11626844.37,11605289.13,2488.75,0.0,17401124.92,11609000.0,6283018.1,30
2005-11-07,23237393.85,11637728.71,11599665.14,7511.72,0.0,17391748.55,11616125.0,6283018.1,30
2005-11-08,23269086.79,11638979.77,11630107.02,2498.02,0.0,17420943.47,11616125.0,6283018.1,30
2005-11-09,23306411.61,11649730.96,11656680.65,2501.43,0.0,17446266.87,11625625.0,6283018.1,30
2005-11-10,23426764.53,11745993.01,11680771.52,2524.86,14.0,17473908.93,11720625.0,6283018.1,30
2005-11-11,23528777.7,11787633.97,11741143.73,2524.88,0.0,17533022.21,11761000.0,6283018.1,30
2005-11-14,23553098.61,11784320.3,11768778.31,7607.64,0.0,17556860.48,11753875.0,6283018.1,30
2005-11-15,23513538.47,11740481.76,11773056.71,2571.21,0.0,17559854.13,11708750.0,6283018.1,30
2005-11-16,23620816.62,11763135.17,11857681.45,2560.36,0.0,17643196.92,11730125.0,6283018.1,30
2005-11-17,23742584.08,11864162.77,11878421.3,2565.48,58.5,17650032.39,11829875.0,6283018.1,30
2005-11-18,23828722.56,11912954.65,11915767.91,2585.3,51.36,17689029.5,11877375.0,6283018.1,30
2005-11-21,23915206.5,11980961.29,11934245.21,7764.19,0.0,17703624.25,11941500.0,6283018.1,30
2005-11-22,23967177.69,12029762.55,11937415.13,2597.46,0.0,17705497.98,11989000.0,6283018.1,30
2005-11-23,24074981.81,12092795.73,11982186.09,2556.5,0.0,17748995.61,12050750.0,6283018.1,30
2005-11-24,24084978.53,12094092.34,11990886.18,2581.37,0.0,17756410.95,12050750.0,6283018.1,30
2005-11-25,24119557.21,12109639.1,12009918.11,2582.44,0.0,17774157.18,12065000.0,6283018.1,30
2005-11-28,24081259.96,12028034.37,12053225.6,7758.46,58.5,17839919.98,11979500.0,6283018.1,30
2005-11-29,24066216.94,12012709.06,12053507.88,2602.11,245.82,17847959.6,11962875.0,6283018.1,30
2005-11-30,23969661.32,11984920.74,11984740.58,2600.49,752.56,17822383.14,11947050.0,6268691.76,29
2005-12-01,24286692.2,12115130.79,12171561.41,2570.08,0.0,18007918.94,12075975.0,6268691.76,29
2005-12-02,24361499.42,12130761.53,12230737.89,2617.57,0.0,18065783.59,12090300.0,6268691.76,29
2005-12-05,24372718.58,12110829.03,12261889.55,7917.49,81.0,18113201.26,12066425.0,6268691.76,29
2005-12-06,24379769.21,12131257.86,12248511.35,2674.23,0.0,18098477.66,12085525.0,6268691.76,29
2005-12-07,24324783.69,12060963.93,12263819.76,2675.0,0.0,18112442.14,12013900.0,6268691.76,29
2005-12-08,24331873.73,12050346.43,12281527.3,2662.21,1990.88,18126523.96,12001962.5,6268691.76,29
2005-12-09,24320861.32,12075510.15,12245351.17,2602.16,0.0,18089034.38,12025837.5,6268691.76,29
2005-12-12,24455853.72,12096096.88,12359756.84,7802.94,0.0,18199511.34,12042550.0,6268691.76,29
2005-12-13,24501094.08,12173783.77,12327310.31,2601.83,0.0,18165749.87,12118950.0,6268691.76,29
2005-12-14,24428760.3,12220441.42,12208318.88,2606.64,0.0,18045446.95,12164312.5,6268691.76,29
2005-12-15,24353712.2,12180287.75,12173424.45,2585.38,888.12,18008017.66,12202512.5,6268691.76,29
2005-12-16,24350143.27,12148161.98,12201981.29,2597.73,274.56,18045902.44,12169087.5,6268691.76,29
2005-12-19,24326805.17,12087586.89,12239218.28,7792.05,187.3,18064169.6,12104625.0,6268691.76,29
2005-12-20,24332305.88,12093668.02,12238637.86,2628.65,73.9,18067910.56,12109400.0,6268691.76,29
2005-12-21,24389083.3,12114071.45,12275011.85,2622.48,0.0,18102965.5,12128500.0,6268691.76,29
2005-12-22,24473636.58,12167908.81,12305727.77,2642.15,0.0,18132351.63,12181025.0,6268691.76,29
2005-12-23,24511243.38,12178773.62,12332469.76,2644.51,0.0,18157763.92,12190575.0,6268691.76,29
2005-12-26,24529400.17,12182731.72,12346668.45,7966.15,0.0,18167954.55,12190575.0,6268691.76,29
2005-12-27,24411685.31,12064676.52,12347008.79,2657.35,0.0,18166957.34,12071200.0,6268691.76,29
2005-12-28,24529595.0,12077921.02,12451673.97,2644.6,4.5,18272229.43,12083137.5,6268691.76,29
2005-12-29,24483815.82,12029081.9,12454733.92,2636.93,200.32,18277717.73,12033000.0,6268691.76,29
2005-12-30,24421966.58,12211267.88,12210698.69,2666.02,672.19,44108207.18,12171075.0,7022823.98,39
2006-01-02,24444598.02,12215328.13,12229269.89,8120.3,0.0,44122718.31,12171075.0,7022823.98,39
2006-01-03,24768064.74,12410682.0,12357382.75,2709.28,77.0,44252192.76,12365075.0,7022823.98,39
2006-01-04,24993947.75,12467860.09,12526087.65,2800.17,0.0,44419500.6,12420850.0,7022823.98,39
2006-01-05,24870085.54,12476551.58,12393533.96,2839.59,0.0,44285523.8,12428125.0,7022823.98,39
2006-01-06,25058025.85,12579822.52,12478203.33,2832.43,0.0,44368781.69,12529975.0,7022823.98,39
2006-01-09,25088096.88,12615666.59,12472430.29,8603.26,0.0,44358724.46,12561500.0,7022823.98,39
2006-01-10,25017400.35,12626817.39,12390582.96,2885.13,0.0,44275442.8,12571200.0,7022823.98,39
2006-01-11,25065570.14,12664662.02,12400908.13,2911.75,0.0,44284325.84,12607575.0,7022823.98,39
2006-01-12,25041251.64,12605514.56,12435737.08,2924.32,0.0,44317708.02,12546950.0,7022823.98,39
2006-01-13,25109347.32,12599717.21,12509630.12,2935.39,0.0,44390143.32,12539675.0,7022823.98,39
2006-01-16,25147593.05,12604158.61,12543434.44,8851.04,0.0,44419538.0,12539675.0,7022823.98,39
2006-01-17,25095604.25,12574114.59,12521489.65,2954.84,0.0,44396119.35,12508150.0,7022823.98,39
2006-01-18,24870596.01,12519834.52,12350761.49,2983.59,0.0,44223902.52,12452375.0,7022823.98,39
2006-01-19,25035580.55,12564962.55,12470618.0,2936.11,0.0,44342300.96,12496025.0,7022823.98,39
2006-01-20,24794492.29,12338495.92,12455996.37,2955.59,55.86,44329244.23,12268075.0,7022823.98,39
2006-01-23,24822320.27,12386515.8,12435804.47,8781.38,0.0,44304640.83,12311725.0,7022823.98,39
2006-01-24,24851216.42,12400113.42,12451103.0,2951.1,0.0,44318460.88,12323850.0,7022823.98,39
2006-01-25,24930641.74,12406444.54,12524197.19,2968.34,0.0,44390067.85,12328700.0,7022823.98,39
2006-01-26,25064158.2,12473408.32,12590749.89,2991.68,275.96,44443211.01,12394175.0,7022823.98,39
2006-01-27,25310536.17,12586462.06,12724074.12,3021.62,4.5,44576941.86,12505725.0,7022823.98,39
2006-01-30,25366881.56,12583739.16,12783142.4,9153.98,0.0,44631408.26,12498450.0,7022823.98,39
2006-01-31,25358257.98,12679276.76,12678981.22,3086.3,503.94,30853539.93,12642475.0,6860626.61,34
2006-02-01,25375902.82,12717753.38,12658149.43,3078.21,0.0,30831169.05,12679412.5,6860626.61,34
2006-02-02,25220730.92,12569084.68,12651646.25,3080.35,0.0,30823129.31,12529200.0,6860626.61,34
2006-02-03,25186268.49,12506585.43,12679683.06,3061.52,0.0,30849630.35,12465175.0,6860626.61,34
2006-02-06,25226908.25,12543152.41,12683755.84,9172.0,94.5,30828810.12,12497187.5,6860626.61,34
2006-02-07,24939807.93,12433865.99,12505941.94,3069.27,0.0,30649453.03,12386375.0,6860626.61,34
2006-02-08,25038638.46,12541269.73,12497368.73,3041.27,0.0,30639354.78,12492262.5,6860626.61,34
2006-02-09,25178476.75,12518177.55,12660299.2,3060.28,0.0,30800757.8,12467637.5,6860626.61,34
2006-02-10,25042412.51,12544336.03,12498076.48,3084.36,14.0,30638698.19,12492262.5,6860626.61,34
2006-02-13,24861499.56,12524331.53,12337168.03,9223.96,0.0,30473186.28,12467637.5,6860626.61,34
2006-02-14,25047471.16,12649004.67,12398466.49,3073.16,0.0,30532959.73,12590762.5,6860626.61,34
2006-02-15,25017963.38,12689968.23,12327995.15,3096.15,108.0,30461063.8,12630162.5,6860626.61,34
2006-02-16,25175953.1,12785108.33,12390844.77,3085.55,0.0,30522392.97,12723737.5,6860626.61,34
2006-02-17,25249287.84,12759597.66,12489690.19,3105.03,33.36,30621063.77,12696650.0,6860626.61,34
2006-02-20,25282630.4,12764308.08,12518322.33,9321.2,0.0,30645085.14,12696650.0,6860626.61,34
2006-02-21,25331313.58,12728941.29,12602372.28,3111.17,45.0,30738004.65,12659712.5,6860626.61,34
2006-02-22,25384528.34,12799468.27,12585060.07,3138.27,58.5,30717304.64,12728662.5,6860626.61,34
2006-02-23,25334727.2,12781353.98,12553373.22,3144.86,0.0,30684058.64,12708962.5,6860626.61,34
2006-02-24,25464226.75,12810032.05,12654194.7,3152.77,0.0,30783317.92,12736050.0,6860626.61,34
2006-02-27,25422903.15,12824675.14,12598228.01,9527.86,276.3,30716569.91,12745900.0,6860626.61,34
2006-02-28,25339842.41,12670070.12,12669772.29,3184.92,932.93,29288906.44,12632625.0,6829306.26,33
2006-03-01,25441356.44,12765232.4,12676124.04,3174.52,73.5,29297524.45,12726200.0,6829306.26,33
2006-03-02,25474166.0,12761899.51,12712266.49,3173.1,0.0,29332085.9,12721275.0,6829306.26,33
2006-03-03,25418196.23,12714244.75,12703951.48,3184.27,0.0,29322181.86,12672025.0,6829306.26,33
2006-03-06,25270077.92,12650062.59,12620015.33,9531.82,0.0,29233481.73,12603075.0,6829306.26,33
2006-03-07,25137380.0,12631940.33,12505439.67,3151.74,0.0,29117332.07,12583375.0,6829306.26,33
2006-03-08,25037903.26,12653215.81,12384687.44,3135.19,0.0,28995020.14,12603075.0,6829306.26,33
2006-03-09,25045511.92,12580911.92,12464600.0,3108.87,1978.22,29072681.95,12529200.0,6829306.26,33
2006-03-10,25186577.59,12690827.55,12495750.05,3116.77,17.5,29102173.34,12637550.0,6829306.26,33
2006-03-13,25261914.91,12720211.61,12541703.3,9444.97,209.2,29126859.89,12662175.0,6829306.26,33
2006-03-14,25401677.87,12849851.63,12551826.24,3157.74,183.5,29147918.97,12790225.0,6829306.26,33
2006-03-15,25550433.63,12903163.23,12647270.4,3161.1,54.06,29240894.55,12841937.5,6829306.26,33
2006-03-16,25555328.89,12928518.21,12626810.68,3200.9,918.3,29221531.02,12969987.5,6829306.26,33
2006-03-17,25573312.63,12937521.77,12635790.86,3194.42,289.5,29226267.59,12977375.0,6829306.26,33
2006-03-20,25534796.02,12922694.9,12612101.11,9632.61,0.0,29197818.36,12957675.0,6829306.26,33
2006-03-21,25461197.87,12845528.19,12615669.68,3227.31,22.5,29207515.39,12878875.0,6829306.26,33
2006-03-22,25513368.94,12916108.86,12597260.08,3232.16,0.0,29187504.31,12947825.0,6829306.26,33
2006-03-23,25527692.9,12890660.99,12637031.91,3238.78,0.0,29225676.99,12920737.5,6829306.26,33
2006-03-24,25579753.53,12902140.22,12677613.31,3226.42,0.0,29264661.2,12930587.5,6829306.26,33
2006-03-27,25605657.38,12889784.03,12715873.34,9677.67,0.0,29298124.87,12913350.0,6829306.26,33
2006-03-28,25549143.29,12807673.84,12741469.45,3207.82,0.0,29322127.97,12829625.0,6829306.26,33
2006-03-29,25671267.69,12883160.47,12788107.22,3214.93,0.0,29367162.43,12903500.0,6829306.26,33
2006-03-30,25845578.4,12860149.44,12985428.96,3216.04,225.04,29562428.19,12878875.0,6829306.26,33
2006-03-31,25724482.54,12862404.33,12862078.2,3230.7,535.23,16944006.95,12837012.5,6584036.77,29
2006-04-03,25901167.58,12891874.17,13009293.41,9689.56,0.0,17086377.44,12861637.5,6584036.77,29
2006-04-04,25931613.51,12982153.56,12949459.95,3273.62,0.0,17024899.75,12950287.5,6584036.77,29
2006-04-05,26052940.02,13025660.47,13027279.55,3284.67,0.0,17101079.08,12992150.0,6584036.77,29
2006-04-06,26163305.26,13012531.77,13150773.49,3292.8,0.0,17222926.52,12977375.0,6584036.77,29
2006-04-07,25978766.69,12881205.02,13097561.67,3314.02,0.0,17168048.93,12844400.0,6584036.77,29
2006-04-10,26101142.21,12900885.61,13200256.59,9893.58,0.0,17265755.87,12859175.0,6584036.77,29
2006-04-11,25957385.94,12789251.89,13168134.05,3320.65,0.0,17231953.96,12745900.0,6584036.77,29
2006-04-12,25935733.34,12805653.97,13130079.37,3302.36,17.5,17194241.5,12760675.0,6584036.77,29
2006-04-13,25934954.53,12794970.63,13139983.89,3299.6,0.0,17202475.58,12748362.5,6584036.77,29
2006-04-14,25949818.64,12796598.44,13153220.2,3299.5,0.0,17214040.2,12748362.5,6584036.77,29
2006-04-17,26026310.16,12789169.97,13237140.19,9904.18,121.5,17298461.54,12736050.0,6584036.77,29
2006-04-18,26373881.88,12992732.7,13381149.19,3332.81,0.0,17440775.44,12937975.0,6584036.77,29
2006-04-19,26542734.13,13011633.99,13531100.14,3377.32,0.0,17589012.87,12955212.5,6584036.77,29
2006-04-20,26443982.09,13030537.7,13413444.38,3398.94,18.0,17477442.38,12972450.0,6584036.77,29
2006-04-21,26577994.12,13032206.33,13545787.79,3386.3,33.36,17600180.07,12972450.0,6584036.77,29
2006-04-24,26422752.41,13012609.59,13410142.82,10254.68,0.0,17459308.69,12947825.0,6584036.77,29
2006-04-25,26496292.68,12965036.77,13531255.91,3405.6,0.0,17578693.36,12898575.0,6584036.77,29
2006-04-26,26555120.24,12961793.63,13593326.61,3437.16,0.0,17639008.76,12893650.0,6584036.77,29
2006-04-27,26480872.05,13022575.06,13458296.99,3444.79,227.0,17489287.88,12952750.0,6584036.77,29
2006-04-28,26575573.59,13287945.55,13287628.04,3427.8,886.41,21403512.27,13225800.0,6665991.91,35
2006-05-01,26626905.37,13215207.13,13411698.24,10298.03,0.0,21522433.52,13147912.5,6665991.91,35
2006-05-02,26831159.45,13314919.95,13516239.5,3476.29,87.5,21632311.31,13245900.0,6665991.91,35
2006-05-03,26709523.06,13258867.09,13450655.97,3495.5,0.0,21564966.91,13188112.5,6665991.91,35
2006-05-04,26735566.17,13308335.61,13427230.57,3487.08,0.0,21539785.45,13235850.0,6665991.91,35
2006-05-05,26996112.61,13430665.69,13565446.92,3475.62,0.0,21676256.26,13356450.0,6665991.91,35
2006-05-08,26996007.32,13418338.53,13577668.78,10573.48,0.0,21683164.99,13338862.5,6665991.91,35
2006-05-09,27212469.81,13440209.01,13772260.8,3561.97,0.0,21875965.51,13358962.5,6665991.91,35
2006-05-10,27235795.88,13426911.1,13808884.77,3598.09,0.0,21910768.48,13343887.5,6665991.91,35
2006-05-11,27210304.42,13267886.44,13942417.98,3601.18,14.0,22043589.85,13183087.5,6665991.91,35
2006-05-12,26922852.89,13093743.64,13829109.26,3552.46,0.0,21928460.86,13007212.5,6665991.91,35
2006-05-15,26587041.06,13129043.84,13457997.22,10589.66,126.0,21563212.55,13037362.5,6665991.91,35
2006-05-16,26648498.39,13108160.0,13540338.39,3500.63,0.0,21643781.75,13014750.0,6665991.91,35
2006-05-17,26266285.24,12848574.98,13417710.26,3486.51,0.0,21519382.09,12753450.0,6665991.91,35
2006-05-18,26102080.22,12789956.01,13312124.22,3436.51,0.0,21412040.57,12693150.0,6665991.91,35
2006-05-19,26047683.06,12869516.86,13178166.2,3415.02,33.36,21270120.5,12771037.5,6665991.91,35
2006-05-22,25819663.65,12786619.92,13033043.74,10202.01,18.0,21122894.59,12683100.0,6665991.91,35
2006-05-23,25956648.16,12692817.84,13263830.32,3378.07,0.0,21351976.02,12587625.0,6665991.91,35
2006-05-24,25784301.8,12779907.0,13004394.8,3403.2,0.0,21090801.46,12673050.0,6665991.91,35
2006-05-25,26013244.81,12932325.49,13080919.32,3366.28,0.0,21165628.18,12823800.0,6665991.91,35
2006-05-26,26204859.86,13001851.38,13203008.48,3396.17,0.0,21286009.56,12891637.5,6665991.91,35
2006-05-29,26203415.31,13006965.44,13196449.86,10307.24,66.64,21276416.62,12891637.5,6665991.91,35
2006-05-30,25946337.36,12780033.3,13166304.06,3435.56,164.58,21245617.79,12663000.0,6665991.91,35
2006-05-31,25902815.56,12951498.04,12951317.52,3401.85,365.42,19401627.99,12910800.0,6309375.01,33
2006-06-01,25973896.92,13092765.82,12881131.1,3410.54,0.0,19329736.31,13050362.5,6309375.01,33
2006-06-02,26195564.94,13119853.79,13075711.15,3398.25,0.0,19522631.08,13075737.5,6309375.01,33
2006-06-05,26005512.95,12934668.97,13070843.98,10238.1,0.0,19512653.49,12885425.0,6309375.01,33
2006-06-06,25704256.05,12898305.94,12805950.11,3416.84,0.0,19246042.26,12847362.5,6309375.01,33
2006-06-07,25583095.21,12801041.72,12782053.49,3384.39,0.0,19220459.52,12748400.0,6309375.01,33
2006-06-08,25240879.86,12797652.19,12443227.68,3368.44,2092.94,18881271.19,12743325.0,6309375.01,33
2006-06-09,25333957.45,12753662.21,12580295.24,3323.38,0.0,19016700.4,12697650.0,6309375.01,33
2006-06-12,25143277.8,12611535.54,12531742.27,10028.02,14.0,18964581.72,12550475.0,6309375.01,33
2006-06-13,24606442.02,12466045.58,12140396.44,3359.42,0.0,18571561.52,12403300.0,6309375.01,33
2006-06-14,24727823.03,12556509.83,12171313.2,3260.35,85.5,18586135.18,12492112.5,6309375.01,33
2006-06-15,25183044.11,12826235.07,12356809.04,3276.44,942.12,18767186.22,12867662.5,6309375.01,33
2006-06-16,25176370.31,12749254.23,12427116.09,3301.78,278.82,18844749.26,12789000.0,6309375.01,33
2006-06-19,24980328.23,12637575.81,12342752.42,9965.65,210.7,18785769.73,12672275.0,6309375.01,33
2006-06-20,25073341.32,12679864.33,12393477.0,3337.65,204.0,18842549.17,12712875.0,6309375.01,33
2006-06-21,25282973.68,12775442.48,12507531.2,3343.11,0.0,18954950.91,12806762.5,6309375.01,33
2006-06-22,25231389.99,12718779.82,12512610.17,3364.04,0.0,18958365.68,12748400.0,6309375.01,33
2006-06-23,25162639.45,12715397.12,12447242.33,3357.18,0.0,18891332.97,12743325.0,6309375.01,33
2006-06-26,25289806.41,12768738.17,12521068.24,10148.93,0.0,18960138.5,12791537.5,6309375.01,33
2006-06-27,25196720.94,12663904.68,12532816.26,3449.25,0.0,18970178.78,12684962.5,6309375.01,33
2006-06-28,25237539.12,12746835.41,12490703.71,3443.55,0.0,18926353.41,12766162.5,6309375.01,33
2006-06-29,25742346.95,12999775.82,12742571.13,3421.09,218.56,19179632.2,13017375.0,6309375.01,33
2006-06-30,25985677.87,12993004.93,12992672.95,3489.52,978.88,20002033.04,12986925.0,6501003.07,36
2006-07-03,26177196.5,13087090.42,13090106.08,10545.85,87.5,20098280.82,13075737.5,6501003.07,36
2006-07-04,26190957.09,13088893.53,13102063.56,3606.64,0.0,20108434.77,13075737.5,6501003.07,36
2006-07-05,26100375.07,13004421.89,13095953.18,3608.53,0.0,20100519.21,12989462.5,6501003.07,36
2006-07-06,26228252.8,13036634.71,13191618.09,3538.05,0.0,20194408.9,13019912.5,6501003.07,36
2006-07-07,26090336.87,12959735.78,13130601.09,3548.1,0.0,20131607.36,12941250.0,6501003.07,36
2006-07-10,26105297.24,12985316.87,13119980.37,10631.81,0.0,20115635.93,12961550.0,6501003.07,36
2006-07-11,26209606.39,13040382.64,13169223.75,3574.98,0.0,20163082.6,13014837.5,6501003.07,36
2006-07-12,26058922.74,12900064.82,13158857.91,3581.98,14.0,20153430.97,12872737.5,6501003.07,36
2006-07-13,25763342.45,12691218.92,13072123.53,3568.62,0.0,20064894.55,12662125.0,6501003.07,36
2006-07-14,25602333.76,12639665.88,12962667.87,3520.99,112.0,19901928.21,12608837.5,6501003.07,36
2006-07-17,25298767.67,12627096.18,12671671.49,10518.29,76.5,19590892.83,12591075.0,6501003.07,36
2006-07-18,25225302.1,12682130.43,12543171.67,3499.66,0.0,19460640.1,12644362.5,6501003.07,36
2006-07-19,25501479.27,12853904.33,12647574.94,3503.51,0.0,19563301.26,12814375.0,6501003.07,36
2006-07-20,25501060.34,12771944.96,12729115.38,3527.7,18.0,19651550.12,12730637.5,6501003.07,36
2006-07-21,25328702.55,12677276.1,12651426.45,3506.4,33.36,19573534.02,12634212.5,6501003.07,36
2006-07-24,25579316.92,12913428.54,12665888.38,10469.2,0.0,19582766.69,12865125.0,6501003.07,36
2006-07-25,25624696.74,12955811.31,12668885.43,3531.37,0.0,19584015.14,12905725.0,6501003.07,36
2006-07-26,25672127.09,12975373.23,12696753.86,3558.99,0.0,19610124.01,12923487.5,6501003.07,36
2006-07-27,25809146.09,12967018.16,12842127.94,3551.31,0.0,19753741.7,12913337.5,6501003.07,36
2006-07-28,25986922.24,13090608.32,12896313.91,3563.1,195.8,19800530.26,13035137.5,6501003.07,36
2006-07-31,26025695.83,13012945.11,13012750.71,10697.95,500.2,20097721.99,13009762.5,6178646.78,35
2006-08-01,25990089.35,12963991.62,13026097.73,3592.99,0.0,20109272.52,12959012.5,6178646.78,35
2006-08-02,26186774.54,13041913.58,13144860.96,3602.52,0.0,20226230.19,13035137.5,6178646.78,35
2006-08-03,26166054.16,13074164.09,13091890.07,3615.23,0.0,20171444.58,13065587.5,6178646.78,35
2006-08-04,26233626.37,13063285.18,13170341.19,3619.64,0.0,20248084.66,13052900.0,6178646.78,35
2006-08-07,26198375.47,13030622.17,13167753.3,10843.23,0.0,20240053.03,13014837.5,6178646.78,35
2006-08-08,26119390.73,12976603.36,13142787.37,3631.39,0.0,20213261.89,12959012.5,6178646.78,35
2006-08-09,26169406.83,12925107.35,13244299.48,3605.93,0.0,20312959.57,12905725.0,6178646.78,35
2006-08-10,26070488.77,12967480.96,13103007.81,3591.02,14.0,20172364.49,12946325.0,6178646.78,35
2006-08-11,25908626.13,12936265.69,12972360.45,3562.97,0.0,20039926.38,12913337.5,6178646.78,35
2006-08-14,25857941.34,12951741.11,12906200.22,10665.72,85.5,19912841.37,12923487.5,6178646.78,35
2006-08-15,26086479.97,13100711.37,12985768.6,3584.2,0.0,19990620.8,13070662.5,6178646.78,35
2006-08-16,26306658.48,13216707.5,13089950.98,3601.38,0.0,20093010.43,13184850.0,6178646.78,35
2006-08-17,26232878.68,13238821.12,12994057.56,3609.86,0.0,19995320.77,13205150.0,6178646.78,35
2006-08-18,26304131.59,13301545.14,13002586.46,3614.31,154.86,20023383.45,13266050.0,6178646.78,35
2006-08-21,26371901.83,13258841.69,13113060.13,10894.29,0.0,20128471.88,13217837.5,6178646.78,35
2006-08-22,26379897.07,13258138.33,13121758.74,3648.11,18.0,20138774.52,13215300.0,6178646.78,35
2006-08-23,26315400.84,13216831.19,13098569.64,3641.89,0.0,20113773.89,13172162.5,6178646.78,35
2006-08-24,26276769.09,13200889.68,13075879.41,3625.68,0.0,20089278.96,13154400.0,6178646.78,35
2006-08-25,26286921.01,13217933.47,13068987.55,3620.35,0.0,20080585.53,13169625.0,6178646.78,35
2006-08-28,26305433.62,13286856.41,13018577.21,10909.07,0.0,20024751.57,13233062.5,6178646.78,35
2006-08-29,26358008.0,13301378.24,13056629.76,3631.61,0.0,20061006.83,13245750.0,6178646.78,35
2006-08-30,26457296.78,13303203.48,13154093.3,3616.9,187.66,20158094.68,13245750.0,6178646.78,35
2006-08-31,26557243.16,13278717.46,13278525.69,3615.83,1385.47,35069117.27,26457950.0,6638145.97,41
2006-09-01,26626474.16,13357347.85,13269126.32,3629.49,59.5,35013422.66,26534765.62,6638145.97,41
2006-09-04,26673828.22,13362790.97,13311037.25,10850.29,0.0,35049926.43,26534765.62,6638145.97,41
2006-09-05,26668076.74,13346468.58,13321608.16,3623.19,0.0,35058688.88,26516628.12,6638145.97,41
2006-09-06,26441728.38,13211714.69,13230013.69,3607.6,0.0,34965292.3,26380068.75,6638145.97,41
2006-09-07,26239285.59,13153281.55,13086004.04,3554.94,1683.78,34819917.9,26319859.38,6638145.97,41
2006-09-08,26177128.46,13206640.56,12970487.9,3527.73,0.0,34702642.79,26371450.0,6638145.97,41
2006-09-11,25996327.08,13199626.34,12796700.73,10470.85,0.0,34523667.07,26359153.12,6638145.97,41
2006-09-12,26148390.46,13357018.09,12791372.38,3473.4,17.5,34518896.42,26514781.25,6638145.97,41
2006-09-13,26204684.98,13404541.6,12800143.38,3471.93,0.0,34525969.02,26560531.25,6638145.97,41
2006-09-14,26155661.25,13385502.27,12770158.97,3486.68,983.5,34500651.48,26657346.88,6638145.97,41
2006-09-15,26154910.4,13407519.44,12747390.96,3501.95,239.88,34492312.43,26677571.88,6638145.97,41
2006-09-18,26218699.8,13419762.85,12798936.96,10527.35,176.3,34553069.27,26684418.75,6638145.97,41
2006-09-19,26185312.56,13450762.73,12734549.83,3510.39,64.5,34490633.01,26713621.88,6638145.97,41
2006-09-20,26244478.69,13515385.51,12729093.18,3505.92,22.5,34486043.48,26776443.75,6638145.97,41
2006-09-21,26446113.73,13522941.32,12923172.41,3506.55,25.44,34679718.83,26782193.75,6638145.97,41
2006-09-22,26389403.2,13525806.24,12863596.96,3518.8,0.0,34618423.88,26783259.38,6638145.97,41
2006-09-25,26555329.47,13660929.07,12894400.41,10555.76,0.0,34644082.25,26912971.88,6638145.97,41
2006-09-26,26682370.51,13751322.84,12931047.66,3511.2,0.0,34679024.59,27001559.38,6638145.97,41
2006-09-27,26768205.6,13757525.45,13010680.15,3528.0,0.0,34756946.93,27005943.75,6638145.97,41
2006-09-28,26793408.0,13731207.0,13062201.0,3539.35,250.94,34797870.67,26977806.25,6638145.97,41
2006-09-29,26720437.51,13360355.68,13360081.84,3535.24,493.84,40828988.39,26612137.5,6105669.29,34
2006-10-02,26751683.12,13333463.29,13418219.82,10621.37,0.0,40881815.75,26579934.38,6105669.29,34
2006-10-03,26683919.48,13362451.27,13321468.2,3537.17,0.0,40783290.3,26607159.38,6105669.29,34
2006-10-04,26909338.15,13558850.51,13350487.64,3543.03,0.0,40810540.94,26801784.38,6105669.29,34
2006-10-05,26953463.24,13545048.98,13408414.26,3587.91,0.0,40866687.13,26786175.0,6105669.29,34
2006-10-06,26783684.36,13448261.88,13335422.48,3601.28,0.0,40791904.21,26687578.12,6105669.29,34
2006-10-09,26832052.63,13458613.59,13373439.04,10758.11,85.5,40813059.86,26692528.12,6105669.29,34
2006-10-10,26716643.48,13431062.43,13285581.05,3592.51,0.0,40723411.32,26663175.0,6105669.29,34
2006-10-11,26706168.59,13382882.48,13323286.12,3614.17,0.0,40759319.15,26613178.12,6105669.29,34
2006-10-12,26873640.22,13508712.82,13364927.4,3627.59,0.0,40799150.32,26737190.62,6105669.29,34
2006-10-13,26958873.75,13516647.14,13442226.62,3680.2,0.0,40874619.29,26743275.0,6105669.29,34
2006-10-16,27082235.02,13564235.84,13517999.18,11053.14,0.0,40944880.54,26785321.88,6105669.29,34
2006-10-17,26991677.28,13535560.94,13456116.34,3731.33,0.0,40881135.58,26754778.12,6105669.29,34
2006-10-18,27048875.62,13550616.46,13498259.16,3718.85,0.0,40921424.09,26767968.75,6105669.29,34
2006-10-19,27106324.1,13554433.44,13551890.66,3726.73,0.0,40973195.82,26769918.75,6105669.29,34
2006-10-20,27100156.53,13561807.83,13538348.71,3742.18,30.58,40959469.62,26775421.88,6105669.29,34
2006-10-23,27153240.66,13593588.37,13559652.29,11201.4,0.0,40975177.71,26801596.88,6105669.29,34
2006-10-24,27208149.78,13633150.72,13574999.06,3763.74,0.0,40988644.96,26839275.0,6105669.29,34
2006-10-25,27337248.42,13719953.59,13617294.83,3778.91,0.0,41029055.32,26924184.38,6105669.29,34
2006-10-26,27554084.46,13807027.2,13747057.26,3789.25,67.5,41140122.38,27009356.25,6105669.29,34
2006-10-27,27535718.85,13761859.76,13773859.09,3819.3,54.88,41165468.45,26962275.0,6105669.29,34
2006-10-30,27482213.23,13752720.93,13729492.3,11427.32,118.16,41116158.86,26947425.0,6105669.29,34
2006-10-31,27546387.1,13773389.21,13772997.9,3794.07,413.81,34755701.9,27507118.75,6190838.21,36
2006-11-01,27598087.1,13712983.05,13885104.05,3787.63,73.5,34868087.77,27444818.75,6190838.21,36
2006-11-02,27560414.22,13669671.02,13890743.2,3787.07,0.0,34871821.19,27399625.0,6190838.21,36
2006-11-03,27365350.84,13537028.06,13828322.78,3781.9,0.0,34807494.65,27265106.25,6190838.21,36
2006-11-06,27601219.03,13700313.99,13900905.05,11311.01,0.0,34874361.21,27422796.88,6190838.21,36
2006-11-07,27793578.67,13798095.33,13995483.34,3802.83,0.0,34967024.27,27518690.62,6190838.21,36
2006-11-08,27854809.64,13848680.07,14006129.57,3821.62,0.0,34975746.12,27567378.12,6190838.21,36
2006-11-09,27799162.6,13777951.33,14021211.27,3845.51,0.0,34988894.19,27494737.5,6190838.21,36
2006-11-10,27748412.91,13815093.38,13933319.53,3830.11,0.0,34899070.64,27529981.25,6190838.21,36
2006-11-13,27710592.98,13837277.63,13873315.35,11492.47,0.0,34833295.75,27546443.75,6190838.21,36
2006-11-14,27941419.38,13965962.23,13975457.16,3817.9,0.0,34933526.5,27673221.88,6190838.21,36
2006-11-15,27910481.71,13959558.3,13950923.41,3849.71,0.0,34907067.24,27664893.75,6190838.21,36
2006-11-16,27870877.43,13960587.87,13910289.57,3845.44,0.0,34864510.9,27664000.0,6190838.21,36
2006-11-17,27904801.5,14013601.95,13891199.55,3839.99,30.58,34845191.02,27715090.62,6190838.21,36
2006-11-20,27926947.01,14030322.36,13896624.65,11533.98,0.0,34844874.42,27726018.75,6190838.21,36
2006-11-21,28041541.53,14058076.53,13983465.0,3839.96,0.0,34929803.98,27751843.75,6190838.21,36
2006-11-22,28154970.15,14092314.99,14062655.16,3847.92,40.5,35022978.3,27784153.12,6190838.21,36
2006-11-23,28152713.3,14094240.94,14058472.36,3847.85,0.0,35016873.61,27784153.12,6190838.21,36
2006-11-24,28180443.7,14051364.03,14129079.67,3847.54,0.0,35085559.59,27739350.0,6190838.21,36
2006-11-27,28008969.8,13874994.63,14133975.17,11530.5,0.0,35084673.94,27557231.25,6190838.21,36
2006-11-28,28075150.57,13953850.63,14121299.95,3827.89,670.1,35062037.74,27634762.5,6190838.21,36
2006-11-29,28230006.66,14080660.03,14149346.64,3829.14,173.04,35089734.83,27759668.75,6190838.21,36
2006-11-30,28423529.83,14211977.54,14211552.29,3850.26,1456.85,35852183.04,28364675.0,6434988.28,37
2006-12-01,28436609.6,14227255.7,14209353.91,3868.76,0.0,35848050.31,28378018.75,6434988.28,37
2006-12-04,28494057.37,14332527.66,14161529.71,11611.62,0.0,35794423.96,28477481.25,6434988.28,37
2006-12-05,28606772.37,14391008.01,14215764.35,3862.53,0.0,35846738.93,28534018.75,6434988.28,37
2006-12-06,28416692.52,14334157.05,14082535.47,3861.91,0.0,35711590.92,28475225.0,6434988.28,37
2006-12-07,28398725.6,14275492.16,14123233.44,3836.25,1880.44,35757699.58,28414625.0,6434988.28,37
2006-12-08,28213577.39,14223009.14,13990568.26,3825.94,0.0,35623132.07,28360218.75,6434988.28,37
2006-12-11,28432189.91,14302633.25,14129556.66,11379.48,0.0,35756477.22,28434106.25,6434988.28,37
2006-12-12,28457243.78,14319369.24,14137874.54,3798.86,0.0,35762907.23,28448931.25,6434988.28,37
2006-12-13,28340585.82,14259244.97,14081340.86,3802.2,0.0,35704484.58,28386893.75,6434988.28,37
2006-12-14,28479319.9,14360638.87,14118681.03,3794.49,989.0,35742035.41,28611012.5,6434988.28,37
2006-12-15,28415937.77,14360534.34,14055403.43,3820.98,242.66,35694453.09,28608981.25,6434988.28,37
2006-12-18,28357783.26,14337010.34,14020772.93,11342.7,184.9,35665253.29,28579725.0,6434988.28,37
2006-12-19,28383485.56,14347994.12,14035491.45,3812.55,0.0,35678086.79,28588781.25,6434988.28,37
2006-12-20,28416564.9,14339823.13,14076741.77,3816.0,0.0,35717450.12,28578681.25,6434988.28,37
2006-12-21,28445400.15,14330888.54,14114511.62,3820.45,22.26,35754214.97,28567818.75,6434988.28,37
2006-12-22,28257400.82,14169833.99,14087566.83,3824.33,0.0,35725372.56,28404837.5,6434988.28,37
2006-12-25,28268173.56,14175572.78,14092600.79,11444.25,0.0,35724701.05,28404837.5,6434988.28,37
2006-12-26,28416461.78,14277555.23,14138906.55,3816.2,0.0,35769104.32,28504906.25,6434988.28,37
2006-12-27,28488264.4,14309999.17,14178265.23,3844.12,4.5,35808755.21,28535418.75,6434988.28,37
2006-12-28,28446746.74,14244570.79,14202175.95,3838.0,168.82,35835906.69,28468062.5,6434988.28,37
2006-12-29,28388094.59,14194233.83,14193860.77,3848.21,746.56,27120006.2,28328025.0,6507591.56,35
2007-01-02,28546421.8,14218446.03,14327975.77,15424.2,73.5,27246482.71,28344525.0,6507591.56,35
2007-01-03,28400548.95,14203897.11,14196651.84,3917.2,0.0,27113192.66,28328025.0,6507591.56,35
2007-01-04,28355843.51,14274313.31,14081530.2,3881.41,0.0,26996130.81,28396500.0,6507591.56,35
2007-01-05,28069362.68,14142610.17,13926752.51,3867.42,0.0,26839432.56,28262850.0,6507591.56,35
2007-01-08,28073263.77,14199558.64,13873705.13,11508.44,0.0,26780675.21,28314000.0,6507591.56,35
2007-01-09,28007149.31,14181711.08,13825438.23,3860.07,0.0,26730500.67,28294200.0,6507591.56,35
2007-01-10,27965042.6,14206761.07,13758281.54,3850.98,0.0,26661442.98,28317300.0,6507591.56,35
2007-01-11,28083994.72,14223568.44,13860426.28,3852.96,0.0,26761692.14,28332150.0,6507591.56,35
2007-01-12,28346109.23,14295248.53,14050860.7,3884.95,0.0,26950209.2,28401862.5,6507591.56,35
2007-01-15,28402712.43,14301157.24,14101555.19,11716.39,0.0,26995096.0,28401862.5,6507591.56,35
2007-01-16,28365357.57,14299827.62,14065529.95,3913.26,0.0,26957127.89,28398562.5,6507591.56,35
2007-01-17,28387756.08,14268805.76,14118950.32,3923.87,0.0,27008602.52,28365562.5,6507591.56,35
2007-01-18,28368975.3,14243146.08,14125829.22,3934.86,0.0,27013524.38,28337925.0,6507591.56,35
2007-01-19,28396704.46,14261207.84,14135496.62,3932.26,30.58,27023238.93,28354012.5,6507591.56,35
2007-01-22,28366937.24,14222611.89,14144325.35,11855.62,0.0,27026166.08,28309462.5,6507591.56,35
2007-01-23,28447432.57,14236137.25,14211295.32,3939.85,0.0,27091171.56,28321012.5,6507591.56,35
2007-01-24,28508292.2,14342480.95,14165811.26,3958.93,0.0,27043709.76,28425375.0,6507591.56,35
2007-01-25,28241073.55,14126672.96,14114400.59,3959.49,0.0,26990331.62,28207575.0,6507591.56,35
2007-01-26,28107254.98,14103063.92,14004191.06,3930.22,0.0,26878157.84,28182000.0,6507591.56,35
2007-01-29,28100913.63,14086252.7,14014660.94,11711.36,0.0,26882792.63,28159312.5,6507591.56,35
2007-01-30,28267408.08,14177313.03,14090095.04,3910.71,156.46,26959136.1,28248412.5,6507591.56,35
2007-01-31,28431942.75,14215972.86,14215969.89,3926.03,679.57,19795394.99,14213550.0,5529000.02,31
2007-02-01,28570598.28,14294280.85,14276317.43,3940.98,0.0,19853772.03,14289887.5,5529000.02,31
2007-02-02,28650392.85,14318428.67,14331964.18,3968.14,0.0,19907435.96,14312050.0,5529000.02,31
2007-02-05,28686148.43,14331794.11,14354354.32,11961.54,90.0,19951332.5,14319437.5,5529000.02,31
2007-02-06,28709746.46,14328867.6,14380878.86,4000.12,0.0,19975855.41,14314512.5,5529000.02,31
2007-02-07,28798167.58,14355486.7,14442680.88,3995.44,0.0,20035656.09,14339137.5,5529000.02,31
2007-02-08,28793206.96,14340251.0,14452955.96,4015.74,0.0,20043917.22,14321900.0,5529000.02,31
2007-02-09,28710912.37,14233904.65,14477007.72,4023.05,0.0,20065949.58,14213550.0,5529000.02,31
2007-02-12,28570838.16,14190609.17,14380229.0,12010.73,0.0,19963114.65,14164300.0,5529000.02,31
2007-02-13,28757672.85,14305870.85,14451802.0,3999.92,0.0,20032674.42,14277575.0,5529000.02,31
2007-02-14,28906520.47,14396519.7,14510000.77,4018.09,126.0,20094859.95,14366225.0,5529000.02,31
2007-02-15,29023216.09,14408377.21,14614838.87,4030.85,0.0,20197674.71,14376075.0,5529000.02,31
2007-02-16,29054970.88,14405465.38,14649505.5,4055.19,30.58,20232240.76,14371150.0,5529000.02,31
2007-02-19,29085065.94,14411515.68,14673550.26,12203.09,0.0,20250132.73,14371150.0,5529000.02,31
2007-02-20,29088481.02,14440620.79,14647860.22,4071.91,40.5,20231878.9,14398237.5,5529000.02,31
2007-02-21,29185399.03,14430333.99,14755065.04,4080.47,0.0,20337028.94,14385925.0,5529000.02,31
2007-02-22,29247321.77,14420041.74,14827280.03,4085.96,81.0,20388359.23,14373612.5,5529000.02,31
2007-02-23,29231391.27,14367889.55,14863501.72,4102.75,0.0,20422500.98,14319437.5,5529000.02,31
2007-02-26,29269350.13,14361623.53,14907726.59,12301.54,114.4,20450243.34,14307125.0,5529000.02,31
2007-02-27,28494551.85,13799725.65,14694826.2,4105.84,146.06,20236320.18,13743212.5,5529000.02,31
2007-02-28,28496353.33,14248224.33,14248129.01,3949.66,1289.62,45826185.7,28456681.25,6684883.16,39
2007-03-01,28305595.91,14209807.2,14095788.71,3965.74,80.5,45675853.03,28416281.25,6684883.16,39
2007-03-02,28069548.72,14054199.54,14015349.19,3931.33,0.0,45593455.76,28258700.0,6684883.16,39
2007-03-05,27701651.99,13919588.28,13782063.7,11648.86,0.0,45354354.3,28118256.25,6684883.16,39
2007-03-06,28016714.85,14144053.71,13872661.14,3824.37,0.0,45443048.66,28340800.0,6684883.16,39
2007-03-07,28151380.61,14149898.61,14001482.01,3883.43,0.0,45569947.01,28344684.38,6684883.16,39
2007-03-08,28376933.1,14263908.33,14113024.77,3886.45,1953.68,45683985.44,28456740.62,6684883.16,39
2007-03-09,28284894.96,14194707.12,14090187.85,3901.83,0.0,45659207.58,28385578.12,6684883.16,39
2007-03-12,28431971.38,14253524.26,14178447.12,11691.09,0.0,45741643.3,28438528.12,6684883.16,39
2007-03-13,28147869.95,14041669.33,14106200.62,3917.29,129.5,45655585.32,28224709.38,6684883.16,39
2007-03-14,28006143.84,14121602.41,13884541.43,3862.51,0.0,45431990.45,28302715.62,6684883.16,39
2007-03-15,28096603.87,14128017.11,13968586.76,3827.51,998.04,45521198.95,28431834.38,6684883.16,39
2007-03-16,28058124.52,14076306.52,13981818.0,3832.06,229.92,45532708.42,28378196.88,6684883.16,39
2007-03-19,28294460.75,14228713.72,14065747.04,11457.07,240.8,45614435.66,28524856.25,6684883.16,39
2007-03-20,28509323.32,14327359.13,14181964.19,3874.77,0.0,45728726.19,28621553.12,6684883.16,39
2007-03-21,28873933.93,14581264.08,14292669.85,3896.27,0.0,45837493.64,28873500.0,6684883.16,39
2007-03-22,28903760.83,14521846.55,14381914.28,3938.08,0.0,45924788.72,28812093.75,6684883.16,39
2007-03-23,28882247.34,14523562.46,14358684.88,3950.18,0.0,45899593.79,28811825.0,6684883.16,39
2007-03-26,28887410.31,14532335.07,14355075.24,11889.86,0.0,45890073.16,28814618.75,6684883.16,39
2007-03-27,28793798.71,14467928.32,14325870.39,3955.97,0.0,45858902.46,28748221.88,6684883.16,39
2007-03-28,28666609.9,14356762.75,14309847.15,3943.15,9.0,45843166.37,28635075.0,6684883.16,39
2007-03-29,28749767.23,14362549.84,14387217.39,3917.77,137.62,45917604.1,28638900.0,6684883.16,39
2007-03-30,28667026.18,14333650.06,14333376.12,3921.15,393.74,35023258.18,28585000.0,6703099.8,39
2007-04-02,28687866.08,14363627.97,14324238.12,11705.7,0.0,35008267.38,28609125.0,6703099.8,39
2007-04-03,28806585.62,14484962.0,14321623.61,3912.71,0.0,35003699.21,28728500.0,6703099.8,39
2007-04-04,28976814.35,14515937.59,14460876.76,3928.9,0.0,35140999.04,28757500.0,6703099.8,39
2007-04-05,29037954.23,14537733.94,14500220.29,3960.16,0.0,35178366.26,28777312.5,6703099.8,39
2007-04-06,28905987.08,14465462.68,14440524.39,3952.39,0.0,35116696.72,28703062.5,6703099.8,39
2007-04-09,28897820.65,14495068.97,14402751.68,11827.37,81.0,35043396.43,28726750.0,6703099.8,39
2007-04-10,29026961.61,14530600.38,14496361.22,3925.29,0.0,35135049.59,28760312.5,6703099.8,39
2007-04-11,28954083.33,14445199.12,14508884.21,3942.83,0.0,35145603.49,28672937.5,6703099.8,39
2007-04-12,28986770.31,14517165.28,14469605.04,3940.97,21.0,35105420.5,28742937.5,6703099.8,39
2007-04-13,29083980.88,14553949.69,14530031.19,3937.37,0.0,35163881.2,28777750.0,6703099.8,39
2007-04-16,29298975.61,14720930.8,14578044.82,11827.49,0.0,35205985.94,28938812.5,6703099.8,39
2007-04-17,29386025.43,14803301.3,14582724.13,3971.64,103.5,35216152.62,29019187.5,6703099.8,39
2007-04-18,29417392.37,14848741.36,14568651.01,3975.28,0.0,35200106.78,29062625.0,6703099.8,39
2007-04-19,29301227.63,14844558.44,14456669.19,3971.35,0.0,35086158.2,29056437.5,6703099.8,39
2007-04-20,29578129.56,14976120.83,14602008.73,3947.53,27.8,35224598.07,29186000.0,6703099.8,39
2007-04-23,29578995.55,14951173.68,14627821.87,11954.49,0.0,35244509.56,29155000.0,6703099.8,39
2007-04-24,29522346.62,14982500.43,14539846.18,3984.95,85.5,35177543.68,29184312.5,6703099.8,39
2007-04-25,29708801.93,15086389.75,14622412.18,3969.12,0.0,35258154.88,29286187.5,6703099.8,39
2007-04-26,29603038.89,15073351.34,14529687.56,3985.93,72.0,35173255.42,29271125.0,6703099.8,39
2007-04-27,29608265.24,15059619.49,14548645.74,3963.52,125.26,35183774.78,29255375.0,6703099.8,39
2007-04-30,29594336.25,14797346.53,14796989.72,11867.98,835.11,38095706.54,29468775.0,6956261.75,44
2007-05-01,29614774.36,14826515.4,14788258.96,3937.69,80.5,38090377.46,29495975.0,6956261.75,44
2007-05-02,29688816.34,14903775.79,14785040.54,3915.73,0.0,38085203.28,29571275.0,6956261.75,44
2007-05-03,29728954.04,14947775.54,14781178.5,3933.77,0.0,38079382.64,29613300.0,6956261.75,44
2007-05-04,29915912.5,15045276.97,14870635.53,3930.83,0.0,38166885.26,29708825.0,6956261.75,44
2007-05-07,29926809.54,15053369.93,14873439.61,11866.65,0.0,38163790.24,29710950.0,6956261.75,44
2007-05-08,29867173.61,15039814.5,14827359.11,3965.3,0.0,38115739.43,29695400.0,6956261.75,44
2007-05-09,29876943.81,15031478.1,14845465.71,3949.1,0.0,38131885.11,29685075.0,6956261.75,44
2007-05-10,29708648.4,14898082.25,14810566.15,3933.8,21.0,38095951.89,29549700.0,6956261.75,44
2007-05-11,29940673.87,15005364.69,14935309.18,3903.39,0.0,38218748.98,29655025.0,6956261.75,44
2007-05-14,29917261.13,14959629.3,14957631.83,11801.62,0.0,38235184.63,29603375.0,6956261.75,44
2007-05-15,29937510.19,14937869.83,14999640.35,3930.8,129.5,38291839.67,29579650.0,6956261.75,44
2007-05-16,29995288.69,15033870.05,14961418.63,3908.51,0.0,38251659.66,29673700.0,6956261.75,44
2007-05-17,29976508.55,14963949.4,15012559.15,3849.4,0.0,38300880.55,29601850.0,6956261.75,44
2007-05-18,30103084.19,15049619.71,15053464.48,3896.95,27.8,38332623.92,29685575.0,6956261.75,44
2007-05-21,30237518.18,15068264.15,15169254.03,11790.37,21.0,38448778.11,29698325.0,6956261.75,44
2007-05-22,30032045.27,15006906.51,15025138.77,3998.07,22.5,38305679.63,29634975.0,6956261.75,44
2007-05-23,30102162.98,14988003.26,15114159.72,3995.93,0.0,38392701.41,29614075.0,6956261.75,44
2007-05-24,29866377.41,14849264.17,15017113.24,3988.54,0.0,38293652.3,29473350.0,6956261.75,44
2007-05-25,29944674.33,14903906.7,15040767.63,3957.3,0.0,38315316.93,29526025.0,6956261.75,44
2007-05-28,29958592.05,14909806.16,15048785.88,11853.1,0.0,38317381.54,29526025.0,6956261.75,44
2007-05-29,29884977.99,14942498.43,14942479.56,3952.87,152.46,38236621.08,29556750.0,6956261.75,44
2007-05-30,30011812.86,15057712.16,14954100.7,3951.46,657.08,38248169.18,29670600.0,6956261.75,44
2007-05-31,30144864.4,15072610.95,15072253.46,3926.55,1545.59,70339267.8,15023400.0,6687270.05,40
2007-06-01,30393365.53,15138236.89,15255128.64,3851.84,0.0,70520217.08,15087100.0,6687270.05,40
2007-06-04,30446136.0,15151465.57,15294670.43,11802.76,94.5,70552879.3,15094450.0,6687270.05,40
2007-06-05,30421004.72,15089735.26,15331269.46,3958.0,0.0,70587490.03,15030750.0,6687270.05,40
2007-06-06,30132601.39,14922655.31,15209946.08,3971.63,0.0,70464165.06,14861700.0,6687270.05,40
2007-06-07,29809386.74,14657541.11,15151845.63,3908.87,1979.18,70406817.02,14594650.0,6687270.05,40
2007-06-08,29808352.93,14843192.52,14965160.41,3866.94,0.0,70218166.27,14778400.0,6687270.05,40
2007-06-11,30007752.95,14873431.89,15134321.06,11525.9,0.0,70381540.39,14802900.0,6687270.05,40
2007-06-12,29797790.34,14703832.38,15093957.96,3834.32,24.5,70341192.96,14631400.0,6687270.05,40
2007-06-13,30047713.74,14926207.12,15121506.62,3799.22,0.0,70366817.14,14851900.0,6687270.05,40
2007-06-14,30372182.35,15017853.34,15354329.02,3781.0,1047.0,70625191.75,15087100.0,6687270.05,40
2007-06-15,30622950.55,15100588.91,15522361.64,3813.4,228.44,70812685.71,15167950.0,6687270.05,40
2007-06-18,30702817.63,15089013.54,15613804.09,11304.97,374.1,70880946.92,15150800.0,6687270.05,40
2007-06-19,30655411.9,15120303.86,15535108.03,3846.38,176.6,70805021.4,15180200.0,6687270.05,40
2007-06-20,30463472.15,14906602.3,15556869.85,3848.96,0.0,70824832.7,14964600.0,6687270.05,40
2007-06-21,30471119.6,14994261.17,15476858.42,3901.02,71.76,70753418.94,15050350.0,6687270.05,40
2007-06-22,30252601.36,14846714.61,15405886.75,3868.14,0.0,70680482.57,14900900.0,6687270.05,40
2007-06-25,30118014.07,14783793.48,15334220.59,11571.62,0.0,70602923.66,14832300.0,6687270.05,40
2007-06-26,29904521.56,14631369.48,15273152.08,3923.71,0.0,70539857.44,14677950.0,6687270.05,40
2007-06-27,30030351.41,14841525.62,15188825.79,3895.89,9.0,70456050.4,14886200.0,6687270.05,40
2007-06-28,30169119.0,14826288.53,15342830.47,3870.58,123.0,70610953.1,14869050.0,6687270.05,40
2007-06-29,30276766.68,15138513.08,15138253.61,3888.46,1418.37,72401261.63,15079225.0,6642891.37,40
2007-07-02,30557605.82,15298642.1,15258963.72,11807.94,73.5,72520341.32,15233450.0,6642891.37,40
2007-07-03,30643309.66,15352923.67,15290385.99,4082.84,0.0,72549724.82,15285687.5,6642891.37,40
2007-07-04,30677311.44,15354974.99,15322336.46,4094.29,0.0,72579632.32,15285687.5,6642891.37,40
2007-07-05,30728184.86,15339614.08,15388570.78,4098.83,0.0,72643819.42,15268275.0,6642891.37,40
2007-07-06,30932937.46,15421263.62,15511673.84,4105.63,0.0,72764866.39,15347875.0,6642891.37,40
2007-07-09,31016732.9,15427444.98,15589287.92,12398.95,0.0,72836262.87,15347875.0,6642891.37,40
2007-07-10,30798863.87,15205639.83,15593224.04,4161.41,0.0,72838107.43,15124000.0,6642891.37,40
2007-07-11,30888408.45,15317121.47,15571286.98,4115.07,0.0,72814086.94,15233450.0,6642891.37,40
2007-07-12,31289778.44,15565430.51,15724347.93,4127.03,21.0,72967038.4,15479712.5,6642891.37,40
2007-07-13,31410443.3,15609806.37,15800636.93,4198.05,0.0,73041217.71,15522000.0,6642891.37,40
2007-07-16,31294162.65,15613601.82,15680560.84,12642.7,207.5,72964809.56,15519512.5,6642891.37,40
2007-07-17,31209499.12,15605750.98,15603748.14,4207.33,0.0,72885888.69,15509562.5,6642891.37,40
2007-07-18,31220806.83,15568040.42,15652766.41,4178.61,0.0,72932817.8,15469762.5,6642891.37,40
2007-07-19,31374394.35,15619874.81,15754519.55,4180.12,17.5,73033742.7,15519512.5,6642891.37,40
2007-07-20,31182951.88,15475212.31,15707739.57,4218.11,53.08,72988068.13,15372750.0,6642891.37,40
2007-07-23,31166734.46,15521241.08,15645493.38,12551.14,0.0,72919499.57,15412550.0,6642891.37,40
2007-07-24,30903734.67,15259670.07,15644064.6,4224.82,0.0,72915949.96,15148875.0,6642891.37,40
2007-07-25,30783129.72,15284126.11,15499003.61,4189.17,0.0,72768768.33,15171262.5,6642891.37,40
2007-07-26,30149562.33,14920522.72,15229039.62,4147.17,0.0,72496716.27,14805600.0,6642891.37,40
2007-07-27,29624813.02,14624003.83,15000809.19,4003.19,0.0,72266463.77,14507100.0,6642891.37,40
2007-07-30,29904952.63,14856118.44,15048834.19,11652.43,127.22,72301904.11,14733462.5,6642891.37,40
2007-07-31,29916659.4,14958541.12,14958118.29,4003.94,1388.63,84429791.9,14912400.0,6884600.63,43
2007-08-01,29686254.88,15042143.9,14644110.98,4005.51,0.0,84113781.87,14994000.0,6884600.63,43
2007-08-02,29918584.94,15163978.63,14754606.32,3916.94,0.0,84222345.86,15113850.0,6884600.63,43
2007-08-03,29556734.64,14770729.43,14786005.21,3947.59,0.0,84251797.96,14718600.0,6884600.63,43
2007-08-06,29605572.58,15028989.25,14576583.33,11625.65,99.0,84075158.39,14971050.0,6884600.63,43
2007-08-07,29746854.68,15181418.07,14565436.62,3898.07,0.0,84062093.29,15121500.0,6884600.63,43
2007-08-08,30167025.09,15402742.26,14764282.83,3966.25,0.0,84258996.59,15340800.0,6884600.63,43
2007-08-09,29566236.0,14935600.23,14630635.77,4030.65,0.0,84123376.86,14871600.0,6884600.63,43
2007-08-10,29257380.32,14866137.71,14391242.61,3835.4,21.0,83883607.64,14800200.0,6884600.63,43
2007-08-13,29467364.1,14912438.18,14554925.92,10825.23,0.0,84041965.75,14841000.0,6884600.63,43
2007-08-14,29156216.62,14702697.8,14453518.81,3773.46,94.5,83917369.74,14629350.0,6884600.63,43
2007-08-15,28857386.27,14503089.73,14354296.54,3652.63,0.0,83816335.91,14427900.0,6884600.63,43
2007-08-16,28371364.56,14606741.47,13764623.09,3286.54,0.0,83225027.66,14529900.0,6884600.63,43
2007-08-17,28738176.98,14868338.66,13869838.32,2908.06,33.36,83331645.24,14790000.0,6884600.63,43
2007-08-20,28954996.88,14862661.11,14092335.77,8741.2,17.5,83549141.02,14779800.0,6884600.63,43
2007-08-21,28933659.46,14876682.69,14056976.77,2477.26,126.0,83508683.2,14792550.0,6884600.63,43
2007-08-22,29261777.21,15066833.17,14194944.04,2821.03,0.0,83645279.06,14981250.0,6884600.63,43
2007-08-23,29473002.61,15045381.48,14427621.12,2909.92,49.5,83894538.21,14958300.0,6884600.63,43
2007-08-24,29751783.03,15220365.43,14531417.6,3102.85,0.0,83996816.22,15131700.0,6884600.63,43
2007-08-27,29653182.12,15085353.77,14567828.35,10239.57,0.0,84028224.88,14991450.0,6884600.63,43
2007-08-28,29251719.95,14765939.44,14485780.51,3706.65,0.0,83944356.05,14670150.0,6884600.63,43
2007-08-29,29600679.31,15045644.94,14555034.36,3477.7,0.0,84011888.57,14948100.0,6884600.63,43
2007-08-30,29690893.85,15006466.53,14684427.32,3190.3,186.3,84144605.1,14907300.0,6884600.63,43
2007-08-31,29957171.46,14979188.12,14977983.33,3084.55,3175.29,94010567.51,29854596.88,6750554.03,42
2007-09-03,29992665.74,14984068.84,15008596.9,9761.05,116.0,94054476.75,29854596.88,6750554.03,42
2007-09-04,30259535.09,15114471.28,15145063.81,3257.54,18.0,94189331.94,29983371.88,6750554.03,42
2007-09-05,30272271.25,15077044.49,15195226.77,3656.36,0.0,94237664.49,29944118.75,6750554.03,42
2007-09-06,30337174.06,15079151.48,15258022.58,3565.4,532.86,94319650.15,29944450.0,6750554.03,42
2007-09-07,30409800.89,15024849.21,15384951.69,3522.48,0.0,94444807.63,29888396.88,6750554.03,42
2007-09-10,30506815.83,15016466.78,15490349.04,10035.23,0.0,94545127.95,29875056.25,6750554.03,42
2007-09-11,30751619.89,15145592.51,15606027.38,3271.01,0.0,94659144.99,30002571.88,6750554.03,42
2007-09-12,30784291.8,15146234.73,15638057.07,3416.85,24.5,94687715.56,30001531.25,6750554.03,42
2007-09-13,30756865.61,15167763.19,15589102.42,3360.62,193.0,94657144.03,30021406.25,6750554.03,42
2007-09-14,30831497.74,15192982.73,15638515.01,3391.8,0.0,94704837.89,30044953.12,6750554.03,42
2007-09-17,30793497.21,15108557.95,15684939.25,10020.24,245.1,94765847.21,29955590.62,6750554.03,42
2007-09-18,31394027.13,15557401.41,15836625.71,3464.27,68.8,94917117.92,30402734.38,6750554.03,42
2007-09-19,31616086.03,15611075.5,16005010.53,3409.74,17.5,95077400.2,30454718.75,6750554.03,42
2007-09-20,31496347.52,15382774.22,16113573.31,3363.6,950.58,95184835.14,30354440.62,6750554.03,42
2007-09-21,31598297.22,15446375.95,16151921.27,3228.38,226.42,95245932.11,30416465.62,6750554.03,42
2007-09-24,31657664.22,15429708.23,16227955.99,9584.82,0.0,95317067.03,30395112.5,6750554.03,42
2007-09-25,31634699.3,15418529.15,16216170.15,3306.47,0.0,95303586.65,30382321.88,6750554.03,42
2007-09-26,31723426.43,15493338.83,16230087.6,3251.34,0.0,95315837.05,30455546.88,6750554.03,42
2007-09-27,32080952.97,15623183.5,16457769.47,3207.59,163.84,95545488.96,30583825.0,6750554.03,42
2007-09-28,32054293.79,16027231.66,16027062.12,3225.92,1037.54,101894806.36,31950262.5,7412065.09,46
2007-10-01,32304504.47,16233725.1,16070779.37,9936.83,0.0,101933554.82,32151787.5,7412065.09,46
2007-10-02,32090727.52,16253433.44,15837294.08,3436.84,0.0,101698360.17,32169768.75,7412065.09,46
2007-10-03,31976885.48,16195644.92,15781240.56,3440.84,0.0,101640608.15,32110237.5,7412065.09,46
2007-10-04,32103952.72,16235793.95,15868158.77,3428.63,0.0,101725834.65,32148650.0,7412065.09,46
2007-10-05,32143330.52,16304461.53,15838868.99,3433.34,0.0,101694847.86,32215581.25,7412065.09,46
2007-10-08,31897738.69,16226546.9,15671191.8,10419.8,103.5,101544679.74,32132381.25,7412065.09,46
2007-10-09,32081698.48,16355012.76,15726685.72,3446.73,0.0,101598480.3,32259093.75,7412065.09,46
2007-10-10,32175437.01,16330174.32,15845262.7,3528.99,0.0,101715327.34,32232456.25,7412065.09,46
2007-10-11,32373817.23,16241922.35,16131894.88,3530.36,24.5,102001470.45,32142412.5,7412065.09,46
2007-10-12,32347414.33,16312556.52,16034857.81,3606.08,0.0,101902636.46,32211237.5,7412065.09,46
2007-10-15,32246815.29,16192728.88,16054086.41,11025.08,0.0,101916399.46,32085850.0,7412065.09,46
2007-10-16,32024668.56,16087107.29,15937561.28,3753.17,0.0,101798006.2,31978343.75,7412065.09,46
2007-10-17,32333312.74,16252738.55,16080574.19,3682.84,0.0,101939185.9,32142125.0,7412065.09,46
2007-10-18,32523075.82,16242610.03,16280465.79,3511.76,0.0,102137330.97,32130231.25,7412065.09,46
2007-10-19,32228781.8,15915955.11,16312826.68,3306.51,48.08,102161508.42,31801925.0,7412065.09,46
2007-10-22,32025552.37,15996966.35,16028586.02,10071.49,22.5,101863942.49,31877962.5,7412065.09,46
2007-10-23,32290187.21,16121218.1,16168969.11,3469.43,0.0,102002589.15,32000481.25,7412065.09,46
2007-10-24,32337605.78,16161836.86,16175768.92,3480.16,0.0,102007646.31,32039362.5,7412065.09,46
2007-10-25,32566176.24,16169626.64,16396549.61,3368.5,72.0,102222014.02,32045468.75,7412065.09,46
2007-10-26,32911929.77,16321413.9,16590515.88,3473.73,0.0,102414231.32,32195531.25,7412065.09,46
2007-10-29,33213093.82,16375745.2,16837348.62,10586.67,0.0,102655727.06,32244612.5,7412065.09,46
2007-10-30,32950315.88,16263123.79,16687192.09,3607.31,94.66,102504097.45,32130212.5,7412065.09,46
2007-10-31,33199284.64,16599959.62,16599325.01,3533.01,1318.11,98478546.52,33063093.75,7269417.84,47
2007-11-01,32846174.98,16300905.29,16545269.69,3541.26,73.5,98344674.11,32762268.75,7269417.84,47
2007-11-02,33057725.91,16403253.93,16654471.97,3384.98,0.0,98452171.3,32862937.5,7269417.84,47
2007-11-05,32838122.94,16252140.56,16585982.39,9696.93,0.0,98378796.41,32707012.5,7269417.84,47
2007-11-06,33263298.03,16419262.3,16844035.73,3302.06,0.0,98635181.93,32872500.0,7269417.84,47
2007-11-07,32902672.32,16015500.34,16887171.98,3381.77,0.0,98676605.71,32467068.75,7269417.84,47
2007-11-08,32834871.69,16007769.17,16827102.53,3107.47,0.0,98614941.36,32457825.0,7269417.84,47
2007-11-09,32662976.18,15844817.79,16818158.39,3009.86,0.0,98604454.73,32293406.25,7269417.84,47
2007-11-12,32290865.68,15691942.37,16598923.31,8682.91,21.0,98375519.83,32136318.75,7269417.84,47
2007-11-13,32499976.95,16111439.11,16388537.84,2861.33,0.0,98163663.12,32554425.0,7269417.84,47
2007-11-14,32680025.37,16038302.72,16641722.65,3078.47,0.0,98415295.57,32479762.5,7269417.84,47
2007-11-15,32449386.5,15943973.76,16505412.74,3022.9,90.5,98275047.19,32383950.0,7269417.84,47
2007-11-16,32521276.72,15981081.11,16540195.61,2902.42,30.58,98310804.75,32419631.25,7269417.84,47
2007-11-19,32282072.65,15827590.04,16454482.61,8997.55,130.5,98220606.14,32261718.75,7269417.84,47
2007-11-20,32672362.78,15940668.45,16731694.33,2977.12,0.0,98496300.39,32373337.5,7269417.84,47
2007-11-21,32332670.26,15676365.86,16656304.4,2876.98,45.0,98432232.14,32107631.25,7269417.84,47
2007-11-22,32347530.57,15677680.93,16669849.64,2712.35,0.0,98444380.09,32107631.25,7269417.84,47
2007-11-23,32808849.95,15946633.62,16862216.33,2713.6,0.0,98635348.37,32375268.75,7269417.84,47
2007-11-26,32743697.85,15773125.86,16970571.99,8612.32,81.0,98788588.7,32197575.0,7269417.84,47
2007-11-27,32552775.81,15862085.32,16690690.49,2783.21,0.0,98507264.7,32285193.75,7269417.84,47
2007-11-28,32911881.27,16251679.91,16660201.36,2785.07,814.3,98470523.66,32674106.25,7269417.84,47
2007-11-29,33110954.02,16350393.94,16760560.08,2724.37,160.32,98569162.1,32771475.0,7269417.84,47
2007-11-30,33091277.47,16545961.2,16545316.26,2685.67,2241.94,112819636.68,33071468.75,7037369.4,46
2007-12-03,33231998.09,16558595.5,16673402.6,8493.43,0.0,112943476.38,33079856.25,7037369.4,46
2007-12-04,33199906.35,16430227.03,16769679.31,2760.1,0.0,113038368.63,32950112.5,7037369.4,46
2007-12-05,33428788.56,16696408.72,16732379.85,2766.66,0.0,112999671.34,33214925.0,7037369.4,46
2007-12-06,33587154.21,16846531.34,16740622.87,2785.73,801.78,113079894.12,33363656.25,7037369.4,46
2007-12-07,33304814.12,16724250.82,16580563.3,2817.59,0.0,112918430.2,33239962.5,7037369.4,46
2007-12-10,33424997.11,16829337.63,16595659.48,8437.22,0.0,112929326.31,33340812.5,7037369.4,46
2007-12-11,33322836.16,16556586.98,16766249.19,2766.85,0.0,113098541.92,33066668.75,7037369.4,46
2007-12-12,33426150.94,16598681.91,16827469.04,2656.57,21.0,113155896.48,33107443.75,7037369.4,46
2007-12-13,33049596.14,16492765.03,16556831.11,2609.1,55.0,112882416.07,33000231.25,7037369.4,46
2007-12-14,32582924.59,16207172.8,16375751.8,2570.52,0.0,112700048.66,32713356.25,7037369.4,46
2007-12-17,32338234.84,16023711.73,16314523.12,7629.83,504.2,112625845.77,32526100.0,7037369.4,46
2007-12-18,32559931.79,16203470.24,16356461.55,2703.84,55.9,112667126.03,32704518.75,7037369.4,46
2007-12-19,32699892.63,16240049.02,16459843.61,2695.24,18.0,112767532.14,32739756.25,7037369.4,46
2007-12-20,32897696.71,16394668.69,16503028.01,2588.74,1022.58,112810598.38,33016743.75,7037369.4,46
2007-12-21,33062550.35,16497797.85,16564752.49,2604.4,197.32,112890209.49,33118575.0,7037369.4,46
2007-12-24,33160021.72,16546399.82,16613621.9,8045.22,23.52,112935717.78,33163162.5,7037369.4,46
2007-12-25,33163024.54,16547898.19,16615126.35,3002.82,0.0,112935717.78,33163162.5,7037369.4,46
2007-12-26,33269145.43,16512634.19,16756511.24,3003.1,0.0,113075598.07,33126400.0,7037369.4,46
2007-12-27,33188331.18,16382370.33,16805960.85,2994.22,13.5,113127093.1,32994650.0,7037369.4,46
2007-12-28,33313106.5,16436763.98,16876342.52,2848.67,67.52,113196598.98,33047637.5,7037369.4,46
2007-12-31,33325414.77,16662713.31,16662701.46,8605.89,1887.85,107236373.99,16555031.25,3871409.86,46
2008-01-02,33916820.37,16811758.88,17105061.48,6091.15,91.0,107686439.11,16701031.25,3871409.86,46
2008-01-03,33981651.31,16806400.17,17175251.13,2995.99,0.0,107755117.81,16694187.5,3871409.86,46
2008-01-04,34066037.16,16901406.65,17164630.51,2982.83,0.0,107742989.58,16787718.75,3871409.86,46
2008-01-07,33907671.14,16930894.77,16976776.38,8857.17,0.0,107550672.64,16812812.5,3871409.86,46
2008-01-08,34066651.81,16932395.03,17134256.77,3004.6,0.0,107706648.71,16812812.5,3871409.86,46
2008-01-09,34118449.49,16979511.02,17138938.47,2999.76,0.0,107709821.64,16858437.5,3871409.86,46
2008-01-10,33982704.72,16885179.51,17097525.2,2975.89,21.0,107662434.8,16762625.0,3871409.86,46
2008-01-11,34185502.89,16977911.66,17207591.23,2982.93,0.0,107771000.05,16853875.0,3871409.86,46
2008-01-14,34375189.85,16991309.43,17383880.42,8603.35,0.0,107942958.33,16863000.0,3871409.86,46
2008-01-15,34362898.14,17079464.79,17283433.34,2969.63,0.0,107841009.48,16949687.5,3871409.86,46
2008-01-16,34108717.37,17071805.78,17036911.59,2949.48,0.0,107593004.57,16940562.5,3871409.86,46
2008-01-17,34262628.95,17148538.13,17114090.82,2899.24,0.0,107668735.33,17015843.75,3871409.86,46
2008-01-18,34257636.6,17168217.18,17089419.43,2855.22,14.0,107640411.76,17034093.75,3871409.86,46
2008-01-21,34079767.02,17172208.79,16907558.23,7964.9,0.0,107454577.27,17034093.75,3871409.86,46
2008-01-22,34205621.8,17342352.14,16863269.66,2641.18,18.0,107406396.76,17202906.25,3871409.86,46
2008-01-23,34172535.55,17398210.12,16774325.43,2185.36,0.0,107316374.76,17257656.25,3871409.86,46
2008-01-24,34153776.0,17175691.51,16978084.48,2050.35,0.0,107519127.69,17034093.75,3871409.86,46
2008-01-25,34461966.07,17231548.39,17230417.68,2201.02,0.0,107770366.4,17088843.75,3871409.86,46
2008-01-28,34592069.06,17227935.56,17364133.5,6461.62,0.0,107900851.53,17082000.0,3871409.86,46
2008-01-29,34512238.94,17160593.94,17351645.0,2200.44,13.5,107885681.97,17013562.5,3871409.86,46
2008-01-30,34456680.02,17084094.45,17372585.57,2137.84,86.82,107907170.83,16936000.0,3871409.86,46
2008-01-31,34706768.71,17353755.17,17353013.53,2067.4,1462.24,127331770.6,17274375.0,3067502.44,41
2008-02-01,34820553.67,17403243.21,17417310.46,1851.03,0.0,127395142.03,17322937.5,3067502.44,41
2008-02-04,34922806.81,17371543.26,17551263.55,5977.53,0.0,127526105.53,17288250.0,3067502.44,41
2008-02-05,35001861.85,17465114.51,17536747.34,2153.57,0.0,127510506.61,17380750.0,3067502.44,41
2008-02-06,35015593.51,17447652.71,17567940.8,2080.67,0.0,127540657.6,17362250.0,3067502.44,41
2008-02-07,34993592.31,17333021.26,17660571.05,1993.94,0.0,127632287.46,17246625.0,3067502.44,41
2008-02-08,35429114.43,17414979.48,18014134.95,2060.73,0.0,127984811.35,17327562.5,3067502.44,41
2008-02-11,35529532.87,17455143.2,18074389.67,6436.29,0.0,128041793.82,17364562.5,3067502.44,41
2008-02-12,35227585.72,17391484.15,17836101.57,2220.6,24.5,127791725.25,17299812.5,3067502.44,41
2008-02-13,35333923.4,17406446.12,17927477.28,2201.72,0.0,127881986.52,17313687.5,3067502.44,41
2008-02-14,35449603.38,17296519.51,18153083.87,2178.93,0.0,128106487.26,17202687.5,3067502.44,41
2008-02-15,35564740.72,17327667.85,18237072.86,2225.45,0.0,128189336.65,17232750.0,3067502.44,41
2008-02-18,35488628.87,17330786.83,18157842.04,6401.65,0.0,128106823.15,17232750.0,3067502.44,41
2008-02-19,35733171.12,17211576.68,18521594.44,2129.32,116.5,128475802.91,17112500.0,3067502.44,41
2008-02-20,35587247.0,17164080.34,18423166.66,2213.47,22.5,128374700.32,17063937.5,3067502.44,41
2008-02-21,35960554.89,17340879.26,18619675.63,2174.78,45.0,128580815.61,17239687.5,3067502.44,41
2008-02-22,36118305.11,17344227.39,18774077.72,2147.64,0.0,128734105.68,17242000.0,3067502.44,41
2008-02-25,36109539.17,17217834.9,18891704.28,6471.2,76.5,128850060.05,17112500.0,3067502.44,41
2008-02-26,36448069.78,17267425.69,19180644.09,2156.54,0.0,129137872.0,17161062.5,3067502.44,41
2008-02-27,36665027.09,17283949.66,19381077.43,2116.01,788.3,129324206.05,17177250.0,3067502.44,41
2008-02-28,37259151.17,17444443.57,19814707.6,1975.84,63.0,129753452.72,17336812.5,3067502.44,41
2008-02-29,37660501.77,18830301.6,18830200.16,1925.06,1609.94,133267947.04,18765000.0,2947676.05,42
2008-03-03,37860601.2,18820641.84,19039959.36,5680.46,70.0,133481336.34,18752500.0,2947676.05,42
2008-03-04,37600192.51,18794014.91,18806177.6,1756.31,0.0,133246670.87,18725000.0,2947676.05,42
2008-03-05,37641707.89,18692365.86,18949342.03,1702.45,0.0,133388984.07,18622500.0,2947676.05,42
2008-03-06,37493290.67,18753144.71,18740145.96,1568.4,677.28,133226763.94,18682500.0,2947676.05,42
2008-03-07,37401661.04,18868858.37,18532802.67,1426.83,0.0,133018707.34,18797500.0,2947676.05,42
2008-03-10,37607661.22,18991091.18,18616570.03,4425.86,0.0,133100281.66,18917500.0,2947676.05,42
2008-03-11,37358641.88,18776792.8,18581849.08,1389.39,0.0,133064873.33,18702500.0,2947676.05,42
2008-03-12,37763699.58,18940049.09,18823650.49,1504.72,143.5,133314355.51,18865000.0,2947676.05,42
2008-03-13,37991298.14,18925811.95,19065486.19,1521.04,0.0,133555432.64,18850000.0,2947676.05,42
2008-03-14,38229566.26,19131511.15,19098055.1,1403.57,0.0,133587297.05,19055000.0,2947676.05,42
2008-03-17,37893120.04,19250860.53,18642259.51,3695.52,886.8,133168241.72,19172500.0,2947676.05,42
2008-03-18,37699994.91,19106443.41,18593551.5,1147.32,73.4,133108933.2,19027500.0,2947676.05,42
2008-03-19,37160143.03,19219426.38,17940716.65,952.97,22.5,132451050.58,19140000.0,2947676.05,42
2008-03-20,36700265.01,19252246.7,17448018.31,619.34,0.0,131958053.1,19172500.0,2947676.05,42
2008-03-21,36700897.07,19252578.27,17448318.8,632.06,0.0,131958053.1,19172500.0,2947676.05,42
2008-03-24,36450349.39,18996072.98,17454276.41,1896.21,0.0,131963109.21,18915000.0,2947676.05,42
2008-03-25,36728830.88,19046722.01,17682108.86,1245.39,0.0,132190345.31,18965000.0,2947676.05,42
2008-03-26,36958593.45,19067393.94,17891199.51,1295.71,0.0,132398812.03,18985000.0,2947676.05,42
2008-03-27,36957991.18,19020566.6,17937424.59,1303.82,13.5,132447809.45,18937500.0,2947676.05,42
2008-03-28,36811560.0,19076242.88,17735317.12,1314.06,0.0,132245064.34,18992500.0,2947676.05,42
2008-03-31,36625868.36,18313199.26,18312669.1,4018.6,1217.06,112775080.04,18199828.12,2776812.64,42
2008-04-01,36139460.93,18125031.72,18014429.21,1383.64,0.0,112476148.53,18010968.75,2776812.64,42
2008-04-02,36191620.77,18080304.64,18111316.13,1385.35,0.0,112572344.53,17965546.88,2776812.64,42
2008-04-03,36277387.26,18081002.74,18196384.52,1397.4,0.0,112656713.51,17965546.88,2776812.64,42
2008-04-04,36603195.71,18217961.47,18385234.24,1390.63,0.0,112844865.71,18101812.5,2776812.64,42
2008-04-07,36531272.57,18093277.5,18437995.07,4056.85,0.0,112895588.71,17975109.38,2776812.64,42
2008-04-08,36465500.65,18091605.58,18373895.07,1451.1,0.0,112830756.44,17972718.75,2776812.64,42
2008-04-09,36993945.19,18202272.87,18791672.32,1407.97,0.0,113247824.48,18082687.5,2776812.64,42
2008-04-10,36936639.1,18104909.49,18831729.61,1325.62,17.5,113279100.55,17984671.88,2776812.64,42
2008-04-11,37081118.87,18205944.38,18875174.49,1282.52,0.0,113321891.67,18085078.12,2776812.64,42
2008-04-14,37097200.65,18164688.21,18932512.44,3615.41,0.0,113377389.16,18042046.88,2776812.64,42
2008-04-15,37071652.19,18086337.48,18985314.71,1102.61,0.0,113429628.85,17963156.25,2776812.64,42
2008-04-16,36932989.86,17962572.59,18970417.27,1122.45,0.0,113414156.45,17838843.75,2776812.64,42
2008-04-17,36788160.5,17927267.07,18860893.43,1138.77,90.0,113295138.23,17802984.38,2776812.64,42
2008-04-18,36533836.07,17894400.87,18639435.2,1236.49,0.0,113073045.52,17769515.62,2776812.64,42
2008-04-21,36474270.8,17934619.26,18539651.54,4018.72,14.0,112969106.01,17807765.62,2776812.64,42
2008-04-22,36666855.62,17913766.21,18753089.41,1347.52,63.0,113186771.58,17786250.0,2776812.64,42
2008-04-23,36528648.89,17888096.32,18640552.57,1283.34,0.0,113073578.62,17759953.12,2776812.64,42
2008-04-24,36073858.11,17771571.84,18302286.26,1258.21,63.0,112757763.01,17642812.5,2776812.64,42
2008-04-25,35978610.08,17733933.97,18244676.1,1242.54,0.0,112699522.32,17604562.5,2776812.64,42
2008-04-28,36081120.93,17778901.18,18302219.75,3927.66,13.5,112759227.98,17647593.75,2776812.64,42
2008-04-29,35896618.47,17786774.33,18109844.14,1423.2,0.0,112566130.34,17654765.62,2776812.64,42
2008-04-30,36050923.06,18025628.71,18025294.35,1435.86,1300.66,97838018.44,17950937.5,3148580.27,45
2008-05-01,35649537.81,18014225.34,17635312.47,1411.99,70.0,97457000.58,17938828.12,3148580.27,45
2008-05-02,35623720.2,17896264.02,17727456.18,1406.18,0.0,97548448.88,17820156.25,3148580.27,45
2008-05-05,35790848.61,17915409.44,17875439.17,4363.91,0.0,97694260.05,17837109.38,3148580.27,45
2008-05-06,35957823.86,17879832.77,18077991.1,1501.23,0.0,97896062.35,17800781.25,3148580.27,45
2008-05-07,35955512.24,17921799.3,18033712.94,1598.13,0.0,97850980.9,17841953.12,3148580.27,45
2008-05-08,36299815.86,18029178.24,18270637.62,1637.97,0.0,98087083.93,17948515.62,3148580.27,45
2008-05-09,36634411.96,18071166.44,18563245.53,1643.57,0.0,98378864.69,17989687.5,3148580.27,45
2008-05-12,36619825.54,18068822.53,18551003.01,5067.76,119.0,98361144.15,17984843.75,3148580.27,45
2008-05-13,36267388.67,17897742.73,18369645.94,1769.96,0.0,98178890.33,17812890.62,3148580.27,45
2008-05-14,36033978.04,17842934.49,18191043.54,1813.37,0.0,97999369.36,17757187.5,3148580.27,45
2008-05-15,36151061.36,17955227.93,18195833.42,1791.69,0.0,98003254.63,17868593.75,3148580.27,45
2008-05-16,36410471.86,17946438.2,18464033.66,1807.55,0.0,98270545.34,17858906.25,3148580.27,45
2008-05-19,36336266.92,17978207.62,18358059.3,5491.91,14.0,98160799.6,17887968.75,3148580.27,45
2008-05-20,36594015.21,18066289.03,18527726.18,1806.72,18.0,98328251.68,17975156.25,3148580.27,45
2008-05-21,36716462.43,18016348.03,18700114.41,1860.2,0.0,98499698.53,17924296.88,3148580.27,45
2008-05-22,36273216.18,17876795.11,18396421.07,1866.42,0.0,98195054.6,17783828.12,3148580.27,45
2008-05-23,36554539.77,17998797.6,18555742.17,1843.89,0.0,98353440.22,17904921.88,3148580.27,45
2008-05-26,36546411.8,18001527.41,18544884.39,5544.11,0.0,98339768.15,17904921.88,3148580.27,45
2008-05-27,36177559.94,17893453.12,18284106.83,1847.62,0.0,98078052.93,17795937.5,3148580.27,45
2008-05-28,36051681.01,17787815.11,18263865.89,1869.17,107.6,98068088.57,17689375.0,3148580.27,45
2008-05-29,35626933.88,17722646.02,17904287.86,1862.67,775.06,97703370.3,17623984.38,3148580.27,45
2008-05-30,35837115.93,17918718.22,17918397.7,1850.62,1850.12,65823358.95,0.0,2419854.75,35
2008-06-02,35912345.93,17921480.69,17990865.24,5524.89,0.0,65893064.32,0.0,2419854.75,35
2008-06-03,35818453.73,17922386.72,17896067.01,1815.57,0.0,65797356.29,0.0,2419854.75,35
2008-06-04,35756534.88,17923292.8,17833242.08,1810.82,0.0,65733626.62,0.0,2419854.75,35
2008-06-05,35895745.62,17924193.94,17971551.68,1797.76,0.0,65871039.71,0.0,2419854.75,35
2008-06-06,36236770.67,17925100.11,18311670.56,1814.73,0.0,66210249.93,0.0,2419854.75,35
2008-06-09,35971075.93,17927803.81,18043272.12,5465.71,121.5,66007790.97,0.0,2419854.75,35
2008-06-10,35758952.09,17928730.08,17830222.01,1858.51,0.0,65793809.0,0.0,2419854.75,35
2008-06-11,36024129.24,17929716.16,18094413.08,1966.74,0.0,66057019.29,0.0,2419854.75,35
2008-06-12,35962482.94,17930672.41,18031810.52,1921.29,69.0,65994595.82,0.0,2419854.75,35
2008-06-13,35965074.05,17931648.64,18033425.41,1957.96,90.0,65992118.72,0.0,2419854.75,35
2008-06-16,36093172.14,17934562.53,18158609.61,5844.32,417.1,66064444.58,0.0,2419854.75,35
2008-06-17,36185767.94,17935578.82,18250189.12,2045.28,119.3,66158334.54,0.0,2419854.75,35
2008-06-18,36315658.77,17936555.32,18379103.45,1970.11,0.0,66286255.37,0.0,2419854.75,35
2008-06-19,36198125.71,17937496.99,18260628.73,1906.57,10.5,66168296.25,0.0,2419854.75,35
2008-06-20,36416540.76,17938428.74,18478112.02,1880.29,49.5,66394990.13,0.0,2419854.75,35
2008-06-23,36314244.9,17941164.35,18373080.55,5553.52,0.0,66287141.12,0.0,2419854.75,35
2008-06-24,36358037.88,17942086.33,18415951.55,1866.15,0.0,66329067.69,0.0,2419854.75,35
2008-06-25,36364429.18,17942983.43,18421445.75,1817.9,0.0,66333641.09,0.0,2419854.75,35
2008-06-26,36656253.36,17943870.61,18712382.75,1798.02,9.0,66625936.13,0.0,2419854.75,35
2008-06-27,36734786.96,17944717.96,18790068.99,1730.99,0.0,66702739.0,0.0,2419854.75,35
2008-06-30,36688525.7,18344220.4,18344305.3,5020.42,1322.2,66731632.85,18341421.88,2358617.89,38
2008-07-01,36782468.4,18337626.41,18444841.99,1905.77,59.5,66831275.91,18333875.0,2358617.89,38
2008-07-02,36997494.13,18393907.41,18603586.72,1879.99,0.0,66989077.79,18389218.75,2358617.89,38
2008-07-03,36919930.44,18417462.62,18502467.81,1839.6,0.0,66887033.98,18411859.38,2358617.89,38
2008-07-04,36897563.1,18418388.61,18479174.49,1856.25,0.0,66862810.4,18411859.38,2358617.89,38
2008-07-07,36628381.51,18499151.09,18129230.41,5565.38,0.0,66510079.18,18489843.75,2358617.89,38
2008-07-08,36518160.9,18562987.23,17955173.67,1872.12,0.0,66335095.9,18552734.38,2358617.89,38
2008-07-09,36684508.87,18606696.47,18077812.39,1856.34,0.0,66456821.59,18595500.0,2358617.89,38
2008-07-10,36849810.2,18635293.52,18214516.68,1824.04,14.0,66594541.12,18623171.88,2358617.89,38
2008-07-11,36748666.97,18434892.46,18313774.51,1678.71,0.0,66692969.06,18421921.88,2358617.89,38
2008-07-14,36807090.96,18525366.59,18281724.37,4838.57,0.0,66658507.81,18509968.75,2358617.89,38
2008-07-15,36764440.24,18599091.61,18165348.63,1533.63,94.5,66541044.93,18582921.88,2358617.89,38
2008-07-16,36592002.45,18511752.53,18080249.92,1399.09,84.0,66446915.25,18494875.0,2358617.89,38
2008-07-17,36133037.33,18353962.35,17779074.99,1372.2,0.0,66145062.62,18336390.62,2358617.89,38
2008-07-18,35949431.78,18309394.86,17640036.92,1405.17,0.0,66005333.19,18291109.38,2358617.89,38
2008-07-21,35989444.82,18336763.5,17652681.32,4343.89,10.5,66017626.23,18316265.62,2358617.89,38
2008-07-22,35781286.4,18289710.28,17491576.12,1459.57,13.5,65858158.97,18268468.75,2358617.89,38
2008-07-23,35467009.13,18217529.39,17249479.74,1510.77,0.0,65615323.81,18195515.62,2358617.89,38
2008-07-24,35722415.3,18401959.44,17320455.87,1536.9,0.0,65685552.55,18379156.25,2358617.89,38
2008-07-25,35574637.42,18287068.78,17287568.64,1607.51,0.0,65651885.82,18263437.5,2358617.89,38
2008-07-28,35784062.19,18423002.81,17361059.38,5069.39,0.0,65722912.96,18396765.62,2358617.89,38
2008-07-29,35685446.32,18398716.53,17286729.78,1689.8,9.0,65648412.9,18371609.38,2358617.89,38
2008-07-30,35744903.72,18399580.25,17345323.47,1675.23,0.0,65706194.82,18371609.38,2358617.89,38
2008-07-31,35961682.4,17980969.89,17980712.51,1658.17,892.68,85628792.38,17913187.5,2240230.28,36
2008-08-01,36052122.05,18013481.52,18038640.53,1648.24,0.0,85685896.37,17944875.0,2240230.28,36
2008-08-04,35713284.76,17986678.35,17726606.41,4897.08,117.0,85452389.05,17915625.0,2240230.28,36
2008-08-05,35568678.25,17965600.21,17603078.04,1706.3,0.0,85328013.61,17893687.5,2240230.28,36
2008-08-06,35455836.26,17932333.57,17523502.69,1699.39,0.0,85247597.42,17859562.5,2240230.28,36
2008-08-07,35688956.26,18106198.04,17582758.21,1585.66,0.0,85306068.95,18032625.0,2240230.28,36
2008-08-08,35283172.5,18063142.85,17220029.65,1615.92,0.0,84942544.27,17988750.0,2240230.28,36
2008-08-11,35136916.75,17997406.64,17139510.11,4910.24,0.0,84859628.53,17920500.0,2240230.28,36
2008-08-12,35288226.6,18129951.51,17158275.1,1795.89,14.0,84880131.49,18052125.0,2240230.28,36
2008-08-13,35406976.41,18082123.11,17324853.3,1793.82,0.0,85045837.35,18003375.0,2240230.28,36
2008-08-14,35360688.72,18146412.26,17214276.46,1790.02,81.0,84848065.88,18066750.0,2240230.28,36
2008-08-15,35138795.35,18191219.79,16947575.56,1817.15,0.0,84580480.02,18110625.0,2240230.28,36
2008-08-18,35328355.17,18240276.13,17088079.04,5300.1,0.0,84718427.47,18156937.5,2240230.28,36
2008-08-19,35377617.19,18221683.08,17155934.11,1756.6,78.0,84785120.99,18137437.5,2240230.28,36
2008-08-20,35495020.97,18283516.48,17211504.49,1739.4,13.5,84839891.13,18198375.0,2240230.28,36
2008-08-21,35846093.55,18230744.71,17615348.84,1656.43,36.0,85254668.28,18144750.0,2240230.28,36
2008-08-22,35523958.33,18185288.04,17338670.29,1682.77,0.0,84977162.68,18098437.5,2240230.28,36
2008-08-25,35689419.79,18312131.32,17377288.46,4943.75,0.0,85013367.99,18222750.0,2240230.28,36
2008-08-26,35753263.39,18308126.15,17445137.24,1695.25,0.0,85080391.34,18217875.0,2240230.28,36
2008-08-27,35843000.39,18340668.03,17502332.36,1668.49,108.7,85124657.1,18249562.5,2240230.28,36
2008-08-28,35658949.14,18317128.55,17341820.59,1632.85,94.5,84945330.01,18225187.5,2240230.28,36
2008-08-29,35611402.84,17805905.63,17805497.21,1693.8,1984.32,88651406.64,17787000.0,1751659.84,29
2008-09-01,35564871.09,17808413.29,17756457.8,5015.27,59.5,88606719.13,17787000.0,1751659.84,29
2008-09-02,35577256.75,17919936.8,17657319.95,1669.57,0.0,88506747.82,17897687.5,1751659.84,29
2008-09-03,35588767.41,17980934.29,17607833.12,1670.15,0.0,88456431.72,17957843.75,1751659.84,29
2008-09-04,35636558.7,18032299.66,17604259.05,1650.92,0.0,88452040.95,18008375.0,1751659.84,29
2008-09-05,35554413.51,17985006.15,17569407.36,1643.24,0.0,88416377.51,17960250.0,1751659.84,29
2008-09-08,35458578.2,17956197.83,17502380.36,4888.73,84.66,88341507.2,17928968.75,1751659.84,29
2008-09-09,35495655.36,18034040.78,17461614.58,1664.58,0.0,88299919.64,18005968.75,1751659.84,29
2008-09-10,35385004.04,17972294.82,17412709.22,1607.16,0.0,88250223.79,17943406.25,1751659.84,29
2008-09-11,35389583.84,17999572.32,17390011.51,1592.33,14.0,88227256.28,17969875.0,1751659.84,29
2008-09-12,35209561.53,17892081.05,17317480.48,1553.21,0.0,88153962.25,17861593.75,1751659.84,29
2008-09-15,35643754.21,18209476.67,17434277.53,4283.83,635.68,88274499.52,18176812.5,1751659.84,29
2008-09-16,35416634.26,18159466.42,17257167.85,1019.81,0.0,88096891.26,18126281.25,1751659.84,29
2008-09-17,35629250.48,18292233.89,17337016.59,826.39,0.0,88176337.58,18258625.0,1751659.84,29
2008-09-18,35537494.09,18280217.88,17257276.21,29.69,0.0,88096582.51,18246593.75,1751659.84,29
2008-09-19,35008908.28,17842397.17,17166511.11,227.05,10.5,88004697.78,17808656.25,1751659.84,29
2008-09-22,35037268.08,17766839.43,17270428.65,2829.89,13.5,88101840.73,17731656.25,1751659.84,29
2008-09-23,34919795.95,17724163.58,17195632.38,1255.5,0.0,88026426.07,17688343.75,1751659.84,29
2008-09-24,35093464.13,17782312.37,17311151.76,785.7,0.0,88141558.66,17746093.75,1751659.84,29
2008-09-25,34956884.83,17645403.1,17311481.74,487.41,94.5,88140692.12,17608937.5,1751659.84,29
2008-09-26,35049527.2,17717958.21,17331568.99,728.27,0.0,88160418.72,17681125.0,1751659.84,29
2008-09-29,35074131.89,17991134.25,17082997.64,2511.88,0.0,87910605.51,17953031.25,1751659.84,29
2008-09-30,34731745.1,17365992.3,17365752.8,935.31,1555.0,81308687.52,0.0,898542.74,18
2008-10-01,34773245.46,17366426.45,17406819.01,868.29,0.0,81349319.39,0.0,898542.74,18
2008-10-02,34890285.81,17366831.67,17523454.14,811.38,0.0,81465548.57,0.0,898542.74,18
2008-10-03,34953170.43,17367130.76,17586039.67,600.89,0.0,81527832.3,0.0,898542.74,18
2008-10-06,35201754.13,17367854.39,17833899.74,1456.38,108.0,81795947.82,0.0,898542.74,18
2008-10-07,35072189.98,17368114.91,17704075.07,528.03,0.0,81665855.15,0.0,898542.74,18
2008-10-08,35085079.82,17368505.69,17716574.13,789.12,0.0,81677956.27,0.0,898542.74,18
2008-10-09,34963615.19,17368828.94,17594786.26,652.97,0.0,81555838.47,0.0,898542.74,18
2008-10-10,34943984.3,17369108.77,17574875.53,563.3,0.0,81535644.07,0.0,898542.74,18
2008-10-13,34723196.29,17369456.15,17353740.14,698.88,0.0,81314157.38,0.0,898542.74,18
2008-10-14,34706677.02,17369571.95,17337105.07,231.49,0.0,81297406.43,0.0,898542.74,18
2008-10-15,34712470.95,17369735.99,17342734.95,327.79,90.0,81261962.65,0.0,898542.74,18
2008-10-16,34792374.87,17369842.14,17422532.73,212.13,0.0,81341654.36,0.0,898542.74,18
2008-10-17,34790327.29,17370059.27,17420268.03,434.9,0.0,81339172.36,0.0,898542.74,18
2008-10-20,34831238.0,17371217.27,17460020.73,2319.36,0.0,81377763.51,0.0,898542.74,18
2008-10-21,34968831.69,17371815.61,17597016.08,1199.74,0.0,81514157.46,0.0,898542.74,18
2008-10-22,35110602.79,17372341.59,17738261.19,1058.78,0.0,81654869.58,0.0,898542.74,18
2008-10-23,35161962.14,17372838.63,17789123.51,1004.55,0.0,81705224.59,0.0,898542.74,18
2008-10-24,35263231.44,17373301.91,17889929.53,937.65,0.0,81805556.14,0.0,898542.74,18
2008-10-27,35303160.36,17374547.0,17928613.36,2527.2,0.0,81842957.95,0.0,898542.74,18
2008-10-28,35201636.02,17374952.4,17826683.62,823.74,0.0,81740609.78,0.0,898542.74,18
2008-10-29,35255833.53,17375319.21,17880514.32,743.15,0.0,81794064.35,0.0,898542.74,18
2008-10-30,35218344.71,17375613.62,17842731.09,597.39,0.0,81755977.82,0.0,898542.74,18
2008-10-31,35149143.36,17574814.69,17574328.68,391.31,859.51,76460507.91,0.0,417069.12,12
2008-11-03,35189312.89,17575459.1,17613853.79,1288.8,0.0,76499388.81,0.0,417069.12,12
2008-11-04,35233518.98,17575698.32,17657820.66,478.97,0.0,76543115.85,0.0,417069.12,12
2008-11-05,35248177.13,17575932.66,17672244.47,469.78,0.0,76557304.31,0.0,417069.12,12
2008-11-06,35385425.28,17576123.07,17809302.21,381.86,0.0,76694170.69,0.0,417069.12,12
2008-11-07,35403032.25,17576274.42,17826757.83,304.71,0.0,76711472.77,0.0,417069.12,12
2008-11-10,35446117.18,17576713.82,17869403.36,885.08,0.0,76753672.91,0.0,417069.12,12
2008-11-11,35537182.46,17576855.41,17960327.05,285.54,0.0,76844452.47,0.0,417069.12,12
2008-11-12,35610479.91,17576997.0,18033482.9,286.27,0.0,76917463.46,0.0,417069.12,12
2008-11-13,35593866.04,17577084.89,18016781.15,178.05,0.0,76900671.9,0.0,417069.12,12
2008-11-14,35580280.45,17577187.42,18003093.03,207.63,0.0,76886878.68,0.0,417069.12,12
2008-11-17,35618152.8,17577392.49,18040760.31,415.1,0.0,76924336.01,0.0,417069.12,12
2008-11-18,35647309.08,17577451.08,18069857.99,118.73,0.0,76953373.56,0.0,417069.12,12
2008-11-19,35708990.69,17577509.67,18131481.01,118.82,0.0,77014936.08,0.0,417069.12,12
2008-11-20,35849667.83,17577543.85,18272123.98,69.43,0.0,77155543.87,0.0,417069.12,12
2008-11-21,35861059.73,17577558.5,18283501.23,29.87,0.0,77166905.82,0.0,417069.12,12
2008-11-24,35740347.03,17577587.8,18162759.23,59.77,0.0,77046133.43,0.0,417069.12,12
2008-11-25,35748724.05,17577651.27,18171072.78,129.06,0.0,77054381.39,0.0,417069.12,12
2008-11-26,35807477.3,17577700.1,18229777.2,99.3,0.0,77113035.52,0.0,417069.12,12
2008-11-27,35787032.75,17577724.51,18209308.24,49.73,38.5,77082779.46,0.0,417069.12,12
2008-11-28,35842958.55,17921373.36,17921585.18,49.7,868.18,76025154.81,17903375.0,891457.38,16
2008-12-01,36208617.5,18152638.3,18055979.2,29.87,0.0,76159533.85,18134625.0,891457.38,16
2008-12-02,36315571.98,18189673.59,18125898.39,70.41,0.0,76229417.92,18171625.0,891457.38,16
2008-12-03,36475882.43,18291453.91,18184428.52,60.53,0.0,76287917.6,18273375.0,891457.38,16
2008-12-04,36654708.5,18423276.57,18231431.93,20.26,0.0,76334910.93,18405187.5,891457.38,16
2008-12-05,36451750.09,18229036.81,18222713.28,20.36,0.0,76326182.11,18210937.5,891457.38,16
2008-12-08,36326394.69,18187442.19,18138952.5,60.75,378.48,76274368.24,18169312.5,891457.38,16
2008-12-09,36435356.27,18273019.85,18162336.43,30.27,0.0,76297737.17,18254875.0,891457.38,16
2008-12-10,36364595.52,18192097.57,18172497.94,30.36,66.5,76256653.95,18173937.5,891457.38,16
2008-12-11,36594871.0,18365535.07,18229335.92,0.0,0.0,76313491.67,18347375.0,891457.38,16
2008-12-12,36629394.21,18421040.17,18208354.04,10.17,0.0,76292504.95,18402875.0,891457.38,16
2008-12-15,36737741.03,18476570.88,18261170.15,61.05,456.78,76416454.01,18458375.0,891457.38,16
2008-12-16,37138834.4,18758716.41,18380118.0,40.82,0.0,76535381.85,18740500.0,891457.38,16
2008-12-17,37430140.83,18895174.75,18534966.08,41.27,0.0,76690209.6,18876937.5,891457.38,16
2008-12-18,37559567.38,18962263.49,18597303.89,51.99,0.0,76752521.29,18944000.0,891457.38,16
2008-12-19,37424129.97,18811950.99,18612178.98,0.0,0.0,76767396.63,18793687.5,891457.38,16
2008-12-22,37414071.09,18802732.35,18611338.74,62.37,0.0,76766525.32,18784437.5,891457.38,16
2008-12-23,37481433.01,18835112.57,18646320.45,10.39,0.0,76801501.95,18816812.5,891457.38,16
2008-12-24,37405003.27,18772685.53,18632317.73,20.82,0.0,76787488.78,18754375.0,891457.38,16
2008-12-25,37405003.27,18772685.53,18632317.73,0.0,0.0,76787488.78,18754375.0,891457.38,16
2008-12-26,37503188.93,18862873.03,18640315.89,0.0,0.0,76795486.81,18844562.5,891457.38,16
2008-12-29,37644992.87,18925357.69,18719635.18,93.76,0.0,76874759.69,18907000.0,891457.38,16
2008-12-30,37544968.3,18858326.73,18686641.57,62.74,0.0,76841734.85,18839937.5,891457.38,16
2008-12-31,37297739.84,18648914.26,18648825.58,104.29,331.68,80063431.78,18611000.0,1107534.07,19
2009-01-02,37010994.29,18433965.73,18577028.56,227.93,0.0,79991520.69,18395937.5,1107534.07,19
2009-01-05,36882384.32,18415588.62,18466795.7,246.74,0.0,79881163.67,18377437.5,1107534.07,19
2009-01-06,36849665.01,18443410.24,18406254.78,143.43,0.0,79820551.13,18405187.5,1107534.07,19
2009-01-07,36886177.31,18461981.96,18424195.35,143.3,0.0,79838420.24,18423687.5,1107534.07,19
2009-01-08,37107416.09,18584600.87,18522815.22,112.71,0.0,79936983.5,18546250.0,1107534.07,19
2009-01-09,37235542.44,18619334.83,18616207.6,92.77,0.0,80030329.85,18580937.5,1107534.07,19
2009-01-12,37408275.3,18735068.45,18673206.85,217.21,0.0,80087220.31,18696562.5,1107534.07,19
2009-01-13,37424813.52,18718943.4,18705870.12,124.69,0.0,80119821.34,18680375.0,1107534.07,19
2009-01-14,37578134.17,18830000.59,18748133.58,114.35,0.0,80162027.67,18791375.0,1107534.07,19
2009-01-15,37576633.62,18837000.86,18739632.76,125.26,0.0,80153464.51,18798312.5,1107534.07,19
2009-01-16,37476046.57,18765370.92,18710675.65,114.82,0.0,80124450.26,18726625.0,1107534.07,19
2009-01-19,37433247.69,18765558.57,18667689.12,374.76,0.0,80081276.62,18726625.0,1107534.07,19
2009-01-20,37440496.75,18726308.62,18714188.13,124.78,0.0,80127713.28,18687312.5,1107534.07,19
2009-01-21,37217036.26,18502063.74,18714972.52,135.2,0.0,80128429.94,18463000.0,1107534.07,19
2009-01-22,37063518.93,18411932.78,18651586.15,113.72,0.0,80064986.51,18372812.5,1107534.07,19
2009-01-23,37023912.9,18377296.42,18646616.48,102.95,0.0,80059964.95,18338125.0,1107534.07,19
2009-01-26,36905506.25,18340464.88,18565041.37,339.39,0.0,79978218.91,18301125.0,1107534.07,19
2009-01-27,37091582.23,18497791.3,18593790.93,153.77,0.0,80006891.13,18458375.0,1107534.07,19
2009-01-28,36946658.89,18368358.1,18578300.8,133.94,0.0,79991333.76,18328875.0,1107534.07,19
2009-01-29,36792100.05,18218142.54,18573957.51,195.0,0.0,79986892.58,18178562.5,1107534.07,19
2009-01-30,36760415.33,18380252.67,18380162.66,235.06,401.51,78974800.14,18278109.38,1043239.56,19
2009-02-02,36949531.99,18536604.65,18412927.34,735.21,0.0,79007196.99,18434093.75,1043239.56,19
2009-02-03,36699585.49,18362134.3,18337451.19,277.12,0.0,78931582.7,18259484.38,1043239.56,19
2009-02-04,36605490.92,18297110.02,18308380.91,326.22,0.0,78902349.5,18194296.88,1043239.56,19
2009-02-05,36683126.81,18336840.62,18346286.19,305.05,0.0,78940102.13,18233875.0,1043239.56,19
2009-02-06,36578248.64,18255503.96,18322744.68,295.5,0.0,78916413.1,18152390.62,1043239.56,19
2009-02-09,36500231.14,18216351.8,18283879.34,853.49,0.0,78877120.32,18112812.5,1043239.56,19
2009-02-10,36814428.69,18444669.97,18369758.72,324.45,0.0,78962837.01,18340968.75,1043239.56,19
2009-02-11,37028631.67,18530969.42,18497662.24,317.01,0.0,79090582.54,18427109.38,1043239.56,19
2009-02-12,37187179.19,18603295.72,18583883.47,308.57,0.0,79176649.32,18499281.25,1043239.56,19
2009-02-13,36888298.14,18386929.96,18501368.18,299.56,0.0,79093984.43,18282765.62,1043239.56,19
2009-02-16,36915289.43,18387374.31,18527915.12,891.47,0.0,79120084.26,18282765.62,1043239.56,19
2009-02-17,37292126.21,18645944.3,18646181.9,297.37,49.5,79229451.18,18541187.5,1043239.56,19
2009-02-18,37145278.08,18532031.92,18613246.16,331.49,0.0,79196349.77,18427109.38,1043239.56,19
2009-02-19,36843712.04,18362238.38,18481473.67,319.86,0.0,79064417.19,18257156.25,1043239.56,19
2009-02-20,37007992.93,18478797.65,18529195.28,307.03,0.0,79111984.63,18373562.5,1043239.56,19
2009-02-23,36956943.8,18458260.29,18498683.51,832.68,0.0,79081055.84,18352609.38,1043239.56,19
2009-02-24,36899349.55,18411851.61,18487497.94,307.97,0.0,79069716.2,18306046.88,1043239.56,19
2009-02-25,36695586.54,18228093.4,18467493.14,327.99,64.6,79030632.12,18122125.0,1043239.56,19
2009-02-26,36630035.46,18242214.05,18387821.41,305.8,35.0,78934777.52,18136093.75,1043239.56,19
2009-02-27,36630221.68,18315126.18,18315095.5,274.73,1259.18,77851784.9,18244750.0,980948.56,18
2009-03-02,36904613.59,18517398.01,18387215.58,793.65,0.0,77923507.99,18446625.0,980948.56,18
2009-03-03,36841933.1,18465292.03,18376641.07,287.04,0.0,77912790.55,18394375.0,980948.56,18
2009-03-04,36697504.43,18351430.52,18346073.91,276.31,0.0,77882085.64,18280375.0,980948.56,18
2009-03-05,37039801.93,18593813.06,18445988.87,265.04,0.0,77981868.1,18522625.0,980948.56,18
2009-03-06,37127017.54,18598666.36,18528351.18,205.78,368.52,78027865.59,18527375.0,980948.56,18
2009-03-09,37038133.89,18560976.34,18477157.55,618.78,0.0,77976363.32,18489375.0,980948.56,18
2009-03-10,36841418.67,18437594.92,18403823.75,236.63,0.0,77902911.39,18365875.0,980948.56,18
2009-03-11,36943467.98,18527967.84,18415500.15,245.61,0.0,77914465.09,18456125.0,980948.56,18
2009-03-12,37072661.04,18589836.21,18482824.83,236.03,0.0,77981672.2,18517875.0,980948.56,18
2009-03-13,37078261.04,18613694.65,18464566.39,216.26,0.0,77963305.86,18541625.0,980948.56,18
2009-03-16,36946244.55,18545114.37,18401130.18,587.07,494.92,77934044.22,18472750.0,980948.56,18
2009-03-17,36798341.39,18454988.0,18343353.38,246.31,0.0,77876144.83,18382500.0,980948.56,18
2009-03-18,37569141.28,19122486.04,18446655.25,245.32,0.0,77979324.49,19049875.0,980948.56,18
2009-03-19,37564403.92,19001472.58,18562931.34,219.15,0.0,78095492.9,18928750.0,980948.56,18
2009-03-20,37582409.52,19008703.15,18573706.38,208.69,0.0,78106164.8,18935875.0,980948.56,18
2009-03-23,37451859.99,18963910.8,18487949.19,657.69,0.0,78020082.69,18890750.0,980948.56,18
2009-03-24,37335586.76,18949776.69,18385810.07,228.87,0.0,77917830.4,18876500.0,980948.56,18
2009-03-25,37144509.32,18795512.23,18348997.09,217.79,0.0,77880910.25,18722125.0,980948.56,18
2009-03-26,37218907.39,18869236.43,18349670.96,196.04,0.0,77881487.32,18795750.0,980948.56,18
2009-03-27,37217712.54,18819440.05,18398272.49,155.08,0.0,77930012.39,18745875.0,980948.56,18
2009-03-30,37369805.49,18886143.93,18483661.57,403.19,0.0,78015202.16,18812375.0,980948.56,18
2009-03-31,37450595.78,18725316.05,18725279.74,186.85,358.11,81439326.13,18611718.75,986785.22,18
2009-04-01,37504191.76,18755894.03,18748297.74,218.46,0.0,81462234.9,18642187.5,986785.22,18
2009-04-02,37216313.95,18620071.15,18596242.8,229.19,0.0,81310065.42,18506250.0,986785.22,18
2009-04-03,36891646.87,18409247.44,18482399.44,227.43,0.0,81196108.49,18295312.5,986785.22,18
2009-04-06,36793274.0,18390819.6,18402454.4,645.6,0.0,81115839.93,18276562.5,986785.22,18
2009-04-07,36899577.45,18442484.27,18457093.18,204.41,0.0,81170376.48,18328125.0,986785.22,18
2009-04-08,37026601.07,18526961.73,18499639.34,205.0,0.0,81212820.02,18412500.0,986785.22,18
2009-04-09,36948886.09,18463773.11,18485112.98,185.13,0.0,81198201.24,18349218.75,986785.22,18
2009-04-10,36949070.84,18463865.43,18485205.41,184.74,0.0,81198201.24,18349218.75,986785.22,18
2009-04-13,37100547.78,18581329.89,18519217.89,554.24,0.0,81231936.45,18466406.25,986785.22,18
2009-04-14,37198690.4,18654079.05,18544611.36,185.5,0.0,81257237.4,18539062.5,986785.22,18
2009-04-15,37256368.83,18684635.88,18571732.95,175.66,0.0,81284271.41,18569531.25,986785.22,18
2009-04-16,37125118.95,18597994.99,18527123.96,155.23,0.0,81239584.96,18482812.5,986785.22,18
2009-04-17,36919343.63,18457437.15,18461906.49,134.06,0.0,81174300.59,18342187.5,986785.22,18
2009-04-20,37130126.66,18570152.48,18559974.18,430.73,0.0,81272152.89,18454687.5,986785.22,18
2009-04-21,37050650.69,18476474.7,18574175.99,144.39,0.0,81286282.52,18360937.5,986785.22,18
2009-04-22,36902502.14,18403895.44,18498606.71,154.38,0.0,81210635.85,18288281.25,986785.22,18
2009-04-23,36932582.23,18427404.51,18505177.72,143.51,0.0,81217134.93,18311718.75,986785.22,18
2009-04-24,36881635.36,18347768.19,18533867.17,102.59,0.0,81245772.97,18232031.25,986785.22,18
2009-04-27,37038719.5,18460421.09,18578298.41,307.35,0.0,81290049.68,18344531.25,986785.22,18
2009-04-28,36944151.25,18366737.75,18577413.49,133.75,0.0,81289097.76,18250781.25,986785.22,18
2009-04-29,36821514.45,18284772.83,18536741.62,133.41,0.0,81248358.8,18168750.0,986785.22,18
2009-04-30,36762314.92,18381188.74,18381126.18,112.51,454.06,80372111.23,18261562.5,1318224.18,20
2009-05-01,36713192.03,18352947.72,18360244.3,142.96,0.0,80351157.87,18233250.0,1318224.18,20
2009-05-04,36721927.91,18376770.89,18345157.03,458.91,0.0,80335841.17,18256843.75,1318224.18,20
2009-05-05,36741309.32,18383946.0,18357363.32,193.81,0.0,80347950.48,18263921.88,1318224.18,20
2009-05-06,36771075.5,18407636.78,18363438.73,193.91,0.0,80353929.08,18287515.62,1318224.18,20
2009-05-07,36567528.88,18277968.3,18289560.57,194.07,0.0,80279954.01,18157750.0,1318224.18,20
2009-05-08,36558227.22,18294575.32,18263651.9,182.84,0.0,80253953.81,18174265.62,1318224.18,20
2009-05-11,36752456.72,18431693.49,18320763.24,548.37,0.0,80310791.35,18311109.38,1318224.18,20
2009-05-12,36745813.46,18436509.51,18309303.95,193.97,0.0,80299235.29,18315828.12,1318224.18,20
2009-05-13,36876402.13,18502669.32,18373732.81,193.94,52.5,80354103.14,18381890.62,1318224.18,20
2009-05-14,36892750.72,18493319.19,18399431.53,174.14,0.0,80379715.09,18372453.12,1318224.18,20
2009-05-15,36858490.5,18469807.63,18388682.87,163.97,0.0,80368884.66,18348859.38,1318224.18,20
2009-05-18,36752973.69,18366256.79,18386716.9,522.16,0.0,80366658.19,18245046.88,1318224.18,20
2009-05-19,36672807.87,18340400.6,18332407.27,193.97,0.0,80312251.6,18219093.75,1318224.18,20
2009-05-20,36699031.29,18385320.42,18313710.87,183.36,0.0,80293463.53,18263921.88,1318224.18,20
2009-05-21,36536545.79,18229693.6,18306852.19,183.5,0.0,80286513.2,18108203.12,1318224.18,20
2009-05-22,36356168.67,18116539.81,18239628.86,192.83,0.0,80219193.33,17994953.12,1318224.18,20
2009-05-25,36320469.03,18116811.56,18203657.47,545.34,0.0,80182948.35,17994953.12,1318224.18,20
2009-05-26,36261447.64,18050839.65,18210607.99,181.6,0.0,80189807.77,17928890.62,1318224.18,20
2009-05-27,36009664.46,17866898.65,18142765.81,181.31,61.2,80114045.12,17744859.38,1318224.18,20
2009-05-28,36010992.17,17866983.02,18144009.15,170.05,28.0,80101191.83,17744859.38,1318224.18,20
2009-05-29,36255586.06,18127808.35,18127777.71,150.05,1910.54,74271380.12,0.0,1238343.9,28
2009-06-01,36298950.14,18128019.84,18170930.3,422.98,0.0,74314321.42,0.0,1238343.9,28
2009-06-02,36293359.88,18128085.3,18165274.58,131.08,0.0,74308600.07,0.0,1238343.9,28
2009-06-03,36138691.04,18128155.8,18010535.24,141.14,0.0,74153789.89,0.0,1238343.9,28
2009-06-04,36159247.63,18128226.3,18031021.33,140.54,0.0,74174206.15,0.0,1238343.9,28
2009-06-05,35949184.33,18128296.8,17820887.53,140.62,0.0,73964002.23,0.0,1238343.9,28
2009-06-08,35849080.57,18128583.83,17720496.74,569.2,368.52,73820066.18,0.0,1238343.9,28
2009-06-09,35959980.84,18128679.51,17831301.33,189.2,0.0,73930777.44,0.0,1238343.9,28
2009-06-10,35927301.3,18128775.19,17798526.11,189.79,0.0,73897907.91,0.0,1238343.9,28
2009-06-11,35996051.78,18128865.83,17867185.95,179.64,45.0,73966928.75,0.0,1238343.9,28
2009-06-12,35964269.18,18128961.51,17835307.67,189.98,0.0,73934956.18,0.0,1238343.9,28
2009-06-15,35865965.82,18129233.45,17736732.38,539.46,446.62,73814206.27,0.0,1238343.9,28
2009-06-16,35873139.37,18129319.06,17743820.32,169.37,34.4,73821644.65,0.0,1238343.9,28
2009-06-17,35924522.58,18129404.67,17795117.91,169.4,0.0,73872858.46,0.0,1238343.9,28
2009-06-18,35879079.02,18129490.28,17749588.74,169.64,0.0,73827245.25,0.0,1238343.9,28
2009-06-19,35862380.78,18129580.93,17732799.85,179.4,0.0,73810367.81,0.0,1238343.9,28
2009-06-22,35832084.83,18129852.87,17702231.96,537.94,36.0,73788569.93,0.0,1238343.9,28
2009-06-23,35909224.87,18129953.59,17779271.28,199.07,0.0,73865510.91,0.0,1238343.9,28
2009-06-24,35916972.94,18130054.31,17786918.63,199.5,49.5,73899343.78,0.0,1238343.9,28
2009-06-25,35993672.74,18130150.0,17863522.74,189.56,0.0,73975854.02,0.0,1238343.9,28
2009-06-26,36039462.5,18130240.65,17909221.85,179.97,0.0,74021463.8,0.0,1238343.9,28
2009-06-29,36085112.18,18130527.71,17954584.47,570.62,78.68,74066788.67,0.0,1238343.9,28
2009-06-30,36038731.19,18019830.54,18018900.66,200.47,1436.88,64829238.78,0.0,1549147.55,31
2009-07-01,36119711.59,18019925.64,18099785.95,190.2,0.0,64910028.77,0.0,1549147.55,31
2009-07-02,36091197.28,18020010.74,18071186.54,170.57,0.0,64881343.89,0.0,1549147.55,31
2009-07-03,36085861.21,18020095.83,18065765.38,170.43,0.0,64875837.39,0.0,1549147.55,31
2009-07-06,36034179.36,18020351.11,18013828.24,511.22,0.0,64823644.52,0.0,1549147.55,31
2009-07-07,35960438.37,18020446.22,17939992.15,190.18,0.0,64749713.16,0.0,1549147.55,31
2009-07-08,35884691.36,18020541.33,17864150.03,189.79,0.0,64673776.55,0.0,1549147.55,31
2009-07-09,35959908.6,18020631.43,17939277.17,179.42,0.0,64748814.37,0.0,1549147.55,31
2009-07-10,35957737.67,18020726.54,17937011.12,189.79,0.0,64746453.65,0.0,1549147.55,31
2009-07-13,35948899.8,18020996.85,17927902.95,539.37,0.0,64737076.42,0.0,1549147.55,31
2009-07-14,35985882.53,18021086.96,17964795.58,179.74,0.0,64773879.21,0.0,1549147.55,31
2009-07-15,36068193.59,18021177.06,18047016.53,179.93,0.0,64856010.53,0.0,1549147.55,31
2009-07-16,36079841.16,18021267.17,18058573.99,180.34,0.0,64867477.76,0.0,1549147.55,31
2009-07-17,36112066.41,18021362.28,18090704.13,190.42,0.0,64899512.59,0.0,1549147.55,31
2009-07-20,36207723.36,18021617.58,18186105.78,511.59,7.0,64996704.76,0.0,1549147.55,31
2009-07-21,36199845.06,18021712.7,18178132.36,191.1,9.0,64991264.36,0.0,1549147.55,31
2009-07-22,36222331.39,18021807.81,18200523.57,191.05,0.0,65013559.83,0.0,1549147.55,31
2009-07-23,36208382.49,18021902.93,18186479.56,191.17,0.0,64999419.55,0.0,1549147.55,31
2009-07-24,36223784.99,18021998.04,18201786.95,191.1,0.0,65014631.16,0.0,1549147.55,31
2009-07-27,36253430.67,18022268.37,18231162.3,543.36,0.0,65043733.49,0.0,1549147.55,31
2009-07-28,36271046.03,18022363.49,18248682.54,191.34,0.0,65061157.31,0.0,1549147.55,31
2009-07-29,36168021.96,18022458.61,18145563.35,191.43,0.0,64957941.81,0.0,1549147.55,31
2009-07-30,36288628.46,18022553.73,18266074.73,190.89,74.46,65075638.15,0.0,1549147.55,31
2009-07-31,36467797.89,18233582.82,18234215.06,181.44,1420.96,68843739.6,18213250.0,7935617.83,41
2009-08-03,36894679.96,18534481.33,18360198.63,547.02,0.0,68969449.66,18513875.0,7935617.83,41
2009-08-04,36975501.28,18608579.15,18366922.13,194.72,0.0,68976076.25,18587875.0,7935617.83,41
2009-08-05,36876090.39,18534672.19,18341418.2,184.88,0.0,68950480.49,18513875.0,7935617.83,41
2009-08-06,36739091.23,18428389.86,18310701.36,184.38,0.0,68919671.95,18407500.0,7935617.83,41
2009-08-07,36902612.95,18641226.89,18261386.07,173.49,0.0,68870270.39,18620250.0,7935617.83,41
2009-08-10,36930943.52,18660006.51,18270937.01,553.54,0.0,68879547.41,18638750.0,7935617.83,41
2009-08-11,36668975.12,18391854.99,18277120.13,194.91,0.0,68885634.11,18370500.0,7935617.83,41
2009-08-12,36906254.14,18563071.95,18343182.19,183.34,0.0,68951604.57,18541625.0,7935617.83,41
2009-08-13,37191390.83,18771284.61,18420106.22,174.28,0.0,69028441.98,18749750.0,7935617.83,41
2009-08-14,36963064.62,18627998.25,18335066.37,175.63,0.0,68943315.35,18606375.0,7935617.83,41
2009-08-17,36285905.91,18119527.67,18166378.24,554.45,0.0,68774351.99,18097625.0,7935617.83,41
2009-08-18,36543729.1,18327743.27,18215985.83,181.43,45.0,68824013.96,18305750.0,7935617.83,41
2009-08-19,36795611.61,18466584.91,18329026.7,182.72,7.0,68940770.75,18444500.0,7935617.83,41
2009-08-20,36965991.89,18610047.11,18355944.78,173.76,9.0,68970431.06,18587875.0,7935617.83,41
2009-08-21,37397151.6,18989384.99,18407766.61,174.56,55.46,69031075.81,18967125.0,7935617.83,41
2009-08-24,37464989.46,18975779.01,18489210.46,529.79,0.0,69112259.08,18953250.0,7935617.83,41
2009-08-25,37526471.45,19003618.61,18522852.83,176.92,0.0,69145814.15,18981000.0,7935617.83,41
2009-08-26,37533497.37,19017583.35,18515914.02,177.21,0.0,69138787.66,18994875.0,7935617.83,41
2009-08-27,37606490.57,19063912.59,18542577.98,156.39,95.5,69144657.23,19041125.0,7935617.83,41
2009-08-28,37635766.37,19031617.03,18604149.34,156.69,68.28,69205415.84,19008750.0,7935617.83,41
2009-08-31,37443483.91,18721864.1,18721619.82,470.45,786.38,66411415.37,18712412.5,7984982.37,41
2009-09-01,36920518.27,18295304.6,18625213.67,156.01,0.0,66314931.21,18285775.0,7984982.37,41
2009-09-02,36939566.29,18254088.25,18685478.03,143.58,0.0,66375123.15,18244487.5,7984982.37,41
2009-09-03,37092691.85,18391784.24,18700907.61,143.65,0.0,66390480.06,18382112.5,7984982.37,41
2009-09-04,37378707.5,18616648.37,18762059.12,154.55,0.0,66451553.65,18606900.0,7984982.37,41
2009-09-07,37413520.59,18616865.57,18796655.02,436.08,0.0,66485930.66,18606900.0,7984982.37,41
2009-09-08,37743872.44,18818787.97,18925084.48,145.5,393.42,66531106.15,18808750.0,7984982.37,41
2009-09-09,37890247.17,18956486.15,18933761.02,146.78,0.0,66539709.1,18946375.0,7984982.37,41
2009-09-10,38132744.69,19126297.37,19006447.32,147.35,1395.96,66616890.7,19116112.5,7984982.37,41
2009-09-11,38167342.52,19121784.25,19045558.27,148.29,0.0,66655927.74,19111525.0,7984982.37,41
2009-09-14,38254057.68,19241282.34,19012775.35,445.29,408.3,66623050.43,19230800.0,7984982.37,41
2009-09-15,38352374.12,19282644.67,19069729.45,148.77,82.6,66682178.04,19272087.5,7984982.37,41
2009-09-16,38805410.88,19608426.8,19196984.08,138.49,0.0,66809363.81,19597800.0,7984982.37,41
2009-09-17,38794974.46,19593067.26,19201907.19,107.79,1667.4,66815397.32,19501462.5,7984982.37,41
2009-09-18,38712779.6,19561009.19,19151770.41,107.76,126.6,66761513.98,19469350.0,7984982.37,41
2009-09-21,38592395.18,19551964.6,19040430.59,258.09,7.0,66650953.48,19460175.0,7984982.37,41
2009-09-22,38867670.13,19675886.84,19191783.29,117.92,9.0,66802697.0,19584037.5,7984982.37,41
2009-09-23,38684288.0,19524559.46,19159728.54,118.76,0.0,66770583.62,19432650.0,7984982.37,41
2009-09-24,38240027.54,19253956.62,18986070.92,118.2,0.0,66596867.45,19161987.5,7984982.37,41
2009-09-25,38161169.85,19194372.6,18966797.25,106.22,0.0,66577541.04,19102350.0,7984982.37,41
2009-09-28,38529566.65,19524832.55,19004734.1,318.01,0.0,66615319.83,19432650.0,7984982.37,41
2009-09-29,38445190.97,19446904.71,18998286.26,117.73,70.24,66608572.62,19354662.5,7984982.37,41
2009-09-30,38568733.14,19284468.27,19284264.87,138.83,605.4,77779338.58,19269900.0,7988470.77,42
2009-10-01,37974310.89,18817893.27,19156417.63,149.99,0.0,77651416.34,18803250.0,7988470.77,42
2009-10-02,37800603.4,18712720.54,19087882.86,105.48,0.0,77582828.36,18698025.0,7988470.77,42
2009-10-05,38202694.83,18982801.48,19219893.36,315.01,94.5,77723594.01,18967950.0,7988470.77,42
2009-10-06,38542351.74,19202443.66,19339908.08,84.89,0.0,77843566.02,19187550.0,7988470.77,42
2009-10-07,38640606.67,19293986.33,19346620.33,85.65,0.0,77850235.58,19279050.0,7988470.77,42
2009-10-08,38978061.05,19481609.57,19496451.48,96.6,0.0,78000018.08,19466625.0,7988470.77,42
2009-10-09,38930475.34,19559417.04,19371058.3,64.96,0.0,77874592.97,19544400.0,7988470.77,42
2009-10-12,39093595.75,19623581.14,19470014.61,227.09,14.0,77976349.72,19608450.0,7988470.77,42
2009-10-13,39084580.25,19573294.29,19511285.95,76.02,0.0,78017583.49,19558125.0,7988470.77,42
2009-10-14,39520731.0,19921032.35,19599698.65,76.0,0.0,78105958.24,19905825.0,7988470.77,42
2009-10-15,39600229.68,19957671.09,19642558.59,76.85,0.0,78148780.35,19942425.0,7988470.77,42
2009-10-16,39468303.78,19815884.89,19652418.88,77.0,19.46,78157486.97,19800600.0,7988470.77,42
2009-10-19,39730027.37,19980700.49,19749326.88,230.23,7.0,78255267.05,19965300.0,7988470.77,42
2009-10-20,39708365.95,19953294.89,19755071.06,88.29,9.0,78261676.07,19937850.0,7988470.77,42
2009-10-21,39604217.58,19742889.23,19861328.35,88.24,0.0,78367889.73,19727400.0,7988470.77,42
2009-10-22,39777087.39,19976252.62,19800834.77,77.01,0.0,78307357.25,19960725.0,7988470.77,42
2009-10-23,39452361.28,19724660.91,19727700.37,66.3,0.0,78234190.41,19709100.0,7988470.77,42
2009-10-26,39136221.78,19532625.97,19603595.81,230.14,0.0,78109970.5,19516950.0,7988470.77,42
2009-10-27,39041990.19,19422869.38,19619120.82,86.97,0.0,78125451.94,19407150.0,7988470.77,42
2009-10-28,38470448.41,19020312.54,19450135.87,86.76,18.0,77985441.67,19004550.0,7988470.77,42
2009-10-29,38986628.05,19441249.52,19545378.52,74.8,74.46,78079039.77,19425450.0,7988470.77,42
2009-10-30,38354219.68,19177367.7,19176851.98,64.98,886.22,110118578.73,19162150.0,8400583.43,41
2009-11-02,38504153.17,19288747.6,19215405.56,159.81,0.0,110157052.09,19273450.0,8400583.43,41
2009-11-03,38607582.76,19339792.25,19267790.5,64.17,0.0,110209405.0,19324462.5,8400583.43,41
2009-11-04,38810823.15,19437211.99,19373611.16,64.35,0.0,110315193.23,19421850.0,8400583.43,41
2009-11-05,39065801.06,19738676.48,19327124.57,53.9,0.0,110268680.37,19723287.5,8400583.43,41
2009-11-06,39068293.14,19794348.41,19273944.73,43.41,0.0,110215479.05,19778937.5,8400583.43,41
2009-11-09,39728238.55,20267472.39,19460766.16,195.34,0.0,110402204.12,20251962.5,8400583.43,41
2009-11-10,39699221.14,20272149.29,19427071.85,77.25,0.0,110368471.64,20256600.0,8400583.43,41
2009-11-11,39853938.11,20351026.21,19502911.9,77.19,0.0,110444273.6,20335437.5,8400583.43,41
2009-11-12,39568417.23,20184115.78,19384301.44,77.49,14.0,110329839.54,20168487.5,8400583.43,41
2009-11-13,39699468.78,20262992.53,19436476.25,76.94,0.0,110381976.97,20247325.0,8400583.43,41
2009-11-16,40242444.7,20536706.35,19705738.35,198.5,45.0,110657286.89,20520937.5,8400583.43,41
2009-11-17,40217593.05,20559933.78,19657659.27,78.25,0.0,110609168.86,20544125.0,8400583.43,41
2009-11-18,40266106.66,20578518.04,19687588.62,67.03,0.0,110639065.76,20562675.0,8400583.43,41
2009-11-19,39901965.01,20314203.41,19587761.6,44.74,43.0,110547800.19,20298337.5,8400583.43,41
2009-11-20,39788405.26,20235377.2,19553028.06,22.17,34.02,110513695.89,20219500.0,8400583.43,41
2009-11-23,40174390.06,20490473.42,19683916.64,66.31,45.0,110662747.2,20474562.5,8400583.43,41
2009-11-24,40090425.23,20476589.38,19613835.84,55.8,0.0,110592639.07,20460650.0,8400583.43,41
2009-11-25,40377647.84,20587917.82,19789730.02,55.68,13.5,110776919.5,20571950.0,8400583.43,41
2009-11-26,40317469.02,20587946.41,19729522.61,56.08,63.3,110715811.9,20571950.0,8400583.43,41
2009-11-27,39786235.51,20226250.01,19559985.5,56.0,19.6,110546049.05,20210225.0,8400583.43,41
2009-11-30,39948349.0,19974399.68,19973949.31,99.47,2229.97,128933893.07,39834075.0,9084262.87,49
2009-12-01,40352296.99,20159839.22,20192457.77,66.58,0.0,129152368.24,40019481.25,9084262.87,49
2009-12-02,40230134.65,20078147.82,20151986.82,67.25,0.0,129111863.63,39937756.25,9084262.87,49
2009-12-03,40014839.49,19833925.71,20180913.78,55.88,0.0,129140762.7,39693506.25,9084262.87,49
2009-12-04,39802757.04,19868115.02,19934642.02,66.69,0.0,128894457.21,39727662.5,9084262.87,49
2009-12-07,39849822.49,19850520.61,19999301.88,199.01,0.0,128959017.3,39709968.75,9084262.87,49
2009-12-08,39598500.26,19696261.41,19902238.84,44.28,502.98,128809017.65,39555687.5,9084262.87,49
2009-12-09,39575726.26,19773034.08,19802692.19,33.0,0.0,128709454.51,39632443.75,9084262.87,49
2009-12-10,39645464.21,19813538.05,19831926.16,32.98,2626.18,128752962.15,39672931.25,9084262.87,49
2009-12-11,39660996.33,19839749.06,19821247.27,22.03,0.0,128742272.25,39699131.25,9084262.87,49
2009-12-14,39876271.15,19921742.41,19954528.74,99.15,699.8,128838511.9,39781075.0,9084262.87,49
2009-12-15,39652100.55,19765283.3,19886817.26,44.31,38.7,128770816.94,39624593.75,9084262.87,49
2009-12-16,39876045.36,19815317.0,20060728.36,55.07,0.0,128944700.53,39674600.0,9084262.87,49
2009-12-17,39645279.84,19736682.27,19908597.57,44.31,1660.26,128791580.62,39511131.25,9084262.87,49
2009-12-18,39581669.45,19725185.45,19856484.0,44.05,200.04,128740439.18,39499612.5,9084262.87,49
2009-12-21,39522968.22,19758148.88,19764819.33,164.92,9.0,128650820.68,39532493.75,9084262.87,49
2009-12-22,39537699.93,19786305.29,19751394.64,87.83,0.0,128637352.06,39560606.25,9084262.87,49
2009-12-23,39671171.08,19804593.01,19866578.07,87.86,0.0,128752491.5,39578850.0,9084262.87,49
2009-12-24,39798097.9,19855494.02,19942603.88,77.14,0.0,128828478.88,39629712.5,9084262.87,49
2009-12-25,39796971.67,19855521.6,19941450.07,55.28,0.0,128827297.37,39629712.5,9084262.87,49
2009-12-28,39888943.19,19840085.58,20048857.61,165.82,0.0,128934621.63,39614193.75,9084262.87,49
2009-12-29,39866057.95,19840739.95,20025318.0,121.88,18.0,128911278.86,39614787.5,9084262.87,49
2009-12-30,39863271.86,19876470.06,19986801.79,110.74,97.22,128872654.98,39650462.5,9084262.87,49
2009-12-31,39639322.85,19819756.63,19819566.21,55.37,1784.92,111120849.18,19771350.0,8603139.69,43
2010-01-04,40197684.68,20140288.76,20057395.92,264.26,0.0,111358546.75,20091750.0,8603139.69,43
2010-01-05,40322623.5,20202633.52,20119989.97,89.33,0.0,111421096.24,20154050.0,8603139.69,43
2010-01-06,40442411.95,20216022.8,20226389.14,78.41,0.0,111527456.28,20167400.0,8603139.69,43
2010-01-07,40436535.46,20296156.5,20140378.96,67.4,0.0,111441412.39,20247500.0,8603139.69,43
2010-01-08,40576754.57,20367384.69,20209369.88,56.16,0.0,111510375.34,20318700.0,8603139.69,43
2010-01-11,40623864.75,20385269.55,20238595.2,169.07,0.0,111539516.45,20336500.0,8603139.69,43
2010-01-12,40307451.33,20233992.2,20073459.13,45.14,17.5,111377875.39,20185200.0,8603139.69,43
2010-01-13,40456374.07,20367520.3,20088853.77,55.98,0.0,111393242.15,20318700.0,8603139.69,43
2010-01-14,40588029.32,20434304.25,20153725.07,67.43,0.0,111458079.97,20385450.0,8603139.69,43
2010-01-15,40222703.89,20202932.63,20019771.26,56.37,30.58,111324256.15,20154050.0,8603139.69,43
2010-01-18,40231596.99,20203033.64,20028563.34,201.11,0.0,111332948.13,20154050.0,8603139.69,43
2010-01-19,40545847.14,20443367.32,20102479.82,67.05,10.5,111407801.72,20394350.0,8603139.69,43
2010-01-20,40104435.64,20234251.39,19870184.25,67.58,13.5,111176386.15,20185200.0,8603139.69,43
2010-01-21,39597156.75,19824879.49,19772277.26,55.7,0.0,111078451.56,19775800.0,8603139.69,43
2010-01-22,39075838.21,19468912.53,19606925.68,66.0,0.0,110913067.03,19419800.0,8603139.69,43
2010-01-25,39095142.25,19495709.88,19599432.37,195.38,0.0,110905475.68,19446500.0,8603139.69,43
2010-01-26,38868713.21,19402292.37,19466420.84,65.16,0.0,110772431.49,19353050.0,8603139.69,43
2010-01-27,38784667.06,19531380.1,19253286.96,75.58,13.5,110557623.26,19482100.0,8603139.69,43
2010-01-28,38495265.48,19259973.5,19235291.98,86.19,94.96,110537431.54,19210650.0,8603139.69,43
2010-01-29,38239422.28,19120080.47,19119341.8,85.55,1483.67,139588883.87,19108425.0,8976027.26,44
2010-02-01,38585111.94,19401345.44,19183766.5,254.93,0.0,139653180.89,19389562.5,8976027.26,44
2010-02-02,38944377.11,19597749.33,19346627.78,107.18,0.0,139815989.09,19585912.5,8976027.26,44
2010-02-03,38883363.33,19584416.27,19298947.05,108.18,0.0,139768254.42,19572525.0,8976027.26,44
2010-02-04,38002181.03,18964183.17,19037997.86,108.01,0.0,139507251.61,18952237.5,8976027.26,44
2010-02-05,37752995.59,18928530.58,18824465.01,95.01,0.0,139293671.27,18916537.5,8976027.26,44
2010-02-08,37763013.26,18861750.82,18901262.44,314.61,121.5,139402563.44,18849600.0,8976027.26,44
2010-02-09,38095303.36,19044776.19,19050527.17,125.88,0.0,139551765.05,19032562.5,8976027.26,44
2010-02-10,38052345.74,18991289.68,19061056.06,126.98,0.0,139562230.45,18979012.5,8976027.26,44
2010-02-11,38425575.72,19227860.21,19197715.51,116.27,17.5,139702599.16,19215525.0,8976027.26,44
2010-02-12,38454875.83,19272543.96,19182331.88,117.41,126.0,139690592.86,19260150.0,8976027.26,44
2010-02-15,38452073.04,19272704.56,19179368.47,320.46,0.0,139687469.61,19260150.0,8976027.26,44
2010-02-16,38960233.43,19527120.6,19433112.84,106.81,0.0,139941160.59,19514512.5,8976027.26,44
2010-02-17,39096512.27,19638737.34,19457774.93,108.22,0.0,139965768.7,19626075.0,8976027.26,44
2010-02-18,39261088.29,19745891.89,19515196.4,108.6,40.5,140031276.72,19733175.0,8976027.26,44
2010-02-19,39275327.61,19759334.24,19515993.37,109.06,41.08,140033267.85,19746562.5,8976027.26,44
2010-02-22,39307252.57,19781827.87,19525424.7,360.02,67.5,140044477.89,19768875.0,8976027.26,44
2010-02-23,39008249.02,19598925.81,19409323.21,120.11,0.0,139928316.63,19585912.5,8976027.26,44
2010-02-24,39136337.08,19710553.64,19425783.44,130.03,13.5,139945655.66,19697475.0,8976027.26,44
2010-02-25,39047233.53,19688306.84,19358926.68,130.45,105.36,139877691.51,19675162.5,8976027.26,44
2010-02-26,39241125.25,19620755.28,19620369.97,141.0,1434.91,143255962.0,19587125.0,9100569.73,44
2010-03-01,39490014.98,19816217.84,19673797.15,425.11,0.0,143309176.62,19782375.0,9100569.73,44
2010-03-02,39662936.47,19869539.4,19793397.07,142.6,0.0,143428705.5,19835625.0,9100569.73,44
2010-03-03,39756772.11,19887366.67,19869405.44,154.24,0.0,143504636.53,19853375.0,9100569.73,44
2010-03-04,39746679.57,19954006.51,19792673.06,154.61,0.0,143427826.88,19919937.5,9100569.73,44
2010-03-05,40103960.26,20207021.6,19896938.66,154.57,0.0,143532015.87,20172875.0,9100569.73,44
2010-03-08,40156020.38,20216149.19,19939871.19,501.3,587.64,143453408.89,20181750.0,9100569.73,44
2010-03-09,40216780.54,20278364.04,19938416.49,178.47,0.0,143451865.57,20243875.0,9100569.73,44
2010-03-10,40313322.21,20371641.67,19941680.54,178.74,0.0,143455040.63,20337062.5,9100569.73,44
2010-03-11,40341298.54,20456039.05,19885259.49,167.97,2848.16,143398052.76,20421375.0,9100569.73,44
2010-03-12,40393508.65,20469442.47,19924066.19,179.29,0.0,143436771.08,20434687.5,9100569.73,44
2010-03-15,40285474.49,20451948.33,19833526.15,504.92,773.8,143287499.25,20416937.5,9100569.73,44
2010-03-16,40594039.53,20616232.41,19977807.12,190.24,95.5,143437046.66,20581125.0,9100569.73,44
2010-03-17,40871849.98,20727261.54,20144588.44,180.42,0.0,143603739.56,20692062.5,9100569.73,44
2010-03-18,40871267.25,20730187.9,20141079.34,170.3,1622.94,143603420.81,20612187.5,9100569.73,44
2010-03-19,40672938.85,20641530.04,20031408.81,181.65,234.72,143477772.84,20523437.5,9100569.73,44
2010-03-22,40763458.96,20743867.76,20019591.2,542.31,13.5,143466571.65,20625500.0,9100569.73,44
2010-03-23,40945406.66,20877079.19,20068327.47,169.85,0.0,143515224.51,20758625.0,9100569.73,44
2010-03-24,40749196.57,20788410.38,19960786.19,159.23,0.0,143407605.55,20669875.0,9100569.73,44
2010-03-25,40691219.26,20757428.72,19933790.54,158.47,103.5,143402772.9,20638812.5,9100569.73,44
2010-03-26,40689451.6,20770821.95,19918629.65,158.24,0.0,143387534.87,20652125.0,9100569.73,44
2010-03-29,41026278.99,20864251.77,20162027.22,474.71,18.0,143633038.05,20745312.5,9100569.73,44
2010-03-30,41075493.58,20877651.21,20197842.37,170.94,107.32,143665189.68,20758625.0,9100569.73,44
2010-03-31,41014693.24,20507730.5,20506962.73,182.56,1550.97,90748382.22,20450137.5,9077492.93,39
2010-04-01,41341313.66,20656996.65,20684317.02,182.29,0.0,90925645.36,20599312.5,9077492.93,39
2010-04-02,41341734.89,20657088.46,20684646.43,183.74,0.0,90925882.85,20599312.5,9077492.93,39
2010-04-05,41678376.56,20819701.39,20858675.18,551.22,130.5,91063516.3,20761650.0,9077492.93,39
2010-04-06,41690192.83,20868067.98,20822124.85,208.39,0.0,91026861.68,20809912.5,9077492.93,39
2010-04-07,41583652.73,20749704.03,20833948.7,196.87,0.0,91038587.2,20691450.0,9077492.93,39
2010-04-08,41593368.16,20833164.51,20760203.65,196.37,0.0,90964743.77,20774812.5,9077492.93,39
2010-04-09,41788797.58,20986825.39,20801972.19,196.41,0.0,91006414.27,20928375.0,9077492.93,39
2010-04-12,41794674.0,20987105.22,20807568.78,557.18,21.0,91010554.5,20928375.0,9077492.93,39
2010-04-13,41756663.74,20995973.49,20760690.25,185.75,0.0,90963583.5,20937150.0,9077492.93,39
2010-04-14,42129255.6,21232991.81,20896263.79,185.59,0.0,91099064.77,21174075.0,9077492.93,39
2010-04-15,42210770.46,21268186.18,20942584.28,187.24,76.5,91196538.89,21209175.0,9077492.93,39
2010-04-16,41720730.28,20947993.2,20772737.08,187.6,38.92,91014558.54,20888887.5,9077492.93,39
2010-04-19,41700121.03,21040410.01,20659711.02,556.28,14.0,90906989.51,20981025.0,9077492.93,39
2010-04-20,42021391.75,21216003.52,20805388.23,185.33,81.0,91060495.9,21156525.0,9077492.93,39
2010-04-21,42021963.12,21128347.81,20893615.31,186.76,0.0,91148630.51,21068775.0,9077492.93,39
2010-04-22,42009608.28,21150373.35,20859234.93,175.09,40.5,91119434.82,21090712.5,9077492.93,39
2010-04-23,42261273.64,21334742.35,20926531.29,186.71,0.0,91186638.48,21274987.5,9077492.93,39
2010-04-26,42287062.6,21264826.81,21022235.79,563.48,49.5,91292783.46,21204787.5,9077492.93,39
2010-04-27,41608091.67,20786683.82,20821407.84,187.94,0.0,91091862.08,20726550.0,9077492.93,39
2010-04-28,41674161.54,20944726.21,20729435.33,184.92,0.0,90999797.03,20884500.0,9077492.93,39
2010-04-29,42059061.84,21212456.8,20846605.05,185.22,220.94,91097973.65,21152137.5,9077492.93,39
2010-04-30,41764258.38,20882187.02,20882071.37,198.61,1112.45,107837627.96,41699006.25,9723767.06,43
2010-05-03,41962913.88,21071793.57,20891120.31,556.86,0.0,107846398.34,41888334.38,9723767.06,43
2010-05-04,41326137.3,20730449.33,20595687.98,198.16,0.0,107550867.49,41546890.62,9723767.06,43
2010-05-05,41222690.73,20674972.71,20547718.02,183.67,0.0,107502805.87,41491321.88,9723767.06,43
2010-05-06,40520002.74,20165908.86,20354093.88,171.76,0.0,107309096.24,40982171.88,9723767.06,43
2010-05-07,40003289.37,19851686.1,20151603.27,123.81,0.0,107106543.44,40667887.5,9723767.06,43
2010-05-10,41149189.8,20590351.16,20558838.64,433.37,0.0,107513560.37,41406337.5,9723767.06,43
2010-05-11,41062642.41,20529470.8,20533171.61,182.89,0.0,107487801.96,41345365.62,9723767.06,43
2010-05-12,41444319.5,20798843.29,20645476.21,182.5,17.5,107602407.81,41614646.88,9723767.06,43
2010-05-13,41266298.79,20581198.23,20685100.56,184.2,56.0,107646748.05,41396909.38,9723767.06,43
2010-05-14,40700622.21,20363295.95,20337326.26,183.41,0.0,107298881.95,41178915.62,9723767.06,43
2010-05-17,40397129.62,20317179.96,20079949.65,542.67,0.0,107041234.04,41132528.12,9723767.06,43
2010-05-18,40345183.16,20150695.26,20194487.9,179.54,0.0,107155683.59,40965953.12,9723767.06,43
2010-05-19,39901667.95,20005087.29,19896580.66,190.52,17.5,106874148.48,40820250.0,9723767.06,43
2010-05-20,39078182.61,19425634.89,19652547.72,188.42,18.0,106640479.18,40240703.12,9723767.06,43
2010-05-21,39410675.74,19744535.99,19666139.75,184.54,41.7,106648548.36,40559512.5,9723767.06,43
2010-05-24,39261901.05,19482325.08,19779575.97,558.32,0.0,106761705.56,40297021.88,9723767.06,43
2010-05-25,39157025.13,19606117.08,19550908.05,185.4,0.0,106532944.37,40420721.88,9723767.06,43
2010-05-26,39068422.37,19308144.04,19760278.33,184.91,0.0,106742222.74,40122656.25,9723767.06,43
2010-05-27,39901484.48,19858491.47,20042993.01,184.49,191.84,107023453.74,40672912.5,9723767.06,43
2010-05-28,39753180.62,19704960.24,20048220.38,188.42,534.7,106981385.25,40375475.0,9723767.06,43
2010-05-31,39768928.86,19885550.62,19883378.24,530.04,2302.38,115061655.68,39644500.0,9013499.03,35
2010-06-01,39440918.54,19540724.62,19900193.91,176.75,742.5,115078382.85,39300328.12,9013499.03,35
2010-06-02,39895104.66,19981405.22,19913699.44,175.29,0.0,115091799.93,39740921.88,9013499.03,35
2010-06-03,39964435.61,20068587.78,19895847.83,177.31,0.0,115073859.82,39828015.62,9013499.03,35
2010-06-04,39511471.12,19616322.07,19895149.04,155.42,0.0,115073083.79,39375671.88,9013499.03,35
2010-06-07,39195369.98,19308675.93,19886694.05,460.97,130.5,115037557.06,39067796.88,9013499.03,35
2010-06-08,39527024.77,19542412.17,19984612.6,130.65,682.26,115053825.94,39301468.75,9013499.03,35
2010-06-09,39446444.55,19445680.43,20000764.11,131.76,0.0,115069910.97,39204671.88,9013499.03,35
2010-06-10,39752465.76,19793718.82,19958746.94,109.57,111.0,115027031.23,39552656.25,9013499.03,35
2010-06-11,40095392.14,20028211.31,20067180.84,110.42,0.0,115135409.69,39787093.75,9013499.03,35
2010-06-14,40091382.63,19973813.58,20117569.05,267.3,817.9,115139674.06,39732562.5,9013499.03,35
2010-06-15,40527786.55,20344618.04,20183168.51,77.96,284.68,115193349.06,40103328.12,9013499.03,35
2010-06-16,40604193.56,20382153.28,20222040.29,101.32,0.0,115232170.25,40140812.5,9013499.03,35
2010-06-17,40794497.63,20529911.15,20264586.48,112.79,1642.5,115274660.28,40208031.25,9013499.03,35
2010-06-18,40696108.93,20456181.22,20239927.71,101.99,124.64,115246396.56,40134250.0,9013499.03,35
2010-06-21,40708513.05,20437728.11,20270784.94,373.05,0.0,115277068.38,40115609.38,9013499.03,35
2010-06-22,40539629.86,20173343.11,20366286.75,135.7,40.5,115378786.74,39851156.25,9013499.03,35
2010-06-23,40513970.35,20193431.58,20320538.77,146.39,0.0,115332965.22,39871171.88,9013499.03,35
2010-06-24,40279568.49,19878098.25,20401470.24,146.3,54.0,115376137.44,39555765.62,9013499.03,35
2010-06-25,40450738.23,19981513.79,20469224.44,145.45,0.0,115443817.97,39659109.38,9013499.03,35
2010-06-28,40539363.32,20021574.0,20517789.32,438.22,0.0,115492160.96,39698953.12,9013499.03,35
2010-06-29,39816553.72,19433684.17,20382869.55,191.44,113.94,115356626.58,39110968.75,9013499.03,35
2010-06-30,39628663.84,19814170.92,19814492.92,165.9,1533.7,74000480.13,19730046.88,2992146.14,32
2010-07-01,39529571.52,19824332.49,19705239.03,198.14,105.0,73900832.18,19740109.38,2992146.14,32
2010-07-02,39380610.56,19776629.23,19603981.33,186.67,0.0,73799481.56,19692312.5,2992146.14,32
2010-07-05,39404710.62,19776909.4,19627801.22,557.89,0.0,73823023.73,19692312.5,2992146.14,32
2010-07-06,39493379.71,19844924.66,19648455.04,186.08,0.0,73843584.72,19760234.38,2992146.14,32
2010-07-07,39479355.52,19797221.5,19682134.02,186.5,0.0,73877171.05,19712437.5,2992146.14,32
2010-07-08,39398809.73,19752028.24,19646781.49,175.46,0.0,73841731.04,19667156.25,2992146.14,32
2010-07-09,39406548.41,19714376.16,19692172.25,164.16,0.0,73887039.94,19629421.88,2992146.14,32
2010-07-12,39431264.78,19744826.52,19686438.25,525.42,21.0,73882864.38,19659609.38,2992146.14,32
2010-07-13,39416860.58,19671961.15,19744899.43,175.25,52.5,73893706.59,19586656.25,2992146.14,32
2010-07-14,39520684.85,19765121.24,19755563.61,164.24,0.0,73904288.5,19679734.38,2992146.14,32
2010-07-15,39636112.41,19853250.47,19782861.93,164.67,76.5,73956061.01,19767781.25,2992146.14,32
2010-07-16,39683799.75,19921255.07,19762544.68,165.15,0.0,73935661.33,19835703.12,2992146.14,32
2010-07-19,39591019.97,19893832.21,19697187.76,496.05,0.0,73870057.37,19808031.25,2992146.14,32
2010-07-20,39604711.61,19926629.28,19678082.33,186.96,0.0,73850858.8,19840734.38,2992146.14,32
2010-07-21,39705795.82,19969483.47,19736312.35,176.02,0.0,73909001.49,19883500.0,2992146.14,32
2010-07-22,39727865.26,19916744.1,19811121.16,176.47,0.0,73983722.59,19830671.88,2992146.14,32
2010-07-23,39625966.45,19836332.61,19789633.84,176.57,0.0,73962147.08,19750171.88,2992146.14,32
2010-07-26,39576149.23,19846659.6,19729489.64,528.35,0.0,73901739.02,19760234.38,2992146.14,32
2010-07-27,39380319.9,19781341.56,19598978.34,175.89,0.0,73771140.17,19694828.12,2992146.14,32
2010-07-28,39555681.78,19866955.23,19688726.55,164.08,18.0,73859664.58,19780359.38,2992146.14,32
2010-07-29,39695045.66,19904772.38,19790273.27,164.82,113.94,73955557.01,19818093.75,2992146.14,32
2010-07-30,40018109.08,20008891.62,20009217.46,165.4,1417.46,87909307.56,39921962.5,9610620.93,51
2010-08-02,40564851.06,20373951.11,20190899.96,500.23,0.0,88090739.94,40286771.88,9610620.93,51
2010-08-03,40681286.56,20400904.16,20280382.4,180.29,0.0,88180132.5,40313634.38,9610620.93,51
2010-08-04,40844930.2,20456885.45,20388044.74,180.81,0.0,88287704.71,40369525.0,9610620.93,51
2010-08-05,40919783.18,20481542.0,20438241.18,181.53,0.0,88337810.68,40394090.62,9610620.93,51
2010-08-06,40803428.11,20519514.84,20283913.27,170.5,0.0,88183397.61,40431978.12,9610620.93,51
2010-08-09,40897659.19,20618908.83,20278750.35,510.04,135.0,88210816.14,40531115.62,9610620.93,51
2010-08-10,40730340.69,20589813.49,20140527.2,170.41,0.0,88072508.49,40501934.38,9610620.93,51
2010-08-11,40137721.94,20058074.29,20079647.65,169.71,0.0,88011544.88,39970109.38,9610620.93,51
2010-08-12,39996284.84,19910742.24,20085542.6,167.24,21.0,88021577.31,39822693.75,9610620.93,51
2010-08-13,40008510.13,19889415.1,20119095.03,177.76,76.5,88003606.97,39801278.12,9610620.93,51
2010-08-16,40217901.32,20008488.72,20209412.6,500.11,0.0,88093673.05,39920103.12,9610620.93,51
2010-08-17,40418804.18,20141446.4,20277357.79,178.75,0.0,88161528.42,40052971.88,9610620.93,51
2010-08-18,40406933.0,20090529.01,20316403.99,190.87,63.0,88208941.73,40001959.38,9610620.93,51
2010-08-19,40176328.21,19863862.05,20312466.16,179.59,17.5,88206731.24,39775203.12,9610620.93,51
2010-08-20,40034439.18,19777828.46,20256610.72,178.56,22.5,88152508.03,39689081.25,9610620.93,51
2010-08-23,39966234.19,19711750.68,20254483.51,500.43,31.5,88159346.61,39622756.25,9610620.93,51
2010-08-24,39722228.85,19545938.29,20176290.56,177.63,0.0,88081063.63,39456856.25,9610620.93,51
2010-08-25,39685021.42,19554490.79,20130530.64,176.54,0.0,88035214.04,39465321.88,9610620.93,51
2010-08-26,39684452.14,19424924.57,20259527.57,176.38,108.0,88184029.36,39335668.75,9610620.93,51
2010-08-27,39883057.49,19604779.65,20278277.84,176.38,151.9,88155515.31,39515437.5,9610620.93,51
2010-08-30,39788795.49,19409680.96,20379114.53,498.54,161.28,88253122.79,39320093.75,9610620.93,51
2010-08-31,39790191.85,19894875.86,19895315.98,154.73,2883.18,80788488.96,19848750.0,3078076.89,35
2010-09-01,39634924.22,19764109.48,19870814.74,154.74,105.0,80775715.96,19717906.25,3078076.89,35
2010-09-02,39652904.27,19724680.85,19928223.42,143.13,0.0,80833052.88,19678406.25,3078076.89,35
2010-09-03,39585144.81,19640820.06,19944324.75,154.21,0.0,80849076.1,19594468.75,3078076.89,35
2010-09-06,39587698.29,19641049.2,19946649.09,461.83,0.0,80851167.76,19594468.75,3078076.89,35
2010-09-07,39852936.16,19771969.33,20080966.83,153.95,0.0,80985409.01,19725312.5,3078076.89,35
2010-09-08,39694678.86,19707858.73,19986820.14,154.98,737.04,80787807.14,19661125.0,3078076.89,35
2010-09-09,39429319.97,19579560.37,19849759.6,154.37,85.0,80657333.34,19532750.0,3078076.89,35
2010-09-10,39311893.54,19542605.26,19769288.28,153.34,21.0,80578905.83,19495718.75,3078076.89,35
2010-09-13,39474481.42,19624302.01,19850179.41,458.64,158.4,80667595.19,19577187.5,3078076.89,35
2010-09-14,39758774.91,19708321.27,20050453.64,164.48,0.0,80867785.62,19661125.0,3078076.89,35
2010-09-15,39655077.47,19668903.39,19986174.08,165.66,279.84,80795726.72,19621625.0,3078076.89,35
2010-09-16,39533497.74,19624547.85,19908949.89,165.23,0.0,80718419.87,19577187.5,3078076.89,35
2010-09-17,39696126.15,19661666.32,20034459.84,175.7,94.62,80844925.52,19614218.75,3078076.89,35
2010-09-20,39710621.43,19703897.22,20006724.21,529.28,0.0,80816922.9,19656187.5,3078076.89,35
2010-09-21,39886015.99,19857052.77,20028963.22,187.52,0.0,80839067.3,19809250.0,3078076.89,35
2010-09-22,40040074.93,19886771.54,20153303.39,188.35,0.0,80963312.89,19838875.0,3078076.89,35
2010-09-23,40101261.34,19889328.67,20211932.67,177.96,0.0,81021852.6,19841343.75,3078076.89,35
2010-09-24,40124399.95,19832635.82,20291764.13,178.23,0.0,81101593.9,19784562.5,3078076.89,35
2010-09-27,40320653.84,19948914.98,20371738.86,501.55,0.0,81181314.83,19900593.75,3078076.89,35
2010-09-28,40459502.08,20025534.89,20433967.19,179.2,0.0,81243452.77,19977125.0,3078076.89,35
2010-09-29,40335485.94,19981186.39,20354299.55,179.82,126.6,81163821.71,19932687.5,3078076.89,35
2010-09-30,40332141.32,20165863.93,20166277.4,179.27,1512.53,91866467.52,40161928.12,9353094.94,50
2010-10-01,40359033.78,20268272.3,20090761.48,179.25,0.0,91790860.86,40264246.88,9353094.94,50
2010-10-04,40230082.09,20197901.92,20032180.16,538.12,126.0,91759018.63,40193606.25,9353094.94,50
2010-10-05,40871952.9,20579302.98,20292649.92,145.28,0.0,92019416.05,40574934.38,9353094.94,50
2010-10-06,41103425.66,20669118.46,20434307.21,136.24,0.0,92161005.36,40664681.25,9353094.94,50
2010-10-07,41025235.8,20689921.22,20335314.58,148.43,0.0,92061938.46,40685409.38,9353094.94,50
2010-10-08,41533801.42,20788124.06,20745677.36,148.15,0.0,92472227.67,40783537.5,9353094.94,50
2010-10-11,41614761.41,20839181.94,20775579.47,415.34,0.0,92501923.42,40834387.5,9353094.94,50
2010-10-12,41661845.22,20821935.78,20839909.44,138.72,21.0,92564554.66,40817071.88,9353094.94,50
2010-10-13,42016027.7,21016945.34,20999082.36,150.45,0.0,92723652.33,41012006.25,9353094.94,50
2010-10-14,41945190.39,20916793.11,21028397.28,151.72,94.5,92738705.91,40911778.12,9353094.94,50
2010-10-15,41725939.57,20873861.96,20852077.61,163.12,33.36,92559836.81,40868765.62,9353094.94,50
2010-10-18,41914107.6,21035974.23,20878133.37,486.8,0.0,92585649.3,41030634.38,9353094.94,50
2010-10-19,41388972.87,20801771.26,20587201.62,174.64,17.5,92298247.43,40796343.75,9353094.94,50
2010-10-20,41907078.5,20999036.53,20908041.97,160.96,22.5,92622380.7,40993528.12,9353094.94,50
2010-10-21,41743098.78,20952224.44,20790874.34,162.97,0.0,92505131.28,40946634.38,9353094.94,50
2010-10-22,41805002.71,21006018.85,20798983.85,150.74,0.0,92513165.86,41000353.12,9353094.94,50
2010-10-25,42066221.78,21041646.42,21024575.36,452.89,0.0,92738531.9,41035753.12,9353094.94,50
2010-10-26,41845185.02,20929931.37,20915253.65,163.59,0.0,92629128.43,40923956.25,9353094.94,50
2010-10-27,41473395.6,20779712.77,20693682.84,162.73,0.0,92407476.42,40773656.25,9353094.94,50
2010-10-28,41732901.48,20890502.95,20842398.53,161.29,279.68,92558597.57,40884365.62,9353094.94,50
2010-10-29,41931449.01,20965983.79,20965465.21,150.7,652.08,71016166.52,41903250.0,9360426.32,48
2010-11-01,42098572.0,21029068.45,21069503.55,419.31,87.5,71121332.04,41966125.0,9360426.32,48
2010-11-02,42478593.24,21238519.39,21240073.85,152.02,0.0,71291825.9,42175500.0,9360426.32,48
2010-11-03,42608970.14,21326252.34,21282717.8,153.39,0.0,71334393.66,42263156.25,9360426.32,48
2010-11-04,43734643.51,21898048.1,21836595.42,153.87,0.0,71888194.26,42834875.0,9360426.32,48
2010-11-05,43770957.62,21905783.42,21865174.2,157.93,0.0,71916694.19,42842531.25,9360426.32,48
2010-11-08,43775004.51,21860145.74,21914858.77,474.19,0.0,71966142.05,42796656.25,9360426.32,48
2010-11-09,43579356.61,21563005.93,22016350.68,158.08,0.0,72067555.17,42499437.5,9360426.32,48
2010-11-10,43503003.45,21688958.79,21814044.66,157.37,0.0,71865168.63,42625312.5,9360426.32,48
2010-11-11,43270290.31,21555380.86,21714909.45,157.09,24.5,71768604.81,42491656.25,9360426.32,48
2010-11-12,42333844.41,21189552.45,21144291.96,156.25,0.0,71197908.75,42125750.0,9360426.32,48
2010-11-15,42113757.42,20999688.26,21114069.17,458.62,0.0,71167456.9,41935656.25,9360426.32,48
2010-11-16,41220282.6,20673707.42,20546575.18,163.78,0.0,70599880.44,41609593.75,9360426.32,48
2010-11-17,41187059.59,20694074.81,20492984.78,171.75,0.0,70546204.79,41629875.0,9360426.32,48
2010-11-18,41813667.49,20988749.04,20824918.45,160.17,133.5,70913666.91,41924468.75,9360426.32,48
2010-11-19,41711776.42,21002898.99,20708877.43,174.22,90.14,70806862.07,41938531.25,9360426.32,48
2010-11-22,41794437.61,21094675.28,20699762.33,486.64,0.0,70797505.53,42030062.5,9360426.32,48
2010-11-23,41399913.57,20796075.67,20603837.9,174.14,36.0,70685089.67,41731375.0,9360426.32,48
2010-11-24,41608893.77,20933349.82,20675543.95,172.5,0.0,70756710.89,41868562.5,9360426.32,48
2010-11-25,41627337.67,20933442.86,20693894.81,184.93,0.0,70774969.86,41868562.5,9360426.32,48
2010-11-26,41277904.0,20750223.39,20527680.61,185.01,91.8,70583530.51,41685250.0,9360426.32,48
2010-11-29,41405624.79,20854875.06,20550749.72,550.37,223.36,70580917.84,41789625.0,9360426.32,48
2010-11-30,41412287.52,20707202.1,20705085.43,207.03,3801.77,65155215.29,41302381.25,9280730.21,46
2010-12-01,41856237.36,20933362.38,20922874.98,195.56,0.0,65372907.38,41528443.75,9280730.21,46
2010-12-02,42288960.4,21188899.17,21100061.23,186.03,0.0,65550000.49,41783887.5,9280730.21,46
2010-12-03,42582373.36,21233280.84,21349092.52,187.95,0.0,65798937.99,41828175.0,9280730.21,46
2010-12-06,42742780.74,21323922.31,21418858.43,496.79,121.5,65903136.33,41918568.75,9280730.21,46
2010-12-07,42188818.55,21024323.66,21164494.89,178.09,0.0,65648683.4,41618881.25,9280730.21,46
2010-12-08,42019301.4,21022367.92,20996933.47,164.07,751.98,65431900.2,41616843.75,9280730.21,46
2010-12-09,42158080.13,21091855.52,21066224.62,175.08,3426.46,65502055.66,41686243.75,9280730.21,46
2010-12-10,42135485.88,21141556.29,20993929.59,163.95,24.5,65435827.4,41735862.5,9280730.21,46
2010-12-13,42507620.93,21218797.82,21288823.11,456.47,361.2,65707447.18,41812875.0,9280730.21,46
2010-12-14,42166533.49,20999411.23,21167122.25,177.12,51.6,65583309.88,41593400.0,9280730.21,46
2010-12-15,41870201.25,20853886.23,21016315.02,175.69,0.0,65432413.94,41447787.5,9280730.21,46
2010-12-16,41991990.02,21018337.83,20973652.19,162.83,1579.5,65389669.38,41525987.5,9280730.21,46
2010-12-17,42384727.0,21189601.23,21195125.77,151.64,147.12,65612000.08,41697175.0,9280730.21,46
2010-12-20,42593104.05,21209526.72,21383577.33,388.53,22.5,65803180.37,41716906.25,9280730.21,46
2010-12-21,42944864.79,21402271.7,21542593.09,165.64,0.0,65962112.45,41909568.75,9280730.21,46
2010-12-22,43078099.05,21429261.18,21648837.87,167.01,0.0,66068274.12,41936475.0,9280730.21,46
2010-12-23,43008761.44,21335582.02,21673179.42,167.53,0.0,66092531.33,41842712.5,9280730.21,46
2010-12-24,42986055.96,21335664.99,21650390.97,167.26,0.0,66069658.59,41842712.5,9280730.21,46
2010-12-27,43046827.04,21397363.9,21649463.13,501.5,0.0,66068477.81,41904162.5,9280730.21,46
2010-12-28,43054598.7,21260189.95,21794408.75,203.28,0.0,66213321.05,41766887.5,9280730.21,46
2010-12-29,43397105.4,21493303.53,21903801.87,179.39,0.0,66322624.01,41999912.5,9280730.21,46
2010-12-30,43273612.13,21427349.9,21846262.23,156.71,175.9,66265935.41,41933881.25,9280730.21,46
2010-12-31,43611691.44,21806254.96,21805436.48,144.25,1869.98,109896342.54,21802200.0,9256172.09,47
2011-01-03,43846969.65,22019623.02,21827346.63,436.12,0.0,109918035.16,22015350.0,9256172.09,47
2011-01-04,43580884.19,22019714.77,21561169.42,182.7,84.0,109655451.01,22015350.0,9256172.09,47
2011-01-05,43637627.34,22132900.4,21504726.93,169.48,0.0,109598924.14,22128450.0,9256172.09,47
2011-01-06,43537511.87,22106886.48,21430625.39,169.7,0.0,109524738.97,22102350.0,9256172.09,47
2011-01-07,43425160.1,22059128.59,21366031.51,181.41,0.0,109460056.32,22054500.0,9256172.09,47
2011-01-10,43480227.43,22024585.94,21455641.49,506.63,0.0,109549416.5,22019700.0,9256172.09,47
2011-01-11,43739701.59,22111677.71,21628023.87,181.17,0.0,109721710.02,22106700.0,9256172.09,47
2011-01-12,44304265.14,22337969.85,21966295.29,182.25,24.5,110064115.82,22332900.0,9256172.09,47
2011-01-13,44310049.55,22298912.92,22011136.63,184.6,0.0,110108865.63,22293750.0,9256172.09,47
2011-01-14,44428791.22,22442555.83,21986235.39,184.63,0.0,110083872.67,22437300.0,9256172.09,47
2011-01-17,44404489.64,22442836.36,21961653.27,555.36,0.0,110059015.73,22437300.0,9256172.09,47
2011-01-18,44649075.85,22534279.88,22114795.97,185.02,0.0,110212066.92,22528650.0,9256172.09,47
2011-01-19,44394266.11,22251630.03,22142636.08,198.44,17.5,110244476.24,22245900.0,9256172.09,47
2011-01-20,44125286.19,22212578.92,21912707.27,197.31,22.5,110019220.99,22206750.0,9256172.09,47
2011-01-21,44292025.05,22273577.65,22018447.4,196.11,36.14,110125201.51,22267650.0,9256172.09,47
2011-01-24,44485444.14,22426124.63,22059319.52,590.56,0.0,110165779.52,22419900.0,9256172.09,47
2011-01-25,44297681.22,22408824.3,21888856.92,197.71,0.0,109995218.88,22402500.0,9256172.09,47
2011-01-26,44648765.71,22513323.89,22135441.82,196.88,0.0,110241707.02,22506900.0,9256172.09,47
2011-01-27,44713736.4,22552573.95,22161162.45,198.44,139.5,110265468.24,22546050.0,9256172.09,47
2011-01-28,44328598.69,22130717.92,22197880.76,186.31,179.82,110302786.84,22124100.0,9256172.09,47
2011-01-31,44685165.74,22342709.3,22342456.43,554.11,1085.57,114267583.77,22315500.0,9437805.31,48
2011-02-01,45212388.66,22695152.4,22517236.26,186.19,0.0,114442270.51,22667850.0,9437805.31,48
2011-02-02,45212525.92,22647396.96,22565128.96,188.38,0.0,114490069.53,22620000.0,9437805.31,48
2011-02-03,45189838.64,22704047.62,22485791.02,200.94,0.0,114410630.92,22676550.0,9437805.31,48
2011-02-04,45126382.98,22773735.91,22352647.07,175.74,0.0,114277399.21,22746150.0,9437805.31,48
2011-02-07,45245594.24,22921920.58,22323673.66,564.08,121.5,114299838.44,22894050.0,9437805.31,48
2011-02-08,45357946.62,23026422.46,22331524.17,201.09,0.0,114307589.88,22998450.0,9437805.31,48
2011-02-09,45403480.77,22983018.4,22420462.37,188.99,0.0,114396434.88,22954950.0,9437805.31,48
2011-02-10,45302803.06,22974407.78,22328395.28,176.57,21.0,114307151.9,22946250.0,9437805.31,48
2011-02-11,45388113.69,23122384.36,22265729.33,151.01,0.0,114244411.38,23094150.0,9437805.31,48
2011-02-14,45552182.25,23131315.58,22420866.66,453.88,166.5,114449202.55,23102850.0,9437805.31,48
2011-02-15,45404652.08,23105299.11,22299352.97,164.49,0.0,114327607.74,23076750.0,9437805.31,48
2011-02-16,45682155.48,23222832.55,22459322.93,163.96,0.0,114487497.18,23194200.0,9437805.31,48
2011-02-17,45987882.74,23305559.96,22682322.78,152.27,22.5,114715976.07,23276850.0,9437805.31,48
2011-02-18,46073391.41,23388268.22,22685123.18,114.97,53.64,114731474.66,23359500.0,9437805.31,48
2011-02-21,46087509.91,23388463.12,22699046.78,383.94,0.0,114745209.21,23359500.0,9437805.31,48
2011-02-22,45356393.12,22901328.09,22455065.03,128.02,45.0,114513533.56,22872300.0,9437805.31,48
2011-02-23,45275885.29,22744804.43,22531080.86,151.19,0.0,114589474.69,22715700.0,9437805.31,48
2011-02-24,45164316.63,22697030.25,22467286.38,150.92,36.0,114528521.51,22667850.0,9437805.31,48
2011-02-25,45729453.67,22975512.21,22753941.47,163.09,190.22,114812752.06,22946250.0,9437805.31,48
2011-02-28,45989512.25,22994941.96,22994570.29,495.4,1954.77,100320872.93,22939800.0,9261581.96,44
2011-03-01,45590488.42,22562537.77,23027950.65,191.62,77.0,100364134.48,22507300.0,9261581.96,44
2011-03-02,45778391.84,22644800.52,23133591.32,177.3,0.0,100469685.6,22589475.0,9261581.96,44
2011-03-03,46298020.92,23060082.29,23237938.63,165.31,0.0,100573949.37,23004675.0,9261581.96,44
2011-03-04,46215329.3,22895815.56,23319513.74,167.19,0.0,100655440.56,22840325.0,9261581.96,44
2011-03-07,45875416.97,22701419.52,23173997.45,462.15,0.0,100509691.08,22645700.0,9261581.96,44
2011-03-08,46029828.32,22891788.89,23138039.43,140.17,0.0,100473662.25,22836000.0,9261581.96,44
2011-03-09,45966758.57,22814008.83,23152749.73,140.65,0.0,100488301.85,22758150.0,9261581.96,44
2011-03-10,45278425.64,22446447.21,22831978.43,127.69,3849.14,100171073.34,22390525.0,9261581.96,44
2011-03-11,45359720.53,22649772.09,22709948.44,100.62,0.0,100048992.61,22593800.0,9261581.96,44
2011-03-14,45033660.04,22468273.08,22565386.96,302.4,412.8,99876570.03,22412150.0,9261581.96,44
2011-03-15,44033165.56,22200179.26,21832986.3,112.58,55.9,99141568.86,22144000.0,9261581.96,44
2011-03-16,43643308.65,21832615.92,21810692.73,122.31,66.5,99119794.11,21776375.0,9261581.96,44
2011-03-17,44339486.24,22086294.57,22253191.67,121.23,1591.98,99565569.63,21949375.0,9261581.96,44
2011-03-18,44590069.71,22181493.65,22408576.06,98.53,263.88,99700762.33,22044525.0,9261581.96,44
2011-03-21,45152325.85,22505998.04,22646327.81,260.11,17.5,99942300.86,22368900.0,9261581.96,44
2011-03-22,45215864.53,22423885.56,22791978.97,125.42,22.5,100091711.61,22286725.0,9261581.96,44
2011-03-23,45244638.74,22488822.85,22755815.9,125.6,0.0,100055485.23,22351600.0,9261581.96,44
2011-03-24,45656758.51,22718104.07,22938654.44,113.11,0.0,100238266.88,22580825.0,9261581.96,44
2011-03-25,45793723.74,22800335.86,22993387.88,114.14,0.0,100292942.97,22663000.0,9261581.96,44
2011-03-28,45554573.83,22666431.87,22888141.97,343.45,0.0,100187524.61,22528925.0,9261581.96,44
2011-03-29,45789530.54,22913026.13,22876504.42,139.19,0.0,100175817.13,22775450.0,9261581.96,44
2011-03-30,46051439.73,23042839.77,23008599.96,127.19,52.92,100306898.24,22905200.0,9261581.96,44
2011-03-31,46237517.05,23119790.82,23117726.23,127.92,3097.29,100161057.3,23117500.0,8749716.1,43
2011-04-01,46421893.02,23237973.62,23183919.4,115.59,0.0,100227192.68,23235625.0,8749716.1,43
2011-04-04,46528265.15,23264359.17,23263905.97,270.79,103.5,100299557.51,23261875.0,8749716.1,43
2011-04-05,46577733.78,23220647.95,23357085.84,77.55,0.0,100392698.6,23218125.0,8749716.1,43
2011-04-06,46671753.91,23260068.1,23411685.81,90.57,0.0,100447253.16,23257500.0,8749716.1,43
2011-04-07,46631725.71,23251356.86,23380368.84,77.79,0.0,100415897.17,23248750.0,8749716.1,43
2011-04-08,46788967.99,23168257.7,23620710.29,51.81,0.0,100656212.64,23165625.0,8749716.1,43
2011-04-11,46591561.86,23093959.93,23497601.94,155.96,0.0,100533025.55,23091250.0,8749716.1,43
2011-04-12,46046132.91,22897117.0,23149015.91,64.71,21.0,100183077.89,22894375.0,8749716.1,43
2011-04-13,46160322.93,22905898.8,23254424.12,63.95,0.0,100288453.95,22903125.0,8749716.1,43
2011-04-14,46244241.9,22932186.98,23312054.92,76.93,90.0,100406135.99,22929375.0,8749716.1,43
2011-04-15,46433377.62,23080981.57,23352396.05,89.92,36.14,100436155.05,23078125.0,8749716.1,43
2011-04-18,45961461.73,22770491.21,23190970.52,270.86,17.5,100277410.8,22767500.0,8749716.1,43
2011-04-19,46148320.34,22901785.49,23246534.85,89.37,22.5,100335802.54,22898750.0,8749716.1,43
2011-04-20,46839239.24,23247448.65,23591790.58,76.91,18.0,100685612.53,23244375.0,8749716.1,43
2011-04-21,47057325.54,23295612.4,23761713.14,78.07,0.0,100855495.76,23292500.0,8749716.1,43
2011-04-22,47056827.97,23295651.23,23761176.74,78.43,0.0,100854919.76,23292500.0,8749716.1,43
2011-04-25,47014408.05,23291392.7,23723015.35,235.28,112.5,100785782.06,23288125.0,8749716.1,43
2011-04-26,47173262.88,23470812.99,23702449.89,91.42,0.0,100765170.48,23467500.0,8749716.1,43
2011-04-27,47380279.67,23645858.63,23734421.03,91.73,36.0,100801691.53,23642500.0,8749716.1,43
2011-04-28,47473229.6,23715898.04,23757331.56,78.97,196.4,100812187.0,23712500.0,8749716.1,43
2011-04-29,47765620.32,23883813.66,23881806.67,52.75,3221.19,117787921.05,23863612.5,9330625.48,45
2011-05-02,47664257.76,23848793.27,23815464.49,159.22,0.0,117721499.27,23828512.5,9330625.48,45
2011-05-03,47288168.61,23747913.89,23540254.72,66.2,70.0,117451125.83,23727600.0,9330625.48,45
2011-05-04,46793677.83,23589983.68,23203694.15,39.41,0.0,117114546.23,23569650.0,9330625.48,45
2011-05-05,46033852.69,23449603.34,22584249.35,38.99,0.0,116495081.5,23429250.0,9330625.48,45
2011-05-06,46007009.95,23440841.37,22566168.58,25.57,0.0,116476988.19,23420475.0,9330625.48,45
2011-05-09,46362297.43,23585667.94,22776629.49,76.68,0.0,116687411.49,23565262.5,9330625.48,45
2011-05-10,46714289.15,23778737.59,22935551.56,38.64,0.0,116846315.17,23758312.5,9330625.48,45
2011-05-11,46127297.97,23515507.41,22611790.57,38.93,0.0,116522535.06,23495062.5,9330625.48,45
2011-05-12,46175163.35,23669089.5,22506073.84,38.44,21.0,116419369.91,23648625.0,9330625.48,45
2011-05-13,45858230.47,23432177.65,22426052.82,25.65,0.0,116339336.97,23411700.0,9330625.48,45
2011-05-16,45590313.29,23283061.23,22307252.06,114.65,0.0,116220480.14,23262525.0,9330625.48,45
2011-05-17,45567096.75,23283087.1,22284009.65,50.66,0.0,116197212.36,23262525.0,9330625.48,45
2011-05-18,46056572.5,23511262.97,22545309.53,50.63,0.0,116458488.07,23490675.0,9330625.48,45
2011-05-19,46100549.53,23568333.13,22532216.41,63.97,17.5,116447681.13,23547712.5,9330625.48,45
2011-05-20,45883701.49,23322665.86,22561035.63,64.03,62.48,116470616.46,23302012.5,9330625.48,45
2011-05-23,45275258.44,23103388.04,22171870.4,191.18,0.0,116081357.22,23082637.5,9330625.48,45
2011-05-24,45333203.28,23072714.04,22260489.23,75.46,0.0,116169938.52,23051925.0,9330625.48,45
2011-05-25,45589598.52,23125402.5,22464196.03,75.56,0.0,116373608.8,23104575.0,9330625.48,45
2011-05-26,45880802.58,23300941.04,22579861.54,75.98,135.0,116491241.88,23280075.0,9330625.48,45
2011-05-27,46124855.74,23362398.4,22762457.34,63.72,0.0,116673805.72,23341500.0,9330625.48,45
2011-05-30,46115331.69,23362495.75,22752835.95,192.19,206.8,116659205.42,23341500.0,9330625.48,45
2011-05-31,46578572.46,23290413.53,23288158.92,64.05,3459.41,156829236.38,23251200.0,9074364.21,46
2011-06-01,45887689.03,22736852.35,23150836.68,77.63,0.0,156691875.88,22697600.0,9074364.21,46
2011-06-02,45804836.42,22745533.93,23059302.49,63.73,0.0,156600309.55,22706250.0,9074364.21,46
2011-06-03,45625217.88,22464434.2,23160783.67,50.89,0.0,156701764.54,22425125.0,9074364.21,46
2011-06-06,45249654.0,22269884.08,22979769.91,152.08,0.0,156520674.14,22230500.0,9074364.21,46
2011-06-07,45354949.75,22265590.02,23089359.74,62.85,0.0,156630231.48,22226175.0,9074364.21,46
2011-06-08,45162806.38,22131545.94,23031260.45,62.99,0.0,156572100.69,22092100.0,9074364.21,46
2011-06-09,45467416.01,22313220.53,23154195.48,50.18,80.0,156696817.57,22273750.0,9074364.21,46
2011-06-10,44957266.21,21997526.52,22959739.69,63.15,21.0,156505051.18,21958025.0,9074364.21,46
2011-06-13,44948293.05,22036543.18,22911749.87,187.32,460.1,156415768.3,21996950.0,9074364.21,46
2011-06-14,45353121.4,22356623.78,22996497.61,62.43,163.3,156505627.52,22317000.0,9074364.21,46
2011-06-15,44566739.67,21932804.83,22633934.84,62.99,403.86,156137919.51,21893150.0,9074364.21,46
2011-06-16,44522885.73,21991828.3,22531057.43,61.9,1595.16,156032082.72,21858550.0,9074364.21,46
2011-06-17,44579922.97,22035108.84,22544814.13,61.84,331.8,156042431.25,21901800.0,9074364.21,46
2011-06-20,44697261.34,22169257.29,22528004.04,148.6,17.5,156027512.95,22035875.0,9074364.21,46
2011-06-21,45204207.7,22415800.77,22788406.93,37.25,22.5,156289769.56,22282400.0,9074364.21,46
2011-06-22,45045086.84,22273094.45,22771992.39,37.67,18.0,156278529.03,22139675.0,9074364.21,46
2011-06-23,44595246.8,22225531.82,22369714.98,25.03,0.0,155876238.97,22092100.0,9074364.21,46
2011-06-24,44379735.08,22000637.99,22379097.08,12.39,22.5,155772762.93,21867200.0,9074364.21,46
2011-06-27,44510583.29,22212599.66,22297983.63,73.97,0.0,155691611.6,22079125.0,9074364.21,46
2011-06-28,45003780.89,22528337.0,22475443.89,24.73,36.0,155869736.05,22394850.0,9074364.21,46
2011-06-29,45443501.78,22697030.77,22746471.01,37.5,212.98,156139579.95,22563525.0,9074364.21,46
2011-06-30,45665556.54,22833909.56,22831646.97,25.25,3475.69,150844737.0,22823925.0,9196242.44,42
2011-07-01,45992316.24,23167916.09,22824400.15,38.05,66.5,150846087.08,23157912.5,9196242.44,42
2011-07-04,46046128.65,23167954.7,22878173.95,76.65,0.0,150899822.84,23157912.5,9196242.44,42
2011-07-05,46252003.54,23202667.58,23049335.97,25.58,0.0,151070972.71,23192612.5,9196242.44,42
2011-07-06,46223496.62,23185330.47,23038166.16,25.7,0.0,151059790.1,23175262.5,9196242.44,42
2011-07-07,46759791.08,23462936.91,23296854.18,12.84,0.0,151318471.72,23452862.5,9196242.44,42
2011-07-08,46551257.72,23289456.46,23261801.26,38.97,0.0,151283398.83,23279362.5,9196242.44,42
2011-07-11,45997553.46,22886127.18,23111426.27,116.38,0.0,151132965.69,22875975.0,9196242.44,42
2011-07-12,45924600.47,22751683.75,23172916.71,38.33,21.0,151195657.86,22741512.5,9196242.44,42
2011-07-13,46237626.68,22777727.71,23459898.96,38.27,0.0,151482620.8,22767537.5,9196242.44,42
2011-07-14,45989796.17,22682309.04,23307487.13,12.84,0.0,151330203.02,22672112.5,9196242.44,42
2011-07-15,46223505.57,22825452.84,23398052.73,12.77,140.04,151446544.47,22815250.0,9196242.44,42
2011-07-18,45837258.56,22573915.88,23263342.68,77.04,0.0,151311795.42,22563675.0,9196242.44,42
2011-07-19,46304913.05,22933940.93,23370972.13,25.47,17.5,151421029.45,22923687.5,9196242.44,42
2011-07-20,46323405.49,22933960.04,23389445.45,38.59,22.5,151441305.23,22923687.5,9196242.44,42
2011-07-21,46753119.2,23302660.28,23450458.93,25.74,0.0,151502305.71,23292375.0,9196242.44,42
2011-07-22,46865802.77,23276667.64,23589135.13,64.93,0.0,151640949.9,23266350.0,9196242.44,42
2011-07-25,46731058.32,23146639.63,23584418.69,195.27,0.0,151636135.18,23136225.0,9196242.44,42
2011-07-26,46777290.62,23020884.28,23756406.34,64.9,0.0,151808090.08,23010437.5,9196242.44,42
2011-07-27,46102312.98,22548141.54,23554171.44,90.96,36.0,151602724.42,22537650.0,9196242.44,42
2011-07-28,46011106.32,22509154.15,23501952.17,102.45,0.0,151550452.81,22498612.5,9196242.44,42
2011-07-29,45949981.54,22975122.22,22974859.31,89.47,2114.51,168315783.6,45810425.0,9513938.2,46
2011-08-01,45878391.47,22902032.43,22976359.04,382.92,0.0,168317091.87,45737143.75,9513938.2,46
2011-08-02,45595095.51,22471471.05,23123624.46,127.44,0.0,168464292.9,45306518.75,9513938.2,46
2011-08-03,45633316.23,22617621.0,23015695.23,75.99,0.0,168356325.69,45452631.25,9513938.2,46
2011-08-04,44425187.43,21798752.32,22626435.11,25.35,0.0,167967052.79,44633750.0,9513938.2,46
2011-08-05,44197424.03,21607495.68,22589928.35,24.68,0.0,167930532.9,44442481.25,9513938.2,46
2011-08-08,42671943.99,20346501.18,22325442.81,36.83,99.0,167705508.09,43181467.84,9513938.2,46
2011-08-09,44023315.86,21650929.44,22372386.42,59.27,0.0,167752420.69,44485867.84,9513938.2,46
2011-08-10,43420155.37,20834753.74,22585401.63,36.69,0.0,167965416.71,43669675.0,9513938.2,46
2011-08-11,44173806.02,21482202.81,22691603.2,24.12,21.0,168070277.29,44317112.5,9513938.2,46
2011-08-12,44530610.16,21748508.21,22782101.95,36.81,81.0,168023317.56,44583400.0,9513938.2,46
2011-08-15,44954048.56,22078819.46,22875229.1,74.22,0.0,168116407.31,44913675.0,9513938.2,46
2011-08-16,45040280.33,22061425.48,22978854.85,24.97,0.0,168220020.35,44896267.84,9513938.2,46
2011-08-17,45260094.54,22072581.36,23187513.18,37.53,0.0,168428658.97,44907407.16,9513938.2,46
2011-08-18,44347789.22,21321668.74,23026120.48,12.57,0.0,168267259.82,44156487.5,9513938.2,46
2011-08-19,44083096.68,20977418.41,23105678.27,12.32,17.5,168347479.28,43812232.16,9513938.2,46
2011-08-22,44093478.04,20927134.63,23166343.41,73.47,22.5,168408878.41,43761912.5,9513938.2,46
2011-08-23,44675843.33,21506246.69,23169596.64,12.25,22.5,168418990.89,44341017.84,9513938.2,46
2011-08-24,44490988.4,21610052.66,22880935.73,12.41,0.0,168130324.11,44444817.84,9513938.2,46
2011-08-25,44344079.71,21425902.17,22918177.54,24.72,76.5,168151054.15,44260657.16,9513938.2,46
2011-08-26,44920594.03,21809239.37,23111354.66,12.32,0.0,168344224.9,44643987.5,9513938.2,46
2011-08-29,45394233.05,22276482.55,23117750.5,37.43,91.8,168325274.63,45111212.5,9513938.2,46
2011-08-30,45726151.21,22340926.17,23385225.04,25.22,45.5,168570144.57,45175642.84,9513938.2,46
2011-08-31,45895872.46,22948736.39,22947136.07,12.7,5597.72,155296231.01,22838531.25,2412617.77,41
2011-09-01,45981728.05,23048311.64,22933416.41,25.5,70.0,155289568.6,22938093.75,2412617.77,41
2011-09-02,46270869.02,23183840.07,23087028.94,25.55,0.0,155443167.7,23073610.26,2412617.77,41
2011-09-05,46373243.79,23183878.71,23189365.08,77.12,0.0,155545465.35,23073610.26,2412617.77,41
2011-09-06,46093896.15,23172829.09,22921067.06,25.76,0.0,155277155.01,23062547.76,2412617.77,41
2011-09-07,46005837.86,23111998.21,22893839.64,25.61,0.0,155249915.42,23001702.24,2412617.77,41
2011-09-08,46111743.55,23178386.05,22933357.5,25.56,547.8,155228333.29,23068077.24,2412617.77,41
2011-09-09,46101239.88,23277961.43,22823278.45,25.62,0.0,155118242.06,23167639.74,2412617.77,41
2011-09-12,45953876.52,23225433.95,22728442.57,38.42,21.0,155022958.58,23115093.75,2412617.77,41
2011-09-13,45852708.36,23153534.16,22699174.21,12.76,0.0,154993683.91,23043187.5,2412617.77,41
2011-09-14,45758732.06,23123118.71,22635613.35,12.74,0.0,154930116.32,23012764.74,2412617.77,41
2011-09-15,45524303.43,23029093.89,22495209.54,12.71,302.1,154795048.85,22918735.26,2412617.77,41
2011-09-16,45567216.05,23042928.41,22524287.64,12.65,0.0,154824120.55,22932562.5,2412617.77,41
2011-09-19,45633496.56,23217181.99,22416314.58,37.97,275.2,154699063.37,23106797.76,2412617.77,41
2011-09-20,45664645.26,23203360.31,22461284.95,12.68,73.1,154740869.49,23092968.75,2412617.77,41
2011-09-21,45593082.96,23253148.01,22339934.96,12.68,0.0,154619513.26,23142750.0,2412617.77,41
2011-09-22,45337155.15,23430154.46,21907000.68,12.66,0.0,154186573.9,23319750.0,2412617.77,41
2011-09-23,44884405.17,23291873.21,21592531.95,0.0,0.0,153872104.47,23181468.75,2412617.77,41
2011-09-26,44695167.95,23181267.62,21513900.32,37.4,0.0,153793454.99,23070843.75,2412617.77,41
2011-09-27,44665718.18,23042999.25,21622718.92,24.83,0.0,153902261.5,22932562.5,2412617.77,41
2011-09-28,44386964.84,23062365.03,21324599.81,12.41,0.0,153604136.52,22951922.76,2412617.77,41
2011-09-29,44425046.32,23117690.34,21307355.98,24.66,81.0,153649736.14,23007235.26,2412617.77,41
2011-09-30,44336598.92,22168733.88,22167865.04,24.68,1917.84,170898609.52,22115937.5,1478084.17,20
2011-10-03,44675626.64,22320177.08,22355449.56,73.89,0.0,171086157.63,22267344.6,1478084.17,20
2011-10-04,44689637.91,22314876.98,22374760.93,24.82,0.0,171105456.58,22262030.4,1478084.17,20
2011-10-05,44455427.55,22171445.68,22283981.87,12.41,0.0,171014670.77,22118594.6,1478084.17,20
2011-10-06,44187925.63,22070508.18,22117417.46,0.0,0.0,170848106.89,22017655.4,1478084.17,20
2011-10-07,43990272.24,21964264.31,22026007.93,12.27,0.0,170756691.76,21911405.4,1478084.17,20
2011-10-10,43606827.77,21743813.86,21863013.91,36.66,81.0,170592859.31,21690937.5,1478084.17,20
2011-10-11,43718845.31,21852726.15,21866119.16,12.11,0.0,170595959.42,21799844.6,1478084.17,20
2011-10-12,43572929.68,21799613.29,21773316.39,24.29,0.0,170503143.43,21746718.75,1478084.17,20
2011-10-13,43735937.81,21887281.65,21848656.15,24.21,0.0,170578471.77,21834375.0,1478084.17,20
2011-10-14,43634169.51,21834168.81,21800000.69,24.3,90.0,170490094.04,21781250.0,1478084.17,20
2011-10-17,43830241.86,21935142.7,21895099.16,72.72,0.0,170585156.71,21882187.5,1478084.17,20
2011-10-18,43906497.14,21953760.83,21952736.32,48.7,0.0,170642769.0,21900780.4,1478084.17,20
2011-10-19,43844301.55,21956441.47,21887860.08,48.78,0.0,170577867.83,21903437.5,1478084.17,20
2011-10-20,43800182.79,21932553.52,21867629.27,36.54,0.0,170557618.78,21879530.4,1478084.17,20
2011-10-21,43740925.76,21924603.04,21816322.71,36.5,0.0,170506294.54,21871562.5,1478084.17,20
2011-10-24,43685189.07,21871514.58,21813674.49,72.9,0.0,170503610.1,21818437.5,1478084.17,20
2011-10-25,43929527.54,22004339.23,21925188.31,24.27,0.0,170615111.12,21951250.0,1478084.17,20
2011-10-26,43853535.13,21911376.6,21942158.53,12.2,0.0,170632075.39,21858280.4,1478084.17,20
2011-10-27,43374602.48,21696232.52,21678369.96,24.36,72.0,170384147.03,21643125.0,1478084.17,20
2011-10-28,43544137.98,21829057.07,21715080.91,24.1,0.0,170420845.4,21775937.5,1478084.17,20
2011-10-31,43858630.19,21929445.2,21929184.98,36.29,980.22,167318168.23,21811562.5,1657041.86,25
2011-11-01,44262383.99,22130138.79,22132245.19,12.18,0.0,167521222.35,22012250.0,1657041.86,25
2011-11-02,44298291.54,22140707.44,22157584.09,12.3,0.0,167546555.5,22022812.5,1657041.86,25
2011-11-03,44309381.59,22095822.97,22213558.62,12.31,0.0,167602522.94,21977922.72,1657041.86,25
2011-11-04,44343166.33,22130157.23,22213009.1,12.31,0.0,167601967.65,22012250.0,1657041.86,25
2011-11-07,44459041.61,22180347.55,22278694.07,36.95,0.0,167667634.24,22062422.72,1657041.86,25
2011-11-08,44371054.59,22095853.71,22275200.88,12.35,0.0,167664134.33,21977922.72,1657041.86,25
2011-11-09,44495882.38,22225250.47,22270631.91,12.33,0.0,167659559.57,22107312.5,1657041.86,25
2011-11-10,44414637.09,22146037.89,22268599.2,12.36,21.0,167647941.81,22028093.75,1657041.86,25
2011-11-11,44310505.79,22050981.55,22259524.25,12.34,0.0,167638860.53,21933031.25,1657041.86,25
2011-11-14,44449954.88,22164546.8,22285408.09,36.93,0.0,167664725.96,22046577.28,1657041.86,25
2011-11-15,44484458.09,22143427.95,22341030.14,12.35,0.0,167720341.29,22025452.28,1657041.86,25
2011-11-16,44476826.43,22172480.98,22304345.45,12.36,0.0,167683650.93,22054500.0,1657041.86,25
2011-11-17,44394407.83,22227940.26,22166467.57,12.35,72.0,167589638.85,22109952.28,1657041.86,25
2011-11-18,44248005.07,22138171.36,22109833.71,24.66,0.0,167532993.07,22020172.72,1657041.86,25
2011-11-21,44263337.39,22185721.06,22077616.33,36.87,0.0,167500756.87,22067702.28,1657041.86,25
2011-11-22,44388150.28,22222702.14,22165448.14,24.59,0.0,167588575.76,22104672.72,1657041.86,25
2011-11-23,44375816.0,22294011.36,22081804.64,24.66,0.0,167504921.0,22175968.75,1657041.86,25
2011-11-24,44364986.68,22294023.74,22070962.94,24.65,0.0,167494067.03,22175968.75,1657041.86,25
2011-11-25,44148128.42,22198973.63,21949154.79,24.65,0.0,167372245.56,22080906.25,1657041.86,25
2011-11-28,44242292.65,22209573.13,22032719.52,73.58,74.8,167434979.44,22091468.75,1657041.86,25
2011-11-29,44229794.82,22166581.13,22063213.68,36.87,799.0,167220635.51,22049218.75,1657041.86,25
2011-11-30,44298695.75,22149451.11,22149244.65,24.57,1416.46,159413998.25,22117781.25,1572712.7,22
2011-12-01,44222791.23,22114722.88,22108068.34,12.31,0.0,159372815.26,22083046.02,1572712.7,22
2011-12-02,44361594.74,22205572.78,22156021.97,12.28,0.0,159420763.14,22173891.48,1572712.7,22
2011-12-05,44286855.7,22186906.66,22099949.04,73.94,81.0,159374454.29,22155187.5,1572712.7,22
2011-12-06,44226734.33,22146834.7,22079899.63,12.3,0.0,159354398.74,22115108.52,1572712.7,22
2011-12-07,44396727.25,22256387.73,22140339.52,12.29,0.0,159414832.63,22224656.25,1572712.7,22
2011-12-08,44463986.8,22325868.84,22138117.96,24.66,468.12,159404415.88,22294125.0,1572712.7,22
2011-12-09,44293761.09,22235031.29,22058729.8,12.35,0.0,159325020.9,22203281.25,1572712.7,22
2011-12-12,44381556.69,22296502.95,22085053.74,36.91,21.0,159347148.54,22264733.52,1572712.7,22
2011-12-13,44508642.9,22344602.89,22164040.01,12.33,0.0,159426128.27,22312828.98,1572712.7,22
2011-12-14,44501207.31,22400718.47,22100488.84,12.36,0.0,159362570.26,22368937.5,1572712.7,22
2011-12-15,44492937.07,22384693.44,22108243.62,12.36,248.04,159382745.1,22352906.25,1572712.7,22
2011-12-16,44604346.11,22462177.82,22142168.29,0.0,0.0,159416669.09,22430391.48,1572712.7,22
2011-12-19,44682079.17,22488896.57,22193182.6,0.0,515.2,159571211.63,22457108.52,1572712.7,22
2011-12-20,44528502.64,22368668.44,22159834.19,12.41,18.0,159538555.6,22336875.0,1572712.7,22
2011-12-21,44468712.03,22333940.28,22134771.75,12.37,0.0,159513487.68,22302141.48,1572712.7,22
2011-12-22,44518191.26,22339290.23,22178901.03,12.35,0.0,159557610.27,22307483.52,1572712.7,22
2011-12-23,44377980.87,22237765.19,22140215.68,12.37,0.0,159518919.16,22205953.98,1572712.7,22
2011-12-26,44378017.85,22237783.72,22140234.13,36.98,0.0,159518919.16,22205953.98,1572712.7,22
2011-12-27,44449609.68,22253821.15,22195788.53,12.33,0.0,159574467.41,22221983.52,1572712.7,22
2011-12-28,44596369.33,22382083.51,22214285.82,24.69,0.0,159592951.43,22350233.52,1572712.7,22
2011-12-29,44663983.99,22406136.6,22257847.39,12.39,0.0,159636507.37,22374281.25,1572712.7,22
2011-12-30,44737692.07,22368882.05,22368810.02,24.81,810.03,158460198.93,22291250.0,1321971.43,19
2012-01-02,44711448.81,22368919.33,22342529.48,74.56,0.0,158433881.11,22291250.0,1321971.43,19
2012-01-03,44572310.12,22270650.51,22301659.61,24.84,0.0,158392998.98,22192969.6,1321971.43,19
2012-01-04,44564367.49,22244100.38,22320267.1,24.76,0.0,158411593.93,22166405.4,1321971.43,19
2012-01-05,44610337.05,22262706.49,22347630.56,24.76,0.0,158438944.59,22185000.0,1321971.43,19
2012-01-06,44679929.62,22305218.86,22374710.76,24.78,0.0,158466011.82,22227500.0,1321971.43,19
2012-01-09,44721552.89,22323849.78,22397703.11,74.47,0.0,158488967.43,22246094.6,1321971.43,19
2012-01-10,44675776.16,22299949.74,22375826.42,12.42,0.0,158467084.52,22222187.5,1321971.43,19
2012-01-11,44816227.04,22382305.87,22433921.17,24.82,0.0,158525166.29,22304530.4,1321971.43,19
2012-01-12,44753967.64,22342474.56,22411493.09,24.9,0.0,158502726.14,22264687.5,1321971.43,19
2012-01-13,44919538.52,22440774.43,22478764.09,37.29,0.0,158569978.47,22362969.6,1321971.43,19
2012-01-16,44968032.42,22440830.53,22527201.89,112.3,0.0,158618360.07,22362969.6,1321971.43,19
2012-01-17,44950615.63,22448817.98,22501797.65,37.47,0.0,158592936.51,22370937.5,1321971.43,19
2012-01-18,44859567.73,22393055.44,22466512.29,37.46,0.0,158557632.95,22315155.4,1321971.43,19
2012-01-19,44710381.53,22297449.1,22412932.43,37.38,14.0,158504727.97,22219530.4,1321971.43,19
2012-01-20,44569364.88,22223105.07,22346259.81,62.1,18.0,158438643.17,22145155.4,1321971.43,19
2012-01-23,44505105.39,22175385.16,22329720.22,185.71,0.0,158422010.07,22097344.6,1321971.43,19
2012-01-24,44501487.11,22194003.55,22307483.56,49.45,0.0,158399748.59,22115937.5,1321971.43,19
2012-01-25,44635853.13,22308246.96,22327606.17,49.45,0.0,158419846.97,22230155.4,1321971.43,19
2012-01-26,44799608.55,22422490.5,22377118.05,49.6,67.5,158487963.34,22344375.0,1321971.43,19
2012-01-27,44893136.41,22470334.14,22422802.27,62.22,0.0,158533617.18,22392187.5,1321971.43,19
2012-01-30,45014088.93,22523571.49,22490517.44,224.47,0.0,158601220.08,22445312.5,1321971.43,19
2012-01-31,45110830.93,22555079.17,22555751.76,62.52,1599.91,163586448.77,44984400.0,7043465.91,25
2012-02-01,45246540.03,22707760.51,22538779.52,75.18,0.0,163569439.35,45137044.6,7043465.91,25
2012-02-02,45291991.47,22791273.36,22500718.11,75.41,0.0,163531340.53,45220519.6,7043465.91,25
2012-02-03,45347049.96,22927386.5,22419663.45,100.65,0.0,163450235.31,45356580.4,7043465.91,25
2012-02-06,45404737.71,22985976.85,22418760.85,302.31,76.5,163474929.18,45415019.6,7043465.91,25
2012-02-07,45363983.92,22997271.68,22366712.24,100.9,0.0,163422831.31,45426262.5,7043465.91,25
2012-02-08,45366062.68,23025397.79,22340664.9,100.81,0.0,163396734.82,45454337.5,7043465.91,25
2012-02-09,45272183.94,22993830.35,22278353.59,113.42,0.0,163334367.67,45422712.5,7043465.91,25
2012-02-10,45253004.65,22964181.59,22288823.06,113.18,0.0,163344781.28,45393005.4,7043465.91,25
2012-02-13,45373045.75,23065397.57,22307648.18,339.4,0.0,163363438.11,45494050.0,7043465.91,25
2012-02-14,45459594.91,23113030.55,22346564.37,138.64,0.0,163402286.86,45541612.5,7043465.91,25
2012-02-15,45409811.87,23026476.34,22383335.53,151.53,0.0,163438983.53,45454980.4,7043465.91,25
2012-02-16,45512514.64,23140609.2,22371905.44,138.75,0.0,163427484.89,45569044.6,7043465.91,25
2012-02-17,45553298.37,23216048.48,22337249.89,126.42,14.0,163394101.35,45644419.6,7043465.91,25
2012-02-20,45537543.05,23216222.6,22321320.45,341.65,0.0,163378004.39,45644419.6,7043465.91,25
2012-02-21,45514625.51,23172768.14,22341857.37,113.84,18.0,163399943.5,45600905.4,7043465.91,25
2012-02-22,45546091.67,23173082.13,22373009.54,101.14,0.0,163431045.46,45601169.6,7043465.91,25
2012-02-23,45736305.28,23320102.57,22416202.71,113.87,0.0,163474183.67,45748130.4,7043465.91,25
2012-02-24,45735177.55,23321804.62,22413372.94,114.34,0.0,163471297.45,45749775.0,7043465.91,25
2012-02-27,45944510.69,23465173.96,22479336.73,381.13,78.2,163515003.87,45892950.0,7043465.91,25
2012-02-28,45997483.02,23546320.93,22451162.08,153.15,0.0,163486754.69,45974019.6,7043465.91,25
2012-02-29,45775406.14,22888917.2,22886488.93,127.77,4462.27,103060040.96,45641217.88,8000655.06,34
2012-03-01,45900451.81,22983061.82,22917389.99,101.72,0.0,103090890.59,45735312.5,8000655.06,34
2012-03-02,45914810.56,22984675.39,22930135.16,102.0,0.0,103103585.23,45736875.0,8000655.06,34
2012-03-05,45697345.59,22875559.47,22821786.12,267.84,0.0,102995102.03,45627625.0,8000655.06,34
2012-03-06,45327531.44,22593891.55,22733639.89,101.55,0.0,102906905.65,45345907.12,8000655.06,34
2012-03-07,45494355.0,22738660.51,22755694.49,100.73,0.0,102928909.73,45490625.0,8000655.06,34
2012-03-08,45778464.07,22914648.54,22863815.53,101.1,4180.24,102970093.8,45666562.5,8000655.06,34
2012-03-09,45847211.94,22982574.47,22864637.47,101.73,0.0,102970864.94,45734437.5,8000655.06,34
2012-03-12,45859588.3,22988184.33,22871403.96,343.85,21.0,102979280.77,45739875.0,8000655.06,34
2012-03-13,46175492.37,23277304.3,22898188.06,114.65,0.0,103006007.52,46028937.5,8000655.06,34
2012-03-14,45693273.23,23007324.78,22685948.45,102.61,0.0,102793717.77,45758905.38,8000655.06,34
2012-03-15,45767507.04,23140906.05,22626600.98,114.23,1755.54,102738913.14,45801812.5,8000655.06,34
2012-03-16,45779660.02,23142051.22,22637608.8,101.71,87.76,102745654.15,45802907.12,8000655.06,34
2012-03-19,45715995.87,23120162.29,22595833.58,343.35,560.0,102744101.05,45780843.75,8000655.06,34
2012-03-20,45529303.23,23047789.01,22481514.22,126.99,18.0,102631616.53,45708406.25,8000655.06,34
2012-03-21,45685025.34,23117446.78,22567578.56,126.47,0.0,102717618.81,45778000.0,8000655.06,34
2012-03-22,45551516.64,23005035.83,22546480.81,114.21,0.0,102696464.07,45665532.12,8000655.06,34
2012-03-23,45797927.61,23143211.95,22654715.66,101.23,0.0,102804648.83,45803657.12,8000655.06,34
2012-03-26,46198550.41,23497834.99,22700715.42,305.32,0.0,102850498.12,46158125.0,8000655.06,34
2012-03-27,46238062.56,23447956.23,22790106.33,115.5,0.0,102939831.71,46108187.5,8000655.06,34
2012-03-28,46081050.73,23340608.6,22740442.13,115.6,0.0,102890110.53,46000780.38,8000655.06,34
2012-03-29,46031257.25,23364260.7,22666996.55,115.2,220.64,102805325.36,46024375.0,8000655.06,34
2012-03-30,46049111.27,23024814.47,23024296.81,89.51,682.56,102388756.57,45932035.26,8026802.19,32
2012-04-02,46354279.86,23215367.53,23138912.33,268.62,0.0,102503238.54,46122452.24,8026802.19,32
2012-04-03,46082452.73,23015637.87,23066814.87,103.01,0.0,102431089.09,45922672.76,8026802.19,32
2012-04-04,45784512.64,22841692.14,22942820.5,102.41,0.0,102307043.28,45748675.0,8026802.19,32
2012-04-05,45953454.31,22897636.65,23055817.67,101.74,0.0,102419990.39,45804568.75,8026802.19,32
2012-04-06,46184541.38,23088515.66,23096025.73,102.12,0.0,102460147.22,45995397.76,8026802.19,32
2012-04-09,45913429.72,22855144.09,23058285.63,269.41,85.5,102403358.29,45761889.74,8026802.19,32
2012-04-10,45745073.07,22640204.35,23104868.72,114.78,0.0,102449883.15,45546893.75,8026802.19,32
2012-04-11,45778735.11,22708045.33,23070689.78,114.36,0.0,102415647.2,45614677.24,8026802.19,32
2012-04-12,46216937.31,23035714.6,23181222.71,114.45,21.0,102525392.32,45942289.74,8026802.19,32
2012-04-13,45992747.05,22760512.81,23232234.24,115.54,0.0,102576346.1,45667031.25,8026802.19,32
2012-04-16,45922915.96,22771939.77,23150976.19,344.95,0.0,102494913.25,45678287.5,8026802.19,32
2012-04-17,46209136.53,23044774.74,23164361.78,102.05,0.0,102508248.14,45951072.76,8026802.19,32
2012-04-18,46130630.59,22983616.58,23147014.01,102.69,0.0,102490849.07,45889862.5,8026802.19,32
2012-04-19,46098786.52,22925314.4,23173472.13,89.7,14.0,102519076.18,45831514.74,8026802.19,32
2012-04-20,46145244.99,22953865.22,23191379.77,89.64,18.0,102538756.76,45860022.76,8026802.19,32
2012-04-23,45978975.88,22804330.75,23174645.13,307.63,0.0,102521867.33,45710335.26,8026802.19,32
2012-04-24,46063928.8,22887328.3,23176600.5,102.18,0.0,102523771.2,45793281.25,8026802.19,32
2012-04-25,46359413.37,23153691.77,23205721.6,115.16,0.0,102552834.54,46059587.5,8026802.19,32
2012-04-26,46656210.49,23351034.03,23305176.46,115.9,72.0,102650303.78,46256872.76,8026802.19,32
2012-04-27,46771174.83,23421276.78,23349898.05,116.64,118.16,102690279.9,46327056.25,8026802.19,32
2012-04-30,46771433.88,23385957.84,23385476.05,350.78,783.79,108612946.61,46622625.0,8355404.12,35
2012-05-01,46854822.55,23448272.8,23406549.75,129.92,0.0,108633954.2,46684875.0,8355404.12,35
2012-05-02,46833410.32,23436581.42,23396828.9,117.14,0.0,108624174.65,46673125.0,8355404.12,35
2012-05-03,46584212.6,23244008.5,23340204.1,104.07,0.0,108567498.61,46480500.0,8355404.12,35
2012-05-04,46178513.04,22930191.61,23248321.43,116.46,0.0,108475557.59,46166624.12,8355404.12,35
2012-05-07,46166907.56,22984762.87,23182144.69,269.37,0.0,108409245.64,46221061.62,8355404.12,35
2012-05-08,46038680.66,22912889.22,23125791.45,128.24,0.0,108352827.79,46149125.88,8355404.12,35
2012-05-09,45869040.65,22784571.5,23084469.16,115.1,0.0,108311447.5,46020750.0,8355404.12,35
2012-05-10,45976544.9,22871503.46,23105041.44,114.67,24.5,108326562.33,46107625.0,8355404.12,35
2012-05-11,45805740.08,22798191.99,23007548.08,127.71,0.0,108229004.43,46034249.12,8355404.12,35
2012-05-14,45523919.81,22590881.98,22933037.83,381.71,0.0,108154302.05,45826750.88,8355404.12,35
2012-05-15,45447605.81,22486382.23,22961223.58,126.46,0.0,108182424.87,45722187.5,8355404.12,35
2012-05-16,45231494.76,22398375.95,22833118.81,113.62,0.0,108054261.93,45634125.88,8355404.12,35
2012-05-17,44962334.65,22103000.66,22859333.99,125.64,0.0,108080412.91,45338686.62,8355404.12,35
2012-05-18,44688512.35,21935437.06,22753075.29,124.9,0.0,107974091.66,45171062.5,8355404.12,35
2012-05-21,45126715.61,22321333.3,22805382.32,297.92,14.0,108027541.0,45556812.5,8355404.12,35
2012-05-22,45023402.6,22249639.1,22773763.5,112.82,18.0,107997042.41,45485062.5,8355404.12,35
2012-05-23,45040588.16,22351694.72,22688893.44,112.56,0.0,107912115.23,45587063.38,8355404.12,35
2012-05-24,45140547.11,22420813.1,22719734.01,112.6,0.0,107942899.26,45656125.88,8355404.12,35
2012-05-25,45083689.59,22333750.38,22749939.21,125.39,76.5,108027943.25,45568999.12,8355404.12,35
2012-05-28,45096294.54,22333917.89,22762376.66,338.13,0.0,108040210.07,45568999.12,8355404.12,35
2012-05-29,45466580.3,22654848.72,22811731.58,112.74,81.6,108132364.5,45889874.12,8355404.12,35
2012-05-30,45157361.86,22383863.36,22773498.51,113.67,1318.46,108077751.81,45619625.88,8355404.12,35
2012-05-31,45181244.76,22592120.82,22589123.95,87.81,3653.37,96004045.87,45086062.5,6736653.37,21
2012-06-01,44816000.4,22117977.25,22698023.15,87.85,0.0,96112901.73,44611875.84,6736653.37,21
2012-06-04,44664096.6,21993231.27,22670865.33,261.43,0.0,96085610.75,44487000.0,6736653.37,21
2012-06-05,44800657.96,22174030.14,22626627.82,99.25,0.0,96041322.86,44667750.0,6736653.37,21
2012-06-06,45117592.56,22592579.42,22525013.14,99.56,0.0,95939658.47,45086250.84,6736653.37,21
2012-06-07,45126436.13,22635198.4,22491237.73,112.79,542.82,95904006.47,45128813.34,6736653.37,21
2012-06-08,45402843.96,22852754.99,22550088.97,112.82,0.0,95962801.09,45346313.34,6736653.37,21
2012-06-11,45093888.77,22527613.88,22566274.89,340.52,0.0,95978818.27,45021000.0,6736653.37,21
2012-06-12,45291237.13,22773857.7,22517379.43,112.73,0.0,95929866.97,45267187.5,6736653.37,21
2012-06-13,45110104.4,22663858.46,22446245.94,125.81,0.0,95858670.36,45157125.0,6736653.37,21
2012-06-14,45386062.32,22930118.92,22455943.4,125.31,1656.0,95868178.97,45308436.66,6736653.37,21
2012-06-15,45638162.41,23168876.48,22469285.93,138.68,222.6,95882452.08,45547125.0,6736653.37,21
2012-06-18,45722631.65,23221550.25,22501081.4,342.29,502.0,95960620.44,45599625.84,6736653.37,21
2012-06-19,45809075.1,23343489.75,22465585.35,127.01,0.0,95925062.06,45721500.84,6736653.37,21
2012-06-20,45659691.79,23300610.61,22359081.18,114.52,0.0,95818500.97,45678561.66,6736653.37,21
2012-06-21,45187662.09,22766293.86,22421368.23,114.15,0.0,95880732.13,45144188.34,6736653.37,21
2012-06-22,45218587.66,22852600.78,22365986.88,112.97,0.0,95825294.33,45230437.5,6736653.37,21
2012-06-25,45080444.17,22597959.67,22482484.5,339.14,0.0,95941625.17,44975625.0,6736653.37,21
2012-06-26,45176737.03,22732272.44,22444464.58,125.22,0.0,95903541.66,45109875.0,6736653.37,21
2012-06-27,45388329.11,22923210.59,22465118.52,125.49,0.0,95924134.0,45300750.84,6736653.37,21
2012-06-28,45466249.51,22934517.9,22531731.61,113.47,0.0,95990690.93,45312000.84,6736653.37,21
2012-06-29,45884989.91,22942693.66,22942296.25,113.67,559.41,84910889.95,45865350.0,6973634.27,24
2012-07-02,46090134.91,23069953.23,23020181.68,344.14,84.0,84996127.31,45992436.64,6973634.27,24
2012-07-03,46253955.29,23182967.32,23070987.98,128.03,0.0,85046869.47,46105386.64,6973634.27,24
2012-07-04,46256538.63,23183025.27,23073513.36,115.63,0.0,85049337.18,46105386.64,6973634.27,24
2012-07-05,46372145.2,23126983.23,23245161.97,115.64,0.0,85220928.1,46049286.64,6973634.27,24
2012-07-06,46267515.11,23032134.62,23235380.49,103.05,0.0,85211095.15,45954388.36,6973634.27,24
2012-07-09,46324117.29,23022288.17,23301829.12,308.45,0.0,85277388.7,45944388.36,6973634.27,24
2012-07-10,46082139.23,22803408.23,23278731.0,115.81,0.0,85254232.51,45725450.0,6973634.27,24
2012-07-11,46111954.28,22810765.24,23301189.05,115.21,0.0,85276632.36,45732750.0,6973634.27,24
2012-07-12,46042166.26,22703278.6,23338887.67,128.09,0.0,85314266.07,45625200.0,6973634.27,24
2012-07-13,46426452.36,23064779.16,23361673.2,127.89,0.0,85336986.77,45986638.36,6973634.27,24
2012-07-16,46463618.86,23038833.87,23424784.99,386.89,176.0,85336753.12,45960500.0,6973634.27,24
2012-07-17,46568642.25,23179110.37,23389531.88,129.07,0.0,85301434.94,46100713.36,6973634.27,24
2012-07-18,46926830.86,23361987.25,23564843.61,129.36,0.0,85476681.89,46283525.0,6973634.27,24
2012-07-19,47075283.7,23393945.66,23681338.04,117.32,0.0,85593117.22,46315425.0,6973634.27,24
2012-07-20,46983961.28,23236879.14,23747082.14,117.69,0.0,85658802.3,46158300.0,6973634.27,24
2012-07-23,46676105.65,23018878.42,23657227.23,352.38,0.0,85568769.29,45940125.0,6973634.27,24
2012-07-24,46409637.04,22813054.86,23596582.18,129.66,0.0,85508058.34,45734236.64,6973634.27,24
2012-07-25,46541486.95,22900693.23,23640793.72,128.92,0.0,85552204.34,45821813.36,6973634.27,24
2012-07-26,46797375.99,23199594.34,23597781.64,129.28,0.0,85509126.59,46120650.0,6973634.27,24
2012-07-27,47062952.55,23512765.23,23550187.32,142.99,0.0,85461460.16,46433750.0,6973634.27,24
2012-07-30,47224193.52,23554430.76,23669762.76,431.41,118.16,85575041.08,46475200.0,6973634.27,24
2012-07-31,47122738.37,23561695.46,23561042.9,144.3,783.06,114495897.65,46934137.5,8051456.41,37
2012-08-01,46875507.89,23406367.46,23469140.43,143.99,0.0,114403923.0,46778737.5,8051456.41,37
2012-08-02,46757155.7,23342644.97,23414510.72,130.21,0.0,114349227.51,46714950.0,8051456.41,37
2012-08-03,47058401.68,23679340.83,23379060.85,116.89,0.0,114313718.51,47051587.5,8051456.41,37
2012-08-06,47126297.57,23731962.18,23394335.39,352.94,0.0,114328818.49,47104032.12,8051456.41,37
2012-08-07,47073691.15,23759290.6,23314400.56,130.91,0.0,114248818.67,47131292.88,8051456.41,37
2012-08-08,47150288.09,23764425.7,23385862.39,143.84,0.0,114320209.08,47136357.12,8051456.41,37
2012-08-09,47266871.0,23797535.81,23469335.19,144.07,0.0,114403610.61,47169392.88,8051456.41,37
2012-08-10,47404787.64,23880746.02,23524041.61,144.43,0.0,114458245.91,47252532.12,8051456.41,37
2012-08-13,47230613.65,23861913.78,23368699.87,395.04,0.0,114302707.94,47233500.0,8051456.41,37
2012-08-14,47064905.75,23760605.44,23304300.31,144.32,103.5,114101259.48,47132117.88,8051456.41,37
2012-08-15,46904810.01,23697003.04,23207806.96,143.81,0.0,114004694.93,47068442.88,8051456.41,37
2012-08-16,47016960.02,23821449.79,23195510.24,117.26,0.0,113992340.78,47192832.12,8051456.41,37
2012-08-17,47150420.74,23884453.09,23265967.65,117.54,36.14,114061797.75,47255775.0,8051456.41,37
2012-08-20,47198908.29,23878800.97,23320107.32,353.63,0.0,114115762.33,47249942.88,8051456.41,37
2012-08-21,47249828.63,23856711.44,23393117.19,144.22,0.0,114188702.13,47227782.12,8051456.41,37
2012-08-22,47404116.66,23974853.08,23429263.58,144.37,0.0,114224775.67,47345850.0,8051456.41,37
2012-08-23,47269022.07,23830701.34,23438320.73,144.85,0.0,114233762.01,47201625.0,8051456.41,37
2012-08-24,47411246.02,23978467.9,23432778.12,144.43,0.0,114228147.19,47349317.88,8051456.41,37
2012-08-27,47434579.94,23993798.98,23440780.96,395.09,0.0,114235955.94,47364450.0,8051456.41,37
2012-08-28,47468843.78,24009791.04,23459052.74,144.94,0.0,114254154.72,47380367.88,8051456.41,37
2012-08-29,47495813.8,23981493.48,23514320.31,131.86,901.7,114286558.88,47352787.5,8051456.41,37
2012-08-30,47411630.13,23866110.92,23545519.21,158.32,199.78,114301246.43,47237325.0,8051456.41,37
2012-08-31,47690369.59,23845440.54,23844929.04,131.7,1348.5,129204046.18,47616687.5,8399128.08,46
2012-09-03,47722839.78,23845619.38,23877220.4,357.68,98.0,129247176.71,47616687.5,8399128.08,46
2012-09-04,47620598.2,23807004.0,23813594.2,119.31,0.0,129183491.01,47578012.5,8399128.08,46
2012-09-05,47511364.61,23756351.38,23755013.24,132.28,0.0,129124843.89,47527294.64,8399128.08,46
2012-09-06,47878698.52,24111298.97,23767399.55,145.17,737.04,129061668.52,47882169.64,8399128.08,46
2012-09-07,48155337.82,24284322.64,23871015.18,146.3,0.0,129165211.72,48055117.86,8399128.08,46
2012-09-10,47875263.52,24057570.25,23817693.27,441.42,0.0,129111670.8,47828144.64,8399128.08,46
2012-09-11,47984187.52,24111530.82,23872656.7,132.99,0.0,129166568.06,47882037.5,8399128.08,46
2012-09-12,48040386.78,24186272.8,23854113.98,133.29,24.5,129147808.53,47956712.5,8399128.08,46
2012-09-13,48558773.5,24562296.23,23996477.27,133.45,73.5,129294714.73,48332667.86,8399128.08,46
2012-09-14,48516345.83,24550689.46,23965656.36,134.89,0.0,129263827.35,48320992.86,8399128.08,46
2012-09-17,48158734.98,24491195.76,23667539.22,444.73,1140.9,128963959.36,48261275.0,8399128.08,46
2012-09-18,48083904.55,24496439.34,23587465.2,147.15,64.5,128880727.71,48266442.86,8399128.08,46
2012-09-19,48137761.12,24531338.64,23606422.48,133.57,17.5,128901286.97,48301275.0,8399128.08,46
2012-09-20,48171490.03,24543925.6,23627564.43,147.09,1582.98,128925956.74,48209375.0,8399128.08,46
2012-09-21,48270130.66,24561619.34,23708511.32,147.19,235.48,128999451.89,48226994.64,8399128.08,46
2012-09-24,48209778.08,24597869.49,23611908.59,442.48,0.0,128902632.02,48263019.64,8399128.08,46
2012-09-25,48035497.27,24400907.15,23634590.12,147.31,0.0,128925241.21,48065982.14,8399128.08,46
2012-09-26,47921717.29,24310681.71,23611035.59,146.78,0.0,128901614.27,47975680.36,8399128.08,46
2012-09-27,48270075.42,24523024.74,23747050.68,146.43,130.82,129038655.24,48187950.0,8399128.08,46
2012-09-28,48231523.02,24115939.21,24115583.82,120.68,611.39,137268127.27,48122588.4,8993459.89,45
2012-10-01,48292879.07,24179215.17,24113663.9,401.93,0.0,137266006.38,48185661.6,8993459.89,45
2012-10-02,48340290.81,24257725.62,24082565.19,120.73,0.0,137234847.59,48264111.6,8993459.89,45
2012-10-03,48323344.74,24337661.27,23985683.47,120.85,0.0,137137905.47,48343988.4,8993459.89,45
2012-10-04,48542023.78,24466272.11,24075751.67,120.81,0.0,137227914.09,48472538.4,8993459.89,45
2012-10-05,48336700.22,24372140.07,23964560.15,134.84,0.0,137116655.69,48378338.4,8993459.89,45
2012-10-08,48275784.48,24337638.48,23938146.0,443.09,103.5,137119105.18,48343611.6,8993459.89,45
2012-10-09,48025822.19,24067337.85,23958484.34,147.51,0.0,137139370.37,48073238.4,8993459.89,45
2012-10-10,47828545.35,23934542.2,23894003.15,133.41,0.0,137074822.43,47940375.0,8993459.89,45
2012-10-11,47992684.43,23980846.19,24011838.24,132.86,24.5,137180190.84,47986611.6,8993459.89,45
2012-10-12,47785819.56,23871750.3,23914069.26,133.31,0.0,137082355.16,47877450.0,8993459.89,45
2012-10-15,47929377.36,24107169.12,23822208.23,438.04,0.0,136990274.93,48112650.0,8993459.89,45
2012-10-16,48077814.01,24259492.78,23818321.23,146.45,0.0,136986315.13,48264900.0,8993459.89,45
2012-10-17,48026362.39,24246315.93,23780046.46,120.19,0.0,136947981.01,48251661.6,8993459.89,45
2012-10-18,47917153.82,24137115.02,23780038.8,146.75,0.0,136947900.5,48142388.4,8993459.89,45
2012-10-19,47479088.15,23748307.07,23730781.09,133.1,41.7,136898271.0,47753511.6,8993459.89,45
2012-10-22,47444784.42,23798679.97,23646104.45,395.66,0.0,136813396.6,47803688.4,8993459.89,45
2012-10-23,46982798.26,23455958.58,23526839.69,131.79,0.0,136694065.96,47460900.0,8993459.89,45
2012-10-24,46952384.38,23430830.25,23521554.13,143.56,0.0,136688708.72,47435700.0,8993459.89,45
2012-10-25,46862166.71,23396926.84,23465239.87,143.47,0.0,136632322.78,47401725.0,8993459.89,45
2012-10-26,47021031.15,23502523.33,23518507.82,143.19,0.0,136685519.03,47507250.0,8993459.89,45
2012-10-29,46975197.18,23462333.36,23512863.82,470.21,40.5,136708840.15,47466825.0,8993459.89,45
2012-10-30,47137381.78,23585537.1,23551844.68,182.68,184.34,136748503.63,47589938.4,8993459.89,45
2012-10-31,47186979.05,23593704.6,23593274.45,183.31,542.15,130402158.86,47109593.75,8313633.2,41
2012-11-01,47447666.88,23834198.57,23613468.31,144.18,0.0,130422280.83,47350014.74,8313633.2,41
2012-11-02,47002474.67,23528648.78,23473825.89,118.62,0.0,130282579.17,47044406.25,8313633.2,41
2012-11-05,47179649.08,23701309.62,23478339.46,352.52,0.0,130286916.49,47216889.74,8313633.2,41
2012-11-06,47434210.12,23845882.04,23588328.08,144.16,0.0,130396833.57,47361389.74,8313633.2,41
2012-11-07,46964074.26,23393635.78,23570438.48,131.76,0.0,130378878.65,46909077.24,8313633.2,41
2012-11-08,46732025.65,23213169.51,23518856.14,130.46,0.0,130327230.63,46728547.76,8313633.2,41
2012-11-09,46728574.11,23229905.87,23498668.24,129.81,0.0,130306977.41,46745218.75,8313633.2,41
2012-11-12,46716218.38,23269189.47,23447028.91,350.46,24.5,130253786.14,46784327.24,8313633.2,41
2012-11-13,46645949.6,23175466.39,23470483.21,116.79,0.0,130277182.21,46690547.76,8313633.2,41
2012-11-14,46338745.05,22874037.2,23464707.85,142.53,0.0,130271334.94,46389047.76,8313633.2,41
2012-11-15,46229715.47,22842022.62,23387692.86,128.72,0.0,130194254.96,46356968.75,8313633.2,41
2012-11-16,46333632.94,23012104.63,23321528.31,102.73,44.48,130126415.26,46527000.0,8313633.2,41
2012-11-19,46846244.65,23343500.94,23502743.71,231.67,81.0,130296974.86,46858281.25,8313633.2,41
2012-11-20,46812909.73,23353824.92,23459084.8,117.12,0.0,130253257.19,46868547.76,8313633.2,41
2012-11-21,46835450.85,23348658.07,23486792.78,104.03,0.0,130280913.04,46863327.24,8313633.2,41
2012-11-22,46862102.17,23348722.93,23513379.24,130.1,0.0,130307434.26,46863327.24,8313633.2,41
2012-11-23,47310768.26,23622475.28,23688292.98,130.17,0.0,130482282.68,47137014.74,8313633.2,41
2012-11-26,47293589.75,23627890.89,23665698.86,394.26,0.0,130459491.16,47142235.26,8313633.2,41
2012-11-27,47257639.37,23562065.9,23695573.47,131.37,0.0,130489300.04,47076343.75,8313633.2,41
2012-11-28,47527931.64,23767475.47,23760456.17,131.27,927.7,130537325.59,47282485.26,8313633.2,41
2012-11-29,47770345.53,23919635.24,23850710.29,132.02,251.36,130612876.31,47434577.24,8313633.2,41
2012-11-30,47714648.02,23858768.46,23855879.56,119.43,3437.5,162758270.11,47622355.36,9751735.68,44
2012-12-03,47578347.29,23701958.77,23876388.53,318.1,0.0,162778620.84,47465387.5,9751735.68,44
2012-12-04,47511097.62,23696218.36,23814879.26,132.16,0.0,162717045.67,47459580.36,9751735.68,44
2012-12-05,47725075.8,23781559.18,23943516.62,131.98,0.0,162845616.26,47544857.14,9751735.68,44
2012-12-06,47895375.54,23875568.99,24019806.56,132.57,876.48,162971785.06,47638800.0,9751735.68,44
2012-12-07,47887804.02,23870560.31,24017243.71,133.04,0.0,162969155.91,47633725.0,9751735.68,44
2012-12-10,47970519.95,23953476.84,24017043.11,359.16,180.5,162988311.92,47716462.5,9751735.68,44
2012-12-11,48148658.97,24104161.72,24044497.24,119.93,0.0,163015706.01,47867087.5,9751735.68,44
2012-12-12,48079377.01,23971415.29,24107961.72,107.0,0.0,163079117.66,47734287.5,9751735.68,44
2012-12-13,47713373.91,23757193.15,23956180.77,93.49,5077.26,162930813.67,47520019.64,9751735.68,44
2012-12-14,47755064.81,23717807.74,24037257.07,79.52,0.0,163011850.05,47480594.64,9751735.68,44
2012-12-17,47892429.9,23940449.3,23951980.6,159.18,1471.12,162923045.01,47703155.36,9751735.68,44
2012-12-18,47961715.84,24083088.8,23878627.04,66.52,94.6,162845352.59,47845762.5,9751735.68,44
2012-12-19,47847929.42,23978841.44,23869087.98,79.94,0.0,162835773.93,47741475.0,9751735.68,44
2012-12-20,47867014.67,24103733.25,23763281.42,66.46,1561.02,162724292.62,47796237.5,9751735.68,44
2012-12-21,47640674.82,23917854.67,23722820.15,79.78,301.92,162678334.68,47610319.64,9751735.68,44
2012-12-24,47476816.12,23784849.26,23691966.86,238.2,0.0,162647362.59,47477192.86,9751735.68,44
2012-12-25,47477365.86,23784888.9,23692476.96,79.13,0.0,162647833.2,47477192.86,9751735.68,44
2012-12-26,47429049.6,23710209.79,23718839.81,79.13,0.0,162674156.14,47402475.0,9751735.68,44
2012-12-27,47552942.77,23739025.32,23813917.45,118.57,36.0,162771850.9,47431232.14,9751735.68,44
2012-12-28,47104318.53,23293903.07,23810415.46,105.67,227.9,162770743.11,46986055.36,9751735.68,44
2012-12-31,47696434.62,23848431.22,23848003.41,39.25,1359.31,162513358.51,23785000.0,8913509.07,37
2013-01-02,48342619.73,24468247.46,23874372.26,132.49,0.0,162539661.12,24404750.0,8913509.07,37
2013-01-03,48203314.9,24409676.84,23793638.07,107.43,0.0,162458873.26,24346125.0,8913509.07,37
2013-01-04,48170389.67,24480918.58,23689471.09,107.12,0.0,162354654.83,24417312.5,8913509.07,37
2013-01-07,48150708.0,24447561.39,23703146.61,280.99,0.0,162368191.96,24383812.5,8913509.07,37
2013-01-08,48063714.38,24388983.92,23674730.46,93.63,0.0,162339729.71,24325187.5,8913509.07,37
2013-01-09,48147147.13,24447656.35,23699490.78,93.46,0.0,162364444.0,24383812.5,8913509.07,37
2013-01-10,48365669.86,24636134.59,23729535.27,80.25,0.0,162394447.97,24572250.0,8913509.07,37
2013-01-11,48313943.86,24640363.15,23673580.71,80.61,0.0,162338454.27,24576437.5,8913509.07,37
2013-01-14,48381750.91,24590256.89,23791494.02,281.83,0.0,162456230.1,24526187.5,8913509.07,37
2013-01-15,48382950.18,24607061.53,23775888.65,107.52,0.0,162440572.06,24542937.5,8913509.07,37
2013-01-16,48355848.3,24611310.55,23744537.75,120.96,0.0,162409161.11,24547125.0,8913509.07,37
2013-01-17,48457025.58,24783052.74,23673972.84,107.46,0.0,162338543.43,24718812.5,8913509.07,37
2013-01-18,48510177.92,24837538.43,23672639.49,94.22,47.26,162337112.68,24773250.0,8913509.07,37
2013-01-21,48512638.57,24837704.01,23674934.56,323.4,0.0,162339249.92,24773250.0,8913509.07,37
2013-01-22,48746823.74,25013634.21,23733189.53,107.81,0.0,162397452.28,24949125.0,8913509.07,37
2013-01-23,48750671.29,25026252.3,23724419.0,108.33,0.0,162388629.01,24961687.5,8913509.07,37
2013-01-24,48782666.65,25051432.91,23731233.74,108.33,0.0,162395391.03,24986812.5,8913509.07,37
2013-01-25,48749133.65,25118488.58,23630645.07,108.41,0.0,162294749.62,25053812.5,8913509.07,37
2013-01-28,48735998.16,25139593.54,23596404.62,324.99,0.0,162260351.84,25074750.0,8913509.07,37
2013-01-29,48973403.81,25273642.42,23699761.39,94.76,40.5,162365143.64,25208750.0,8913509.07,37
2013-01-30,48862603.12,25110379.06,23752224.05,95.23,630.76,162425346.8,25045437.5,8913509.07,37
2013-01-31,48884069.05,24442818.59,24441250.45,95.01,1703.14,189076181.43,24414637.5,9280162.07,39
2013-02-01,49245172.88,24663591.12,24581581.76,95.05,0.0,189216465.21,24635362.5,9280162.07,39
2013-02-04,48881221.27,24447076.94,24434144.33,246.23,112.5,189119766.75,24418725.0,9280162.07,39
2013-02-05,49098937.54,24651499.47,24447438.06,95.05,0.0,189133012.97,24623100.0,9280162.07,39
2013-02-06,49078347.28,24663809.91,24414537.38,95.47,0.0,189100064.75,24635362.5,9280162.07,39
2013-02-07,48870382.41,24639332.87,24231049.55,95.43,0.0,188916528.83,24610837.5,9280162.07,39
2013-02-08,49030223.99,24757918.28,24272305.71,95.03,0.0,188957737.88,24729375.0,9280162.07,39
2013-02-11,48993841.01,24766237.7,24227603.31,286.01,0.0,188912894.51,24737550.0,9280162.07,39
2013-02-12,49103184.32,24819437.11,24283747.2,122.48,24.5,188961126.71,24790687.5,9280162.07,39
2013-02-13,49156144.8,24835849.16,24320295.64,122.76,0.0,188997615.68,24807037.5,9280162.07,39
2013-02-14,49163294.91,24856355.65,24306939.26,136.54,117.0,188966888.12,24827475.0,9280162.07,39
2013-02-15,49042695.24,24831906.6,24210788.64,150.22,47.26,188870611.44,24802950.0,9280162.07,39
2013-02-18,49064154.79,24832113.53,24232041.25,408.69,0.0,188891662.29,24802950.0,9280162.07,39
2013-02-19,49285133.96,25012032.51,24273101.45,136.29,17.5,188935223.29,24982800.0,9280162.07,39
2013-02-20,48729370.02,24668765.88,24060604.14,164.28,27.0,188725312.08,24639450.0,9280162.07,39
2013-02-21,48296405.09,24570748.11,23725656.97,162.43,0.0,188390284.71,24541350.0,9280162.07,39
2013-02-22,48598305.43,24791561.84,23806743.59,174.4,54.0,188482859.03,24762075.0,9280162.07,39
2013-02-25,48194479.76,24346292.92,23848186.84,526.48,0.0,188524044.99,24316537.5,9280162.07,39
2013-02-26,48016224.2,24432211.57,23584012.63,160.65,40.5,188264871.78,24402375.0,9280162.07,39
2013-02-27,48458931.27,24812444.08,23646487.19,186.73,613.88,188330208.92,24782512.5,9280162.07,39
2013-02-28,48485312.23,24243235.76,24242076.47,148.07,2687.39,203963938.64,24212000.0,8597329.55,29
2013-03-01,48520400.99,24295309.84,24225091.15,148.15,119.0,203963998.86,24264000.0,8597329.55,29
2013-03-04,48596481.84,24443532.54,24152949.29,444.77,0.0,203891634.94,24412000.0,8597329.55,29
2013-03-05,48897014.29,24623607.23,24273407.05,148.49,0.0,204012018.28,24592000.0,8597329.55,29
2013-03-06,48987515.08,24655661.95,24331853.12,108.66,0.0,204070411.03,24624000.0,8597329.55,29
2013-03-07,49026336.53,24715730.44,24310606.09,136.08,4816.78,203948990.44,24684000.0,8597329.55,29
2013-03-08,49243959.53,24823799.09,24420160.44,136.18,0.0,204058477.26,24792000.0,8597329.55,29
2013-03-11,49383112.77,24928005.96,24455106.81,410.37,0.0,204093220.75,24896000.0,8597329.55,29
2013-03-12,49309863.5,24872075.2,24437788.29,137.18,0.0,204075834.3,24840000.0,8597329.55,29
2013-03-13,49335996.16,24928144.29,24407851.87,136.97,0.0,204045829.37,24896000.0,8597329.55,29
2013-03-14,49463449.77,25022766.61,24440683.15,123.34,1530.0,204084683.64,24896000.0,8597329.55,29
2013-03-15,49456883.58,24982836.12,24474047.46,137.4,306.9,204087906.43,24856000.0,8597329.55,29
2013-03-18,49223043.69,24875023.49,24348020.2,370.93,1280.3,203942302.79,24748000.0,8597329.55,29
2013-03-19,49050037.96,24803071.86,24246966.1,95.71,0.0,203841201.97,24676000.0,8597329.55,29
2013-03-20,49246134.48,24911120.09,24335014.39,95.38,0.0,203929202.49,24784000.0,8597329.55,29
2013-03-21,49053827.71,24751168.53,24302659.18,95.76,44.52,203899316.71,24624000.0,8597329.55,29
2013-03-22,49221374.53,24959216.65,24262157.88,95.38,0.0,203858768.77,24832000.0,8597329.55,29
2013-03-25,49192452.63,24879362.25,24313090.38,287.12,0.0,203909559.74,24752000.0,8597329.55,29
2013-03-26,49368140.51,25043417.54,24324722.98,109.32,40.5,203923248.19,24916000.0,8597329.55,29
2013-03-27,49427083.48,25035466.23,24391617.24,95.99,231.82,203983279.88,24908000.0,8597329.55,29
2013-03-28,49488138.07,25131528.82,24356609.25,123.57,1246.52,203953027.85,25004000.0,8597329.55,29
2013-03-29,49490072.18,24745287.07,24744785.11,96.23,519.96,193853364.84,24691450.0,8538985.29,30
2013-04-01,49383606.96,24638781.42,24744825.55,288.69,0.0,193853260.94,24584800.0,8538985.29,30
2013-04-02,49566332.9,24773136.17,24793196.73,109.74,0.0,193901577.13,24719100.0,8538985.29,30
2013-04-03,49172637.96,24520384.34,24652253.62,96.38,0.0,193760585.81,24466300.0,8538985.29,30
2013-04-04,49186755.26,24615225.21,24571530.06,81.95,0.0,193679821.16,24561100.0,8538985.29,30
2013-04-05,48900554.71,24480973.07,24419581.64,95.64,0.0,193527824.97,24426800.0,8538985.29,30
2013-04-08,49166244.18,24690465.87,24475778.31,285.25,117.0,193536936.19,24636150.0,8538985.29,30
2013-04-09,49301781.75,24753713.88,24548067.87,95.6,0.0,193609178.16,24699350.0,8538985.29,30
2013-04-10,49662398.97,25061855.14,24600543.83,82.17,0.0,193661613.2,25007450.0,8538985.29,30
2013-04-11,49801145.17,25140903.87,24660241.3,96.57,0.0,193721262.84,25086450.0,8538985.29,30
2013-04-12,49579115.38,25050102.76,24529012.62,96.84,0.0,193589986.22,24995600.0,8538985.29,30
2013-04-15,48695589.29,24441928.01,24253661.29,247.9,0.0,193314512.23,24387300.0,8538985.29,30
2013-04-16,49091115.6,24840918.74,24250196.85,81.16,0.0,193311007.38,24786250.0,8538985.29,30
2013-04-17,48638099.23,24481510.14,24156589.08,81.82,0.0,193217359.19,24426800.0,8538985.29,30
2013-04-18,48433978.05,24291950.95,24142027.1,81.06,0.0,193202756.94,24237200.0,8538985.29,30
2013-04-19,48737686.1,24505284.69,24232401.41,67.27,68.26,193281496.79,24450500.0,8538985.29,30
2013-04-22,48933977.1,24639686.79,24294290.3,203.07,27.0,193344871.71,24584800.0,8538985.29,30
2013-04-23,49223844.7,24916221.01,24307623.68,67.96,0.0,193358171.35,24861300.0,8538985.29,30
2013-04-24,49449560.94,24924155.62,24525405.32,68.37,54.0,193590493.23,24869200.0,8538985.29,30
2013-04-25,49719055.89,25046647.16,24672408.73,82.42,400.9,193736431.66,24991650.0,8538985.29,30
2013-04-26,49641558.27,24963731.95,24677826.32,69.05,36.0,193744490.99,24908700.0,8538985.29,30
2013-04-29,49954270.42,25149485.96,24804784.46,206.84,239.96,193858270.03,25094350.0,8538985.29,30
2013-04-30,49998097.59,24999401.15,24998696.44,69.38,2422.21,256467780.98,49936529.06,9540419.21,38
2013-05-01,49765437.25,24810685.87,24954751.38,69.44,0.0,256423800.55,49747779.06,9540419.21,38
2013-05-02,50097192.88,25052070.97,25045121.9,82.94,0.0,256514129.69,49989120.94,9540419.21,38
2013-05-03,50171939.3,25161137.02,25010802.28,69.58,0.0,256479774.86,50098154.06,9540419.21,38
2013-05-06,50195991.2,25204679.36,24991311.84,209.05,0.0,256460180.43,50141591.56,9540419.21,38
2013-05-07,50227023.98,25305841.74,24921182.24,55.77,0.0,256390023.91,50242725.0,9540419.21,38
2013-05-08,50511639.37,25464613.61,25047025.76,55.81,0.0,256515839.54,50401468.75,9540419.21,38
2013-05-09,50382647.38,25386229.4,24996417.98,56.12,0.0,256465203.92,50323056.25,9540419.21,38
2013-05-10,50125967.47,25344960.73,24781006.74,55.98,0.0,256249764.47,50281758.44,9540419.21,38
2013-05-13,50115869.23,25344217.09,24771652.14,167.09,119.0,256234021.4,50280931.25,9540419.21,38
2013-05-14,50354071.1,25568327.29,24785743.81,69.61,0.0,256248078.65,50505006.25,9540419.21,38
2013-05-15,50510362.19,25689862.8,24820499.38,69.94,0.0,256282798.74,50626506.25,9540419.21,38
2013-05-16,50618617.0,25708641.35,24909975.66,56.12,0.0,256372248.5,50645256.25,9540419.21,38
2013-05-17,50743025.6,25830209.64,24912815.96,42.18,50.04,256369906.64,50766804.06,9540419.21,38
2013-05-20,50832403.95,25845080.12,24987323.83,169.14,21.0,256445972.25,50781587.5,9540419.21,38
2013-05-21,50827283.6,25878347.27,24948936.33,70.6,27.0,256408896.4,50814818.75,9540419.21,38
2013-05-22,50499473.77,25595735.39,24903738.38,56.47,0.0,256363670.51,50532179.06,9540419.21,38
2013-05-23,50126577.56,25515257.58,24611319.97,56.11,0.0,256071225.3,50451670.94,9540419.21,38
2013-05-24,50068814.6,25537752.4,24531062.21,69.62,0.0,255990932.49,50474131.25,9540419.21,38
2013-05-27,50046012.44,25537837.52,24508174.92,166.9,0.0,255967963.44,50474131.25,9540419.21,38
2013-05-28,49943961.68,25422431.52,24521530.16,55.61,0.0,255981291.86,50358695.94,9540419.21,38
2013-05-29,49613956.98,25318484.71,24295472.27,69.37,999.9,255825588.89,50255556.25,9540419.21,38
2013-05-30,49718068.89,25423491.75,24294577.15,68.91,701.8,255784214.75,50360529.06,9540419.21,38
2013-05-31,49129917.85,24565431.77,24564486.09,55.24,3227.18,168789859.15,24516450.0,7805187.36,23
2013-06-03,49193903.08,24674626.15,24519276.93,163.77,0.0,168744568.11,24625562.5,7805187.36,23
2013-06-04,49173706.79,24599410.42,24574296.37,68.32,0.0,168799553.49,24550312.5,7805187.36,23
2013-06-05,48659381.15,24249525.25,24409855.89,54.64,0.0,168635085.71,24200400.0,7805187.36,23
2013-06-06,48766053.61,24471546.43,24294507.17,67.58,74.7,168519604.08,24422387.5,7805187.36,23
2013-06-07,49025977.39,24708617.92,24317359.47,67.73,0.0,168542422.63,24659425.0,7805187.36,23
2013-06-10,49165980.54,24761375.28,24404605.26,163.42,0.0,168629587.36,24712100.0,7805187.36,23
2013-06-11,48858203.45,24535659.68,24322543.78,68.29,0.0,168547491.99,24486350.0,7805187.36,23
2013-06-12,48564235.22,24279843.75,24284391.47,67.86,0.0,168509305.89,24230500.0,7805187.36,23
2013-06-13,48874492.72,24682464.97,24192027.74,67.45,2960.38,168425952.93,24633087.5,7805187.36,23
2013-06-14,48773356.28,24494374.26,24278982.02,67.88,108.0,168484901.61,24444962.5,7805187.36,23
2013-06-17,49039801.81,24727751.32,24312050.49,203.22,1255.0,168497993.15,24678237.5,7805187.36,23
2013-06-18,49207382.66,24897098.16,24310284.5,68.11,0.0,168496193.39,24847550.0,7805187.36,23
2013-06-19,48856975.97,24573557.74,24283418.23,68.34,21.0,168470694.35,24523975.0,7805187.36,23
2013-06-20,47842792.16,23973999.87,23868792.29,67.86,1429.2,168047219.02,23839200.0,7805187.36,23
2013-06-21,47751868.99,23974033.17,23777835.82,66.45,315.38,167944595.32,23839200.0,7805187.36,23
2013-06-24,47258539.9,23706995.56,23551544.35,198.97,63.0,167714697.77,23572062.5,7805187.36,23
2013-06-25,47581252.08,23936547.57,23644704.51,78.76,0.0,167807818.68,23801575.0,7805187.36,23
2013-06-26,47908125.84,24147287.46,23760838.37,79.3,40.5,167926023.63,24012275.0,7805187.36,23
2013-06-27,48275058.11,24312877.71,23962180.4,79.85,638.6,168114677.22,24177825.0,7805187.36,23
2013-06-28,48212305.45,24106786.07,24105519.39,80.46,2063.18,85949860.15,24068712.5,6507974.93,16
2013-07-01,48395093.01,24219741.42,24175351.59,160.71,0.0,86019612.0,24181587.5,6507974.93,16
2013-07-02,48445458.29,24227293.33,24218164.96,53.77,0.0,86062398.51,24189112.5,6507974.93,16
2013-07-03,48444219.16,24253651.02,24190568.14,40.37,0.0,86034781.51,24215450.0,6507974.93,16
2013-07-04,48549973.55,24253684.71,24296288.84,67.28,0.0,86140468.61,24215450.0,6507974.93,16
2013-07-05,48832280.23,24528380.89,24303899.34,67.43,0.0,86148045.37,24490112.5,6507974.93,16
2013-07-08,49003383.37,24652625.15,24350758.21,162.77,0.0,86194823.23,24614275.0,6507974.93,16
2013-07-09,49211253.45,24803159.39,24408094.05,68.06,0.0,86252125.25,24764775.0,6507974.93,16
2013-07-10,49298170.45,24848336.95,24449833.5,54.68,0.0,86293837.57,24809925.0,6507974.93,16
2013-07-11,49624500.61,25171939.56,24452561.05,54.78,0.0,86296537.96,25133500.0,6507974.93,16
2013-07-12,49653908.8,25175730.03,24478178.76,55.14,0.0,86322128.5,25137262.5,6507974.93,16
2013-07-15,49825871.16,25284926.45,24540944.71,165.51,99.0,86321551.85,25246375.0,6507974.93,16
2013-07-16,49712577.04,25190892.04,24521684.99,55.36,0.0,86302264.87,25152312.5,6507974.93,16
2013-07-17,49764295.34,25254875.54,24509419.81,41.43,0.0,86289979.25,25216275.0,6507974.93,16
2013-07-18,49959792.62,25330146.58,24629646.04,41.47,0.0,86410185.06,25291525.0,6507974.93,16
2013-07-19,50093905.38,25465617.69,24628287.69,41.63,71.04,86407497.22,25426975.0,6507974.93,16
2013-07-22,50103721.69,25476968.85,24626752.84,125.23,27.0,86404847.8,25438262.5,6507974.93,16
2013-07-23,50103334.91,25446897.16,24656437.75,55.67,0.0,86434505.35,25408162.5,6507974.93,16
2013-07-24,50032436.54,25379186.3,24653250.24,27.84,0.0,86431304.14,25340437.5,6507974.93,16
2013-07-25,49993494.68,25382969.95,24610524.73,41.69,0.0,86388558.09,25344200.0,6507974.93,16
2013-07-26,49977423.66,25420609.05,24556814.61,27.77,0.0,86334834.3,25381825.0,6507974.93,16
2013-07-29,49881217.03,25360472.6,24520744.43,124.94,49.5,86299632.22,25321625.0,6507974.93,16
2013-07-30,49919206.86,25394356.24,24524850.63,41.57,0.0,86303717.98,25355487.5,6507974.93,16
2013-07-31,49878911.33,24939718.1,24939193.23,55.47,1325.87,113238928.63,24871400.0,7126764.66,23
2013-08-01,50306055.4,25232045.81,25074009.59,55.42,0.0,113373717.28,25163700.0,7126764.66,23
2013-08-02,50399462.53,25287573.84,25111888.69,55.9,0.0,113411568.52,25219200.0,7126764.66,23
2013-08-05,50400739.51,25265458.14,25135281.38,168.0,0.0,113434877.5,25197000.0,7126764.66,23
2013-08-06,50197754.97,25139693.23,25058061.74,70.0,0.0,113357622.96,25071200.0,7126764.66,23
2013-08-07,50033142.74,25054621.16,24978521.58,55.78,0.0,113278054.95,24986100.0,7126764.66,23
2013-08-08,50185956.57,25136055.96,25049900.61,69.49,0.0,113349399.28,25067500.0,7126764.66,23
2013-08-09,50121543.2,25025090.87,25096452.33,69.7,0.0,113395916.22,24956500.0,7126764.66,23
2013-08-12,50156011.18,25036295.14,25119716.04,208.84,0.0,113419075.36,24967600.0,7126764.66,23
2013-08-13,50284374.73,25091836.87,25192537.86,83.59,0.0,113491855.31,25023100.0,7126764.66,23
2013-08-14,50186426.86,24962378.69,25224048.17,83.81,108.0,113376791.63,24893600.0,7126764.66,23
2013-08-15,49746082.67,24573913.36,25172169.31,69.7,0.0,113324877.74,24505100.0,7126764.66,23
2013-08-16,49659687.1,24503647.49,25156039.61,69.09,52.82,113308765.9,24434800.0,7126764.66,23
2013-08-19,49503299.0,24414949.59,25088349.41,206.92,17.5,113240138.39,24346000.0,7126764.66,23
2013-08-20,49496763.01,24496390.28,25000372.73,82.51,31.5,113150471.39,24427400.0,7126764.66,23
2013-08-21,49156693.23,24289217.5,24867475.73,55.0,0.0,113017546.61,24220200.0,7126764.66,23
2013-08-22,49444955.6,24559344.48,24885611.12,54.62,0.0,113035654.37,24490300.0,7126764.66,23
2013-08-23,49662260.34,24659264.95,25002995.39,41.2,0.0,113153017.9,24590200.0,7126764.66,23
2013-08-26,49521118.24,24552026.6,24969091.64,124.16,0.0,113119051.64,24482900.0,7126764.66,23
2013-08-27,49122411.89,24167253.88,24955158.01,55.02,0.0,113105090.27,24098100.0,7126764.66,23
2013-08-28,49164491.87,24226487.44,24938004.42,68.23,0.0,113087902.03,24157300.0,7126764.66,23
2013-08-29,49222796.15,24293107.63,24929688.51,40.97,292.56,113089985.89,24223900.0,7126764.66,23
2013-08-30,49066616.94,24533583.86,24533033.08,27.35,1455.28,95281847.77,24468750.0,7429010.37,24
2013-09-02,49134413.4,24533645.2,24600768.2,122.67,0.0,95349521.55,24468750.0,7429010.37,24
2013-09-03,49237905.56,24649915.64,24587989.92,40.95,0.0,95336722.77,24585000.0,7429010.37,24
2013-09-04,49474527.12,24867429.34,24607097.79,27.35,0.0,95355816.98,24802500.0,7429010.37,24
2013-09-05,49504716.55,24859943.15,24644773.4,27.49,0.0,95393478.92,24795000.0,7429010.37,24
2013-09-06,49620474.85,24867456.96,24753017.89,27.5,0.0,95501709.72,24802500.0,7429010.37,24
2013-09-09,49812601.21,25099998.41,24712602.81,82.7,0.0,95461253.38,25035000.0,7429010.37,24
2013-09-10,50028762.7,25302512.35,24726250.34,27.67,0.0,95474887.19,25237500.0,7429010.37,24
2013-09-11,50130175.28,25396276.41,24733898.87,27.79,0.0,95482521.98,25331250.0,7429010.37,24
2013-09-12,50132321.23,25340040.52,24792280.71,27.85,2353.22,95541232.15,25275000.0,7429010.37,24
2013-09-13,50209220.85,25392547.56,24816673.3,13.93,122.5,95559125.84,25327500.0,7429010.37,24
2013-09-16,50388598.7,25535068.72,24853529.99,41.84,224.9,95603106.75,25470000.0,7429010.37,24
2013-09-17,50376810.09,25640082.9,24736727.18,27.99,0.0,95486290.14,25575000.0,7429010.37,24
2013-09-18,50790784.97,25932590.03,24858194.94,13.99,0.0,95607751.03,25867500.0,7429010.37,24
2013-09-19,50841882.55,25927497.23,24914385.32,14.11,1412.02,95660788.19,25762500.0,7429010.37,24
2013-09-20,50549310.9,25702504.43,24846806.47,14.12,372.84,95579833.5,25537500.0,7429010.37,24
2013-09-23,50330499.7,25556275.85,24774223.85,42.12,0.0,95507230.18,25391250.0,7429010.37,24
2013-09-24,50372384.75,25552540.05,24819844.71,27.96,0.0,95552837.27,25387500.0,7429010.37,24
2013-09-25,50292913.93,25451304.24,24841609.69,27.98,0.0,95574588.47,25286250.0,7429010.37,24
2013-09-26,50461595.79,25552568.38,24909027.4,27.94,85.5,95682452.88,25387500.0,7429010.37,24
2013-09-27,50395157.55,25462568.38,24932589.16,0.0,0.0,95706014.64,25297500.0,7429010.37,24
2013-09-30,50100554.55,25050551.97,25050002.57,83.99,1411.9,100303208.78,25030037.5,8101548.6,25
2013-10-01,50322259.23,25278553.39,25043705.84,27.83,0.0,100296898.13,25258025.0,8101548.6,25
2013-10-02,50254530.53,25181392.43,25073138.09,27.96,0.0,100326316.47,25160850.0,8101548.6,25
2013-10-03,50005118.03,24983318.92,25021799.1,27.92,0.0,100274963.55,24962762.5,8101548.6,25
2013-10-04,50236261.5,25207589.74,25028671.76,41.67,0.0,100281815.35,25187012.5,8101548.6,25
2013-10-07,49973413.38,24953502.76,25019910.61,125.59,139.5,100327381.14,24932862.5,8101548.6,25
2013-10-08,49720641.62,24695636.06,25025005.56,41.64,0.0,100332455.23,24674975.0,8101548.6,25
2013-10-09,49581391.51,24669507.86,24911883.65,69.06,0.0,100219298.57,24648812.5,8101548.6,25
2013-10-10,50281084.63,25211479.62,25069605.01,68.86,0.0,100376985.33,25190750.0,8101548.6,25
2013-10-11,50615407.83,25420814.64,25194593.2,69.83,0.0,100501938.69,25400050.0,8101548.6,25
2013-10-14,50697079.36,25499471.61,25197607.76,337.44,112.5,100462397.79,25478537.5,8101548.6,25
2013-10-15,50549953.74,25316390.77,25233562.96,112.66,0.0,100498297.0,25295400.0,8101548.6,25
2013-10-16,50924720.1,25634176.73,25290543.37,196.58,0.0,100555179.28,25613087.5,8101548.6,25
2013-10-17,51208986.96,25851022.93,25357964.03,141.46,0.0,100622529.69,25829862.5,8101548.6,25
2013-10-18,51392915.37,25981871.34,25411044.03,71.12,55.6,100674124.54,25960675.0,8101548.6,25
2013-10-21,51413837.19,26008120.44,25405716.75,171.31,21.0,100670533.55,25986837.5,8101548.6,25
2013-10-22,51694292.34,26176336.84,25517955.5,57.13,31.5,100785995.57,26155025.0,8101548.6,25
2013-10-23,51401068.29,26060503.43,25340564.86,57.44,0.0,100608576.58,26039162.5,8101548.6,25
2013-10-24,51520487.91,26161444.88,25359043.02,57.11,0.0,100627026.59,26140075.0,8101548.6,25
2013-10-25,51588873.41,26243691.68,25345181.73,42.93,0.0,100613144.16,26222300.0,8101548.6,25
2013-10-28,51711664.52,26318529.16,25393135.36,171.96,0.0,100661013.3,26297050.0,8101548.6,25
2013-10-29,51785801.3,26444138.4,25341662.89,57.46,0.0,100609512.63,26422630.0,8101548.6,25
2013-10-30,51651054.94,26341012.79,25310042.15,57.54,269.2,100577976.47,26319475.0,8101548.6,25
2013-10-31,51430063.9,25715204.47,25714859.43,57.39,1267.54,116938134.1,25652150.0,8200691.39,24
2013-11-01,51334990.99,25770170.54,25564820.45,57.14,0.0,116788065.17,25707087.5,8200691.39,24
2013-11-04,51495255.58,25891118.94,25604136.64,171.12,0.0,116827296.84,25827950.0,8200691.39,24
2013-11-05,51418356.89,25795929.9,25622426.99,71.52,0.0,116845551.62,25732725.0,8200691.39,24
2013-11-06,51618794.34,25927815.73,25690978.61,71.41,0.0,116914067.66,25864575.0,8200691.39,24
2013-11-07,51197283.31,25631189.24,25566094.07,71.69,0.0,116789146.75,25567912.5,8200691.39,24
2013-11-08,51415213.81,25935212.34,25480001.47,71.11,0.0,116703020.01,25871900.0,8200691.39,24
2013-11-11,51467980.1,25957317.01,25510663.09,257.08,0.0,116733553.54,25893875.0,8200691.39,24
2013-11-12,51413820.93,25920735.28,25493085.65,85.78,31.5,116711915.09,25857250.0,8200691.39,24
2013-11-13,51600336.33,26122230.38,25478105.95,114.25,0.0,116696878.05,26058687.5,8200691.39,24
2013-11-14,51845873.79,26254138.43,25591735.36,114.67,0.0,116810451.53,26190537.5,8200691.39,24
2013-11-15,52070399.5,26338434.27,25731965.23,115.21,55.6,116948248.8,26274775.0,8200691.39,24
2013-11-18,52065213.05,26269022.36,25796190.69,347.14,126.0,117010748.03,26205187.5,8200691.39,24
2013-11-19,51978150.74,26217813.03,25760337.7,130.16,0.0,116974830.55,26153912.5,8200691.39,24
2013-11-20,51839457.08,26137296.29,25702160.78,115.51,0.0,116916596.39,26073337.5,8200691.39,24
2013-11-21,52053542.22,26342454.38,25711087.84,115.2,90.0,116907305.64,26278437.5,8200691.39,24
2013-11-22,52242748.16,26452380.6,25790367.56,101.22,0.0,116986536.06,26388312.5,8200691.39,24
2013-11-25,52286093.36,26470847.4,25815245.96,304.75,0.0,117011263.32,26406625.0,8200691.39,24
2013-11-26,52298395.62,26463581.23,25834814.39,116.19,0.0,117030775.76,26399300.0,8200691.39,24
2013-11-27,52351439.43,26496595.18,25854844.24,101.69,0.0,117050754.0,26432262.5,8200691.39,24
2013-11-28,52390087.17,26496646.71,25893440.47,101.79,269.2,117087873.79,26432262.5,8200691.39,24
2013-11-29,52398146.73,26199503.63,26198643.1,101.87,2077.53,123617597.25,26158000.0,8158397.64,24
2013-12-02,52309423.44,26138009.63,26171413.81,261.99,0.0,123590236.97,26096375.0,8158397.64,24
2013-12-03,52086162.03,26018420.93,26067741.1,72.65,0.0,123486527.92,25976750.0,8158397.64,24
2013-12-04,51987252.54,26022089.29,25965163.24,86.81,0.0,123383906.61,25980375.0,8158397.64,24
2013-12-05,51775527.38,25909757.66,25865769.72,86.65,0.0,123284469.81,25868000.0,8158397.64,24
2013-12-06,52151354.3,26214300.85,25937053.46,86.29,821.7,123352710.41,26172500.0,8158397.64,24
2013-12-09,52223224.28,26272431.92,25950792.37,260.76,139.5,123384129.13,26230500.0,8158397.64,24
2013-12-10,52100510.81,26185483.0,25915027.81,101.55,133.0,123360758.2,26143500.0,8158397.64,24
2013-12-11,51716378.45,25862908.92,25853469.53,101.31,0.0,123299149.54,25820875.0,8158397.64,24
2013-12-12,51558254.02,25779584.21,25778669.81,100.56,2207.74,123225024.46,25737500.0,8158397.64,24
2013-12-13,51543013.47,25776009.33,25767004.13,100.25,0.0,123213308.65,25733875.0,8158397.64,24
2013-12-16,51830589.23,25946534.69,25884054.54,300.67,193.5,123330477.25,25904250.0,8158397.64,24
2013-12-17,51667521.38,25841460.15,25826061.24,100.78,0.0,123272433.62,25799125.0,8158397.64,24
2013-12-18,52172784.78,26298260.39,25874524.38,100.46,0.0,123320846.55,26255875.0,8158397.64,24
2013-12-19,52250993.54,26257131.53,25993862.01,101.45,1349.52,123431772.81,26129000.0,8158397.64,24
2013-12-20,52550219.34,26438425.29,26111794.04,87.08,359.88,123540734.52,26310250.0,8158397.64,24
2013-12-23,52739778.83,26558204.52,26181574.32,306.54,0.0,123610362.48,26429875.0,8158397.64,24
2013-12-24,52878172.03,26648881.16,26229290.87,102.55,0.0,123658028.13,26520500.0,8158397.64,24
2013-12-25,52885320.9,26648932.97,26236387.93,102.82,0.0,123665074.18,26520500.0,8158397.64,24
2013-12-26,53011699.77,26757734.79,26253964.98,102.83,0.0,123682600.21,26629250.0,8158397.64,24
2013-12-27,53090982.11,26757786.82,26333195.29,103.08,49.5,123766558.98,26629250.0,8158397.64,24
2013-12-30,53055800.28,26732567.91,26323232.38,309.7,281.86,123756931.24,26603875.0,8158397.64,24
2013-12-31,53118441.35,26559575.26,26558866.1,103.16,1674.16,106673537.64,26510400.0,8296809.67,26
2014-01-02,52618682.26,26350878.54,26267803.72,206.57,0.0,106382371.98,26301600.0,8296809.67,26
2014-01-03,52548409.49,26336529.78,26211879.71,102.31,0.0,106326396.9,26287200.0,8296809.67,26
2014-01-06,52465672.1,26268283.41,26197388.69,306.53,0.0,106311752.97,26218800.0,8296809.67,26
2014-01-07,52652022.09,26412319.89,26239702.2,72.87,0.0,106354030.09,26362800.0,8296809.67,26
2014-01-08,52652362.84,26437549.24,26214813.6,58.5,0.0,106329112.34,26388000.0,8296809.67,26
2014-01-09,52557355.28,26444785.96,26112569.32,73.13,0.0,106226831.65,26395200.0,8296809.67,26
2014-01-10,52724744.5,26513215.34,26211529.16,58.4,31.5,106324668.98,26463600.0,8296809.67,26
2014-01-13,52429811.5,26185725.81,26244085.68,219.69,0.0,106357116.28,26136000.0,8296809.67,26
2014-01-14,52720485.44,26444947.64,26275537.8,43.69,0.0,106388546.53,26395200.0,8296809.67,26
2014-01-15,52995282.56,26567377.02,26427905.54,58.58,0.0,106540885.08,26517600.0,8296809.67,26
2014-01-16,52966427.95,26491806.54,26474621.41,58.88,0.0,106587571.58,26442000.0,8296809.67,26
2014-01-17,52907238.15,26463035.97,26444202.18,58.85,79.38,106558042.31,26413200.0,8296809.67,26
2014-01-20,52884011.62,26463146.24,26420865.38,220.45,0.0,106534595.33,26413200.0,8296809.67,26
2014-01-21,53039775.74,26524382.99,26515392.75,73.45,40.5,106631106.51,26474400.0,8296809.67,26
2014-01-22,53148428.47,26524412.46,26624016.01,58.93,0.0,106739700.3,26474400.0,8296809.67,26
2014-01-23,52975664.6,26319241.93,26656422.67,59.05,0.0,106772077.38,26269200.0,8296809.67,26
2014-01-24,52244513.36,25710871.18,26533642.18,58.86,0.0,106649267.28,25660800.0,8296809.67,26
2014-01-27,52013592.61,25620956.88,26392635.73,174.15,0.0,106508172.38,25570800.0,8296809.67,26
2014-01-28,52287035.98,25800992.47,26486043.52,72.24,0.0,106601543.51,25750800.0,8296809.67,26
2014-01-29,52160099.51,25556228.3,26603871.21,72.62,118.1,106708435.12,25506000.0,8296809.67,26
2014-01-30,52187618.49,25700256.7,26487361.8,57.96,94.5,106564953.14,25650000.0,8296809.67,26
2014-01-31,52009015.29,26005047.65,26003967.64,28.99,2009.01,131240777.89,25936900.0,7521604.68,24
2014-02-03,51359532.14,25366340.99,25993191.14,86.68,0.0,131229958.05,25298150.0,7521604.68,24
2014-02-04,51457083.91,25526976.22,25930107.69,71.33,0.0,131166838.49,25458750.0,7521604.68,24
2014-02-05,51485180.39,25530668.77,25954511.62,85.76,0.0,131191199.21,25462400.0,7521604.68,24
2014-02-06,51810028.48,25859218.41,25950810.06,100.11,0.0,131187447.19,25790900.0,7521604.68,24
2014-02-07,52360404.44,26253468.69,26106935.75,100.74,0.0,131343522.41,26185100.0,7521604.68,24
2014-02-10,52356749.68,26271893.72,26084855.96,349.07,135.0,131311803.58,26203350.0,7521604.68,24
2014-02-11,52777543.14,26545694.8,26231848.34,101.8,0.0,131458745.23,26477100.0,7521604.68,24
2014-02-12,52866433.92,26596831.67,26269602.25,73.3,35.0,131494497.71,26528200.0,7521604.68,24
2014-02-13,53121084.22,26702718.61,26418365.61,73.43,0.0,131643224.58,26634050.0,7521604.68,24
2014-02-14,53294755.53,26859690.86,26435064.67,44.27,0.0,131659901.63,26791000.0,7521604.68,24
2014-02-17,53321313.38,26859735.63,26461577.76,88.82,0.0,131686370.66,26791000.0,7521604.68,24
2014-02-18,53560382.64,26896250.55,26664132.09,29.62,121.5,131897941.79,26827500.0,7521604.68,24
2014-02-19,53563389.73,26721087.91,26842301.83,74.39,0.0,132076074.49,26652300.0,7521604.68,24
2014-02-20,53654258.16,26878082.44,26776175.72,89.27,58.5,132014105.9,26809250.0,7521604.68,24
2014-02-21,53669201.23,26848919.77,26820281.46,74.52,61.16,132058235.61,26780050.0,7521604.68,24
2014-02-24,53851347.97,27020581.64,26830766.33,223.62,85.5,132080664.23,26951600.0,7521604.68,24
2014-02-25,53834294.09,27024269.17,26810024.92,74.79,0.0,132059885.55,26955250.0,7521604.68,24
2014-02-26,53808410.2,26962256.71,26846153.5,74.77,40.5,132059567.4,26893200.0,7521604.68,24
2014-02-27,54031529.6,27137494.15,26894035.45,74.73,0.0,132107412.06,27068400.0,7521604.68,24
2014-02-28,54120796.07,27060650.81,27060145.27,60.04,1441.54,148389497.93,27026625.0,8391211.34,36
2014-03-03,53911201.72,26849788.56,27061413.17,225.5,119.0,148365272.08,26815650.0,8391211.34,36
2014-03-04,54453759.08,27264500.85,27189258.23,74.88,0.0,148493079.57,27230325.0,8391211.34,36
2014-03-05,54427874.1,27279088.72,27148785.39,75.63,0.0,148452568.96,27244875.0,8391211.34,36
2014-03-06,54556437.31,27333696.68,27222740.63,90.71,1249.98,148374755.5,27299437.5,8391211.34,36
2014-03-07,54610866.69,27359197.15,27251669.54,75.77,0.0,148403646.6,27324900.0,8391211.34,36
2014-03-10,54542699.02,27348421.44,27194277.57,273.05,0.0,148346118.38,27313987.5,8391211.34,36
2014-03-11,54367849.32,27173859.43,27193989.9,75.75,0.0,148345792.93,27139387.5,8391211.34,36
2014-03-12,54247327.47,27210272.17,27037055.3,75.51,35.0,148186855.57,27175762.5,8391211.34,36
2014-03-13,53961657.16,26904759.96,27056897.2,75.34,2333.66,148205473.73,26870212.5,8391211.34,36
2014-03-14,53810421.58,26806584.83,27003836.76,74.95,133.0,148154560.55,26772000.0,8391211.34,36
2014-03-17,54077607.35,27064959.02,27012648.32,224.21,288.1,148151720.21,27030262.5,8391211.34,36
2014-03-18,54392054.11,27254154.13,27137899.98,90.13,0.0,148276926.84,27219412.5,8391211.34,36
2014-03-19,54149835.63,27094141.98,27055693.65,75.54,21.0,148189783.82,27059362.5,8391211.34,36
2014-03-20,54129764.37,27292940.14,26836824.23,90.25,1394.52,147961143.22,27150300.0,8391211.34,36
2014-03-21,54067619.74,27162035.63,26905584.12,90.22,383.88,147993547.66,27019350.0,8391211.34,36
2014-03-24,53979194.87,27053046.44,26926148.43,270.34,0.0,148013977.45,26910225.0,8391211.34,36
2014-03-25,54229335.06,27194954.03,27034381.04,89.97,0.0,148122165.18,27052087.5,8391211.34,36
2014-03-26,54103760.43,26951279.3,27152481.13,75.32,0.0,148240227.73,26808375.0,8391211.34,36
2014-03-27,54221860.72,26922216.73,27299643.99,75.14,144.0,148394629.38,26779275.0,8391211.34,36
2014-03-28,54469707.94,27067746.64,27401961.3,60.25,70.56,148495510.04,26924775.0,8391211.34,36
2014-03-31,54634332.31,27317669.2,27316663.12,181.57,2019.58,121028102.53,27314925.0,8798582.12,35
2014-04-01,54696470.9,27511819.64,27184651.27,75.88,0.0,120896052.74,27509037.5,8798582.12,35
2014-04-02,54658412.95,27588762.71,27069650.24,60.77,0.0,120781021.51,27585950.0,8798582.12,35
2014-04-03,54749028.45,27588778.03,27160250.42,30.37,0.0,120871606.65,27585950.0,8798582.12,35
2014-04-04,54522485.7,27251843.36,27270642.34,30.42,0.0,120981983.48,27249000.0,8798582.12,35
2014-04-07,54114661.88,26929611.49,27185050.39,136.31,139.5,120794162.85,26926700.0,8798582.12,35
2014-04-08,54422651.61,27032183.93,27390467.68,45.1,0.0,120999557.49,27029250.0,8798582.12,35
2014-04-09,54806895.05,27321543.96,27485351.09,45.35,0.0,121094418.07,27318587.5,8798582.12,35
2014-04-10,54216370.15,26768536.81,27447833.34,60.9,0.0,121056869.78,26765550.0,8798582.12,35
2014-04-11,53877341.83,26545154.06,27332187.77,60.24,0.0,120941193.72,26542137.5,8798582.12,35
2014-04-14,54157362.88,26732030.04,27425332.83,179.59,94.5,121003262.17,26728925.0,8798582.12,35
2014-04-15,54320745.26,26951809.74,27368935.51,60.17,0.0,120946834.38,26948675.0,8798582.12,35
2014-04-16,54590137.18,27145952.19,27444184.99,60.36,126.0,121030579.45,27142787.5,8798582.12,35
2014-04-17,54756695.12,27222894.85,27533800.27,60.66,0.0,121120164.23,27219700.0,8798582.12,35
2014-04-18,54769861.58,27222917.54,27546944.04,45.63,0.0,121133285.06,27219700.0,8798582.12,35
2014-04-21,54727274.09,27318210.59,27409063.49,136.92,24.5,120988850.14,27314925.0,8798582.12,35
2014-04-22,54995865.9,27457415.95,27538449.96,60.81,243.94,121098848.54,27454100.0,8798582.12,35
2014-04-23,55046172.83,27442788.83,27603384.0,45.83,0.0,121163759.63,27439450.0,8798582.12,35
2014-04-24,55105358.35,27442804.08,27662554.27,30.58,81.0,121220655.57,27439450.0,8798582.12,35
2014-04-25,54897027.94,27252361.7,27644666.25,15.31,0.0,121202759.86,27249000.0,8798582.12,35
2014-04-28,54965225.56,27340329.83,27624895.73,137.24,40.5,121183950.73,27336900.0,8798582.12,35
2014-04-29,55225642.54,27424590.11,27801052.43,45.8,0.0,121360084.4,27421137.5,8798582.12,35
2014-04-30,55335446.79,27668879.41,27666567.38,30.68,3892.53,57853440.1,27606600.0,8142496.83,40
2014-05-01,55248338.98,27665227.47,27583111.51,46.11,112.0,57770393.18,27602925.0,8142496.83,40
2014-05-02,55231444.66,27617475.52,27613969.14,46.04,0.0,57801227.82,27555150.0,8142496.83,40
2014-05-05,55225778.59,27635896.55,27589882.04,92.05,0.0,57777094.7,27573525.0,8142496.83,40
2014-05-06,55154402.7,27466869.58,27687533.12,46.02,0.0,57874722.79,27404475.0,8142496.83,40
2014-05-07,55170282.88,27613892.47,27556390.41,45.96,0.0,57743557.0,27551475.0,8142496.83,40
2014-05-08,55225917.71,27584515.48,27641402.23,45.98,0.0,57828545.86,27522075.0,8142496.83,40
2014-05-09,55063026.8,27602913.47,27460113.33,46.02,0.0,57647233.93,27540450.0,8142496.83,40
2014-05-12,55321414.9,27885957.48,27435457.43,137.66,136.5,57633175.09,27823425.0,8142496.83,40
2014-05-13,55513491.28,27908030.71,27605460.56,46.1,0.0,57803155.37,27845475.0,8142496.83,40
2014-05-14,55546633.33,27775753.97,27770879.36,46.26,0.0,57968551.15,27713175.0,8142496.83,40
2014-05-15,55201202.56,27511177.12,27690025.45,46.29,0.0,57887674.1,27448575.0,8142496.83,40
2014-05-16,55223084.2,27621450.04,27601634.16,46.0,66.72,57789598.42,27558825.0,8142496.83,40
2014-05-19,55358028.8,27731769.1,27626259.7,138.06,28.0,57810662.96,27669075.0,8142496.83,40
2014-05-20,55104047.87,27522317.21,27581730.67,46.13,40.5,57761651.4,27459600.0,8142496.83,40
2014-05-21,55411283.03,27772240.14,27639042.89,45.92,0.0,57818940.64,27709500.0,8142496.83,40
2014-05-22,55492243.88,27849446.0,27642797.88,61.57,0.0,57822664.92,27786675.0,8142496.83,40
2014-05-23,55575135.2,27948694.21,27626440.99,46.24,0.0,57806285.0,27885900.0,8142496.83,40
2014-05-26,55617366.95,27948787.37,27668579.58,185.25,0.0,57848331.5,27885900.0,8142496.83,40
2014-05-27,55729690.75,28128893.42,27600797.32,61.8,112.5,57824381.0,28065975.0,8142496.83,40
2014-05-28,55767653.4,28125249.68,27642403.72,61.92,161.8,57953016.19,28062300.0,8142496.83,40
2014-05-29,56004137.43,28257580.93,27746556.5,61.96,223.66,58058188.71,28194600.0,8142496.83,40
2014-05-30,55955633.19,27979101.41,27976531.78,62.23,3799.13,211560315.83,55822293.75,10232808.91,46
2014-06-02,55726610.89,27844082.17,27882528.72,186.52,0.0,211466219.51,55687181.25,10232808.91,46
2014-06-03,55497794.32,27743688.11,27754106.21,61.92,0.0,211337766.02,55586756.25,10232808.91,46
2014-06-04,55437359.67,27774000.19,27663359.49,61.66,0.0,211246988.46,55617037.5,10232808.91,46
2014-06-05,55843635.74,28004637.3,27838998.44,61.6,0.0,211422596.67,55847643.75,10232808.91,46
2014-06-06,56069586.74,28126393.41,27943193.33,62.05,1319.7,211533268.62,55969368.75,10232808.91,46
2014-06-09,56082487.86,28102880.92,27979606.94,186.9,153.0,211585722.08,55945762.5,10232808.91,46
2014-06-10,56063090.1,28068393.39,27994696.71,62.31,0.0,211600780.77,55911243.75,10232808.91,46
2014-06-11,55948805.14,27987724.58,27961080.55,62.29,0.0,211567133.51,55830543.75,10232808.91,46
2014-06-12,56033200.28,27895393.18,28137807.1,62.17,3014.14,211752920.53,55738181.25,10232808.91,46
2014-06-13,56145939.46,27916311.67,28229627.79,62.26,108.0,211940337.95,55759068.75,10232808.91,46
2014-06-16,56157041.0,27930785.98,28226255.02,187.15,2074.74,211927990.14,55773450.0,10232808.91,46
2014-06-17,56009203.62,27902973.26,28106230.36,62.4,126.0,211802460.12,55745606.25,10232808.91,46
2014-06-18,56432734.25,28208310.52,28224423.74,62.23,0.0,211920622.27,56050912.5,10232808.91,46
2014-06-19,56775444.26,28252962.02,28522482.24,47.03,1388.38,212202981.83,55980450.0,10232808.91,46
2014-06-20,56666023.35,28279283.97,28386739.38,31.54,467.62,212055309.0,56006756.25,10232808.91,46
2014-06-23,56603303.07,28275693.6,28327609.47,94.44,0.0,211996131.79,56003118.75,10232808.91,46
2014-06-24,56647553.04,28199760.91,28447792.12,47.17,94.5,212013065.33,55927162.5,10232808.91,46
2014-06-25,56908643.15,28342753.16,28565889.98,47.21,0.0,212131139.48,56070131.25,10232808.91,46
2014-06-26,57106139.9,28394301.78,28711838.12,47.42,40.5,212278544.31,56121656.25,10232808.91,46
2014-06-27,57150304.99,28445089.58,28705215.41,63.45,306.58,212266972.73,56172412.5,10232808.91,46
2014-06-30,57047754.15,28524185.12,28523569.03,142.88,1179.59,222975965.55,56920515.62,10877842.69,45
2014-07-01,57259418.97,28650276.19,28609142.79,63.39,126.0,223068113.62,57046575.0,10877842.69,45
2014-07-02,57148173.02,28569538.98,28578634.04,31.81,0.0,223037588.98,56965821.88,10877842.69,45
2014-07-03,57353684.02,28672889.23,28680794.79,31.75,0.0,223139733.85,57069156.25,10877842.69,45
2014-07-04,57344234.61,28672897.19,28671337.42,15.93,0.0,223130268.51,57069156.25,10877842.69,45
2014-07-07,57171540.27,28617036.71,28554503.56,47.79,0.0,223013410.76,57013271.88,10877842.69,45
2014-07-08,57073797.8,28545346.63,28528451.17,63.52,0.0,222987326.64,56941550.0,10877842.69,45
2014-07-09,57146250.21,28697123.54,28449126.66,47.56,0.0,222907978.36,57093303.12,10877842.69,45
2014-07-10,56935392.34,28601009.96,28334382.38,47.62,0.0,222793210.37,56997165.62,10877842.69,45
2014-07-11,56982884.67,28681016.47,28301868.2,31.63,0.0,222760680.45,57077156.25,10877842.69,45
2014-07-14,57063809.9,28748414.27,28315395.62,94.97,0.0,222774160.7,57144506.25,10877842.69,45
2014-07-15,56924928.54,28690450.73,28234477.81,47.55,94.5,222667903.79,57086518.75,10877842.69,45
2014-07-16,57074103.89,28785469.8,28288634.09,31.62,133.0,222710379.26,57181521.88,10877842.69,45
2014-07-17,56977694.51,28581642.04,28396052.47,31.71,0.0,222817781.93,56977678.12,10877842.69,45
2014-07-18,57204404.42,28826723.54,28377680.88,31.65,69.5,222799608.82,57222743.75,10877842.69,45
2014-07-21,57185079.96,28746574.71,28438505.25,95.34,28.0,222850973.9,57142546.88,10877842.69,45
2014-07-22,57453652.84,28906270.54,28547382.3,47.65,40.5,222944297.75,57302218.75,10877842.69,45
2014-07-23,57626856.22,28993791.51,28633064.71,47.88,0.0,223029956.37,57389715.62,10877842.69,45
2014-07-24,57450308.37,28908690.67,28541617.7,48.02,0.0,222938485.5,57304590.62,10877842.69,45
2014-07-25,57428068.6,28833961.63,28594106.96,47.88,0.0,222990950.98,57229837.5,10877842.69,45
2014-07-28,57397339.47,28813371.22,28583968.25,143.57,0.0,222980740.78,57209175.0,10877842.69,45
2014-07-29,57328673.91,28724153.23,28604520.68,63.77,45.0,223003106.44,57119925.0,10877842.69,45
2014-07-30,57067987.68,28590212.94,28477774.74,31.85,316.98,222858661.45,56985968.75,10877842.69,45
2014-07-31,56257184.46,28128858.49,28128325.96,63.41,1695.93,212156405.36,28101350.0,9379806.02,34
2014-08-01,56044856.61,28037631.93,28007224.67,46.88,0.0,212035280.63,28010100.0,9379806.02,34
2014-08-04,56228098.93,28234802.03,27993296.9,140.11,126.0,212006848.84,28207200.0,9379806.02,34
2014-08-05,55870640.87,27957433.4,27913207.47,62.48,0.0,211926728.31,27929800.0,9379806.02,34
2014-08-06,55898623.32,27983006.7,27915616.63,46.56,0.0,211929114.2,27955350.0,9379806.02,34
2014-08-07,55724118.38,27844330.02,27879788.37,46.58,0.0,211893262.68,27816650.0,9379806.02,34
2014-08-08,55900901.87,28114453.22,27786448.64,46.44,0.0,211799899.72,28086750.0,9379806.02,34
2014-08-11,56170745.35,28242273.51,27928471.85,139.75,0.0,211941853.46,28214500.0,9379806.02,34
2014-08-12,56027361.04,28213104.89,27814256.16,62.41,0.0,211827606.74,28185300.0,9379806.02,34
2014-08-13,56352516.08,28421178.4,27931337.68,46.69,0.0,211944665.08,28393350.0,9379806.02,34
2014-08-14,56545577.95,28548959.98,27996617.97,62.61,103.5,211846257.84,28521100.0,9379806.02,34
2014-08-15,56645677.76,28534391.7,28111286.07,62.83,0.0,211960894.83,28506500.0,9379806.02,34
2014-08-18,56886358.13,28753463.03,28132895.1,141.61,0.0,211982433.58,28725500.0,9379806.02,34
2014-08-19,56982154.51,28895836.99,28086317.51,47.41,121.5,211936224.05,28867850.0,9379806.02,34
2014-08-20,56994614.19,28983461.07,28011153.11,47.49,0.0,211861036.25,28955450.0,9379806.02,34
2014-08-21,57097047.1,29074743.28,28022303.82,63.33,27.0,211883095.33,29046700.0,9379806.02,34
2014-08-22,57132154.91,29049209.43,28082945.48,31.72,0.0,211943721.42,29021150.0,9379806.02,34
2014-08-25,57432251.88,29155132.05,28277119.82,142.83,0.0,212137825.56,29127000.0,9379806.02,34
2014-08-26,57581559.94,29206264.45,28375295.49,63.81,0.0,212235969.8,29178100.0,9379806.02,34
2014-08-27,57668690.93,29184388.79,28484302.14,47.98,129.2,212302480.44,29156200.0,9379806.02,34
2014-08-28,57693564.16,29180771.21,28512792.94,64.08,994.38,212273569.32,29152550.0,9379806.02,34
2014-08-29,57834729.99,28917473.13,28917256.86,48.08,1494.27,215439435.62,57625506.25,9772275.3,32
2014-09-01,57840221.49,28917545.42,28922676.07,144.59,126.0,215452828.53,57625506.25,9772275.3,32
2014-09-02,57561701.27,28767135.15,28794566.13,48.2,0.0,215324694.49,57475071.88,9772275.3,32
2014-09-03,57639153.76,28752759.12,28886394.65,47.97,0.0,215416499.02,57460671.88,9772275.3,32
2014-09-04,57702462.41,28681133.08,29021329.33,48.03,0.0,215551409.63,57389021.88,9772275.3,32
2014-09-05,57867151.64,28817847.6,29049304.04,48.09,0.0,215579360.15,57525712.5,9772275.3,32
2014-09-08,57696405.37,28713672.77,28982732.59,144.67,1424.28,215386123.99,57421465.62,9772275.3,32
2014-09-09,57336055.42,28490904.35,28845151.07,32.05,0.0,215248526.36,57198681.25,9772275.3,32
2014-09-10,57226234.38,28527160.8,28699073.57,31.85,0.0,215102432.84,57234921.88,9772275.3,32
2014-09-11,57124281.87,28559554.78,28564727.1,31.79,3715.44,214972749.82,57267300.0,9772275.3,32
2014-09-12,56735688.5,28265092.52,28470595.98,31.74,0.0,214878602.83,56972821.88,9772275.3,32
2014-09-15,56705636.72,28297299.0,28408337.72,94.56,2280.32,214743388.1,57004981.25,9772275.3,32
2014-09-16,56933163.43,28531227.22,28401936.21,31.5,0.0,214736970.81,57238893.75,9772275.3,32
2014-09-17,57002008.06,28520683.7,28481324.36,31.63,0.0,214816343.19,57228334.38,9772275.3,32
2014-09-18,56950880.08,28602641.04,28348239.03,31.67,1346.88,214683010.37,57199971.88,9772275.3,32
2014-09-19,57167088.7,28652685.06,28514403.64,31.64,323.04,214833376.1,57250000.0,9772275.3,32
2014-09-22,56923441.33,28465139.06,28458302.26,95.28,0.0,214777227.2,57062406.25,9772275.3,32
2014-09-23,56773987.17,28320796.97,28453190.2,15.81,0.0,214772107.23,56918056.25,9772275.3,32
2014-09-24,57113984.22,28533554.84,28580429.38,15.77,0.0,214899338.51,57130806.25,9772275.3,32
2014-09-25,56745486.26,28216114.44,28529371.82,31.73,90.0,214841605.07,56813350.0,9772275.3,32
2014-09-26,56940107.56,28353359.78,28586747.78,15.76,0.0,214898973.11,56950587.5,9772275.3,32
2014-09-29,56950998.19,28334924.03,28616074.16,47.45,893.16,214928678.28,56932128.12,9772275.3,32
2014-09-30,56869564.21,28434825.52,28434738.7,31.64,1121.82,201212412.09,28401475.0,7484775.59,24
2014-10-01,56614432.2,28077203.81,28537228.39,31.59,0.0,201314885.99,28043837.5,7484775.59,24
2014-10-02,56448792.7,28044706.91,28404085.79,31.45,0.0,201181727.53,28011325.0,7484775.59,24
2014-10-03,56769770.11,28359002.2,28410767.91,15.68,0.0,201188401.77,28325612.5,7484775.59,24
2014-10-06,56824713.67,28297613.33,28527100.34,47.31,108.0,201338178.52,28264200.0,7484775.59,24
2014-10-07,56441753.31,27893029.05,28548724.25,31.57,0.0,201359786.59,27859600.0,7484775.59,24
2014-10-08,56914650.74,28380732.05,28533918.69,31.36,0.0,201344965.16,28347287.5,7484775.59,24
2014-10-09,56432332.36,27849702.43,28582629.92,15.81,0.0,201393668.47,27816250.0,7484775.59,24
2014-10-10,55978694.08,27405372.67,28573321.41,15.68,0.0,201384352.02,27371912.5,7484775.59,24
2014-10-13,55524590.85,26989958.01,28534632.84,46.65,0.0,201345639.64,26956475.0,7484775.59,24
2014-10-14,55722257.83,27123628.01,28598629.83,15.42,108.0,201268376.7,27090137.5,7484775.59,24
2014-10-15,55333129.42,26719043.07,28614086.35,30.96,0.0,201283817.33,26685537.5,7484775.59,24
2014-10-16,55248032.12,26773245.42,28474786.7,30.74,0.0,201144501.79,26739725.0,7484775.59,24
2014-10-17,55648856.85,27213992.73,28434864.12,46.04,69.5,201103901.16,27180450.0,7484775.59,24
2014-10-20,55938121.65,27488588.09,28449533.57,92.75,0.0,201118523.22,27455000.0,7484775.59,24
2014-10-21,56506999.81,28037703.36,28469296.46,31.08,0.0,201138270.31,28004100.0,7484775.59,24
2014-10-22,56323237.74,27849868.93,28473368.81,31.39,0.0,201142326.84,27816250.0,7484775.59,24
2014-10-23,56618664.06,28153334.41,28465329.65,31.29,0.0,201134271.86,28119700.0,7484775.59,24
2014-10-24,56721344.88,28352029.73,28369315.15,15.73,0.0,201038249.46,28318387.5,7484775.59,24
2014-10-27,56603674.67,28312315.85,28291358.82,47.27,0.0,200960269.48,28278650.0,7484775.59,24
2014-10-28,56959175.33,28644681.58,28314493.75,31.45,0.0,200983388.7,28611000.0,7484775.59,24
2014-10-29,56822952.67,28532710.0,28290242.68,31.64,0.0,200959121.89,28499012.5,7484775.59,24
2014-10-30,57131200.01,28767546.27,28363653.73,47.35,891.24,200982106.01,28733825.0,7484775.59,24
2014-10-31,57655962.82,28827969.0,28827993.82,15.87,1014.68,202254461.85,57574387.5,7618183.56,23
2014-11-03,57673457.77,28799468.02,28873989.74,48.05,126.0,202300559.75,57545862.5,7618183.56,23
2014-11-04,57612642.4,28724396.52,28888245.87,32.04,0.0,202314799.84,57470775.0,7618183.56,23
2014-11-05,57779009.16,28913895.46,28865113.7,48.01,0.0,202291643.59,57660250.0,7618183.56,23
2014-11-06,57868430.19,28996319.56,28872110.64,48.15,0.0,202298616.48,57742650.0,7618183.56,23
2014-11-07,58031782.93,29103118.72,28928664.21,48.22,0.0,202355145.99,57849425.0,7618183.56,23
2014-11-10,58105887.65,29128528.98,28977358.67,145.08,0.0,202403768.13,57874762.5,7618183.56,23
2014-11-11,58098979.14,29128670.16,28970308.98,32.28,0.0,202396702.34,57874887.5,7618183.56,23
2014-11-12,58168615.1,29171411.34,28997203.76,32.28,0.0,202423581.03,57917612.5,7618183.56,23
2014-11-13,58241939.61,29178452.55,29063487.07,32.32,0.0,202489848.22,57924637.5,7618183.56,23
2014-11-14,58404611.3,29281981.26,29122630.05,32.36,0.0,202548975.06,58028150.0,7618183.56,23
2014-11-17,58331384.73,29257180.06,29074204.67,97.34,0.0,202500501.14,58003300.0,7618183.56,23
2014-11-18,58475488.89,29421516.94,29053971.94,48.61,0.0,202480244.19,58167612.5,7618183.56,23
2014-11-19,58358192.45,29346658.29,29011534.16,32.49,22.5,202441187.76,58092737.5,7618183.56,23
2014-11-20,58445132.06,29453778.94,28991353.13,16.21,76.5,202391750.17,58199850.0,7618183.56,23
2014-11-21,58753100.96,29621720.3,29131380.66,32.47,0.0,202531761.59,58367775.0,7618183.56,23
2014-11-24,58915703.5,29725344.99,29190358.52,48.96,0.0,202590715.18,58471375.0,7618183.56,23
2014-11-25,59082087.87,29803736.5,29278351.36,32.73,0.0,202678691.81,58549750.0,7618183.56,23
2014-11-26,59327803.83,29925115.56,29402688.27,32.82,146.2,202756496.71,58671112.5,7618183.56,23
2014-11-27,59362192.37,29925132.18,29437060.19,32.96,951.74,202767680.84,58671112.5,7618183.56,23
2014-11-28,59429589.33,29715055.86,29714533.48,32.98,1701.38,221283972.74,59252609.38,8494098.7,28
2014-12-01,59090645.53,29463555.38,29627090.15,99.05,0.0,221196479.89,59001059.38,8494098.7,28
2014-12-02,59137874.43,29547714.31,29590160.13,49.24,0.0,221159524.88,59085193.75,8494098.7,28
2014-12-03,59213060.24,29626451.43,29586608.81,49.28,0.0,221155948.9,59163906.25,8494098.7,28
2014-12-04,59336934.4,29670253.41,29666680.99,16.45,0.0,221236013.16,59207700.0,8494098.7,28
2014-12-05,59336670.45,29589326.15,29747344.31,32.96,0.0,221316659.7,59126756.25,8494098.7,28
2014-12-08,59194195.43,29425412.96,29768782.47,98.89,1602.48,221450685.02,58962793.75,8494098.7,28
2014-12-09,59162251.9,29484112.48,29678139.42,49.33,0.0,221360017.15,59021468.75,8494098.7,28
2014-12-10,58904424.49,29155795.24,29748629.24,65.74,143.5,221402944.85,58693118.75,8494098.7,28
2014-12-11,58823577.06,29169425.79,29654151.27,49.09,3055.28,221313225.47,58706725.0,8494098.7,28
2014-12-12,58423154.71,28841684.47,29581470.24,49.02,0.0,221240519.72,58378959.38,8494098.7,28
2014-12-15,58060327.44,28668523.17,29391804.27,97.37,1819.3,221067392.91,58205750.0,8494098.7,28
2014-12-16,57982304.41,28494095.65,29488208.77,64.51,0.0,221163764.75,58031290.62,8494098.7,28
2014-12-17,58432212.69,28947394.39,29484818.3,48.32,0.0,221160349.71,58484565.62,8494098.7,28
2014-12-18,59187459.47,29579520.76,29607938.71,48.69,1291.5,221283445.24,59031859.38,8494098.7,28
2014-12-19,59513022.72,29716409.88,29796612.85,65.76,403.44,221460210.91,59168715.62,8494098.7,28
2014-12-22,59787849.96,29809996.43,29977853.53,198.38,0.0,221641352.57,59262203.12,8494098.7,28
2014-12-23,59571497.27,29739484.71,29832012.56,83.04,0.0,221495469.66,59191650.0,8494098.7,28
2014-12-24,59478202.99,29725000.12,29753202.87,49.64,0.0,221416635.42,59177140.62,8494098.7,28
2014-12-25,59526939.35,29725008.38,29801930.97,16.52,0.0,221465355.26,59177140.62,8494098.7,28
2014-12-26,59718729.54,29818504.13,29900225.41,16.54,0.0,221563641.11,59270628.12,8494098.7,28
2014-12-29,60037055.1,29927428.98,30109626.12,49.77,0.0,221773017.21,59379528.12,8494098.7,28
2014-12-30,59930976.4,29841991.42,30088984.98,50.03,833.78,221757621.51,59294065.62,8494098.7,28
2014-12-31,59794899.0,29897745.49,29897153.52,49.94,618.97,209819759.86,59661140.62,7580739.69,22
2015-01-02,59931301.54,29891327.55,30039973.99,132.88,0.0,209962513.89,59654656.25,7580739.69,22
2015-01-05,59728951.01,29594442.99,30134508.02,99.89,0.0,210056997.86,59357721.88,7580739.69,22
2015-01-06,59610591.05,29421173.91,30189417.14,49.77,0.0,210111881.87,59184429.3,7580739.69,22
2015-01-07,60041549.97,29810651.55,30230898.42,49.68,0.0,210153337.99,59573881.25,7580739.69,22
2015-01-08,60413774.33,30242748.27,30171026.07,50.03,0.0,210093440.44,60005954.3,7580739.69,22
2015-01-09,60206044.4,30065567.22,30140477.18,50.34,0.0,210062866.41,59828745.7,7580739.69,22
2015-01-12,60212276.2,29993932.95,30218343.25,100.34,0.0,210140682.25,59757062.5,7580739.69,22
2015-01-13,60197104.2,29958132.95,30238971.25,50.18,0.0,210161285.07,59721237.5,7580739.69,22
2015-01-14,60192163.16,29940967.29,30251195.87,50.16,0.0,210173484.49,59704045.7,7580739.69,22
2015-01-15,60158729.16,29807684.93,30351044.23,66.88,0.0,210273299.24,59570731.25,7580739.69,22
2015-01-16,60383748.55,30043081.64,30340666.9,50.13,0.0,210262896.61,59806104.3,7580739.69,22
2015-01-19,60287358.84,30043156.75,30244202.09,150.96,0.0,210166355.95,59806104.3,7580739.69,22
2015-01-20,60404663.26,30097744.29,30306918.97,50.24,0.0,210229047.63,59860666.8,7580739.69,22
2015-01-21,60494426.38,30140491.25,30353935.13,50.34,0.0,210276038.53,59903387.5,7580739.69,22
2015-01-22,60951757.42,30503578.86,30448178.56,50.41,0.0,210370256.66,60266450.0,7580739.69,22
2015-01-23,61071196.76,30450244.91,30620951.86,50.79,0.0,210543004.59,60213091.8,7580739.69,22
2015-01-26,61082593.18,30548130.03,30534463.14,101.79,0.0,210456464.84,60310925.0,7580739.69,22
2015-01-27,60779913.63,30242949.24,30536964.39,50.9,0.0,210458940.65,60005718.75,7580739.69,22
2015-01-28,60539571.09,29873728.54,30665842.54,33.77,0.0,210587801.83,59636481.25,7580739.69,22
2015-01-29,60885744.01,30200501.39,30685242.62,33.63,680.14,210536487.63,59963237.5,7580739.69,22
2015-01-30,60742927.42,30371915.36,30371012.06,50.74,979.8,254353124.28,60687625.0,8546542.55,27
2015-02-02,61174395.37,30817465.98,30356929.39,101.24,0.0,254338992.0,61133126.16,8546542.55,27
2015-02-03,61323797.9,30999358.1,30324439.8,33.99,0.0,254306484.54,61315000.0,8546542.55,27
2015-02-04,61048131.79,30801875.32,30246256.46,34.07,0.0,254228285.36,61117500.0,8546542.55,27
2015-02-05,61353414.48,31150508.88,30202905.6,16.96,0.0,254184924.79,61466126.16,8546542.55,27
2015-02-06,60832056.01,30855401.18,29976654.82,34.09,0.0,253958658.84,61171000.0,8546542.55,27
2015-02-09,60615283.1,30669952.61,29945330.49,101.39,103.5,253880926.74,60985501.16,8546542.55,27
2015-02-10,60819838.52,30913148.63,29906689.89,16.84,0.0,253842277.82,61228688.66,8546542.55,27
2015-02-11,60836340.52,30966532.22,29869808.31,16.89,0.0,253805389.24,61282063.66,8546542.55,27
2015-02-12,61247958.71,31259353.32,29988605.4,16.9,0.0,253924176.72,61574876.16,8546542.55,27
2015-02-13,61436165.12,31360745.68,30075419.43,34.03,0.0,254010975.11,61676251.16,8546542.55,27
2015-02-16,61397075.25,31360771.82,30036303.43,51.2,0.0,253971834.04,61676251.16,8546542.55,27
2015-02-17,60987730.34,31170530.53,29817199.81,17.05,0.0,253752722.38,61486000.0,8546542.55,27
2015-02-18,61306167.62,31340547.85,29965619.77,33.88,0.0,253901125.78,61655998.84,8546542.55,27
2015-02-19,61212213.86,31238877.76,29973336.1,34.06,0.0,253908823.85,61554312.5,8546542.55,27
2015-02-20,61320265.14,31374582.61,29945682.53,34.01,58.38,253881456.81,61690000.0,8546542.55,27
2015-02-23,61592481.22,31512197.4,30080283.81,102.2,0.0,254016006.58,61827561.34,8546542.55,27
2015-02-24,62012959.07,31774839.91,30238119.16,34.22,0.0,254173826.82,62090187.5,8546542.55,27
2015-02-25,62060134.66,31728732.56,30331402.1,34.45,146.2,254215322.58,62044062.5,8546542.55,27
2015-02-26,62052781.95,31623437.69,30429344.26,34.48,679.1,254291552.64,61938750.0,8546542.55,27
2015-02-27,62012425.4,31006552.79,31005872.6,51.71,2813.19,220371534.69,61837268.75,8202422.83,24
2015-03-02,61881652.9,31009385.72,30872267.18,103.35,0.0,220237877.58,61840050.0,8202422.83,24
2015-03-03,61499886.17,30797802.95,30702083.22,34.38,0.0,220067676.47,61628450.0,8202422.83,24
2015-03-04,61312323.49,30699232.56,30613090.93,34.17,0.0,219978667.13,61529862.5,8202422.83,24
2015-03-05,61435404.06,30784828.59,30650575.47,17.03,0.0,220016143.16,61615450.0,8202422.83,24
2015-03-06,60639125.07,30116545.69,30522579.38,34.13,1623.48,219656963.85,60947150.0,8202422.83,24
2015-03-09,60840594.71,30306439.54,30534155.17,50.53,0.0,219668514.2,61137018.75,8202422.83,24
2015-03-10,60525139.99,29901931.37,30623208.61,33.8,0.0,219757550.68,60732493.75,8202422.83,24
2015-03-11,60664942.34,29880322.99,30784619.36,33.63,0.0,219918944.41,60710868.75,8202422.83,24
2015-03-12,61171793.36,30293435.39,30878357.97,50.55,3156.56,220011052.91,61123956.25,8202422.83,24
2015-03-13,60976555.71,30061298.13,30915257.58,50.98,0.0,220047926.78,60891793.75,8202422.83,24
2015-03-16,61475824.83,30481067.03,30994757.8,152.44,2033.74,220169520.06,61311487.5,8202422.83,24
2015-03-17,61504330.82,30519771.87,30984558.95,85.38,0.0,220159278.16,61350150.0,8202422.83,24
2015-03-18,62337277.05,31159139.26,31178137.79,85.42,0.0,220352813.97,61989475.0,8202422.83,24
2015-03-19,62261291.96,30912954.72,31348337.23,51.95,1373.88,220523038.31,61626987.5,8202422.83,24
2015-03-20,62749793.29,31287342.98,31462450.31,51.88,340.5,220601125.49,62001350.0,8202422.83,24
2015-03-23,62609886.43,31259031.56,31350854.87,52.29,0.0,220489503.83,61973012.5,8202422.83,24
2015-03-24,62597504.2,31176232.61,31421271.59,52.17,0.0,220559894.42,61890187.5,8202422.83,24
2015-03-25,62043078.64,30648812.43,31394266.21,34.78,0.0,220532871.58,61362750.0,8202422.83,24
2015-03-26,61655668.74,30431765.23,31223903.51,68.94,0.0,220362474.0,61145669.96,8202422.83,24
2015-03-27,61850307.86,30600246.84,31250061.02,51.38,0.0,220388605.5,61314125.0,8202422.83,24
2015-03-30,62254877.18,30915761.34,31339115.84,206.17,603.34,220462335.32,61629537.5,8202422.83,24
2015-03-31,62091848.64,31046137.33,31045711.3,69.17,466.53,229321099.55,61951787.5,9193968.21,26
2015-04-01,62182029.16,31042025.71,31140003.45,51.74,0.0,229415365.82,61947650.0,9193968.21,26
2015-04-02,62232985.04,31091126.57,31141858.47,51.82,0.0,229417194.89,61996726.2,9193968.21,26
2015-04-03,62475018.78,31271143.85,31203874.94,34.57,0.0,229479194.06,62176726.2,9193968.21,26
2015-04-06,62464288.24,31358133.46,31106154.77,104.13,94.5,229300456.39,62263663.7,9193968.21,26
2015-04-07,62510080.56,31260384.6,31249695.96,52.05,0.0,229443971.65,62165888.7,9193968.21,26
2015-04-08,62757900.41,31384564.46,31373335.95,34.73,0.0,229567594.28,62290051.2,9193968.21,26
2015-04-09,62837439.96,31407578.12,31429861.84,52.3,0.0,229624094.03,62313037.5,9193968.21,26
2015-04-10,63052233.4,31546841.79,31505391.61,52.36,0.0,229699597.6,62452275.0,9193968.21,26
2015-04-13,63055794.4,31452694.37,31603100.03,105.09,0.0,229797253.51,62358076.2,9193968.21,26
2015-04-14,63281583.65,31599195.58,31682388.07,52.55,0.0,229876515.22,62504550.0,9193968.21,26
2015-04-15,63494764.5,31760900.63,31733863.86,35.16,0.0,229927973.41,62666237.5,9193968.21,26
2015-04-16,63509499.47,31835968.28,31673531.19,35.27,0.0,229867623.11,62741287.5,9193968.21,26
2015-04-17,63008869.94,31485973.47,31522896.47,35.28,55.6,229702897.58,62391275.0,9193968.21,26
2015-04-20,63049176.54,31651774.7,31397401.84,52.51,0.0,229577376.67,62557050.0,9193968.21,26
2015-04-21,63101547.68,31610551.08,31490996.6,52.54,0.0,229670945.27,62515801.2,9193968.21,26
2015-04-22,62917733.5,31629789.92,31287943.58,52.58,0.0,229467866.01,62535013.7,9193968.21,26
2015-04-23,63107241.9,31798903.78,31308338.12,52.43,0.0,229488234.48,62704098.8,9193968.21,26
2015-04-24,63358715.05,31930417.78,31428297.27,52.59,0.0,229608167.53,62835586.3,9193968.21,26
2015-04-27,63344042.24,31806397.61,31537644.64,158.4,0.0,229717436.33,62711487.5,9193968.21,26
2015-04-28,63174673.49,31829277.78,31345395.71,35.19,0.0,229525169.89,62734348.8,9193968.21,26
2015-04-29,62457447.77,31528645.46,30928802.31,35.1,582.24,229098331.11,62433698.8,9193968.21,26
2015-04-30,61941728.6,30971202.21,30970526.39,17.35,761.32,243728830.49,61811525.0,9327251.43,27
2015-05-01,62013800.95,31162242.06,30851558.89,17.21,0.0,243609855.51,62002556.25,9327251.43,27
2015-05-04,62116178.06,31273589.91,30842588.15,51.68,0.0,243600857.94,62113878.12,9327251.43,27
2015-05-05,61357365.15,30815801.03,30541564.11,34.51,0.0,243299816.77,61656071.88,9327251.43,27
2015-05-06,60798937.91,30591943.97,30206993.94,17.04,0.0,242965238.11,61432206.25,9327251.43,27
2015-05-07,61035272.23,30812007.84,30223264.4,33.78,0.0,242981492.91,61652253.12,9327251.43,27
2015-05-08,61807339.65,31277566.4,30529773.25,16.95,0.0,243287993.37,62117803.12,9327251.43,27
2015-05-11,61252835.44,30892017.46,30360817.98,51.51,0.0,243119012.65,61732228.12,9327251.43,27
2015-05-12,61058291.24,30888853.37,30169437.87,34.03,0.0,242927615.67,61729046.88,9327251.43,27
2015-05-13,61031473.04,30866391.61,30165081.43,50.88,147.0,242917711.51,61706559.38,9327251.43,27
2015-05-14,61589705.91,31305865.01,30283840.9,33.91,0.0,243036453.11,62146015.62,9327251.43,27
2015-05-15,62008553.32,31482539.33,30526013.99,17.11,55.6,243268482.1,62322681.25,9327251.43,27
2015-05-18,61822589.93,31428385.55,30394204.37,103.35,0.0,243136621.61,62268475.0,9327251.43,27
2015-05-19,61776671.21,31323284.26,30453386.95,34.35,0.0,243195787.3,62163356.25,9327251.43,27
2015-05-20,61828398.25,31350086.04,30478312.21,34.32,0.0,243220695.64,62190140.62,9327251.43,27
2015-05-21,62125558.69,31540981.58,30584577.11,34.35,0.0,243326944.73,62381018.75,9327251.43,27
2015-05-22,62025185.95,31383586.61,30641599.34,34.51,0.0,243383948.85,62223606.25,9327251.43,27
2015-05-25,62058423.64,31383638.91,30674784.73,103.38,0.0,243417083.17,62223606.25,9327251.43,27
2015-05-26,62074355.22,31244706.35,30829648.88,34.48,0.0,243571930.28,62084656.25,9327251.43,27
2015-05-27,62346907.95,31478558.08,30868349.87,34.49,139.4,243625485.86,62318490.62,9327251.43,27
2015-05-28,62370101.81,31523594.95,30846506.86,17.32,599.52,243566347.51,62363518.75,9327251.43,27
2015-05-29,62218979.55,31109860.76,31109118.78,17.33,2730.98,216140924.09,62091562.5,9332622.83,27
2015-06-01,62033148.11,30967980.44,31065167.67,51.85,0.0,216096947.05,61949656.25,9332622.83,27
2015-06-02,61576414.02,30786841.39,30789572.63,34.46,0.0,215821334.76,61768500.0,9332622.83,27
2015-06-03,61313433.57,30722053.07,30591380.51,17.1,0.0,215623134.08,61703703.12,9332622.83,27
2015-06-04,61162805.09,30581429.51,30581375.57,34.06,0.0,215613112.15,61563062.5,9332622.83,27
2015-06-05,60681442.38,30280649.63,30400792.75,33.98,0.0,215432512.34,61262265.62,9332622.83,27
2015-06-08,60500830.94,30131178.45,30369652.49,151.7,1354.56,215397595.53,61112718.75,9332622.83,27
2015-06-09,60312995.88,30100054.57,30212941.31,33.61,0.0,215240867.48,61081578.12,9332622.83,27
2015-06-10,60582528.49,30388211.92,30194316.57,33.51,0.0,215222225.95,61369718.75,9332622.83,27
2015-06-11,60926413.21,30592275.67,30334137.54,33.66,3235.6,215368613.74,61573765.62,9332622.83,27
2015-06-12,60754192.74,30341206.05,30412986.69,16.92,0.0,215447454.47,61322687.5,9332622.83,27
2015-06-15,60590318.17,30276850.36,30313467.8,101.26,1866.9,215288559.48,61258281.25,9332622.83,27
2015-06-16,60927690.96,30551929.68,30375761.28,33.66,0.0,215350836.11,61533343.75,9332622.83,27
2015-06-17,60962282.17,30616485.05,30345797.12,16.92,148.5,215321342.01,61597890.62,9332622.83,27
2015-06-18,61268315.68,30915353.55,30352962.13,16.93,1375.2,215313448.06,61776390.62,9332622.83,27
2015-06-19,61316721.42,30839268.39,30477453.03,17.02,321.48,215424452.22,61700296.88,9332622.83,27
2015-06-22,61423950.01,30878294.09,30545655.93,51.1,0.0,215492629.72,61739296.88,9332622.83,27
2015-06-23,61415705.1,30842490.17,30573214.93,17.06,0.0,215520180.24,61703484.38,9332622.83,27
2015-06-24,61297112.45,30660092.48,30637019.97,17.06,144.0,215599640.78,61521078.12,9332622.83,27
2015-06-25,61057814.8,30541007.25,30516807.55,17.03,0.0,215479419.85,61401984.38,9332622.83,27
2015-06-26,60816330.24,30430140.73,30386189.5,16.96,0.0,215348793.33,61291109.38,9332622.83,27
2015-06-29,60416080.39,30051291.09,30364789.3,50.68,268.6,215314968.83,60912234.38,9332622.83,27
2015-06-30,60469842.31,30235186.62,30234655.68,33.56,1844.94,180710711.59,30201150.0,7266730.92,25
2015-07-01,60649842.07,30477745.02,30172097.05,16.8,0.0,180648144.56,30443700.0,7266730.92,25
2015-07-02,60609374.44,30444678.49,30164695.95,16.85,0.0,180640735.08,30410625.0,7266730.92,25
2015-07-03,60591772.45,30444686.94,30147085.5,16.84,0.0,180623116.26,30410625.0,7266730.92,25
2015-07-06,60488868.69,30382237.31,30106631.37,50.49,0.0,180582637.0,30348150.0,7266730.92,25
2015-07-07,60512673.93,30518229.19,29994444.74,33.6,0.0,180470433.65,30484125.0,7266730.92,25
2015-07-08,59820599.4,30011096.15,29809503.25,33.62,0.0,180285475.49,29976975.0,7266730.92,25
2015-07-09,60103560.15,30040512.82,30063047.33,33.23,0.0,180539003.01,30006375.0,7266730.92,25
2015-07-10,60522319.0,30448462.85,30073856.14,50.09,0.0,180549786.77,30414300.0,7266730.92,25
2015-07-13,61035326.96,30823338.23,30211988.73,50.44,0.0,180687894.29,30789150.0,7266730.92,25
2015-07-14,61174594.22,30933605.35,30240988.86,33.91,136.5,180729649.21,30899400.0,7266730.92,25
2015-07-15,61223751.07,30966688.95,30257062.13,16.99,0.0,180745714.07,30932475.0,7266730.92,25
2015-07-16,61478424.38,31154131.15,30324293.23,34.01,0.0,180812928.37,31119900.0,7266730.92,25
2015-07-17,61507687.32,31179873.46,30327813.86,34.15,50.04,180816690.65,31145625.0,7266730.92,25
2015-07-20,61456485.38,31227726.41,30228758.97,153.77,0.0,180717559.94,31193400.0,7266730.92,25
2015-07-21,61315996.68,31117511.1,30198485.58,68.28,0.0,180687252.96,31083150.0,7266730.92,25
2015-07-22,61150550.16,31021987.04,30128563.13,51.1,0.0,180617305.34,30987600.0,7266730.92,25
2015-07-23,61031302.5,30882371.5,30148931.0,67.95,0.0,180637639.74,30847950.0,7266730.92,25
2015-07-24,60575815.38,30573697.24,30002118.14,50.86,0.0,180490801.76,30539250.0,7266730.92,25
2015-07-27,60106488.11,30382699.15,29723788.96,201.92,0.0,180212372.57,30348150.0,7266730.92,25
2015-07-28,60536781.06,30717166.35,29819614.71,83.48,0.0,180308157.04,30682575.0,7266730.92,25
2015-07-29,60742704.12,30926684.01,29816020.11,84.08,0.0,180304521.02,30892050.0,7266730.92,25
2015-07-30,60832140.46,30959810.56,29872329.91,101.24,253.98,180344685.31,30925125.0,7266730.92,25
2015-07-31,60780516.63,30390332.79,30390183.85,118.28,1606.94,200212725.26,60653450.0,7472603.65,21
2015-08-03,60803881.9,30375129.14,30428752.76,405.2,0.0,200251091.58,60638043.75,7472603.65,21
2015-08-04,60541038.03,30125721.64,30415316.39,135.12,0.0,200237587.58,60388568.75,7472603.65,21
2015-08-05,60505141.1,30158407.34,30346733.77,134.54,0.0,200168937.37,60421187.5,7472603.65,21
2015-08-06,60278320.4,30015780.6,30262539.8,134.46,0.0,200084675.97,60278493.75,7472603.65,21
2015-08-07,60332825.17,30033238.96,30299586.21,66.98,0.0,200121688.75,60295918.75,7472603.65,21
2015-08-10,60630434.65,30308576.62,30321858.03,301.66,0.0,200143809.07,60571106.25,7472603.65,21
2015-08-11,60547509.78,30220490.15,30327019.63,202.1,0.0,200148869.6,60482918.75,7472603.65,21
2015-08-12,60545266.74,30311630.35,30233636.4,168.19,0.0,200055402.13,60573975.0,7472603.65,21
2015-08-13,60381468.51,30142245.79,30239222.71,168.18,0.0,200060904.46,60404506.25,7472603.65,21
2015-08-14,60441548.88,30242629.52,30198919.36,167.73,0.0,200020517.11,60504806.25,7472603.65,21
2015-08-17,60713266.24,30480431.34,30232834.9,453.31,0.0,200054206.16,60742381.25,7472603.65,21
2015-08-18,60546946.48,30330278.51,30216667.97,168.65,139.5,200045534.75,60592143.75,7472603.65,21
2015-08-19,60408286.8,30175743.74,30232543.06,117.73,0.0,200061351.09,60437550.0,7472603.65,21
2015-08-20,59745300.8,29548804.4,30196496.4,83.9,0.0,200025262.44,59810567.56,7472603.65,21
2015-08-21,58902119.37,28850333.31,30051786.05,33.19,47.26,199880681.01,59112082.44,7472603.65,21
2015-08-24,57285513.71,27528230.44,29757283.27,147.26,0.0,199586103.1,57789905.06,7472603.65,21
2015-08-25,56989858.7,27278482.57,29711376.13,95.48,0.0,199540146.36,57540112.5,7472603.65,21
2015-08-26,57839839.97,28191648.11,29648191.86,110.81,0.0,199476904.32,58453225.0,7472603.65,21
2015-08-27,58739448.32,28935976.35,29803471.97,96.4,112.2,199593591.03,59197506.25,7472603.65,21
2015-08-28,58716204.34,28902343.32,29813861.02,97.9,168.8,199594599.21,59163825.0,7472603.65,21
2015-08-31,58314192.7,29156820.11,29157372.59,293.58,3173.52,178148761.94,0.0,1479152.44,11
2015-09-01,58302330.78,29156884.9,29145445.87,129.59,0.0,178136770.43,0.0,1479152.44,11
2015-09-02,58273398.95,29156909.2,29116489.75,48.59,0.0,178107790.01,0.0,1479152.44,11
2015-09-03,58329951.58,29156933.5,29173018.08,48.56,0.0,178164294.08,0.0,1479152.44,11
2015-09-04,58397814.04,29156949.7,29240864.34,32.41,0.0,178232124.14,0.0,1479152.44,11
2015-09-07,58398524.78,29156998.29,29241526.49,97.33,0.0,178232737.56,0.0,1479152.44,11
2015-09-08,58357807.41,29157014.49,29200792.92,32.44,1439.22,178066001.21,0.0,1479152.44,11
2015-09-09,58412068.79,29157063.09,29255005.71,97.26,0.0,178120165.33,0.0,1479152.44,11
2015-09-10,58380498.26,29157087.38,29223410.88,48.68,2705.02,178085896.19,0.0,1479152.44,11
2015-09-11,58377087.03,29157103.58,29219983.44,32.43,0.0,178082452.52,0.0,1479152.44,11
2015-09-14,58404191.78,29157200.77,29246991.01,194.59,1156.0,178118960.52,0.0,1479152.44,11
2015-09-15,58312352.04,29157257.47,29155094.57,113.56,635.44,178042825.55,0.0,1479152.44,11
2015-09-16,58261753.25,29157314.16,29104439.09,113.39,0.0,177992113.37,0.0,1479152.44,11
2015-09-17,58241121.63,29157362.76,29083758.87,97.1,0.0,177971384.65,0.0,1479152.44,11
2015-09-18,58377161.53,29157370.86,29219790.67,16.18,0.0,178107408.37,0.0,1479152.44,11
2015-09-21,58365819.94,29157346.56,29208473.38,-48.65,0.0,178096115.42,0.0,1479152.44,11
2015-09-22,58478266.03,29157354.66,29320911.37,16.21,0.0,178208545.3,0.0,1479152.44,11
2015-09-23,58470625.67,29157346.56,29313279.11,-16.24,0.0,178200921.19,0.0,1479152.44,11
2015-09-24,58478705.66,29157354.66,29321351.0,16.24,0.0,178208984.93,0.0,1479152.44,11
2015-09-25,58431572.79,29157362.76,29274210.03,16.24,0.0,178161835.82,0.0,1479152.44,11
2015-09-28,58458138.04,29157338.46,29300799.58,-48.69,0.0,178188449.77,0.0,1479152.44,11
2015-09-29,58436339.81,29157346.56,29278993.25,16.24,0.0,178166635.3,0.0,1479152.44,11
2015-09-30,58401149.07,29201221.49,29199927.58,16.23,2310.91,182900766.04,29093969.88,1790837.69,14
2015-10-01,58425854.65,29204744.63,29221110.03,-16.22,0.0,182921956.6,29097500.0,1790837.69,14
2015-10-02,58614196.58,29338915.9,29275280.68,-32.46,0.0,182976143.72,29231687.5,1790837.69,14
2015-10-05,58460626.3,29222384.65,29238241.65,0.0,0.0,182939104.22,29115155.12,1790837.69,14
2015-10-06,58469176.84,29268299.02,29200877.82,16.24,0.0,182901732.5,29161062.5,1790837.69,14
2015-10-07,58367921.01,29218861.52,29149059.49,0.0,0.0,182849913.94,29111625.0,1790837.69,14
2015-10-08,58242279.22,29141174.02,29101105.2,0.0,0.0,182801960.12,29033937.5,1790837.69,14
2015-10-09,58161605.78,29144697.17,29016908.61,-16.18,0.0,182717771.38,29037469.88,1790837.69,14
2015-10-12,58264421.65,29208283.96,29056137.69,48.47,0.0,182756976.05,29101030.12,1790837.69,14
2015-10-13,58368091.38,29229479.57,29138611.8,16.18,0.0,182839442.32,29122219.88,1790837.69,14
2015-10-14,58590438.41,29384862.69,29205575.72,16.21,0.0,182906397.91,29277594.88,1790837.69,14
2015-10-15,58466735.97,29289518.94,29177217.03,0.0,0.0,182878039.69,29182250.0,1790837.69,14
2015-10-16,58460876.95,29268339.58,29192537.37,16.24,0.0,182893351.92,29161062.5,1790837.69,14
2015-10-19,58463103.35,29254238.97,29208864.38,48.72,0.0,182909654.6,29146937.5,1790837.69,14
2015-10-20,58308035.92,29162442.72,29145593.19,32.48,0.0,182846366.72,29055125.0,1790837.69,14
2015-10-21,58414349.29,29233083.92,29181265.36,32.39,0.0,182882022.94,29125750.0,1790837.69,14
2015-10-22,58551291.71,29247217.04,29304074.67,16.23,0.0,183004824.13,29139875.0,1790837.69,14
2015-10-23,58412372.85,29130685.79,29281687.06,0.0,0.0,182982436.29,29023344.88,1790837.69,14
2015-10-26,58503781.77,29169553.82,29334227.95,48.68,0.0,183034953.25,29062187.5,1790837.69,14
2015-10-27,58667068.03,29243726.28,29423341.76,32.5,0.0,183124050.52,29136344.88,1790837.69,14
2015-10-28,58503735.37,29081313.15,29422422.23,48.89,0.0,183123106.71,28973905.12,1790837.69,14
2015-10-29,58228407.5,28947157.96,29281249.54,65.0,0.0,182981901.1,28839718.75,1790837.69,14
2015-10-30,58252888.87,29126786.9,29126101.98,113.22,2961.92,179764167.78,29032500.0,7278062.96,17
2015-11-02,58538191.87,29431481.08,29106710.8,388.35,0.0,179744582.42,29337000.0,7278062.96,17
2015-11-03,58666140.69,29536546.48,29129594.21,130.08,0.0,179767401.16,29442000.0,7278062.96,17
2015-11-04,58454168.74,29421095.71,29033073.03,97.78,0.0,179670831.43,29326500.0,7278062.96,17
2015-11-05,58424250.08,29410636.57,29013613.51,81.19,0.0,179651331.58,29316000.0,7278062.96,17
2015-11-06,58320726.42,29407177.42,28913549.0,81.14,0.0,179551226.78,29312500.0,7278062.96,17
2015-11-09,57971820.9,29116873.46,28854947.43,388.8,0.0,179492432.45,29022000.0,7278062.96,17
2015-11-10,58127301.18,29186986.7,28940314.48,225.45,0.0,179577687.29,29092000.0,7278062.96,17
2015-11-11,58075713.86,29061092.09,29014621.77,209.9,0.0,179651890.07,28966000.0,7278062.96,17
2015-11-12,57630505.78,28662197.04,28968308.74,209.72,0.0,179605472.26,28567000.0,7278062.96,17
2015-11-13,57346706.57,28354308.5,28992398.07,224.12,0.0,179629448.94,28259000.0,7278062.96,17
2015-11-16,57797163.52,28767615.67,29029547.85,621.26,130.5,179671345.14,28672000.0,7278062.96,17
2015-11-17,57839969.02,28781735.54,29058233.48,240.82,0.0,179699909.81,28686000.0,7278062.96,17
2015-11-18,58250620.1,29212347.47,29038272.64,224.93,0.0,179679835.96,29116500.0,7278062.96,17
2015-11-19,58313683.95,29205444.84,29108239.1,194.17,0.0,179749705.63,29109500.0,7278062.96,17
2015-11-20,58449481.53,29338534.08,29110947.45,178.18,41.7,179752019.31,29242500.0,7278062.96,17
2015-11-23,58343992.73,29275803.02,29068189.71,535.79,135.0,179750979.72,29179500.0,7278062.96,17
2015-11-24,58339439.62,29282916.87,29056522.75,226.89,0.0,179739199.72,29186500.0,7278062.96,17
2015-11-25,58457172.41,29328547.01,29128625.4,259.29,0.0,179811173.22,29232000.0,7278062.96,17
2015-11-26,58503364.18,29328701.8,29174662.38,308.52,0.0,179857056.47,29232000.0,7278062.96,17
2015-11-27,58525485.43,29356856.59,29168628.84,308.77,0.0,179850868.95,29260000.0,7278062.96,17
2015-11-30,58340578.64,29170706.98,29169871.66,829.11,1069.32,139956252.65,29116500.0,6101994.69,13
2015-12-01,58652419.08,29454385.24,29198033.84,356.53,0.0,139984236.57,29400000.0,6101994.69,13
2015-12-02,58388448.44,29195557.06,29192891.37,342.14,0.0,139978923.79,29141000.0,6101994.69,13
2015-12-03,57602978.17,28772227.37,28830750.81,340.6,0.0,139616612.93,28717500.0,6101994.69,13
2015-12-04,58078845.52,29293895.21,28784950.31,336.02,0.0,139570644.25,29239000.0,6101994.69,13
2015-12-07,58093076.91,29189432.26,28903644.64,1064.78,0.0,139688810.86,29134000.0,6101994.69,13
2015-12-08,57672227.2,28878167.4,28794059.81,467.97,1633.44,139720606.18,28822500.0,6101994.69,13
2015-12-09,57403360.62,28643883.98,28759476.64,432.54,0.0,139685807.05,28588000.0,6101994.69,13
2015-12-10,57494101.67,28745590.86,28748510.81,414.58,2641.84,139690029.39,28689500.0,6101994.69,13
2015-12-11,56926613.63,28192782.49,28733831.14,383.29,0.0,139675158.06,28136500.0,6101994.69,13
2015-12-14,56983847.7,28315799.36,28668048.33,1043.65,1148.0,139641652.93,28259000.0,6101994.69,13
2015-12-15,57362880.42,28694003.86,28668876.56,411.55,0.0,139642274.1,28637000.0,6101994.69,13
2015-12-16,57712255.48,29065203.13,28647052.35,398.35,0.0,139620250.81,29008000.0,6101994.69,13
2015-12-17,57294660.08,28518161.12,28776498.96,432.84,1260.0,139749482.56,28346500.0,6101994.69,13
2015-12-18,56821314.14,28059843.32,28761470.82,366.05,193.3,139731487.56,27888000.0,6101994.69,13
2015-12-21,57093419.37,28382287.6,28711131.77,899.67,0.0,139680693.12,28210000.0,6101994.69,13
2015-12-22,57316913.3,28676476.81,28640436.49,380.62,0.0,139609806.43,28504000.0,6101994.69,13
2015-12-23,57624995.29,28914644.09,28710351.2,334.35,0.0,139679554.07,28742000.0,6101994.69,13
2015-12-24,57576255.38,28890304.73,28685950.65,320.14,0.0,139654994.02,28717500.0,6101994.69,13
2015-12-25,57571825.36,28890465.23,28681360.13,319.87,0.0,139650244.14,28717500.0,6101994.69,13
2015-12-28,57549084.15,28855946.74,28693137.41,959.53,0.0,139661543.39,28682500.0,6101994.69,13
2015-12-29,57893532.02,29192131.1,28701400.92,367.67,0.0,139669623.58,29018500.0,6101994.69,13
2015-12-30,57658990.77,28936817.6,28722173.17,369.88,0.0,139690212.46,28763000.0,6101994.69,13
2015-12-31,57391475.7,28696190.55,28695285.14,336.34,2165.41,137056609.18,0.0,1162429.38,10
2016-01-04,57374735.56,28696700.71,28678034.86,1020.29,0.0,137038848.75,0.0,1162429.38,10
2016-01-05,57365387.93,28696876.08,28668511.86,350.62,0.0,137029150.5,0.0,1162429.38,10
2016-01-06,57355164.49,28697035.5,28658128.98,318.7,0.0,137018608.35,0.0,1162429.38,10
2016-01-07,57341113.42,28697202.9,28643910.52,334.57,0.0,137004222.72,0.0,1162429.38,10
2016-01-08,57394000.96,28697362.33,28696638.62,318.56,0.0,137056791.69,0.0,1162429.38,10
2016-01-11,57292729.65,28697840.62,28594889.03,956.57,0.0,136954563.82,0.0,1162429.38,10
2016-01-12,57271334.32,28698008.03,28573326.29,334.21,0.0,136932834.28,0.0,1162429.38,10
2016-01-13,57318311.37,28698175.43,28620135.94,334.08,0.0,136979477.24,0.0,1162429.38,10
2016-01-14,57310471.23,28698350.81,28612120.42,350.28,0.0,136971286.83,0.0,1162429.38,10
2016-01-15,57416975.53,28698550.1,28718425.43,397.99,0.0,137077393.14,0.0,1162429.38,10
2016-01-18,57415316.31,28699100.16,28716216.15,1100.49,0.0,137074633.43,0.0,1162429.38,10
2016-01-19,57422900.93,28699283.51,28723617.41,366.82,0.0,137081851.23,0.0,1162429.38,10
2016-01-20,57388434.26,28699490.79,28688943.47,414.72,0.0,137046969.84,0.0,1162429.38,10
2016-01-21,57477325.23,28699698.06,28777627.17,414.47,0.0,137135446.34,0.0,1162429.38,10
2016-01-22,57489515.35,28699921.28,28789594.07,447.05,0.0,137147189.41,0.0,1162429.38,10
2016-01-25,57453625.16,28700638.78,28752986.38,1437.24,0.0,137109861.98,0.0,1162429.38,10
2016-01-26,57475388.92,28700885.92,28774503.0,494.74,0.0,137131131.01,0.0,1162429.38,10
2016-01-27,57397671.78,28701133.07,28696538.71,494.93,0.0,137052918.93,0.0,1162429.38,10
2016-01-28,57399927.92,28701388.19,28698539.73,510.2,0.0,137054664.88,0.0,1162429.38,10
2016-01-29,57449486.21,28724910.54,28724575.67,542.11,1329.37,213744014.0,28636764.52,1723193.39,17
2016-02-01,57245211.45,28635895.29,28609316.16,1531.99,0.0,213627987.66,28546985.48,1723193.39,17
2016-02-02,57631689.78,28839908.06,28791781.71,556.55,0.0,213810175.06,28750718.75,1723193.39,17
2016-02-03,57705763.18,28822914.82,28882848.36,544.3,0.0,213900970.64,28733452.02,1723193.39,17
2016-02-04,57716845.51,28878429.03,28838416.48,528.97,0.0,213856274.0,28788702.02,1723193.39,17
2016-02-05,57784986.63,28899380.41,28885606.22,464.94,0.0,213903231.43,28809422.98,1723193.39,17
2016-02-08,58164580.14,29107266.31,29057313.83,1396.47,0.0,214074240.12,29016610.48,1723193.39,17
2016-02-09,58242023.24,29110978.17,29131045.08,517.02,0.0,214147713.93,29020062.5,1723193.39,17
2016-02-10,58329036.62,29152658.26,29176378.36,485.35,0.0,214192803.61,29061500.0,1723193.39,17
2016-02-11,58617787.94,29270315.54,29347472.4,502.28,0.0,214363646.4,29178906.25,1723193.39,17
2016-02-12,58195985.68,29056449.45,29139536.23,455.92,0.0,214155482.82,28964812.5,1723193.39,17
2016-02-15,58179748.59,29057151.65,29122596.94,1406.4,0.0,214137839.33,28964812.5,1723193.39,17
2016-02-16,58093858.46,29022854.47,29071003.98,468.67,0.0,214086010.92,28930281.25,1723193.39,17
2016-02-17,57953052.95,28919502.58,29033550.37,484.12,0.0,214048315.05,28826687.5,1723193.39,17
2016-02-18,58132197.7,29026790.45,29105407.25,482.94,0.0,214119930.83,28933735.48,1723193.39,17
2016-02-19,58175546.97,29023579.21,29151967.75,484.43,0.0,214166248.79,28930281.25,1723193.39,17
2016-02-22,58134345.28,28996679.8,29137665.48,1454.39,0.0,214151217.72,28902656.25,1723193.39,17
2016-02-23,58241404.49,29031476.86,29209927.63,532.9,0.0,214223211.93,28937187.5,1723193.39,17
2016-02-24,58307847.54,29045547.41,29262300.12,517.7,0.0,214275324.78,28951000.0,1723193.39,17
2016-02-25,58451638.3,29145954.29,29305684.01,534.49,98.6,214284151.62,29051139.52,1723193.39,17
2016-02-26,58201231.06,28990822.74,29210408.32,519.57,56.0,214170745.62,28895750.0,1723193.39,17
2016-02-29,58331826.38,29166147.39,29165678.99,1552.03,2529.4,204023542.96,29104983.26,2159350.64,19
2016-03-01,57988249.15,28960836.62,29027412.53,534.71,0.0,203885009.15,28899406.25,2159350.64,19
2016-03-02,57844671.54,28905352.09,28939319.45,531.56,0.0,203796649.98,28843656.25,2159350.64,19
2016-03-03,57932366.62,28943961.24,28988405.38,562.38,0.0,203845454.56,28881983.26,2159350.64,19
2016-03-04,57744304.66,28850100.2,28894204.47,434.49,0.0,203751036.23,28787906.25,2159350.64,19
2016-03-07,57691662.56,28812445.24,28879217.32,1347.37,0.0,203735374.89,28749579.24,2159350.64,19
2016-03-08,57948197.32,28941623.23,29006574.09,512.81,1767.9,203719874.1,28878500.0,2159350.64,19
2016-03-09,57738461.54,28844293.87,28894167.67,466.8,0.0,203607234.02,28780937.5,2159350.64,19
2016-03-10,57467596.9,28750456.11,28717140.79,481.15,0.0,203429966.36,28686858.26,2159350.64,19
2016-03-11,57339558.45,28684500.56,28655057.89,494.86,0.0,203367636.17,28620656.25,2159350.64,19
2016-03-14,57368515.71,28702687.36,28665828.35,1529.05,1347.7,203395436.25,28638079.24,2159350.64,19
2016-03-15,57354453.98,28699474.06,28654979.92,541.81,534.24,203397904.67,28634593.75,2159350.64,19
2016-03-16,57514791.62,28797307.61,28717484.01,541.68,0.0,203460138.13,28732156.25,2159350.64,19
2016-03-17,57777214.16,28856789.96,28920424.19,495.27,0.0,203662831.02,28791391.74,2159350.64,19
2016-03-18,57867418.25,28923225.55,28944192.71,465.43,0.0,203686366.57,28857593.75,2159350.64,19
2016-03-21,57720619.39,28836815.15,28883804.24,1398.46,0.0,203625278.62,28770483.26,2159350.64,19
2016-03-22,57689145.12,28788282.22,28900862.91,497.04,0.0,203642088.56,28721704.24,2159350.64,19
2016-03-23,57808207.29,28906990.87,28901216.42,480.74,0.0,203642201.23,28840170.76,2159350.64,19
2016-03-24,57740515.11,28882841.14,28857673.97,481.74,0.0,203598417.94,28815781.25,2159350.64,19
2016-03-25,57740980.24,28883073.8,28857906.44,465.13,0.0,203598417.94,28815781.25,2159350.64,19
2016-03-28,57806989.22,28925584.31,28881404.91,1395.41,0.0,203621219.01,28857593.75,2159350.64,19
2016-03-29,58048630.44,29058223.57,28990406.86,465.67,0.0,203729988.31,28990000.0,2159350.64,19
2016-03-30,58010717.54,29061893.6,28948823.95,370.87,0.0,203688220.18,28993483.26,2159350.64,19
2016-03-31,58105875.8,29052987.4,29052888.39,322.28,1484.81,228742063.5,57975442.64,8396720.2,26
2016-04-01,58177558.29,29223369.38,28954188.91,338.95,0.0,228643194.54,58145657.36,8396720.2,26
2016-04-04,58090184.42,29155960.74,28934223.68,1115.07,0.0,228622674.36,58077687.5,8396720.2,26
2016-04-05,57970443.99,28970615.77,28999828.22,371.13,0.0,228688094.9,57892155.14,8396720.2,26
2016-04-06,58283299.85,29243807.11,29039492.74,370.37,0.0,228727573.29,58165162.5,8396720.2,26
2016-04-07,58121161.06,29011581.44,29109579.61,372.37,0.0,228797475.49,57932750.0,8396720.2,26
2016-04-08,58213911.0,29044566.8,29169344.2,371.33,0.0,228857053.24,57965550.0,8396720.2,26
2016-04-11,58210132.3,28956685.98,29253446.32,1115.77,0.0,228940596.28,57877112.5,8396720.2,26
2016-04-12,58366398.99,29150027.23,29216371.76,371.9,0.0,228903335.68,58070269.86,8396720.2,26
2016-04-13,58588570.7,29454086.62,29134484.07,356.68,0.0,228821268.59,58374150.0,8396720.2,26
2016-04-14,58496736.32,29405849.8,29090886.51,374.32,0.0,228777484.9,58325725.0,8396720.2,26
2016-04-15,58639544.98,29443773.25,29195771.72,357.48,0.0,228882193.18,58363467.64,8396720.2,26
2016-04-18,58799176.77,29579356.81,29219819.96,1075.06,0.0,228905706.17,58498512.5,8396720.2,26
2016-04-19,58968918.33,29647368.82,29321549.51,359.33,0.0,229007256.3,58566344.86,8396720.2,26
2016-04-20,58828228.12,29572398.01,29255830.1,343.99,0.0,228941366.7,58491200.0,8396720.2,26
2016-04-21,58400115.24,29325580.7,29074534.54,375.85,58.5,228767498.12,58244194.86,8396720.2,26
2016-04-22,58286361.02,29340536.81,28945824.22,373.11,0.0,228638602.9,58258962.5,8396720.2,26
2016-04-25,58234099.74,29281374.17,28952725.58,1117.16,0.0,228644949.47,58199237.5,8396720.2,26
2016-04-26,58272118.27,29310771.26,28961347.01,404.4,0.0,228653368.98,58228432.36,8396720.2,26
2016-04-27,58495031.45,29478085.41,29016946.04,388.48,0.0,228708775.79,58395550.0,8396720.2,26
2016-04-28,58467711.61,29258200.68,29209510.93,389.97,0.0,228901146.37,58175467.64,8396720.2,26
2016-04-29,58400625.32,29200592.14,29200033.18,357.3,961.66,237005488.59,58268850.0,9088708.4,36
2016-05-02,58542193.42,29336414.98,29205778.43,1070.68,0.0,237010699.37,58404136.38,9088708.4,36
2016-05-03,58368691.99,29225506.76,29143185.22,357.76,0.0,236947926.82,58293051.12,9088708.4,36
2016-05-04,58189430.9,29115677.24,29073753.65,340.48,0.0,236878326.11,58183050.0,9088708.4,36
2016-05-05,58160585.66,29139880.91,29020704.75,307.11,0.0,236825122.9,58207101.12,9088708.4,36
2016-05-06,58323678.69,29218355.3,29105323.4,323.11,0.0,236909580.32,58285412.5,9088708.4,36
2016-05-09,58212658.87,29299542.92,28913115.95,923.46,0.0,236716912.04,58366138.62,9088708.4,36
2016-05-10,58743275.05,29625225.75,29118049.3,388.08,0.0,236921652.63,58691625.0,9088708.4,36
2016-05-11,58673217.08,29377498.25,29295718.82,391.62,0.0,237099128.9,58443700.0,9088708.4,36
2016-05-12,58500620.35,29318322.92,29182297.43,423.75,0.0,236985495.92,58384312.5,9088708.4,36
2016-05-13,58297605.59,29186755.31,29110850.28,438.75,119.0,236919455.64,58252525.0,9088708.4,36
2016-05-16,58460327.67,29358323.84,29102003.84,1360.28,0.0,236909930.8,58423411.38,9088708.4,36
2016-05-17,58190290.29,29061664.68,29128625.61,454.69,0.0,236936325.36,58126525.0,9088708.4,36
2016-05-18,57691471.4,28802590.71,28888880.69,452.59,0.0,236696354.75,57867225.0,9088708.4,36
2016-05-19,57533440.8,28830418.23,28703022.57,480.76,28.0,236515003.89,57894813.62,9088708.4,36
2016-05-20,57775767.19,28996845.99,28778921.2,479.45,36.0,236594778.46,58060998.88,9088708.4,36
2016-05-23,57714069.05,28940906.74,28773162.31,1540.69,0.0,236588253.0,58004287.5,9088708.4,36
2016-05-24,58004300.89,29320150.61,28684150.29,561.11,0.0,236498961.24,58383250.0,9088708.4,36
2016-05-25,58309866.68,29472773.16,28837093.52,563.93,0.0,236651624.73,58535587.5,9088708.4,36
2016-05-26,58575742.45,29602918.33,28972824.12,534.51,0.0,236787091.0,58665461.38,9088708.4,36
2016-05-27,58661908.63,29688290.02,28973618.61,488.13,56.0,236826361.18,58750588.62,9088708.4,36
2016-05-30,58643083.45,29689056.97,28954026.48,1515.43,0.0,236806020.56,58750588.62,9088708.4,36
2016-05-31,58553949.8,29277287.25,29276662.55,504.98,2505.6,223460808.98,58404937.5,9376352.0,37
2016-06-01,58653436.49,29287773.13,29365663.36,553.01,0.0,223549533.29,58415148.0,9376352.0,37
2016-06-02,58987912.08,29442057.82,29545854.25,488.78,0.0,223729479.46,58569187.5,9376352.0,37
2016-06-03,59498090.09,29604680.57,29893409.52,458.79,0.0,224076804.94,58731581.25,9376352.0,37
2016-06-06,59771368.88,29730777.26,30040591.62,1437.87,0.0,224223264.6,58856962.5,9376352.0,37
2016-06-07,59913658.08,29776486.63,30137171.45,464.89,0.0,224319610.79,58902439.5,9376352.0,37
2016-06-08,60279439.11,29874283.85,30405155.27,466.0,1877.46,224605717.43,59000006.25,9376352.0,37
2016-06-09,60310699.43,29864358.01,30446341.42,401.86,150.0,224652520.88,58989881.25,9376352.0,37
2016-06-10,60052007.15,29711902.9,30340104.25,418.82,35.0,224547107.28,58837218.75,9376352.0,37
2016-06-13,59843736.4,29521130.15,30322606.25,1251.08,1263.4,224539562.42,58645827.0,9376352.0,37
2016-06-14,59794273.04,29465580.81,30328692.23,448.83,224.1,224586955.08,58590056.25,9376352.0,37
2016-06-15,59768596.84,29494235.05,30274361.79,448.46,550.14,224544217.83,58618489.5,9376352.0,37
2016-06-16,59866759.13,29636546.81,30230212.32,431.66,1287.3,224491052.14,58646756.25,9376352.0,37
2016-06-17,59733439.99,29381423.34,30352016.65,449.0,0.0,224612629.75,58391410.5,9376352.0,37
2016-06-20,59809936.9,29503390.06,30306546.84,1294.22,28.0,224571170.31,58512739.5,9376352.0,37
2016-06-21,59631170.66,29545103.91,30086066.76,465.19,36.0,224355210.51,58554225.0,9376352.0,37
2016-06-22,59542262.2,29514106.74,30028155.45,447.23,0.0,224297073.56,58523006.25,9376352.0,37
2016-06-23,59738254.7,29799346.85,29938907.85,446.57,0.0,224207600.74,58808025.0,9376352.0,37
2016-06-24,59195516.18,28934020.18,30261496.0,497.82,148.5,224538997.9,57942450.0,9376352.0,37
2016-06-27,59011826.02,28671228.33,30340597.69,1282.57,0.0,224617443.93,57679031.25,9376352.0,37
2016-06-28,59810950.63,29271237.12,30539713.51,442.59,0.0,224816332.2,58278825.0,9376352.0,37
2016-06-29,60499977.23,29762848.52,30737128.71,431.97,0.0,225013526.82,58770225.0,9376352.0,37
2016-06-30,60764186.49,30382363.85,30381822.64,436.94,1511.91,254279511.41,60629063.64,10009850.94,42
2016-07-01,61153150.08,30490956.0,30662194.08,438.85,189.0,254575512.43,60737436.36,10009850.94,42
2016-07-04,61176725.87,30491642.04,30685083.83,1375.95,0.0,254597712.28,60737436.36,10009850.94,42
2016-07-05,61161248.35,30481370.73,30679877.62,458.83,0.0,254592277.65,60726936.36,10009850.94,42
2016-07-06,61297131.92,30594860.09,30702271.83,475.7,0.0,254614433.24,60840188.64,10009850.94,42
2016-07-07,61072517.27,30569650.91,30502866.36,459.73,0.0,254414795.78,60814750.0,10009850.94,42
2016-07-08,61685169.17,31008085.8,30677083.37,491.97,0.0,254588767.93,61252938.64,10009850.94,42
2016-07-11,61627527.7,31004094.85,30623432.85,1387.92,0.0,254534426.32,61248250.0,10009850.94,42
2016-07-12,61663839.57,31083048.19,30580791.39,530.68,35.0,254498807.01,61326936.36,10009850.94,42
2016-07-13,61869448.83,31158173.58,30711275.25,496.74,0.0,254629044.54,61401811.36,10009850.94,42
2016-07-14,61832289.94,31221816.88,30610473.05,532.76,115.5,254489783.22,61465186.36,10009850.94,42
2016-07-15,61403902.1,31039274.38,30364627.72,532.44,112.5,254226786.8,61282375.0,10009850.94,42
2016-07-18,61553946.78,31180826.23,30373120.55,1586.27,0.0,254234496.07,61423125.0,10009850.94,42
2016-07-19,61468132.54,31209292.03,30258840.52,547.15,28.0,254125573.19,61451313.64,10009850.94,42
2016-07-20,61367210.6,31279435.78,30087774.83,529.31,36.0,253960682.93,61521188.64,10009850.94,42
2016-07-21,61307462.73,31198963.82,30108498.91,545.49,0.0,253981139.57,61440438.64,10009850.94,42
2016-07-22,61274640.89,31312043.83,29962597.05,527.93,0.0,253834977.59,61553250.0,10009850.94,42
2016-07-25,61048083.63,31222503.82,29825579.81,1633.99,0.0,253697162.2,61462875.0,10009850.94,42
2016-07-26,61154496.64,31251531.35,29902965.29,542.65,0.0,253774282.56,61491625.0,10009850.94,42
2016-07-27,61296605.5,31308114.1,29988491.4,526.61,67.5,253854368.68,61547938.64,10009850.94,42
2016-07-28,61377285.18,31373570.06,30003715.12,527.83,0.0,253869333.3,61613125.0,10009850.94,42
2016-07-29,61974850.8,30987669.21,30987181.6,426.23,1101.71,262432357.05,61764438.66,9769356.58,38
2016-08-01,61738188.75,30876928.93,30861259.82,1394.43,0.0,262305738.96,61653001.16,9769356.58,38
2016-08-02,61421222.84,30651740.16,30769482.68,497.34,0.0,262213712.32,61427563.66,9769356.58,38
2016-08-03,61344836.86,30719797.26,30625039.6,494.78,0.0,262069022.27,61495373.84,9769356.58,38
2016-08-04,61698077.8,30839098.69,30858979.11,477.13,0.0,262302722.69,61614436.34,9769356.58,38
2016-08-05,61649074.31,30900196.42,30748877.9,445.6,0.0,262192398.6,61675311.34,9769356.58,38
2016-08-08,61619940.02,30861331.49,30758608.53,1387.1,0.0,262201437.38,61635751.16,9769356.58,38
2016-08-09,61795286.19,30958971.08,30836315.11,530.62,0.0,262278879.1,61733125.0,9769356.58,38
2016-08-10,61993082.14,30982159.13,31010923.01,497.8,0.0,262453238.6,61756063.66,9769356.58,38
2016-08-11,61836888.13,30951150.1,30885738.02,482.17,0.0,262327812.41,61724813.66,9769356.58,38
2016-08-12,61906799.82,31042389.68,30864410.15,480.95,0.0,262306243.41,61815812.5,9769356.58,38
2016-08-15,61943038.64,31059801.5,30883237.14,1444.49,0.0,262324351.14,61832500.0,9769356.58,38
2016-08-16,61785534.45,30870256.46,30915277.99,533.4,0.0,262356125.15,61642687.5,9769356.58,38
2016-08-17,61775708.2,30938614.14,30837094.06,463.39,0.0,262277710.25,61710813.66,9769356.58,38
2016-08-18,62151489.36,31053933.31,31097556.05,514.8,0.0,262537914.37,61825875.0,9769356.58,38
2016-08-19,61778670.35,30931369.8,30847300.55,500.66,0.0,262287409.26,61703061.34,9769356.58,38
2016-08-22,61883457.97,31004680.97,30878777.0,1492.98,0.0,262318140.24,61775625.0,9769356.58,38
2016-08-23,62029714.35,31043868.23,30985846.12,498.51,54.0,262435365.5,61814562.5,9769356.58,38
2016-08-24,61683991.85,30898064.43,30785927.42,516.91,0.0,262235187.69,61668500.0,9769356.58,38
2016-08-25,61537104.28,30840705.5,30696398.78,531.17,0.0,262145393.95,61610875.0,9769356.58,38
2016-08-26,61161019.03,30610238.2,30550780.83,564.09,0.0,261999494.61,61380125.0,9769356.58,38
2016-08-29,61512236.67,30898391.32,30613845.35,1681.93,179.7,262026458.6,61667436.34,9769356.58,38
2016-08-30,61271323.02,30827174.56,30444148.46,563.86,120.26,261829213.05,61595936.34,9769356.58,38
2016-08-31,61136244.49,30568477.51,30567766.98,561.65,2840.33,242629142.7,60986273.04,10129178.86,41
2016-09-01,61070121.21,30544428.8,30525692.41,560.42,185.5,242605523.43,60961939.46,10129178.86,41
2016-09-02,61274754.55,30655698.25,30619056.3,559.81,0.0,242698607.5,61072931.25,10129178.86,41
2016-09-05,61362381.47,30656515.73,30705865.74,1633.99,0.0,242784600.43,61072931.25,10129178.86,41
2016-09-06,61976819.04,30882815.2,31094003.84,545.44,0.0,243172465.59,61298960.54,10129178.86,41
2016-09-07,62052352.19,30883089.71,31169262.48,550.91,0.0,243247447.84,61298960.54,10129178.86,41
2016-09-08,61642290.09,30635766.92,31006523.16,586.05,2102.18,242869361.07,61051343.75,10129178.86,41
2016-09-09,60313534.35,29783084.39,30530449.96,582.18,0.0,242392995.03,60198373.04,10129178.86,41
2016-09-12,60638277.17,30318981.37,30319295.8,1708.88,38.5,242190089.34,60733425.0,10129178.86,41
2016-09-13,59820423.45,29781164.85,30039258.6,623.23,112.0,241907692.68,60195298.04,10129178.86,41
2016-09-14,59879160.25,29767615.79,30111544.46,598.2,0.0,241979678.15,60181450.0,10129178.86,41
2016-09-15,60291804.36,30118002.28,30173802.07,548.89,1910.04,242068811.77,60434476.96,10129178.86,41
2016-09-16,60158076.42,30030048.03,30128028.39,485.68,103.24,242016057.44,60346281.25,10129178.86,41
2016-09-19,60396385.79,30041439.38,30354946.41,1453.82,1503.8,242283456.25,60356948.04,10129178.86,41
2016-09-20,60556122.87,30031792.85,30524330.02,503.3,160.9,242459047.8,60347050.0,10129178.86,41
2016-09-21,61121902.69,30408649.36,30713253.32,504.63,0.0,242647716.73,60723656.25,10129178.86,41
2016-09-22,61697710.03,30639324.65,31058385.38,373.52,0.0,242992661.09,60954148.04,10129178.86,41
2016-09-23,61424473.82,30535513.39,30888960.43,308.49,0.0,242823080.85,60850181.25,10129178.86,41
2016-09-26,61309323.86,30345090.17,30964233.68,921.37,0.0,242897890.77,60659300.0,10129178.86,41
2016-09-27,61574176.69,30578919.65,30995257.03,425.76,0.0,242928699.09,60892918.75,10129178.86,41
2016-09-28,61787038.96,30704821.75,31082217.21,444.7,67.5,243023602.92,61018600.0,10129178.86,41
2016-09-29,61629747.06,30523297.75,31106449.32,463.4,328.88,243048218.49,60836848.04,10129178.86,41
2016-09-30,61620227.11,30810376.2,30809850.92,445.1,1024.78,268360580.72,61470375.0,10524653.66,44
2016-10-03,61371580.68,30667565.02,30704015.65,1437.81,0.0,268254027.5,61326842.58,10524653.66,44
2016-10-04,60935331.85,30440680.2,30494651.65,545.53,0.0,268044388.69,61099687.5,10524653.66,44
2016-10-05,60845510.72,30496271.74,30349238.98,558.57,0.0,267898698.37,61155000.0,10524653.66,44
2016-10-06,60670677.64,30480699.07,30189978.57,540.85,0.0,267739167.24,61139155.08,10524653.66,44
2016-10-07,60519306.43,30364063.76,30155242.67,539.29,0.0,267704162.99,61022250.0,10524653.66,44
2016-10-10,60723250.18,30480842.22,30242407.96,1613.85,0.0,267790524.14,61138219.92,10524653.66,44
2016-10-11,60158237.27,30153925.66,30004311.61,539.76,0.0,267552158.03,60811030.08,10524653.66,44
2016-10-12,59941169.94,30093187.57,29847982.36,584.87,35.0,267397823.96,60750000.0,10524653.66,44
2016-10-13,60053970.02,30106426.01,29947544.01,599.41,0.0,267497085.25,60762937.5,10524653.66,44
2016-10-14,59971705.98,30040574.78,29931131.2,483.77,0.0,267480431.19,60696844.92,10524653.66,44
2016-10-17,60019774.53,30046507.08,29973267.45,1549.27,0.0,267521794.22,60702000.0,10524653.66,44
2016-10-18,60375865.19,30215259.6,30160605.59,566.85,0.0,267708849.28,60870469.92,10524653.66,44
2016-10-19,60535080.58,30293732.47,30241348.11,570.22,31.5,267792310.33,60948655.08,10524653.66,44
2016-10-20,60387204.04,30283424.82,30103779.21,571.72,36.0,267656250.88,60938062.5,10524653.66,44
2016-10-21,60305036.31,30266273.33,30038762.98,570.32,0.0,267590950.33,60920625.0,10524653.66,44
2016-10-24,60428321.54,30362261.91,30066059.63,1658.39,0.0,267617419.97,61015782.42,10524653.66,44
2016-10-25,60405265.68,30273477.73,30131787.95,553.93,0.0,267682874.57,60926719.92,10524653.66,44
2016-10-26,60030134.09,30161919.89,29868214.2,570.49,0.0,267419015.3,60814875.0,10524653.66,44
2016-10-27,59595986.84,29913852.63,29682134.21,550.28,67.5,267278479.02,60566530.08,10524653.66,44
2016-10-28,59666291.38,29924968.6,29741322.78,480.08,604.84,267340595.41,60577407.42,10524653.66,44
2016-10-31,59518638.44,29760168.94,29758469.51,1441.94,2865.93,225912450.07,29680000.0,10033644.84,41
2016-11-01,59220096.14,29532950.01,29687146.13,562.12,147.0,225822092.65,29452500.0,10033644.84,41
2016-11-02,59001075.46,29372237.13,29628838.33,575.75,0.0,225763496.22,29291500.0,10033644.84,41
2016-11-03,58807923.81,29250030.85,29557892.96,590.01,0.0,225692254.56,29169000.0,10033644.84,41
2016-11-04,58711000.57,29201331.48,29509669.09,604.41,0.0,225643726.9,29120000.0,10033644.84,41
2016-11-07,59521535.88,29888231.85,29633304.03,1810.26,0.0,225766451.96,29806000.0,10033644.84,41
2016-11-08,59601548.22,29979572.25,29621975.97,677.88,0.0,225754786.41,29897000.0,10033644.84,41
2016-11-09,59816652.16,30326430.34,29490221.83,711.91,0.0,225622678.45,30243500.0,10033644.84,41
2016-11-10,59809591.46,30424800.99,29384790.46,731.09,35.0,225518421.65,30341500.0,10033644.84,41
2016-11-11,59324851.62,30344698.21,28980153.42,780.85,0.0,225113400.97,30261000.0,10033644.84,41
2016-11-14,59222678.45,30331886.71,28890791.75,2323.56,0.0,225022904.24,30247000.0,10033644.84,41
2016-11-15,59654471.2,30594841.68,29059629.51,888.34,0.0,225191308.64,30509500.0,10033644.84,41
2016-11-16,59554567.83,30504266.61,29050301.22,828.53,0.0,225181576.75,30418500.0,10033644.84,41
2016-11-17,59737336.46,30665656.39,29071680.07,760.98,0.0,225202584.4,30579500.0,10033644.84,41
2016-11-18,59603249.79,30617022.67,28986227.12,713.53,75.98,225120881.06,30530500.0,10033644.84,41
2016-11-21,60004000.27,30789619.78,29214380.48,2135.78,90.0,225371646.99,30702000.0,10033644.84,41
2016-11-22,60305720.04,30891513.21,29414206.83,766.72,0.0,225571100.05,30803500.0,10033644.84,41
2016-11-23,60231943.84,30898925.09,29333018.75,804.08,121.5,225469661.28,30810500.0,10033644.84,41
2016-11-24,60226661.19,30899354.25,29327306.94,836.55,0.0,225463542.06,30810500.0,10033644.84,41
2016-11-25,60364976.52,31046783.4,29318193.12,836.48,0.0,225454020.92,30957500.0,10033644.84,41
2016-11-28,60455973.37,30901025.27,29554948.09,2414.6,182.0,225662399.38,30810500.0,10033644.84,41
2016-11-29,60315463.47,30943437.29,29372026.18,806.08,461.78,225470676.2,30852500.0,10033644.84,41
2016-11-30,60307717.25,30154356.54,30153360.71,804.21,2014.93,155520903.67,30122875.0,8663575.6,31
2016-12-01,60276754.63,30062283.6,30214471.03,804.1,0.0,155581611.94,30030400.0,8663575.6,31
2016-12-02,60237630.34,30062676.08,30174954.26,786.95,0.0,155541700.71,30030400.0,8663575.6,31
2016-12-05,60469769.56,30231703.59,30238065.97,2409.51,0.0,155603605.41,30198225.0,8663575.6,31
2016-12-06,60583414.57,30310890.07,30272524.49,823.06,0.0,155637652.36,30277000.0,8663575.6,31
2016-12-07,60959604.05,30677777.64,30281826.41,824.61,0.0,155646542.24,30643475.0,8663575.6,31
2016-12-08,61257547.43,30828912.24,30428635.19,863.59,3853.3,155735184.84,30794175.0,8663575.6,31
2016-12-09,61497763.92,30997165.42,30500598.5,850.8,0.0,155806725.53,30962000.0,8663575.6,31
2016-12-12,61448313.3,30943734.46,30504578.84,2716.15,35.0,155813893.76,30907200.0,8663575.6,31
2016-12-13,61726660.44,31180497.83,30546162.61,870.52,0.0,155855045.39,31143525.0,8663575.6,31
2016-12-14,61443235.09,30958340.54,30484894.56,925.9,0.0,155793319.14,30920900.0,8663575.6,31
2016-12-15,61486628.94,31046621.91,30440007.03,921.65,1274.34,155736307.93,30941450.0,8663575.6,31
2016-12-16,61479101.59,31002528.12,30476573.48,853.98,278.5,155756914.01,30896925.0,8663575.6,31
2016-12-19,61501820.55,31068894.89,30432925.66,2561.63,1328.1,155703258.09,30962000.0,8663575.6,31
2016-12-20,61552562.91,31158393.66,30394169.25,888.36,36.0,155671618.1,31051050.0,8663575.6,31
2016-12-21,61462548.94,31076643.73,30385905.21,889.09,0.0,155662915.03,30968850.0,8663575.6,31
2016-12-22,61345876.05,31053108.98,30292767.07,870.72,0.0,155569346.42,30944875.0,8663575.6,31
2016-12-23,61337181.8,31070665.27,30266516.53,852.03,0.0,155542675.14,30962000.0,8663575.6,31
2016-12-26,61343577.88,31071985.78,30271592.11,2606.83,0.0,155546464.4,30962000.0,8663575.6,31
2016-12-27,61570971.08,31086125.96,30484845.12,869.03,0.0,155759288.56,30975700.0,8663575.6,31
2016-12-28,61387426.21,30870791.35,30516634.86,872.26,54.0,155791300.43,30759925.0,8663575.6,31
2016-12-29,61381630.99,30867812.26,30513818.73,886.71,598.36,155792759.25,30756500.0,8663575.6,31
2016-12-30,61256939.84,30628655.84,30628284.0,784.32,840.84,167999330.73,30524812.5,8725226.65,31
2017-01-02,61293985.89,30629932.03,30664053.85,2552.37,0.0,168033824.4,30524812.5,8725226.65,31
2017-01-03,61519095.6,30852169.95,30666925.66,851.31,154.0,168027184.31,30746625.0,8725226.65,31
2017-01-04,61900890.56,31013011.66,30887878.9,905.7,0.0,168247686.08,30907012.5,8725226.65,31
2017-01-05,61871511.96,31013459.63,30858052.33,894.12,0.0,168217413.35,30907012.5,8725226.65,31
2017-01-06,61976458.78,31112861.49,30863597.3,876.51,0.0,168222521.16,31005975.0,8725226.65,31
2017-01-09,61824207.03,31025484.71,30798722.32,2685.65,0.0,168156308.76,30917250.0,8725226.65,31
2017-01-10,61861504.09,31008853.12,30852650.97,858.67,0.0,168209809.65,30900187.5,8725226.65,31
2017-01-11,62078166.2,31101429.91,30976736.28,876.37,0.0,168333457.88,30992325.0,8725226.65,31
2017-01-12,62055172.91,31006320.51,31048852.39,879.44,31.5,168409666.66,30896775.0,8725226.65,31
2017-01-13,62159735.68,31129609.77,31030125.91,879.11,0.0,168390500.31,31019625.0,8725226.65,31
2017-01-16,62180724.93,31130958.72,31049766.21,2693.59,0.0,168408795.98,31019625.0,8725226.65,31
2017-01-17,62015186.57,30998320.89,31016865.68,898.17,0.0,168375446.95,30886537.5,8725226.65,31
2017-01-18,61993762.0,31049973.36,30943788.64,930.23,0.0,168301904.65,30937725.0,8725226.65,31
2017-01-19,61886532.96,30982171.86,30904361.1,895.47,28.0,168268538.15,30869475.0,8725226.65,31
2017-01-20,61959325.13,31044035.78,30915289.35,876.73,80.48,168284831.12,30930900.0,8725226.65,31
2017-01-23,61898054.3,30990703.41,30907350.89,2530.01,0.0,168275630.29,30876300.0,8725226.65,31
2017-01-24,62110730.99,31161767.44,30948963.55,876.89,0.0,168316805.09,31046925.0,8725226.65,31
2017-01-25,62293296.11,31428375.25,30864920.87,862.65,0.0,168232332.56,31313100.0,8725226.65,31
2017-01-26,62344524.07,31428803.02,30915721.04,847.88,450.36,168285355.0,31313100.0,8725226.65,31
2017-01-27,62309261.27,31360989.53,30948271.73,865.9,49.5,168319175.8,31244850.0,8725226.65,31
2017-01-30,61984493.07,31184872.38,30799620.7,2648.14,202.56,168163421.63,31067400.0,8725226.65,31
2017-01-31,61951010.57,30975869.43,30975141.15,878.11,811.28,178278174.13,30933200.0,9461509.62,38
2017-02-01,62153788.1,30976316.85,31177471.25,894.85,0.0,178480056.82,30933200.0,9461509.62,38
2017-02-02,62142649.04,30990347.08,31152301.96,863.25,0.0,178454454.51,30946800.0,9461509.62,38
2017-02-03,62308670.44,31201586.11,31107084.33,880.35,0.0,178408795.55,31157600.0,9461509.62,38
2017-02-06,62259976.35,31141686.18,31118290.17,2596.19,99.0,178407584.26,31096400.0,9461509.62,38
2017-02-07,62246771.25,31169344.65,31077426.6,916.61,0.0,178366262.56,31123600.0,9461509.62,38
2017-02-08,62390025.63,31193603.53,31196422.09,916.41,0.0,178484800.53,31147400.0,9461509.62,38
2017-02-09,62651235.56,31384462.77,31266772.79,918.52,0.0,178554691.94,31337800.0,9461509.62,38
2017-02-10,62959685.5,31500524.82,31459160.68,922.37,35.0,178750404.51,31453400.0,9461509.62,38
2017-02-13,63093722.32,31685542.35,31408179.97,2833.19,0.0,178698008.15,31637000.0,9461509.62,38
2017-02-14,63228331.73,31832200.03,31396131.71,911.35,121.5,178631087.71,31783200.0,9461509.62,38
2017-02-15,63527039.05,32016277.51,31510761.54,948.42,0.0,178745246.6,31966800.0,9461509.62,38
2017-02-16,63355741.9,31948748.86,31406993.04,935.26,0.0,178641014.19,31898800.0,9461509.62,38
2017-02-17,63354953.48,31983210.34,31371743.14,915.14,142.82,178618870.89,31932800.0,9461509.62,38
2017-02-20,63458686.29,31984596.28,31474090.01,2745.38,0.0,178719858.32,31932800.0,9461509.62,38
2017-02-21,63653653.61,32148258.28,31505395.33,916.63,36.0,178753785.02,32096000.0,9461509.62,38
2017-02-22,63682047.47,32162331.57,31519715.89,937.12,112.5,178794504.25,32109600.0,9461509.62,38
2017-02-23,63700317.09,32186596.14,31513720.95,919.85,0.0,178788054.03,32133400.0,9461509.62,38
2017-02-24,63654060.39,32217652.12,31436408.27,902.42,63.0,178728837.9,32164000.0,9461509.62,38
2017-02-27,63575800.12,32263221.37,31312578.75,2705.3,707.78,178609125.16,32208200.0,9461509.62,38
2017-02-28,63561672.12,31781199.48,31780472.64,883.0,1715.74,192038994.14,31778987.5,10048768.17,40
2017-03-01,64090066.88,32195254.87,31894812.01,935.77,164.5,192171830.13,32192575.0,10048768.17,40
2017-03-02,63692360.77,32041134.34,31651226.42,1103.77,0.0,191927695.24,32037900.0,10048768.17,40
2017-03-03,63596884.31,32031634.26,31565250.05,1167.69,0.0,191841138.59,32027812.5,10048768.17,40
2017-03-06,63506546.23,31956165.27,31550380.95,3709.82,0.0,191824428.19,31950475.0,10048768.17,40
2017-03-07,63395592.45,31835763.27,31559829.17,1287.77,0.0,191833236.64,31829425.0,10048768.17,40
2017-03-08,63097409.65,31802801.52,31294608.13,1320.74,2091.6,191263966.09,31795800.0,10048768.17,40
2017-03-09,62882427.87,31833700.08,31048727.8,1261.95,2843.92,191016605.55,31826062.5,10048768.17,40
2017-03-10,62825531.6,31908311.75,30917219.85,1257.65,42.0,190888118.63,31900037.5,10048768.17,40
2017-03-13,62920624.0,31953965.34,30966658.66,3821.89,1484.7,190887435.67,31943750.0,10048768.17,40
2017-03-14,62788229.62,31840332.67,30947896.94,1363.28,0.0,190868003.0,31829425.0,10048768.17,40
2017-03-15,63206551.21,32073026.2,31133525.0,1342.97,0.0,191052969.12,32061437.5,10048768.17,40
2017-03-16,63299070.22,32052282.16,31246788.06,1264.13,1261.38,191161422.29,31997550.0,10048768.17,40
2017-03-17,63267435.26,32002485.71,31264949.55,1265.98,337.18,191137884.11,31947112.5,10048768.17,40
2017-03-20,63209595.4,31937155.86,31272439.54,3796.05,35.0,191148833.2,31879862.5,10048768.17,40
2017-03-21,62655478.24,31561221.22,31094257.02,1316.87,45.0,190976944.17,31503262.5,10048768.17,40
2017-03-22,62586505.3,31565250.01,31021255.3,1322.73,0.0,190903286.01,31506625.0,10048768.17,40
2017-03-23,62533089.0,31532291.39,31000797.61,1321.27,0.0,190882173.44,31473000.0,10048768.17,40
2017-03-24,62591755.32,31596835.81,30994919.51,1302.77,0.0,190875649.48,31536887.5,10048768.17,40
2017-03-27,62384197.09,31514800.77,30869396.32,4016.3,0.0,190748137.45,31452825.0,10048768.17,40
2017-03-28,62753891.53,31690324.84,31063566.69,1334.33,0.0,190941647.56,31627675.0,10048768.17,40
2017-03-29,63049311.89,31764977.66,31284334.23,1342.24,0.0,191161750.69,31701650.0,10048768.17,40
2017-03-30,63172557.47,31866532.08,31306025.39,1348.55,764.0,191182755.02,31802525.0,10048768.17,40
2017-03-31,63113862.73,31557415.61,31556447.12,1351.19,1160.99,169373233.03,31495987.5,9552007.96,33
2017-04-03,63060257.81,31516000.45,31544257.36,3944.62,0.0,169359071.0,31452600.0,9552007.96,33
2017-04-04,63080808.61,31523358.29,31557450.32,1366.31,0.0,169371580.49,31459275.0,9552007.96,33
2017-04-05,63010414.27,31390541.3,31619872.97,1366.75,0.0,169433319.4,31325775.0,9552007.96,33
2017-04-06,63076662.0,31488017.65,31588644.35,1382.73,0.0,169401396.9,31422562.5,9552007.96,33
2017-04-07,63143842.97,31468674.89,31675168.08,1366.66,0.0,169487236.21,31402537.5,9552007.96,33
2017-04-10,63227441.37,31474136.52,31753304.84,4262.21,99.0,169490733.9,31405875.0,9552007.96,33
2017-04-11,63238655.55,31454819.69,31783835.86,1422.62,0.0,169520550.46,31385850.0,9552007.96,33
2017-04-12,63083087.66,31318689.93,31764397.73,1422.87,49.0,169503246.2,31249012.5,9552007.96,33
2017-04-13,62941256.71,31142498.4,31798758.32,1401.85,0.0,169536900.91,31072125.0,9552007.96,33
2017-04-14,62911918.64,31143190.45,31768728.19,1398.69,0.0,169506164.14,31072125.0,9552007.96,33
2017-04-17,63118014.72,31378891.67,31739123.06,4194.13,0.0,169474441.09,31305750.0,9552007.96,33
2017-04-18,62795921.04,31276143.91,31519777.13,1437.69,0.0,169254372.22,31202287.5,9552007.96,33
2017-04-19,62534692.64,31230122.62,31304570.02,1412.91,38.5,169043334.41,31155562.5,9552007.96,33
2017-04-20,62841504.8,31474454.12,31367050.68,1389.66,49.5,169109678.92,31399200.0,9552007.96,33
2017-04-21,62650092.49,31415061.07,31235031.42,1361.57,55.6,168962559.39,31339125.0,9552007.96,33
2017-04-24,62993387.9,31717478.05,31275909.86,4072.26,117.0,169005944.55,31639500.0,9552007.96,33
2017-04-25,63283792.86,31918432.88,31365359.98,1399.85,0.0,169094699.66,31839750.0,9552007.96,33
2017-04-26,63292784.88,31882438.55,31410346.33,1423.89,63.0,169156123.29,31803037.5,9552007.96,33
2017-04-27,63373074.12,31933227.26,31439846.87,1441.67,842.18,169185946.9,31853100.0,9552007.96,33
2017-04-28,63401375.47,31701024.59,31700350.88,1408.29,1294.91,165870143.78,31660650.0,9334574.23,33
2017-05-01,63587627.15,31789561.57,31798065.57,4173.92,0.0,165965771.54,31747100.0,9334574.23,33
2017-05-02,63590381.64,31773660.67,31816720.97,1448.38,0.0,165983702.64,31730475.0,9334574.23,33
2017-05-03,63574737.93,31741125.58,31833612.36,1430.78,0.0,165999878.16,31697225.0,9334574.23,33
2017-05-04,63361484.81,31771791.2,31589693.61,1483.41,0.0,165755216.62,31727150.0,9334574.23,33
2017-05-05,63552640.34,31935457.55,31617182.79,1478.43,0.0,165781968.71,31890075.0,9334574.23,33
2017-05-08,63534845.78,31901224.48,31633621.3,4660.53,0.0,165796088.63,31853500.0,9334574.23,33
2017-05-09,63457178.32,31878747.01,31578431.31,1588.37,0.0,165740107.79,31830225.0,9334574.23,33
2017-05-10,63619439.03,31906143.98,31713295.05,1586.43,0.0,165874182.08,31856825.0,9334574.23,33
2017-05-11,63670554.96,31850407.77,31820147.19,1572.81,49.0,165980299.19,31800300.0,9334574.23,33
2017-05-12,63775665.36,31821252.49,31954412.87,1538.71,0.0,166113795.89,31770375.0,9334574.23,33
2017-05-15,63938789.7,31953208.01,31985581.69,4570.59,0.0,166142674.64,31900050.0,9334574.23,33
2017-05-16,63841558.6,31934047.96,31907510.63,1580.71,0.0,166063812.83,31880100.0,9334574.23,33
2017-05-17,63283003.83,31409487.45,31873516.39,1578.31,0.0,166029029.76,31354750.0,9334574.23,33
2017-05-18,63269295.57,31490063.96,31779231.61,1564.5,0.0,165933957.0,31434550.0,9334574.23,33
2017-05-19,63694110.19,31730259.96,31963850.24,1599.31,97.6,166110124.73,31673950.0,9334574.23,33
2017-05-22,63943677.88,31882264.73,32061413.16,4777.06,54.0,166209424.36,31823575.0,9334574.23,33
2017-05-23,64015486.27,31952904.49,32062581.78,1634.12,0.0,166209773.63,31893400.0,9334574.23,33
2017-05-24,64067480.9,32006912.19,32060568.7,1618.17,0.0,166206950.09,31946600.0,9334574.23,33
2017-05-25,64239498.02,32160680.15,32078817.88,1637.28,63.0,166257167.93,32099550.0,9334574.23,33
2017-05-26,64291924.18,32164827.03,32127097.15,1641.68,63.0,166317430.41,32102875.0,9334574.23,33
2017-05-29,64318697.79,32167293.0,32151404.79,4929.05,527.38,166326966.43,32102875.0,9334574.23,33
2017-05-30,64157870.6,32128215.05,32029655.55,1643.7,333.08,166181218.93,32062975.0,9334574.23,33
2017-05-31,64163605.58,32082134.21,32081471.36,1639.59,908.75,201630102.68,32066300.0,8894334.47,31
2017-06-01,64484565.4,32329039.74,32155525.66,1711.03,0.0,201703301.47,32312350.0,8894334.47,31
2017-06-02,64757903.36,32439626.84,32318276.51,1719.59,0.0,201865194.84,32422075.0,8894334.47,31
2017-06-05,64667879.41,32398997.01,32268882.39,5180.63,94.5,201773199.76,32378850.0,8894334.47,31
2017-06-06,64639074.54,32349976.99,32289097.55,1706.51,0.0,201792563.38,32328975.0,8894334.47,31
2017-06-07,64612288.36,32367464.65,32244823.7,1723.71,0.0,201747428.49,32345600.0,8894334.47,31
2017-06-08,64687241.4,32374995.77,32312245.63,1758.89,4496.54,201795839.6,32352250.0,8894334.47,31
2017-06-09,64705263.65,32349286.08,32355977.57,1778.9,0.0,201838682.95,32325650.0,8894334.47,31
2017-06-12,64462743.59,32325354.9,32137388.7,5338.18,0.0,201617424.71,32299050.0,8894334.47,31
2017-06-13,64673376.87,32479175.89,32194200.99,1736.91,0.0,201673371.08,32452000.0,8894334.47,31
2017-06-14,64581556.14,32443494.06,32138062.07,1778.52,103.5,201611850.32,32415425.0,8894334.47,31
2017-06-15,64315902.52,32399964.26,31915938.26,1775.99,1750.32,201374386.09,32345600.0,8894334.47,31
2017-06-16,64441440.5,32387564.26,32053876.25,1786.55,347.14,201493648.55,32332300.0,8894334.47,31
2017-06-19,64684781.74,32609740.21,32075041.53,5423.82,1601.4,201521774.48,32551750.0,8894334.47,31
2017-06-20,64473164.26,32477655.1,31995509.16,1814.77,0.0,201441342.23,32418750.0,8894334.47,31
2017-06-21,64354341.54,32425357.25,31928984.29,1790.92,0.0,201373928.6,32365550.0,8894334.47,31
2017-06-22,64352212.48,32402955.94,31949256.55,1733.99,0.0,201393340.54,32342275.0,8894334.47,31
2017-06-23,64443152.91,32447027.01,31996125.9,1680.31,0.0,201439375.66,32385500.0,8894334.47,31
2017-06-26,64553771.99,32462895.74,32090876.25,5101.75,112.5,201461330.49,32398800.0,8894334.47,31
2017-06-27,64272126.65,32257629.45,32014497.21,1757.3,0.0,201384077.86,32192650.0,8894334.47,31
2017-06-28,64521871.1,32497916.53,32023954.57,1767.48,0.0,201392654.83,32432050.0,8894334.47,31
2017-06-29,64330610.4,32252769.25,32077841.15,1792.27,787.06,201430413.64,32186000.0,8894334.47,31
2017-06-30,64333813.28,32168049.16,32165764.11,1822.7,2987.05,39741594.07,32078250.0,8278231.06,27
2017-07-03,64490315.55,32223756.64,32266558.91,5414.76,161.0,39835702.58,32131250.0,8278231.06,27
2017-07-04,64461463.75,32224687.55,32236776.2,1863.05,0.0,39804987.73,32131250.0,8278231.06,27
2017-07-05,64502833.63,32265368.48,32237465.15,1862.22,0.0,39804745.39,32171000.0,8278231.06,27
2017-07-06,64170141.15,32007916.63,32162224.52,1845.5,0.0,39728582.41,31912625.0,8278231.06,27
2017-07-07,64304532.5,32194323.52,32110208.97,1818.15,0.0,39675655.6,32098125.0,8278231.06,27
2017-07-10,64482706.63,32223586.87,32259119.76,5519.47,0.0,39821810.27,32124625.0,8278231.06,27
2017-07-11,64551247.06,32224508.82,32326738.24,1844.92,0.0,39888505.77,32124625.0,8278231.06,27
2017-07-12,64892587.55,32430805.8,32461781.75,1846.88,0.0,40022624.38,32330000.0,8278231.06,27
2017-07-13,64993377.18,32504608.68,32488768.5,1856.65,0.0,40048682.36,32402875.0,8278231.06,27
2017-07-14,65299122.79,32644663.68,32654459.11,1859.53,0.0,40213443.44,32542000.0,8278231.06,27
2017-07-17,65343997.33,32680563.47,32663433.86,5550.43,94.5,40113057.05,32575125.0,8278231.06,27
2017-07-18,65329206.54,32671579.15,32657627.38,1905.87,0.0,40106297.89,32565187.5,8278231.06,27
2017-07-19,65633810.87,32854719.58,32779091.3,1905.44,0.0,40226809.3,32747375.0,8278231.06,27
2017-07-20,65679265.8,32852401.84,32826863.96,1987.25,0.0,40273589.48,32744062.5,8278231.06,27
2017-07-21,65599088.65,32830245.54,32768843.1,2061.6,66.72,40214188.03,32720875.0,8278231.06,27
2017-07-24,65443263.58,32820114.42,32623149.17,6231.91,0.0,40065381.05,32707625.0,8278231.06,27
2017-07-25,65532230.32,32894037.84,32638192.48,2090.55,0.0,40079382.23,32780500.0,8278231.06,27
2017-07-26,65702496.36,32885160.26,32817336.1,2111.59,0.0,40257474.18,32770562.5,8278231.06,27
2017-07-27,65684076.18,32869611.72,32814464.46,2025.83,0.0,40253590.67,32754000.0,8278231.06,27
2017-07-28,65542641.47,32847419.43,32695222.03,1988.77,789.02,40112749.2,32730812.5,8278231.06,27
2017-07-31,65517187.42,32759195.21,32757992.22,5789.6,1202.99,147190197.44,32701000.0,10035770.36,37
2017-08-01,65458260.76,32816463.18,32641797.58,1910.92,0.0,147073047.36,32757312.5,10035770.36,37
2017-08-02,65534307.18,32833991.94,32700315.24,1927.38,0.0,147130603.9,32773875.0,10035770.36,37
2017-08-03,65341653.59,32811771.22,32529882.37,1929.62,0.0,146959208.19,32750687.5,10035770.36,37
2017-08-04,65328755.2,32816049.85,32512705.36,1923.95,0.0,146941073.35,32754000.0,10035770.36,37
2017-08-07,65438449.84,32891823.6,32546626.24,5770.71,0.0,146972122.28,32826875.0,10035770.36,37
2017-08-08,65367347.25,32829808.9,32537538.35,1835.91,0.0,146962121.27,32763937.5,10035770.36,37
2017-08-09,65283396.9,32834069.81,32449327.09,1888.39,0.0,146872970.04,32767250.0,10035770.36,37
2017-08-10,64469506.44,32364643.35,32104863.08,1885.96,52.5,146527246.11,32296875.0,10035770.36,37
2017-08-11,64411196.92,32398694.34,32012502.58,1844.54,0.0,146433967.05,32330000.0,10035770.36,37
2017-08-14,64725597.41,32712796.23,32012801.18,5421.28,108.0,146277839.27,32641375.0,10035770.36,37
2017-08-15,64546495.49,32717026.51,31829468.98,1815.91,0.0,146093608.93,32644687.5,10035770.36,37
2017-08-16,64713649.88,32767640.99,31946008.89,1828.82,0.0,146209247.0,32694375.0,10035770.36,37
2017-08-17,64180801.84,32265051.2,31915750.64,1797.6,0.0,146178101.36,32190875.0,10035770.36,37
2017-08-18,64238268.03,32229492.03,32008776.0,1747.14,69.5,146269748.36,32154437.5,10035770.36,37
2017-08-21,64152797.61,32248740.32,31904057.29,5353.19,45.5,146164357.75,32171000.0,10035770.36,37
2017-08-22,64547113.81,32577564.66,31969549.15,1764.2,58.5,146231110.75,32498937.5,10035770.36,37
2017-08-23,64444584.96,32429398.04,32015186.92,1775.05,0.0,146275869.35,32349875.0,10035770.36,37
2017-08-24,64504419.42,32420343.34,32084076.08,1754.32,0.0,146343886.99,32339937.5,10035770.36,37
2017-08-25,64658847.57,32444431.41,32214416.16,1791.79,0.0,146473335.85,32363125.0,10035770.36,37
2017-08-28,64672765.18,32463724.65,32209040.54,5442.12,0.0,146465248.84,32379687.5,10035770.36,37
2017-08-29,64606245.09,32507661.86,32098583.23,1742.57,0.0,146353923.68,32422750.0,10035770.36,37
2017-08-30,64698422.57,32624511.39,32073911.18,1812.56,776.66,146326852.05,32538687.5,10035770.36,37
2017-08-31,65219524.59,32610392.86,32609131.73,1815.15,3754.63,205698932.5,65112000.0,11001367.11,39
2017-09-01,65282623.07,32587389.65,32695233.42,1793.54,0.0,205784137.45,65088100.0,11001367.11,39
2017-09-04,65191027.09,32590105.26,32600921.83,5440.22,0.0,205687101.25,65088100.0,11001367.11,39
2017-09-05,65459581.53,32591610.54,32867970.99,1810.86,0.0,205953245.12,65088700.0,11001367.11,39
2017-09-06,65395298.81,32584424.92,32810873.89,1836.5,0.0,205895225.89,65080600.0,11001367.11,39
2017-09-07,65863551.08,32706575.3,33156975.79,1907.36,5183.32,205985796.01,65201800.0,11001367.11,39
2017-09-08,65791514.88,32650711.07,33140803.81,1884.43,0.0,205968675.09,65145000.0,11001367.11,39
2017-09-11,65906518.63,32855486.38,33051032.25,5592.28,0.0,205876086.55,65347000.0,11001367.11,39
2017-09-12,65823063.77,32876635.54,32946428.23,1903.97,56.0,205764983.73,65367200.0,11001367.11,39
2017-09-13,65641789.03,32836167.04,32805621.99,1864.99,0.0,205623244.0,65325800.0,11001367.11,39
2017-09-14,65604732.34,32817309.4,32787422.94,1859.85,1348.0,205609747.47,65284100.0,11001367.11,39
2017-09-15,65596248.68,32833848.34,32762400.34,1877.02,438.3,205560982.46,65299700.0,11001367.11,39
2017-09-18,65529417.64,32849266.58,32680151.06,5630.34,2018.8,205484672.12,65312300.0,11001367.11,39
2017-09-19,65548991.84,32852615.56,32696376.28,1893.07,163.4,205501446.36,65314700.0,11001367.11,39
2017-09-20,65445080.21,32768155.51,32676924.71,1875.43,0.0,205481059.31,65229300.0,11001367.11,39
2017-09-21,65283940.2,32712983.94,32570956.27,1854.28,57.24,205370090.4,65173200.0,11001367.11,39
2017-09-22,65348621.95,32722110.81,32626511.15,1849.71,0.0,205424722.15,65181400.0,11001367.11,39
2017-09-25,65534353.0,32775864.92,32758488.08,5500.18,0.0,205553953.02,65232400.0,11001367.11,39
2017-09-26,65293301.68,32741011.78,32552289.9,1893.21,0.0,205346808.78,65196600.0,11001367.11,39
2017-09-27,65079749.99,32716766.72,32362983.26,1904.39,0.0,205156552.69,65171400.0,11001367.11,39
2017-09-28,65155192.6,32788620.96,32366571.64,1898.16,837.7,205166025.65,65242300.0,11001367.11,39
2017-09-29,65224160.09,32612638.51,32611521.58,1882.26,2737.43,143872984.54,32582200.0,9484567.22,32
2017-10-02,65220525.95,32748202.44,32472323.51,5652.76,0.0,143730960.14,32714937.5,9484567.22,32
2017-10-03,65346542.45,32833287.11,32513255.34,1811.68,0.0,143770989.96,32799112.5,9484567.22,32
2017-10-04,65391955.76,32879569.75,32512386.01,1905.94,0.0,143769172.33,32844437.5,9484567.22,32
2017-10-05,65599059.25,33058600.37,32540458.88,1925.43,0.0,143796287.89,33022500.0,9484567.22,32
2017-10-06,65458773.96,32994814.58,32463959.38,1913.31,0.0,143718839.29,32957750.0,9484567.22,32
2017-10-09,65415436.64,32981514.13,32433922.51,5727.64,0.0,143685961.83,32941562.5,9484567.22,32
2017-10-10,65685861.44,33043988.59,32641872.86,1907.95,0.0,143892966.18,33003075.0,9484567.22,32
2017-10-11,65848864.73,33103236.55,32745628.18,1934.08,0.0,143995760.38,33061350.0,9484567.22,32
2017-10-12,65920822.0,33058904.65,32861917.36,1975.47,52.5,144104744.69,33016025.0,9484567.22,32
2017-10-13,66167392.01,33101974.73,33065417.28,1959.31,0.0,144307267.89,33058112.5,9484567.22,32
2017-10-16,66239295.68,33150251.32,33089044.35,5899.93,0.0,144327946.63,33103437.5,9484567.22,32
2017-10-17,66190900.97,33160967.54,33029933.43,2005.58,0.0,144267833.84,33113150.0,9484567.22,32
2017-10-18,66224666.63,33200803.16,33023863.47,1967.34,0.0,144260782.16,33152000.0,9484567.22,32
2017-10-19,66110712.92,33208264.96,32902447.96,1968.34,49.0,144141514.1,33158475.0,9484567.22,32
2017-10-20,66200804.27,33384086.21,32816718.06,1983.32,129.72,144057173.02,33333300.0,9484567.22,32
2017-10-23,66080916.38,33251143.59,32829772.79,6013.24,0.0,144067246.9,33197325.0,9484567.22,32
2017-10-24,66131510.79,33300703.63,32830807.16,1982.43,0.0,144067296.38,33245887.5,9484567.22,32
2017-10-25,65940179.04,33188408.65,32751770.39,2020.69,0.0,143987256.44,33132575.0,9484567.22,32
2017-10-26,65973847.33,33228272.74,32745574.59,2014.84,58.5,143988730.9,33171425.0,9484567.22,32
2017-10-27,66334974.06,33449428.82,32885545.24,1997.54,0.0,144127710.08,33391575.0,9484567.22,32
2017-10-30,66278584.62,33319701.77,32958882.85,5970.15,814.64,144202225.42,33258837.5,9484567.22,32
2017-10-31,66360700.94,33181234.1,33179466.83,2025.18,1871.27,211015372.15,33059837.5,9835269.19,34
2017-11-01,66576028.05,33207975.63,33368052.42,2082.99,0.0,211202916.27,33085537.5,9835269.19,34
2017-11-02,66590797.24,33234745.66,33356051.58,2145.23,0.0,211189840.24,33111237.5,9835269.19,34
2017-11-03,66774047.22,33312907.33,33461139.89,2127.21,0.0,211293863.01,33188337.5,9835269.19,34
2017-11-06,67101279.73,33393227.57,33708052.16,6454.82,0.0,211537540.7,33265437.5,9835269.19,34
2017-11-07,67058804.7,33368612.85,33690191.85,2180.79,0.0,211518584.88,33239737.5,9835269.19,34
2017-11-08,67159205.63,33424337.64,33734867.99,2235.29,0.0,211562138.01,33294350.0,9835269.19,34
2017-11-09,67022684.25,33335511.07,33687173.18,2257.3,0.0,211513309.34,33204400.0,9835269.19,34
2017-11-10,66783966.67,33278815.77,33505150.9,2271.32,52.5,211328697.94,33146575.0,9835269.19,34
2017-11-13,66705598.34,33314296.39,33391301.96,6734.05,0.0,211211470.56,33178700.0,9835269.19,34
2017-11-14,66496950.56,33264025.37,33232925.19,2260.58,0.0,211051962.2,33127300.0,9835269.19,34
2017-11-15,66260623.59,33098121.13,33162502.46,2290.45,0.0,210980394.78,32960250.0,9835269.19,34
2017-11-16,66540671.97,33356251.99,33184419.98,2263.9,211.5,210973820.75,33217250.0,9835269.19,34
2017-11-17,66632234.16,33244972.69,33387261.47,2310.44,115.72,211176759.08,33104812.5,9835269.19,34
2017-11-20,66579151.25,33322350.91,33256800.34,6996.38,58.5,211044930.79,33178700.0,9835269.19,34
2017-11-21,67054922.0,33506648.21,33548273.8,2367.26,0.0,211335221.78,33361812.5,9835269.19,34
2017-11-22,67200500.71,33485352.05,33715148.66,2384.18,0.0,211500903.81,33339325.0,9835269.19,34
2017-11-23,67147719.48,33486533.34,33661186.14,2370.68,0.0,211445751.9,33339325.0,9835269.19,34
2017-11-24,67318880.37,33571239.67,33747640.7,2368.82,0.0,211531018.97,33422850.0,9835269.19,34
2017-11-27,67196690.53,33584402.15,33612288.38,7068.48,0.0,211392123.15,33432487.5,9835269.19,34
2017-11-28,67530065.88,33897180.78,33632885.11,2333.22,0.0,211411552.78,33744100.0,9835269.19,34
2017-11-29,67411488.45,33885536.01,33525952.44,2401.07,854.88,211306606.36,33731250.0,9835269.19,34
2017-11-30,67524241.82,33763173.01,33761068.8,2378.13,2811.91,107665889.11,33762000.0,9872325.27,34
2017-12-01,67530344.59,33713345.35,33816999.24,2344.59,0.0,107720647.29,33711000.0,9872325.27,34
2017-12-04,67397916.68,33643544.65,33754372.03,7034.41,112.5,107702109.97,33637687.5,9872325.27,34
2017-12-05,67151598.0,33517240.87,33634357.14,2396.37,0.0,107580894.92,33510187.5,9872325.27,34
2017-12-06,66827715.7,33531182.59,33296533.11,2387.61,0.0,107241875.01,33522937.5,9872325.27,34
2017-12-07,66990023.16,33663062.31,33326960.85,2376.1,3042.62,107272727.38,33653625.0,9872325.27,34
2017-12-08,67312207.44,33810874.87,33501332.57,2363.26,0.0,107445923.4,33800250.0,9872325.27,34
2017-12-11,67537368.16,33948300.01,33589068.15,7067.78,0.0,107530141.34,33934125.0,9872325.27,34
2017-12-12,67480468.83,33994160.35,33486308.48,2457.61,59.5,107427068.9,33978750.0,9872325.27,34
2017-12-13,67571404.13,34014531.81,33556872.33,2474.28,0.0,107496404.91,33997875.0,9872325.27,34
2017-12-14,67397805.92,33848843.71,33548962.21,2402.54,1307.5,107473061.66,33864000.0,9872325.27,34
2017-12-15,67641540.25,34181566.03,33459974.22,2433.81,1146.7,107354537.35,34195500.0,9872325.27,34
2017-12-18,67976344.57,34344615.55,33631729.02,7271.47,568.5,107528666.21,34354875.0,9872325.27,34
2017-12-19,67806826.28,34212038.01,33594788.27,2568.0,248.1,107498113.02,34221000.0,9872325.27,34
2017-12-20,67761555.73,34181445.96,33580109.77,2542.76,0.0,107482174.71,34189125.0,9872325.27,34
2017-12-21,67913308.03,34262424.76,33650883.26,2559.88,57.24,107538386.85,34268812.5,9872325.27,34
2017-12-22,67827119.21,34241378.07,33585741.14,2509.02,0.0,107472001.52,34246500.0,9872325.27,34
2017-12-25,67845271.76,34245116.09,33600155.68,7404.46,0.0,107482749.61,34246500.0,9872325.27,34
2017-12-26,68151610.71,34259112.23,33892498.48,2468.81,0.0,107773869.74,34259250.0,9872325.27,34
2017-12-27,68213890.92,34241367.11,33972523.81,2745.0,0.0,107852529.96,34240125.0,9872325.27,34
2017-12-28,68317130.9,34245905.24,34071225.66,2690.66,897.08,107964605.32,34243312.5,9872325.27,34
2017-12-29,68327342.74,34164178.45,34163164.29,2599.85,1720.16,80635726.52,34119000.0,9583558.0,33
2018-01-02,68605046.03,34386129.0,34218917.03,10400.94,0.0,80686278.87,34335750.0,9583558.0,33
2018-01-03,69003179.98,34616985.34,34386194.64,2706.09,0.0,80852206.73,34565250.0,9583558.0,33
2018-01-04,69395620.99,34780884.44,34614736.55,2664.29,0.0,81079420.95,34727812.5,9583558.0,33
2018-01-05,69644534.01,35021289.87,34623244.14,2679.44,0.0,81086592.03,34966875.0,9583558.0,33
2018-01-08,69721430.75,35079475.63,34641955.11,7951.08,0.0,81101350.18,35021062.5,9583558.0,33
2018-01-09,69813294.55,35150994.07,34662300.48,2769.49,0.0,81120319.5,35091187.5,9583558.0,33
2018-01-10,69752751.32,35130068.08,34622683.24,2753.75,0.0,81079335.02,35068875.0,9583558.0,33
2018-01-11,70060724.72,35373684.25,34687040.47,2712.61,56.0,81144001.81,35311125.0,9583558.0,33
2018-01-12,70569410.6,35620507.22,34948903.38,2744.05,0.0,81404506.15,35556562.5,9583558.0,33
2018-01-15,70623378.57,35624692.63,34998685.95,8291.91,0.0,81450182.21,35556562.5,9583558.0,33
2018-01-16,70713105.62,35546400.43,35166705.19,2766.08,0.0,81616830.68,35476875.0,9583558.0,33
2018-01-17,71014791.64,35818749.91,35196041.73,2808.88,0.0,81644770.32,35747812.5,9583558.0,33
2018-01-18,70916565.97,35724537.76,35192028.21,2801.14,0.0,81639368.51,35652187.5,9583558.0,33
2018-01-19,71109309.32,35914019.32,35195290.0,2816.96,124.78,81639704.41,35840250.0,9583558.0,33
2018-01-22,71519319.79,36227456.64,35291863.14,8414.6,63.0,81731335.77,36149437.5,9583558.0,33
2018-01-23,71844165.47,36283083.18,35561082.29,2840.91,0.0,81999153.05,36203625.0,9583558.0,33
2018-01-24,72131653.71,36303639.35,35828014.36,2833.85,0.0,82264682.43,36222750.0,9583558.0,33
2018-01-25,71948389.9,36308248.74,35640141.17,2825.16,67.5,82062348.47,36225937.5,9583558.0,33
2018-01-26,72548166.42,36733598.23,35814568.2,2797.99,0.0,82235389.5,36649875.0,9583558.0,33
2018-01-29,72083177.3,36470103.2,35613074.1,8403.5,0.0,82029746.88,36382125.0,9583558.0,33
2018-01-30,71396659.14,36101801.87,35294857.26,2863.3,916.22,81718310.72,36012375.0,9583558.0,33
2018-01-31,71441820.37,35721436.17,35720384.2,2816.2,1389.37,63013011.94,35604450.0,10910833.68,38
2018-02-01,71571537.47,35681915.03,35889622.45,2857.67,0.0,63180821.37,35563500.0,10910833.68,38
2018-02-02,70272581.7,34854912.13,35417669.57,2902.62,0.0,62707412.97,34735050.0,10910833.68,38
2018-02-05,67900356.81,32981752.81,34918604.0,8549.83,112.5,62196900.75,32857650.0,10910833.68,38
2018-02-06,68372420.64,34073017.89,34299402.75,2810.32,0.0,61576254.26,33947550.0,10910833.68,38
2018-02-07,67668772.13,33746837.6,33921934.54,2848.85,0.0,61197356.9,33619950.0,10910833.68,38
2018-02-08,66563461.87,32806421.84,33757040.04,2875.92,0.0,61031020.72,32678100.0,10910833.68,38
2018-02-09,66233410.24,33129116.11,33104294.13,2828.95,0.0,60376840.15,32999400.0,10910833.68,38
2018-02-12,67119936.32,33590090.07,33529846.25,8444.76,59.5,60804180.96,33456150.0,10910833.68,38
2018-02-13,67396601.19,33673492.29,33723108.9,3001.75,0.0,60995944.08,33538050.0,10910833.68,38
2018-02-14,68428910.66,34119110.83,34309799.82,2939.24,324.0,61542168.31,33982200.0,10910833.68,38
2018-02-15,69308325.98,34586789.33,34721536.65,2965.25,0.0,61952418.38,34448400.0,10910833.68,38
2018-02-16,69419502.38,34600888.09,34818614.29,3003.36,124.78,62044662.88,34461000.0,10910833.68,38
2018-02-19,69509827.69,34605472.71,34904354.98,9198.08,0.0,62125790.1,34461000.0,10910833.68,38
2018-02-20,68969273.11,34342401.11,34626871.99,3070.02,63.0,61845008.51,34196400.0,10910833.68,38
2018-02-21,68828736.25,34151815.6,34676920.65,3141.93,0.0,61893479.72,34004250.0,10910833.68,38
2018-02-22,69107775.39,34314002.43,34793772.96,3097.29,130.5,62030362.06,34164900.0,10910833.68,38
2018-02-23,69782309.21,34784887.03,34997422.18,3090.65,0.0,62232455.23,34634250.0,10910833.68,38
2018-02-26,70444504.66,35240004.0,35204500.65,9362.46,0.0,62434838.22,35084700.0,10910833.68,38
2018-02-27,69684646.9,34775419.17,34909227.73,3228.71,855.18,62145737.3,34618500.0,10910833.68,38
2018-02-28,68951056.53,34475998.67,34475057.86,3174.52,1979.01,50490865.55,34474150.0,8598044.7,33
2018-03-01,68393771.35,34017184.67,34376586.68,3121.95,0.0,50390833.42,34013775.0,8598044.7,33
2018-03-02,68481420.47,34171096.54,34310323.93,3039.72,0.0,50323042.82,34166175.0,8598044.7,33
2018-03-05,69011155.15,34534484.64,34476670.51,9244.99,0.0,50484757.51,34524950.0,8598044.7,33
2018-03-06,69318908.98,34605936.66,34712972.33,3201.35,0.0,50719459.99,34594800.0,8598044.7,33
2018-03-07,69021281.72,34597997.76,34423283.96,3177.12,0.0,50428180.61,34585275.0,8598044.7,33
2018-03-08,69226719.68,34802783.5,34423936.17,3163.48,3224.08,50419537.73,34788475.0,8598044.7,33
2018-03-09,69942542.48,35372693.96,34569848.51,3153.66,0.0,50563881.87,35356800.0,8598044.7,33
2018-03-12,70044466.78,35377528.23,34666938.55,9558.81,199.5,50643648.06,35356800.0,8598044.7,33
2018-03-13,69876867.11,35182329.18,34694537.92,3268.74,0.0,50669629.65,35159950.0,8598044.7,33
2018-03-14,69626900.58,34945865.57,34681035.01,3299.74,0.0,50654488.38,34921825.0,8598044.7,33
2018-03-15,69469030.9,34965451.91,34503578.98,3345.96,1200.24,50471926.54,34994850.0,8598044.7,33
2018-03-16,69393984.77,34973491.91,34420492.86,3357.67,72.28,50380921.8,35001200.0,8598044.7,33
2018-03-19,68739128.46,34556317.21,34182811.25,10119.96,766.3,50211731.84,34578925.0,8598044.7,33
2018-03-20,68771987.43,34567541.23,34204446.2,3379.67,239.3,50238645.43,34588450.0,8598044.7,33
2018-03-21,69040551.05,34502575.4,34537975.65,3400.39,0.0,50570483.66,34521775.0,8598044.7,33
2018-03-22,67982239.17,33551714.28,34430524.89,3279.43,0.0,50461392.35,33569275.0,8598044.7,33
2018-03-23,67425000.72,32975439.34,34449561.38,3191.39,0.0,50478812.51,32991425.0,8598044.7,33
2018-03-26,68187020.11,33764363.34,34422656.77,9608.06,0.0,50446998.84,33775650.0,8598044.7,33
2018-03-27,67580435.09,33210389.04,34370046.04,3333.59,0.0,50392705.23,33220025.0,8598044.7,33
2018-03-28,67112500.12,33107219.21,34005280.91,3266.39,76.44,50025055.37,33115250.0,8598044.7,33
2018-03-29,67764491.13,33559632.61,34204858.52,3169.2,1175.02,50218067.99,33566100.0,8598044.7,33
2018-03-30,67795774.21,33898279.82,33897494.39,3199.99,794.43,67790496.55,33830400.0,7713106.38,28
2018-04-02,66780368.95,33032682.08,33747686.87,9604.4,0.0,67635886.89,32960000.0,7713106.38,28
2018-04-03,67279064.6,33523878.66,33755185.94,3227.72,0.0,67641754.82,33449600.0,7713106.38,28
2018-04-04,67502449.0,33957480.35,33544968.65,3214.44,0.0,67429924.77,33881600.0,7713106.38,28
2018-04-05,67836926.08,34147865.03,33689061.04,3150.11,0.0,67572451.74,34070400.0,7713106.38,28
2018-04-06,67093639.87,33432668.09,33660971.78,3184.57,0.0,67542780.96,33353600.0,7713106.38,28
2018-04-09,67597003.63,33607004.38,33989999.25,9504.93,0.0,67867039.79,33523200.0,7713106.38,28
2018-04-10,68355580.86,34069419.38,34286161.48,3248.41,0.0,68161568.61,33984000.0,7713106.38,28
2018-04-11,68325275.7,33891837.68,34433438.02,3246.89,0.0,68307216.56,33804800.0,7713106.38,28
2018-04-12,68530030.73,34187838.13,34342192.6,3226.47,56.0,68210001.12,34099200.0,7713106.38,28
2018-04-13,68489278.38,34103071.55,34386206.83,3274.21,0.0,68252374.55,34012800.0,7713106.38,28
2018-04-16,68731905.6,34421588.08,34310317.53,9873.87,0.0,68171527.91,34326400.0,7713106.38,28
2018-04-17,68989018.51,34740070.91,34248947.6,3360.23,126.0,68109166.58,34643200.0,7713106.38,28
2018-04-18,69331216.69,34783378.96,34547837.73,3391.96,0.0,68406372.81,34684800.0,7713106.38,28
2018-04-19,69067402.04,34570698.81,34496703.23,3428.04,49.0,68353579.11,34470400.0,7713106.38,28
2018-04-20,68595904.71,34297217.74,34298686.97,3434.18,63.0,68154470.6,34195200.0,7713106.38,28
2018-04-23,68376803.74,34299105.16,34077698.59,10175.06,0.0,67928394.58,34192000.0,7713106.38,28
2018-04-24,68005144.6,33840058.22,34165086.38,3494.81,112.5,68025778.12,33731200.0,7713106.38,28
2018-04-25,68086933.63,33960187.83,34126745.81,3475.82,0.0,67985691.33,33849600.0,7713106.38,28
2018-04-26,68464568.19,34345904.7,34118663.49,3442.17,0.0,67975883.72,34233600.0,7713106.38,28
2018-04-27,68558737.34,34309212.46,34249524.88,3404.21,764.3,68075340.25,34195200.0,7713106.38,28
2018-04-30,68310963.1,34155989.12,34154973.99,10169.55,1933.63,39159345.8,34146300.0,8882403.0,29
2018-05-01,68328555.65,34225459.87,34103095.78,3491.45,0.0,39105721.9,34214025.0,8882403.0,29
2018-05-02,68025484.79,33907915.15,34117569.64,3454.39,0.0,39118471.65,33894750.0,8882403.0,29
2018-05-03,68130923.71,33964444.97,34166478.74,3420.17,0.0,39165665.4,33949575.0,8882403.0,29
2018-05-04,68525431.47,34369268.19,34156163.28,3406.55,0.0,39153641.62,34352700.0,8882403.0,29
2018-05-07,68601469.69,34464723.58,34136746.11,10278.81,0.0,39129101.02,34443000.0,8882403.0,29
2018-05-08,68509117.44,34469700.54,34039416.91,3487.24,0.0,39030036.54,34446225.0,8882403.0,29
2018-05-09,69035139.03,34803637.32,34231501.71,3501.58,0.0,39220381.55,34778400.0,8882403.0,29
2018-05-10,69451717.0,35098900.84,34352816.16,3547.64,52.5,39335864.37,35071875.0,8882403.0,29
2018-05-11,69548895.72,35239389.29,34309506.43,3588.34,0.0,39290779.75,35210550.0,8882403.0,29
2018-05-14,69629588.43,35264260.12,34365328.31,10895.99,0.0,39341226.48,35229900.0,8882403.0,29
2018-05-15,69135462.88,34982321.29,34153141.59,3674.89,119.0,39175536.46,34946100.0,8882403.0,29
2018-05-16,69354869.53,35164757.86,34190111.66,3629.61,0.0,39210713.49,35126700.0,8882403.0,29
2018-05-17,69321477.64,35111769.25,34209708.4,3621.87,0.0,39228524.74,35071875.0,8882403.0,29
2018-05-18,69295526.41,35039427.86,34256098.55,3620.12,69.5,39255102.58,34997700.0,8882403.0,29
2018-05-21,69675958.82,35302888.17,34373070.65,10798.55,45.5,39367951.94,35255700.0,8882403.0,29
2018-05-22,69645697.8,35214451.38,34431246.42,3677.34,58.5,39425802.07,35165400.0,8882403.0,29
2018-05-23,69605411.33,35277584.92,34327826.41,3675.75,0.0,39320564.85,35226675.0,8882403.0,29
2018-05-24,69528181.05,35237502.19,34290678.85,3634.95,0.0,39281624.62,35184750.0,8882403.0,29
2018-05-25,69250937.41,35120007.59,34130929.83,3611.6,0.0,39120094.39,35065425.0,8882403.0,29
2018-05-28,69219660.95,35125451.19,34094209.76,10733.9,0.0,39078084.03,35065425.0,8882403.0,29
2018-05-29,68683928.17,34791866.0,33892062.17,3576.35,0.0,38874174.9,34730025.0,8882403.0,29
2018-05-30,69100450.08,35209727.24,33890722.84,3624.99,311.1,38869921.85,35146050.0,8882403.0,29
2018-05-31,68838662.46,34420240.18,34418422.28,3646.97,2186.7,137843640.49,34359850.0,8649989.79,34
2018-06-01,69004157.04,34780822.24,34223334.8,3614.03,0.0,137646746.04,34718625.0,8649989.79,34
2018-06-04,68875293.45,34935496.24,33939797.21,10810.65,0.0,137357846.8,34867850.0,8649989.79,34
2018-06-05,68983094.73,35013549.76,33969544.97,3654.22,0.0,137385793.86,34944050.0,8649989.79,34
2018-06-06,69131736.28,35278932.42,33852803.86,3659.94,0.0,137267250.48,35207575.0,8649989.79,34
2018-06-07,69225319.22,35280804.16,33944515.06,3667.82,5636.34,137276557.66,35207575.0,8649989.79,34
2018-06-08,69415662.48,35365216.21,34050446.27,3653.56,0.0,137380697.36,35290125.0,8649989.79,34
2018-06-11,69323535.3,35424761.23,33898774.07,10932.97,0.0,137223662.21,35344100.0,8649989.79,34
2018-06-12,69432884.84,35439340.71,33993544.13,3678.0,52.5,137307686.25,35356800.0,8649989.79,34
2018-06-13,69168188.08,35317376.27,33850811.8,3645.23,0.0,137163169.27,35232975.0,8649989.79,34
2018-06-14,69298954.65,35438747.25,33860207.4,3650.54,1273.5,137191498.79,35413950.0,8649989.79,34
2018-06-15,69048823.11,35389817.63,33659005.49,3657.44,314.0,136965861.52,35363150.0,8649989.79,34
2018-06-18,68938403.1,35335096.01,33603307.09,10932.73,278.7,136909147.48,35302825.0,8649989.79,34
2018-06-19,68539981.1,35165520.74,33374460.37,3657.57,184.0,136666561.92,35131375.0,8649989.79,34
2018-06-20,68730503.94,35240411.46,33490092.47,3636.43,63.0,136778106.32,35204400.0,8649989.79,34
2018-06-21,68437919.35,34994621.37,33443297.97,3627.44,57.24,136710847.94,34956750.0,8649989.79,34
2018-06-22,68788696.13,35085368.31,33703327.82,3612.0,0.0,136969112.72,35045650.0,8649989.79,34
2018-06-25,67971003.82,34617819.26,33353184.57,10834.22,99.0,136612330.19,34572575.0,8649989.79,34
2018-06-26,68156253.08,34699021.31,33457231.77,3587.36,0.0,136714617.09,34651950.0,8649989.79,34
2018-06-27,68040562.68,34402402.65,33638160.03,3597.14,94.5,136892194.05,34353500.0,8649989.79,34
2018-06-28,68198401.59,34588358.77,33610042.82,3572.13,317.58,136844781.76,34537650.0,8649989.79,34
2018-06-29,68471487.49,34236217.2,34235270.28,3580.42,1996.92,157380368.93,34154825.0,7421917.0,26
2018-07-02,68373832.97,34313771.91,34060061.06,10784.26,0.0,157199767.65,34226987.5,7421917.0,26
2018-07-03,68231504.45,34139930.57,34091573.88,3703.58,0.0,157229435.55,34051287.5,7421917.0,26
2018-07-04,68218604.76,34141770.33,34076834.43,3676.92,0.0,157212858.95,34051287.5,7421917.0,26
2018-07-05,68583288.87,34460497.69,34122791.17,3676.22,0.0,157256979.33,34368175.0,7421917.0,26
2018-07-06,68949864.93,34769810.59,34180054.34,3657.78,0.0,157312422.62,34675650.0,7421917.0,26
2018-07-09,69300294.31,35082877.73,34217416.58,11089.44,0.0,157344287.56,34983125.0,7421917.0,26
2018-07-10,69419259.86,35200865.55,34218394.31,3753.77,0.0,157343411.85,35099212.5,7421917.0,26
2018-07-11,68725686.09,34917259.77,33808426.32,3760.21,0.0,156931590.36,34813700.0,7421917.0,26
2018-07-12,69187595.94,35226606.72,33960989.22,3684.46,52.5,157082768.25,35121175.0,7421917.0,26
2018-07-13,69396409.85,35288117.54,34108292.3,3728.44,0.0,157228241.22,35180787.5,7421917.0,26
2018-07-16,68929544.78,35209109.96,33720434.83,11219.09,239.5,156721377.44,35096075.0,7421917.0,26
2018-07-17,69177781.81,35396158.96,33781622.85,3791.12,0.0,156780710.84,35281187.5,7421917.0,26
2018-07-18,69294869.25,35457718.25,33837151.01,3804.78,0.0,156834381.01,35340800.0,7421917.0,26
2018-07-19,69203404.42,35324736.22,33878668.2,3772.72,42.0,156861977.95,35205887.5,7421917.0,26
2018-07-20,69117171.72,35270184.46,33846987.26,3767.74,126.28,156813487.13,35149412.5,7421917.0,26
2018-07-23,69125294.9,35417103.36,33708191.53,11231.54,0.0,156669191.27,35290600.0,7421917.0,26
2018-07-24,69278496.22,35531981.63,33746514.59,3763.49,0.0,156705679.1,35403550.0,7421917.0,26
2018-07-25,69693418.09,35788073.39,33905344.7,3810.32,0.0,156862653.16,35657687.5,7421917.0,26
2018-07-26,69781245.17,35805719.29,33975525.88,3813.78,0.0,156930978.96,35673375.0,7421917.0,26
2018-07-27,69431609.12,35493908.77,33937700.35,3779.82,94.5,156887627.59,35359625.0,7421917.0,26
2018-07-30,69256749.95,35320868.6,33935881.35,11340.5,0.0,156880265.43,35180787.5,7421917.0,26
2018-07-31,69288138.99,34645091.77,34643047.23,3866.84,2203.54,75698121.7,34508250.0,7010797.32,23
2018-08-01,69023845.21,34570444.37,34453400.85,3830.09,0.0,75506560.33,34431687.5,7010797.32,23
2018-08-02,69276692.6,34789792.85,34486899.75,3815.48,0.0,75538154.73,34649125.0,7010797.32,23
2018-08-03,69519390.17,34926456.29,34592933.88,3810.22,0.0,75642292.08,34783875.0,7010797.32,23
2018-08-06,69794156.07,35060815.05,34733341.03,11412.77,0.0,75777020.22,34912500.0,7010797.32,23
2018-08-07,69972285.41,35182219.85,34790065.56,3916.23,0.0,75831795.83,35031937.5,7010797.32,23
2018-08-08,69759845.14,35129068.96,34630776.18,3926.22,0.0,75670554.34,34976812.5,7010797.32,23
2018-08-09,69748362.72,35112665.09,34635697.63,3914.3,0.0,75673532.62,34958437.5,7010797.32,23
2018-08-10,69444736.71,34906385.3,34538351.41,3913.66,56.0,75575898.95,34750187.5,7010797.32,23
2018-08-13,69138322.46,34774419.62,34363902.84,11631.99,0.0,75395665.2,34612375.0,7010797.32,23
2018-08-14,69434228.81,34966255.51,34467973.29,3898.63,0.0,75497797.92,34802250.0,7010797.32,23
2018-08-15,68891510.69,34726299.43,34165211.26,3934.61,0.0,75193082.69,34560312.5,7010797.32,23
2018-08-16,69348857.71,35016132.61,34332725.1,3884.72,0.0,75358670.0,34848187.5,7010797.32,23
2018-08-17,69525646.72,35109982.13,34415664.59,3910.51,72.28,75438842.46,34940062.5,7010797.32,23
2018-08-20,69629568.15,35192425.55,34437142.59,11645.55,45.5,75445501.34,35016625.0,7010797.32,23
2018-08-21,69614145.65,35234222.52,34379923.14,3926.33,58.5,75373268.52,35056437.5,7010797.32,23
2018-08-22,69699072.12,35230094.12,34468978.0,3944.8,0.0,75460375.18,35050312.5,7010797.32,23
2018-08-23,69630455.79,35192287.78,34438168.01,3968.97,0.0,75427602.38,35010500.0,7010797.32,23
2018-08-24,69939332.68,35423969.51,34515363.17,3945.73,0.0,75502846.04,35240187.5,7010797.32,23
2018-08-27,70249013.22,35696458.6,34552554.62,11947.97,0.0,75534141.11,35506625.0,7010797.32,23
2018-08-28,70199838.97,35707708.57,34492130.41,4058.83,0.0,75471720.53,35515812.5,7010797.32,23
2018-08-29,70503334.82,35899656.6,34603678.22,4075.49,0.0,75581265.89,35705687.5,7010797.32,23
2018-08-30,70385720.1,35745553.27,34640166.83,4093.11,81.0,75614476.56,35549500.0,7010797.32,23
2018-08-31,70376475.95,35188822.12,35187653.84,4047.18,1911.28,112946929.52,35114200.0,7149691.28,24
2018-09-03,70389665.33,35194892.19,35194773.14,12139.94,0.0,112947978.95,35114200.0,7149691.28,24
2018-09-04,70257159.38,35151540.89,35105618.48,4047.41,0.0,112856800.59,35068825.0,7149691.28,24
2018-09-05,69888552.87,35032581.64,34855971.24,4078.82,0.0,112605115.27,34947825.0,7149691.28,24
2018-09-06,69679913.33,34922700.2,34757213.13,4076.83,547.8,112354318.7,34835900.0,7149691.28,24
2018-09-07,69597813.53,34873302.66,34724510.87,4045.31,0.0,112319598.59,34784475.0,7149691.28,24
2018-09-10,69715269.13,34945955.49,34769313.64,12179.62,0.0,112358324.57,34851025.0,7149691.28,24
2018-09-11,69887255.44,35062953.71,34824301.73,4086.09,0.0,112411274.79,34965975.0,7149691.28,24
2018-09-12,69936168.64,35049883.79,34886284.85,4096.17,52.5,112476144.32,34950850.0,7149691.28,24
2018-09-13,69943129.13,35254622.84,34688506.29,4118.46,3414.0,112328708.26,35153525.0,7149691.28,24
2018-09-14,69983702.3,35268789.15,34714913.15,4099.44,0.0,112353081.98,35165625.0,7149691.28,24
2018-09-17,69786943.97,35090494.97,34696449.0,12363.79,1017.6,112326138.09,34981100.0,7149691.28,24
2018-09-18,69992132.43,35280121.16,34712011.28,4129.06,0.0,112339647.49,35168650.0,7149691.28,24
2018-09-19,70050456.34,35324558.56,34725897.77,4141.2,49.0,112347889.19,35211000.0,7149691.28,24
2018-09-20,70336195.45,35621999.79,34714195.66,4125.19,1209.24,112328408.78,35567950.0,7149691.28,24
2018-09-21,70373820.3,35554532.42,34819287.88,4161.56,75.06,112427769.88,35498375.0,7149691.28,24
2018-09-24,70378227.68,35461047.98,34917179.7,12550.0,0.0,112519452.26,35398550.0,7149691.28,24
2018-09-25,70278190.15,35411770.34,34866419.8,4261.79,0.0,112466577.94,35347125.0,7149691.28,24
2018-09-26,70145264.34,35295929.89,34849334.45,4236.21,99.0,112442209.92,35229150.0,7149691.28,24
2018-09-27,70283964.85,35400897.64,34883067.2,4208.72,85.5,112485812.21,35332000.0,7149691.28,24
2018-09-28,70365364.77,35183323.68,35182041.1,4177.99,1428.08,23340184.26,35173950.0,6280570.2,18
2018-10-01,70667612.84,35322177.35,35345435.49,12607.13,0.0,23497275.2,35306500.0,6280570.2,18
2018-10-02,70673125.71,35306251.12,35366874.59,4298.95,0.0,23516564.12,35288425.0,6280570.2,18
2018-10-03,70785907.55,35344548.92,35441358.63,4299.28,0.0,23588896.68,35324575.0,6280570.2,18
2018-10-04,70314948.7,35060511.54,35254437.16,4306.14,0.0,23399819.19,35038387.5,6280570.2,18
2018-10-05,70126165.49,34896947.15,35229218.34,4257.96,0.0,23372465.52,34872700.0,6280570.2,18
2018-10-08,70062688.33,34900274.26,35162414.07,12739.59,0.0,23299261.27,34869687.5,6280570.2,18
2018-10-09,70005434.29,34836112.67,35169321.62,4242.69,0.0,23304039.54,34803412.5,6280570.2,18
2018-10-10,68519738.39,33545888.72,34973849.67,4297.56,0.0,23106408.59,33511050.0,6280570.2,18
2018-10-11,67702650.97,33120191.7,34582459.27,4244.42,52.5,22714029.25,33083275.0,6280570.2,18
2018-10-12,68004091.5,33399384.11,34604707.38,4175.0,0.0,22734144.78,33360425.0,6280570.2,18
2018-10-15,67826105.47,33170615.83,34655489.64,12637.43,0.0,22778496.33,33125450.0,6280570.2,18
2018-10-16,68731765.59,34001144.92,34730620.67,4276.81,0.0,22851442.14,33953887.5,6280570.2,18
2018-10-17,68643839.49,33985204.44,34658635.05,4314.83,0.0,22777276.21,33935812.5,6280570.2,18
2018-10-18,67986189.38,33457147.4,34529041.99,4328.38,0.0,22645497.73,33405612.5,6280570.2,18
2018-10-19,67947949.58,33402019.56,34545930.02,4286.91,120.56,22660014.67,33348375.0,6280570.2,18
2018-10-22,67821226.88,33275760.27,34545466.61,12796.86,58.5,22655183.6,33215825.0,6280570.2,18
2018-10-23,67419696.82,33154373.72,34265323.1,4333.02,0.0,22372833.02,33092312.5,6280570.2,18
2018-10-24,66366865.33,32168382.71,34198482.62,4288.64,0.0,22303812.89,32104212.5,6280570.2,18
2018-10-25,66598331.4,32459628.97,34138702.42,4221.67,81.0,22253638.29,32393412.5,6280570.2,18
2018-10-26,66413693.56,32235756.27,34177937.3,4236.39,0.0,22290701.56,32167475.0,6280570.2,18
2018-10-29,66072741.68,31928581.06,34144160.62,12618.6,94.5,22258925.58,31854175.0,6280570.2,18
2018-10-30,66503974.71,32433708.44,34070266.27,4221.31,0.0,22182849.79,32357262.5,6280570.2,18
2018-10-31,66878314.65,33440171.24,33438143.41,4230.39,3253.33,75617742.22,0.0,1631613.6,13
2018-11-01,66759791.3,33442298.41,33317492.89,4254.2,0.0,75494964.66,0.0,1631613.6,13
2018-11-02,66755351.84,33444407.13,33310944.71,4209.58,0.0,75486315.63,0.0,1631613.6,13
2018-11-05,66769274.88,33450761.57,33318513.32,12683.52,0.0,75487555.15,0.0,1631613.6,13
2018-11-06,66736024.95,33452917.28,33283107.67,4302.91,0.0,75450002.32,0.0,1631613.6,13
2018-11-07,66801981.71,33455063.84,33346917.86,4282.23,0.0,75511676.84,0.0,1631613.6,13
2018-11-08,66707024.21,33457219.84,33249804.37,4305.02,0.0,75412414.33,0.0,1631613.6,13
2018-11-09,66662203.39,33459357.38,33202846.01,4261.84,0.0,75363331.67,0.0,1631613.6,13
2018-11-12,66745951.68,33465798.31,33280153.37,12832.47,52.5,75414799.98,0.0,1631613.6,13
2018-11-13,66634722.81,33467945.7,33166777.12,4282.87,0.0,75299288.26,0.0,1631613.6,13
2018-11-14,66802596.5,33470121.11,33332475.39,4331.26,0.0,75462830.69,0.0,1631613.6,13
2018-11-15,66678206.08,33472287.37,33205918.7,4323.61,76.5,75317193.15,0.0,1631613.6,13
2018-11-16,66739095.35,33474444.48,33264650.87,4297.04,0.0,75373785.38,0.0,1631613.6,13
2018-11-19,66827681.35,33480888.31,33346793.04,12847.28,0.0,75449524.1,0.0,1631613.6,13
2018-11-20,66640353.19,33483064.57,33157288.63,4343.8,0.0,75257852.15,0.0,1631613.6,13
2018-11-21,66650914.28,33485240.96,33165673.31,4331.62,0.0,75264081.61,0.0,1631613.6,13
2018-11-22,66640687.67,33487436.11,33153251.57,4369.34,0.0,75249485.67,0.0,1631613.6,13
2018-11-23,66492924.96,33489631.4,33003293.57,4368.67,0.0,75097354.29,0.0,1631613.6,13
2018-11-26,66566449.0,33496217.69,33070231.31,13076.94,0.0,75157801.39,0.0,1631613.6,13
2018-11-27,66554337.9,33498422.86,33055915.04,4382.29,0.0,75141307.99,0.0,1631613.6,13
2018-11-28,66603977.32,33500618.87,33103358.46,4363.01,85.5,75192369.91,0.0,1631613.6,13
2018-11-29,66608586.92,33502805.71,33105781.21,4347.76,0.0,75192631.75,0.0,1631613.6,13
2018-11-30,66609934.41,33305477.99,33304456.43,4292.55,2368.56,140251277.29,33236912.5,5086244.37,14
2018-12-03,67018214.21,33703542.04,33314672.17,12877.92,0.0,140255054.17,33628537.5,5086244.37,14
2018-12-04,66074825.91,32633282.77,33441543.14,4356.18,0.0,140379759.69,32556087.5,5086244.37,14
2018-12-05,66090004.08,32635440.2,33454563.89,4368.28,0.0,140390569.58,32556087.5,5086244.37,14
2018-12-06,66016382.33,32508060.26,33508322.07,4369.28,2335.62,140442992.46,32426550.0,5086244.37,14
2018-12-07,65366163.84,31847441.35,33518722.49,4327.74,0.0,140451196.22,31763800.0,5086244.37,14
2018-12-10,65473341.89,31938028.14,33535313.76,12800.87,121.5,140500494.91,31848150.0,5086244.37,14
2018-12-11,65482549.82,31919043.22,33563506.6,4310.33,0.0,140526480.01,31827062.5,5086244.37,14
2018-12-12,65526343.55,32056707.06,33469636.49,4310.93,0.0,140430400.3,31962625.0,5086244.37,14
2018-12-13,65447186.88,31974485.27,33472701.61,4350.22,0.0,140431243.41,31878275.0,5086244.37,14
2018-12-14,64937062.02,31452424.14,33484637.88,4326.79,0.0,140440966.76,31354100.0,5086244.37,14
2018-12-17,64295873.18,30862160.99,33433712.19,12825.07,878.82,140376834.47,30757625.0,5086244.37,14
2018-12-18,64141568.8,30662346.68,33479222.13,4214.95,0.0,140420152.64,30555787.5,5086244.37,14
2018-12-19,63754340.77,30272714.73,33481626.04,4169.2,0.0,140420380.4,30164162.5,5086244.37,14
2018-12-20,63510737.99,30053693.87,33457044.13,4161.74,1084.5,140393612.88,29959312.5,5086244.37,14
2018-12-21,62620539.97,29179009.86,33441530.11,4128.2,0.0,140375924.16,29082675.0,5086244.37,14
2018-12-24,61774783.63,28320112.26,33454671.36,12211.01,0.0,140382544.31,28218087.5,5086244.37,14
2018-12-25,61778919.11,28322008.14,33456910.97,4135.48,0.0,140382544.31,28218087.5,5086244.37,14
2018-12-26,63350595.76,29881366.64,33469229.12,4135.76,0.0,140392622.71,29775550.0,5086244.37,14
2018-12-27,63671564.32,30172550.43,33499013.89,4205.78,45.0,140411730.49,30064750.0,5086244.37,14
2018-12-28,63558657.95,30066078.41,33492579.55,4174.02,0.0,140403100.11,29956300.0,5086244.37,14
2018-12-31,63747219.23,31874098.67,31873120.56,12446.9,3237.11,142386645.05,31846078.12,2854463.62,21
2019-01-02,63972603.27,31923207.93,32049395.34,8499.63,0.0,142558670.08,31890937.5,2854463.62,21
2019-01-03,64591952.81,32178153.29,32413799.53,4211.53,0.0,142920965.56,32143781.25,2854463.62,21
2019-01-04,63971408.52,31955965.87,32015442.65,4234.36,0.0,142520482.56,31919484.38,2854463.62,21
2019-01-07,63879195.73,31897027.17,31982168.56,12634.35,0.0,142480886.63,31854234.38,2854463.62,21
2019-01-08,63719784.33,31821678.13,31898106.2,4276.36,0.0,142394683.25,31776750.0,2854463.62,21
2019-01-09,63677359.25,31815652.16,31861707.09,4265.69,0.0,142356148.73,31768593.75,2854463.62,21
2019-01-10,63672047.56,31817773.2,31854274.36,4245.16,0.0,142346591.89,31768593.75,2854463.62,21
2019-01-11,63793259.86,31881048.59,31912211.28,4209.43,0.0,142402422.89,31829765.62,2854463.62,21
2019-01-14,63799420.85,31875137.29,31924283.56,12652.33,0.0,142408164.71,31817531.25,2854463.62,21
2019-01-15,63799927.75,31877262.3,31922665.46,4253.29,0.0,142404419.53,31817531.25,2854463.62,21
2019-01-16,63740146.63,31830449.95,31909696.69,4253.33,0.0,142389322.58,31768593.75,2854463.62,21
2019-01-17,63633967.71,31779538.67,31854429.04,4213.93,0.0,142331944.14,31715578.12,2854463.62,21
2019-01-18,63387480.52,31691912.07,31695568.45,4189.24,0.0,142170986.29,31625859.38,2854463.62,21
2019-01-21,63417247.74,31698144.81,31719102.93,12466.2,0.0,142188287.31,31625859.38,2854463.62,21
2019-01-22,63593789.06,31806254.05,31787535.0,4157.35,0.0,142254641.4,31731890.62,2854463.62,21
2019-01-23,63523724.25,31759419.3,31764304.95,4204.26,0.0,142229310.01,31682953.12,2854463.62,21
2019-01-24,63784941.28,31855298.18,31929643.1,4164.33,0.0,142392565.66,31776750.0,2854463.62,21
2019-01-25,63623040.06,31767632.33,31855407.73,4110.59,0.0,142316271.4,31687031.25,2854463.62,21
2019-01-28,63671842.52,31798295.77,31873546.76,12406.49,0.0,142328199.99,31711500.0,2854463.62,21
2019-01-29,63820024.07,31873795.41,31946228.67,4191.73,0.0,142398782.18,31784906.25,2854463.62,21
2019-01-30,63901701.47,31932987.51,31968713.95,4201.48,0.0,142419165.55,31842000.0,2854463.62,21
2019-01-31,64148976.62,32074874.85,32074101.78,4206.86,1025.67,146410171.73,31964343.75,3293953.2,24
2019-02-01,63887644.64,31938321.28,31949323.36,4205.32,0.0,146283290.68,31825687.5,3293953.2,24
2019-02-04,63785324.99,31887482.12,31897842.87,12511.33,121.5,146234586.06,31768593.75,3293953.2,24
2019-02-05,63929536.79,31930362.63,31999174.16,4199.2,0.0,146333816.3,31809375.0,3293953.2,24
2019-02-06,63982927.53,31936542.84,32046384.7,4208.69,0.0,146378921.33,31813453.12,3293953.2,24
2019-02-07,64223157.46,32040598.45,32182559.01,4212.21,0.0,146512985.92,31915406.25,3293953.2,24
2019-02-08,64377335.32,32067176.54,32310158.78,4228.02,0.0,146638467.01,31939875.0,3293953.2,24
2019-02-11,64160048.84,32008286.53,32151762.31,12768.17,0.0,146473662.36,31874625.0,3293953.2,24
2019-02-12,64056492.94,31965561.04,32090931.9,4277.34,0.0,146410688.5,31829765.62,3293953.2,24
2019-02-13,63923979.82,31914658.69,32009321.13,4234.85,0.0,146326955.05,31776750.0,3293953.2,24
2019-02-14,64155726.48,32026886.85,32128839.63,4243.84,0.0,146444349.6,31886859.38,3293953.2,24
2019-02-15,64194345.2,31996379.18,32197966.01,4241.41,0.0,146511351.91,31854234.38,3293953.2,24
2019-02-18,64182871.2,32002725.13,32180146.07,12731.88,0.0,146487146.03,31854234.38,3293953.2,24
2019-02-19,64320735.83,32049700.24,32271035.59,4243.2,0.0,146575908.09,31899093.75,3293953.2,24
2019-02-20,64340273.49,32035533.29,32304740.2,4305.92,0.0,146607451.22,31882781.25,3293953.2,24
2019-02-21,64132048.21,31972418.99,32159629.22,4289.35,0.0,146460187.7,31817531.25,3293953.2,24
2019-02-22,64354557.39,32035722.36,32318835.03,4275.47,0.0,146617248.43,31878703.12,3293953.2,24
2019-02-25,64229831.66,32013609.33,32216222.33,12924.54,0.0,146508146.14,31850156.25,3293953.2,24
2019-02-26,64342178.46,32093245.73,32248932.73,4317.67,156.4,146498186.08,31927640.62,3293953.2,24
2019-02-27,64001126.47,31988179.53,32012946.94,4289.48,1265.5,146365081.47,31821609.38,3293953.2,24
2019-02-28,63797996.07,31899128.64,31898867.43,4266.74,3452.11,150381008.87,63727387.5,7979246.56,29
2019-03-01,63774934.01,32039320.87,31735613.14,4253.2,0.0,150215628.16,63865453.12,7979246.56,29
2019-03-04,63663281.72,31948220.79,31715060.93,12701.84,0.0,150188755.28,63767971.88,7979246.56,29
2019-03-05,63689707.53,31954437.67,31735269.87,4261.9,0.0,150206841.23,63772050.0,7979246.56,29
2019-03-06,63729070.64,31800983.09,31928087.55,4263.67,0.0,150397534.07,63616456.25,7979246.56,29
2019-03-07,63745151.39,31687436.99,32057714.4,4266.31,502.98,150385025.81,63500781.25,7979246.56,29
2019-03-08,63709113.21,31683746.36,32025366.85,4249.68,0.0,150350541.07,63494978.12,7979246.56,29
2019-03-11,64150315.52,32081134.51,32069181.0,12794.91,0.0,150387923.82,63886003.12,7979246.56,29
2019-03-12,64443257.65,32236054.04,32207203.61,4294.51,0.0,150523799.57,64038775.0,7979246.56,29
2019-03-13,64761632.64,32491758.94,32269873.7,4314.12,0.0,150584313.57,64292321.88,7979246.56,29
2019-03-14,64524578.74,32369100.81,32155477.93,4317.44,1146.0,150445608.97,64225778.12,7979246.56,29
2019-03-15,64957193.32,32640961.87,32316231.45,4301.64,753.2,150622036.79,64495481.25,7979246.56,29
2019-03-18,65129120.72,32737952.56,32391168.16,12991.44,579.1,150659650.96,64585943.75,7979246.56,29
2019-03-19,65088328.22,32673935.38,32414392.85,4323.85,0.0,150680725.22,64519753.12,7979246.56,29
2019-03-20,65296723.09,32734550.84,32562172.25,4357.3,0.0,150826334.67,64578181.25,7979246.56,29
2019-03-21,65763534.56,33130991.95,32632542.61,4389.39,54.06,150890968.14,64972421.88,7979246.56,29
2019-03-22,65548928.11,32716050.17,32832877.94,4439.04,0.0,151089100.08,64555243.75,7979246.56,29
2019-03-25,65714810.71,32757167.52,32957643.19,13164.41,0.0,151207272.09,64589790.62,7979246.56,29
2019-03-26,65868803.48,32962951.05,32905852.42,4399.24,0.0,151153274.3,64793381.25,7979246.56,29
2019-03-27,65951788.47,32895438.99,33056349.48,4409.55,0.0,151301568.84,64723662.5,7979246.56,29
2019-03-28,65850236.29,32968910.38,32881325.91,4378.47,329.18,151127706.76,64794950.0,7979246.56,29
2019-03-29,65967136.85,32984323.29,32982813.56,4353.43,1820.83,198834717.05,65835868.75,7642936.08,30
2019-04-01,66070454.48,33209198.35,32861256.13,12918.56,0.0,198706700.49,66054284.38,7642936.08,30
2019-04-02,66203037.36,33212200.09,32990837.27,4367.99,0.0,198834109.13,66055090.62,7642936.08,30
2019-04-03,66150270.24,33291895.94,32858374.3,4358.37,0.0,198699473.56,66132600.0,7642936.08,30
2019-04-04,66217460.58,33341328.03,32876132.56,4391.64,0.0,198715051.09,66179821.88,7642936.08,30
2019-04-05,66342338.09,33509663.39,32832674.7,4396.1,0.0,198669410.28,66345943.75,7642936.08,30
2019-04-08,66365631.44,33505171.78,32860459.66,13213.18,126.0,198626942.41,66334778.12,7642936.08,30
2019-04-09,66285699.7,33374374.34,32911325.36,4387.51,0.0,198675635.67,66201765.62,7642936.08,30
2019-04-10,66633638.67,33557177.74,33076460.93,4363.81,0.0,198838604.21,66382371.88,7642936.08,30
2019-04-11,66277179.93,33465386.86,32811793.07,4405.22,0.0,198571749.99,66288362.5,7642936.08,30
2019-04-12,66275310.66,33584080.55,32691230.11,4381.66,90.0,198596907.47,66404843.75,7642936.08,30
2019-04-15,66208232.97,33572531.88,32635701.09,13199.83,0.0,198534867.42,66386606.25,7642936.08,30
2019-04-16,66097248.75,33510998.27,32586250.47,4377.1,0.0,198483259.25,66322853.12,7642936.08,30
2019-04-17,66002225.8,33393894.97,32608330.83,4369.76,0.0,198503185.26,66203534.38,7642936.08,30
2019-04-18,66387163.59,33580843.2,32806320.39,4381.81,0.0,198699010.36,66388265.62,7642936.08,30
2019-04-19,66408974.08,33583053.94,32825920.14,4370.49,0.0,198716450.36,66388265.62,7642936.08,30
2019-04-22,66254284.14,33564858.47,32689425.67,13115.77,0.0,198573472.07,66363437.5,7642936.08,30
2019-04-23,66659767.82,33912574.3,32747193.52,4398.55,72.28,198606438.92,66708925.0,7642936.08,30
2019-04-24,66943762.22,33938391.39,33005370.83,4443.98,0.0,198862432.75,66732481.25,7642936.08,30
2019-04-25,66756204.46,33851178.9,32905025.56,4444.32,0.0,198759896.3,66643015.62,7642936.08,30
2019-04-26,67145937.98,34104848.09,33041089.89,4413.33,0.0,198893785.24,66894446.88,7642936.08,30
2019-04-29,66932561.81,34066874.42,32865687.39,13261.32,326.92,198704034.79,66849737.5,7642936.08,30
2019-04-30,67102051.43,33552904.13,33549147.3,4443.58,4157.33,263109760.53,66980553.12,9325836.74,40
2019-05-01,66760110.49,33240291.1,33519819.39,4436.19,0.0,263078213.94,66665721.88,9325836.74,40
2019-05-02,66305519.08,33069969.9,33235549.18,4413.59,0.0,262791728.41,66493203.12,9325836.74,40
2019-05-03,66842632.91,33459261.88,33383371.03,4438.79,0.0,262937324.97,66880281.25,9325836.74,40
2019-05-06,66594585.14,33371866.71,33222718.43,13257.12,0.0,262770051.34,66786250.0,9325836.74,40
2019-05-07,66168147.07,33006079.11,33162067.96,4421.14,0.0,262707194.89,66418246.88,9325836.74,40
2019-05-08,65965413.09,32896551.8,33068861.28,4374.45,0.0,262611796.19,66306537.5,9325836.74,40
2019-05-09,65764257.02,32797667.26,32966589.77,4361.05,0.0,262507338.09,66205478.12,9325836.74,40
2019-05-10,66061324.25,32961573.05,33099751.21,4347.75,49.0,262634519.79,66367215.62,9325836.74,40
2019-05-13,65224490.68,32178672.92,33045817.75,13102.16,112.0,262505882.24,65577778.12,9325836.74,40
2019-05-14,65632581.23,32521413.67,33111167.56,4275.83,0.0,262569065.36,65918409.38,9325836.74,40
2019-05-15,66193482.75,32795464.37,33398018.37,4302.58,0.0,262853745.92,66190328.12,9325836.74,40
2019-05-16,66543947.7,32996598.41,33547349.29,4357.74,0.0,263000878.13,66389303.12,9325836.74,40
2019-05-17,66267786.03,32828414.85,33439371.18,4343.84,69.5,262871670.96,66218965.62,9325836.74,40
2019-05-20,65882857.41,32575469.52,33307387.89,12922.22,35.0,262734802.36,65959618.75,9325836.74,40
2019-05-21,66077158.25,32789177.55,33287980.7,4282.39,45.0,262714375.18,66171209.38,9325836.74,40
2019-05-22,66035295.65,32775286.97,33260008.67,4295.02,0.0,262684239.44,66155187.5,9325836.74,40
2019-05-23,65764155.85,32553592.64,33210563.21,4273.95,0.0,262632641.32,65931371.88,9325836.74,40
2019-05-24,65889055.07,32610040.53,33279014.54,4238.13,0.0,262698952.41,65985721.88,9325836.74,40
2019-05-27,65984652.97,32616290.79,33368362.17,12628.74,0.0,262781921.57,65985721.88,9325836.74,40
2019-05-28,65934392.03,32450262.11,33484129.91,4215.69,0.0,262895557.07,65817609.38,9325836.74,40
2019-05-29,65681062.31,32230899.47,33450162.84,4249.11,1379.3,262927144.68,65597375.0,9325836.74,40
2019-05-30,65718933.09,32369089.08,33349844.02,4232.78,635.1,262781962.29,65733487.5,9325836.74,40
2019-05-31,65412305.41,32707627.61,32704677.81,4253.48,5323.9,287217247.78,32701500.0,3621833.6,28
2019-06-03,65645310.42,32850959.07,32794351.35,12537.36,148.5,287326065.85,32838562.5,3621833.6,28
2019-06-04,65499661.21,32768401.63,32731259.58,4194.01,0.0,287260878.87,32753906.25,3621833.6,28
2019-06-05,65486551.42,32778557.67,32707993.76,4184.7,0.0,287235522.59,32761968.75,3621833.6,28
2019-06-06,65547607.59,32768558.1,32779049.49,4183.86,2250.96,287399851.18,32749875.0,3621833.6,28
2019-06-07,65724292.18,32843195.94,32881096.24,4151.35,0.0,287499820.88,32822437.5,3621833.6,28
2019-06-10,65498008.6,32728361.8,32769646.8,12213.76,0.0,287382261.76,32701500.0,3621833.6,28
2019-06-11,65598442.85,32742491.99,32855950.86,4075.43,0.0,287466526.81,32713593.75,3621833.6,28
2019-06-12,65801723.31,32792886.11,33008837.2,4045.24,0.0,287617387.04,32761968.75,3621833.6,28
2019-06-13,66085357.39,32891631.01,33193726.38,4002.94,0.0,287800267.13,32858718.75,3621833.6,28
2019-06-14,66125718.42,32877461.23,33248257.19,3928.41,81.0,287882786.8,32842593.75,3621833.6,28
2019-06-17,66122481.59,32891414.28,33231067.31,11847.52,2246.92,287930471.94,32850656.25,3621833.6,28
2019-06-18,66424450.36,32937749.78,33486700.58,4004.08,0.0,288184092.22,32895000.0,3621833.6,28
2019-06-19,66523519.15,33032453.95,33491065.2,4003.92,0.0,288186437.64,32987718.75,3621833.6,28
2019-06-20,66848762.22,33086814.62,33761947.6,3935.97,128.7,288448401.2,33040125.0,3621833.6,28
2019-06-21,66426654.33,32947641.74,33479012.59,3880.94,0.0,288163505.74,32899031.25,3621833.6,28
2019-06-24,66750481.21,33062168.96,33688312.25,11458.6,0.0,288367030.98,33007875.0,3621833.6,28
2019-06-25,66925048.72,33112454.22,33812594.5,3856.69,0.0,288489366.45,33056250.0,3621833.6,28
2019-06-26,66536916.65,32977295.68,33559620.96,3848.19,0.0,288234447.32,32919187.5,3621833.6,28
2019-06-27,66733238.97,33067906.86,33665332.11,3881.32,265.86,288331694.85,33007875.0,3621833.6,28
2019-06-28,66656836.26,33329176.31,33327659.94,3874.24,3302.87,414487814.65,66541900.0,9738425.75,44
2019-07-01,66747354.68,33527378.37,33219976.31,11553.85,0.0,414374354.54,66734325.0,9738425.75,44
2019-07-02,67171784.47,33779978.81,33391805.65,4004.84,0.0,414544189.01,66984911.2,9738425.75,44
2019-07-03,67750501.55,34044907.43,33705594.12,4011.65,0.0,414855983.6,67247825.0,9738425.75,44
2019-07-04,67770549.26,34046950.12,33723599.14,4065.03,0.0,414871966.28,67247825.0,9738425.75,44
2019-07-05,66849520.8,33735692.94,33113827.86,4066.23,0.0,414260172.92,66934525.0,9738425.75,44
2019-07-08,66721273.44,33614346.59,33106926.85,12144.33,0.0,414247255.54,66807050.0,9738425.75,44
2019-07-09,66521353.23,33603147.64,32918205.59,4095.94,0.0,414056500.88,66793787.5,9738425.75,44
2019-07-10,66896705.26,33816923.0,33079782.26,4083.67,0.0,414216058.1,67005500.0,9738425.75,44
2019-07-11,66696776.98,33774580.12,32922196.86,3995.22,0.0,414056497.08,66961137.5,9738425.75,44
2019-07-12,66968980.52,33939019.07,33029961.45,3927.7,0.0,414162322.61,67123587.5,9738425.75,44
2019-07-15,67010858.62,33980983.4,33029875.22,11719.57,94.5,414237190.29,67159612.5,9738425.75,44
2019-07-16,66660178.99,33802150.06,32858028.93,3927.58,129.5,414113984.02,66978787.5,9738425.75,44
2019-07-17,66804111.91,33669271.85,33134840.06,3888.51,0.0,414388877.76,66843937.5,9738425.75,44
2019-07-18,67110988.33,33885601.54,33225386.79,3878.35,0.0,414477500.15,67058312.5,9738425.75,44
2019-07-19,66905066.03,33627405.99,33277660.04,3747.03,66.72,414527569.14,66798225.0,9738425.75,44
2019-07-22,67070757.48,33784916.6,33285840.88,11262.35,0.0,414530147.89,66950075.0,9738425.75,44
2019-07-23,67222334.33,33940593.58,33281740.76,3800.68,0.0,414524161.25,67103837.5,9738425.75,44
2019-07-24,67578276.8,34135673.02,33442603.78,3771.92,0.0,414683156.45,67297012.5,9738425.75,44
2019-07-25,67128328.86,33907179.36,33221149.5,3848.21,0.0,414459798.47,67066575.0,9738425.75,44
2019-07-26,67240733.57,34096269.6,33144463.97,3841.23,0.0,414381211.28,67253725.0,9738425.75,44
2019-07-29,67488155.55,34132042.12,33356113.42,11655.06,0.0,414587115.71,67283587.5,9738425.75,44
2019-07-30,67195323.21,33998217.22,33197105.99,3880.57,544.1,414411971.12,67147800.0,9738425.75,44
2019-07-31,66719165.04,33360652.46,33358512.59,3807.73,2635.77,404816665.18,66509196.88,9128380.89,37
2019-08-01,66815498.87,33355583.52,33459915.35,3780.75,0.0,404916178.24,66502237.5,9128380.89,37
2019-08-02,66627363.52,33184897.47,33442466.05,3767.65,0.0,404896842.52,66329673.18,9128380.89,37
2019-08-05,65889263.92,32304531.78,33584732.14,11215.61,0.0,405033478.15,65443718.75,9128380.89,37
2019-08-06,66297148.81,32798837.15,33498311.65,3660.51,0.0,404945192.47,65936226.82,9128380.89,37
2019-08-07,66843041.13,32952795.24,33890245.89,3701.59,0.0,405335255.45,66088356.25,9128380.89,37
2019-08-08,67436732.17,33556859.46,33879872.7,3676.37,0.0,405323018.6,66690610.68,9128380.89,37
2019-08-09,67130925.88,33271747.02,33859178.85,3709.02,0.0,405300462.68,66403650.0,9128380.89,37
2019-08-12,67021872.4,33016193.91,34005678.49,10964.72,0.0,405441431.3,66142662.5,9128380.89,37
2019-08-13,67311546.5,33452270.89,33859275.62,3648.97,0.0,405293176.67,66576939.32,9128380.89,37
2019-08-14,66564636.15,32616092.18,33948543.98,3664.74,85.5,405271057.08,65738939.32,9128380.89,37
2019-08-15,66931396.5,32818431.7,34112964.8,3550.11,0.0,405433667.04,65939539.32,9128380.89,37
2019-08-16,67392284.68,33291427.58,34100857.11,3476.71,66.72,405419019.93,66410835.68,9128380.89,37
2019-08-19,67541020.22,33529671.45,34011348.77,10277.32,0.0,405324310.86,66644000.0,9128380.89,37
2019-08-20,67472571.93,33324599.14,34147972.79,3564.66,139.5,405479430.95,66437160.68,9128380.89,37
2019-08-21,67749002.47,33618993.62,34130008.85,3561.05,0.0,405459664.1,66729793.75,9128380.89,37
2019-08-22,67350108.25,33481572.79,33868535.46,3632.1,0.0,405196360.33,66590573.18,9128380.89,37
2019-08-23,66989307.49,32910417.04,34078890.46,3666.84,0.0,405404872.33,66017589.32,9128380.89,37
2019-08-26,67225456.06,33180261.95,34045194.12,10774.11,0.0,405365695.0,66282143.75,9128380.89,37
2019-08-27,67386609.11,33077954.11,34308655.0,3660.05,0.0,405627302.64,66178026.82,9128380.89,37
2019-08-28,67888779.18,33407215.28,34481563.9,3631.39,156.4,405756864.81,66505510.68,9128380.89,37
2019-08-29,68174022.72,33714371.7,34459651.02,3677.31,1817.22,405698538.09,66812026.82,9128380.89,37
2019-08-30,68330888.16,34166435.38,34164452.78,3692.76,4399.5,505195282.94,68188493.75,8909804.42,31
2019-09-02,68377206.85,34171987.43,34205219.42,11103.77,0.0,505230497.86,68188493.75,8909804.42,31
2019-09-03,68462678.99,34060622.25,34402056.74,3703.77,130.5,505442831.98,68075275.0,8909804.42,31
2019-09-04,68931093.63,34481548.9,34449544.73,3689.38,0.0,505488465.74,68494368.75,8909804.42,31
2019-09-05,68549740.94,34618720.66,33931020.27,3695.47,0.0,504968094.41,68629691.92,8909804.42,31
2019-09-06,68662144.65,34742749.78,33919394.87,3675.03,2350.56,504944585.65,68751862.5,8909804.42,31
2019-09-09,68244075.93,34585635.45,33658440.48,10985.94,0.0,504678204.16,68589191.92,8909804.42,31
2019-09-10,67803198.69,34408281.85,33394916.84,3639.68,0.0,504412885.4,68409993.75,8909804.42,31
2019-09-11,68006806.13,34619132.4,33387673.73,3597.34,0.0,504403870.51,68619018.75,8909804.42,31
2019-09-12,67782364.01,34613162.59,33169201.41,3627.03,0.0,504183617.52,68611200.0,8909804.42,31
2019-09-13,67103303.6,34331257.09,32772046.51,3596.23,0.0,503784702.8,68327458.08,8909804.42,31
2019-09-16,67318760.28,34374829.51,32943930.77,10736.53,2308.62,504027116.81,68365537.5,8909804.42,31
2019-09-17,67463997.48,34509070.14,32954927.33,3646.43,1885.5,504423170.66,68497918.75,8909804.42,31
2019-09-18,67577077.2,34548006.31,33029070.89,3654.3,0.0,504495529.16,68534983.08,8909804.42,31
2019-09-19,67738736.21,34595573.85,33143162.36,3585.34,1093.02,504603957.21,68607981.25,8909804.42,31
2019-09-20,67752418.05,34406148.96,33346269.1,3556.28,402.32,504786336.59,68416737.5,8909804.42,31
2019-09-23,68220671.61,34600056.16,33620615.45,10558.09,0.0,505055486.83,68605283.08,8909804.42,31
2019-09-24,68276904.12,34456165.36,33820738.76,3600.54,0.0,505253835.72,68459568.75,8909804.42,31
2019-09-25,67864002.84,34446069.15,33417933.69,3565.57,0.0,504849264.11,68447670.58,8909804.42,31
2019-09-26,68078550.2,34465834.88,33612715.32,3487.46,0.0,505042328.77,68465668.75,8909804.42,31
2019-09-27,67988166.59,34300740.52,33687426.07,3385.02,274.3,505117104.68,68298858.08,8909804.42,31
2019-09-30,67977276.82,33990094.93,33987181.89,9971.6,4506.04,614986875.52,67836150.0,11558224.66,43
2019-10-01,67800764.35,33616654.6,34184109.75,3474.39,0.0,615182065.93,67460975.0,11558224.66,43
2019-10-02,67131527.41,33091605.56,34039921.85,3352.37,0.0,615036187.82,66934261.2,11558224.66,43
2019-10-03,67876121.88,33607902.98,34268218.89,3263.34,0.0,615262830.47,67448950.0,11558224.66,43
2019-10-04,68451830.85,34097534.41,34354296.44,3148.7,0.0,615347318.03,67937025.0,11558224.66,43
2019-10-07,68133790.72,33846846.87,34286943.85,9583.26,0.0,615275156.16,67681561.2,11558224.66,43
2019-10-08,67831409.71,33384204.59,34447205.12,3236.36,0.0,615433788.48,67217311.2,11558224.66,43
2019-10-09,67853731.12,33578173.72,34275557.4,3165.47,0.0,615260533.54,67409725.0,11558224.66,43
2019-10-10,67670103.53,33680210.85,33989892.68,3128.81,0.0,614973288.02,67510211.2,11558224.66,43
2019-10-11,67682041.28,33805593.33,33876447.95,3101.55,0.0,614858285.74,67634050.0,11558224.66,43
2019-10-14,67808906.75,33839764.0,33969142.76,9306.28,0.0,614946322.22,67663575.0,11558224.66,43
2019-10-15,67901743.09,34091153.78,33810589.3,3107.91,0.0,614786211.84,67913411.2,11558224.66,43
2019-10-16,67956354.88,34078331.83,33878023.06,3093.3,0.0,614852105.34,67899038.8,11558224.66,43
2019-10-17,67946528.73,34133661.02,33812867.72,3076.91,0.0,614785416.07,67952825.0,11558224.66,43
2019-10-18,67813700.95,34056556.51,33757144.44,3076.47,61.16,614727204.17,67874175.0,11558224.66,43
2019-10-21,67777017.32,34163610.13,33613407.19,9211.36,0.0,614578881.26,67976600.0,11558224.66,43
2019-10-22,67814773.35,34077116.47,33737656.88,3087.62,0.0,614701599.99,67888550.0,11558224.66,43
2019-10-23,68056635.3,34219086.14,33837549.16,3051.66,0.0,614799974.08,68028988.8,11558224.66,43
2019-10-24,68250023.21,34199462.2,34050561.01,3062.55,0.0,615011462.92,68007825.0,11558224.66,43
2019-10-25,68254468.32,34302170.18,33952298.15,3109.17,0.0,614911649.19,68108975.0,11558224.66,43
2019-10-28,68173988.32,34391729.55,33782258.76,9271.23,0.0,614736997.63,68193875.0,11558224.66,43
2019-10-29,68161858.46,34416015.98,33745842.48,3067.83,0.0,614699061.46,68216611.2,11558224.66,43
2019-10-30,68481022.31,34611220.58,33869801.73,3029.42,540.16,614818043.46,68410288.8,11558224.66,43
2019-10-31,68831685.21,34416845.84,34414839.37,3024.58,3365.47,478390355.24,68702351.32,11346651.69,45
2019-11-01,69199424.64,34654789.43,34544635.21,2887.11,0.0,478518707.57,68938848.68,11346651.69,45
2019-11-04,69159803.96,34684842.4,34474961.55,8592.26,0.0,478444744.62,68964598.68,11346651.69,45
2019-11-05,68702184.27,34470662.6,34231521.67,2881.66,0.0,478199868.6,68748976.32,11346651.69,45
2019-11-06,68917267.81,34618927.61,34298340.2,2919.84,0.0,478265231.98,68895773.68,11346651.69,45
2019-11-07,68491403.65,34491548.91,33999854.74,2928.98,0.0,477965288.83,68766923.68,11346651.69,45
2019-11-08,68456338.21,34543864.8,33912473.41,2910.88,0.0,477876462.51,68817773.68,11346651.69,45
2019-11-11,68326341.68,34514340.36,33812001.32,8671.14,0.0,477771694.84,68783873.68,11346651.69,45
2019-11-12,68607283.51,34603772.63,34003510.88,2884.89,0.0,477961776.78,68871850.0,11346651.69,45
2019-11-13,68816482.81,34739697.13,34076785.68,2972.98,0.0,478033578.41,69006273.68,11346651.69,45
2019-11-14,69297278.53,34877756.9,34419521.64,2943.82,0.0,478374856.64,69142850.0,11346651.69,45
2019-11-15,69465775.58,35065750.21,34400025.37,2964.38,61.16,478351656.1,69329348.68,11346651.69,45
2019-11-18,69588704.1,35159300.31,34429403.78,8914.77,157.5,478347027.04,69418398.68,11346651.69,45
2019-11-19,69657618.21,35152955.67,34504662.54,2976.85,0.0,478420812.98,69410550.0,11346651.69,45
2019-11-20,69682275.11,35141983.11,34540291.99,2979.8,85.5,478479633.15,69398076.32,11346651.69,45
2019-11-21,69342332.44,35004486.41,34337846.03,2980.85,81.0,478253065.62,69259076.32,11346651.69,45
2019-11-22,69434563.53,35082493.55,34352069.98,2985.57,0.0,478265811.46,69335573.68,11346651.69,45
2019-11-25,69862225.05,35343650.04,34518575.02,8968.63,0.0,478427879.35,69592198.68,11346651.69,45
2019-11-26,70146381.03,35514877.55,34631503.48,3066.18,0.0,478539292.83,69761875.0,11346651.69,45
2019-11-27,70136927.8,35546926.39,34590001.4,3059.16,136.0,478461633.46,69792375.0,11346651.69,45
2019-11-28,70115647.37,35548496.38,34567150.99,3097.71,659.36,478459383.06,69792375.0,11346651.69,45
2019-11-29,69916898.92,34958871.35,34958027.57,3096.77,4864.38,468618574.49,69822657.6,10963091.73,39
2019-12-02,69086370.57,34513620.9,34572749.67,9089.2,121.5,468265155.07,69372862.5,10963091.73,39
2019-12-03,69308938.55,34560801.08,34748137.47,3012.93,0.0,468439034.32,69418537.5,10963091.73,39
2019-12-04,69277603.05,34619749.61,34657853.44,2964.88,0.0,468347265.17,69476007.6,10963091.73,39
2019-12-05,69323175.28,34666603.74,34656571.55,2925.05,0.0,468344519.94,69521400.0,10963091.73,39
2019-12-06,69559180.22,34867725.21,34691455.01,2907.72,527.88,468436081.0,69721067.4,10963091.73,39
2019-12-09,69497702.38,34765528.77,34732173.61,8694.9,144.0,468533727.7,69614512.5,10963091.73,39
2019-12-10,69563019.48,34770982.09,34792037.38,2915.04,140.0,468512360.04,69618507.6,10963091.73,39
2019-12-11,69895086.84,34947189.76,34947897.08,2956.43,0.0,468666740.81,69793237.5,10963091.73,39
2019-12-12,69872790.44,34985715.97,34887074.47,2989.96,3252.48,468588508.5,69830267.4,10963091.73,39
2019-12-13,70386783.65,35204571.62,35182212.03,2969.59,0.0,468882162.83,70047637.5,10963091.73,39
2019-12-16,70640529.26,35291533.29,35348995.97,9032.97,2304.3,469050676.28,70130082.6,10963091.73,39
2019-12-17,70615159.69,35276505.48,35338654.21,3021.84,1917.0,469184515.69,70113542.4,10963091.73,39
2019-12-18,70396236.88,35232592.23,35163644.65,3001.14,0.0,469008002.64,70068132.6,10963091.73,39
2019-12-19,70472431.75,35409809.37,35062622.38,2991.84,1046.7,468888317.14,70294800.0,10963091.73,39
2019-12-20,70590351.38,35549849.12,35040502.26,3014.65,402.32,468849329.04,70433325.0,10963091.73,39
2019-12-23,70525026.09,35528903.47,34996122.61,9117.92,0.0,468800422.53,70407787.5,10963091.73,39
2019-12-24,70698917.79,35572855.56,35126062.23,3056.08,0.0,468928846.45,70450200.0,10963091.73,39
2019-12-25,70694526.94,35574387.17,35120139.77,3043.98,0.0,468921411.62,70450200.0,10963091.73,39
2019-12-26,71058946.17,35800918.84,35258027.32,3043.79,0.0,469057786.25,70675200.0,10963091.73,39
2019-12-27,71327689.34,35800697.77,35526991.57,3059.48,0.0,469325234.05,70673437.5,10963091.73,39
2019-12-30,70972368.45,35616142.2,35356226.25,9153.72,628.78,469157373.11,70484287.5,10963091.73,39
2019-12-31,70961987.59,35481832.11,35480155.49,3036.04,3287.62,493643141.55,70823888.88,12744064.13,56
2020-01-02,71498309.35,35847490.85,35650818.5,5992.35,0.0,493810808.17,71186550.0,12744064.13,56
2020-01-03,71564302.29,35802980.57,35761321.72,2998.96,0.0,493919817.14,71140536.12,12744064.13,56
2020-01-06,71588970.98,35856214.99,35732755.99,8885.9,0.0,493886810.75,71189325.0,12744064.13,56
2020-01-07,71493638.21,35741526.38,35752111.83,3042.53,0.0,493904647.69,71073112.5,12744064.13,56
2020-01-08,71335306.44,35908963.04,35426343.4,2998.76,0.0,493577379.4,71239048.62,12744064.13,56
2020-01-09,71643191.68,36117430.34,35525761.34,2992.12,0.0,493675311.67,71446011.12,12744064.13,56
2020-01-10,71859591.07,36047507.76,35812083.31,3005.03,49.0,493962643.59,71374573.62,12744064.13,56
2020-01-13,71961121.77,36282671.5,35678450.27,9042.33,0.0,493824503.67,71605201.38,12744064.13,56
2020-01-14,72212566.81,36325433.33,35887133.48,3078.34,0.0,494031659.54,71646411.12,12744064.13,56
2020-01-15,72429352.84,36446013.64,35983339.2,3089.09,0.0,494126330.09,71765437.5,12744064.13,56
2020-01-16,72558975.79,36644935.22,35914040.58,3098.37,0.0,494055493.54,71962800.0,12744064.13,56
2020-01-17,72845790.81,36709371.33,36136419.48,3063.6,105.22,494275180.21,72025688.88,12744064.13,56
2020-01-20,72862223.02,36714051.77,36148171.25,9287.84,0.0,494282324.59,72025688.88,12744064.13,56
2020-01-21,72781248.3,36802009.36,35979238.95,3096.64,45.0,494112302.61,72112086.12,12744064.13,56
2020-01-22,72824125.54,36797688.7,36026436.83,3093.2,0.0,494157969.76,72106201.38,12744064.13,56
2020-01-23,72699092.58,36932366.0,35766726.58,3074.8,329.16,493898043.91,72239325.0,12744064.13,56
2020-01-24,72453609.01,36716050.37,35737558.64,3069.52,0.0,493867364.2,72021450.0,12744064.13,56
2020-01-27,71482077.75,36297556.59,35184521.16,9117.08,0.0,493309830.55,71598336.12,12744064.13,56
2020-01-28,71813777.4,36645779.42,35167997.98,3018.13,0.0,493291820.99,71945026.38,12744064.13,56
2020-01-29,71851105.92,36696506.78,35154599.14,3072.03,0.0,493276919.36,71994186.12,12744064.13,56
2020-01-30,71832554.25,36968892.76,34863661.48,3053.67,472.26,492916605.28,72265012.5,12744064.13,56
2020-01-31,71063485.66,35532610.12,35530875.54,3072.84,3160.38,480009341.26,70879531.25,10704600.58,37
2020-02-03,71229755.09,35752593.95,35477161.15,9001.37,0.0,479951126.29,71095014.28,10704600.58,37
2020-02-04,71581854.1,36163185.86,35418668.24,3047.05,0.0,479891115.17,71504076.78,10704600.58,37
2020-02-05,71843341.38,36462766.78,35380574.6,3062.11,0.0,479851505.88,71802110.72,10704600.58,37
2020-02-06,72044237.15,36581278.36,35462958.79,3073.3,0.0,479932376.57,71919062.5,10704600.58,37
2020-02-07,72101013.86,36504295.0,35596718.86,3081.89,0.0,480064620.13,71840514.28,10704600.58,37
2020-02-10,72583819.09,36887108.24,35696710.85,9192.88,144.0,480140696.7,72218673.22,10704600.58,37
2020-02-11,72521141.9,36841523.22,35679618.69,3125.14,0.0,480122068.18,72171500.0,10704600.58,37
2020-02-12,72666865.04,37012036.72,35654828.33,3102.29,0.0,480095751.52,72340437.5,10704600.58,37
2020-02-13,72688060.97,37001644.57,35686416.4,3128.71,0.0,480125803.36,72328451.78,10704600.58,37
2020-02-14,72837550.53,37100594.41,35736956.12,3149.82,0.0,480174796.92,72425798.22,10704600.58,37
2020-02-17,72849604.09,37105386.57,35744217.52,9408.18,0.0,480177442.3,72425798.22,10704600.58,37
2020-02-18,72958157.95,37036575.23,35921582.72,3136.58,153.0,480347301.52,72355389.28,10704600.58,37
2020-02-19,73181402.45,37202544.86,35978857.59,3141.25,0.0,480403030.86,72519764.28,10704600.58,37
2020-02-20,73059729.21,37102819.85,35956909.35,3150.87,0.0,480379533.27,72418437.5,10704600.58,37
2020-02-21,72966083.99,36887903.06,36078180.93,3145.63,69.5,480498313.71,72201923.22,10704600.58,37
2020-02-24,71651842.89,35863964.29,35787878.6,9303.18,0.0,480203411.15,71173281.25,10704600.58,37
2020-02-25,70712802.5,34960302.38,35752500.13,2985.49,0.0,480166541.78,70268125.0,10704600.58,37
2020-02-26,70319212.08,34771648.33,35547563.74,2946.37,132.6,479924091.92,70078014.28,10704600.58,37
2020-02-27,68502076.53,33116770.37,35385306.16,2929.97,77.0,479737563.72,68421687.5,10704600.58,37
2020-02-28,68628946.6,34316382.3,34312564.3,2702.03,9016.2,603846819.64,34226500.0,4749716.9,31
2020-03-02,69078492.9,34411236.9,34667256.0,7148.85,103.5,604193009.37,34317782.52,4749716.9,31
2020-03-03,69780667.45,34575008.38,35205659.07,2110.73,0.0,604730353.93,34480500.0,4749716.9,31
2020-03-04,69891784.14,34639401.56,35252382.58,1802.67,0.0,604776167.2,34544000.0,4749716.9,31
2020-03-05,70192602.96,34775019.69,35417583.27,1378.42,0.0,604940673.4,34678937.5,4749716.9,31
2020-03-06,71123635.92,35128828.95,35994806.97,1189.37,2365.5,605484826.82,35032157.52,4749716.9,31
2020-03-09,72345456.13,35519083.78,36826372.34,2667.14,0.0,606315043.16,35421092.48,4749716.9,31
2020-03-10,71097324.16,35055057.03,36042267.13,643.07,0.0,605530610.6,34956750.0,4749716.9,31
2020-03-11,71162736.25,34995943.22,36166793.02,849.22,0.0,605654705.22,34897217.48,4749716.9,31
2020-03-12,70630692.92,34960624.31,35670068.61,810.46,0.0,605157568.9,34861500.0,4749716.9,31
2020-03-13,69528457.74,34714879.74,34813578.0,647.45,0.0,604300750.55,34615437.5,4749716.9,31
2020-03-16,69946088.31,35144285.82,34801802.48,1564.39,2633.2,604406962.32,35044062.5,4749716.9,31
2020-03-17,68807710.71,34616677.64,34191033.07,466.31,2955.5,605774267.93,34516217.48,4749716.9,31
2020-03-18,67506177.5,34156485.34,33349692.16,363.15,0.0,604932745.8,34055842.48,4749716.9,31
2020-03-19,67899621.68,34446221.79,33453399.89,37.5,0.0,605036436.54,34345562.5,4749716.9,31
2020-03-20,69134820.6,34831230.09,34303590.52,75.44,0.0,605886589.23,34730532.52,4749716.9,31
2020-03-23,70256596.22,35204437.72,35052158.5,288.06,0.0,606635013.51,35103592.48,4749716.9,31
2020-03-24,70077924.2,35013957.28,35063966.92,39.03,0.0,606646803.23,34913092.48,4749716.9,31
2020-03-25,69942264.18,34986184.48,34956079.69,19.47,0.0,606538906.26,34885312.5,4749716.9,31
2020-03-26,70334858.14,35085365.63,35249492.51,-77.71,0.0,606832357.15,34984532.52,4749716.9,31
2020-03-27,70721664.54,35220254.4,35501410.15,-97.69,0.0,607084325.28,35119467.48,4749716.9,31
2020-03-30,71077334.67,35363217.45,35714117.22,176.8,0.0,607296943.6,35262342.48,4749716.9,31
2020-03-31,70832884.07,35417363.54,35415520.52,236.92,3093.52,422297177.22,35365312.5,3265797.18,24
2020-04-01,70907511.08,35493173.61,35414337.47,216.43,0.0,422295886.68,35441016.9,3265797.18,24
2020-04-02,70798042.67,35469356.1,35328686.58,177.27,0.0,422210147.25,35417108.1,3265797.18,24
2020-04-03,70896842.73,35533194.77,35363647.96,177.0,0.0,422245021.05,35480858.1,3265797.18,24
2020-04-06,70609401.29,35346223.98,35263177.31,590.81,0.0,422144254.97,35293593.75,3265797.18,24
2020-04-07,70300290.31,35218871.25,35081419.05,294.21,0.0,421962349.78,35166093.75,3265797.18,24
2020-04-08,70281255.41,35203070.72,35078184.69,273.39,0.0,421958979.72,35150156.25,3265797.18,24
2020-04-09,70585345.45,35306882.15,35278463.3,429.5,0.0,422159043.97,35253750.0,3265797.18,24
2020-04-10,70585835.63,35307127.33,35278708.29,490.18,0.0,422159043.97,35253750.0,3265797.18,24
2020-04-13,70528033.33,35264033.5,35263999.83,1470.54,0.0,422143600.53,35209920.6,3265797.18,24
2020-04-14,70549544.4,35300146.28,35249398.12,509.37,0.0,422128744.13,35245781.25,3265797.18,24
2020-04-15,70981214.29,35539404.9,35441809.4,391.94,0.0,422320958.12,35484843.75,3265797.18,24
2020-04-16,70984045.66,35559466.25,35424579.41,276.04,0.0,422303591.03,35504766.9,3265797.18,24
2020-04-17,70824818.91,35471948.29,35352870.62,276.05,0.0,422231745.21,35417108.1,3265797.18,24
2020-04-20,70927487.8,35528084.26,35399403.54,708.25,0.0,422277923.88,35472891.9,3265797.18,24
2020-04-21,71052139.52,35599921.44,35452218.08,236.42,0.0,422330620.42,35544608.1,3265797.18,24
2020-04-22,70892659.17,35512373.96,35380285.21,217.1,58.5,422267655.74,35456954.4,3265797.18,24
2020-04-23,70908197.99,35504523.59,35403674.4,236.31,0.0,422290928.45,35448983.1,3265797.18,24
2020-04-24,70903686.64,35528538.33,35375148.32,216.66,0.0,422262293.47,35472891.9,3265797.18,24
2020-04-27,70609914.82,35413345.46,35196569.36,709.04,0.0,422083360.76,35357343.75,3265797.18,24
2020-04-28,70797314.15,35505105.41,35292208.75,235.37,0.0,422178882.82,35448983.1,3265797.18,24
2020-04-29,70782553.89,35493259.49,35289294.39,216.33,0.0,422175860.63,35437031.25,3265797.18,24
2020-04-30,70941557.01,35471009.25,35470547.76,196.62,1545.99,423727009.5,35460937.5,3496556.23,25
2020-05-01,70792177.78,35423285.43,35368892.35,177.35,0.0,423625266.14,35413125.0,3496556.23,25
2020-05-04,70840309.55,35447543.36,35392766.18,707.92,0.0,423648785.55,35437031.25,3496556.23,25
2020-05-05,70799291.08,35419782.02,35379509.06,255.81,0.0,423635400.63,35409141.9,3496556.23,25
2020-05-06,70567682.59,35340222.42,35227460.17,255.66,0.0,423483223.97,35329454.4,3496556.23,25
2020-05-07,70962517.77,35531590.22,35430927.55,235.23,0.0,423686573.2,35520704.4,3496556.23,25
2020-05-08,70827173.09,35444042.54,35383130.55,216.83,0.0,423638669.4,35433045.6,3496556.23,25
2020-05-11,70617908.07,35360726.38,35257181.69,708.27,0.0,423512365.98,35349375.0,3496556.23,25
2020-05-12,70729896.82,35444514.85,35285381.96,235.39,0.0,423540448.73,35433045.6,3496556.23,25
2020-05-13,70848165.83,35512375.95,35335789.88,255.41,136.5,423534533.67,35500781.25,3496556.23,25
2020-05-14,70950835.1,35564302.33,35386532.76,255.84,0.0,423585148.95,35552579.4,3496556.23,25
2020-05-15,70918599.59,35540514.63,35378084.96,236.5,0.0,423576583.92,35528670.6,3496556.23,25
2020-05-18,70553495.55,35353603.14,35199892.41,709.19,0.0,423398037.59,35341406.25,3496556.23,25
2020-05-19,70573852.25,35421466.45,35152385.8,254.78,0.0,423350404.6,35409141.9,3496556.23,25
2020-05-20,70767602.35,35477375.61,35290226.73,254.85,0.0,423488117.86,35464920.6,3496556.23,25
2020-05-21,70773507.25,35473510.77,35299996.48,235.89,0.0,423497769.24,35460937.5,3496556.23,25
2020-05-22,70794616.89,35497532.72,35297084.17,235.91,0.0,423494740.0,35484843.75,3496556.23,25
2020-05-25,70806276.72,35497887.69,35308389.03,707.95,0.0,423505691.89,35484843.75,3496556.23,25
2020-05-26,70564824.86,35446210.42,35118614.44,236.02,0.0,423315800.33,35433045.6,3496556.23,25
2020-05-27,70611001.77,35490177.67,35120824.11,274.42,108.8,423415948.6,35476875.0,3496556.23,25
2020-05-28,70576005.15,35446496.14,35129509.01,294.21,387.94,423391923.83,35433045.6,3496556.23,25
2020-05-29,70818023.24,35409827.18,35408196.05,294.07,5210.23,385202317.83,70609075.0,7321085.75,23
2020-06-01,70892196.81,35537535.32,35354661.49,826.21,0.0,385148369.92,70736367.48,7321085.75,23
2020-06-02,71015510.26,35764783.48,35250726.78,275.69,0.0,385044298.22,70963482.52,7321085.75,23
2020-06-03,71143921.6,36066977.52,35076944.08,295.9,0.0,384870368.39,71265525.0,7321085.75,23
2020-06-04,70905917.34,35883817.8,35022099.54,316.2,0.0,384815367.7,71082207.52,7321085.75,23
2020-06-05,71392580.19,36589874.83,34802705.35,295.44,0.0,384595828.1,71788112.5,7321085.75,23
2020-06-08,72009576.18,37114624.69,34894951.49,892.41,293.82,384648302.83,72312407.52,7321085.75,23
2020-06-09,71962421.28,36966757.47,34995663.81,340.05,0.0,384748849.86,72164362.5,7321085.75,23
2020-06-10,72049332.92,36935220.05,35114112.87,379.8,0.0,384867114.22,72132632.52,7321085.75,23
2020-06-11,70295631.02,35039569.47,35256061.55,340.23,2245.04,385008602.75,70236807.52,7321085.75,23
2020-06-12,70447222.04,35244559.93,35202662.11,331.95,0.0,384955036.82,70441632.52,7321085.75,23
2020-06-15,70833377.89,35688729.86,35144648.03,939.3,976.94,384895326.06,70885332.52,7321085.75,23
2020-06-16,71373966.64,36260203.33,35113763.32,354.17,3015.0,384824788.81,71456625.0,7321085.75,23
2020-06-17,71313098.37,36175362.05,35137736.32,337.04,0.0,384848596.0,71371612.5,7321085.75,23
2020-06-18,71292368.68,36129621.4,35162747.28,336.76,1044.0,384873440.52,71199142.48,7321085.75,23
2020-06-19,70859626.57,35671274.46,35188352.11,316.85,0.0,384898889.33,70740637.5,7321085.75,23
2020-06-22,71467965.26,36246377.87,35221587.39,885.75,0.0,384931684.5,71315292.48,7321085.75,23
2020-06-23,71569153.81,36348343.94,35220809.87,317.64,0.0,384930750.95,71417100.0,7321085.75,23
2020-06-24,70797717.51,35574055.49,35223662.02,318.09,0.0,384933446.3,70642650.0,7321085.75,23
2020-06-25,71141771.53,35834441.22,35307330.32,294.99,0.0,385016967.58,70902887.5,7321085.75,23
2020-06-26,70499567.03,35174475.48,35325091.55,316.19,0.0,385034572.4,70242762.5,7321085.75,23
2020-06-29,70974312.67,35675368.37,35298944.3,822.49,0.0,385008013.03,70743242.48,7321085.75,23
2020-06-30,71397994.81,35699768.15,35698226.66,276.01,2373.09,488650941.1,71320388.78,8242700.49,28
2020-07-01,71400120.89,35791191.87,35608929.01,317.32,0.0,488561484.27,71411648.72,8242700.49,28
2020-07-02,71842294.2,36127629.78,35714664.42,277.67,0.0,488667081.46,71747950.0,8242700.49,28
2020-07-03,71876118.67,36127770.28,35748348.39,279.39,0.0,488700626.54,71747950.0,8242700.49,28
2020-07-06,72538948.21,36596840.49,35942107.72,838.55,0.0,488893968.81,72216601.28,8242700.49,28
2020-07-07,72215691.0,36242970.54,35972720.46,302.25,0.0,488924431.53,71862573.72,8242700.49,28
2020-07-08,72603446.23,36550970.27,36052475.96,300.9,0.0,489004037.14,72170425.0,8242700.49,28
2020-07-09,72462531.89,36371247.56,36091284.33,302.51,0.0,489042695.28,71990550.0,8242700.49,28
2020-07-10,72789219.21,36732503.9,36056715.3,261.67,0.0,489007995.93,72351675.0,8242700.49,28
2020-07-13,72502397.75,36383514.34,36118883.41,788.55,0.0,489069773.42,72002287.5,8242700.49,28
2020-07-14,72976793.88,36842792.05,36134001.83,281.95,0.0,489084751.91,72461426.28,8242700.49,28
2020-07-15,73388948.36,37238746.84,36150201.52,304.07,0.0,489100800.51,72857225.0,8242700.49,28
2020-07-16,73085387.76,36986161.07,36099226.69,326.17,0.0,489049665.55,72604476.28,8242700.49,28
2020-07-17,73338697.1,37179499.08,36159198.02,223.32,0.0,489109526.31,72797701.28,8242700.49,28
2020-07-20,73777010.63,37548779.95,36228230.67,672.27,0.0,489178227.76,73166636.22,8242700.49,28
2020-07-21,74141676.87,37650215.55,36491461.32,266.42,0.0,489441327.06,73267936.22,8242700.49,28
2020-07-22,74411366.02,37826937.73,36584428.29,267.73,0.0,489534162.26,73444525.0,8242700.49,28
2020-07-23,74036772.5,37404174.32,36632598.18,268.71,0.0,489582200.03,73021625.0,8242700.49,28
2020-07-24,73655015.81,37120875.28,36534140.53,246.79,0.0,489483620.8,72738198.72,8242700.49,28
2020-07-27,74148886.55,37419501.78,36729384.77,675.17,0.0,489678530.15,73036487.5,8242700.49,28
2020-07-28,74058445.34,37257279.9,36801165.45,226.57,0.0,489750198.07,72874148.72,8242700.49,28
2020-07-29,74566616.57,37725617.46,36840999.11,226.29,0.0,489789919.28,73342375.0,8242700.49,28
2020-07-30,74603607.8,37750421.51,36853186.29,227.84,324.94,489798661.59,73367061.22,8242700.49,28
2020-07-31,74749976.57,37375657.47,37374319.09,186.51,2087.08,541391268.18,74627854.92,9567591.07,41
2020-08-03,75001237.35,37624780.21,37376457.14,560.62,0.0,541393126.2,74876700.0,9567591.07,41
2020-08-04,75496126.86,37860467.3,37635659.56,208.34,0.0,541652225.08,75112279.92,9567591.07,41
2020-08-05,75668898.87,37977261.96,37691636.91,188.74,0.0,541708108.34,75228979.92,9567591.07,41
2020-08-06,76136844.24,38321609.87,37815234.37,210.19,0.0,541831600.54,75573225.0,9567591.07,41
2020-08-07,75651253.07,38273411.4,37377841.68,211.49,0.0,541394103.37,75524917.42,9567591.07,41
2020-08-10,75839057.91,38344547.76,37494510.15,630.43,0.0,541510460.07,75595737.5,9567591.07,41
2020-08-11,75101596.09,37917927.43,37183668.66,231.73,0.0,541199503.74,75169000.0,9567591.07,41
2020-08-12,75569382.29,38359418.29,37209964.0,229.48,0.0,541225685.46,75610375.0,9567591.07,41
2020-08-13,75584593.95,38275585.5,37309008.45,230.91,0.0,541324616.78,75526425.0,9567591.07,41
2020-08-14,75517506.29,38245691.82,37271814.47,209.96,0.0,541287318.88,75496425.0,9567591.07,41
2020-08-17,76101896.22,38509005.61,37592890.61,629.31,0.0,541608084.13,75759417.42,9567591.07,41
2020-08-18,76399861.03,38608750.08,37791110.95,211.39,0.0,541806200.05,75859054.92,9567591.07,41
2020-08-19,76100348.79,38441526.52,37658822.27,191.0,0.0,541673817.46,75691737.5,9567591.07,41
2020-08-20,76186841.91,38583118.98,37603722.93,232.53,0.0,541618602.48,75833212.5,9567591.07,41
2020-08-21,76273528.13,38717774.38,37555753.75,232.79,63.0,541572681.98,75967750.0,9567591.07,41
2020-08-24,76690269.85,39106379.6,37583890.24,635.61,0.0,541600504.93,76356029.92,9567591.07,41
2020-08-25,76851402.3,39229952.38,37621449.92,255.63,252.0,541571951.33,76479475.0,9567591.07,41
2020-08-26,77331786.27,39656584.75,37675201.52,234.82,0.0,541625587.98,76905987.5,9567591.07,41
2020-08-27,77271463.43,39622518.42,37648945.01,236.29,237.2,541527613.17,76871800.0,9567591.07,41
2020-08-28,77861707.64,39917864.49,37943843.15,236.11,274.3,541819095.57,77167025.0,9567591.07,41
2020-08-31,77949542.23,38975157.94,38974384.29,648.85,4241.35,531895760.59,77689650.0,9759598.5,42
2020-09-01,78395632.97,39338389.53,39057243.44,238.18,0.0,531978501.21,78052762.5,9759598.5,42
2020-09-02,78890253.41,39949012.68,38941240.73,261.32,0.0,531862368.93,78663254.52,9759598.5,42
2020-09-03,77589982.18,38707510.07,38882472.11,262.97,0.0,531803469.33,77421618.75,9759598.5,42
2020-09-04,76781971.34,38009978.34,38771993.0,237.08,0.0,531692872.59,76723968.75,9759598.5,42
2020-09-07,76767581.64,38010326.77,38757254.87,703.83,0.0,531677779.05,76723968.75,9759598.5,42
2020-09-08,75786776.73,37200507.14,38586269.59,234.57,104.58,531438439.45,75914032.98,9759598.5,42
2020-09-09,76527097.78,37893213.02,38633884.76,273.67,0.0,531485914.79,76606604.52,9759598.5,42
2020-09-10,75937786.98,37269347.31,38668439.67,255.09,2303.16,531510792.64,75982612.5,9759598.5,42
2020-09-11,76042537.02,37238140.29,38804396.73,253.13,0.0,531646620.99,75951281.25,9759598.5,42
2020-09-14,76699314.78,37775245.87,38924068.92,697.06,1979.8,531787759.82,76488045.48,9759598.5,42
2020-09-15,77003954.85,38006090.81,38997864.04,234.36,4196.08,531894959.71,76718775.0,9759598.5,42
2020-09-16,76861126.74,37818302.42,39042824.32,235.29,0.0,531939800.34,76530870.48,9759598.5,42
2020-09-17,76598741.75,37501079.48,39097662.27,256.2,999.0,531994509.0,76103520.48,9759598.5,42
2020-09-18,76361645.89,37102371.5,39259274.38,191.5,54.78,532154803.69,75704718.75,9759598.5,42
2020-09-21,75361867.49,36688399.44,38673468.05,636.35,0.0,531568670.88,75290437.5,9759598.5,42
2020-09-22,75540703.19,36975113.85,38565589.34,209.34,0.0,531460684.43,75577050.0,9759598.5,42
2020-09-23,74562605.58,36185541.56,38377064.01,209.84,0.0,531272051.98,74787375.0,9759598.5,42
2020-09-24,74605629.42,36282372.61,38323256.81,227.83,67.5,531214633.31,74884095.48,9759598.5,42
2020-09-25,75131050.15,36846585.89,38284464.26,207.24,0.0,531175732.52,75448207.98,9759598.5,42
2020-09-28,75919251.88,37494659.97,38424591.91,626.09,76.5,531429178.26,76095975.0,9759598.5,42
2020-09-29,75884425.94,37402393.29,38482032.66,231.98,274.3,531483362.77,76003593.75,9759598.5,42
2020-09-30,76213357.48,38107381.4,38105976.08,189.71,2975.82,603484058.12,76137231.25,10226606.01,48
2020-10-01,76381393.57,38290516.74,38090876.82,211.7,0.0,603468854.08,76320260.74,10226606.01,48
2020-10-02,75959745.34,37937276.73,38022468.61,190.95,0.0,603400350.14,75966925.0,10226606.01,48
2020-10-05,76470892.84,38406859.5,38064033.34,569.7,99.0,603467468.7,76436223.24,10226606.01,48
2020-10-06,76139250.5,37989928.68,38149321.82,212.42,0.0,603552651.94,76019185.74,10226606.01,48
2020-10-07,76774736.72,38507679.72,38267057.0,211.5,0.0,603670280.83,76536831.25,10226606.01,48
2020-10-08,77228985.99,38912253.68,38316732.31,213.26,0.0,603719849.67,76941298.24,10226606.01,48
2020-10-09,77973473.9,39292516.98,38680956.92,193.07,0.0,604083977.92,77321464.26,10226606.01,48
2020-10-12,78538652.26,39989498.91,38549153.35,649.78,0.0,603951851.51,78018118.75,10226606.01,48
2020-10-13,78274274.54,39752855.5,38521419.04,218.16,0.0,603924010.12,77781364.26,10226606.01,48
2020-10-14,78178116.27,39487681.45,38690434.82,239.17,81.0,604009110.25,77516068.75,10226606.01,48
2020-10-15,78182524.01,39399794.33,38782729.68,260.59,0.0,604101276.65,77428050.0,10226606.01,48
2020-10-16,78047522.75,39232464.72,38815058.03,238.89,0.0,604133485.85,77260600.0,10226606.01,48
2020-10-19,77648443.36,38746110.09,38902333.27,715.44,0.0,604220405.61,76773885.74,10226606.01,48
2020-10-20,77745892.28,38794332.0,38951560.28,237.26,0.0,604269513.89,76821989.26,10226606.01,48
2020-10-21,77884706.17,38763152.26,39121553.91,215.96,0.0,604439397.94,76790701.76,10226606.01,48
2020-10-22,77844306.73,38885122.44,38959184.29,216.35,0.0,604276920.72,76912564.26,10226606.01,48
2020-10-23,77985002.77,38922128.63,39062874.14,194.61,0.0,604380512.11,76949473.24,10226606.01,48
2020-10-26,77340250.75,38338094.0,39002156.75,649.88,0.0,604319469.51,76365114.26,10226606.01,48
2020-10-27,77359563.09,38274490.64,39085072.46,236.32,259.0,604429904.9,76301393.75,10226606.01,48
2020-10-28,75605108.32,36905476.44,38699631.87,214.89,72.0,604091148.81,74932273.24,10226606.01,48
2020-10-29,75726850.21,37238749.47,38488100.74,210.01,346.02,603867520.78,75265443.75,10226606.01,48
2020-10-30,75171993.54,37586227.36,37585766.17,189.32,1293.69,593828058.1,75001906.25,9687261.92,44
2020-11-02,75687524.93,38018807.49,37668717.44,563.79,0.0,593910728.43,75434204.48,9687261.92,44
2020-11-03,76525954.98,38665354.31,37860600.67,189.22,0.0,594102516.54,76080656.25,9687261.92,44
2020-11-04,77885492.14,39752072.44,38133419.7,212.57,0.0,594375231.52,77167266.98,9687261.92,44
2020-11-05,79056458.86,40524665.88,38531792.98,216.35,0.0,594773497.9,77939750.0,9687261.92,44
2020-11-06,78873080.05,40389857.93,38483222.12,219.6,0.0,594724821.32,77804829.48,9687261.92,44
2020-11-09,78815933.23,40625035.55,38190897.67,657.28,0.0,594432174.87,78039670.52,9687261.92,44
2020-11-10,78867084.96,40552551.67,38314533.3,240.83,0.0,594555693.98,77967062.5,9687261.92,44
2020-11-11,79167712.55,40909743.79,38257968.76,219.08,0.0,594499024.14,78324141.98,9687261.92,44
2020-11-12,78942858.72,40649809.2,38293049.52,219.91,0.0,594533998.63,78064093.75,9687261.92,44
2020-11-13,79573908.12,41206470.35,38367437.77,219.29,0.0,594608279.05,78620641.98,9687261.92,44
2020-11-16,80243643.39,41657106.17,38586537.22,596.8,0.0,594827090.75,79070968.75,9687261.92,44
2020-11-17,80202758.67,41542321.04,38660437.63,200.61,0.0,594900895.81,78956079.48,9687261.92,44
2020-11-18,79800846.91,41032657.91,38768189.0,200.51,0.0,595008550.87,78446312.5,9687261.92,44
2020-11-19,79929938.58,41251839.98,38678098.6,199.5,67.5,594920493.37,78665391.98,9687261.92,44
2020-11-20,79802792.91,40993903.21,38808889.71,155.42,0.0,595051207.8,78407375.0,9687261.92,44
2020-11-23,80037390.01,41193454.84,38843935.17,465.52,135.0,595117362.21,78606687.5,9687261.92,44
2020-11-24,80715196.7,41829233.88,38885962.82,177.86,0.0,595159304.68,79242375.0,9687261.92,44
2020-11-25,80623874.01,41770321.47,38853552.54,201.79,49.5,595140596.52,79183358.02,9687261.92,44
2020-11-26,80703942.12,41770425.9,38933516.22,201.56,132.6,595170706.99,79183358.02,9687261.92,44
2020-11-27,81066447.29,41953126.78,39113320.5,201.76,261.64,595348194.45,79365954.48,9687261.92,44
2020-11-30,80644272.87,40322623.95,40321648.92,608.0,5029.63,650294418.88,80426092.08,11647950.98,62
2020-12-01,80763634.69,40522486.88,40241147.8,179.21,0.0,650213827.06,80625862.5,11647950.98,62
2020-12-02,80798522.17,40592964.86,40205557.31,201.91,0.0,650178137.06,80696242.08,11647950.98,62
2020-12-03,81067045.43,40630743.01,40436302.41,202.0,0.0,650408781.65,80733918.75,11647950.98,62
2020-12-04,81347191.42,40920842.46,40426348.96,180.15,0.0,650398738.5,81023925.0,11647950.98,62
2020-12-07,81344198.58,40940702.71,40403495.87,610.1,103.5,650408114.66,81043481.25,11647950.98,62
2020-12-08,81349788.63,41092952.85,40256835.78,180.76,1932.24,650338562.83,81195637.5,11647950.98,62
2020-12-09,81032622.4,40711043.08,40321579.32,203.37,0.0,650403205.73,80813625.0,11647950.98,62
2020-12-10,81305982.04,40744028.97,40561953.07,180.07,2070.02,650635121.08,80846520.42,11647950.98,62
2020-12-11,81426907.52,40722752.43,40704155.08,180.68,0.0,650777231.13,80825156.25,11647950.98,62
2020-12-14,81302388.57,40554753.5,40747635.07,542.85,2531.3,650914283.3,80656882.92,11647950.98,62
2020-12-15,81897684.85,41023998.64,40873686.21,203.26,4523.14,651078630.36,81126029.58,11647950.98,62
2020-12-16,82012258.62,41102558.55,40909700.07,181.99,0.0,651114551.97,81204495.42,11647950.98,62
2020-12-17,82598987.22,41303468.56,41295518.66,205.03,1021.26,651491886.24,81328604.58,11647950.98,62
2020-12-18,82453986.21,41199583.67,41254402.54,183.55,230.28,651439872.65,81224625.0,11647950.98,62
2020-12-21,82162528.14,40976853.76,41185674.38,549.69,4.5,651371013.39,81001620.42,11647950.98,62
2020-12-22,81979704.79,40946262.45,41033442.34,205.41,0.0,651218677.13,80970929.58,11647950.98,62
2020-12-23,82237187.08,40929883.56,41307303.52,204.95,0.0,651492436.29,80954445.42,11647950.98,62
2020-12-24,82533837.02,41111665.47,41422171.55,205.59,259.0,651621519.49,81136125.0,11647950.98,62
2020-12-25,82538941.97,41111768.25,41427173.72,206.33,0.0,651626418.11,81136125.0,11647950.98,62
2020-12-28,82856252.84,41486465.76,41369787.09,619.04,0.0,651568721.13,81510517.08,11647950.98,62
2020-12-29,83143210.27,41403342.52,41739867.75,253.17,119.84,651942776.41,81427267.08,11647950.98,62
2020-12-30,83605643.82,41464271.7,42141372.12,230.95,434.66,652342253.36,81488081.25,11647950.98,62
2020-12-31,84044607.71,42022652.14,42021955.57,185.79,2137.57,627369317.01,83961748.48,11114322.48,56
2021-01-04,83502212.68,41404523.88,42097688.8,840.45,0.0,627444630.2,83343200.0,11114322.48,56
2021-01-05,84198161.45,41610324.36,42587837.1,208.76,0.0,627934672.1,83548900.0,11114322.48,56
2021-01-06,84172186.61,41664879.9,42507306.71,210.5,0.0,627854036.22,83603348.48,11114322.48,56
2021-01-07,84656340.96,42204984.06,42451356.9,210.43,0.0,627797978.96,84143348.48,11114322.48,56
2021-01-08,84753204.63,42361238.06,42391966.57,211.64,0.0,627738482.1,84299500.0,11114322.48,56
2021-01-11,84176666.62,42004671.98,42171994.63,565.02,0.0,627518229.53,83942651.52,11114322.48,56
2021-01-12,84607035.01,42023265.33,42583769.69,187.06,35.0,627933445.65,83961148.48,11114322.48,56
2021-01-13,84893038.18,42240970.39,42652067.79,211.52,0.0,628001637.3,84178748.48,11114322.48,56
2021-01-14,85034892.65,42039327.51,42995565.14,212.23,0.0,628345028.23,83977000.0,11114322.48,56
2021-01-15,84519163.06,41804881.09,42714281.98,212.59,33.36,628062904.83,83742451.52,11114322.48,56
2021-01-18,84474763.94,41805194.62,42669569.32,633.89,0.0,628017871.81,83742451.52,11114322.48,56
2021-01-19,84823501.15,42145450.66,42678050.49,211.19,17.5,628026515.57,84082600.0,11114322.48,56
2021-01-20,85546102.92,42765452.98,42780649.94,212.06,4.5,628129012.62,84702500.0,11114322.48,56
2021-01-21,85604575.31,42752999.53,42851575.78,190.1,0.0,628199841.62,84689948.48,11114322.48,56
2021-01-22,85007124.83,42664254.9,42342869.94,214.01,0.0,627691028.86,84601100.0,11114322.48,56
2021-01-25,85513818.93,42928642.37,42585176.57,566.71,0.0,627933053.39,84865200.0,11114322.48,56
2021-01-26,85687787.5,42861549.69,42826237.81,213.78,0.0,628174008.38,84798000.0,11114322.48,56
2021-01-27,84449450.94,41808729.99,42640720.95,166.62,72.0,627985281.62,83745100.0,11114322.48,56
2021-01-28,84518108.52,42115325.94,42402782.58,187.67,555.06,627782202.27,84051600.0,11114322.48,56
2021-01-29,83495482.54,41747492.95,41747989.58,164.34,1760.47,620169160.55,41684062.5,10345567.72,53
2021-02-01,84424030.74,42428326.69,41995704.05,417.48,0.0,620416666.27,42364687.5,10345567.72,53
2021-02-02,84968623.52,43019034.19,41949589.33,164.16,0.0,620370469.89,42955312.5,10345567.72,53
2021-02-03,85190657.63,43078180.34,42112477.29,165.22,0.0,620533275.29,43014375.0,10345567.72,53
2021-02-04,85564473.77,43539478.2,42024995.57,94.66,0.0,620445746.38,43475625.0,10345567.72,53
2021-02-05,86012516.88,43716714.08,42295802.8,95.07,0.0,620716507.32,43652812.5,10345567.72,53
2021-02-08,86657322.75,44029010.87,42628311.88,215.03,99.0,621111051.05,43965000.0,10345567.72,53
2021-02-09,86843494.99,44000947.02,42842547.96,120.36,0.0,621325226.14,43936875.0,10345567.72,53
2021-02-10,86742538.95,43972870.91,42769668.04,96.49,0.0,621252300.0,43908750.0,10345567.72,53
2021-02-11,86806014.08,44074181.99,42731832.09,120.48,35.0,621216189.65,44010000.0,10345567.72,53
2021-02-12,87124599.67,44287993.2,42836606.46,120.56,265.5,621402500.57,44223750.0,10345567.72,53
2021-02-15,87210659.52,44288140.83,42922518.69,290.42,0.0,621488270.01,44223750.0,10345567.72,53
2021-02-16,87420054.01,44251627.54,43168426.48,96.9,0.0,621734128.72,44187187.5,10345567.72,53
2021-02-17,87260708.01,44254489.21,43006218.81,97.13,0.0,621571874.07,44190000.0,10345567.72,53
2021-02-18,87067886.57,44046413.38,43021473.19,96.96,67.5,621596709.28,43981875.0,10345567.72,53
2021-02-19,87116939.54,43973325.08,43143614.46,72.56,50.14,621718302.62,43908750.0,10345567.72,53
2021-02-22,87068242.32,43641596.66,43426645.66,290.39,130.5,622022762.31,43576875.0,10345567.72,53
2021-02-23,87187177.24,43692258.03,43494919.21,72.56,322.0,622114321.26,43627500.0,10345567.72,53
2021-02-24,87894480.77,44192931.58,43701549.19,96.87,72.0,622317453.93,44128125.0,10345567.72,53
2021-02-25,86544912.33,43129843.4,43415068.92,73.25,485.32,622025756.96,43065000.0,10345567.72,53
2021-02-26,85547672.67,42774860.7,42772811.98,96.16,5034.82,497405572.22,42663600.0,9588343.88,48
2021-03-01,86626751.12,43777403.28,42849347.84,285.16,0.0,497481965.51,43666000.0,9588343.88,48
2021-03-02,86428545.83,43427464.08,43001081.75,120.31,0.0,497633639.91,43316000.0,9588343.88,48
2021-03-03,85762467.85,42859112.33,42903355.51,96.03,0.0,497535865.89,42747600.0,9588343.88,48
2021-03-04,84844602.23,42285171.86,42559430.37,119.11,0.0,497191881.16,42173600.0,9588343.88,48
2021-03-05,85636431.33,43108418.84,42528012.48,94.27,0.0,497160415.98,42996800.0,9588343.88,48
2021-03-08,85337317.13,42887362.54,42449954.59,285.45,0.0,497082216.33,42775600.0,9588343.88,48
2021-03-09,86118933.51,43492222.1,42626711.41,118.52,0.0,497258914.19,43380400.0,9588343.88,48
2021-03-10,86371935.25,43752682.51,42619252.74,119.61,0.0,497251396.32,43640800.0,9588343.88,48
2021-03-11,87217383.4,44203531.12,43013852.28,95.97,2044.58,497642392.03,44091600.0,9588343.88,48
2021-03-12,87179089.52,44265180.24,42913909.28,96.91,0.0,497542401.23,44153200.0,9588343.88,48
2021-03-15,87437908.44,44548127.79,42889780.65,290.6,2309.6,497523512.9,44436000.0,9588343.88,48
2021-03-16,87506782.85,44492177.29,43014605.57,97.15,3951.3,497594978.41,44380000.0,9588343.88,48
2021-03-17,87666057.6,44621002.0,43045055.6,48.61,0.0,497625404.55,44508800.0,9588343.88,48
2021-03-18,86702815.96,43976018.79,42726797.16,48.7,1030.26,497303436.12,43747200.0,9588343.88,48
2021-03-19,86550154.53,43906031.01,42644123.52,24.08,231.76,497199039.74,43677200.0,9588343.88,48
2021-03-22,86911824.02,44244867.6,42666956.42,72.13,4.5,497221861.61,44016000.0,9588343.88,48
2021-03-23,86194281.12,43906104.47,42288176.66,72.43,0.0,496843046.29,43677200.0,9588343.88,48
2021-03-24,85962268.48,43693316.66,42268951.81,23.94,0.0,496823809.7,43464400.0,9588343.88,48
2021-03-25,85907737.89,43914540.94,41993196.95,47.76,76.5,496604845.35,43685600.0,9588343.88,48
2021-03-26,86925823.07,44634165.34,42291657.73,47.73,0.0,496903282.8,44405200.0,9588343.88,48
2021-03-29,86804397.49,44569839.73,42234557.76,144.88,67.5,496855479.84,44340800.0,9588343.88,48
2021-03-30,86401118.07,44443876.87,41957241.2,72.34,497.98,496567589.76,44214800.0,9588343.88,48
2021-03-31,86899598.08,43450447.75,43449150.33,48.0,2177.92,572340716.84,43444125.0,9932674.11,45
2021-04-01,87403876.96,43915858.96,43488018.0,72.42,0.0,572379548.3,43909500.0,9932674.11,45
2021-04-02,87480574.93,43915883.36,43564691.58,48.56,0.0,572456197.72,43909500.0,9932674.11,45
2021-04-05,88198122.48,44548319.05,43649803.43,145.8,121.5,572568628.46,44541862.5,9932674.11,45
2021-04-06,88312675.2,44507293.67,43805381.53,73.5,0.0,572724170.19,44500800.0,9932674.11,45
2021-04-07,88276975.53,44573018.4,43703957.13,49.06,0.0,572622721.46,44566500.0,9932674.11,45
2021-04-08,88800721.29,44781093.16,44019628.13,49.04,0.0,572938368.17,44774550.0,9932674.11,45
2021-04-09,89005498.56,45115080.6,43890417.96,24.67,0.0,572809145.77,45108525.0,9932674.11,45
2021-04-12,88790415.01,45123368.29,43667046.72,148.34,35.0,572587486.38,45116737.5,9932674.11,45
2021-04-13,89116353.94,45260268.36,43856085.58,49.33,0.0,572776500.98,45253612.5,9932674.11,45
2021-04-14,89420814.1,45098793.58,44322020.53,74.26,0.0,573242399.38,45092100.0,9932674.11,45
2021-04-15,90106888.27,45586093.63,44520794.63,49.68,76.5,573469105.37,45579375.0,9932674.11,45
2021-04-16,90299680.99,45736681.46,44562999.53,50.06,47.26,573497945.16,45729937.5,9932674.11,45
2021-04-19,90235792.63,45509545.19,44726247.45,150.5,17.5,573661436.3,45502725.0,9932674.11,45
2021-04-20,89858283.56,45192020.47,44666263.09,50.13,4.5,573601481.6,45185175.0,9932674.11,45
2021-04-21,90461883.78,45610895.63,44850988.15,74.88,0.0,573786169.43,45604012.5,9932674.11,45
2021-04-22,90366082.63,45205783.64,45160298.99,75.38,85.5,574109778.4,45198862.5,9932674.11,45
2021-04-23,91118837.56,45684883.81,45433953.75,75.31,0.0,574383395.53,45677925.0,9932674.11,45
2021-04-26,91671296.08,45772598.02,45898698.05,227.8,126.0,574866212.24,45765525.0,9932674.11,45
2021-04-27,91816687.11,45767161.17,46049525.94,76.39,332.5,575056284.38,45760050.0,9932674.11,45
2021-04-28,91877069.83,45737061.38,46140008.45,25.5,72.0,575157866.1,45729937.5,9932674.11,45
2021-04-29,92071982.05,46035461.58,46036520.47,25.52,717.9,575042740.77,46028325.0,9932674.11,45
2021-04-30,91683263.0,45841991.08,45841271.92,25.58,3447.66,610746261.28,45710775.0,10660293.69,45
2021-05-03,91906044.35,45965216.78,45940827.57,76.4,0.0,610845778.73,45833962.5,10660293.69,45
2021-05-04,91666863.83,45664142.85,46002720.97,102.12,0.0,610907621.09,45532837.5,10660293.69,45
2021-05-05,92073307.13,45683330.72,46389976.4,50.93,0.0,611294850.96,45552000.0,10660293.69,45
2021-05-06,92805921.6,46058393.6,46747528.0,51.15,0.0,611652376.78,45927037.5,10660293.69,45
2021-05-07,93570008.0,46397869.19,47172138.81,51.56,0.0,612076961.62,46266487.5,10660293.69,45
2021-05-10,93005415.06,45940784.02,47064631.05,155.95,0.0,611969375.24,45809325.0,10660293.69,45
2021-05-11,92499283.73,45532922.04,46966361.69,51.67,0.0,611871079.74,45401437.5,10660293.69,45
2021-05-12,91332836.9,44574809.69,46758027.21,25.69,49.0,611664531.21,44443312.5,10660293.69,45
2021-05-13,91037274.18,45103171.95,45934102.23,50.74,0.0,610840580.25,44971650.0,10660293.69,45
2021-05-14,92029745.35,45782097.01,46247648.34,50.58,0.0,611154100.85,45650550.0,10660293.69,45
2021-05-17,92101455.73,45658947.66,46442508.07,76.69,0.0,611348922.03,45527362.5,10660293.69,45
2021-05-18,92039153.14,45278460.53,46760692.62,51.17,0.0,611667080.78,45146850.0,10660293.69,45
2021-05-19,91132735.43,45152560.68,45980174.75,51.13,38.5,610886685.43,45020925.0,10660293.69,45
2021-05-20,91688159.87,45620685.73,46067474.14,25.31,45.0,610973917.06,45489037.5,10660293.69,45
2021-05-21,91603313.34,45593323.4,46009989.94,25.47,55.6,610909758.68,45461662.5,10660293.69,45
2021-05-24,92258629.08,46053261.39,46205367.69,76.34,0.0,611105098.09,45921562.5,10660293.69,45
2021-05-25,92267904.48,45962949.48,46304955.0,51.25,0.0,611204659.73,45831225.0,10660293.69,45
2021-05-26,92299916.22,46045100.01,46254816.2,51.26,72.0,611164327.21,45913350.0,10660293.69,45
2021-05-27,92760015.89,46110825.59,46649190.3,51.28,0.0,611558675.6,45979050.0,10660293.69,45
2021-05-28,92919203.33,46149176.21,46770027.12,51.53,2248.44,611660517.67,46017375.0,10660293.69,45
2021-05-31,92890758.65,46445766.06,46444992.58,77.43,824.48,681474268.98,46437625.0,11440331.91,48
2021-06-01,93271480.79,46401578.97,46869901.82,25.8,0.0,681899165.31,46393425.0,11440331.91,48
2021-06-02,93516212.03,46487242.24,47028969.79,51.82,0.0,682058207.24,46479062.5,11440331.91,48
2021-06-03,92896742.83,46321518.07,46575224.76,51.95,0.0,681604436.09,46313312.5,11440331.91,48
2021-06-04,93768839.22,46730393.8,47038445.42,51.61,0.0,682067630.87,46722162.5,11440331.91,48
2021-06-07,93686629.1,46700084.19,46986544.91,156.28,193.5,682037345.46,46691775.0,11440331.91,48
2021-06-08,93747586.19,46702872.63,47044713.55,52.05,0.0,682095488.0,46694537.5,11440331.91,48
2021-06-09,93582296.74,46622786.08,46959510.66,52.08,0.0,682010258.97,46614425.0,11440331.91,48
2021-06-10,93893254.35,46838299.93,47054954.42,77.99,3158.3,682106423.54,46829900.0,11440331.91,48
2021-06-11,93815928.76,46923976.46,46891952.29,78.24,0.0,681943382.2,46915537.5,11440331.91,48
2021-06-14,93736079.6,47023543.77,46712535.83,234.54,3836.86,681642853.56,47014987.5,11440331.91,48
2021-06-15,93592323.74,46932420.46,46659903.28,78.11,4192.8,681570006.13,46923825.0,11440331.91,48
2021-06-16,93073322.75,46672784.57,46400538.18,77.99,0.0,681310602.16,46664150.0,11440331.91,48
2021-06-17,91738580.06,46663554.43,45075025.63,103.41,1039.02,679960854.76,46545362.5,11440331.91,48
2021-06-18,91006068.55,46014418.78,44991649.78,101.93,353.42,679850176.16,45896175.0,11440331.91,48
2021-06-21,91912655.26,46680373.0,45232282.26,379.19,42.0,680086463.18,46561937.5,11440331.91,48
2021-06-22,92335881.17,46929062.84,45406818.33,127.66,121.5,680264140.43,46810562.5,11440331.91,48
2021-06-23,92493482.6,46876627.48,45616855.12,102.6,0.0,680474126.76,46758075.0,11440331.91,48
2021-06-24,92833367.79,47147417.59,45685950.2,128.46,139.5,680550737.99,47028800.0,11440331.91,48
2021-06-25,93043341.29,47315995.57,45727345.72,128.94,301.0,680608711.05,47197312.5,11440331.91,48
2021-06-28,93269537.43,47418444.65,45851092.78,465.22,76.5,680736385.98,47299525.0,11440331.91,48
2021-06-29,93190418.91,47435085.51,45755333.4,129.54,669.2,680625070.15,47316100.0,11440331.91,48
2021-06-30,93564700.02,46783660.07,46781039.95,103.54,5456.02,344408344.52,46744650.0,9803372.57,42
2021-07-01,93802461.02,47026250.05,46776210.97,129.95,0.0,344403450.57,46987175.0,9803372.57,42
2021-07-02,94252372.98,47375115.36,46877257.62,130.28,0.0,344504432.26,47335975.0,9803372.57,42
2021-07-05,94284036.19,47375312.76,46908723.43,392.72,0.0,344535702.74,47335975.0,9803372.57,42
2021-07-06,93620590.05,47280003.55,46340586.49,130.95,0.0,343967500.65,47240600.0,9803372.57,42
2021-07-07,93738281.62,47451744.22,46286537.4,130.03,0.0,343913387.2,47412275.0,9803372.57,42
2021-07-08,92938606.89,47051235.13,45887371.76,130.19,0.0,343514157.27,47011700.0,9803372.57,42
2021-07-09,93923294.65,47563613.55,46359681.1,154.9,0.0,343986390.13,47524000.0,9803372.57,42
2021-07-12,94392711.49,47743701.36,46649010.13,469.62,56.0,344277943.36,47703850.0,9803372.57,42
2021-07-13,94322998.41,47577542.67,46745455.74,131.1,0.0,344374324.18,47537625.0,9803372.57,42
2021-07-14,94497918.13,47648458.75,46849459.38,131.0,0.0,344478262.89,47608475.0,9803372.57,42
2021-07-15,94112821.23,47476863.17,46635958.06,157.5,108.0,344194951.49,47436800.0,9803372.57,42
2021-07-16,93760355.63,47111779.11,46648576.53,130.71,63.94,344206237.31,47071650.0,9803372.57,42
2021-07-19,91955676.01,46378950.41,45576725.6,390.67,38.5,343131480.52,46338625.0,9803372.57,42
2021-07-20,92941618.09,47079339.82,45862278.27,127.72,49.5,343416249.39,47038950.0,9803372.57,42
2021-07-21,93904302.79,47460905.21,46443397.58,129.09,0.0,343997305.0,47420450.0,9803372.57,42
2021-07-22,94528225.67,47559071.13,46969154.54,130.42,0.0,344522997.45,47518550.0,9803372.57,42
2021-07-23,95040774.59,48033287.18,47007487.4,131.29,0.0,344561265.08,47992700.0,9803372.57,42
2021-07-26,95322082.0,48156112.32,47165969.68,396.0,0.0,344719551.5,48115325.0,9803372.57,42
2021-07-27,94762831.7,47940904.2,46821927.49,132.39,0.0,344375443.8,47900050.0,9803372.57,42
2021-07-28,94950954.76,47932795.79,47018158.97,131.62,63.0,344567613.25,47891875.0,9803372.57,42
2021-07-29,95499015.43,48129062.36,47369953.06,131.88,742.6,344887207.05,48088075.0,9803372.57,42
2021-07-30,94708997.94,47355821.56,47353176.38,159.17,2984.18,482044758.93,47187125.0,10019396.19,42
2021-08-02,94598207.12,47251245.84,47346961.28,473.54,0.0,482038307.06,47082312.5,10019396.19,42
2021-08-03,95017709.96,47630248.97,47387460.99,131.39,0.0,482078741.01,47461250.0,10019396.19,42
2021-08-04,94752808.4,47412627.62,47340180.78,131.97,0.0,482031394.99,47243562.5,10019396.19,42
2021-08-05,95181346.37,47700255.97,47481090.4,131.6,0.0,482172238.85,47531125.0,10019396.19,42
2021-08-06,95093783.64,47786322.22,47307461.41,132.2,0.0,481998543.92,47617125.0,10019396.19,42
2021-08-09,94801589.84,47746248.65,47055341.18,475.47,189.0,481828276.16,47576812.5,10019396.19,42
2021-08-10,95280374.67,47792015.73,47488358.94,158.0,0.0,482261215.48,47622500.0,10019396.19,42
2021-08-11,95465798.55,47904957.11,47560841.44,132.33,0.0,482333632.03,47735375.0,10019396.19,42
2021-08-12,95773598.25,48055523.64,47718074.61,132.59,56.0,482493655.14,47885875.0,10019396.19,42
2021-08-13,95941723.38,48141603.73,47800119.64,159.62,121.5,482320322.15,47971875.0,10019396.19,42
2021-08-16,95922265.2,48265469.44,47656795.75,479.71,0.0,482176759.26,48095500.0,10019396.19,42
2021-08-17,95244762.41,47937674.88,47307087.53,159.87,0.0,481826971.6,47767625.0,10019396.19,42
2021-08-18,94735437.98,47411018.1,47324419.88,185.2,0.0,481844211.97,47240875.0,10019396.19,42
2021-08-19,94096402.33,47486360.28,46610042.04,184.21,38.5,481127030.61,47316125.0,10019396.19,42
2021-08-20,94329562.58,47868064.43,46461498.16,156.83,113.44,480975766.57,47697750.0,10019396.19,42
2021-08-23,95293449.72,48282138.88,47011310.85,393.04,54.0,481540064.67,48111625.0,10019396.19,42
2021-08-24,95708954.23,48357455.94,47351498.29,132.35,0.0,481880186.83,48186875.0,10019396.19,42
2021-08-25,95879028.35,48470398.1,47408630.25,132.93,259.0,481942692.02,48299750.0,10019396.19,42
2021-08-26,95477451.72,48185603.88,47291847.84,159.8,108.0,481896138.59,48014875.0,10019396.19,42
2021-08-27,96191492.99,48604920.81,47586572.18,132.61,280.6,482108849.82,48434125.0,10019396.19,42
2021-08-30,96448804.07,48817435.83,47631368.24,400.8,303.84,482153470.65,48646437.5,10019396.19,42
2021-08-31,96140921.53,48070899.78,48070021.76,133.96,1698.52,472831237.69,47917300.0,10494910.31,41
2021-09-01,96204037.0,48078903.19,48125133.81,106.82,0.0,472886296.34,47925250.0,10494910.31,41
2021-09-02,96633556.73,48227369.96,48406186.77,133.62,0.0,473167282.46,48073650.0,10494910.31,41
2021-09-03,96611757.86,48219486.95,48392270.92,134.21,0.0,473153299.37,48065700.0,10494910.31,41
2021-09-06,96728630.86,48219687.86,48508943.0,402.55,0.0,473269769.83,48065700.0,10494910.31,41
2021-09-07,96193979.54,48058104.83,48135874.71,134.35,0.0,472896634.16,47904050.0,10494910.31,41
2021-09-08,95967494.74,47986621.58,47980873.16,133.6,2863.5,472620773.12,47832500.0,10494910.31,41
2021-09-09,95544175.38,47772038.23,47772137.15,133.29,3582.28,472400072.45,47617850.0,10494910.31,41
2021-09-10,95200948.67,47411691.31,47789257.36,106.16,59.5,472418899.08,47257450.0,10494910.31,41
2021-09-13,95328788.67,47525838.86,47802949.81,396.67,2832.0,472393700.67,47371400.0,10494910.31,41
2021-09-14,95272576.06,47266218.07,48006358.0,158.88,2845.9,472595978.83,47111700.0,10494910.31,41
2021-09-15,95959053.02,47661120.58,48297932.44,105.86,452.32,472902612.61,47506550.0,10494910.31,41
2021-09-16,95813334.98,47578069.54,48235265.44,106.62,1011.24,472831049.17,47321050.0,10494910.31,41
2021-09-17,95059154.56,47127622.41,47931532.16,106.46,415.6,472499119.58,46870550.0,10494910.31,41
2021-09-20,93704819.45,46348679.5,47356139.95,316.86,42.0,471921809.6,46091450.0,10494910.31,41
2021-09-21,93762025.72,46295731.0,47466294.72,104.12,54.0,472030165.76,46038450.0,10494910.31,41
2021-09-22,94583503.13,46727719.58,47855783.56,78.14,0.0,472419615.04,46470400.0,10494910.31,41
2021-09-23,95443586.92,47300158.52,48143428.41,78.82,0.0,472707220.01,47042800.0,10494910.31,41
2021-09-24,95456758.78,47382347.93,48074410.85,79.54,0.0,472638162.33,47124950.0,10494910.31,41
2021-09-27,95588287.15,47247316.39,48340970.76,238.64,0.0,472904602.05,46989800.0,10494910.31,41
2021-09-28,94280414.71,46298668.89,47981745.82,106.21,58.5,472548631.9,46041100.0,10494910.31,41
2021-09-29,94236397.74,46364970.33,47871427.41,104.76,312.28,472437418.06,46107350.0,10494910.31,41
2021-09-30,93985246.28,46994524.96,46990721.32,104.71,4425.14,183691738.15,46845475.0,8872519.34,31
2021-10-01,94492034.24,47495977.18,46996057.06,104.43,0.0,183697021.68,47346875.0,8872519.34,31
2021-10-04,94130323.32,46923885.5,47206437.82,314.97,189.0,183988074.78,46774625.0,8872519.34,31
2021-10-05,94787356.73,47389912.64,47397444.1,104.59,0.0,184179028.61,47240600.0,8872519.34,31
2021-10-06,94661477.87,47607965.29,47053512.58,105.32,0.0,183835044.43,47458600.0,8872519.34,31
2021-10-07,95463130.48,48000418.19,47462712.29,105.18,0.0,184244191.86,47851000.0,8872519.34,31
2021-10-08,95494175.66,47916009.86,47578165.8,132.59,0.0,184359579.45,47766525.0,8872519.34,31
2021-10-11,95188738.23,47575584.51,47613153.73,397.89,0.0,184394369.13,47425900.0,8872519.34,31
2021-10-12,94939153.8,47463925.58,47475228.22,132.21,52.5,184255679.99,47314175.0,8872519.34,31
2021-10-13,95067733.35,47619329.69,47448403.66,158.23,0.0,184228776.32,47469500.0,8872519.34,31
2021-10-14,96234148.37,48425995.83,47808152.54,132.04,148.5,184450007.79,48276100.0,8872519.34,31
2021-10-15,96834829.91,48791213.09,48043616.82,133.66,66.72,184684082.67,48641250.0,8872519.34,31
2021-10-18,96826596.96,48954916.38,47871680.57,403.48,0.0,184511946.24,48804750.0,8872519.34,31
2021-10-19,97177568.65,49322872.97,47854695.67,161.38,38.5,184486670.05,49172625.0,8872519.34,31
2021-10-20,97535945.37,49505516.48,48030428.89,134.97,49.5,184656666.31,49355200.0,8872519.34,31
2021-10-21,97336777.93,49655460.24,47681317.69,135.47,0.0,184307488.4,49505075.0,8872519.34,31
2021-10-22,97444358.1,49598318.0,47846040.11,162.23,0.0,184472131.35,49447850.0,8872519.34,31
2021-10-25,97970824.9,49832915.99,48137908.92,487.22,0.0,184763760.92,49682200.0,8872519.34,31
2021-10-26,98232893.25,49912024.04,48320869.21,163.28,220.5,184939301.49,49761225.0,8872519.34,31
2021-10-27,97747018.39,49685932.23,48061086.16,163.72,45.0,184691582.9,49535050.0,8872519.34,31
2021-10-28,98132858.44,50154715.04,47978143.4,162.91,412.12,184627567.86,50003750.0,8872519.34,31
2021-10-29,98198144.48,49099835.84,49098308.64,163.55,1681.7,346779027.04,48958050.0,8417999.6,33
2021-11-01,98652978.65,49193227.92,49459750.73,409.16,0.0,347140264.55,49051237.5,8417999.6,33
2021-11-02,98811712.53,49382333.75,49429378.79,137.02,0.0,347109823.91,49240275.0,8417999.6,33
2021-11-03,98940546.62,49688589.84,49251956.79,137.24,0.0,346932333.26,49546462.5,8417999.6,33
2021-11-04,99075373.9,49912308.85,49163065.05,137.42,0.0,346843373.12,49770112.5,8417999.6,33
2021-11-05,99396116.94,50093414.31,49302702.63,110.08,0.0,346982956.08,49951162.5,8417999.6,33
2021-11-08,99487900.74,50133560.53,49354340.22,414.15,0.0,347034388.23,49991100.0,8417999.6,33
2021-11-09,99451316.95,49965906.58,49485410.36,165.81,0.0,347165376.12,49823362.5,8417999.6,33
2021-11-10,98902994.0,49579899.6,49323094.4,110.5,0.0,347003005.17,49437300.0,8417999.6,33
2021-11-11,99103194.57,49590618.46,49512576.11,137.37,56.0,347175274.38,49447950.0,8417999.6,33
2021-11-12,99457327.97,49966099.84,49491228.13,137.64,0.0,347153857.63,49823362.5,8417999.6,33
2021-11-15,99491084.75,49974295.53,49516789.22,414.41,0.0,347179212.51,49831350.0,8417999.6,33
2021-11-16,99706597.54,50155414.94,49551182.6,138.18,211.5,347248528.62,50012400.0,8417999.6,33
2021-11-17,99467717.62,50051647.1,49416070.52,138.48,0.0,347113347.72,49908562.5,8417999.6,33
2021-11-18,99625141.1,50214129.12,49411011.99,138.15,151.0,347135086.55,50070975.0,8417999.6,33
2021-11-19,99427652.6,50139648.86,49288003.74,138.37,171.28,347003244.34,49996425.0,8417999.6,33
2021-11-22,99371241.79,49982770.27,49388471.52,414.28,0.0,347103506.75,49839337.5,8417999.6,33
2021-11-23,99739500.66,50076027.19,49663473.47,138.02,94.5,347360264.61,49932525.0,8417999.6,33
2021-11-24,99885907.27,50187935.65,49697971.62,166.23,0.0,347394679.99,50044350.0,8417999.6,33
2021-11-25,99907577.76,50188019.3,49719558.46,166.48,0.0,347416184.0,50044350.0,8417999.6,33
2021-11-26,97361506.31,49088490.45,48273015.87,166.51,49.5,345974668.04,48944737.5,8417999.6,33
2021-11-29,97794559.98,49677148.39,48117411.59,486.81,320.72,345816475.52,49533150.0,8417999.6,33
2021-11-30,96161278.99,48083455.02,48077823.96,162.99,7995.06,416358996.53,47945625.0,8273612.48,28
2021-12-01,95650935.42,47477146.81,48173788.61,133.56,0.0,416454894.4,47339250.0,8273612.48,28
2021-12-02,96462040.11,48183350.93,48278689.18,159.42,0.0,416559714.68,48045375.0,8273612.48,28
2021-12-03,96102024.63,47781792.86,48320231.77,133.98,0.0,416601190.22,47643750.0,8273612.48,28
2021-12-06,97024036.41,48333281.76,48690754.64,480.51,184.5,416992565.99,48195000.0,8273612.48,28
2021-12-07,98297138.4,49330862.32,48966276.08,161.71,0.0,417268006.27,49192500.0,8273612.48,28
2021-12-08,98298308.72,49477944.54,48820364.19,163.83,3261.9,416879132.09,49339500.0,8273612.48,28
2021-12-09,97891707.34,49142040.74,48749666.59,191.14,0.0,416808339.57,49003500.0,8273612.48,28
2021-12-10,98340138.64,49604122.65,48736015.99,163.15,59.5,416791267.22,49465500.0,8273612.48,28
2021-12-13,97973904.66,49160745.67,48813158.99,491.7,1984.5,416789871.86,49021875.0,8273612.48,28
2021-12-14,97479949.94,48827438.95,48652510.99,136.07,1494.5,416446920.73,48688500.0,8273612.48,28
2021-12-15,97988048.2,49588756.76,48399291.43,135.39,0.0,416193633.61,49449750.0,8273612.48,28
2021-12-16,97761710.54,49154769.41,48606941.12,163.31,1008.6,416365948.73,48922125.0,8273612.48,28
2021-12-17,97125231.14,48637712.68,48487518.46,135.78,548.76,416209297.92,48405000.0,8273612.48,28
2021-12-20,96197068.11,48097165.34,48099902.77,404.69,58.5,415819718.7,47864250.0,8273612.48,28
2021-12-21,97421029.24,48960883.86,48460145.38,187.05,0.0,416179867.78,48727875.0,8273612.48,28
2021-12-22,98212184.15,49436104.06,48776080.08,189.43,0.0,416495708.26,49203000.0,8273612.48,28
2021-12-23,98640174.75,49748588.92,48891585.83,218.25,0.0,416611105.61,49515375.0,8273612.48,28
2021-12-24,98624870.07,49748699.47,48876170.6,219.2,0.0,416595581.73,49515375.0,8273612.48,28
2021-12-27,99520940.44,50447281.13,49073659.3,657.5,0.0,416792744.6,50213625.0,8273612.48,28
2021-12-28,99446630.08,50407990.21,49038639.87,165.87,0.0,416757643.37,50174250.0,8273612.48,28
2021-12-29,99522860.08,50471074.22,49051785.86,165.74,260.5,416686258.13,50237250.0,8273612.48,28
2021-12-30,99402407.33,50342519.32,49059888.0,138.23,0.0,416694292.15,50108625.0,8273612.48,28
2021-12-31,99090824.82,49547760.36,49543064.47,138.06,4807.89,199107292.89,49488400.0,8439364.63,31
2022-01-03,99370228.09,49834008.09,49536220.0,495.45,0.0,199100200.71,49774400.0,8439364.63,31
2022-01-04,99657569.75,49815932.68,49841637.07,248.43,0.0,199405493.94,49756200.0,8439364.63,31
2022-01-05,98709000.32,48861843.38,49847156.94,221.46,0.0,199410903.05,48802000.0,8439364.63,31
2022-01-06,98300175.25,48809965.54,49490209.72,246.77,0.0,199053831.21,48750000.0,8439364.63,31
2022-01-07,98260018.6,48604701.12,49655317.48,273.06,0.0,199218801.5,48544600.0,8439364.63,31
2022-01-10,97924396.06,48547906.16,49376489.9,818.83,0.0,198939560.13,48487400.0,8439364.63,31
2022-01-11,98786860.06,48992681.47,49794178.59,353.62,0.0,199357070.51,48932000.0,8439364.63,31
2022-01-12,99141052.05,49109844.78,50031207.27,329.29,52.5,199587610.71,49049000.0,8439364.63,31
2022-01-13,98386948.24,48441808.48,49945139.76,330.47,0.0,199501376.43,48380800.0,8439364.63,31
2022-01-14,98447899.15,48470569.95,49977329.2,327.96,0.0,199533399.39,48409400.0,8439364.63,31
2022-01-17,98558127.17,48471095.05,50087032.12,1066.52,0.0,199642560.88,48409400.0,8439364.63,31
2022-01-18,97668613.2,47602870.08,50065743.12,355.9,0.0,199621091.02,47541000.0,8439364.63,31
2022-01-19,97496055.16,47114294.88,50381760.29,461.21,42.0,199929713.76,47052200.0,8439364.63,31
2022-01-20,97021545.54,46599717.36,50421828.18,460.4,54.0,199955677.74,46537400.0,8439364.63,31
2022-01-21,95746070.74,45718550.36,50027520.38,485.11,75.06,199559942.15,45656000.0,8439364.63,31
2022-01-24,95340283.36,45862198.04,49478085.32,1356.4,0.0,199009798.36,45799000.0,8439364.63,31
2022-01-25,94959958.58,45293052.83,49666905.75,529.67,0.0,199198343.91,45229600.0,8439364.63,31
2022-01-26,95180764.06,45215304.46,49965459.6,527.56,0.0,199496621.84,45151600.0,8439364.63,31
2022-01-27,94658712.63,44968543.09,49690169.54,502.34,108.0,199246076.06,44904600.0,8439364.63,31
2022-01-28,95928817.83,46065992.92,49862824.92,525.88,0.0,199418455.39,46001800.0,8439364.63,31
2022-01-31,96869159.87,48436005.82,48433154.05,1518.87,3142.87,40261013.84,48420687.5,7186758.66,28
2022-02-01,97559969.41,48766891.22,48793078.19,645.79,0.0,40620615.09,48751250.0,7186758.66,28
2022-02-02,98126711.55,49221349.65,48905361.9,542.0,0.0,40732627.72,49205437.5,7186758.66,28
2022-02-03,96910863.55,48057935.6,48852927.95,545.15,0.0,40679922.08,48041750.0,7186758.66,28
2022-02-04,97272996.81,48310840.94,48962155.87,565.31,0.0,40788865.02,48294375.0,7186758.66,28
2022-02-07,97130241.92,48131704.4,48998537.52,1864.4,189.0,40905557.23,48114312.5,7186758.66,28
2022-02-08,97484523.24,48527141.26,48957381.99,755.46,0.0,40864020.6,48509375.0,7186758.66,28
2022-02-09,98633954.59,49228942.71,49405011.88,731.13,0.0,41311283.31,49210812.5,7186758.66,28
2022-02-10,97681841.32,48366624.43,49315216.89,739.75,42.0,41199259.79,48348125.0,7186758.66,28
2022-02-11,96930068.97,47421175.27,49508893.7,1112.49,0.0,41392374.95,47402125.0,7186758.66,28
2022-02-14,96640233.17,47256012.42,49384220.75,2988.68,0.0,41266175.47,47235500.0,7186758.66,28
2022-02-15,97219741.2,48014478.12,49205263.08,1208.0,0.0,41086600.5,47993375.0,7186758.66,28
2022-02-16,97413916.87,48074149.95,49339766.92,1107.22,0.0,41220543.95,48052500.0,7186758.66,28
2022-02-17,96229575.51,47048045.76,49181529.76,1055.32,40.5,41063331.52,47025875.0,7186758.66,28
2022-02-18,95822960.31,46715279.31,49107681.01,989.03,72.28,40987845.15,46692625.0,7186758.66,28
2022-02-21,95700580.31,46716641.84,48983938.47,2794.84,35.0,40854105.31,46692625.0,7186758.66,28
2022-02-22,95651130.69,46249471.03,49401659.67,930.42,333.0,41277433.27,46225000.0,7186758.66,28
2022-02-23,95014783.7,45411472.06,49603311.63,1036.22,213.5,41417763.56,45386500.0,7186758.66,28
2022-02-24,95511083.11,46078426.18,49432656.94,950.15,45.0,41243657.82,46053000.0,7186758.66,28
2022-02-25,96155196.23,47110848.56,49044347.67,875.52,0.0,40854895.43,47085000.0,7186758.66,28
2022-02-28,96405112.39,48202645.82,48202466.57,2644.27,2216.75,39873310.12,0.0,2995855.88,27
2022-03-01,97133085.73,48203141.24,48929944.49,990.83,0.0,40600292.62,0.0,2995855.88,27
2022-03-02,97729384.54,48203569.71,49525814.83,863.41,0.0,41195728.03,0.0,2995855.88,27
2022-03-03,97806612.68,48204011.58,49602601.11,895.85,0.0,41272060.32,0.0,2995855.88,27
2022-03-04,98348944.27,48204507.01,50144437.27,1005.23,0.0,41813386.67,0.0,2995855.88,27
2022-03-07,98737091.59,48205832.63,50531258.96,2704.6,0.0,42198829.39,0.0,2995855.88,27
2022-03-08,99401387.53,48206341.47,51195046.06,1042.22,0.0,42862083.11,0.0,2995855.88,27
2022-03-09,98317040.84,48206823.53,50110217.31,994.01,0.0,41776742.41,0.0,2995855.88,27
2022-03-10,97775394.51,48207332.38,49568062.13,1037.79,35.0,40890343.29,0.0,2995855.88,27
2022-03-11,98101275.11,48207841.24,49893433.87,1032.07,0.0,41215191.81,0.0,2995855.88,27
2022-03-14,97700879.22,48209407.99,49491471.23,3188.29,389.8,40830518.43,0.0,2995855.88,27
2022-03-15,97280192.66,48210010.61,49070182.05,1221.26,0.0,40408610.61,0.0,2995855.88,27
2022-03-16,97201113.11,48210626.63,48990486.49,1243.02,0.0,40328288.04,0.0,2995855.88,27
2022-03-17,97973300.59,48211202.48,49762098.11,1161.01,0.0,41099314.49,0.0,2995855.88,27
2022-03-18,98107910.94,48211738.16,49896172.78,1088.59,146.5,41213905.93,0.0,2995855.88,27
2022-03-21,98733030.34,48213385.39,50519644.95,3352.02,31.5,41821214.81,0.0,2995855.88,27
2022-03-22,98800093.48,48214121.98,50585971.49,1508.42,40.5,41867460.03,0.0,2995855.88,27
2022-03-23,99259434.04,48214805.02,51044629.03,1399.67,0.0,42325400.93,0.0,2995855.88,27
2022-03-24,99144481.88,48215474.67,50929007.21,1378.6,0.0,42209070.16,0.0,2995855.88,27
2022-03-25,99303127.44,48216144.33,51086983.11,1377.01,0.0,42366338.72,0.0,2995855.88,27
2022-03-28,98626668.66,48218273.87,50408394.78,4385.89,0.0,41685494.04,0.0,2995855.88,27
2022-03-29,98271604.34,48219077.51,50052526.82,1643.78,49.5,41332135.44,0.0,2995855.88,27
2022-03-30,98673609.16,48219827.59,50453781.58,1528.67,0.0,41732611.6,0.0,2995855.88,27
2022-03-31,98203228.5,49101865.34,49101363.17,1507.51,1819.97,49167618.15,48932100.0,7161633.7,32
2022-04-01,98066120.73,49194360.95,48871759.79,1391.21,0.0,48937319.17,49023900.0,7161633.7,32
2022-04-04,98777069.99,49612292.7,49164777.29,4249.53,189.0,49181367.9,49439700.0,7161633.7,32
2022-04-05,98149820.74,48992216.04,49157604.7,1838.35,0.0,49173280.29,48818700.0,7161633.7,32
2022-04-06,97344918.45,48512500.62,48832417.83,1772.15,0.0,48847205.86,48338100.0,7161633.7,32
2022-04-07,97533949.57,48734803.49,48799146.08,1811.7,0.0,48813025.28,48559500.0,7161633.7,32
2022-04-08,97816165.41,48598024.04,49218141.37,1842.31,0.0,49231098.81,48421800.0,7161633.7,32
2022-04-11,96946080.04,47796218.43,49149861.61,5624.43,0.0,49159989.01,47617200.0,7161633.7,32
2022-04-12,97227999.48,47624454.01,49603545.46,2100.5,21.0,49576478.95,47444400.0,7161633.7,32
2022-04-13,98057672.16,48157332.96,49900339.2,1998.58,0.0,49872253.06,47976300.0,7161633.7,32
2022-04-14,97583953.27,47567036.24,50016917.03,2042.87,130.5,50193241.8,47385000.0,7161633.7,32
2022-04-15,97586067.58,47568066.86,50018000.73,2114.32,0.0,50193241.8,47385000.0,7161633.7,32
2022-04-18,97895988.58,47563058.78,50332929.8,6343.09,0.0,50504919.7,47376900.0,7161633.7,32
2022-04-19,98193357.52,48347142.16,49846215.36,2229.85,24.5,50012883.28,48159900.0,7161633.7,32
2022-04-20,98282440.89,48307743.4,49974697.49,2236.63,31.5,50136691.52,48119400.0,7161633.7,32
2022-04-21,97529166.21,47606843.74,49922322.46,2238.66,45.0,50085660.69,47417400.0,7161633.7,32
2022-04-22,95829925.33,46276828.12,49553097.2,2221.5,0.0,49715298.31,46086300.0,7161633.7,32
2022-04-25,95585958.37,46555390.37,49030568.0,6548.38,283.5,49181061.47,46361700.0,7161633.7,32
2022-04-26,94442800.42,45236293.05,49206507.37,2469.3,0.0,49355734.22,45041400.0,7161633.7,32
2022-04-27,94729757.58,45342648.57,49387109.02,2203.67,253.0,49558080.72,45146700.0,7161633.7,32
2022-04-28,96169825.01,46458781.37,49711043.64,2157.73,112.5,49895377.91,46261800.0,7161633.7,32
2022-04-29,94357027.71,47178615.72,47178411.98,2163.82,2141.84,32414665.91,0.0,2613780.98,26
2022-05-02,94330628.38,47181878.91,47148749.46,6526.36,0.0,32381740.22,0.0,2613780.98,26
2022-05-03,94195502.86,47183058.46,47012444.4,2358.27,0.0,32244256.44,0.0,2613780.98,26
2022-05-04,94396357.52,47184238.04,47212119.49,2354.89,0.0,32442756.21,0.0,2613780.98,26
2022-05-05,94452376.02,47185391.43,47266984.6,2307.47,0.0,32496467.25,0.0,2613780.98,26
2022-05-06,94124575.98,47186492.42,46938083.56,2203.89,0.0,32166463.32,0.0,2613780.98,26
2022-05-09,93563570.22,47189795.47,46373774.74,6588.72,0.0,31598868.83,0.0,2613780.98,26
2022-05-10,93478549.85,47191001.44,46287548.42,2391.07,0.0,31511457.4,0.0,2613780.98,26
2022-05-11,93899111.8,47192168.1,46706943.7,2311.0,0.0,31929708.35,0.0,2613780.98,26
2022-05-12,93776874.58,47193347.91,46583526.67,2347.48,17.5,31789891.15,0.0,2613780.98,26
2022-05-13,94125246.57,47194593.29,46930653.28,2474.67,224.0,32250052.02,0.0,2613780.98,26
2022-05-16,94599924.43,47198565.5,47401358.93,7922.21,0.0,32716807.68,0.0,2613780.98,26
2022-05-17,94607652.62,47199968.34,47407684.27,2811.72,0.0,32721724.15,0.0,2613780.98,26
2022-05-18,94229744.49,47201358.12,47028386.37,2785.67,0.0,32341030.35,0.0,2613780.98,26
2022-05-19,94203573.62,47202695.49,47000878.13,2669.84,21.0,32296910.64,0.0,2613780.98,26
2022-05-20,94206572.58,47204059.13,47002513.46,2721.44,27.0,32283295.16,0.0,2613780.98,26
2022-05-23,94288154.41,47208032.14,47080122.28,7929.05,0.0,32356947.94,0.0,2613780.98,26
2022-05-24,94209449.16,47209435.26,47000013.89,2802.45,0.0,32275440.23,0.0,2613780.98,26
2022-05-25,94245490.42,47210812.2,47034678.22,2747.78,0.0,32308733.72,0.0,2613780.98,26
2022-05-26,94451660.14,47212189.19,47239470.95,2748.83,27.0,32513501.61,0.0,2613780.98,26
2022-05-27,94559669.02,47213579.32,47346089.69,2781.08,0.0,32618729.41,0.0,2613780.98,26
2022-05-30,94659489.29,47217749.86,47441739.44,8352.77,0.0,32710196.92,0.0,2613780.98,26
2022-05-31,94324057.1,47162329.64,47161727.46,2787.2,785.88,31373905.78,0.0,2285449.08,24
2022-06-01,94492498.04,47163810.01,47328688.03,2960.73,0.0,31539385.99,0.0,2285449.08,24
2022-06-02,94698503.81,47165277.33,47533226.47,2939.77,0.0,31742451.99,0.0,2285449.08,24
2022-06-03,94689083.34,47166757.8,47522325.54,2972.48,0.0,31730059.04,0.0,2285449.08,24
2022-06-06,94832880.0,47171356.56,47661523.44,9232.19,0.0,31864623.52,0.0,2285449.08,24
2022-06-07,94795343.96,47172968.25,47622375.71,3240.12,0.0,31823847.35,0.0,2285449.08,24
2022-06-08,94940348.91,47174593.09,47765755.82,3265.17,0.0,31965587.14,0.0,2285449.08,24
2022-06-09,95106256.82,47176231.1,47930025.73,3296.54,0.0,32128198.51,0.0,2285449.08,24
2022-06-10,94918434.87,47177882.27,47740552.61,3328.72,14.0,31904361.84,0.0,2285449.08,24
2022-06-13,94569483.89,47183150.46,47386333.42,10599.23,749.4,31483449.02,0.0,2285449.08,24
2022-06-14,94397678.69,47185365.45,47212313.23,4439.51,117.0,31293541.31,0.0,2285449.08,24
2022-06-15,94451340.85,47187698.5,47263642.34,4667.44,0.0,31342536.03,0.0,2285449.08,24
2022-06-16,94494157.79,47189913.7,47304244.09,4433.97,0.0,31380919.01,0.0,2285449.08,24
2022-06-17,94276883.44,47191932.38,47084951.06,4042.25,91.0,31130264.55,0.0,2285449.08,24
2022-06-20,94348283.64,47198145.99,47150137.66,12413.12,0.0,31189251.63,0.0,2285449.08,24
2022-06-21,94339688.47,47200217.46,47139471.01,4140.84,27.0,31167122.62,0.0,2285449.08,24
2022-06-22,94208046.01,47202393.92,47005652.1,4350.11,40.5,31028639.3,0.0,2285449.08,24
2022-06-23,93824677.93,47204452.47,46620225.46,4108.52,0.0,30641162.7,0.0,2285449.08,24
2022-06-24,93938506.04,47206537.33,46731968.71,4143.92,72.0,30476438.89,0.0,2285449.08,24
2022-06-27,93920876.3,47213067.57,46707808.73,12994.83,213.5,30456397.82,0.0,2285449.08,24
2022-06-28,94031370.81,47215362.65,46816008.17,4565.6,22.5,30564599.24,0.0,2285449.08,24
2022-06-29,94086278.79,47217657.84,46868620.95,4570.97,0.0,30614936.24,0.0,2285449.08,24
2022-06-30,93726638.4,46863771.33,46862867.07,4521.37,1753.26,25080873.0,0.0,1348827.0,19
2022-07-01,93726630.39,46865932.27,46860698.12,4321.84,0.0,25076543.15,0.0,1348827.0,19
2022-07-04,93768390.9,46872415.39,46895975.51,12965.52,0.0,25105338.15,0.0,1348827.0,19
2022-07-05,93141689.87,46874576.73,46267113.14,4323.76,0.0,24474313.35,0.0,1348827.0,19
2022-07-06,93073765.44,46876998.58,46196766.86,4812.32,0.0,24401576.6,0.0,1348827.0,19
2022-07-07,93488833.7,46879407.54,46609426.16,4782.96,0.0,24811861.9,0.0,1348827.0,19
2022-07-08,93662545.11,46881868.71,46780676.4,4908.16,0.0,24980665.15,0.0,1348827.0,19
2022-07-11,93757590.27,46889330.74,46868259.53,14907.96,0.0,25060802.35,0.0,1348827.0,19
2022-07-12,93352301.09,46892105.02,46460196.07,5547.32,17.5,24608608.35,0.0,1348827.0,19
2022-07-13,93480247.53,46894918.55,46585328.98,5601.14,0.0,24730953.65,0.0,1348827.0,19
2022-07-14,93318363.53,46897953.69,46420409.83,6050.25,0.0,24563019.4,0.0,1348827.0,19
2022-07-15,93380820.9,46900989.03,46479831.87,6039.77,121.5,24561778.5,0.0,1348827.0,19
2022-07-18,93762449.57,46909939.31,46852510.27,17820.17,0.0,24925587.0,0.0,1348827.0,19
2022-07-19,93718705.88,46913118.76,46805587.13,6355.01,21.0,24856429.3,0.0,1348827.0,19
2022-07-20,93738071.24,46916324.49,46821746.76,6404.11,27.0,24848537.55,0.0,1348827.0,19
2022-07-21,93528218.1,46919504.37,46608713.73,6353.36,0.0,24632331.05,0.0,1348827.0,19
2022-07-22,93593857.87,46922632.34,46671225.53,6235.21,0.0,24691735.6,0.0,1348827.0,19
2022-07-25,93794651.88,46932055.97,46862595.92,18796.77,0.0,24873732.85,0.0,1348827.0,19
2022-07-26,93998013.22,46935380.32,47062632.9,6643.79,0.0,25070450.4,0.0,1348827.0,19
2022-07-27,94181804.04,46938613.65,47243190.39,6475.42,31.5,25236037.3,0.0,1348827.0,19
2022-07-28,94274795.92,46941703.77,47333092.15,6200.3,362.92,25320697.8,0.0,1348827.0,19
2022-07-29,94347411.86,47174746.34,47172665.53,6154.05,2457.31,21538216.53,0.0,1413398.46,17
2022-08-01,94113271.41,47183945.41,46929326.0,18397.75,0.0,21285678.33,0.0,1413398.46,17
2022-08-02,94039920.18,47187195.86,46852724.32,6483.36,0.0,21205843.74,0.0,1413398.46,17
2022-08-03,94013032.24,47190446.53,46822585.71,6478.31,0.0,21172477.5,0.0,1413398.46,17
2022-08-04,94026198.46,47193645.0,46832553.46,6371.99,0.0,21179271.72,0.0,1413398.46,17
2022-08-05,94085577.22,47196804.35,46888772.87,6294.53,0.0,21232355.95,0.0,1413398.46,17
2022-08-08,94173523.96,47206558.36,46966965.6,19444.35,202.5,21409060.84,0.0,1413398.46,17
2022-08-09,94264940.72,47209928.38,47055012.34,6722.94,0.0,21493754.66,0.0,1413398.46,17
2022-08-10,94362903.44,47213311.76,47149591.68,6755.65,0.0,21584961.72,0.0,1413398.46,17
2022-08-11,94546334.83,47216669.15,47329665.68,6710.25,17.5,21757700.36,0.0,1413398.46,17
2022-08-12,94576292.44,47219974.32,47356318.13,6618.24,108.0,21576427.73,0.0,1413398.46,17
2022-08-15,94464116.08,47229929.86,47234186.22,19939.83,0.0,21444311.53,0.0,1413398.46,17
2022-08-16,94363063.96,47233380.27,47129683.69,6901.13,0.0,21336358.28,0.0,1413398.46,17
2022-08-17,94510900.57,47236804.69,47274095.88,6841.32,0.0,21477353.57,0.0,1413398.46,17
2022-08-18,94582128.71,47240203.12,47341925.59,6799.53,0.0,21541782.17,0.0,1413398.46,17
2022-08-19,94659931.3,47243628.03,47416303.27,6857.2,21.0,21610408.56,0.0,1413398.46,17
2022-08-22,94749435.9,47254021.63,47495414.27,20825.18,27.0,21677134.98,0.0,1413398.46,17
2022-08-23,94816063.35,47257618.18,47558445.17,7211.48,108.0,21772058.94,0.0,1413398.46,17
2022-08-24,94830830.0,47261175.63,47569654.37,7137.54,0.0,21779688.05,0.0,1413398.46,17
2022-08-25,94817805.56,47264759.61,47553045.96,7191.34,0.0,21759472.28,0.0,1413398.46,17
2022-08-26,94951752.3,47268409.5,47683342.8,7322.04,0.0,21886096.97,0.0,1413398.46,17
2022-08-29,94921304.2,47279360.01,47641944.19,21997.16,18.0,21832589.72,0.0,1413398.46,17
2022-08-30,94709830.93,47283155.49,47426675.44,7620.07,0.0,21613496.37,0.0,1413398.46,17
2022-08-31,94543671.0,47272242.3,47271428.71,7576.79,1190.09,23260008.29,0.0,1994436.4,16
2022-09-01,94383067.39,47276010.94,47107056.45,7537.23,0.0,23091867.45,0.0,1994436.4,16
2022-09-02,94526930.78,47279793.02,47247137.76,7550.65,0.0,23228180.19,0.0,1994436.4,16
2022-09-05,94586935.79,47291021.98,47295913.82,22450.15,0.0,23265735.06,0.0,1994436.4,16
2022-09-06,94505776.24,47294765.85,47211010.39,7488.13,0.0,23177087.37,0.0,1994436.4,16
2022-09-07,94405353.08,47298654.53,47106698.55,7770.47,0.0,23068893.74,0.0,1994436.4,16
2022-09-08,94438465.07,47302569.81,47135895.27,7814.67,2894.92,23084532.61,0.0,1994436.4,16
2022-09-09,94602897.9,47306472.27,47296425.63,7791.17,0.0,23241174.27,0.0,1994436.4,16
2022-09-12,94712385.74,47318220.04,47394165.69,23493.05,17.5,23314561.55,0.0,1994436.4,16
2022-09-13,94666795.03,47322281.52,47344513.51,8129.48,0.0,23260841.37,0.0,1994436.4,16
2022-09-14,94553559.32,47326474.8,47227084.51,8388.53,0.0,23139217.12,0.0,1994436.4,16
2022-09-15,94479053.63,47330602.72,47148450.91,8247.17,217.0,23108571.42,0.0,1994436.4,16
2022-09-16,94472658.37,47334704.71,47137953.66,8188.18,0.0,23093987.98,0.0,1994436.4,16
2022-09-19,94561946.42,47346932.84,47215013.58,24405.44,700.3,23098945.89,0.0,1994436.4,16
2022-09-20,94736474.54,47351259.82,47385214.71,8641.91,0.0,23264832.1,0.0,1994436.4,16
2022-09-21,94704954.95,47355547.74,47349407.2,8578.91,0.0,23224733.59,0.0,1994436.4,16
2022-09-22,94734881.52,47359770.28,47375111.24,8444.53,0.0,23246215.64,0.0,1994436.4,16
2022-09-23,94552117.27,47363966.88,47188150.39,8394.56,0.0,23055056.82,0.0,1994436.4,16
2022-09-26,94460091.2,47376281.51,47083809.69,24583.55,0.0,22938447.21,0.0,1994436.4,16
2022-09-27,94515836.85,47380624.34,47135212.51,8658.84,0.0,22985534.02,0.0,1994436.4,16
2022-09-28,94589747.94,47384914.92,47204833.03,8558.93,18.0,23055264.17,0.0,1994436.4,16
2022-09-29,94598684.29,47389245.37,47209438.92,8644.45,103.5,23051347.07,0.0,1994436.4,16
2022-09-30,94462688.37,47232233.27,47230455.11,8566.44,2032.16,17222433.22,0.0,1204062.46,12
2022-10-03,94539179.78,47244907.25,47294272.54,25347.49,0.0,17273577.15,0.0,1204062.46,12
2022-10-04,94590932.62,47249290.53,47341642.09,8771.14,0.0,17316558.85,0.0,1204062.46,12
2022-10-05,94745697.97,47253647.96,47492050.01,8723.39,0.0,17462600.81,0.0,1204062.46,12
2022-10-06,94775029.83,47258018.92,47517010.91,8763.98,0.0,17483168.7,0.0,1204062.46,12
2022-10-07,94888759.64,47262377.16,47626382.48,8740.36,0.0,17588158.14,0.0,1204062.46,12
2022-10-10,94953132.04,47275413.7,47677718.34,26173.48,198.0,17674515.06,0.0,1204062.46,12
2022-10-11,94896468.95,47279760.41,47616708.54,8730.41,0.0,17609121.55,0.0,1204062.46,12
2022-10-12,94898569.27,47284396.46,47614172.82,9305.13,17.5,17530934.25,0.0,1204062.46,12
2022-10-13,94942425.77,47289072.36,47653353.42,9384.41,0.0,17565406.34,0.0,1204062.46,12
2022-10-14,94837419.35,47293853.81,47543565.55,9599.73,0.0,17450800.18,0.0,1204062.46,12
2022-10-17,94828388.59,47308239.02,47520149.56,28846.38,0.0,17412923.03,0.0,1204062.46,12
2022-10-18,94793585.9,47313258.95,47480326.95,10062.35,0.0,17368058.0,0.0,1204062.46,12
2022-10-19,94805281.59,47318371.41,47486910.18,10242.97,0.0,17369510.72,0.0,1204062.46,12
2022-10-20,94854289.59,47323510.71,47530778.87,10296.91,0.0,17408221.81,0.0,1204062.46,12
2022-10-21,94833963.03,47328650.57,47505312.46,10302.23,0.0,17377593.02,0.0,1204062.46,12
2022-10-24,94930731.66,47344032.38,47586699.27,30821.04,0.0,17443540.61,0.0,1204062.46,12
2022-10-25,94886699.61,47349292.83,47537406.78,10547.86,0.0,17388960.7,0.0,1204062.46,12
2022-10-26,94878332.97,47354514.41,47523818.56,10463.89,0.0,17370130.17,0.0,1204062.46,12
2022-10-27,94944693.09,47359697.09,47584996.0,10383.91,130.5,17480686.89,0.0,1204062.46,12
2022-10-28,94963215.19,47364893.51,47598321.68,10417.54,0.0,17488791.44,0.0,1204062.46,12
2022-10-31,95112932.65,47557249.17,47555683.49,31575.27,1583.68,18679045.83,0.0,1447626.67,13
2022-11-01,95086311.47,47562612.57,47523698.9,10726.63,0.0,18641698.03,0.0,1447626.67,13
2022-11-02,95149384.91,47567976.57,47581408.34,10723.62,0.0,18694047.84,0.0,1447626.67,13
2022-11-03,95208704.28,47573314.76,47635389.52,10677.88,0.0,18742689.34,0.0,1447626.67,13
2022-11-04,95271734.27,47578679.97,47693054.3,10737.43,0.0,18794981.9,0.0,1447626.67,13
2022-11-07,95328088.08,47594618.83,47733469.26,31916.03,0.0,18819419.68,0.0,1447626.67,13
2022-11-08,95239799.13,47600065.77,47639733.36,10909.77,0.0,18720220.96,0.0,1447626.67,13
2022-11-09,95209350.11,47605486.89,47603863.22,10846.75,0.0,18678925.18,0.0,1447626.67,13
2022-11-10,95134727.05,47610921.85,47523805.2,10869.73,14.0,18585246.39,0.0,1447626.67,13
2022-11-11,95039386.59,47616330.98,47423055.62,10808.36,0.0,18479097.57,0.0,1447626.67,13
2022-11-14,95084791.45,47632560.21,47452231.24,32392.59,0.0,18492109.84,0.0,1447626.67,13
2022-11-15,95122383.35,47638064.42,47484318.93,10987.58,0.0,18518714.16,0.0,1447626.67,13
2022-11-16,95109448.17,47643542.79,47465905.38,10939.07,0.0,18494839.91,0.0,1447626.67,13
2022-11-17,95108126.29,47649021.8,47459104.49,10937.59,103.5,18503096.44,0.0,1447626.67,13
2022-11-18,95149099.34,47654488.2,47494611.14,10911.02,0.0,18533158.48,0.0,1447626.67,13
2022-11-21,95254158.4,47670968.71,47583189.68,32905.73,0.0,18605311.8,0.0,1447626.67,13
2022-11-22,95246553.02,47676570.05,47569982.97,11192.36,0.0,18586514.06,0.0,1447626.67,13
2022-11-23,95240597.05,47682145.56,47558451.49,11138.56,0.0,18569419.54,0.0,1447626.67,13
2022-11-24,95259122.95,47687721.72,47571401.22,11137.86,0.0,18576807.57,0.0,1447626.67,13
2022-11-25,95265209.89,47693298.54,47571911.35,11140.03,0.0,18571754.49,0.0,1447626.67,13
2022-11-28,95309168.76,47710070.68,47599098.07,33501.6,22.5,18597534.26,0.0,1447626.67,13
2022-11-29,95357180.03,47715769.38,47641410.65,11384.15,0.0,18634161.39,0.0,1447626.67,13
2022-11-30,95397904.62,47699331.84,47698572.79,11310.42,1173.05,29857084.97,0.0,2854598.66,18
2022-12-01,95473831.69,47704989.51,47768842.19,11315.25,0.0,29921696.79,0.0,2854598.66,18
2022-12-02,95362668.69,47710581.59,47652087.1,11191.65,0.0,29799342.14,0.0,2854598.66,18
2022-12-05,95204757.73,47727359.81,47477397.92,33535.87,189.0,29650504.31,0.0,2854598.66,18
2022-12-06,95075857.75,47733020.81,47342836.95,11292.34,0.0,29510311.99,0.0,2854598.66,18
2022-12-07,95108137.97,47738682.47,47369455.49,11277.05,0.0,29531315.15,0.0,2854598.66,18
2022-12-08,95208201.47,47744251.99,47463949.49,11095.95,2835.84,29619375.92,0.0,2854598.66,18
2022-12-09,95284534.55,47749782.36,47534752.18,11028.28,0.0,29684680.72,0.0,2854598.66,18
2022-12-12,95254967.53,47766455.0,47488512.53,33270.18,0.0,29621843.51,0.0,2854598.66,18
2022-12-13,95545222.91,47772147.16,47773075.74,11351.22,171.5,29783842.35,0.0,2854598.66,18
2022-12-14,95541990.89,47777800.2,47764190.68,11306.18,0.0,29769304.14,0.0,2854598.66,18
2022-12-15,95337763.46,47783414.09,47554349.36,11226.18,44.52,29541286.7,0.0,2854598.66,18
2022-12-16,95196778.55,47789015.37,47407763.17,11175.7,320.9,29396793.17,0.0,2854598.66,18
2022-12-19,95217237.73,47805741.53,47411496.2,33318.87,724.1,29361680.08,0.0,2854598.66,18
2022-12-20,95247727.8,47811425.1,47436302.71,11320.27,0.0,29380849.88,0.0,2854598.66,18
2022-12-21,95466258.52,47817069.5,47649189.01,11244.52,0.0,29588136.07,0.0,2854598.66,18
2022-12-22,95443176.81,47822674.73,47620502.09,11190.77,0.0,29553863.6,0.0,2854598.66,18
2022-12-23,95540647.27,47828307.17,47712340.1,11241.09,0.0,29640092.97,0.0,2854598.66,18
2022-12-26,95587424.52,47845166.65,47742257.87,33678.08,0.0,29653192.14,0.0,2854598.66,18
2022-12-27,95607786.93,47850788.46,47756998.47,11231.52,0.0,29662323.03,0.0,2854598.66,18
2022-12-28,95530230.13,47856570.43,47673659.7,11552.61,22.5,29565036.12,0.0,2854598.66,18
2022-12-29,95599469.49,47862353.1,47737116.39,11543.24,0.0,29622732.24,0.0,2854598.66,18
2022-12-30,95482400.19,47742127.02,47740273.17,11525.05,2024.85,34334398.66,0.0,2883688.56,19
2023-01-02,95585035.27,47759234.62,47825800.65,34214.53,0.0,34402819.21,0.0,2883688.56,19
2023-01-03,95484233.75,47764939.19,47719294.56,11417.1,0.0,34290600.59,0.0,2883688.56,19
2023-01-04,95661231.27,47770777.13,47890454.14,11670.3,0.0,34455927.82,0.0,2883688.56,19
2023-01-05,95553426.19,47776629.05,47776797.14,11718.5,0.0,34336404.24,0.0,2883688.56,19
2023-01-06,95830075.74,47782614.4,48047461.35,11970.72,0.0,34601083.07,0.0,2883688.56,19
2023-01-09,96092630.19,47800572.7,48292057.5,36016.14,0.0,34827621.39,0.0,2883688.56,19
2023-01-10,95999380.24,47806614.16,48192766.08,12145.04,0.0,34722226.39,0.0,2883688.56,19
2023-01-11,96091382.4,47812682.94,48278699.45,12186.59,0.0,34802041.96,0.0,2883688.56,19
2023-01-12,96327230.68,47818752.5,48508478.18,12198.27,0.0,35025691.97,0.0,2883688.56,19
2023-01-13,96448594.61,47824729.84,48623864.76,12040.9,0.0,35135015.0,0.0,2883688.56,19
2023-01-16,96505701.16,47842703.97,48662997.19,36248.6,0.0,35155872.95,0.0,2883688.56,19
2023-01-17,96508143.72,47848697.6,48659446.12,12090.02,0.0,35146225.5,0.0,2883688.56,19
2023-01-18,96424379.95,47854758.43,48569621.51,12224.36,0.0,35050237.36,0.0,2883688.56,19
2023-01-19,96248640.72,47860793.45,48387847.27,12160.19,0.0,34862337.94,0.0,2883688.56,19
2023-01-20,96309222.23,47866842.52,48442379.71,12164.76,47.26,34912869.17,0.0,2883688.56,19
2023-01-23,96416561.07,47885071.81,48531489.26,36677.76,0.0,34983530.24,0.0,2883688.56,19
2023-01-24,96483456.14,47891163.86,48592292.28,12266.33,0.0,35038158.98,0.0,2883688.56,19
2023-01-25,96540154.91,47897243.37,48642911.54,12248.04,0.0,35082609.71,0.0,2883688.56,19
2023-01-26,96604430.33,47903310.36,48701119.97,12228.42,103.5,35184785.21,0.0,2883688.56,19
2023-01-27,96622279.51,47909364.8,48712914.71,12209.73,0.0,35190424.67,0.0,2883688.56,19
2023-01-30,96693031.16,47927610.29,48765420.88,36796.98,0.0,35224379.34,0.0,2883688.56,19
2023-01-31,96772837.08,48387269.17,48385567.92,12328.36,2879.85,48588377.26,48262000.0,7933435.63,29
2023-02-01,97277237.61,48891975.1,48385262.51,12311.66,0.0,48581916.13,48760550.0,7933435.63,29
2023-02-02,98099513.11,49597290.92,48502222.19,12267.74,0.0,48692773.89,49459700.0,7933435.63,29
2023-02-03,97125968.33,49087281.92,48038686.42,12344.19,0.0,48223134.92,48943450.0,7933435.63,29
2023-02-06,96633613.66,48819825.99,47813787.67,36988.81,189.0,48044810.44,48657300.0,7933435.63,29
2023-02-07,97395429.14,49442600.52,47952828.62,12320.79,0.0,48177755.13,49273850.0,7933435.63,29
2023-02-08,96901221.81,48914954.45,47986267.36,12417.92,0.0,48205079.89,48739900.0,7933435.63,29
2023-02-09,96531211.41,48463941.11,48067270.3,12354.91,0.0,48279964.58,48282650.0,7933435.63,29
2023-02-10,96485698.83,48564587.57,47921111.26,12441.8,0.0,48127610.2,48377050.0,7933435.63,29
2023-02-13,97255698.4,49143946.82,48111751.58,37468.61,0.0,48299641.16,48937550.0,7933435.63,29
2023-02-14,97286800.76,49129685.53,48157115.23,12643.24,0.0,48338750.28,48916900.0,7933435.63,29
2023-02-15,97244074.61,49286508.74,47957565.86,12620.26,0.0,48132953.86,49067350.0,7933435.63,29
2023-02-16,96724756.12,48602588.61,48122167.51,12587.71,0.0,48291347.67,48377050.0,7933435.63,29
2023-02-17,96540812.92,48464383.95,48076428.98,12627.95,44.48,48241779.85,48232500.0,7933435.63,29
2023-02-20,96640338.71,48483365.83,48156972.88,37811.82,0.0,48303493.82,48232500.0,7933435.63,29
2023-02-21,95656089.12,47525045.6,48131043.52,12616.93,0.0,48271277.3,47267850.0,7933435.63,29
2023-02-22,95496249.71,47451626.66,48044623.05,12541.58,229.5,48204275.81,47188200.0,7933435.63,29
2023-02-23,95675880.33,47690884.92,47984995.41,12494.09,231.0,48155093.33,47421250.0,7933435.63,29
2023-02-24,94838706.22,47189724.48,47648981.74,12517.59,0.0,47812801.63,46913850.0,7933435.63,29
2023-02-27,95193340.56,47352835.77,47840504.8,37303.22,708.38,47992693.15,47058400.0,7933435.63,29
2023-02-28,95054292.86,47527214.51,47527078.34,12533.79,1711.27,34666655.03,0.0,3314544.41,20
2023-03-01,95254120.63,47533445.86,47720674.77,12462.67,0.0,34854020.13,0.0,3314544.41,20
2023-03-02,95180409.83,47539691.23,47640718.6,12515.33,0.0,34767793.99,0.0,3314544.41,20
2023-03-03,95418175.05,47545950.62,47872224.43,12532.09,0.0,34993027.13,0.0,3314544.41,20
2023-03-06,95589083.82,47564731.27,48024352.55,37690.18,0.0,35126245.72,0.0,3314544.41,20
2023-03-07,95367289.25,47571020.38,47796268.87,12639.0,0.0,34891812.15,0.0,3314544.41,20
2023-03-08,95396152.19,47577455.69,47818696.5,12901.07,0.0,34907774.01,0.0,3314544.41,20
2023-03-09,95437695.19,47583918.29,47853776.9,12957.98,3266.28,34923614.16,0.0,3314544.41,20
2023-03-10,95223633.6,47590355.34,47633278.26,12910.6,0.0,34696641.96,0.0,3314544.41,20
2023-03-13,95049941.67,47609510.45,47440431.21,38327.51,619.2,34486359.22,0.0,3314544.41,20
2023-03-14,95067833.95,47615726.14,47452107.81,12409.3,0.0,34491842.21,0.0,3314544.41,20
2023-03-15,94620336.15,47621955.87,46998380.28,12438.04,0.0,34031906.36,0.0,3314544.41,20
2023-03-16,94819298.89,47628027.66,47191271.23,12064.09,236.7,34228645.23,0.0,3314544.41,20
2023-03-17,94845047.77,47634073.78,47210974.0,12036.78,334.36,34236867.54,0.0,3314544.41,20
2023-03-20,94950946.87,47651380.82,47299566.05,34460.37,0.0,34308306.27,0.0,3314544.41,20
2023-03-21,95201641.58,47657535.79,47544105.78,12264.5,0.0,34546736.48,0.0,3314544.41,20
2023-03-22,95402945.53,47663651.85,47739293.69,12217.54,0.0,34735822.89,0.0,3314544.41,20
2023-03-23,95385520.18,47669781.92,47715738.26,12269.88,0.0,34706127.66,0.0,3314544.41,20
2023-03-24,95341228.85,47675833.33,47665395.51,12108.66,0.0,34649727.66,0.0,3314544.41,20
2023-03-27,95539454.73,47693989.88,47845464.85,36309.12,0.0,34811644.43,0.0,3314544.41,20
2023-03-28,95630986.35,47700282.84,47930703.52,12605.9,0.0,34890570.15,0.0,3314544.41,20
2023-03-29,95730949.47,47706430.87,48024518.59,12325.77,0.0,34978207.49,0.0,3314544.41,20
2023-03-30,96092138.72,47712579.7,48379559.02,12338.66,491.74,35406830.83,0.0,3314544.41,20
2023-03-31,96230653.71,48115486.04,48115167.67,12812.29,1565.57,92813855.69,47997900.0,8937138.14,31
2023-04-03,96432377.3,48319851.08,48112526.22,37529.95,0.0,92792449.33,48183500.0,8937138.14,31
2023-04-04,96428452.76,48039153.46,48389299.29,12777.29,0.0,93062847.49,47896400.0,8937138.14,31
2023-04-05,96284224.69,47909178.62,48375046.07,12696.41,0.0,93042223.01,47760100.0,8937138.14,31
2023-04-06,96592393.6,48086560.04,48505833.56,12623.93,0.0,93166667.99,47931200.0,8937138.14,31
2023-04-07,96637874.4,48092931.51,48544942.89,12798.49,0.0,93199350.3,47931200.0,8937138.14,31
2023-04-10,96582785.35,48161508.76,48421276.59,38735.68,189.0,92922434.57,47980500.0,8937138.14,31
2023-04-11,96918479.95,48171017.59,48747462.36,13253.3,0.0,93241975.86,47983400.0,8937138.14,31
2023-04-12,96844483.28,47974560.82,48869922.46,13164.76,0.0,93357814.43,47780400.0,8937138.14,31
2023-04-13,97756854.64,48604550.71,49152303.93,13100.91,0.0,93633584.89,48403900.0,8937138.14,31
2023-04-14,97497876.5,48506833.84,48991042.67,13441.57,0.0,93465565.18,48299500.0,8937138.14,31
2023-04-17,97750494.79,48677764.17,49072730.62,40461.62,0.0,93526921.85,48450300.0,8937138.14,31
2023-04-18,97940710.56,48722306.1,49218404.46,13739.38,0.0,93665698.25,48488000.0,8937138.14,31
2023-04-19,97814703.59,48711727.23,49102976.37,13711.7,0.0,93543379.58,48470600.0,8937138.14,31
2023-04-20,97575375.54,48416906.27,49158469.26,13612.55,0.0,93592038.98,48169000.0,8937138.14,31
2023-04-21,97616654.89,48472890.5,49143764.4,13470.82,50.04,93555901.26,48218300.0,8937138.14,31
2023-04-24,97781315.28,48524906.75,49256408.53,40510.91,207.0,93561877.73,48250200.0,8937138.14,31
2023-04-25,96862271.71,47763200.23,49099071.48,13689.38,0.0,93397644.79,47481700.0,8937138.14,31
2023-04-26,96688540.8,47569694.21,49118846.59,13372.37,220.5,93335262.0,47281600.0,8937138.14,31
2023-04-27,97601350.85,48478201.11,49123149.74,13428.96,922.68,93399221.97,48183500.0,8937138.14,31
2023-04-28,98119580.99,49059657.77,49059923.23,13637.08,2091.54,95680550.65,97966778.12,9787493.69,30
2023-05-01,97698030.75,48748891.75,48949139.0,40474.33,0.0,95549528.99,97635775.0,9787493.69,30
2023-05-02,97435941.64,48634060.34,48801881.3,13840.55,0.0,95395337.04,97514037.5,9787493.69,30
2023-05-03,97247160.55,48444791.9,48802368.65,13749.29,0.0,95388937.9,97317906.25,9787493.69,30
2023-05-04,97281256.23,48359072.71,48922183.52,13749.67,0.0,95501852.45,97225337.5,9787493.69,30
2023-05-05,97918181.67,48878979.82,49039201.85,13781.51,0.0,95611940.35,97738393.75,9787493.69,30
2023-05-08,97791332.05,48696581.52,49094750.54,41615.23,0.0,95646647.16,97535221.88,9787493.69,30
2023-05-09,97657229.53,48490813.46,49166416.07,13989.59,0.0,95711289.2,97322487.5,9787493.69,30
2023-05-10,98227654.18,49013792.15,49213862.03,13916.16,0.0,95751728.94,97838556.25,9787493.69,30
2023-05-11,97982856.89,48983949.16,48998907.73,13861.01,0.0,95529830.23,97801796.88,9787493.69,30
2023-05-12,97787230.33,48664547.54,49122682.79,13717.6,0.0,95646745.67,97475537.5,9787493.69,30
2023-05-15,97961348.58,48739220.74,49222127.83,41396.59,192.5,95617932.98,97529609.38,9787493.69,30
2023-05-16,97412961.78,48297358.81,49115602.97,13769.01,0.0,95504489.67,97080896.88,9787493.69,30
2023-05-17,97748793.89,48725516.94,49023276.96,13718.99,0.0,95405246.98,97502253.12,9787493.69,30
2023-05-18,97881901.9,48927363.47,48954538.43,13847.75,0.0,95329563.28,97697196.88,9787493.69,30
2023-05-19,97903634.89,48696789.84,49206845.05,13975.36,52.82,95564701.28,97459637.5,9787493.69,30
2023-05-22,97870154.48,48680648.38,49189506.09,41772.22,0.0,95526367.4,97422718.75,9787493.69,30
2023-05-23,97145423.06,48206374.75,48939048.31,14245.54,0.0,95268750.04,96941359.38,9787493.69,30
2023-05-24,96442119.96,47750448.61,48691671.35,13978.15,0.0,95014331.07,96478496.88,9787493.69,30
2023-05-25,96316132.12,47813562.28,48502569.83,13957.32,99.0,95099331.78,96534700.0,9787493.69,30
2023-05-26,97033398.48,48353463.22,48679935.26,13939.08,0.0,95269677.6,97067681.25,9787493.69,30
2023-05-29,97085741.61,48374255.21,48711486.4,41724.36,112.2,95306258.4,97067681.25,9787493.69,30
2023-05-30,97538750.53,48727054.48,48811696.05,13915.62,407.56,95401068.9,97413546.88,9787493.69,30
2023-05-31,97273946.64,48636895.79,48637050.84,14305.68,4060.05,58868285.32,48609800.0,8013505.36,21
2023-06-01,98052442.0,49079002.19,48973439.82,14212.8,0.0,59197567.88,49044800.0,8013505.36,21
2023-06-02,98832420.5,49782145.91,49050274.59,14272.08,0.0,59267274.29,49740800.0,8013505.36,21
2023-06-05,98881268.82,49722642.63,49158626.19,43074.46,202.5,59291000.65,49659600.0,8013505.36,21
2023-06-06,99042315.65,49831324.78,49210990.87,14282.85,0.0,59336264.64,49761100.0,8013505.36,21
2023-06-07,98785685.54,49658694.96,49126990.58,14251.09,0.0,59245183.44,49581300.0,8013505.36,21
2023-06-08,99250183.47,49944212.71,49305970.77,14159.28,3328.76,59423451.88,49859700.0,8013505.36,21
2023-06-09,99425798.81,50026715.88,49399082.92,14115.58,0.0,59509551.63,49935100.0,8013505.36,21
2023-06-12,99846672.06,50488818.93,49357853.14,42338.82,0.0,59447286.07,50375900.0,8013505.36,21
2023-06-13,100391189.89,50832427.61,49558762.28,14255.89,0.0,59641148.02,50712300.0,8013505.36,21
2023-06-14,100535701.65,50868642.99,49667058.66,14249.97,0.0,59742409.8,50741300.0,8013505.36,21
2023-06-15,101314726.1,51486705.38,49828020.72,14242.56,1225.26,59887235.51,51866500.0,8013505.36,21
2023-06-16,101222776.92,51290956.42,49931820.49,14268.49,733.76,59961853.77,51663500.0,8013505.36,21
2023-06-19,101232405.56,51312712.34,49919693.23,42935.33,0.0,59928547.09,51663500.0,8013505.36,21
2023-06-20,100732612.13,51099567.38,49633044.74,14313.14,318.2,59682689.96,51443100.0,8013505.36,21
2023-06-21,100375943.62,50811063.27,49564880.35,14382.38,0.0,59607439.08,51147300.0,8013505.36,21
2023-06-22,100385149.5,50986532.07,49398617.43,14359.34,0.0,59434085.62,51315500.0,8013505.36,21
2023-06-23,99812141.22,50590725.98,49221415.24,14360.65,0.0,59249816.69,50912400.0,8013505.36,21
2023-06-26,99820232.22,50394937.83,49425294.39,42836.04,211.5,59470383.14,50694900.0,8013505.36,21
2023-06-27,100526757.45,50964873.09,49561884.36,14529.39,0.0,59599778.99,51257500.0,8013505.36,21
2023-06-28,100609910.99,50957720.53,49652190.46,14492.61,189.0,59567028.92,51243000.0,8013505.36,21
2023-06-29,100691027.6,51176752.78,49514274.82,14476.65,0.0,59421968.89,51454700.0,8013505.36,21
2023-06-30,101610304.98,50805371.97,50804933.0,14544.26,809.17,45482287.93,50717225.0,8125252.59,22
2023-07-03,101947273.07,50872460.62,51074812.45,43777.11,0.0,45730278.91,50762425.0,8125252.59,22
2023-07-04,101894922.82,50879823.0,51015099.83,14754.04,0.0,45663174.63,50762425.0,8125252.59,22
2023-07-05,101668572.91,50791136.44,50877436.47,14746.46,0.0,45518128.26,50666375.0,8125252.59,22
2023-07-06,100806354.44,50383212.04,50423142.4,14713.7,0.0,45056471.09,50251100.0,8125252.59,22
2023-07-07,100897856.71,50243631.6,50654225.11,14644.92,0.0,45280228.44,50104200.0,8125252.59,22
2023-07-10,101064430.32,50381312.58,50683117.74,43890.57,0.0,45287086.48,50220025.0,8125252.59,22
2023-07-11,101594735.66,50719184.86,50875550.8,14738.56,0.0,45472128.26,50550550.0,8125252.59,22
2023-07-12,102279296.95,51110781.41,51168515.55,14815.9,0.0,45757673.65,50934750.0,8125252.59,22
2023-07-13,102843473.21,51525020.86,51318452.35,14887.32,0.0,45900162.59,51341550.0,8125252.59,22
2023-07-14,102953847.57,51456245.62,51497601.95,14969.44,154.0,46069026.73,51265275.0,8125252.59,22
2023-07-17,103124980.37,51670857.73,51454122.65,45042.31,135.0,45933852.22,51457375.0,8125252.59,22
2023-07-18,103635663.24,52062607.41,51573055.83,15067.71,0.0,46045267.39,51841575.0,8125252.59,22
2023-07-19,103927135.0,52174724.88,51752410.12,15113.53,0.0,46217100.6,51946100.0,8125252.59,22
2023-07-20,103409362.6,51826398.18,51582964.42,15184.91,0.0,46040093.3,51590150.0,8125252.59,22
2023-07-21,103483560.03,51825495.59,51658064.43,15109.26,63.94,46113047.67,51581675.0,8125252.59,22
2023-07-24,103727363.85,52060130.62,51667233.22,45446.53,0.0,46099529.96,51793550.0,8125252.59,22
2023-07-25,103946943.47,52209016.11,51737927.36,15213.35,0.0,46162646.24,51934800.0,8125252.59,22
2023-07-26,104028386.31,52208198.43,51820187.87,15245.55,0.0,46237318.52,51926325.0,8125252.59,22
2023-07-27,103714560.44,51865555.64,51849004.81,15257.5,0.0,46258535.16,51576025.0,8125252.59,22
2023-07-28,104219148.6,52350587.58,51868561.02,15211.47,0.0,46270486.85,52053450.0,8125252.59,22
2023-07-31,104479041.38,52239980.13,52239061.25,45856.43,1039.88,63273755.73,52143850.0,9523696.3,34
2023-08-01,104137950.7,52097916.99,52040033.71,15323.59,0.0,63067066.47,51994125.0,9523696.3,34
2023-08-02,102792500.91,51382343.55,51410157.36,15244.64,0.0,62429572.03,51270925.0,9523696.3,34
2023-08-03,102436796.18,51214715.35,51222080.83,15047.68,0.0,62233969.63,51095775.0,9523696.3,34
2023-08-04,102447040.08,50953837.62,51493202.46,14995.61,0.0,62497592.91,50827400.0,9523696.3,34
2023-08-07,102831918.1,51425432.31,51406485.79,45076.7,207.0,62425226.23,51276575.0,9523696.3,34
2023-08-08,102308756.59,51215463.99,51093292.6,15110.58,0.0,62104479.15,51059050.0,9523696.3,34
2023-08-09,102174766.07,50852929.04,51321837.03,15062.12,0.0,62325501.51,50688975.0,9523696.3,34
2023-08-10,102251709.13,50860387.47,51391321.65,14985.63,28.0,62373286.93,50688975.0,9523696.3,34
2023-08-11,102005935.56,50811347.0,51194588.56,14996.92,0.0,62169016.45,50632475.0,9523696.3,34
2023-08-14,102061925.95,51119028.99,50942896.96,44882.61,126.0,61662245.23,50917800.0,9523696.3,34
2023-08-15,101240162.15,50538940.65,50701221.5,14997.43,0.0,61413083.99,50330200.0,9523696.3,34
2023-08-16,100594511.14,50162167.06,50432344.08,14876.68,0.0,61136756.31,49946000.0,9523696.3,34
2023-08-17,100138186.57,49768388.11,50369798.46,14781.8,0.0,61066799.93,49544850.0,9523696.3,34
2023-08-18,100073818.84,49755926.3,50317892.54,14714.75,63.94,61013016.83,49525075.0,9523696.3,34
2023-08-21,100464099.86,50113993.91,50350105.95,44032.48,35.0,61017225.37,49861250.0,9523696.3,34
2023-08-22,100335370.91,49971646.8,50363724.1,14790.55,45.0,61017475.87,49711525.0,9523696.3,34
2023-08-23,101073276.82,50518578.74,50554698.08,14771.6,0.0,61201035.19,50251100.0,9523696.3,34
2023-08-24,100451617.33,49836716.2,50614901.13,14880.23,0.0,61253795.46,49561800.0,9523696.3,34
2023-08-25,100878790.16,50163292.11,50715498.05,14816.61,376.5,61297893.18,49881025.0,9523696.3,34
2023-08-28,101523196.81,50502014.78,51021182.04,44891.06,0.0,61581008.77,50197425.0,9523696.3,34
2023-08-29,102652634.67,51238355.91,51414278.76,15059.27,0.0,61966537.35,50926275.0,9523696.3,34
2023-08-30,102985019.37,51443692.03,51541327.34,15198.29,985.1,62089123.42,51124025.0,9523696.3,34
2023-08-31,102858043.38,51429518.06,51428525.32,15218.9,1380.04,47555205.8,51256600.0,8789835.77,28
2023-09-01,102941909.71,51499543.2,51442366.51,15200.13,0.0,47561446.99,51319025.0,8789835.77,28
2023-09-04,103029157.6,51522288.83,51506868.77,45466.01,0.0,47603228.87,51319025.0,8789835.77,28
2023-09-05,102785778.74,51314224.06,51471554.68,15168.18,0.0,47560331.83,51103375.0,8789835.77,28
2023-09-06,102345478.02,50969957.16,51375520.86,15189.45,0.0,47456691.66,50751525.0,8789835.77,28
2023-09-07,102062810.8,50804387.73,51258423.07,15095.96,3245.18,47321800.77,50578437.5,8789835.77,28
2023-09-08,102220219.0,50874292.26,51345926.74,15025.91,0.0,47401758.06,50640862.5,8789835.77,28
2023-09-11,102867501.52,51220279.14,51647222.38,45232.45,0.0,47680333.13,50964337.5,8789835.77,28
2023-09-12,102616566.54,50941260.86,51675305.68,15201.53,28.0,47675412.12,50677750.0,8789835.77,28
2023-09-13,102697154.53,50991351.34,51705803.18,15164.45,0.0,47698273.16,50720312.5,8789835.77,28
2023-09-14,103431629.56,51423476.07,52008153.49,15147.83,1171.5,48001246.86,51699250.0,8789835.77,28
2023-09-15,102991228.94,50784111.03,52207117.91,15256.17,495.74,48234958.66,51052300.0,8789835.77,28
2023-09-18,102781190.52,50846350.32,51934840.2,45659.44,808.4,47935506.69,51092025.0,8789835.77,28
2023-09-19,102640527.38,50723325.16,51917202.22,15160.23,38.5,47900346.82,50961500.0,8789835.77,28
2023-09-20,102078825.45,50242756.85,51836068.6,15139.48,45.0,47804400.42,50473450.0,8789835.77,28
2023-09-21,100898638.28,49398945.57,51499692.71,15113.34,57.24,47474392.88,49622200.0,8789835.77,28
2023-09-22,100773521.6,49281409.35,51492112.25,14938.6,0.0,47459187.6,49497350.0,8789835.77,28
2023-09-25,100701535.69,49504719.95,51196815.74,44676.26,0.0,47141062.93,49698812.5,8789835.77,28
2023-09-26,99765897.57,48785676.9,50980220.67,14965.37,0.0,46916859.44,48972412.5,8789835.77,28
2023-09-27,99714601.43,48778725.94,50935875.49,14798.61,0.0,46864952.19,48958225.0,8789835.77,28
2023-09-28,100140269.29,49058361.45,51081907.84,14791.0,99.0,47011503.05,49230625.0,8789835.77,28
2023-09-29,99898857.63,49949693.53,49949164.09,14798.51,963.94,39081447.98,49743250.0,7904184.31,22
2023-10-02,99782675.45,49957462.9,49825212.55,44288.49,0.0,38935352.31,49728875.0,7904184.31,22
2023-10-03,98733493.38,49280637.13,49452856.25,14828.81,0.0,38555591.43,49044625.0,7904184.31,22
2023-10-04,98768542.89,49667460.78,49101082.1,14672.89,0.0,38196468.04,49424125.0,7904184.31,22
2023-10-05,98562664.15,49594328.12,48968336.03,14650.67,0.0,38056438.63,49343625.0,7904184.31,22
2023-10-06,99373878.15,50185309.61,49188568.54,14620.13,0.0,38269407.51,49927250.0,7904184.31,22
2023-10-09,99783922.2,50521100.72,49262821.48,44387.0,189.0,38382358.55,50240625.0,7904184.31,22
2023-10-10,100327951.9,50790247.75,49537704.15,14856.72,0.0,38649906.54,50502250.0,7904184.31,22
2023-10-11,100529979.13,51007656.64,49522322.49,14881.98,0.0,38627176.79,50712125.0,7904184.31,22
2023-10-12,100362053.29,50678847.77,49683205.52,14911.95,24.5,38765863.51,50375750.0,7904184.31,22
2023-10-13,100241347.58,50419004.21,49822343.37,14914.92,0.0,38897617.88,50108375.0,7904184.31,22
2023-10-16,100782631.82,50944607.69,49838024.14,44690.93,0.0,38891086.19,50611500.0,7904184.31,22
2023-10-17,100886494.9,50960789.47,49925705.43,14949.42,0.0,38971374.84,50620125.0,7904184.31,22
2023-10-18,100170185.84,50284112.81,49886073.03,14992.85,0.0,38924322.92,49935875.0,7904184.31,22
2023-10-19,99625905.53,49840196.62,49785708.91,14858.58,35.0,38806094.03,49484500.0,7904184.31,22
2023-10-20,98874065.38,49220825.74,49653239.65,14750.17,114.5,38661724.43,48857750.0,7904184.31,22
2023-10-23,98706503.25,49164980.95,49541522.3,43751.77,0.0,38528035.53,48780125.0,7904184.31,22
2023-10-24,98987517.58,49511496.44,49476021.13,14586.63,0.0,38455213.23,49119375.0,7904184.31,22
2023-10-25,98366777.43,48811549.39,49555228.04,14600.66,0.0,38527122.42,48412125.0,7904184.31,22
2023-10-26,97580601.17,48206387.65,49374213.52,14536.42,276.5,38285568.74,47799750.0,7904184.31,22
2023-10-27,97478019.11,47997886.48,49480132.62,14420.24,0.0,38384191.43,47584125.0,7904184.31,22
2023-10-30,97879143.96,48571165.55,49307978.41,43215.26,0.0,38190101.02,48136125.0,7904184.31,22
2023-10-31,98228638.43,49114441.39,49114197.04,14491.55,1340.35,26886691.6,0.0,2403271.58,16
2023-11-01,98264007.02,49121713.06,49142293.97,14543.3,0.0,26907516.89,0.0,2403271.58,16
2023-11-02,98495957.05,49128958.51,49366998.55,14493.94,0.0,27124972.98,0.0,2403271.58,16
2023-11-03,98439931.11,49136164.09,49303767.02,14446.07,0.0,27054500.96,0.0,2403271.58,16
2023-11-06,98445962.42,49157743.05,49288219.36,43231.54,0.0,27017300.74,0.0,2403271.58,16
2023-11-07,98087845.35,49164966.51,48922878.83,14466.09,0.0,26644717.58,0.0,2403271.58,16
2023-11-08,98038670.96,49172177.37,48866493.58,14386.22,0.0,26581156.97,0.0,2403271.58,16
2023-11-09,98014889.37,49179389.29,48835500.08,14379.01,0.0,26542996.38,0.0,2403271.58,16
2023-11-10,98062365.8,49186588.61,48875777.19,14348.29,31.5,26551406.02,0.0,2403271.58,16
2023-11-13,98336999.91,49208148.73,49128851.18,42984.0,0.0,26783056.12,0.0,2403271.58,16
2023-11-14,98256151.56,49215365.92,49040785.64,14422.76,0.0,26687785.02,0.0,2403271.58,16
2023-11-15,98358952.22,49222556.84,49136395.39,14356.32,0.0,26776229.36,0.0,2403271.58,16
2023-11-16,98172917.61,49229748.8,48943168.81,14371.34,99.0,26592147.41,0.0,2403271.58,16
2023-11-17,98338541.54,49236928.14,49101613.41,14316.88,38.5,26745582.96,0.0,2403271.58,16
2023-11-20,98391387.68,49258469.29,49132918.39,43023.11,49.5,26757105.49,0.0,2403271.58,16
2023-11-21,98512070.44,49265680.19,49246390.26,14403.41,0.0,26863384.84,0.0,2403271.58,16
2023-11-22,98451499.21,49272878.45,49178620.77,14393.71,0.0,26788419.91,0.0,2403271.58,16
2023-11-23,98464852.27,49280091.45,49184760.81,14412.21,0.0,26787360.76,0.0,2403271.58,16
2023-11-24,98291574.91,49287305.51,49004269.4,14414.16,175.5,26565134.74,0.0,2403271.58,16
2023-11-27,98232465.28,49308991.92,48923473.36,43248.29,0.0,26462776.82,0.0,2403271.58,16
2023-11-28,98503899.29,49316223.91,49187675.38,14407.43,49.5,26736572.9,0.0,2403271.58,16
2023-11-29,98609105.72,49323443.26,49285662.46,14419.88,0.0,26827359.45,0.0,2403271.58,16
2023-11-30,98515558.28,49258416.22,49257142.06,14380.49,2428.16,66054000.21,49200062.5,7499069.34,21
2023-12-01,98917242.93,49523599.74,49393643.19,14366.85,0.0,66183318.01,49458062.5,7499069.34,21
2023-12-04,98438404.01,49284496.27,49153907.73,43111.43,0.0,65922055.16,49197375.0,7499069.34,21
2023-12-05,98387404.46,49275572.29,49111832.17,14382.94,0.0,65872797.66,49181250.0,7499069.34,21
2023-12-06,98157899.46,49078508.31,49079391.16,14348.16,0.0,65833194.5,48977000.0,7499069.34,21
2023-12-07,98582088.28,49445790.59,49136297.69,14314.69,3798.06,65927649.31,49337125.0,7499069.34,21
2023-12-08,98672028.82,49646487.7,49025541.12,14349.17,0.0,65809740.68,49530625.0,7499069.34,21
2023-12-11,98916361.85,49867041.67,49049320.18,43086.79,0.0,65812111.92,49729500.0,7499069.34,21
2023-12-12,99255227.47,50086640.29,49168587.18,14452.78,105.0,65938491.22,49941812.5,7499069.34,21
2023-12-13,100153898.93,50765833.51,49388065.42,14502.29,0.0,66150785.38,50613687.5,7499069.34,21
2023-12-14,100636046.94,50914692.76,49721354.18,14577.96,1117.5,66471635.43,51320500.0,7499069.34,21
2023-12-15,100546554.64,50857589.53,49688965.11,14620.18,375.48,66480546.44,51256000.0,7499069.34,21
2023-12-18,100776302.58,51148547.35,49627755.24,43905.33,1023.4,66415526.21,51524750.0,7499069.34,21
2023-12-19,101423498.79,51448958.22,49974540.57,14724.54,0.0,66755060.37,51817687.5,7499069.34,21
2023-12-20,100697529.07,50698557.61,49998971.46,14734.58,0.0,66772231.07,51059812.5,7499069.34,21
2023-12-21,101298843.91,51211187.06,50087656.85,14657.08,0.0,66853638.83,51565062.5,7499069.34,21
2023-12-22,101439526.91,51309987.69,50129539.23,14688.33,0.0,66888258.5,51656437.5,7499069.34,21
2023-12-25,101495614.53,51332393.05,50163221.48,44295.26,0.0,66900050.86,51656437.5,7499069.34,21
2023-12-26,101766760.83,51552177.26,50214583.57,14773.25,0.0,66944111.41,51868750.0,7499069.34,21
2023-12-27,102105800.38,51651070.29,50454730.1,14840.99,161.0,67067615.97,51960125.0,7499069.34,21
2023-12-28,102120696.2,51645150.89,50475545.32,14862.07,0.0,67081087.23,51946687.5,7499069.34,21
2023-12-29,101774607.17,50887586.39,50887020.77,14892.6,2608.62,179900573.57,101651781.25,10216914.92,37
2024-01-02,100825328.35,50304288.11,50521040.24,58803.11,0.0,179505191.65,101039081.25,10216914.92,37
2024-01-03,100111594.86,49980107.23,50131487.63,14619.67,0.0,179108313.49,100707606.25,10216914.92,37
2024-01-04,99469374.97,49568969.61,49900405.35,14571.8,0.0,178869934.3,100289193.75,10216914.92,37
2024-01-05,99249725.67,49512040.9,49737684.77,14478.32,0.0,178699950.43,100225050.0,10216914.92,37
2024-01-08,100166386.32,50382892.41,49783493.91,43339.05,0.0,178724040.78,101074281.25,10216914.92,37
2024-01-09,99906239.26,50237283.67,49668955.6,14607.6,0.0,178602242.38,100921325.0,10216914.92,37
2024-01-10,100146434.29,50520658.48,49625775.81,14541.91,0.0,178551832.99,101197387.5,10216914.92,37
2024-01-11,100419148.3,50688823.01,49730325.29,14549.05,0.0,178649172.95,101358212.5,10216914.92,37
2024-01-12,100852784.68,50819236.97,50033547.71,14588.67,0.0,178945170.66,101481262.5,10216914.92,37
2024-01-15,100852277.68,50841343.34,50010934.34,43870.96,0.0,178900792.7,101481262.5,10216914.92,37
2024-01-16,99816636.37,50321315.33,49495321.04,14623.58,0.0,178377927.81,100953862.5,10216914.92,37
2024-01-17,98778075.92,49851280.67,48926795.25,14473.41,0.0,177802225.2,100476531.25,10216914.92,37
2024-01-18,99115492.96,50182099.3,48933393.66,14377.7,0.0,177801702.04,100800093.75,10216914.92,37
2024-01-19,99954729.73,50768756.96,49185972.77,14371.75,72.28,178054183.54,101379475.0,10216914.92,37
2024-01-22,100473192.79,51080916.37,49392276.42,43480.31,0.0,178239091.28,101669550.0,10216914.92,37
2024-01-23,100387012.13,51109460.6,49277551.53,14568.61,0.0,178117204.52,101690687.5,10216914.92,37
2024-01-24,100581230.38,51036007.28,49545223.1,14528.23,0.0,178377744.53,101609837.5,10216914.92,37
2024-01-25,101037150.79,51464468.32,49572682.47,14556.34,0.0,178398033.6,102030912.5,10216914.92,37
2024-01-26,101014875.81,51271503.87,49743371.94,14622.32,0.0,178561548.8,101830500.0,10216914.92,37
2024-01-29,101979470.05,51915270.5,50064199.55,43857.29,0.0,178860779.5,102452006.25,10216914.92,37
2024-01-30,102214618.49,51935091.96,50279526.53,14787.02,0.0,179068847.17,102464300.0,10216914.92,37
2024-01-31,102060158.39,51030602.31,51029556.07,14792.73,1200.84,132934588.29,101893693.75,9723221.58,35
2024-02-01,103133201.06,51899476.75,51233724.31,14798.72,0.0,133131357.24,102755168.75,9723221.58,35
2024-02-02,102723933.01,51887383.43,50836549.59,14954.31,0.0,132726753.63,102735550.0,9723221.58,35
2024-02-05,101811197.83,51322035.18,50489162.65,44770.51,157.5,132402167.94,102147587.5,9723221.58,35
2024-02-06,102562826.5,51689714.37,50873112.12,14762.62,0.0,132778796.48,102507825.0,9723221.58,35
2024-02-07,103082087.24,52077886.24,51004201.0,14900.1,0.0,132902494.62,102888487.5,9723221.58,35
2024-02-08,103156973.29,51912952.0,51244021.29,14975.54,0.0,133134905.13,102715987.5,9723221.58,35
2024-02-09,103534668.05,52116775.05,51417893.01,14986.42,0.0,133301332.23,102912268.75,9723221.58,35
2024-02-12,103606327.05,52174638.96,51431688.09,45210.14,38.5,133252838.34,102947375.0,9723221.58,35
2024-02-13,101969402.97,50954156.27,51015246.7,15051.7,0.0,132828925.07,101719312.5,9723221.58,35
2024-02-14,102644197.39,51627468.34,51016729.06,14870.54,0.0,132822967.7,102385193.75,9723221.58,35
2024-02-15,103409177.98,52003731.16,51405446.82,14911.92,0.0,133204273.86,102753956.25,9723221.58,35
2024-02-16,102870987.37,51540217.4,51330769.98,15023.06,72.28,133129427.78,102282887.5,9723221.58,35
2024-02-19,103003785.5,51562723.29,51441062.21,44920.33,0.0,133217305.57,102282887.5,9723221.58,35
2024-02-20,102971274.75,51360141.03,51611133.71,14992.77,0.0,133379889.54,102072800.0,9723221.58,35
2024-02-21,102965978.06,51275379.29,51690598.77,14988.04,54.0,133427821.32,101980562.5,9723221.58,35
2024-02-22,104167598.73,52286767.7,51880831.03,14987.27,0.0,133610529.72,102984487.5,9723221.58,35
2024-02-23,104736808.1,52503830.36,52232977.75,15191.11,279.0,133863629.48,103193925.0,9723221.58,35
2024-02-26,104483769.89,52184188.28,52299581.6,45909.63,119.0,133901676.88,102851268.75,9723221.58,35
2024-02-27,104629091.79,52256188.72,52372903.07,15266.24,2168.8,133963228.19,102917687.5,9723221.58,35
2024-02-28,104268975.21,52297446.92,51971528.29,15258.41,66.5,133557872.94,102951325.0,9723221.58,35
2024-02-29,104674907.32,52337846.05,52337061.27,15176.93,3547.78,63164350.5,52313437.5,8225238.08,28
2024-03-01,105523761.41,52778541.15,52745220.25,15265.09,0.0,63564877.0,52746500.0,8225238.08,28
2024-03-04,105537215.32,52722106.3,52815109.02,45990.77,0.0,63611777.64,52667062.5,8225238.08,28
2024-03-05,104927071.85,52191655.29,52735416.56,15361.53,0.0,63524397.64,52128937.5,8225238.08,28
2024-03-06,105401419.05,52465737.58,52935681.47,15243.57,0.0,63717001.27,52395437.5,8225238.08,28
2024-03-07,106132898.49,52985874.26,53147024.23,15341.76,2671.26,63911978.52,52907937.5,8225238.08,28
2024-03-08,105647515.03,52657899.15,52989615.88,15448.23,0.0,63746834.33,52572250.0,8225238.08,28
2024-03-11,105633098.25,52619393.1,53013705.15,46132.75,0.0,63747784.79,52510750.0,8225238.08,28
2024-03-12,106444909.78,53183114.64,53261795.14,15375.48,38.5,63965371.84,53066812.5,8225238.08,28
2024-03-13,106565822.04,53096058.02,53469764.03,15523.22,56.0,64092194.83,52972000.0,8225238.08,28
2024-03-14,106568687.18,52956816.19,53611870.99,15540.85,1077.5,64234750.11,52825937.5,8225238.08,28
2024-03-15,106447377.34,52603226.56,53844150.78,15541.27,482.0,64493546.86,53123187.5,8225238.08,28
2024-03-18,107088432.05,52954240.47,54134191.58,46570.73,869.6,64704344.19,53451187.5,8225238.08,28
2024-03-19,107342341.74,53238712.96,54103628.77,15617.06,42.0,64659208.82,53727937.5,8225238.08,28
2024-03-20,107880572.52,53707712.16,54172860.36,15624.27,54.0,64711739.33,54189187.5,8225238.08,28
2024-03-21,108418650.57,53876967.11,54541683.46,15702.62,66.78,65092398.24,54350625.0,8225238.08,28
2024-03-22,108391771.16,53790011.67,54601759.49,15811.05,0.0,65144520.27,54255812.5,8225238.08,28
2024-03-25,108676281.84,53659749.97,55016531.86,47331.07,0.0,65535449.87,54102062.5,8225238.08,28
2024-03-26,108570686.9,53534295.54,55036391.36,15788.25,0.0,65547316.69,53968812.5,8225238.08,28
2024-03-27,109173899.75,53982808.02,55191091.74,15742.75,0.0,65694036.79,54409562.5,8225238.08,28
2024-03-28,109330062.51,53993198.02,55336864.48,15830.22,296.7,65835399.63,54412125.0,8225238.08,28
2024-03-29,109368223.39,54685145.75,54683077.65,15883.23,2072.6,275062934.06,54677550.0,9718097.1,35
2024-04-01,109236815.09,54572504.36,54664310.74,47666.32,0.0,275020334.44,54541075.0,9718097.1,35
2024-04-02,109023831.15,54222507.53,54801323.62,15869.68,0.0,275149405.82,54183150.0,9718097.1,35
2024-04-03,109104690.7,54292169.79,54812520.91,15808.46,0.0,275152656.91,54244950.0,9718097.1,35
2024-04-04,108560038.5,53586767.16,54973271.34,15820.18,0.0,275305459.53,53531675.0,9718097.1,35
2024-04-05,109011001.76,54168747.35,54842254.41,15711.05,0.0,275166486.74,54105900.0,9718097.1,35
2024-04-08,109116096.32,54194930.9,54921165.42,47510.63,153.0,275137328.67,54108475.0,9718097.1,35
2024-04-09,109289560.62,54274904.22,55014656.4,15852.14,0.0,275222840.82,54180575.0,9718097.1,35
2024-04-10,108679205.54,53742039.15,54937166.39,15877.34,0.0,275137358.4,53639825.0,9718097.1,35
2024-04-11,108835798.44,54115526.53,54720271.9,15849.05,45.5,274902097.75,54005475.0,9718097.1,35
2024-04-12,108301561.95,53343193.38,54958368.57,15871.89,166.5,275344760.88,53225250.0,9718097.1,35
2024-04-15,107727736.51,52712481.03,55015255.48,47381.93,0.0,275377603.5,52571200.0,9718097.1,35
2024-04-16,107016776.76,52601718.27,54415058.49,15710.29,0.0,274769383.46,52452750.0,9718097.1,35
2024-04-17,106702851.63,52297814.35,54405037.28,15606.61,0.0,274751426.71,52141175.0,9718097.1,35
2024-04-18,106796903.31,52168966.11,54627937.2,15560.83,0.0,274966392.56,52004700.0,9718097.1,35
2024-04-19,106435832.95,51710499.09,54725333.86,15574.55,117.78,275026371.91,51538625.0,9718097.1,35
2024-04-22,106893524.82,52183747.43,54709777.39,46565.68,117.0,274925812.6,51989250.0,9718097.1,35
2024-04-23,107725428.7,52799014.08,54926414.62,15499.56,0.0,275134516.92,52596950.0,9718097.1,35
2024-04-24,107769045.6,52817013.93,54952031.67,15709.96,189.0,275160162.86,52607250.0,9718097.1,35
2024-04-25,107336445.1,52564656.08,54771789.01,15746.25,200.0,274902211.11,52347175.0,9718097.1,35
2024-04-26,107931807.2,53079611.37,54852195.84,15683.05,0.0,274974615.16,52854450.0,9718097.1,35
2024-04-29,107991783.18,53262483.7,54729299.48,47220.17,443.1,274810555.57,53014100.0,9718097.1,35
2024-04-30,106686179.97,53344201.02,53341978.94,15748.8,2472.08,169945827.84,53203500.0,9056506.53,29
2024-05-01,106016349.27,53136730.39,52879618.88,15558.4,0.0,169475688.73,52988250.0,9056506.53,29
2024-05-02,106322824.27,53616994.25,52705830.02,15490.17,0.0,169294173.57,53460750.0,9056506.53,29
2024-05-03,107097677.77,54288938.4,52808739.37,15505.41,0.0,169389396.66,54124875.0,9056506.53,29
2024-05-06,107899577.75,54856064.81,53043512.94,46855.23,0.0,169601066.4,54668250.0,9056506.53,29
2024-05-07,108318935.08,54940189.65,53378745.43,15735.36,0.0,169928563.38,54744375.0,9056506.53,29
2024-05-08,108281994.05,54937701.76,53344292.29,15796.51,0.0,169886325.84,54733875.0,9056506.53,29
2024-05-09,108686390.17,55221338.51,53465051.66,15791.12,0.0,169999305.83,55009500.0,9056506.53,29
2024-05-10,109023915.29,55305516.62,53718398.67,15850.1,0.0,170244855.86,55085625.0,9056506.53,29
2024-05-13,108755803.99,55321883.87,53433920.12,47788.82,0.0,169936830.74,55077750.0,9056506.53,29
2024-05-14,109169661.6,55581951.65,53587709.95,15860.22,0.0,170082828.13,55329750.0,9056506.53,29
2024-05-15,110120592.16,56256791.91,53863800.24,15890.25,24.5,170363804.99,55996500.0,9056506.53,29
2024-05-16,110055571.85,56131121.03,53924450.83,16059.25,0.0,170416600.44,55862625.0,9056506.53,29
2024-05-17,110404050.83,56212806.81,54191244.01,16049.77,75.06,170662002.82,55936125.0,9056506.53,29
2024-05-20,110671034.18,56284649.92,54386384.26,48301.77,45.5,170827239.89,55983375.0,9056506.53,29
2024-05-21,110817164.0,56434608.1,54382555.9,16139.53,58.5,170809038.69,56125125.0,9056506.53,29
2024-05-22,110428948.84,56261713.14,54167235.69,16160.84,0.0,170585787.69,55944000.0,9056506.53,29
2024-05-23,109799896.19,55821042.98,53978853.22,16104.22,81.0,170502311.83,55495125.0,9056506.53,29
2024-05-24,110087271.35,56209824.05,53877447.3,16042.98,0.0,170393019.0,55875750.0,9056506.53,29
2024-05-27,110323078.15,56234462.69,54088615.46,48254.92,0.0,170580570.88,55875750.0,9056506.53,29
2024-05-28,110738202.01,56276804.17,54461397.84,16119.43,0.0,170945450.32,55909875.0,9056506.53,29
2024-05-29,110039158.31,55857151.84,54182006.47,16180.08,0.0,170658101.53,55482000.0,9056506.53,29
2024-05-30,109435898.42,55539813.19,53896085.23,16077.94,1210.28,170362578.07,55156500.0,9056506.53,29
2024-05-31,109686422.4,54843656.02,54842766.38,15989.8,1120.24,191452750.67,54808425.0,9252878.28,32
2024-06-03,110006959.18,54885762.62,55121196.56,47987.81,0.0,191707187.15,54826537.5,9252878.28,32
2024-06-04,109703653.39,54963644.54,54740008.85,16073.24,0.0,191317945.61,54896400.0,9252878.28,32
2024-06-05,110619442.78,55613360.07,55006082.71,15998.45,0.0,191576036.56,55538100.0,9252878.28,32
2024-06-06,110897269.03,55600770.35,55296498.68,16132.0,0.0,191858430.8,55517400.0,9252878.28,32
2024-06-07,110172868.37,55523491.3,54649377.07,16172.52,0.0,191203245.12,55432012.5,9252878.28,32
2024-06-10,110325337.29,55708254.09,54617083.2,48292.44,144.0,191083140.61,55592437.5,9252878.28,32
2024-06-11,110322267.53,55848340.71,54473926.81,16089.11,0.0,190932019.23,55724400.0,9252878.28,32
2024-06-12,111132445.35,56306710.26,54825735.08,16088.66,0.0,191275883.39,56174625.0,9252878.28,32
2024-06-13,111008636.14,56428771.66,54579864.48,16206.81,2833.92,191037541.28,56288475.0,9252878.28,32
2024-06-14,110817300.5,56426650.86,54390649.65,16188.76,166.5,190855703.39,56278125.0,9252878.28,32
2024-06-17,111105633.82,56875687.52,54229946.3,48482.57,3178.9,190868313.62,56702475.0,9252878.28,32
2024-06-18,111439565.11,57013356.89,54426208.22,16202.9,0.0,191056667.0,56831850.0,9252878.28,32
2024-06-19,111539381.7,57021655.5,54517726.21,16220.65,0.0,191140262.95,56831850.0,9252878.28,32
2024-06-20,111517745.77,56881536.32,54636209.45,16235.18,1047.78,191246270.86,56684362.5,9252878.28,32
2024-06-21,111132803.98,56783728.24,54349075.74,16232.03,516.68,191021710.42,57279487.5,9252878.28,32
2024-06-24,111147599.69,56629938.98,54517660.71,48435.38,31.5,191160339.75,57100950.0,9252878.28,32
2024-06-25,111145641.15,56845181.78,54300459.37,16178.15,84.0,190886807.06,57307950.0,9252878.28,32
2024-06-26,111176208.73,56920715.13,54255493.6,16146.99,103.5,190858666.14,57375225.0,9252878.28,32
2024-06-27,111023844.29,56954875.25,54068969.04,16182.31,1269.36,190637436.38,57401100.0,9252878.28,32
2024-06-28,110840127.83,55420973.25,55419154.58,16129.3,4604.27,414119085.39,110537140.62,11397387.35,38
2024-07-01,110406515.31,55158893.87,55247621.44,48215.46,0.0,413923444.92,110250953.12,11397387.35,38
2024-07-02,111008814.85,55666250.68,55342564.16,16070.28,0.0,414010346.04,110750281.25,11397387.35,38
2024-07-03,112090247.05,56180150.09,55910096.96,16157.95,0.0,414569823.42,111256078.12,11397387.35,38
2024-07-04,112202915.07,56188327.42,56014587.65,16315.36,0.0,414666176.08,111256078.12,11397387.35,38
2024-07-05,113116560.0,56791943.44,56324616.55,16331.76,0.0,414968051.75,111851515.62,11397387.35,38
2024-07-08,112964925.01,56846335.89,56118589.11,49299.97,0.0,414737476.17,111881156.25,11397387.35,38
2024-07-09,112923024.32,56820281.9,56102742.42,16411.29,0.0,414713476.69,111846843.75,11397387.35,38
2024-07-10,113633013.52,57443192.87,56189820.65,16405.21,0.0,414792404.44,112461500.0,11397387.35,38
2024-07-11,114032128.51,57299131.84,56732996.67,16508.35,0.0,415327417.33,112309093.75,11397387.35,38
2024-07-12,114447281.8,57573143.05,56874138.75,16502.98,0.0,415460348.88,112574812.5,11397387.35,38
2024-07-15,114379845.96,57678467.52,56701378.44,49689.19,180.0,415259075.72,112655140.62,11397387.35,38
2024-07-16,114787033.87,58202205.1,56584828.77,16521.53,21.0,415039188.9,113170546.88,11397387.35,38
2024-07-17,114001737.28,57483127.71,56518609.57,16580.35,0.0,414964796.33,112443062.5,11397387.35,38
2024-07-18,113231428.09,56936399.58,56295028.51,16466.92,0.0,414733051.47,111888031.25,11397387.35,38
2024-07-19,111988800.92,56340655.17,55648145.75,16387.1,52.5,414055274.07,111284046.88,11397387.35,38
2024-07-22,112633293.37,56880053.83,55753239.54,48528.48,67.5,414113971.17,111799031.25,11397387.35,38
2024-07-23,112577830.47,56851847.78,55725982.68,16237.97,0.0,414078676.55,111762625.0,11397387.35,38
2024-07-24,111044366.03,55485356.26,55559009.77,16198.7,0.0,413903685.29,110387953.12,11397387.35,38
2024-07-25,110480868.5,55248714.98,55232153.51,15978.05,0.0,413568834.71,110143328.12,11397387.35,38
2024-07-26,111424436.84,56038493.06,55385943.78,15866.28,0.0,413714693.02,110925171.88,11397387.35,38
2024-07-29,111510185.71,56173323.99,55336861.72,47912.51,99.0,413651794.01,111035906.25,11397387.35,38
2024-07-30,111470352.13,55986391.15,55483960.99,15952.15,557.84,413756085.04,110840937.5,11397387.35,38
2024-07-31,113034829.48,56518751.09,56516078.38,15915.49,2922.81,687044389.89,112879012.5,12358294.23,41
2024-08-01,112743615.4,56203220.79,56540394.61,16170.26,0.0,687060621.17,112555396.88,12358294.23,41
2024-08-02,112747290.61,55863232.89,56884057.72,16034.65,0.0,687396242.99,112207415.62,12358294.23,41
2024-08-05,110391012.54,54246404.5,56144608.04,47447.82,153.0,686605467.6,110567078.12,12358294.23,41
2024-08-06,110277802.31,54401699.34,55876102.97,15608.06,0.0,686329024.3,110714703.12,12358294.23,41
2024-08-07,109628097.82,53763578.63,55864519.19,15592.06,0.0,686309540.26,110068890.62,12358294.23,41
2024-08-08,110687317.39,54878433.33,55808884.06,15500.19,0.0,686246006.51,111176143.75,12358294.23,41
2024-08-09,111435534.39,55259414.41,56176119.98,15649.96,0.0,686605351.67,111549365.62,12358294.23,41
2024-08-12,111851754.71,55419809.86,56431944.86,47267.24,0.0,686837348.51,111686321.88,12358294.23,41
2024-08-13,113345599.49,56530767.94,56814831.56,15752.46,0.0,687212287.71,112789475.0,12358294.23,41
2024-08-14,113869744.42,56792429.28,57077315.14,15931.35,184.5,687187350.16,113043190.62,12358294.23,41
2024-08-15,114247385.37,57308690.05,56938695.33,16036.66,0.0,687040691.96,113551453.12,12358294.23,41
2024-08-16,114816426.18,57504811.61,57311614.57,16153.31,0.0,687405560.7,113739471.88,12358294.23,41
2024-08-19,115667528.81,58109652.19,57557876.63,48605.62,0.0,687627560.84,114319968.75,12358294.23,41
2024-08-20,116048320.05,58187376.07,57860943.98,16257.71,0.0,687922538.12,114389525.0,12358294.23,41
2024-08-21,116722251.86,58581987.93,58140263.94,16246.76,0.0,688193757.54,114775990.62,12358294.23,41
2024-08-22,115696218.46,57808188.11,57888030.35,16276.27,0.0,687933416.62,113994021.88,12358294.23,41
2024-08-23,117091873.13,58615212.51,58476660.63,16197.47,49.5,688497904.57,114792953.12,12358294.23,41
2024-08-26,116976641.5,58427124.98,58549516.52,48885.86,31.5,688405677.95,114580393.75,12358294.23,41
2024-08-27,117067099.92,58474416.78,58592683.14,16181.77,0.0,688440745.23,114619603.12,12358294.23,41
2024-08-28,116475800.63,58140221.36,58335579.27,16194.28,84.0,688076500.03,114277318.75,12358294.23,41
2024-08-29,116274626.12,58032953.04,58241673.08,16047.78,3096.48,687947109.39,114164312.5,12358294.23,41
2024-08-30,116412466.21,58206923.01,58205543.19,16084.66,4675.92,708845351.44,116169250.0,12238209.07,40
2024-09-02,116284299.0,58231078.89,58053220.11,48311.17,0.0,708668873.06,116169250.0,12238209.07,40
2024-09-03,115127306.11,57240821.69,57886484.42,16085.99,0.0,708494105.81,115170937.5,12238209.07,40
2024-09-04,115460727.76,57416286.6,58044441.16,15893.96,0.0,708644071.86,115338500.0,12238209.07,40
2024-09-05,115611248.12,57338259.79,58272988.34,15907.92,0.0,708864621.8,115252562.5,12238209.07,40
2024-09-06,114575139.48,56531440.37,58043699.11,15864.43,1558.74,708827050.81,114437875.0,12238209.07,40
2024-09-09,115397571.61,57185665.37,58211906.24,47071.29,0.0,708971412.51,115068875.0,12238209.07,40
2024-09-10,115914769.54,57652558.09,58262211.44,15674.84,0.0,709013810.6,115528000.0,12238209.07,40
2024-09-11,116589479.59,58183137.67,58406341.92,15616.3,0.0,709150091.0,116050812.5,12238209.07,40
2024-09-12,117194672.84,58539290.88,58655381.95,15836.74,2062.76,709392368.01,116399062.5,12238209.07,40
2024-09-13,118093082.28,58949052.43,59144029.86,15788.73,28.0,709867741.27,116800937.5,12238209.07,40
2024-09-16,118559506.92,59129096.3,59430410.62,47040.41,3852.68,710955993.56,116957500.0,12238209.07,40
2024-09-17,118407723.12,59051148.05,59356575.06,15643.27,2328.9,711459851.31,116871750.0,12238209.07,40
2024-09-18,118010689.12,58719877.02,59290812.1,15623.24,0.0,711386256.57,116532687.5,12238209.07,40
2024-09-19,119010163.23,59544789.18,59465374.06,15243.05,989.28,711573622.77,117350937.5,12238209.07,40
2024-09-20,118596644.48,59444414.22,59152230.26,15239.91,559.7,711322326.46,117860500.0,12238209.07,40
2024-09-23,119186472.52,59578190.59,59608281.93,45066.72,0.0,711755900.27,117971687.5,12238209.07,40
2024-09-24,120150795.39,59782000.02,60368795.38,14997.63,0.0,712508913.88,118168000.0,12238209.07,40
2024-09-25,119364191.75,59504222.77,59859968.98,15018.85,0.0,711992541.38,117882750.0,12238209.07,40
2024-09-26,120192284.0,59701052.32,60491231.68,14953.68,0.0,712616304.1,118072125.0,12238209.07,40
2024-09-27,120568069.88,59740702.45,60827367.42,15024.04,542.32,712959352.55,118104312.5,12238209.07,40
2024-09-30,120179855.1,60091285.55,60088569.55,45213.03,4768.0,909572526.28,119884431.25,12646069.79,45
2024-10-01,119920913.94,59750761.6,60170152.34,15089.25,0.0,909646564.62,119536362.5,12646069.79,45
2024-10-02,119709511.3,59623927.32,60085583.99,14990.11,0.0,909554474.11,119402059.38,12646069.79,45
2024-10-03,118832949.63,59249919.06,59583030.57,14897.18,0.0,909044443.38,119020631.25,12646069.79,45
2024-10-04,118096370.71,59219629.88,58876740.83,14788.1,0.0,908330738.87,118982968.75,12646069.79,45
2024-10-07,116896584.29,58484238.42,58412345.87,44581.38,162.0,907844280.81,118225221.88,12646069.79,45
2024-10-08,116807469.45,59057652.05,57749817.4,14774.43,0.0,907174369.67,118791243.75,12646069.79,45
2024-10-09,116756990.85,59345355.35,57411635.5,14698.27,0.0,906828920.04,119071515.62,12646069.79,45
2024-10-10,116783763.6,59161039.45,57622724.15,14724.35,0.0,907032768.44,118879715.62,12646069.79,45
2024-10-11,117383277.55,59575459.69,57807817.86,14727.73,0.0,907210595.29,119286675.0,12646069.79,45
2024-10-14,117532390.47,59892421.3,57639969.17,44312.19,0.0,907020925.03,119581146.88,12646069.79,45
2024-10-15,117509387.39,59734823.39,57774564.0,14789.49,0.0,907148266.83,119416012.5,12646069.79,45
2024-10-16,117829264.56,60041317.18,57787947.38,14753.96,0.0,907154396.29,119715006.25,12646069.79,45
2024-10-17,117422686.48,59794542.15,57628144.33,14761.39,0.0,906987352.81,119460709.38,12646069.79,45
2024-10-18,118263635.8,60088017.28,58175618.52,14808.31,0.0,907527559.45,119746643.75,12646069.79,45
2024-10-21,117078967.53,59641134.88,57437832.64,44644.52,0.0,906767812.28,119277078.12,12646069.79,45
2024-10-22,116874240.75,59519747.22,57354493.53,14667.39,0.0,906677278.37,119148218.75,12646069.79,45
2024-10-23,115839569.61,58799216.22,57040353.4,14641.75,0.0,906355952.99,118420231.25,12646069.79,45
2024-10-24,116498508.24,59053723.79,57444784.46,14544.3,0.0,906753221.44,118667356.25,12646069.79,45
2024-10-25,116221528.26,58915361.75,57306166.51,14562.31,0.0,906607422.89,118521612.5,12646069.79,45
2024-10-28,116156037.27,58908531.33,57247505.94,43776.78,63.0,906523820.88,118492590.62,12646069.79,45
2024-10-29,116218679.27,59038337.91,57180341.36,14487.24,491.18,906562314.84,118615050.0,12646069.79,45
2024-10-30,115573345.3,58825391.93,56747953.37,14495.05,767.78,906130826.03,118394740.62,12646069.79,45
2024-10-31,113714186.55,56857708.92,56856477.64,14350.36,5758.28,730642957.73,56811150.0,9480196.5,31
2024-11-01,113934064.08,57060246.37,56873817.71,14024.75,0.0,730653286.34,57006675.0,9480196.5,31
2024-11-04,113914832.81,56932716.01,56982116.81,41870.77,0.0,730740683.47,56858175.0,9480196.5,31
2024-11-05,114643193.89,57622837.71,57020356.19,14049.5,0.0,730771895.89,57541275.0,9480196.5,31
2024-11-06,115926685.91,59075328.52,56851357.39,14107.48,0.0,730595880.42,58986675.0,9480196.5,31
2024-11-07,116855667.1,59533064.48,57322602.62,14297.62,0.0,731060113.98,59437125.0,9480196.5,31
2024-11-08,116769145.39,59753240.35,57015905.04,14379.74,0.0,730746362.54,59649975.0,9480196.5,31
2024-11-11,116890305.2,59839649.26,57050655.94,43107.28,0.0,730760064.24,59714325.0,9480196.5,31
2024-11-12,116515118.71,59661387.86,56853730.85,14384.0,0.0,730556118.75,59528700.0,9480196.5,31
2024-11-13,116537787.24,59698429.52,56839357.71,14337.83,0.0,730534749.44,59558400.0,9480196.5,31
2024-11-14,116298855.71,59332001.0,56966854.71,14243.51,0.0,730655300.23,59184675.0,9480196.5,31
2024-11-15,115487453.72,58529944.17,56957509.55,14246.61,0.0,730638976.64,58375350.0,9480196.5,31
2024-11-18,115974154.35,58784103.92,57190050.43,42441.64,0.0,730850585.63,58608000.0,9480196.5,31
2024-11-19,116293375.58,58976946.3,57316429.28,14239.05,0.0,730969941.98,58793625.0,9480196.5,31
2024-11-20,116392193.92,58974270.98,57417922.94,14245.94,0.0,731064414.38,58783725.0,9480196.5,31
2024-11-21,116791346.47,59305736.71,57485609.76,14290.37,130.5,731091170.38,59107950.0,9480196.5,31
2024-11-22,117238925.05,59476384.61,57762540.44,14371.82,31.5,731374078.65,59271300.0,9480196.5,31
2024-11-25,117476617.0,59691391.31,57785225.69,43280.7,0.0,731375439.06,59464350.0,9480196.5,31
2024-11-26,117755008.11,60013045.08,57741963.03,14423.52,99.0,731341460.66,59778675.0,9480196.5,31
2024-11-27,117723410.11,59790205.01,57933205.09,14392.28,0.0,731525646.2,59548500.0,9480196.5,31
2024-11-28,117809466.0,59797512.7,58011953.3,14388.42,1143.62,731634578.07,59548500.0,9480196.5,31
2024-11-29,118405525.15,59203157.93,59202367.23,14398.93,5738.7,756489709.77,118153875.0,10076157.23,31
2024-12-02,118386621.93,59283191.41,59103430.51,43316.69,0.0,756369114.77,118212250.0,10076157.23,31
2024-12-03,118384509.21,59230216.7,59154292.51,14403.71,0.0,756412785.94,118152062.5,10076157.23,31
2024-12-04,118980945.71,59730702.64,59250243.07,14337.68,0.0,756501571.77,118645375.0,10076157.23,31
2024-12-05,118785135.06,59617920.1,59167214.96,14376.86,0.0,756411384.74,118525375.0,10076157.23,31
2024-12-06,119313775.97,59858044.87,59455731.09,14320.21,1588.62,756767084.75,118758312.5,10076157.23,31
2024-12-09,119136265.1,59405731.39,59730533.71,42853.53,171.0,757002464.34,118284500.0,10076157.23,31
2024-12-10,118883209.27,59131264.57,59751944.7,14230.16,0.0,757016741.25,118002937.5,10076157.23,31
2024-12-11,119227305.02,59425436.05,59801868.97,14166.92,0.0,757059544.19,118290062.5,10076157.23,31
2024-12-12,118576236.73,58954218.06,59622018.67,14108.56,17.5,756882759.57,117811812.5,10076157.23,31
2024-12-13,117975520.51,58643957.68,59331562.83,13932.71,0.0,756585297.65,117494625.0,10076157.23,31
2024-12-16,118183116.63,58900067.17,59283049.46,41586.37,1666.5,757174792.49,117730062.5,10076157.23,31
2024-12-17,117827352.4,58671145.65,59156206.75,13952.17,5288.0,758248456.94,117494187.5,10076157.23,31
2024-12-18,115616852.46,56434650.9,59182201.55,13942.9,0.0,758267451.1,115250750.0,10076157.23,31
2024-12-19,114873184.74,56163373.33,58709811.41,13649.21,944.28,757792590.95,115636687.5,10076157.23,31
2024-12-20,115828938.83,57021722.52,58807216.3,13497.6,228.02,757923888.72,116488437.5,10076157.23,31
2024-12-23,115952384.08,57109760.18,58842623.9,40829.7,0.0,757938565.87,116556375.0,10076157.23,31
2024-12-24,116782433.17,57770861.44,59011571.73,13656.61,107.8,758102595.33,117210750.0,10076157.23,31
2024-12-25,116808723.71,57777729.76,59030993.95,13884.13,0.0,758115001.73,117210750.0,10076157.23,31
2024-12-26,116806322.78,57807661.39,58998661.39,13887.26,0.0,758075650.64,117233812.5,10076157.23,31
2024-12-27,115874665.11,57032657.34,58842007.77,13757.19,136.0,757827014.78,116452000.0,10076157.23,31
2024-12-30,115794321.44,56669758.75,59124562.69,40459.57,827.12,758099451.46,116069187.5,10076157.23,31
2024-12-31,115475179.24,57737693.75,57737485.5,13605.83,4613.75,735591246.64,57576775.0,8808728.83,28
2025-01-02,115486519.82,57564537.11,57921982.71,27136.67,0.0,735762175.54,57390050.0,8808728.83,28
2025-01-03,115852724.24,58279384.95,57573339.3,13537.59,0.0,735406742.38,58098150.0,8808728.83,28
2025-01-06,116249166.37,58600482.73,57648683.64,40548.45,0.0,735461935.1,58398850.0,8808728.83,28
2025-01-07,115659232.63,57964710.73,57694521.89,13594.69,0.0,735501032.62,57756225.0,8808728.83,28
2025-01-08,115674341.97,58019989.38,57654352.59,13525.7,0.0,735454115.31,57804725.0,8808728.83,28
2025-01-09,115792872.34,58026774.5,57766097.84,13527.47,0.0,735559118.2,57804725.0,8808728.83,28
2025-01-10,114763748.99,57131460.41,57632288.58,13541.33,0.0,735418553.52,56902625.0,8808728.83,28
2025-01-13,114640565.59,57231576.64,57408988.95,40358.59,0.0,735174986.53,56982650.0,8808728.83,28
2025-01-14,114713954.78,57313476.35,57400478.43,13470.27,0.0,735159730.46,57057825.0,8808728.83,28
2025-01-15,116280856.51,58355669.76,57925186.74,13447.02,0.0,735677710.16,58093300.0,8808728.83,28
2025-01-16,116316842.59,58231544.13,58085298.46,13598.4,0.0,735831048.8,57962350.0,8808728.83,28
2025-01-17,117076992.31,58800953.99,58276038.32,13602.61,0.0,736014995.9,58524950.0,8808728.83,28
2025-01-20,117239437.72,58821534.32,58417903.4,40976.95,0.0,736136464.37,58524950.0,8808728.83,28
2025-01-21,117811976.04,59320671.84,58491304.21,13677.93,0.0,736203048.8,59017225.0,8808728.83,28
2025-01-22,118340630.52,59679250.54,58661379.98,13810.18,0.0,736366268.1,59368850.0,8808728.83,28
2025-01-23,118629875.61,59991796.27,58638079.34,13872.15,0.0,736336091.04,59674400.0,8808728.83,28
2025-01-24,118482299.26,59816953.64,58665345.62,13906.06,534.32,736358239.85,59492525.0,8808728.83,28
2025-01-27,117625621.66,58998889.42,58626732.24,41567.54,0.0,736299044.71,58653475.0,8808728.83,28
2025-01-28,118305942.83,59493197.63,58812745.2,13722.99,358.7,736480565.58,59140900.0,8808728.83,28
2025-01-29,118252424.77,59213988.5,59038436.27,13802.36,67.5,736647112.67,58854750.0,8808728.83,28
2025-01-30,118763537.38,59528871.8,59234665.59,13796.12,99.0,736778529.12,59162725.0,8808728.83,28
2025-01-31,118702836.66,59351895.44,59350941.22,13822.76,3009.62,756350563.67,59155687.5,9852341.14,33
2025-02-03,118121789.29,58933918.6,59187870.68,41545.99,0.0,756166720.3,58716937.5,9852341.14,33
2025-02-04,118555068.69,59338139.47,59216929.22,13846.5,0.0,756188840.7,59114250.0,9852341.14,33
2025-02-05,118888865.43,59574220.22,59314645.22,13897.29,0.0,756279616.16,59343375.0,9852341.14,33
2025-02-06,119215049.24,59771328.64,59443720.6,13936.42,0.0,756401738.55,59533500.0,9852341.14,33
2025-02-07,118606442.17,59227460.17,59378982.0,13974.65,0.0,756330030.82,58982625.0,9852341.14,33
2025-02-10,119470962.55,59631074.7,59839887.84,41907.61,162.0,756712519.1,59365312.5,9852341.14,33
2025-02-11,119324669.6,59672206.36,59652463.25,14037.84,0.0,756518062.31,59399437.5,9852341.14,33
2025-02-12,119287400.46,59489092.84,59798307.62,14020.65,0.0,756656898.52,59209312.5,9852341.14,33
2025-02-13,120310727.3,60105457.81,60205269.49,14016.27,0.0,757056833.09,59818687.5,9852341.14,33
2025-02-14,120098800.16,60080816.0,60017984.16,14103.09,0.0,756862490.36,59787000.0,9852341.14,33
2025-02-17,120191562.86,60101944.42,60089618.44,42234.74,0.0,756913018.32,59787000.0,9852341.14,33
2025-02-18,120523631.35,60252802.21,60270829.14,14089.12,0.0,757087185.18,59930812.5,9852341.14,33
2025-02-19,120441415.84,60418319.41,60023096.43,14161.53,0.0,756832371.65,60089250.0,9852341.14,33
2025-02-20,120022661.3,60167026.78,59855634.52,14118.41,0.0,756657872.7,59830875.0,9852341.14,33
2025-02-21,118977321.13,59125937.98,59851383.15,14035.98,114.9,756637807.64,58782750.0,9852341.14,33
2025-02-24,118489475.25,58871243.83,59618231.42,41741.21,18.0,756391917.06,58507312.5,9852341.14,33
2025-02-25,118066580.39,58578283.29,59488297.1,13790.86,0.0,756255043.84,58207500.0,9852341.14,33
2025-02-26,118301223.22,58592413.65,59708809.57,13741.64,137.0,756457328.53,58214812.5,9852341.14,33
2025-02-27,117358547.81,57677874.43,59680673.38,13801.81,1120.08,756402171.8,57293437.5,9852341.14,33
2025-02-28,117829561.47,58915255.59,58914305.87,13691.83,6559.22,816951902.96,117617700.0,10948854.07,35
2025-03-03,117161098.12,58091875.93,59069222.19,41240.35,0.0,817086198.68,116773700.0,10948854.07,35
2025-03-04,116195231.14,57314044.46,58881186.68,13701.34,0.0,816891257.41,115989075.0,10948854.07,35
2025-03-05,116465347.31,57730218.59,58735128.72,13556.11,0.0,816738328.51,116398562.5,10948854.07,35
2025-03-06,115275879.68,56661313.57,58614566.11,13619.98,1733.04,816658119.77,115322906.25,10948854.07,35
2025-03-07,115334689.6,56845024.06,58489665.54,13448.85,0.0,816526382.46,115500006.25,10948854.07,35
2025-03-10,114222366.87,55733207.32,58489159.55,40367.14,0.0,816505404.05,114368293.75,10948854.07,35
2025-03-11,113183205.21,55052037.79,58131167.42,13294.21,0.0,816140604.43,113680637.5,10948854.07,35
2025-03-12,113317366.35,55224141.78,58093224.57,13204.71,0.0,816095880.64,113846318.75,10948854.07,35
2025-03-13,112957311.25,54627031.19,58330280.06,13251.84,0.0,816326141.86,113242750.0,10948854.07,35
2025-03-14,114015926.82,55584185.59,58431741.23,13178.35,0.0,816420796.37,114193531.25,10948854.07,35
2025-03-17,114691865.01,55983540.06,58708324.95,39905.57,2490.68,817015794.78,114573431.25,10948854.07,35
2025-03-18,114420604.69,55476283.97,58944320.72,13380.72,5247.0,817773299.6,114059643.75,10948854.07,35
2025-03-19,115331293.78,56186337.45,59144956.33,13349.07,0.0,817967057.79,114763225.0,10948854.07,35
2025-03-20,115300364.55,56125499.78,59174864.78,13455.32,956.46,818009560.58,114696718.75,10948854.07,35
2025-03-21,115127213.38,56144800.91,58982412.47,13419.68,489.4,817820678.88,115204450.0,10948854.07,35
2025-03-24,115696864.04,56832473.55,58864390.49,40198.59,0.0,817682061.76,115872518.75,10948854.07,35
2025-03-25,116102415.06,57055094.47,59047320.59,13465.83,0.0,817858140.12,116088525.0,10948854.07,35
2025-03-26,115257122.13,56302410.05,58954712.08,13513.03,0.0,817758659.75,115329200.0,10948854.07,35
2025-03-27,115077121.52,56034984.92,59042136.61,13446.66,507.76,817805968.59,115055206.25,10948854.07,35
2025-03-28,114630108.6,55310522.33,59319586.26,13425.66,543.66,818080321.71,114324206.25,10948854.07,35
2025-03-31,114622004.04,57311300.98,57310703.06,40120.54,3635.62,794212658.75,57277656.25,7869736.36,37
2025-04-01,115340743.73,57607690.72,57733053.01,13404.41,0.0,794628305.53,57567343.75,7869736.36,37
2025-04-02,115185768.81,57469567.87,57716200.94,13456.42,0.0,794604718.36,57422500.0,7869736.36,37
2025-04-03,115748257.72,58063710.49,57684547.23,13470.34,0.0,794566313.64,58009921.88,7869736.36,37
2025-04-04,114893647.53,58279703.34,56613944.19,13503.96,0.0,793488981.16,58219140.62,7869736.36,37
2025-04-07,113012344.12,57793002.41,55219341.71,39925.54,153.0,792014678.91,57712187.5,7869736.36,37
2025-04-08,112974992.34,57493915.52,55481076.83,13090.6,0.0,792270018.79,57406406.25,7869736.36,37
2025-04-09,112225150.63,56913185.29,55311965.34,13149.03,0.0,792094448.34,56818984.38,7869736.36,37
2025-04-10,113269846.81,57056685.28,56213161.53,13217.63,0.0,792989130.02,56955781.25,7869736.36,37
2025-04-11,113151119.88,56620795.46,56530324.42,13277.74,0.0,793299705.05,56513203.12,7869736.36,37
2025-04-14,114418295.53,57163801.17,57254494.36,39885.77,225.0,794162171.47,57036250.0,7869736.36,37
2025-04-15,114872624.69,57339486.41,57533138.28,13412.37,0.0,794434104.47,57205234.38,7869736.36,37
2025-04-16,115580284.12,57523239.12,58057044.99,13465.62,0.0,794951267.02,57382265.62,7869736.36,37
2025-04-17,115564779.66,57401216.15,58163563.51,13516.47,0.0,795050995.08,57253515.62,7869736.36,37
2025-04-18,115568124.92,57407960.79,58160164.13,13578.86,0.0,795040761.48,57253515.62,7869736.36,37
2025-04-21,115555778.17,57243118.97,58312659.2,40737.76,85.5,795111091.02,57068437.5,7869736.36,37
2025-04-22,115680761.8,57241782.26,58438979.54,13545.71,104.84,795198088.38,57060390.62,7869736.36,37
2025-04-23,115538095.6,57176070.4,58362025.2,13560.36,0.0,795114284.13,56987968.75,7869736.36,37
2025-04-24,116313549.83,57472460.2,58841089.63,13543.63,0.0,795586505.8,57277656.25,7869736.36,37
2025-04-25,116501455.27,57632071.91,58869383.36,13602.22,59.5,795614778.9,57430546.88,7869736.36,37
2025-04-28,117120481.42,57853463.04,59267018.38,40872.59,58.5,796014830.5,57631718.75,7869736.36,37
2025-04-29,117102500.79,57988962.61,59113538.18,13664.06,843.58,795843276.14,57760468.75,7869736.36,37
2025-04-30,116981409.94,58491180.46,58490229.48,13661.96,3618.68,845935518.02,58465968.75,7628189.2,39
2025-05-01,116443431.62,58310770.06,58132661.56,13647.83,0.0,845571127.23,58278734.38,7628189.2,39
2025-05-02,116203208.75,57951244.86,58251963.89,13585.07,0.0,845683646.85,57912406.25,7628189.2,39
2025-05-05,116191424.12,57922780.63,58268643.49,40864.8,0.0,845679841.18,57863562.5,7628189.2,39
2025-05-06,116552816.05,58059820.46,58492995.58,13620.22,0.0,845897363.87,57993812.5,7628189.2,39
2025-05-07,116578646.54,58188735.74,58389910.8,13662.58,0.0,845787421.42,58115921.88,7628189.2,39
2025-05-08,115802722.91,57804806.75,57997916.15,13665.61,0.0,845388583.74,57725171.88,7628189.2,39
2025-05-09,116015265.98,57819739.44,58195526.53,13606.82,0.0,845579378.38,57733312.5,7628189.2,39
2025-05-12,115141670.54,57498166.47,57643504.07,40798.7,0.0,845006889.49,57391406.25,7628189.2,39
2025-05-13,115254266.77,57407362.78,57846903.99,13785.02,0.0,845203388.63,57293718.75,7628189.2,39
2025-05-14,114886290.08,57283953.82,57602336.26,13734.47,0.0,844951929.45,57163468.75,7628189.2,39
2025-05-15,115332880.98,57567561.41,57765319.57,13690.62,0.0,845108046.51,57440250.0,7628189.2,39
2025-05-16,115380818.76,57615092.69,57765726.08,13679.76,0.0,845101602.4,57480953.12,7628189.2,39
2025-05-19,115473164.68,57537810.53,57935354.15,40864.04,0.0,845250772.34,57383265.62,7628189.2,39
2025-05-20,115877560.55,57577213.64,58300346.91,13728.48,0.0,845608876.24,57415828.12,7628189.2,39
2025-05-21,115606243.21,57217698.82,58388544.4,13712.18,0.0,845690176.27,57049500.0,7628189.2,39
2025-05-22,115582545.1,57395390.91,58187154.19,13615.85,0.0,845481908.77,57220453.12,7628189.2,39
2025-05-23,116122669.61,57532416.76,58590252.85,13645.16,90.0,845921976.13,57350703.12,7628189.2,39
2025-05-26,116209522.36,57552744.88,58656777.48,41030.01,0.0,845967798.87,57350703.12,7628189.2,39
2025-05-27,116443838.78,57787460.81,58656377.97,13686.9,0.0,845960491.88,57578640.62,7628189.2,39
2025-05-28,115905173.29,57637250.52,58267922.78,13714.5,2416.5,845620560.27,57423968.75,7628189.2,39
2025-05-29,116355850.54,57863835.78,58492014.76,13651.05,962.66,845821148.96,57643765.62,7628189.2,39
2025-05-30,116421305.11,58210188.75,58211116.35,13736.45,5359.6,836152663.93,57976800.0,10737374.59,40
2025-06-02,117025227.96,58537054.86,58488173.1,41232.55,0.0,836409105.63,58283050.0,10737374.59,40
2025-06-03,117369631.67,58879615.49,58490016.18,13815.48,0.0,836404043.44,58618700.0,10737374.59,40
2025-06-04,117823944.55,58881650.2,58942294.35,13823.53,0.0,836849432.23,58613800.0,10737374.59,40
2025-06-05,117658767.34,58545601.5,59113165.84,13909.77,0.0,837013346.23,58270800.0,10737374.59,40
2025-06-06,118221147.32,59147863.14,59073284.19,13890.27,1404.36,836899080.39,58866150.0,10737374.59,40
2025-06-09,118472971.77,59203111.34,59269860.43,41869.99,148.5,836976874.75,58900450.0,10737374.59,40
2025-06-10,118820948.94,59550650.59,59270298.35,13986.39,0.0,836970314.55,59241000.0,10737374.59,40
2025-06-11,118796808.45,59400897.42,59395911.03,14060.48,0.0,837088913.16,59084200.0,10737374.59,40
2025-06-12,119222338.75,59608826.53,59613512.22,14057.62,120.0,837302198.26,59285100.0,10737374.59,40
2025-06-13,118314770.22,58927446.8,59387323.42,14141.09,207.0,837165746.18,58596650.0,10737374.59,40
2025-06-16,119276001.49,59502066.04,59773935.45,42001.74,3428.98,837750159.21,59150350.0,10737374.59,40
2025-06-17,118329920.17,59011724.06,59318196.11,14048.06,5535.4,837772580.17,58653000.0,10737374.59,40
2025-06-18,118362047.35,58984357.94,59377689.41,13903.77,0.0,837825104.98,58618700.0,10737374.59,40
2025-06-19,118231881.16,58991288.6,59240592.56,13907.54,54.06,837676282.13,58618700.0,10737374.59,40
2025-06-20,117905543.14,58838088.08,59067455.06,13892.25,1278.54,837513934.62,58976400.0,10737374.59,40
2025-06-23,118600084.7,59436930.44,59163154.26,41365.19,0.0,837588910.98,59554600.0,10737374.59,40
2025-06-24,119628962.05,60122498.24,59506463.81,13803.73,22.5,837892607.52,60233250.0,10737374.59,40
2025-06-25,119679572.5,60136845.83,59542726.67,13923.48,0.0,837921943.09,60240600.0,10737374.59,40
2025-06-26,120565353.11,60614245.09,59951108.02,13929.37,67.5,838347911.83,60711000.0,10737374.59,40
2025-06-27,120782397.11,60903083.59,59879313.52,14099.45,726.02,838261883.79,60992750.0,10737374.59,40
2025-06-30,121162626.92,60581574.1,60581052.83,42273.84,5864.17,866059444.88,120896187.5,12451827.1,43
2025-07-01,120948605.9,60397021.76,60551584.14,14270.26,0.0,866022842.57,120704500.0,12451827.1,43
2025-07-02,121444909.53,60530885.19,60914024.34,14245.06,0.0,866378149.67,120831250.0,12451827.1,43
2025-07-03,121494110.37,60793901.88,60700208.49,14303.51,0.0,866157159.5,121087137.5,12451827.1,43
2025-07-04,121483816.03,60801095.83,60682720.2,14376.8,0.0,866132488.35,121087137.5,12451827.1,43
2025-07-07,120692691.47,60196755.21,60495936.26,43126.75,0.0,865924163.07,120461212.5,12451827.1,43
2025-07-08,120881826.8,60089341.0,60792485.81,14281.97,0.0,866213554.37,120346675.0,12451827.1,43
2025-07-09,121486127.85,60698176.57,60787951.28,14304.35,0.0,866201824.6,120948400.0,12451827.1,43
2025-07-10,121859618.1,60844096.69,61015521.41,14375.86,59.5,866304962.46,121087137.5,12451827.1,43
2025-07-11,121453284.77,60347267.17,61106017.6,14386.2,0.0,866388254.99,120583125.0,12451827.1,43
2025-07-14,121341107.03,60500102.66,60841004.37,43014.71,0.0,866101600.49,120714587.5,12451827.1,43
2025-07-15,120690883.52,59985149.34,60705734.18,14358.7,198.0,865898168.77,120192475.0,12451827.1,43
2025-07-16,121242397.23,60363618.42,60878778.81,14248.23,0.0,866064045.29,120563862.5,12451827.1,43
2025-07-17,121784276.7,60671127.91,61113148.79,14279.66,0.0,866291245.1,120864262.5,12451827.1,43
2025-07-18,122158759.31,60766223.62,61392535.69,14343.48,69.5,866566688.5,120952212.5,12451827.1,43
2025-07-21,122918831.74,61103569.36,61815262.39,43162.76,0.0,866967723.17,121268087.5,12451827.1,43
2025-07-22,123152431.51,61248191.0,61904240.51,14477.11,0.0,867049420.83,121405512.5,12451827.1,43
2025-07-23,123703050.87,61522142.17,62180908.69,14504.62,0.0,867318798.07,121672250.0,12451827.1,43
2025-07-24,123295806.21,61478817.7,61816988.5,14603.83,0.0,866947537.52,121621662.5,12451827.1,43
2025-07-25,123344477.88,61797225.62,61547252.26,14555.75,0.0,866670504.46,121932812.5,12451827.1,43
2025-07-28,122934164.52,61679274.64,61254889.88,43684.5,0.0,866356343.07,121792975.0,12451827.1,43
2025-07-29,123263127.37,61845526.59,61417600.78,14478.91,72.0,866524392.1,121951962.5,12451827.1,43
2025-07-30,122580568.73,61564660.61,61015908.12,14517.66,747.12,866096556.82,121663812.5,12451827.1,43
2025-07-31,121563382.83,60781603.61,60781779.23,14471.32,4782.98,825660788.85,60555375.0,11058744.08,38
2025-08-01,120334356.63,59746137.33,60588219.3,14317.47,0.0,825460070.17,59512750.0,11058744.08,38
2025-08-04,121542819.38,60636248.69,60906570.69,42016.75,135.0,825680000.14,60382000.0,11058744.08,38
2025-08-05,121345458.18,60351130.54,60994327.63,14044.95,0.0,825760720.03,60089875.0,11058744.08,38
2025-08-06,121965236.47,60792729.45,61172507.02,14022.14,0.0,825931851.18,60524500.0,11058744.08,38
2025-08-07,122014671.41,60756970.62,61257700.8,14026.0,0.0,826010010.12,60481750.0,11058744.08,38
2025-08-08,122346272.53,61210457.67,61135814.86,14031.69,0.0,825881079.55,60928250.0,11058744.08,38
2025-08-11,122136297.38,61100950.28,61035347.1,42209.46,0.0,825759518.9,60797625.0,11058744.08,38
2025-08-12,122964383.11,61761118.86,61203264.25,14079.6,56.0,825912456.62,61450750.0,11058744.08,38
2025-08-13,123482150.87,61960596.39,61521554.48,14140.9,0.0,826223708.48,61643125.0,11058744.08,38
2025-08-14,123346088.3,61984295.22,61361793.08,14097.55,207.0,825710290.8,61659750.0,11058744.08,38
2025-08-15,123253028.96,61810888.98,61442139.98,14116.27,69.5,825788460.82,61479250.0,11058744.08,38
2025-08-18,123243985.46,61810735.72,61433249.74,42316.87,0.0,825758474.99,61457875.0,11058744.08,38
2025-08-19,122799996.36,61468718.95,61331277.4,14173.06,56.0,825637973.83,61108750.0,11058744.08,38
2025-08-20,122926987.39,61292878.71,61634108.69,14053.78,67.5,825925154.63,60925875.0,11058744.08,38
2025-08-21,122755652.04,61062393.34,61693258.71,14068.31,0.0,825977249.93,60688375.0,11058744.08,38
2025-08-22,124219707.96,61971915.51,62247792.45,14116.9,0.0,826524689.39,61590875.0,11058744.08,38
2025-08-25,123857244.79,61729464.25,62127780.54,42441.73,0.0,826383409.04,61327250.0,11058744.08,38
2025-08-26,123965353.8,61992994.55,61972359.25,14105.96,0.0,826220912.09,61583750.0,11058744.08,38
2025-08-27,124234112.63,62128304.86,62105807.77,14118.28,117.0,826247208.69,61712000.0,11058744.08,38
2025-08-28,124541670.52,62339596.07,62202074.45,14079.87,823.9,826335754.08,61916250.0,11058744.08,38
2025-08-29,124178850.3,62089650.09,62089200.2,14114.72,6145.79,879514855.83,123802262.5,12699537.97,42
2025-09-01,124170422.72,62110605.35,62059817.37,41910.36,0.0,879464517.89,123802262.5,12699537.97,42
2025-09-02,123322535.86,61468339.67,61854196.19,13969.17,0.0,879251913.86,123153009.38,12699537.97,42
2025-09-03,123959347.5,62036748.61,61922598.89,13873.79,0.0,879313359.08,123714503.12,12699537.97,42
2025-09-04,124459645.21,62683758.9,61775886.3,13876.56,0.0,879159714.61,124354568.75,12699537.97,42
2025-09-05,124932589.51,62791519.3,62141070.21,13863.42,0.0,879518016.71,124455346.88,12699537.97,42
2025-09-08,125638084.08,63053312.45,62584771.64,40811.31,0.0,879941418.73,124696628.12,12699537.97,42
2025-09-09,125399695.87,63098721.42,62300974.45,13785.29,0.0,879650755.72,124735118.75,12699537.97,42
2025-09-10,126017786.49,63406685.38,62611101.11,13759.13,0.0,879954046.11,125036159.38,12699537.97,42
2025-09-11,126932465.18,63960434.26,62972030.91,13791.95,2200.88,880295231.99,125582968.75,12699537.97,42
2025-09-12,126770321.93,63720221.88,63050100.06,13892.05,0.0,880366408.73,125335756.25,12699537.97,42
2025-09-15,127603820.38,64161993.35,63441827.03,41622.92,4167.5,880818984.48,125756606.25,12699537.97,42
2025-09-16,127711248.97,64109346.43,63601902.54,13859.19,5887.8,881967158.79,125696990.62,12699537.97,42
2025-09-17,126887794.67,63793113.48,63094681.19,13835.39,0.0,881453048.35,125373812.5,12699537.97,42
2025-09-18,127053773.79,64043957.59,63009816.2,13675.68,919.92,881377211.72,125618640.62,12699537.97,42
2025-09-19,126975169.14,64198687.27,62776481.87,13728.87,400.3,881167576.28,126325125.0,12699537.97,42
2025-09-22,127475052.7,64480170.22,62994882.48,41161.12,0.0,881365625.72,126585796.88,12699537.97,42
2025-09-23,127496827.69,64223662.05,63273165.64,13668.16,0.0,881637157.14,126322375.0,12699537.97,42
2025-09-24,126841728.08,63884145.13,62957582.95,13670.49,0.0,881314788.57,125975971.88,12699537.97,42
2025-09-25,126093777.08,63408450.18,62685326.91,13635.49,72.0,880989837.71,125493409.38,12699537.97,42
2025-09-26,126723277.55,63731826.81,62991450.74,13625.13,0.0,881289187.39,125809934.38,12699537.97,42
2025-09-29,127303672.08,64052480.33,63251191.75,40868.26,709.14,881535740.59,126110034.38,12699537.97,42
2025-09-30,127594665.32,63797712.79,63796952.54,13649.78,3257.75,867130198.37,127468687.5,12585457.99,40
2025-10-01,128237058.55,64214447.07,64022611.48,13680.98,0.0,867349019.21,127878581.25,12585457.99,40
2025-10-02,128385501.16,64315223.82,64070277.34,13714.24,0.0,867389837.03,127972490.62,12585457.99,40
2025-10-03,128461996.19,64154382.34,64307613.85,13765.78,0.0,867620303.79,127804753.12,12585457.99,40
2025-10-06,128597520.47,64249490.88,64348029.58,41428.99,135.0,867681815.32,127879171.88,12585457.99,40
2025-10-07,128553634.95,64158336.11,64395298.85,13788.51,0.0,867722185.53,127781128.12,12585457.99,40
2025-10-08,129208169.42,64505397.48,64702771.94,13748.1,0.0,868022771.9,128121328.12,12585457.99,40
2025-10-09,128580921.13,64233520.98,64347400.15,13818.1,0.0,867660480.51,127842553.12,12585457.99,40
2025-10-10,127112795.56,62873719.83,64239075.73,13822.45,59.5,867535099.42,126475846.88,12585457.99,40
2025-10-13,128455257.02,63843078.58,64612178.43,40887.95,0.0,867887537.38,127424981.25,12585457.99,40
2025-10-14,128586108.6,63913711.48,64672397.12,13773.26,247.5,867664425.22,127488768.75,12585457.99,40
2025-10-15,129054610.93,64092418.57,64962192.35,13751.57,0.0,867947305.27,127660640.62,12585457.99,40
2025-10-16,129540526.22,63954605.38,65585920.84,13873.37,0.0,868564049.64,127515937.5,12585457.99,40
2025-10-17,128957444.18,64120931.49,64836512.7,13889.62,75.06,867813312.16,127675406.25,12585457.99,40
2025-10-20,130237319.97,64885637.69,65351682.28,41266.38,0.0,868307734.55,128419593.75,12585457.99,40
2025-10-21,129981534.31,64976373.5,65005160.81,13783.45,0.0,867954296.2,128503462.5,12585457.99,40
2025-10-22,129644233.48,64667247.74,64976985.74,13720.27,0.0,867919259.48,128187478.12,12585457.99,40
2025-10-23,130065590.04,64855986.23,65209603.81,13684.67,0.0,868145019.36,128369390.62,12585457.99,40
2025-10-24,130398151.87,65327654.01,65070497.85,13729.15,0.0,867999028.5,128834212.5,12585457.99,40
2025-10-27,131155003.32,66107130.91,65047872.41,40966.75,0.0,867955961.74,129593165.62,12585457.99,40
2025-10-28,131249465.74,66305933.47,64943532.27,13589.12,0.0,867844881.91,129785118.75,12585457.99,40
2025-10-29,130773442.32,65965516.0,64807926.32,13598.9,0.0,867702548.26,129437831.25,12585457.99,40
2025-10-30,129838663.27,65221739.68,64616923.59,13694.89,916.48,867454753.45,128687146.88,12585457.99,40
2025-10-31,129742949.38,64872469.18,64870480.19,13560.93,4238.99,925294347.95,129401928.12,13113815.89,45
2025-11-03,130074581.39,64974883.71,65099697.68,40328.43,0.0,925503398.5,129484178.12,13113815.89,45
2025-11-04,128839489.39,64283268.89,64556220.5,13802.36,0.0,924953014.02,128785668.75,13113815.89,45
2025-11-05,128675995.34,64250407.47,64425587.86,13599.72,0.0,924815567.12,128746021.88,13113815.89,45
2025-11-06,128245679.93,63813839.46,64431840.47,13582.47,0.0,924815019.25,128302671.88,13113815.89,45
2025-11-07,128342741.05,63897240.94,64445500.11,13430.17,0.0,924821933.96,128379390.62,13113815.89,45
2025-11-10,130006614.29,64786687.19,65219927.1,40321.01,0.0,925576113.06,129248762.5,13113815.89,45
2025-11-11,130813730.67,65129814.04,65683916.63,13686.81,0.0,926033237.65,129585068.75,13113815.89,45
2025-11-12,130986106.96,65158652.02,65827454.95,13771.78,59.5,926109569.89,129607050.0,13113815.89,45
2025-11-13,129515355.77,63942696.15,65572659.62,13789.93,0.0,925847841.87,128384234.38,13113815.89,45
2025-11-14,128577488.89,63770030.03,64807458.86,13671.07,0.0,925075722.08,128204818.75,13113815.89,45
2025-11-17,128101059.47,63258564.5,64842494.97,40716.2,0.0,925090235.08,127673159.38,13113815.89,45
2025-11-18,127575111.45,62854951.17,64720160.28,13521.78,0.0,924961055.91,127262868.75,13113815.89,45
2025-11-19,127292685.03,63012094.69,64280590.35,13395.39,31.5,924442140.09,127413412.5,13113815.89,45
2025-11-20,126351704.88,62148940.96,64202763.92,13401.09,72.0,924194419.61,126543625.0,13113815.89,45
2025-11-21,126783704.39,62960941.6,63822762.79,13266.93,72.28,923809404.8,127349100.0,13113815.89,45
2025-11-24,127876057.19,64001891.89,63874165.29,39619.91,0.0,923840863.44,128370375.0,13113815.89,45
2025-11-25,128990835.98,64727643.13,64263192.85,13320.42,63.0,924240520.95,129089459.38,13113815.89,45
2025-11-26,129936851.6,65162483.24,64774368.36,13400.71,251.6,924767073.9,129517575.0,13113815.89,45
2025-11-27,130006933.86,65169289.1,64837644.76,13571.18,1063.16,924731892.43,129517575.0,13113815.89,45
2025-11-28,130626059.67,65313568.94,65312490.72,13578.5,8087.32,885849529.04,130451250.0,13005478.51,44
2025-12-01,129732009.8,64725745.58,65006264.23,40602.93,0.0,885523000.48,129843125.0,13005478.51,44
2025-12-02,130071241.44,64896665.93,65174575.52,13369.6,0.0,885684613.28,130007375.0,13005478.51,44
2025-12-03,130621825.63,65235924.81,65385900.83,13296.17,0.0,885889275.02,130340000.0,13005478.51,44
2025-12-04,130469853.46,65062645.88,65407207.57,13207.32,0.0,885903970.0,130160125.0,13005478.51,44
2025-12-05,130529420.77,65061456.37,65467964.4,13155.71,0.0,885958132.12,130152375.0,13005478.51,44
2025-12-08,129844366.47,64714333.24,65130033.23,39376.38,121.5,885600572.95,129785625.0,13005478.51,44
2025-12-09,129566666.94,64559626.58,65007040.36,13128.71,0.0,885470996.51,129624375.0,13005478.51,44
2025-12-10,130199053.78,65051404.27,65147649.5,13100.63,0.0,885605032.2,130109625.0,13005478.51,44
2025-12-11,130924967.31,65340159.41,65584807.9,13019.91,1887.36,886027011.04,130391875.0,13005478.51,44
2025-12-12,129797039.4,64457907.13,65339132.27,13019.76,0.0,885774813.88,129503125.0,13005478.51,44
2025-12-15,129874243.47,64466297.21,65407946.26,38290.13,3457.3,885879350.93,129492500.0,13005478.51,44
2025-12-16,129602996.15,64398672.21,65204323.93,12843.12,6194.7,886988911.54,129418500.0,13005478.51,44
2025-12-17,129117107.88,63688290.53,65428817.35,12816.3,0.0,887206956.22,128701750.0,13005478.51,44
2025-12-18,129832199.21,64331715.9,65500483.31,12732.38,918.6,887265171.02,129833750.0,13005478.51,44
2025-12-19,130400470.79,64733148.98,65667321.81,12730.77,410.26,887462618.49,130228875.0,13005478.51,44
2025-12-22,131179180.53,65070745.26,66108435.27,38468.14,0.0,887884361.37,130547375.0,13005478.51,44
2025-12-23,132060858.8,65342305.03,66718553.77,12972.16,0.0,888487941.2,130812500.0,13005478.51,44
2025-12-24,132406746.34,65679016.66,66727729.67,13059.35,96.04,888493190.96,131142750.0,13005478.51,44
2025-12-25,132424737.32,65685584.56,66739152.75,13240.67,0.0,888497941.27,131142750.0,13005478.51,44
2025-12-26,132989490.88,65697278.12,67292212.75,13242.47,0.0,889044327.88,131147875.0,13005478.51,44
2025-12-29,132059405.03,65567393.32,66492011.71,39453.55,58.5,888160651.46,130998500.0,13005478.51,44
2025-12-30,132361654.33,65426770.42,66934883.91,13095.89,877.76,888597975.7,130851375.0,13005478.51,44
2025-12-31,131019393.71,65510201.86,65509191.84,13052.33,4034.02,877531988.31,130917375.0,11599486.85,35
2026-01-02,131269365.97,65462788.47,65806577.5,25985.51,0.0,877816381.54,130856968.75,11599486.85,35
2026-01-05,132474026.83,66020287.49,66453739.33,38724.46,0.0,878444129.67,131395156.25,11599486.85,35
2026-01-06,133130668.1,66390216.99,66740451.11,13026.61,0.0,878724308.67,131758593.75,11599486.85,35
2026-01-07,132846248.61,66309476.92,66536771.7,13054.2,0.0,878514084.98,131671343.75,11599486.85,35
2026-01-08,132329883.2,66113116.76,66216766.44,12989.41,0.0,878187572.84,131468500.0,11599486.85,35
2026-01-09,132879826.25,66509893.65,66369932.6,12938.92,0.0,878334263.69,131858812.5,11599486.85,35
2026-01-12,133436963.39,66593184.47,66843778.92,38978.08,0.0,878788641.51,131922593.75,11599486.85,35
2026-01-13,133379960.8,66532394.8,66847566.0,13195.43,0.0,878785819.01,131855218.75,11599486.85,35
2026-01-14,133276513.49,66319961.34,66956552.15,13226.85,0.0,878888176.35,131636187.5,11599486.85,35
2026-01-15,133331615.31,66328288.07,67003327.23,13216.59,0.0,878928311.58,131637937.5,11599486.85,35
2026-01-16,132636182.76,66014553.13,66621629.63,13222.05,75.06,878545985.59,131317625.0,11599486.85,35
2026-01-19,132508595.12,66034192.46,66474402.66,39459.26,0.0,878378938.68,131317625.0,11599486.85,35
2026-01-20,131353190.57,64450897.1,66902293.47,13140.44,0.0,878800237.98,129727781.25,11599486.85,35
2026-01-21,132518572.19,65358480.54,67160091.65,13098.83,0.0,879051364.52,130628937.5,11599486.85,35
2026-01-22,133328957.65,65661123.23,67667834.42,13215.05,0.0,879552409.94,130925062.5,11599486.85,35
2026-01-23,133980330.42,65720283.09,68260047.33,13332.9,0.0,880137854.75,130977656.25,11599486.85,35
2026-01-26,135211125.32,66168131.91,69042993.41,40082.45,0.0,880900379.7,131405843.75,11599486.85,35
2026-01-27,135477757.47,66415417.84,69062339.62,13483.55,0.0,880912840.8,131646531.25,11599486.85,35
2026-01-28,135839756.2,66319209.99,69520546.21,13472.51,76.5,880831477.33,131543718.75,11599486.85,35
2026-01-29,135999219.61,66315385.99,69683833.62,13546.24,1053.38,880975708.36,131533281.25,11599486.85,35
2026-01-30,134222120.32,67111058.48,67111061.84,13562.14,4874.64,925944263.91,66871200.0,11820904.83,42
2026-02-02,133661081.23,67483879.95,66177201.28,40042.93,0.0,924990379.36,67224000.0,11820904.83,42
2026-02-03,133883823.14,66907428.33,66976394.81,13366.11,0.0,925782957.69,66640800.0,11820904.83,42
2026-02-04,133872105.55,66573319.08,67298786.47,13388.38,0.0,926098650.57,66300000.0,11820904.83,42
2026-02-05,132607087.99,65759176.41,66847911.58,13387.21,0.0,925641044.99,65479200.0,11820904.83,42
2026-02-06,134108577.24,67032934.06,67075643.18,13223.87,0.0,925862110.36,66746400.0,11820904.83,42
2026-02-09,135170408.83,67345843.94,67824564.89,40232.57,117.0,926585826.38,67039200.0,11820904.83,42
2026-02-10,134963246.18,67143778.52,67819467.66,13517.04,0.0,926573948.08,66830400.0,11820904.83,42
2026-02-11,135303540.31,67140892.9,68162647.41,13496.32,0.0,926910343.93,66820800.0,11820904.83,42
2026-02-12,134036463.22,66096425.64,67940037.58,13567.94,56.0,926676156.86,65769600.0,11820904.83,42
2026-02-13,133977668.31,66098253.64,67879414.67,13440.88,0.0,926608719.68,65764800.0,11820904.83,42
2026-02-16,134130876.96,66118083.12,68012793.84,40193.3,0.0,926721735.03,65764800.0,11820904.83,42
2026-02-17,133943784.84,66220694.93,67723089.91,13413.09,0.0,926425229.25,65860800.0,11820904.83,42
2026-02-18,134779916.9,66551335.39,68228581.51,13431.59,0.0,926923932.25,66184800.0,11820904.83,42
2026-02-19,134871717.68,66392409.01,68479308.66,13515.43,70.0,927165085.64,66019200.0,11820904.83,42
2026-02-20,135707985.34,66843066.7,68864918.64,13524.64,167.84,927548423.24,66463200.0,11820904.83,42
2026-02-23,135105810.2,66174319.62,68931490.59,40712.4,0.0,927594335.7,65774400.0,11820904.83,42
2026-02-24,135641820.34,66682537.05,68959283.29,13510.58,0.0,927615234.69,66276000.0,11820904.83,42
2026-02-25,136727650.53,67226805.3,69500845.23,13564.18,54.0,928139874.7,66813600.0,11820904.83,42
2026-02-26,136232495.48,66851927.98,69380567.5,13672.77,1026.7,928009588.06,66432000.0,11820904.83,42
2026-02-27,136498702.65,68249980.52,68248722.14,13623.25,8988.28,787805503.37,136374787.5,13604359.97,50
2026-03-02,135596507.68,67823083.01,67773424.67,40835.86,0.0,787309788.75,135927471.88,13604359.97,50
2026-03-03,134258266.93,67163796.66,67094470.27,13597.32,0.0,786624037.6,135261384.38,13604359.97,50
2026-03-04,134654970.53,67556216.16,67098754.37,13425.83,0.0,786621612.83,135647087.5,13604359.97,50
2026-03-05,134234840.87,66860046.78,67374794.08,13465.5,0.0,786890942.09,134944162.5,13604359.97,50
2026-03-06,134413646.48,66035739.22,68377907.26,13386.2,288.84,787819783.84,134113187.5,13604359.97,50
2026-03-09,134625020.8,66575418.0,68049602.79,40100.07,0.0,787471079.38,134633165.62,13604359.97,50
2026-03-10,134411136.34,66502125.29,67909011.05,13499.9,0.0,787323663.77,134553196.88,13604359.97,50
2026-03-11,134062136.62,66151269.25,67910867.37,13441.11,0.0,787318730.36,134195690.62,13604359.97,50
2026-03-12,132898453.35,64801805.88,68096647.47,13443.45,1608.26,787420643.51,132839593.75,13604359.97,50
2026-03-13,132305997.63,64397454.06,67908543.57,13326.76,0.0,787225711.03,132428743.75,13604359.97,50
2026-03-16,133283153.44,65387592.59,67895560.85,39802.05,1900.6,787229756.01,133399509.38,13604359.97,50
2026-03-17,134197570.6,65627965.13,68569605.47,13365.34,6472.9,787971056.73,133633325.0,13604359.97,50
2026-03-18,132997756.37,64415199.28,68582557.08,13457.03,0.0,787977132.33,132413978.12,13604359.97,50
2026-03-19,132056051.03,64058413.72,67997637.32,13373.66,1021.1,787386058.71,132051606.25,13604359.97,50
2026-03-20,129875765.02,62634423.89,67241341.12,13278.97,495.04,786607746.67,131123600.0,13604359.97,50
2026-03-23,129831122.06,63655998.93,66175123.12,39287.42,0.0,785521188.16,132126228.12,13604359.97,50
2026-03-24,129475758.0,63078292.58,66397465.42,13091.3,0.0,785736857.22,131542103.12,13604359.97,50
2026-03-25,130526895.02,63709459.22,66817435.79,13055.47,0.0,786150132.51,132166909.38,13604359.97,50
2026-03-26,128803294.86,62139427.01,66663867.85,13161.46,63.0,785930215.14,130590453.12,13604359.97,50
2026-03-27,127970766.14,61020108.36,66950657.78,12987.67,0.0,786210283.14,129464868.75,13604359.97,50
2026-03-30,128658523.9,61194009.84,67464514.06,38604.51,1062.12,786670812.54,129620362.5,13604359.97,50
2026-03-31,130943941.76,65472888.46,65471053.29,12937.33,7074.77,647900314.75,65378962.5,9098325.76,33
2026-04-01,131689334.45,65947103.94,65742230.51,13130.77,0.0,648164926.68,65846612.5,9098325.76,33
2026-04-02,132087324.11,65998491.97,66088832.15,13205.51,0.0,648504935.83,65891387.5,9098325.76,33
2026-04-03,132138210.78,66005110.15,66133100.63,13245.42,0.0,648542577.07,65891387.5,9098325.76,33
2026-04-06,132629320.88,66311084.19,66318236.69,39861.69,108.0,648709070.98,66177450.0,9098325.76,33
2026-04-07,132527446.26,66375001.48,66152444.78,13410.3,0.0,648536573.56,66234662.5,9098325.76,33
2026-04-08,133975331.3,68043325.85,65932005.45,13326.37,0.0,648309482.23,67896312.5,9098325.76,33
2026-04-09,134630125.42,68443174.09,66186951.33,13434.75,0.0,648557816.6,68289337.5,9098325.76,33
2026-04-10,134689051.5,68370418.4,66318633.09,13463.01,21.0,648582550.67,68209737.5,9098325.76,33
2026-04-13,135654229.56,69062554.53,66591675.03,40406.72,0.0,648835697.01,68881362.5,9098325.76,33
2026-04-14,136558826.82,69885399.15,66673427.67,13640.79,0.0,648910753.49,69697262.5,9098325.76,33
2026-04-15,137395423.55,70447139.02,66948284.53,13731.75,0.0,649178905.97,70251975.0,9098325.76,33
2026-04-16,137905325.56,70618397.87,67286927.69,13815.87,0.0,649510817.1,70416150.0,9098325.76,33
2026-04-17,138268065.44,71466273.94,66801791.49,13867.15,0.0,649018914.83,71256925.0,9098325.76,33
2026-04-20,138366773.33,71353448.38,67013324.95,41595.64,31.5,649199043.58,71122600.0,9098325.76,33
2026-04-21,138109156.2,70883023.37,67226132.83,13913.55,40.5,649385443.41,70645000.0,9098325.76,33
2026-04-22,138949864.15,71599049.17,67350814.98,13810.92,0.0,649503402.94,71353937.5,9098325.76,33
2026-04-23,138824480.45,71330096.57,67494383.88,13894.99,0.0,649640236.76,71077825.0,9098325.76,33
2026-04-24,139317910.49,71847167.08,67470743.41,13882.45,346.5,649712218.35,71587762.5,9098325.76,33
2026-04-27,139836093.82,71980658.73,67855435.09,41795.37,0.0,650076668.81,71699700.0,9098325.76,33
2026-04-28,139766900.53,71639606.8,68127293.73,13983.61,0.0,650341741.9,71351450.0,9098325.76,33
2026-04-29,139903540.31,71616920.76,68286619.55,13976.69,1029.68,650474965.68,71321600.0,9098325.76,33
2026-04-30,140886702.2,70444296.88,70442405.32,13990.35,5926.86,734422037.18,70264375.0,10740116.44,41
2026-05-01,141125391.16,70589546.74,70535844.42,14049.54,0.0,734508451.62,70402600.0,10740116.44,41
2026-05-04,140767872.34,70341489.78,70426382.56,42220.01,0.0,734377887.78,70133425.0,10740116.44,41
2026-05-05,141429751.02,70901443.47,70528307.55,14115.89,0.0,734472750.57,70686325.0,10740116.44,41
2026-05-06,142725410.99,71900378.31,70825032.69,14182.26,0.0,734762403.28,71678150.0,10740116.44,41
2026-05-07,142195075.24,71650538.32,70544536.93,14312.19,0.0,734474805.35,71421100.0,10740116.44,41
2026-05-08,142857118.14,72200923.27,70656194.87,14259.01,0.0,734579389.24,71964300.0,10740116.44,41
2026-05-11,143704373.84,72394758.55,71309615.29,42857.14,0.0,735211612.8,72136475.0,10740116.44,41
2026-05-12,143746770.16,72302593.14,71444177.02,14410.36,17.5,735329166.26,72037050.0,10740116.44,41
2026-05-13,144567993.43,72726943.48,71841049.95,14414.61,0.0,735718874.93,72454150.0,10740116.44,41
2026-05-14,144469905.41,73277436.38,71192469.03,14496.96,0.0,735063089.95,72997350.0,10740116.44,41
2026-05-15,142524387.16,72380239.12,70144148.04,14446.99,94.52,733992584.71,72092825.0,10740116.44,41
2026-05-18,143243767.61,72338903.19,70904864.42,42757.32,0.0,734732257.84,72029775.0,10740116.44,41
2026-05-19,142546549.22,71882962.08,70663587.14,14324.38,64.0,734415474.07,71566600.0,10740116.44,41
2026-05-20,143137513.97,72605505.41,70532008.56,14215.06,0.0,734276848.76,72281975.0,10740116.44,41
2026-05-21,142845375.61,72750930.46,70094445.15,14194.47,0.0,733832290.93,72420200.0,10740116.44,41
2026-05-22,143249075.48,73000685.34,70248390.14,14244.86,63.0,733891108.95,72662700.0,10740116.44,41
2026-05-25,143388704.36,73022524.71,70366179.65,42855.35,0.0,733987882.47,72662700.0,10740116.44,41
2026-05-26,143646951.96,73476006.68,70170945.28,14299.04,0.0,733785631.03,73108900.0,10740116.44,41
2026-05-27,143476529.92,73512454.28,69964075.64,14364.7,350.26,733575978.96,73138000.0,10740116.44,41
2026-05-28,144041629.97,73924760.11,70116869.87,14307.8,877.96,733683287.34,73542975.0,10740116.44,41
2026-05-29,144108096.39,72054525.86,72053570.52,14404.16,3494.74,736458992.94,71779837.5,10281842.44,37
2026-06-01,144375916.43,72241517.22,72134399.2,43232.43,0.0,736518205.55,71945212.5,10281842.44,37
2026-06-02,144732945.14,72348026.57,72384918.56,14557.9,0.0,736761451.36,72044437.5,10281842.44,37
2026-06-03,143925001.41,71863921.67,72061079.74,14593.91,0.0,736430313.72,71553037.5,10281842.44,37
2026-06-04,143743372.15,72147580.45,71595791.71,14512.44,0.0,735957759.53,71829450.0,10281842.44,37
2026-06-05,140942272.69,70260130.33,70682142.36,14494.12,0.0,735036890.95,69934725.0,10281842.44,37
2026-06-08,140811119.62,70427859.02,70383260.6,42635.04,117.0,734629124.84,70081200.0,10281842.44,37
2026-06-09,140477977.98,70215287.12,70262690.87,14276.68,0.0,734501419.02,69861487.5,10281842.44,37
2026-06-10,139293768.18,69142724.16,70151044.02,14203.88,0.0,734382667.83,68781825.0,10281842.44,37
2026-06-11,140347763.5,70260090.26,70087673.23,14084.15,1517.28,734318777.54,69892200.0,10281842.44,37
2026-06-12,141158939.82,70635724.82,70523215.0,14151.73,310.5,734853822.63,70260750.0,10281842.44,37
2026-06-15,142662462.41,71850154.63,70812307.78,42700.58,2423.6,735119007.74,71453812.5,10281842.44,37
2026-06-16,142266174.73,71453431.98,70812742.76,14424.76,6364.0,734955997.2,71049825.0,10281842.44,37
2026-06-17,141481855.12,70571506.21,70910348.91,14384.69,850.5,735046443.4,70161525.0,10281842.44,37
2026-06-18,141868602.12,71315820.19,70552781.93,14462.59,0.0,734681627.81,71543587.5,10281842.44,37
2026-06-19,141858197.16,71323090.44,70535106.72,14462.72,518.56,734715775.12,71543587.5,10281842.44,37
2026-06-22,141473038.65,71066128.42,70406910.23,43384.97,45.0,734558551.64,71264812.5,10281842.44,37
2026-06-23,139684063.12,70092994.94,69591068.18,14540.28,0.0,733735473.33,70284375.0,10281842.44,37
2026-06-24,139146666.82,70012786.44,69133880.38,14356.42,324.0,733443177.11,70196962.5,10281842.44,37
2026-06-25,139918064.2,69972732.2,69945332.0,14301.19,0.0,734247523.31,70149712.5,10281842.44,37
2026-06-26,139198432.46,69776729.4,69421703.05,14341.6,0.0,733716724.96,69946537.5,10281842.44,37
2026-06-29,140056497.22,70728894.45,69327602.77,42571.52,1088.76,733569373.97,70877362.5,10281842.44,37
2026-06-30,140803152.93,70402154.74,70400998.18,14550.31,5458.46,696872798.81,70198725.0,9122947.19,29
2026-07-01,140740336.36,70365293.74,70375042.61,14627.88,0.0,696839529.35,70154550.0,9122947.19,29
2026-07-02,140620056.77,70230720.28,70389336.49,14504.07,0.0,696846570.69,70012725.0,9122947.19,29
2026-07-03,140821350.98,70237899.42,70583451.56,14374.49,0.0,697033490.41,70012725.0,9122947.19,29
2026-07-06,141975265.97,70847664.04,71127601.93,43185.21,0.0,697555995.19,70600950.0,9122947.19,29
2026-07-07,141641001.08,70480699.33,71160301.75,14749.65,0.0,697581305.64,70226625.0,9122947.19,29
2026-07-08,141315042.31,70278751.91,71036290.4,14675.58,0.0,697449921.29,70017375.0,9122947.19,29
2026-07-09,142173886.24,70844033.57,71329852.67,14641.81,0.0,697736123.42,70575375.0,9122947.19,29
2026-07-10,142618128.57,71144245.08,71473883.49,14572.82,24.5,697857117.42,70868325.0,9122947.19,29
2026-07-13,142099290.82,70633815.51,71465475.31,44092.77,0.0,697826611.9,70335900.0,9122947.19,29
2026-07-14,142687787.04,70903917.82,71783869.21,14841.48,0.0,698137541.63,70598625.0,9122947.19,29
2026-07-15,143401878.59,71129774.87,72272103.73,14704.77,310.5,698711148.92,70817175.0,9122947.19,29
2026-07-16,142727933.11,70792985.43,71934947.69,14738.53,56.0,698380443.89,70473075.0,9122947.19,29
2026-07-17,141912552.81,70056261.37,71856291.44,14669.26,86.18,698301660.73,69729075.0,9122947.19,29
2026-07-20,142073468.97,69952370.43,72121098.54,43874.63,0.0,698544252.26,69603525.0,9122947.19,29
2026-07-21,142994460.92,70531568.27,72462892.64,14720.39,0.0,698878573.81,70175475.0,9122947.19,29
2026-07-22,143228080.88,70487745.72,72740335.16,14855.54,0.0,699148488.24,70124325.0,9122947.19,29
2026-07-23,142262136.46,69609263.19,72652873.26,14919.59,0.0,699053449.22,69238500.0,9122947.19,29
2026-07-24,142169895.22,69639880.17,72530015.04,15056.08,0.0,698922901.91,69261750.0,9122947.19,29
2026-07-27,141897794.78,69668965.84,72228828.95,45138.94,0.0,698598687.53,69268725.0,9122947.19,29
2026-07-28,142014547.73,69834458.49,72180089.24,15056.93,0.0,698542283.54,69426825.0,9122947.19,29
2026-07-29,140904703.3,68781571.71,72123131.59,14872.08,0.0,698477767.04,68366625.0,9122947.19,29
2026-07-30,141971206.24,69916265.92,72054940.32,14481.87,1046.56,698352316.87,69494250.0,9122947.19,29
2026-07-31,142530892.72,71266169.32,71264723.4,14552.05,4640.92,720790786.52,71056912.5,10013417.07,36
2026-08-03,143579333.82,72318133.67,71261200.15,43828.25,0.0,720765349.37,72086962.5,10013417.07,36
2026-08-04,144764224.2,73622679.31,71141544.89,14956.18,0.0,720638271.06,73383975.0,10013417.07,36
2026-08-05,144705689.88,73479127.89,71226561.99,15039.39,0.0,720715897.35,73232775.0,10013417.07,36
2026-08-06,144579065.39,73346523.55,71232541.84,15033.31,850.5,720714477.55,73093387.5,10013417.07,36
2026-08-07,145299113.68,73779393.44,71519720.24,15020.16,0.0,720994255.68,73518637.5,10013417.07,36
