,nav
1963-03-01,9990022.829026677
1963-03-04,10097506.477107782
1963-03-05,10101824.333786892
1963-03-06,10128239.330819653
1963-03-07,10184749.948617509
1963-03-08,10196818.29789286
1963-03-11,10228039.457342843
1963-03-12,10254028.886016278
1963-03-13,10292394.170982014
1963-03-14,10245496.123426097
1963-03-15,10297461.821363423
1963-03-18,10250415.989992933
1963-03-19,10229287.005381964
1963-03-20,10304941.307394626
1963-03-21,10290057.402110374
1963-03-22,10335573.719285488
1963-03-25,10333293.256708305
1963-03-26,10347067.123480948
1963-03-27,10391531.527283795
1963-03-28,10376644.022712054
1963-03-29,10384148.845153034
1963-04-01,10430815.85549428
1963-04-02,10421666.337279657
1963-04-03,10503617.227125164
1963-04-04,10589298.264017792
1963-04-05,10657178.266091667
1963-04-08,10680522.890059741
1963-04-09,10661754.227857763
1963-04-10,10620369.736921666
1963-04-11,10696060.126058957
1963-04-15,10741641.946875948
1963-04-16,10758757.234784016
1963-04-17,10725126.820256507
1963-04-18,10729750.203693135
1963-04-19,10800745.07924519
1963-04-22,10814531.493328305
1963-04-23,10851034.173737008
1963-04-24,10890131.047566595
1963-04-25,10905888.859484453
1963-04-26,10897269.098063234
1963-04-29,10892532.61361502
1963-04-30,10916580.502891576
1963-05-01,10952555.779322527
1963-05-02,10984378.177045153
1963-05-03,10972123.417907776
1963-05-06,10906173.922105169
1963-05-07,10901697.09233663
1963-05-08,10982263.5410266
1963-05-09,11027048.063369408
1963-05-10,11054195.32278721
1963-05-13,11059807.198088598
1963-05-14,11027327.88779745
1963-05-15,11062254.649141377
1963-05-16,11043771.229191007
1963-05-17,11033080.956157234
1963-05-20,10975935.745702224
1963-05-21,11013452.689200273
1963-05-22,11014140.151705924
1963-05-23,10999792.078587927
1963-05-24,10970418.953259697
1963-05-27,10947839.208371276
1963-05-28,10961331.797854053
1963-05-29,11011779.585103363
1963-05-31,11086742.55469275
1963-06-03,11054738.534539107
1963-06-04,11056950.445707403
1963-06-05,11031171.415197844
1963-06-06,11030658.346814917
1963-06-07,11004890.029123545
1963-06-10,10934854.137782088
1963-06-11,10958343.1617114
1963-06-12,11009151.53113753
1963-06-13,10981877.629695963
1963-06-14,10985659.14210471
1963-06-17,10933242.191570476
1963-06-18,10944796.048421765
1963-06-19,10956349.515892472
1963-06-20,10944609.339569656
1963-06-21,10982247.498616712
1963-06-24,10977392.76508054
1963-06-25,10952941.839271557
1963-06-26,10854944.510168565
1963-06-27,10802325.703799067
1963-06-28,10849820.489694284
1963-07-01,10764233.586090779
1963-07-02,10841062.729063058
1963-07-03,10916623.992015375
1963-07-05,10953387.279791582
1963-07-08,10872558.747658318
1963-07-09,10928657.392757917
1963-07-10,10914453.763519758
1963-07-11,10885922.450119114
1963-07-12,10876426.491215833
1963-07-15,10819304.883223884
1963-07-16,10810457.388349976
1963-07-17,10769430.560428448
1963-07-18,10709941.967927594
1963-07-19,10688596.035295404
1963-07-22,10621242.25239903
1963-07-23,10623294.755762983
1963-07-24,10690196.085260788
1963-07-25,10687588.742446948
1963-07-26,10749105.20004321
1963-07-29,10772197.80865665
1963-07-30,10853005.058932727
1963-07-31,10836322.260644915
1963-08-01,10836098.353097845
1963-08-02,10872498.867321024
1963-08-05,10939295.870287044
1963-08-06,11002408.454669273
1963-08-07,10961136.054254804
1963-08-08,10979801.685320653
1963-08-09,11052044.20569791
1963-08-12,11063163.159635048
1963-08-13,11085945.523676911
1963-08-14,11130088.5816571
1963-08-15,11187797.01112507
1963-08-16,11214288.427395506
1963-08-19,11218325.088377487
1963-08-20,11209374.322175508
1963-08-21,11186597.723113084
1963-08-22,11226065.885199375
1963-08-23,11260841.694502514
1963-08-26,11287125.308972638
1963-08-27,11224282.243587533
1963-08-28,11305851.324922783
1963-08-29,11315892.797573915
1963-08-30,11360297.601868114
1963-09-03,11380273.429338364
1963-09-04,11368457.448827336
1963-09-05,11388755.915197635
1963-09-06,11355092.481334306
1963-09-09,11317419.545501867
1963-09-10,11381882.36387345
1963-09-11,11415105.199433608
1963-09-12,11407713.534475641
1963-09-13,11411249.823143324
1963-09-16,11398535.855278635
1963-09-17,11406750.572519222
1963-09-18,11366279.798981031
1963-09-19,11432278.58544784
1963-09-20,11453663.312631834
1963-09-23,11403716.043404076
1963-09-24,11449048.151727442
1963-09-25,11385620.122532163
1963-09-26,11289190.736628473
1963-09-27,11277314.076778594
1963-09-30,11213236.912857594
1963-10-01,11295461.712165099
1963-10-02,11308945.077364106
1963-10-03,11392731.132240277
1963-10-04,11387726.995392572
1963-10-07,11367758.568486333
1963-10-08,11344008.734611169
1963-10-09,11221835.8862189
1963-10-10,11274378.34203873
1963-10-11,11286298.65926636
1963-10-14,11294478.29342906
1963-10-15,11301975.332690077
1963-10-16,11392004.997347148
1963-10-17,11429172.688354725
1963-10-18,11439511.83604871
1963-10-21,11452386.34598227
1963-10-22,11396865.712551396
1963-10-23,11394996.171457699
1963-10-24,11448829.797172856
1963-10-25,11554758.172282528
1963-10-28,11631249.399578148
1963-10-29,11619752.569088144
1963-10-30,11508705.401413465
1963-10-31,11532952.68697154
1963-11-01,11505955.975599188
1963-11-04,11450487.69689827
1963-11-06,11334822.250909595
1963-11-07,11374431.625940388
1963-11-08,11431039.833893957
1963-11-11,11455474.452602657
1963-11-12,11415352.544687444
1963-11-13,11434762.575175634
1963-11-14,11410626.330569265
1963-11-15,11327804.582654672
1963-11-18,11250733.495147645
1963-11-19,11271715.854448864
1963-11-20,11384102.742331943
1963-11-21,11230247.487111649
1963-11-22,10926727.2855203
1963-11-26,11369115.556998236
1963-11-27,11349681.482272917
1963-11-29,11503712.655298868
1963-12-02,11564569.400520494
1963-12-03,11550081.330361743
1963-12-04,11578898.444792503
1963-12-05,11644975.022401078
1963-12-06,11602543.388888296
1963-12-09,11609074.689959733
1963-12-10,11614670.00701068
1963-12-11,11583241.173086464
1963-12-12,11585733.225810478
1963-12-13,11600689.379591128
1963-12-16,11622943.901097694
1963-12-17,11692040.757295696
1963-12-18,11675936.036575092
1963-12-19,11650469.87242221
1963-12-20,11622674.740506886
1963-12-23,11552742.236295078
1963-12-24,11578712.614873977
1963-12-26,11635668.663582312
1963-12-27,11655383.954703687
1963-12-30,11686905.80927176
1963-12-31,11759770.393520316
1964-01-02,11825926.022883333
1964-01-03,11828258.851092152
1964-01-06,11848895.918275576
1964-01-07,11862501.891116234
1964-01-08,11883296.901193634
1964-01-09,11927998.066880852
1964-01-10,11922677.515212122
1964-01-13,11923174.25160629
1964-01-14,11945985.844868671
1964-01-15,11990675.763812559
1964-01-16,11987081.856816432
1964-01-17,11989568.70112962
1964-01-20,11979291.144819861
1964-01-21,12013048.584682385
1964-01-22,12078066.32748711
1964-01-23,12088378.928046564
1964-01-24,12073372.41897095
1964-01-27,12072319.994266422
1964-01-28,12085935.17257157
1964-01-29,12013411.250190243
1964-01-30,12034841.848325562
1964-01-31,12098473.348234044
1964-02-03,12091140.351122476
1964-02-04,12078004.965961056
1964-02-05,12058618.736047102
1964-02-06,12097238.35399308
1964-02-07,12137239.999146726
1964-02-10,12120380.290312657
1964-02-11,12165007.733690947
1964-02-12,12202065.501071265
1964-02-13,12206314.105959699
1964-02-14,12200972.052455265
1964-02-17,12201477.459872283
1964-02-18,12194171.164057363
1964-02-19,12207576.68760544
1964-02-20,12219418.414010761
1964-02-24,12224018.878988398
1964-02-25,12222376.015492937
1964-02-26,12252962.296815304
1964-02-27,12194938.094419999
1964-02-28,12214015.506186437
1964-03-02,12254057.911848465
1964-03-03,12284135.829057861
1964-03-04,12251775.716179745
1964-03-05,12251113.927181046
1964-03-06,12291038.568130584
1964-03-09,12288019.894776527
1964-03-10,12329505.006610096
1964-03-11,12376753.349673282
1964-03-12,12397943.76545921
1964-03-13,12398376.176008428
1964-03-16,12411940.854292154
1964-03-17,12431107.6162872
1964-03-18,12431536.01241845
1964-03-19,12410116.140487641
1964-03-20,12340543.18110649
1964-03-23,12345620.886503942
1964-03-24,12314421.612045376
1964-03-25,12344996.00747722
1964-03-26,12388566.491989132
1964-03-30,12385624.427515907
1964-03-31,12380820.525525786
1964-04-01,12422415.276373405
1964-04-02,12485655.692919517
1964-04-03,12514271.966147808
1964-04-06,12530381.49639071
1964-04-07,12486995.97941003
1964-04-08,12518826.170563493
1964-04-09,12511652.801524714
1964-04-10,12535960.96619917
1964-04-13,12517035.915784568
1964-04-14,12542519.028348785
1964-04-15,12568789.381828869
1964-04-16,12586467.780138347
1964-04-17,12631813.376142468
1964-04-20,12627590.165742833
1964-04-21,12644714.353311129
1964-04-22,12637566.003880529
1964-04-23,12621026.112461941
1964-04-24,12523048.279378586
1964-04-27,12463949.77743553
1964-04-28,12550726.632039083
1964-04-29,12530111.336663887
1964-04-30,12493227.908220232
1964-05-01,12605093.77779191
1964-05-04,12655610.095832122
1964-05-05,12720487.084302718
1964-05-06,12749339.742150841
1964-05-07,12763890.74984259
1964-05-08,12761718.73422014
1964-05-11,12759978.966350801
1964-05-12,12801350.483695444
1964-05-13,12772255.024326904
1964-05-14,12755686.72097098
1964-05-15,12793925.292547079
1964-05-18,12738013.68285394
1964-05-19,12672913.2433466
1964-05-20,12719652.789177183
1964-05-21,12764155.47088942
1964-05-22,12731940.743080342
1964-05-25,12716623.381250296
1964-05-26,12690673.399131
1964-05-27,12660687.077585982
1964-05-28,12688749.921809271
1964-06-01,12653047.18831198
1964-06-02,12589520.636321142
1964-06-03,12557305.563295664
1964-06-04,12429543.452979
1964-06-05,12495034.345203543
1964-06-08,12439060.864717614
1964-06-09,12528089.12933246
1964-06-10,12575735.086949017
1964-06-11,12611757.961467484
1964-06-12,12592073.647683837
1964-06-15,12653508.460474737
1964-06-16,12721495.743254377
1964-06-17,12786344.355527392
1964-06-18,12793935.291107152
1964-06-19,12819727.196618479
1964-06-22,12868192.150502907
1964-06-23,12815054.395086179
1964-06-24,12861268.514826616
1964-06-25,12885403.695842626
1964-06-26,12925307.538259408
1964-06-29,12957076.082977131
1964-06-30,12965439.485868037
1964-07-01,13057374.6721631
1964-07-02,13109884.791909603
1964-07-06,13164265.442535557
1964-07-07,13197187.657760393
1964-07-08,13197432.07300698
1964-07-09,13181615.640243707
1964-07-10,13193484.650322232
1964-07-13,13189110.92416399
1964-07-14,13150166.370931981
1964-07-15,13194752.771196373
1964-07-16,13242551.572481353
1964-07-17,13290767.75453052
1964-07-20,13241067.310845355
1964-07-21,13220623.628028622
1964-07-22,13207322.370830145
1964-07-23,13212114.869448151
1964-07-24,13209437.956927065
1964-07-27,13153010.154124388
1964-07-28,13117216.264212303
1964-07-29,13128723.8520603
1964-07-30,13166618.600346612
1964-07-31,13181277.36282201
1964-08-03,13156366.810760325
1964-08-04,12992845.038478682
1964-08-05,13013708.644233242
1964-08-06,12906376.562878735
1964-08-07,12978390.06507335
1964-08-10,12969200.278289024
1964-08-11,12956061.99989039
1964-08-12,13021170.715718959
1964-08-13,13069933.682187717
1964-08-14,13060929.08671437
1964-08-17,13065928.888056751
1964-08-18,13072703.066923318
1964-08-19,13060550.558598844
1964-08-20,13001096.648142323
1964-08-21,13022057.019563958
1964-08-24,13000253.362994589
1964-08-25,12916160.690677917
1964-08-26,12895119.99432616
1964-08-27,12955461.259512551
1964-08-28,12991290.219579978
1964-08-31,12969488.697306423
1964-09-01,13025143.685011104
1964-09-02,13035734.706657197
1964-09-03,13075622.444736244
1964-09-04,13107621.368201995
1964-09-08,13129873.93979778
1964-09-09,13158707.949314982
1964-09-10,13167048.589282518
1964-09-11,13222689.018548017
1964-09-14,13189743.813156402
1964-09-15,13155472.10520153
1964-09-16,13204331.038594143
1964-09-17,13302028.497362874
1964-09-18,13252516.877651684
1964-09-21,13327382.607133167
1964-09-22,13333135.341005038
1964-09-23,13337298.62534593
1964-09-24,13352555.476872269
1964-09-25,13386837.278727796
1964-09-28,13423178.397211812
1964-09-29,13407216.162948763
1964-09-30,13398695.644468125
1964-10-01,13383835.150589244
1964-10-02,13429198.54638393
1964-10-05,13472199.037189262
1964-10-06,13491729.425861986
1964-10-07,13494288.086357316
1964-10-08,13533299.743673924
1964-10-09,13562586.233402235
1964-10-12,13565163.529144486
1964-10-13,13526388.57831204
1964-10-14,13500394.600295931
1964-10-15,13404830.252962634
1964-10-16,13486815.861147821
1964-10-19,13506713.850247368
1964-10-20,13558153.014876219
1964-10-21,13557287.136366645
1964-10-22,13532887.426423471
1964-10-23,13565548.153857091
1964-10-26,13547401.485862559
1964-10-27,13559229.015199447
1964-10-28,13521923.968611987
1964-10-29,13540093.280040827
1964-10-30,13561664.447099896
1964-11-02,13627253.944316167
1964-11-04,13623388.559106177
1964-11-05,13627513.907065177
1964-11-06,13639562.435893873
1964-11-09,13637215.969845613
1964-11-10,13593565.145375464
1964-11-11,13631040.628453089
1964-11-12,13672664.759683918
1964-11-13,13665923.715183979
1964-11-16,13739611.291297097
1964-11-17,13789917.909937631
1964-11-18,13820742.822228847
1964-11-19,13826491.271933362
1964-11-20,13843240.8915497
1964-11-23,13747090.671528563
1964-11-24,13702344.225062108
1964-11-25,13646099.652856736
1964-11-27,13604063.79346462
1964-11-30,13479705.920468967
1964-12-01,13342556.916492833
1964-12-02,13392164.964364054
1964-12-03,13465615.958320867
1964-12-04,13493414.835493486
1964-12-07,13504949.217675965
1964-12-08,13464289.722402656
1964-12-09,13379541.344109025
1964-12-10,13389578.437873563
1964-12-11,13423693.764600758
1964-12-14,13383479.037809126
1964-12-15,13337075.238760429
1964-12-16,13379405.02167586
1964-12-17,13435682.83743651
1964-12-18,13487218.057161389
1964-12-21,13516288.307405695
1964-12-22,13509133.829451649
1964-12-23,13470417.590718107
1964-12-24,13471257.539791737
1964-12-28,13463894.67399345
1964-12-29,13423192.084500678
1964-12-30,13491595.428889677
1964-12-31,13553612.65474959
1965-01-04,13486751.26090296
1965-01-05,13551564.619253404
1965-01-06,13593987.4535487
1965-01-07,13654003.233634582
1965-01-08,13672465.020171061
1965-01-11,13681205.623538373
1965-01-12,13726451.60393752
1965-01-13,13763878.83989493
1965-01-14,13764736.917307032
1965-01-15,13824740.090611715
1965-01-18,13873498.978011241
1965-01-19,13907842.61253439
1965-01-20,13903868.957427712
1965-01-21,13903011.579526855
1965-01-22,13938998.226912457
1965-01-25,13951022.080540108
1965-01-26,13953526.70921253
1965-01-27,14000693.418543277
1965-01-28,14041459.452319982
1965-01-29,14055044.381445779
1965-02-01,14051080.566549465
1965-02-02,14047079.861520505
1965-02-03,14060655.465450512
1965-02-04,14040750.034373015
1965-02-05,13985675.674785025
1965-02-08,13946402.847302748
1965-02-09,13993549.502012013
1965-02-10,13869655.250348866
1965-02-11,13723381.510834364
1965-02-12,13823126.428777533
1965-02-15,13801596.466470724
1965-02-16,13749645.739248272
1965-02-17,13766366.710046638
1965-02-18,13811816.9293163
1965-02-19,13827013.109437943
1965-02-23,13909523.950263947
1965-02-24,13983686.998575253
1965-02-25,14000373.260152534
1965-02-26,14026658.955759093
1965-03-01,14001864.494363613
1965-03-02,14004252.747827644
1965-03-03,13993825.340772778
1965-03-04,13961058.295842208
1965-03-05,13921930.694158332
1965-03-08,13930680.36582377
1965-03-09,13909101.543392742
1965-03-10,13885921.536529059
1965-03-11,13955308.818855185
1965-03-12,14005549.994532267
1965-03-15,14025464.92593499
1965-03-16,14008684.442180265
1965-03-17,14003066.656298855
1965-03-18,13970320.771959329
1965-03-19,13974994.872125883
1965-03-22,13988270.52008642
1965-03-23,14004913.197841085
1965-03-24,14042378.288194317
1965-03-25,13991546.539436398
1965-03-26,13877950.332871487
1965-03-29,13854321.76206435
1965-03-30,13882227.882386632
1965-03-31,13876334.671217084
1965-04-01,13902624.813338274
1965-04-02,13936955.515048986
1965-04-05,13940666.690778075
1965-04-06,13936385.591691649
1965-04-07,13944968.029601302
1965-04-08,14035533.340564692
1965-04-09,14108592.126591448
1965-04-12,14173449.718708495
1965-04-13,14190082.050734568
1965-04-14,14233962.66868984
1965-04-15,14208305.053690894
1965-04-19,14260173.738638178
1965-04-20,14252636.593468789
1965-04-21,14227389.04444714
1965-04-22,14305157.671611082
1965-04-23,14321769.14520978
1965-04-26,14327174.968709705
1965-04-27,14351845.439252982
1965-04-28,14345921.074834464
1965-04-29,14335168.0387042
1965-04-30,14364660.642623065
1965-05-03,14387770.689868174
1965-05-04,14444860.758073092
1965-05-05,14477573.010086872
1965-05-06,14511899.518748201
1965-05-07,14501157.003774265
1965-05-10,14474366.856714332
1965-05-11,14457192.515441723
1965-05-12,14520485.424952095
1965-05-13,14562642.524998315
1965-05-14,14535799.47337535
1965-05-17,14449460.709615203
1965-05-18,14425635.595804151
1965-05-19,14459959.109206185
1965-05-20,14381615.565595955
1965-05-21,14312930.661767652
1965-05-24,14210518.652433
1965-05-25,14290033.897505032
1965-05-26,14242430.202982988
1965-05-27,14169157.577323372
1965-05-28,14251291.023636255
1965-06-01,14304855.508936208
1965-06-02,14043966.227063548
1965-06-03,14014039.3709284
1965-06-04,14048293.979591409
1965-06-07,14015283.98363167
1965-06-08,13863617.172945812
1965-06-09,13721485.001519514
1965-06-10,13672374.36870474
1965-06-11,13735441.794017116
1965-06-14,13583385.048411338
1965-06-15,13660927.354658546
1965-06-16,13775327.458944198
1965-06-17,13862479.292733453
1965-06-18,13797640.004992943
1965-06-21,13765402.4504136
1965-06-22,13791670.536563883
1965-06-23,13704928.027700467
1965-06-24,13537178.875686001
1965-06-25,13456860.09292763
1965-06-28,13224697.389576217
1965-06-29,13345092.908151185
1965-06-30,13621607.90873627
1965-07-01,13679949.00605936
1965-07-02,13663431.20752467
1965-07-06,13669439.734202534
1965-07-07,13670748.202011403
1965-07-08,13683065.057628388
1965-07-09,13673374.657334667
1965-07-12,13677817.703772279
1965-07-13,13679127.494300766
1965-07-14,13680437.450456997
1965-07-15,13692755.700615797
1965-07-16,13694064.231089087
1965-07-19,13698497.88775515
1965-07-20,13699807.192603897
1965-07-21,13701116.692244126
1965-07-22,13702426.343544206
1965-07-23,13703736.189186629
1965-07-26,13708171.196467364
1965-07-27,13709481.8946025
1965-07-28,13710792.787235323
1965-07-29,13701106.237157935
1965-07-30,13691421.669790983
1965-08-02,13695879.579561774
1965-08-03,13695813.221426884
1965-08-04,13737946.444361975
1965-08-05,13738334.767320964
1965-08-06,13772481.187581627
1965-08-09,13742478.195014616
1965-08-10,13744466.461493526
1965-08-11,13775416.577950766
1965-08-12,13815772.581014873
1965-08-13,13878517.895100445
1965-08-16,13887086.542996407
1965-08-17,13903657.452680005
1965-08-18,13907074.396839557
1965-08-19,13875509.572974054
1965-08-20,13859927.04600578
1965-08-23,13842722.774238035
1965-08-24,13856077.152865546
1965-08-25,13883446.835087651
1965-08-26,13922310.601571597
1965-08-27,13932236.691385914
1965-08-30,13937433.701191228
1965-08-31,13931424.45887417
1965-09-01,13920650.706020614
1965-09-02,13997418.183964508
1965-09-03,14074183.366548581
1965-09-07,14127114.845556386
1965-09-08,14175203.880597536
1965-09-09,14212155.81856252
1965-09-10,14237982.753363715
1965-09-13,14282955.430505807
1965-09-14,14227490.890695574
1965-09-15,14305665.608645847
1965-09-16,14396891.500155931
1965-09-17,14401144.606473558
1965-09-20,14410192.078237308
1965-09-21,14356492.010194898
1965-09-22,14411480.796360685
1965-09-23,14343382.458930327
1965-09-24,14358391.285455475
1965-09-27,14463331.507287282
1965-09-28,14406137.08346973
1965-09-29,14307129.479988543
1965-09-30,14309901.190106297
1965-10-01,14289812.53867687
1965-10-04,14334158.857446918
1965-10-05,14445271.763980212
1965-10-06,14443311.695753986
1965-10-07,14444546.14274608
1965-10-08,14494295.54815425
1965-10-11,14592566.483483711
1965-10-12,14588591.781747112
1965-10-13,14601018.620042076
1965-10-14,14566623.826483328
1965-10-15,14563321.956020588
1965-10-18,14615201.170553416
1965-10-19,14623655.481068317
1965-10-20,14609885.900633559
1965-10-21,14624692.405159753
1965-10-22,14643368.967773112
1965-10-25,14575532.579184098
1965-10-26,14660523.273053681
1965-10-27,14699136.352241587
1965-10-28,14640913.00423907
1965-10-29,14663648.526099598
1965-11-01,14614894.778597245
1965-11-03,14630171.547657942
1965-11-04,14654836.149127524
1965-11-05,14641420.428608729
1965-11-08,14600642.043270214
1965-11-09,14530982.740821175
1965-11-10,14527430.973505605
1965-11-11,14570983.746217772
1965-11-12,14666374.961131116
1965-11-15,14671947.529764751
1965-11-16,14649337.219894448
1965-11-17,14668884.758551097
1965-11-18,14609406.911955113
1965-11-19,14601967.124222148
1965-11-22,14522536.132093716
1965-11-23,14545589.041283246
1965-11-24,14568501.046923526
1965-11-26,14585268.091150764
1965-11-29,14541830.38446733
1965-11-30,14489571.02912053
1965-12-01,14427094.124030897
1965-12-02,14382473.937576737
1965-12-03,14392720.789584545
1965-12-06,14188103.442329515
1965-12-07,14335425.704126844
1965-12-08,14307893.806927899
1965-12-09,14352182.710594784
1965-12-10,14390259.572882509
1965-12-13,14343374.123449031
1965-12-14,14329508.274772096
1965-12-15,14352013.287849775
1965-12-16,14379493.834764304
1965-12-17,14384218.633816818
1965-12-20,14365960.582932899
1965-12-21,14389538.800031075
1965-12-22,14422935.970434664
1965-12-23,14407953.93619808
1965-12-27,14342650.866191503
1965-12-28,14356115.356568132
1965-12-29,14389503.752616378
1965-12-30,14440136.520680977
1965-12-31,14454499.823077384
1966-01-03,14441994.901389467
1966-01-04,14449169.476659039
1966-01-05,14543290.071038455
1966-01-06,14577838.447692113
1966-01-07,14592007.10081764
1966-01-10,14623419.218974702
1966-01-11,14637586.485750608
1966-01-12,14604724.533282932
1966-01-13,14632999.868157005
1966-01-14,14656571.724698339
1966-01-17,14700521.135825185
1966-01-18,14730361.542329226
1966-01-19,14691228.426320368
1966-01-20,14641122.196486369
1966-01-21,14659990.655613434
1966-01-24,14699236.446155466
1966-01-25,14722805.732734999
1966-01-26,14700915.204620283
1966-01-27,14697836.240614349
1966-01-28,14643028.218057526
1966-01-31,14577248.857779212
1966-02-01,14466013.958999382
1966-02-02,14525640.095883705
1966-02-03,14546077.874533506
1966-02-04,14643322.66982013
1966-02-07,14696673.661794333
1966-02-08,14692027.63516574
1966-02-09,14773591.80459081
1966-02-10,14739161.242394576
1966-02-11,14737647.299322302
1966-02-14,14695379.869057508
1966-02-15,14640573.44899921
1966-02-16,14640630.569140619
1966-02-17,14563881.466339584
1966-02-18,14526320.664142204
1966-02-21,14443304.789094739
1966-02-23,14382353.719743012
1966-02-24,14291503.786254307
1966-02-25,14332320.83177558
1966-02-28,14346490.811853884
1966-03-01,14166299.982408771
1966-03-02,14025300.471663838
1966-03-03,14077094.751030926
1966-03-04,14042680.293245597
1966-03-07,13856230.742680775
1966-03-08,13879815.220399378
1966-03-09,14003711.20030397
1966-03-10,14005348.727404337
1966-03-11,13989744.929017248
1966-03-14,13834646.401858091
1966-03-15,13757919.909657916
1966-03-16,13839498.169987753
1966-03-17,13889726.55620803
1966-03-18,13947416.093543084
1966-03-21,14054794.219236039
1966-03-22,14097334.107214542
1966-03-23,14046572.298082167
1966-03-24,14073298.871327631
1966-03-25,14114256.026106777
1966-03-28,14128329.613855066
1966-03-29,14074404.137526508
1966-03-30,13998342.86073724
1966-03-31,14070928.072248226
1966-04-01,14184624.575988948
1966-04-04,14321990.073100323
1966-04-05,14442566.606925867
1966-04-06,14426814.106455576
1966-04-07,14436499.676749261
1966-04-11,14447152.494674796
1966-04-12,14394006.625252029
1966-04-13,14397448.184018519
1966-04-14,14427569.916841704
1966-04-15,14435742.535973065
1966-04-18,14386424.211154196
1966-04-19,14385260.411372764
1966-04-20,14421506.4170492
1966-04-21,14508948.45568037
1966-04-22,14485747.978506276
1966-04-25,14448804.60464355
1966-04-26,14423913.680407638
1966-04-27,14399261.432358898
1966-04-28,14300463.871829562
1966-04-29,14278721.07815398
1966-05-02,14246517.843167227
1966-05-03,14076865.542358683
1966-05-04,14006450.941774977
1966-05-05,13779896.80733873
1966-05-06,13767260.967947993
1966-05-09,13531346.058997085
1966-05-10,13651435.712722909
1966-05-11,13676277.118761288
1966-05-12,13521558.322182743
1966-05-13,13404316.460657226
1966-05-16,13240237.287548887
1966-05-17,13119879.42900091
1966-05-18,13353955.597401913
1966-05-19,13339768.04188619
1966-05-20,13405211.162598232
1966-05-23,13526859.71731805
1966-05-24,13617278.605428316
1966-05-25,13664176.495304668
1966-05-26,13665595.54598219
1966-05-27,13707609.168893106
1966-05-31,13521668.633540992
1966-06-01,13518407.129474139
1966-06-02,13527673.229656521
1966-06-03,13518549.042072816
1966-06-06,13512959.027284406
1966-06-07,13493224.001867255
1966-06-08,13473491.993687853
1966-06-09,13475002.788563723
1966-06-10,13476513.872192193
1966-06-13,13481603.1747278
1966-06-14,13483115.411144717
1966-06-15,13527228.412968153
1966-06-16,13507495.841335192
1966-06-17,13519641.145425485
1966-06-20,13567301.375908876
1966-06-21,13579440.579365753
1966-06-22,13570318.429548096
1966-06-23,13561197.824955186
1966-06-24,13530859.571694251
1966-06-27,13504076.695075903
1966-06-28,13441994.803111324
1966-06-29,13432895.563632444
1966-06-30,13360259.099452952
1966-07-01,13340555.6987599
1966-07-05,13336270.118654685
1966-07-06,13338680.75168632
1966-07-07,13341091.82045835
1966-07-08,13343513.442643931
1966-07-11,13345965.851135135
1966-07-12,13348494.515452284
1966-07-13,13351018.607606513
1966-07-14,13353563.383067636
1966-07-15,13356113.69484567
1966-07-18,13358664.493691463
1966-07-19,13361230.936416687
1966-07-20,13363767.548623597
1966-07-21,13366294.528784648
1966-07-22,13368801.749950396
1966-07-25,13371279.066054469
1966-07-26,13373751.77603663
1966-07-27,13376169.184165092
1966-07-28,13378602.244829161
1966-07-29,13381076.309064506
1966-08-01,13383540.691586828
1966-08-02,13386051.1477512
1966-08-03,13388577.275597475
1966-08-04,13391088.676513588
1966-08-05,13393575.194718543
1966-08-08,13396057.101484878
1966-08-09,13398580.047358057
1966-08-10,13401118.680503393
1966-08-11,13403667.935566843
1966-08-12,13406232.886234296
1966-08-15,13408828.741898904
1966-08-16,13411470.697831035
1966-08-17,13414108.108830463
1966-08-18,13416751.104961932
1966-08-19,13419379.417981055
1966-08-22,13421962.599387603
1966-08-23,13424586.86244261
1966-08-24,13427196.420079114
1966-08-25,13429811.559283683
1966-08-26,13432427.207824145
1966-08-29,13435048.44160055
1966-08-30,13437695.56362828
1966-08-31,13440327.97962233
1966-09-01,13442971.065503666
1966-09-02,13445619.748534495
1966-09-06,13448309.563144106
1966-09-07,13451010.065503808
1966-09-08,13453721.259905599
1966-09-09,13456438.075962013
1966-09-12,13459190.96066325
1966-09-13,13462015.392586302
1966-09-14,13464850.55225994
1966-09-15,13467691.376899417
1966-09-16,13470532.800898286
1966-09-19,13473379.893911581
1966-09-20,13476278.268358093
1966-09-21,13479187.398675961
1966-09-22,13482076.885947734
1966-09-23,13484946.709587527
1966-09-26,13487786.698697424
1966-09-27,13490622.208940608
1966-09-28,13493443.078264032
1966-09-29,13496228.960131075
1966-09-30,13499015.417176576
1966-10-03,13501797.363026565
1966-10-04,13517644.542144984
1966-10-05,13529741.607625768
1966-10-06,13552338.0115475
1966-10-07,13564432.83153499
1966-10-10,13538327.345703108
1966-10-11,13539935.640669296
1966-10-12,13539680.020018512
1966-10-13,13522202.383500395
1966-10-14,13534303.539502237
1966-10-17,13560641.706567371
1966-10-18,13614800.860559996
1966-10-19,13605926.137314066
1966-10-20,13586582.253936164
1966-10-21,13672388.516967386
1966-10-24,13677616.929400371
1966-10-25,13679218.375265338
1966-10-26,13659869.78733354
1966-10-27,13630063.237541797
1966-10-28,13652660.81550168
1966-10-31,13657922.13860288
1966-11-01,13638578.847412089
1966-11-02,13587886.872024149
1966-11-03,13568551.459465194
1966-11-04,13517866.834756881
1966-11-07,13523273.00257978
1966-11-09,13516308.329795487
1966-11-10,13465631.520900784
1966-11-11,13465342.650424957
1966-11-14,13451780.786336593
1966-11-15,13432464.048823457
1966-11-16,13423619.959166069
1966-11-17,13414777.679223876
1966-11-18,13426907.527944248
1966-11-21,13484981.060070572
1966-11-22,13455205.031736398
1966-11-23,13435892.959072812
1966-11-25,13427739.451948501
1966-11-28,13474676.254420547
1966-11-29,13517769.358084122
1966-11-30,13550484.03908339
1966-12-01,13583195.80363292
1966-12-02,13647056.9900697
1966-12-05,13621377.58811575
1966-12-06,13612684.625101041
1966-12-07,13614328.881294051
1966-12-08,13584996.539301628
1966-12-09,13638466.869304512
1966-12-12,13768570.303696692
1966-12-13,13845686.055832477
1966-12-14,13879695.874860505
1966-12-15,13957092.536218055
1966-12-16,13937082.51431432
1966-12-19,14007198.357744437
1966-12-20,14041192.183793835
1966-12-21,14075182.687554786
1966-12-22,14054124.58285835
1966-12-23,14066823.086299185
1966-12-27,14029132.115292313
1966-12-28,14109150.379160479
1966-12-29,14088331.96398337
1966-12-30,14112222.620821279
1967-01-03,14063358.97457879
1967-01-04,14109671.901584849
1967-01-05,14133563.201038092
1967-01-06,14123906.575166164
1967-01-09,14051028.853375603
1967-01-10,14074929.110805575
1967-01-11,14245297.187679607
1967-01-12,14235631.843494264
1967-01-13,14281930.50480431
1967-01-16,14309266.392013237
1967-01-17,14288434.40710311
1967-01-18,14267605.347110111
1967-01-19,14213361.540008068
1967-01-20,14192542.078128252
1967-01-23,14197601.02640455
1967-01-24,14143367.329169745
1967-01-25,14178467.91872673
1967-01-26,14314872.300505128
1967-01-27,14349953.01195879
1967-01-30,14343702.276624998
1967-01-31,14300581.736477435
1967-02-01,14302087.856103346
1967-02-02,14356403.8054982
1967-02-03,14449864.5259676
1967-02-06,14412949.569946073
1967-02-07,14364450.003826406
1967-02-08,14491747.139740778
1967-02-09,14444834.37862009
1967-02-10,14421774.698757924
1967-02-13,14412561.074530365
1967-02-14,14458364.031235209
1967-02-15,14418625.7730122
1967-02-16,14375653.097199397
1967-02-17,14369960.149854016
1967-02-20,14272269.889005793
1967-02-21,14252057.655410824
1967-02-23,14235884.338044897
1967-02-24,14241470.636156352
1967-02-27,14103679.979552459
1967-02-28,14156240.32227026
1967-03-01,14369667.823276509
1967-03-02,14481656.89672844
1967-03-03,14514856.603099419
1967-03-06,14500179.416274544
1967-03-07,14522253.38622178
1967-03-08,14529501.451625707
1967-03-09,14618337.052943071
1967-03-10,14666006.132887226
1967-03-13,14619121.311346605
1967-03-14,14641534.698457163
1967-03-15,14824156.119472919
1967-03-16,15017772.123775668
1967-03-17,15020188.152303359
1967-03-20,15040036.64113785
1967-03-21,14937230.219776666
1967-03-22,14966822.51661022
1967-03-23,15103726.688599844
1967-03-27,15074779.326856432
1967-03-28,15081950.82678355
1967-03-29,15053238.667875841
1967-03-30,15072725.1060678
1967-03-31,14991905.850154158
1967-04-03,14839738.359528286
1967-04-04,14849065.065574836
1967-04-05,14930952.922398025
1967-04-06,14968031.816512672
1967-04-07,14886088.51221148
1967-04-10,14684240.760531757
1967-04-11,14777638.550433515
1967-04-12,14762164.530428862
1967-04-13,14838425.064228555
1967-04-14,14973785.886974376
1967-04-17,15023640.312798882
1967-04-18,15129655.89846207
1967-04-19,15143562.82330676
1967-04-20,15172164.154691368
1967-04-21,15168584.41969006
1967-04-24,15201847.172994617
1967-04-25,15247214.460147567
1967-04-26,15209808.031018754
1967-04-27,15339588.457797956
1967-04-28,15314077.508765252
1967-05-01,15303050.82248634
1967-05-02,15299951.545112021
1967-05-03,15340016.00490333
1967-05-04,15395998.497079255
1967-05-05,15404686.656632591
1967-05-08,15361587.853357457
1967-05-09,15155479.170722114
1967-05-10,15116083.057306385
1967-05-11,15217148.512814078
1967-05-12,15198320.202787219
1967-05-15,15031915.10316583
1967-05-16,15090459.485818053
1967-05-17,15021689.628667662
1967-05-18,14982458.969202632
1967-05-19,14897713.05846059
1967-05-22,14780469.227308534
1967-05-23,14710950.301437467
1967-05-24,14555120.373170273
1967-05-25,14726646.381933201
1967-05-26,14762293.915499516
1967-05-29,14711391.841151109
1967-05-31,14522399.703326775
1967-06-01,14707965.163211301
1967-06-02,14627261.424747169
1967-06-05,14380245.032289634
1967-06-06,14681377.833212169
1967-06-07,14791577.54030738
1967-06-08,14848658.794783793
1967-06-09,14841515.55193419
1967-06-12,14866957.138695657
1967-06-13,14949735.169325663
1967-06-14,14836483.507348714
1967-06-15,14852014.149898514
1967-06-16,14803709.323257526
1967-06-19,14803912.388315104
1967-06-20,14721032.621048562
1967-06-21,14677439.495477768
1967-06-22,14653314.886346344
1967-06-23,14647931.561113387
1967-06-26,14573228.077301225
1967-06-27,14463991.016653659
1967-06-28,14499747.922758283
1967-06-29,14405643.184788631
1967-06-30,14351051.069343403
1967-07-03,14398559.734488916
1967-07-05,14463977.212027492
1967-07-06,14458948.08353487
1967-07-07,14518759.585049728
1967-07-10,14576987.607665718
1967-07-11,14646284.084267749
1967-07-12,14634924.590213422
1967-07-13,14639379.504016126
1967-07-14,14691277.711025748
1967-07-17,14694150.590670487
1967-07-18,14814048.162108958
1967-07-19,14839057.726004545
1967-07-20,14871972.867889162
1967-07-21,14903306.515867654
1967-07-24,14855569.333771959
1967-07-25,14779367.103426622
1967-07-26,14910329.257192787
1967-07-27,14957474.875783328
1967-07-28,14980898.306269847
1967-07-31,15023297.90022938
1967-08-01,15122625.395658521
1967-08-02,15145673.621820444
1967-08-03,15139091.5804107
1967-08-04,15096817.727127321
1967-08-07,15016315.110911587
1967-08-08,15057185.340142699
1967-08-09,15083483.91386719
1967-08-10,15033569.049442338
1967-08-11,14963311.574970638
1967-08-14,14888546.842857944
1967-08-15,14909546.536156114
1967-08-16,14887245.524448115
1967-08-17,14900461.278694738
1967-08-18,14924610.33377353
1967-08-21,14823777.266132966
1967-08-22,14744531.866685566
1967-08-23,14713480.071332956
1967-08-24,14632727.344582222
1967-08-25,14561116.593895676
1967-08-28,14587067.41382956
1967-08-29,14647418.495186456
1967-08-30,14666571.96387723
1967-08-31,14767369.134149432
1967-09-01,14796529.671220923
1967-09-05,14873362.054837584
1967-09-06,14902761.51128311
1967-09-07,14894669.111565785
1967-09-08,14900635.518028066
1967-09-11,14930033.910510626
1967-09-12,15001608.239432229
1967-09-13,15159097.296775281
1967-09-14,15193175.355264245
1967-09-15,15204512.661941804
1967-09-18,15247014.143073505
1967-09-19,15192013.216182856
1967-09-20,15187336.678190323
1967-09-21,15286451.235282324
1967-09-22,15327377.316875027
1967-09-25,15421769.016026577
1967-09-26,15292855.26858183
1967-09-27,15299183.692065364
1967-09-28,15300794.322336765
1967-09-29,15289824.16384253
1967-10-02,15230105.884683972
1967-10-03,15283612.17939098
1967-10-04,15250627.414817462
1967-10-05,15289979.349500813
1967-10-06,15384369.194823617
1967-10-09,15425290.43280073
1967-10-10,15321539.10719295
1967-10-11,15249242.61153724
1967-10-12,15153359.198416507
1967-10-13,15194285.235318238
1967-10-16,15077961.964281773
1967-10-17,15040265.685293883
1967-10-18,15081193.77174602
1967-10-19,15111113.367666041
1967-10-20,15104865.038783766
1967-10-23,15040436.848465318
1967-10-24,14957140.549304964
1967-10-25,14974482.594556503
1967-10-26,15042143.082932439
1967-10-27,15046903.049345054
1967-10-30,15021787.606807375
1967-10-31,14789113.85502681
1967-11-01,14697962.496977352
1967-11-02,14641406.658573167
1967-11-03,14554977.624501199
1967-11-06,14509433.521000162
1967-11-08,14457599.753952492
1967-11-09,14529985.562335068
1967-11-10,14629100.590927454
1967-11-13,14592988.983964628
1967-11-14,14503417.354348643
1967-11-15,14563222.814791381
1967-11-16,14696926.059232527
1967-11-17,14733141.04144733
1967-11-20,14550800.230376437
1967-11-21,14780415.11208596
1967-11-22,14868514.86735713
1967-11-24,14909442.270395238
1967-11-27,14952026.48808486
1967-11-28,15003957.244785331
1967-11-29,15002428.763154915
1967-11-30,14930146.173873514
1967-12-01,15010378.240087077
1967-12-04,15106330.519233638
1967-12-05,15128383.96624383
1967-12-06,15194458.962563591
1967-12-07,15178774.611511458
1967-12-08,15163090.589941792
1967-12-11,15117534.867304264
1967-12-12,15101852.387631629
1967-12-13,15155348.302495617
1967-12-14,15177399.601692783
1967-12-15,15108299.376312189
1967-12-18,15068966.867923826
1967-12-19,15048656.330251226
1967-12-20,15132959.552716807
1967-12-21,15171292.905206991
1967-12-22,15144639.621656828
1967-12-26,15156028.488351127
1967-12-27,15260932.494665325
1967-12-28,15259636.854815394
1967-12-29,15353442.588272287
1968-01-02,15298255.256162155
1968-01-03,15230389.1209465
1968-01-04,15183130.322462467
1968-01-05,15276936.062286576
1968-01-08,15386588.795302425
1968-01-09,15369440.442800352
1968-01-10,15374481.87294369
1968-01-11,15392204.254260927
1968-01-12,15409924.890745271
1968-01-15,15364246.760364579
1968-01-16,15271022.290537639
1968-01-17,15244367.261006407
1968-01-18,15233561.974884316
1968-01-19,15184719.188690584
1968-01-22,14994820.074377777
1968-01-23,14938059.26910393
1968-01-24,14862279.415390283
1968-01-25,14884766.82899688
1968-01-26,14910421.568082055
1968-01-29,14896454.481932895
1968-01-30,14825431.95562015
1968-01-31,14724298.302194118
1968-02-01,14776899.837134188
1968-02-02,14732823.123667968
1968-02-05,14671315.300194796
1968-02-06,14677956.706884725
1968-02-07,14705200.441638663
1968-02-08,14523245.771233002
1968-02-09,14360313.226267666
1968-02-13,14237005.775179861
1968-02-14,14408478.573842509
1968-02-15,14435728.960160162
1968-02-16,14383736.781103814
1968-02-19,14441097.802091524
1968-02-20,14590375.862498362
1968-02-21,14592264.085860854
1968-02-23,14538684.941876704
1968-02-26,14426604.123219496
1968-02-27,14483962.62700777
1968-02-28,14414538.708327292
1968-02-29,14302327.363824118
1968-03-01,14264602.763399368
1968-03-04,14245729.24557662
1968-03-05,14225935.42784919
1968-03-06,14206144.69473595
1968-03-07,14143117.341546394
1968-03-08,14058539.154478839
1968-03-11,14064991.636256741
1968-03-12,14023584.423174223
1968-03-13,13951711.378442379
1968-03-14,13859100.171224803
1968-03-15,13977716.075586786
1968-03-18,14068890.87923847
1968-03-19,14060287.109026367
1968-03-20,14104513.559255555
1968-03-21,14074843.903202197
1968-03-22,14097908.913783012
1968-03-25,14104254.581727684
1968-03-26,14064071.070569871
1968-03-27,14066019.07518142
1968-03-28,14067967.486174153
1968-03-29,14091037.953549901
1968-04-01,14224726.791694652
1968-04-02,14220633.32805936
1968-04-03,14223488.91772872
1968-04-04,14226387.999254191
1968-04-05,14229271.577795597
1968-04-08,14232166.4727552
1968-04-10,14235104.872856287
1968-04-11,14238097.490294676
1968-04-15,14241074.655603454
1968-04-16,14244030.990173526
1968-04-17,14246966.47262729
1968-04-18,14249907.928364439
1968-04-19,14252951.914269695
1968-04-22,14255985.828012098
1968-04-23,14259009.660850255
1968-04-24,14262039.49981833
1968-04-25,14265069.982584566
1968-04-26,14268106.475804836
1968-04-29,14271127.510874847
1968-04-30,14274165.293513509
1968-05-01,14277187.611437753
1968-05-02,14321211.647165725
1968-05-03,14288924.876701906
1968-05-06,14270355.580716163
1968-05-07,14339274.376636839
1968-05-08,14330281.410690097
1968-05-09,14266196.661621777
1968-05-10,14282306.120856062
1968-05-13,14242345.992412778
1968-05-14,14200434.748502059
1968-05-15,14161557.561845211
1968-05-16,14041507.906193556
1968-05-17,13920462.180618947
1968-05-20,13819481.951833468
1968-05-21,13826664.534457905
1968-05-22,13862285.7856558
1968-05-23,13873756.624139901
1968-05-24,13920053.506225312
1968-05-27,13940725.678587863
1968-05-28,14009649.541271023
1968-05-29,14042086.808876166
1968-05-31,14246030.255093813
1968-06-03,14509321.451541452
1968-06-04,14575372.674596397
1968-06-05,14473469.946123363
1968-06-06,14559763.649201034
1968-06-07,14658789.432676572
1968-06-10,14705204.51443747
1968-06-11,14751697.378882075
1968-06-13,14728643.51123987
1968-06-14,14755373.388499428
1968-06-17,14629103.26396564
1968-06-18,14609446.52943715
1968-06-20,14925978.020472996
1968-06-21,14826354.306869414
1968-06-24,14781729.043513658
1968-06-25,14704156.87866677
1968-06-27,14681499.273909472
1968-06-28,14636297.822954189
1968-07-01,14638481.365926238
1968-07-02,14733019.70259603
1968-07-03,14917093.498331843
1968-07-08,15123423.43566832
1968-07-09,15189123.882488146
1968-07-11,15203761.455774633
1968-07-12,15185365.303523397
1968-07-15,15144093.283397181
1968-07-16,15050416.159186516
1968-07-18,15026218.047691142
1968-07-19,14916373.428849924
1968-07-22,14846155.585815495
1968-07-23,14908996.015017457
1968-07-25,14735767.809920778
1968-07-26,14772672.342867255
1968-07-29,14653113.630253695
1968-07-30,14666900.56032952
1968-08-01,14635496.501163354
1968-08-02,14585122.547839863
1968-08-05,14589209.715489166
1968-08-06,14637847.659028005
1968-08-08,14620938.898085512
1968-08-09,14594963.561122717
1968-08-12,14714127.69920745
1968-08-13,14780405.244895527
1968-08-15,14693047.958965538
1968-08-16,14817311.276154503
1968-08-19,14858406.816608533
1968-08-20,14853184.102650847
1968-08-22,14739794.608316978
1968-08-23,14772545.68340017
1968-08-26,14822768.002471428
1968-08-27,14804229.835598204
1968-08-29,14830615.586062426
1968-08-30,14860250.174903423
1968-09-03,14946621.52781388
1968-09-04,15028035.673731258
1968-09-05,15101139.30931046
1968-09-06,15147115.690074442
1968-09-09,15145328.702196032
1968-09-10,15049605.149675606
1968-09-12,15044003.212578727
1968-09-13,15106070.140401905
1968-09-16,15189772.617402555
1968-09-17,15228772.795002243
1968-09-19,15278754.596502837
1968-09-20,15264912.220708875
1968-09-23,15356595.062114097
1968-09-24,15421229.117700126
1968-09-26,15378695.272487827
1968-09-27,15360615.463644251
1968-09-30,15384737.0926274
1968-10-01,15413935.75376784
1968-10-03,15459013.950775225
1968-10-04,15509464.418744072
1968-10-07,15478628.250985118
1968-10-08,15462164.970684389
1968-10-10,15352044.842131352
1968-10-11,15336601.540568253
1968-10-14,15351402.571622849
1968-10-15,15348761.844560301
1968-10-17,15504331.971648902
1968-10-18,15636629.475535406
1968-10-21,15655734.142727796
1968-10-22,15594442.027035343
1968-10-24,15454960.309395788
1968-10-25,15520640.147521235
1968-10-28,15470198.13038655
1968-10-29,15370668.361056034
1968-10-31,15401685.126549685
1968-11-01,15350734.256165849
1968-11-04,15339013.23842969
1968-11-06,15378895.861128813
1968-11-07,15402185.743261438
1968-11-08,15446456.582952863
1968-11-12,15518830.456875319
1968-11-13,15618297.206507172
1968-11-14,15629512.17002454
1968-11-15,15693033.726081898
1968-11-18,15684678.259438617
1968-11-19,15683387.702258006
1968-11-21,15673091.26039057
1968-11-22,15711193.216646826
1968-11-25,15728191.705483222
1968-11-26,15831875.738046914
1968-11-27,15906173.353962282
1968-11-29,15975519.09047277
1968-12-02,15815342.17206141
1968-12-03,15719113.065043278
1968-12-05,15706671.4939485
1968-12-06,15768350.770782134
1968-12-09,15723418.269297818
1968-12-10,15673376.143780917
1968-12-12,15654763.66822414
1968-12-13,15704649.687214626
1968-12-16,15605992.689170819
1968-12-17,15531336.690330436
1968-12-19,15464722.065305086
1968-12-20,15292909.197891165
1968-12-23,15034606.0546035
1968-12-24,14966323.257370632
1968-12-26,15095237.53688399
1968-12-27,15004390.829998419
1968-12-30,14864963.191622231
1968-12-31,14928938.229090963
1969-01-02,15074381.060415205
1969-01-03,15077413.915551577
1969-01-06,14862694.637938926
1969-01-07,14686438.523432564
1969-01-08,14628406.619175576
1969-01-09,14690018.974208374
1969-01-10,14650502.37237808
1969-01-13,14582501.04739396
1969-01-14,14682569.856969334
1969-01-15,14754150.781201907
1969-01-16,14835697.934723541
1969-01-17,14816118.035375101
1969-01-20,14769477.255859042
1969-01-21,14762717.183099218
1969-01-22,14814354.726424463
1969-01-23,14880232.525272598
1969-01-24,14874895.044029523
1969-01-27,14879528.176933778
1969-01-28,14882736.83328306
1969-01-29,14898763.106437124
1969-01-30,14906243.825969378
1969-01-31,14973542.429146968
1969-02-03,14958233.054891622
1969-02-04,14964287.838358277
1969-02-05,15005948.08187222
1969-02-06,15056153.196409121
1969-02-07,15056507.961329442
1969-02-11,15075377.462186202
1969-02-12,15074306.498643903
1969-02-13,15087478.379892075
1969-02-14,15075014.003599923
1969-02-17,14910161.691560803
1969-02-18,14763828.657518338
1969-02-19,14658800.809876064
1969-02-20,14538109.141862702
1969-02-24,14370422.259755023
1969-02-25,14282505.814762598
1969-02-26,14351236.286593176
1969-02-27,14308882.99117472
1969-02-28,14309254.557806665
1969-03-03,14346653.868117612
1969-03-04,14343001.79009887
1969-03-05,14346366.962215915
1969-03-06,14349727.556161521
1969-03-07,14353078.197864806
1969-03-10,14356402.758210992
1969-03-11,14359728.088615095
1969-03-12,14363043.435250647
1969-03-13,14366381.058281412
1969-03-14,14369714.078664646
1969-03-17,14373080.141603092
1969-03-18,14376398.570935175
1969-03-19,14379717.766419893
1969-03-20,14383037.728234135
1969-03-21,14386342.295566196
1969-03-24,14389620.670835251
1969-03-25,14392905.185686726
1969-03-26,14396201.236193582
1969-03-27,14399498.04151323
1969-03-28,14402822.570159663
1969-04-01,14406147.866366928
1969-04-02,14309532.579507355
1969-04-03,14296773.02227454
1969-04-07,14186072.216281813
1969-04-08,14222995.387906076
1969-04-09,14349340.957782261
1969-04-10,14426004.552499503
1969-04-11,14441629.96650335
1969-04-14,14431705.447947903
1969-04-15,14427458.848493285
1969-04-16,14301143.817686552
1969-04-17,14323869.029107481
1969-04-18,14390594.26466003
1969-04-21,14295507.93433915
1969-04-22,14328168.412234437
1969-04-23,14332440.899210814
1969-04-24,14400583.254394554
1969-04-25,14465886.515511002
1969-04-28,14511315.956055546
1969-04-29,14620615.60729611
1969-04-30,14749782.990480628
1969-05-01,14725657.613050278
1969-05-02,14809748.8495603
1969-05-05,14910820.835278988
1969-05-06,14948243.262149291
1969-05-07,14921509.972367287
1969-05-08,15004420.108283186
1969-05-09,14965230.185516948
1969-05-12,14904626.5454197
1969-05-13,14990306.681054737
1969-05-14,15117695.344973467
1969-05-15,15052305.263502935
1969-05-16,15011392.401670516
1969-05-19,14825132.777354015
1969-05-20,14694531.35509047
1969-05-21,14755157.127855977
1969-05-22,14773698.006027808
1969-05-23,14751132.972861297
1969-05-26,14657001.393433206
1969-05-27,14440649.209008966
1969-05-28,14376877.181801308
1969-05-29,14404832.58686126
1969-06-02,14340850.833721425
1969-06-03,14292225.400547689
1969-06-04,14288080.135201994
1969-06-05,14313010.762370786
1969-06-06,14225794.151038487
1969-06-09,14099812.658762876
1969-06-10,13993218.561465941
1969-06-11,13804942.304544408
1969-06-12,13696970.997256694
1969-06-13,13752372.368780801
1969-06-16,13708089.13208446
1969-06-17,13658269.004561625
1969-06-18,13640293.521641945
1969-06-19,13562786.250563387
1969-06-20,13483761.093310397
1969-06-23,13423651.61324897
1969-06-24,13577037.856483726
1969-06-25,13535066.154529935
1969-06-26,13569841.110977154
1969-06-27,13582289.512194235
1969-06-30,13636598.04647655
1969-07-01,13689510.319254259
1969-07-02,13686203.80744913
1969-07-03,13689782.314267103
1969-07-07,13693397.357075326
1969-07-08,13697064.185263844
1969-07-09,13700762.47926417
1969-07-10,13704441.445628393
1969-07-11,13708065.448762761
1969-07-14,13711715.856387483
1969-07-15,13715443.523848128
1969-07-16,13719121.344228072
1969-07-17,13722825.593800887
1969-07-18,13726535.932093328
1969-07-22,13730262.540509267
1969-07-23,13734015.602988483
1969-07-24,13737764.602428626
1969-07-25,13741519.715539215
1969-07-28,13745270.763390731
1969-07-29,13749033.020860106
1969-07-30,13752781.024684127
1969-07-31,13756504.561422277
1969-08-01,13760198.495803474
1969-08-04,13763857.678632865
1969-08-05,13767543.374739
1969-08-06,13771235.165785884
1969-08-07,13774917.727613324
1969-08-08,13778626.825406589
1969-08-11,13782331.811261592
1969-08-12,13786083.784615422
1969-08-13,13789826.559639562
1969-08-14,13793514.092986004
1969-08-15,13797141.158083502
1969-08-18,13800733.28738498
1969-08-19,13804357.12382253
1969-08-20,13807992.167989643
1969-08-21,13811664.06035841
1969-08-22,13815352.307958199
1969-08-25,13819062.044297894
1969-08-26,13822854.737855662
1969-08-27,13826643.351932785
1969-08-28,13830402.26358562
1969-08-29,13834090.382271655
1969-09-02,13837820.54392807
1969-09-03,13841536.313500188
1969-09-04,13845273.615889307
1969-09-05,13849022.194803346
1969-09-08,13852787.190369036
1969-09-09,13856589.139919998
1969-09-10,13860371.598483432
1969-09-11,13864139.679498328
1969-09-12,13867913.923462529
1969-09-15,13871689.194891673
1969-09-16,13875480.915267529
1969-09-17,13879273.672081213
1969-09-18,13883072.607870921
1969-09-19,13886882.869368633
1969-09-22,13890683.887893548
1969-09-23,13894465.35800525
1969-09-24,13898247.857549075
1969-09-25,13902026.235604832
1969-09-26,13905790.180172123
1969-09-29,13909477.754695525
1969-09-30,13913284.957731284
1969-10-01,13917108.664540758
1969-10-02,13920887.011425318
1969-10-03,13924625.086233396
1969-10-06,13928333.16289645
1969-10-07,13932068.07000872
1969-10-08,13935809.147185352
1969-10-09,13939566.735830178
1969-10-10,13943299.483439103
1969-10-13,13947048.748733303
1969-10-14,13950814.54014758
1969-10-15,13954581.348349368
1969-10-16,13958338.823196664
1969-10-17,13962071.4183565
1969-10-20,13965773.917688735
1969-10-21,13969472.213468486
1969-10-22,13973176.675363304
1969-10-23,13976918.42306698
1969-10-24,13980671.543583577
1969-10-27,13984420.485324971
1969-10-28,13988175.620315928
1969-10-29,13991936.95252031
1969-10-30,13995704.485909643
1969-10-31,13999457.458761046
1969-11-03,14003201.049442772
1969-11-04,14006971.615854722
1969-11-05,14010769.167110873
1969-11-06,14014593.71247924
1969-11-07,14018424.494714364
1969-11-10,14022251.129771553
1969-11-11,14026091.797763959
1969-11-12,14029946.506618148
1969-11-13,14033817.861830963
1969-11-14,14037633.095951919
1969-11-17,14041438.96010721
1969-11-18,14045313.486491755
1969-11-19,14049204.681709321
1969-11-20,14053159.327661512
1969-11-21,14057130.67349787
1969-11-24,14061123.923018983
1969-11-25,14065170.24147115
1969-11-26,14069233.299784336
1969-11-28,14073276.75755813
1969-12-01,14077316.181151805
1969-12-02,14081382.748107996
1969-12-03,14085486.857593814
1969-12-04,14089602.55274993
1969-12-05,14093735.035687378
1969-12-08,14097873.92631168
1969-12-09,14102097.121557683
1969-12-10,14106357.905695587
1969-12-11,14110588.83454158
1969-12-12,14114800.254795441
1969-12-15,14119070.068905056
1969-12-16,14123335.981221003
1969-12-17,14127608.377440494
1969-12-18,14131861.276890084
1969-12-19,14136068.638743568
1969-12-22,14140292.868147695
1969-12-23,14144518.35986276
1969-12-24,14148760.734197898
1969-12-26,14153009.588194685
1969-12-29,14157374.190346882
1969-12-30,14161724.53749925
1969-12-31,14166055.407026555
1970-01-02,14170340.726135762
1970-01-05,14174622.129282698
1970-01-06,14178915.253269585
1970-01-07,14183194.031176744
1970-01-08,14187479.317799859
1970-01-09,14191755.46052344
1970-01-12,14195985.880138366
1970-01-13,14200228.014391385
1970-01-14,14204497.549646655
1970-01-15,14208752.68533854
1970-01-16,14212988.171655288
1970-01-19,14217219.686746312
1970-01-20,14221468.16621967
1970-01-21,14225723.150703527
1970-01-22,14230000.351496506
1970-01-23,14234273.601642124
1970-01-26,14238558.611018687
1970-01-27,14242860.625403747
1970-01-28,14247163.939592268
1970-01-29,14251468.553976972
1970-01-30,14255748.25099519
1970-02-02,14259955.736409172
1970-02-03,14264153.953224558
1970-02-04,14268332.373178888
1970-02-05,14272459.385535793
1970-02-06,14276513.804103151
1970-02-09,14280506.033728244
1970-02-10,14284488.813129826
1970-02-11,14288456.845319634
1970-02-12,14292346.601428045
1970-02-13,14296157.90565213
1970-02-16,14299906.520593528
1970-02-17,14303624.230555128
1970-02-18,14307342.907052232
1970-02-19,14311073.187150512
1970-02-20,14314809.758875173
1970-02-24,14318589.851858534
1970-02-25,14322376.260426058
1970-02-26,14326158.35148553
1970-02-27,14329925.477729619
1970-03-02,14333704.240215423
1970-03-03,14288363.067183461
1970-03-04,14311186.978415666
1970-03-05,14303460.64115189
1970-03-06,14326285.28589328
1970-03-09,14303688.192356287
1970-03-10,14255362.630267914
1970-03-11,14186794.474237368
1970-03-12,14138478.756353907
1970-03-13,14069920.067109158
1970-03-16,14067947.972292785
1970-03-17,13948939.379687103
1970-03-18,14029511.498096988
1970-03-19,14238880.195075387
1970-03-20,14251216.647645157
1970-03-23,14269314.781710094
1970-03-24,14302153.055899967
1970-03-25,14365437.415160473
1970-03-26,14347702.924714204
1970-03-30,14287782.860578874
1970-03-31,14259975.232322346
1970-04-01,14302962.064776577
1970-04-02,14265078.232858097
1970-04-03,14207073.319803892
1970-04-06,14184873.521526918
1970-04-07,14177262.096482689
1970-04-08,14189869.170054298
1970-04-09,14182259.3059285
1970-04-10,14194868.029663872
1970-04-13,14172707.001583874
1970-04-14,14155009.010942504
1970-04-15,14107083.544290638
1970-04-16,14039055.758308165
1970-04-17,13981084.9412648
1970-04-20,13950093.843179546
1970-04-21,13894267.649311533
1970-04-22,13790030.618569592
1970-04-23,13763376.279708814
1970-04-24,13688177.54171818
1970-04-27,13677528.276760312
1970-04-28,13633227.243931135
1970-04-29,13645269.228398392
1970-04-30,13610341.539322333
1970-05-01,13584795.365222385
1970-05-04,13581792.5463457
1970-05-05,13585484.8928516
1970-05-06,13589087.527964734
1970-05-07,13592554.72384452
1970-05-08,13595982.31476285
1970-05-11,13599501.852046767
1970-05-12,13603113.253141064
1970-05-13,13606675.089399511
1970-05-14,13610207.513412511
1970-05-15,13613740.854476836
1970-05-18,13617234.605538085
1970-05-19,13620749.515840815
1970-05-20,13624239.997417381
1970-05-21,13627751.648414351
1970-05-22,13631340.187793339
1970-05-25,13635005.569200387
1970-05-26,13638707.328096947
1970-05-27,13642389.865376575
1970-05-28,13646027.8472679
1970-05-29,13649656.669250617
1970-06-01,13653245.906406872
1970-06-02,13656820.869388504
1970-06-03,13660391.693503102
1970-06-04,13663963.451274587
1970-06-05,13667531.064884773
1970-06-08,13671074.205937898
1970-06-09,13674628.431183215
1970-06-10,13678178.49653877
1970-06-11,13681719.311617823
1970-06-12,13685286.476086443
1970-06-15,13688813.86182735
1970-06-16,13692342.156752743
1970-06-17,13695876.453980442
1970-06-18,13699416.757211288
1970-06-19,13702942.689044887
1970-06-22,13706387.906766642
1970-06-23,13709864.620792575
1970-06-24,13713352.425516414
1970-06-25,13716733.802516336
1970-06-26,13720100.661561122
1970-06-29,13723463.227568217
1970-06-30,13726888.034571985
1970-07-01,13730308.57954841
1970-07-02,13811535.02690819
1970-07-06,13879497.229471765
1970-07-07,13910504.086491209
1970-07-08,13884752.117080318
1970-07-09,13887342.924043404
1970-07-10,13842742.21069343
1970-07-13,13841513.906861026
1970-07-14,13863048.65494022
1970-07-15,13903551.55183946
1970-07-16,13934560.979115829
1970-07-17,13946615.496188646
1970-07-20,13945291.822566057
1970-07-21,13957348.716518292
1970-07-22,13978876.941577151
1970-07-23,14086033.553564595
1970-07-24,14068567.650016611
1970-07-27,14057063.185262425
1970-07-28,14010385.308243996
1970-07-29,14032694.463383753
1970-07-30,14045121.095656103
1970-07-31,14047675.178214883
1970-08-03,14046074.88667704
1970-08-04,14038769.099590125
1970-08-05,14021610.336444272
1970-08-06,14014308.691822832
1970-08-07,13997154.314095741
1970-08-10,13956272.7773379
1970-08-11,13919445.12290607
1970-08-12,13902304.470143773
1970-08-13,13885166.713317601
1970-08-14,13799296.783283783
1970-08-17,13769433.858460017
1970-08-18,13800683.699188095
1970-08-19,13831931.10110658
1970-08-20,13844086.949006839
1970-08-21,13884888.38741162
1970-08-24,14008182.162112601
1970-08-25,14029861.905715045
1970-08-26,14040698.529300354
1970-08-27,14014101.06362844
1970-08-28,14006956.013886742
1970-08-31,14015297.703823192
1970-09-01,14037394.49608829
1970-09-02,14030251.759902913
1970-09-03,14032848.005466837
1970-09-04,14045190.848438902
1970-09-08,14027192.409035789
1970-09-09,13990897.929876838
1970-09-10,14013005.98957306
1970-09-11,14035112.592323745
1970-09-14,14062975.627968358
1970-09-15,14085080.546155537
1970-09-16,14146289.802335612
1970-09-17,14227098.304284569
1970-09-18,14239430.45622239
1970-09-21,14267079.76947157
1970-09-22,14279406.072202086
1970-09-23,14321021.817013081
1970-09-24,14303180.063497275
1970-09-25,14285585.539369991
1970-09-28,14263661.390588874
1970-09-29,14276316.640761096
1970-09-30,14288970.999413079
1970-10-01,14291535.286153017
1970-10-02,14457436.947738195
1970-10-05,14685852.526733998
1970-10-06,14771468.559396885
1970-10-07,14789466.271088751
1970-10-08,14610723.505302142
1970-10-09,14464366.55167064
1970-10-12,14308389.3740792
1970-10-13,14299151.697433254
1970-10-14,14272207.124345224
1970-10-15,14350983.741924973
1970-10-16,14279526.47272343
1970-10-19,14055476.052439375
1970-10-20,14119432.821396844
1970-10-21,14074993.144441497
1970-10-22,13990003.048518404
1970-10-23,14075646.044004712
1970-10-26,14005563.949855562
1970-10-27,13994307.823008887
1970-10-28,14086025.264912214
1970-10-29,14143382.716350978
1970-10-30,14106795.642943395
1970-11-02,14244431.690956453
1970-11-03,14361279.171023846
1970-11-04,14403789.701999329
1970-11-05,14386674.253331117
1970-11-06,14458200.548822679
1970-11-09,14630766.492473569
1970-11-10,14651826.602273071
1970-11-11,14690360.969697015
1970-11-12,14578418.157538645
1970-11-13,14480394.296318416
1970-11-16,14505394.92602968
1970-11-17,14577152.061823893
1970-11-18,14532842.800867645
1970-11-19,14698926.824460292
1970-11-20,15096259.668494226
1970-11-23,15372528.390238805
1970-11-24,15321665.270699106
1970-11-25,15345011.861120103
1970-11-27,15499390.056476625
1970-11-30,15722453.13261288
1970-12-01,15783239.044385323
1970-12-02,16045422.08265613
1970-12-03,16236611.861924965
1970-12-04,16457591.162595762
1970-12-07,16478985.98423191
1970-12-08,16372171.894688621
1970-12-09,16326461.30121353
1970-12-10,16395796.900025519
1970-12-11,16493799.585216343
1970-12-14,16478053.399172826
1970-12-15,16418575.7753172
1970-12-16,16430657.364845341
1970-12-17,16477415.220013019
1970-12-18,16474569.977083182
1970-12-21,16289002.4137778
1970-12-22,16226018.32092231
1970-12-23,16179662.020140471
1970-12-24,16319708.505168153
1970-12-28,16404481.002808241
1970-12-29,16560405.318005605
1970-12-30,16654799.229989314
1970-12-31,16646743.898353213
1971-01-04,16526420.795081517
1971-01-05,16632562.004504817
1971-01-06,16732915.133606251
1971-01-07,16764250.344595576
1971-01-08,16743980.39816765
1971-01-11,16774726.991318166
1971-01-12,16957930.245981336
1971-01-13,17004018.332281906
1971-01-14,17134206.997491967
1971-01-15,17177031.564674348
1971-01-18,17329071.989107657
1971-01-19,17381168.282080766
1971-01-20,17412027.483989116
1971-01-21,17565693.23206431
1971-01-22,17733306.31292042
1971-01-25,17827936.261740085
1971-01-26,17860889.303663168
1971-01-27,17706925.075693555
1971-01-28,17781214.186583072
1971-01-29,17894003.550783563
1971-02-01,18001812.149950486
1971-02-02,17979344.769603647
1971-02-03,18018327.19537957
1971-02-04,18031636.713246804
1971-02-05,18091062.366288792
1971-02-08,18208534.24465432
1971-02-09,18248220.94604276
1971-02-10,18215081.096955445
1971-02-11,18313582.002265826
1971-02-12,18408742.022279665
1971-02-16,18425086.11877465
1971-02-17,18342240.017049793
1971-02-18,18226139.090585705
1971-02-19,18063217.055123646
1971-02-22,17842921.17575837
1971-02-23,17870599.048620407
1971-02-24,18017689.083130695
1971-02-25,18128685.569027122
1971-02-26,18052829.781133123
1971-03-01,18133874.59730649
1971-03-02,18172233.097690064
1971-03-03,18221966.920705646
1971-03-04,18403667.98678169
1971-03-05,18625375.511927824
1971-03-08,18766388.204104483
1971-03-09,18907327.343400616
1971-03-10,19021814.694177683
1971-03-11,19197076.710546106
1971-03-12,19191313.140422903
1971-03-15,19446293.1509822
1971-03-16,19573401.30512635
1971-03-17,19661121.087894283
1971-03-18,19764807.558158584
1971-03-19,19789649.303275097
1971-03-22,19854340.205244277
1971-03-23,19850908.86604514
1971-03-24,19679873.866930548
1971-03-25,19649578.379889015
1971-03-26,19641614.885312635
1971-03-29,19574279.335354064
1971-03-30,19679847.4609299
1971-03-31,19646754.421782024
1971-04-01,19589866.203525193
1971-04-02,19594784.7785368
1971-04-05,19602481.401439216
1971-04-06,19787960.260567825
1971-04-07,19910157.94439977
1971-04-08,19875611.693680596
1971-04-12,19874335.22716978
1971-04-13,19910024.5679561
1971-04-14,19912827.30301244
1971-04-15,19898933.60261848
1971-04-16,19865121.19600173
1971-04-19,19884019.06238315
1971-04-20,19676278.16645159
1971-04-21,19528329.441620342
1971-04-22,19596687.45433074
1971-04-23,19705318.0542645
1971-04-26,19707279.932618838
1971-04-27,19831434.89215507
1971-04-28,19881461.324178427
1971-04-29,19741219.31354476
1971-04-30,19600319.210371908
1971-05-03,19383478.148614794
1971-05-04,19336522.13338767
1971-05-05,19322153.97897904
1971-05-06,19193645.207459148
1971-05-07,19170992.4137009
1971-05-10,19127168.292915568
1971-05-11,19121059.430630926
1971-05-12,19048764.462376773
1971-05-13,18845696.148362633
1971-05-14,18732171.78940714
1971-05-17,18354609.417312402
1971-05-18,18275657.442733295
1971-05-19,18386520.83865734
1971-05-20,18577130.151481196
1971-05-21,18468401.699607875
1971-05-24,18374202.304359704
1971-05-25,18319654.979274716
1971-05-26,18436500.974904235
1971-05-27,18430520.184332483
1971-05-28,18433646.51103366
1971-06-01,18574272.796573497
1971-06-02,18873852.01850394
1971-06-03,18953787.66277653
1971-06-04,18912022.014471065
1971-06-07,18770592.236539815
1971-06-08,18575128.687971313
1971-06-09,18489806.289370764
1971-06-10,18501389.032313865
1971-06-11,18554376.720176607
1971-06-14,18233732.9648151
1971-06-15,18122115.419753138
1971-06-16,18224103.473371837
1971-06-17,18221824.769244846
1971-06-18,18075844.37177311
1971-06-21,17949709.63082743
1971-06-22,17783914.923745777
1971-06-23,17946019.466983963
1971-06-24,17896642.987551115
1971-06-25,17859685.408214446
1971-06-28,17796422.149993002
1971-06-29,17954078.35543791
1971-06-30,17894901.870017037
1971-07-01,18103828.519103773
1971-07-02,18104680.394392837
1971-07-06,18124459.028558966
1971-07-07,18201544.835223123
1971-07-08,18243733.74496283
1971-07-09,18294991.581765454
1971-07-12,18428884.891852435
1971-07-13,18177546.1091789
1971-07-14,18140761.83046299
1971-07-15,18165525.53117846
1971-07-16,18044003.36025927
1971-07-19,17953940.927362546
1971-07-20,18038021.94371816
1971-07-21,18031593.30584253
1971-07-22,17886095.639125336
1971-07-23,17792211.47011719
1971-07-26,17630738.24636844
1971-07-27,17504421.82001959
1971-07-28,17328726.177023068
1971-07-29,17229312.49244558
1971-07-30,17189047.221072033
1971-08-02,17251843.76272327
1971-08-03,16933292.988681767
1971-08-04,16847878.22229416
1971-08-05,16920671.274602085
1971-08-06,16950176.141430244
1971-08-09,16805321.163030412
1971-08-10,16796046.1979115
1971-08-11,17032603.59676459
1971-08-12,17344578.618692722
1971-08-13,17440680.37804191
1971-08-16,18335464.535153437
1971-08-17,18710366.71993442
1971-08-18,18388074.013769533
1971-08-19,18321374.48701579
1971-08-20,18314041.178674113
1971-08-23,18345622.85611016
1971-08-24,18692257.906142373
1971-08-25,18668604.76348943
1971-08-26,18675521.437939424
1971-08-27,18775376.830980316
1971-08-30,18620218.284634873
1971-08-31,18585960.462211687
1971-09-01,18676444.915096596
1971-09-02,18786320.128324956
1971-09-03,19113157.851206925
1971-09-07,19278849.256198432
1971-09-08,19300815.95210208
1971-09-09,19132242.49465461
1971-09-10,19077571.773299534
1971-09-13,18908191.888108358
1971-09-14,18803177.10910171
1971-09-15,18897348.153169375
1971-09-16,18920510.495861728
1971-09-17,18990082.044786613
1971-09-20,18917640.236178618
1971-09-21,18827647.004251827
1971-09-22,18639522.83349762
1971-09-23,18610107.680555657
1971-09-24,18623552.23491774
1971-09-27,18573968.60999198
1971-09-28,18637055.670928676
1971-09-29,18696820.627529874
1971-09-30,18889402.822232638
1971-10-01,19003532.645112894
1971-10-04,19092736.519171022
1971-10-05,19032498.96780565
1971-10-06,19212350.318549126
1971-10-07,19266055.37811725
1971-10-08,19183041.91330009
1971-10-11,19152442.229924776
1971-10-12,19316904.43415365
1971-10-13,19242819.583184548
1971-10-14,19043237.083430503
1971-10-15,18951101.356053907
1971-10-18,18803690.12510823
1971-10-19,18723756.03585043
1971-10-20,18522005.96420412
1971-10-21,18568989.437009193
1971-10-22,18536915.551582005
1971-10-25,18445082.905358024
1971-10-26,18400159.363234572
1971-10-27,18177858.42717586
1971-10-28,18238764.153376207
1971-10-29,18332641.013710085
1971-11-01,18160578.847885672
1971-11-02,18151304.63872648
1971-11-03,18265349.800973054
1971-11-04,18267855.319025017
1971-11-05,18270361.359054536
1971-11-08,18210989.72782407
1971-11-09,18213510.363834903
1971-11-10,18148528.77971122
1971-11-11,18191715.51293412
1971-11-12,18221331.604517847
1971-11-15,18229540.384943016
1971-11-16,18245601.689519826
1971-11-17,18261661.199284207
1971-11-18,18237141.460354444
1971-11-19,18212627.500242267
1971-11-22,18180330.539039064
1971-11-23,18088454.466597352
1971-11-24,18007872.138559114
1971-11-26,18026971.1828034
1971-11-29,18021900.784842666
1971-11-30,18051618.00214456
1971-12-01,18067752.988848176
1971-12-02,18097463.89302688
1971-12-03,18127170.447317183
1971-12-06,18135565.261163846
1971-12-07,18083989.577585105
1971-12-08,18086560.52143798
1971-12-09,18062038.893753767
1971-12-10,18078181.35496397
1971-12-13,18127389.817673232
1971-12-14,18075822.428367414
1971-12-15,18051308.691886336
1971-12-16,18067459.29471123
1971-12-17,18097185.722426057
1971-12-20,18051527.379875023
1971-12-21,18013496.800627913
1971-12-22,18002542.99062371
1971-12-23,18059483.3865324
1971-12-27,18152581.85732554
1971-12-28,18223111.07965197
1971-12-29,18171538.310169715
1971-12-30,18174113.140474677
1971-12-31,18190253.634344835
1972-01-03,18131036.98925657
1972-01-04,18212188.79504869
1972-01-05,18413919.845451113
1972-01-06,18509631.413908407
1972-01-07,18531733.54438704
1972-01-10,18540259.088393126
1972-01-11,18574373.436873436
1972-01-12,18565980.029830065
1972-01-13,18488442.795759767
1972-01-14,18575480.876770467
1972-01-17,18583022.390565783
1972-01-18,18605908.548438966
1972-01-19,18522535.00520368
1972-01-20,18497175.713996798
1972-01-21,18444774.207331195
1972-01-24,18220168.01276172
1972-01-25,18245152.7912245
1972-01-26,18225423.1167751
1972-01-27,18350811.831530325
1972-01-28,18429515.602680333
1972-01-31,18385422.265903797
1972-02-01,18400038.66675126
1972-02-02,18534385.714959152
1972-02-03,18529564.09286439
1972-02-04,18570861.97962904
1972-02-07,18509239.82392745
1972-02-08,18520089.9585354
1972-02-09,18652422.348435685
1972-02-10,18675482.552499656
1972-02-11,18574255.200153604
1972-02-14,18523148.987764273
1972-02-15,18603526.64514428
1972-02-16,18737451.647637628
1972-02-17,18761623.969097104
1972-02-18,18709037.888467625
1972-02-22,18722503.906952634
1972-02-23,18726954.50689274
1972-02-24,18737916.194866773
1972-02-25,18882949.022434525
1972-02-28,18920799.379719708
1972-02-29,18990105.6537685
1972-03-01,19130056.867769904
1972-03-02,19140742.717975114
1972-03-03,19266229.90857775
1972-03-06,19435321.472273115
1972-03-07,19440767.15011815
1972-03-08,19458764.515770935
1972-03-09,19457311.184780072
1972-03-10,19346122.593264263
1972-03-13,19111807.63814388
1972-03-14,19177108.959498964
1972-03-15,19133319.788736533
1972-03-16,19133420.05439288
1972-03-17,19208862.603799555
1972-03-20,19144006.03083393
1972-03-21,18999548.21805124
1972-03-22,19027940.07382462
1972-03-23,19163645.269110985
1972-03-24,19096376.619045947
1972-03-27,19093400.313400634
1972-03-28,19057920.49956808
1972-03-29,18924505.22218966
1972-03-30,19052192.157304056
1972-04-03,19085233.734040488
1972-04-04,19144833.947977643
1972-04-05,19302796.173576318
1972-04-06,19398631.018305544
1972-04-07,19416348.3068251
1972-04-10,19408307.815662384
1972-04-11,19451114.48307185
1972-04-12,19485585.16621241
1972-04-13,19383623.64258232
1972-04-14,19372924.944397938
1972-04-17,19336523.928844005
1972-04-18,19384527.275658578
1972-04-19,19313151.25610648
1972-04-20,19300632.96196344
1972-04-21,19289959.388157915
1972-04-24,19160163.435027212
1972-04-25,18972145.967132103
1972-04-26,18961348.57159749
1972-04-27,19103626.121518724
1972-04-28,19173141.306482505
1972-05-01,19008318.93585712
1972-05-02,18874571.781223066
1972-05-03,18846626.3693997
1972-05-04,18894430.54905686
1972-05-05,18963556.96269884
1972-05-08,18885406.96956222
1972-05-09,18598475.680845194
1972-05-10,18733966.62325618
1972-05-11,18797659.387594577
1972-05-12,18948326.974482365
1972-05-15,19041181.59405148
1972-05-16,19007648.779760577
1972-05-17,19063697.230859235
1972-05-18,19278204.46233702
1972-05-19,19505985.682210214
1972-05-22,19682316.779376738
1972-05-23,19728417.584368877
1972-05-24,19809428.671548903
1972-05-25,19862832.045953225
1972-05-26,19899880.110842966
1972-05-30,19841971.69660267
1972-05-31,19698886.97150821
1972-06-01,19699456.116946302
1972-06-02,19678820.69618563
1972-06-05,19511773.143101797
1972-06-06,19362384.55833645
1972-06-07,19279601.511853613
1972-06-08,19215869.2450597
1972-06-09,19157674.14732816
1972-06-12,19206588.458394285
1972-06-13,19303632.79053872
1972-06-14,19453625.2153821
1972-06-15,19464108.37496164
1972-06-16,19450284.00826022
1972-06-19,19442317.613095026
1972-06-20,19523814.08509375
1972-06-21,19551928.15524586
1972-06-22,19505317.496677086
1972-06-23,19448138.83047995
1972-06-26,19287091.75401939
1972-06-27,19269006.039160337
1972-06-28,19208335.89815051
1972-06-29,19145784.94746715
1972-06-30,19189907.742489465
1972-07-03,19274060.596010596
1972-07-05,19401257.264746796
1972-07-06,19569837.31139338
1972-07-07,19509058.78576524
1972-07-10,19413780.03275483
1972-07-11,19274698.21456257
1972-07-12,19213785.810164046
1972-07-13,19120891.671879586
1972-07-14,19228966.107351806
1972-07-17,19059181.479264297
1972-07-18,19051786.24192348
1972-07-19,19136684.616011117
1972-07-20,19079543.641952522
1972-07-21,19218068.170560196
1972-07-24,19449929.944661602
1972-07-25,19408595.057851695
1972-07-26,19411755.18289245
1972-07-27,19298438.36219857
1972-07-28,19331913.991541393
1972-07-31,19341697.085863806
1972-08-01,19494682.515419785
1972-08-02,19654545.124953333
1972-08-03,19793173.07534107
1972-08-04,19831363.528185245
1972-08-07,19871619.249327917
1972-08-08,19902024.55026139
1972-08-09,19948440.56150921
1972-08-10,19983779.35222827
1972-08-11,20145352.19548942
1972-08-14,20231000.844191197
1972-08-15,20130781.928976294
1972-08-16,20046585.263612226
1972-08-17,19962033.28647168
1972-08-18,20023616.21299952
1972-08-21,20024750.965481404
1972-08-22,20163428.00019613
1972-08-23,20108876.769814212
1972-08-24,19875193.626372777
1972-08-25,19770476.665640898
1972-08-28,19638533.019739628
1972-08-29,19614217.296440206
1972-08-30,19529253.148262862
1972-08-31,19621597.119157147
1972-09-01,19682345.85844732
1972-09-05,19601963.384004433
1972-09-06,19441021.867842045
1972-09-07,19354224.07822653
1972-09-08,19274687.191090334
1972-09-11,19199065.79669118
1972-09-12,19019282.521363765
1972-09-13,19095081.610786337
1972-09-14,19060180.926204946
1972-09-15,19052899.336181328
1972-09-18,19039959.351610385
1972-09-19,19030944.785951093
1972-09-20,19027435.461776905
1972-09-21,18957915.953469824
1972-09-22,18934018.396357957
1972-09-25,18860322.07230682
1972-09-26,18901316.89803002
1972-09-27,19184990.148218118
1972-09-28,19347771.621563848
1972-09-29,19411465.1871255
1972-10-02,19351672.901428353
1972-10-03,19368401.505853552
1972-10-04,19333664.213389814
1972-10-05,19126318.32017772
1972-10-06,19255481.663657244
1972-10-09,19306181.55550698
1972-10-10,19323752.564690623
1972-10-11,19240199.789475277
1972-10-12,19085164.623666164
1972-10-13,18968491.16948783
1972-10-16,18769875.815242175
1972-10-17,18899044.08057033
1972-10-18,19021234.502973948
1972-10-19,18998711.90901353
1972-10-20,19208071.22952804
1972-10-23,19403478.00681651
1972-10-24,19485553.95049152
1972-10-25,19471738.213775985
1972-10-26,19520685.70718556
1972-10-27,19458052.782747157
1972-10-30,19454696.488906648
1972-10-31,19629172.351470474
1972-11-01,19821075.984974064
1972-11-02,19982651.868693825
1972-11-03,20214556.531912204
1972-11-06,20224330.234880075
1972-11-08,20075768.61232539
1972-11-09,20103206.697053596
1972-11-10,20144591.23594876
1972-11-13,20225787.224115033
1972-11-14,20424555.200784277
1972-11-15,20391992.511936307
1972-11-16,20488064.953312863
1972-11-17,20552038.228660725
1972-11-20,20582164.422405675
1972-11-21,20657001.944449242
1972-11-22,20763473.535188857
1972-11-24,20832620.046731185
1972-11-27,20694927.600762997
1972-11-28,20667745.295164138
1972-11-29,20708167.10029623
1972-11-30,20720153.569824185
1972-12-01,20829750.009909384
1972-12-04,20890713.737798445
1972-12-05,20843338.28960095
1972-12-06,20919319.359082054
1972-12-07,21023166.307744797
1972-12-08,21054188.77443426
1972-12-11,21077136.81908209
1972-12-12,20982658.217229936
1972-12-13,20966249.84102114
1972-12-14,20911475.920188773
1972-12-15,20914650.774226725
1972-12-18,20638573.439208355
1972-12-19,20511212.949059177
1972-12-20,20443886.18351014
1972-12-21,20297690.069855865
1972-12-22,20425250.073986165
1972-12-26,20534408.358059958
1972-12-27,20631504.501836844
1972-12-29,20818139.386329778
1973-01-02,20984776.675413996
1973-01-03,21083419.6752769
1973-01-04,21085392.788799632
1973-01-05,21138583.432255257
1973-01-08,21128381.27443251
1973-01-09,21123794.818840254
1973-01-10,21057036.288008694
1973-01-11,21200363.244415194
1973-01-12,21021225.56008123
1973-01-15,20878774.388756473
1973-01-16,20827119.26512164
1973-01-17,20907762.4798705
1973-01-18,20923379.662517928
1973-01-19,20866436.120658565
1973-01-22,20759671.35733834
1973-01-23,20792406.462887965
1973-01-24,20517277.97569224
1973-01-26,20413055.173279505
1973-01-29,20314709.679930195
1973-01-30,20328276.89510394
1973-01-31,20334691.787323933
1973-02-01,20025942.973636303
1973-02-02,19897555.59865
1973-02-05,19884795.031078193
1973-02-06,19923901.796090666
1973-02-07,19788029.340541556
1973-02-08,19673966.296667937
1973-02-09,19980753.66230666
1973-02-12,20217140.466835156
1973-02-13,20381945.22889836
1973-02-14,20077133.260085385
1973-02-15,19965615.328847926
1973-02-16,20044044.926531564
1973-02-20,20085450.020233605
1973-02-21,19963575.482341893
1973-02-22,19935772.74441642
1973-02-23,19768782.673521798
1973-02-26,19552020.700580824
1973-02-27,19343601.19759341
1973-02-28,19479368.804551166
1973-03-01,19357322.71695897
1973-03-02,19543265.768860143
1973-03-05,19606531.603189573
1973-03-06,19853084.791009564
1973-03-07,19942433.45767417
1973-03-08,19890545.14076796
1973-03-09,19800958.996262368
1973-03-12,19821046.91127383
1973-03-13,19900473.22814393
1973-03-14,19973333.82383023
1973-03-15,19796968.29015562
1973-03-16,19638702.08825424
1973-03-19,19437450.010538064
1973-03-20,19385642.844318226
1973-03-21,19133361.025726173
1973-03-22,18848217.90712664
1973-03-23,18855352.926324464
1973-03-26,19069394.878375053
1973-03-27,19380798.389812954
1973-03-28,19461100.676152043
1973-03-29,19635989.212591365
1973-03-30,19360822.924991876
1973-04-02,19122464.804244958
1973-04-03,18973644.25246373
1973-04-04,18933299.428073972
1973-04-05,18917499.90068547
1973-04-06,19103797.618510876
1973-04-09,19411551.4223042
1973-04-10,19617080.110749457
1973-04-11,19684698.006034132
1973-04-12,19653748.712050457
1973-04-13,19609740.26615494
1973-04-16,19520485.80193451
1973-04-17,19406367.22035836
1973-04-18,19510561.779796775
1973-04-19,19591914.94731701
1973-04-23,19401324.021100193
1973-04-24,19226290.698985986
1973-04-25,18941255.593302503
1973-04-26,19009289.90128795
1973-04-27,18708958.17273123
1973-04-30,18657660.87236669
1973-05-01,18653652.795160633
1973-05-02,18593714.13430694
1973-05-03,18583333.796182983
1973-05-04,18559524.526111156
1973-05-07,18542689.12248026
1973-05-08,18559219.494313087
1973-05-09,18562293.978971697
1973-05-10,18551925.662987202
1973-05-11,18541557.70777867
1973-05-14,18538202.749457717
1973-05-15,18500991.132079616
1973-05-16,18531000.54765104
1973-05-17,18520640.645654883
1973-05-18,18510282.543706153
1973-05-21,18480139.96187427
1973-05-22,18469786.166924175
1973-05-23,18446002.655027088
1973-05-24,18462553.0824812
1973-05-25,18463740.21304738
1973-05-29,18451052.876411505
1973-05-30,18454187.903723884
1973-05-31,18457323.764898885
1973-06-01,18421061.911558237
1973-06-04,18416838.346567005
1973-06-05,18421872.448775932
1973-06-06,18426860.132265214
1973-06-07,18431862.8286766
1973-06-08,18436812.203098595
1973-06-11,18441817.601391293
1973-06-12,18446865.36416105
1973-06-13,18451928.175747205
1973-06-14,18456999.21135295
1973-06-15,18462078.476356637
1973-06-18,18467172.81251217
1973-06-19,18472316.40435342
1973-06-20,18477475.09833645
1973-06-21,18482601.044871632
1973-06-22,18487728.413426206
1973-06-25,18492829.82730064
1973-06-26,18497973.721991953
1973-06-27,18503132.737263326
1973-06-28,18508341.098920804
1973-06-29,18513667.176872864
1973-07-02,18519254.054901395
1973-07-03,18513172.09368434
1973-07-05,18519911.961344592
1973-07-06,18496798.847260945
1973-07-09,18480825.848423623
1973-07-10,18484015.792475246
1973-07-11,18487207.30744115
1973-07-12,18503567.17194055
1973-07-13,18493604.796345115
1973-07-16,18490809.251944758
1973-07-17,18494006.006712683
1973-07-18,18484048.15646355
1973-07-19,18434696.078557134
1973-07-20,18359140.302502714
1973-07-23,18369667.881935727
1973-07-24,18346570.662449427
1973-07-25,18349773.223824106
1973-07-26,18235004.467815112
1973-07-27,18146367.464292906
1973-07-30,18131283.600472298
1973-07-31,18058759.486237444
1973-08-01,17910820.85202595
1973-08-02,17907553.25944369
1973-08-03,17913200.566221565
1973-08-06,17918882.48398144
1973-08-07,17924848.0103257
1973-08-08,17930828.607303884
1973-08-09,17936837.370440498
1973-08-10,17942867.775505356
1973-08-13,17948887.11864297
1973-08-14,17955058.914770354
1973-08-15,17961167.44354506
1973-08-16,17967219.128749926
1973-08-17,17973181.06945426
1973-08-20,17979190.9101599
1973-08-21,17985287.99402872
1973-08-22,17991295.320169322
1973-08-23,17997199.53021706
1973-08-24,18003000.36633579
1973-08-27,18008849.179845188
1973-08-28,18014824.934367586
1973-08-29,18020736.866137527
1973-08-30,18026617.80176778
1973-08-31,18032559.950340122
1973-09-04,18038583.06594481
1973-09-05,18044595.026932858
1973-09-06,18050661.66036418
1973-09-07,18056703.9950028
1973-09-10,18062899.717252735
1973-09-11,18069104.14154046
1973-09-12,18075297.539616425
1973-09-13,18081387.678859204
1973-09-14,18087407.306178898
1973-09-17,18093395.918800384
1973-09-18,18099373.298101623
1973-09-19,18105266.6599139
1973-09-20,18110982.955010157
1973-09-21,18116308.262077566
1973-09-24,18121427.831543002
1973-09-25,18126428.170216154
1973-09-26,18131376.174574554
1973-09-27,18136217.95210147
1973-09-28,18141074.482112665
1973-10-01,18145986.140138954
1973-10-02,18165893.20933601
1973-10-03,18156031.218794547
1973-10-04,18185007.379919242
1973-10-05,18213983.417624477
1973-10-08,18213657.728699133
1973-10-09,18330818.68001539
1973-10-10,18346835.940137625
1973-10-11,18336974.143700875
1973-10-12,18378919.65887278
1973-10-15,18362791.40281268
1973-10-16,18314204.60801377
1973-10-17,18304350.460444566
1973-10-18,18320376.620517734
1973-10-19,18336402.101683844
1973-10-22,18336122.77012058
1973-10-23,18349281.24602275
1973-10-24,18417210.44973993
1973-10-25,18446195.26055426
1973-10-26,18462224.583289508
1973-10-29,18471924.76928263
1973-10-30,18475012.24136045
1973-10-31,18491048.782269582
1973-11-01,18494142.545539998
1973-11-02,18484306.80325839
1973-11-05,18468172.034406494
1973-11-06,18467961.07012397
1973-11-07,18448537.296275545
1973-11-08,18438714.951525766
1973-11-09,18454773.131936215
1973-11-12,18464560.178106908
1973-11-13,18467684.95980362
1973-11-14,18432039.120349664
1973-11-15,18474020.4023927
1973-11-16,18528984.33486402
1973-11-19,18551654.687391452
1973-11-20,18541045.28879179
1973-11-21,18557453.19093048
1973-11-23,18577271.126955107
1973-11-26,18600486.83249139
1973-11-27,18588189.801497724
1973-11-28,18591224.754395273
1973-11-29,18594260.69723839
1973-11-30,18610728.76384439
1973-12-03,18620590.242412657
1973-12-04,18623630.545015495
1973-12-05,18586451.920682635
1973-12-06,18549274.443265956
1973-12-07,18565748.89256909
1973-12-10,18616014.130227614
1973-12-11,18645935.411268
1973-12-12,18648982.908276614
1973-12-13,18665462.38183376
1973-12-14,18668511.499780767
1973-12-17,18691802.9447218
1973-12-18,18681436.25524209
1973-12-19,18644269.75542977
1973-12-20,18620499.525384337
1973-12-21,18556584.403142147
1973-12-24,18556171.166514743
1973-12-26,18506145.192668814
1973-12-27,18442237.826679748
1973-12-28,18405085.079186156
1973-12-31,18428704.281852927
1974-01-02,18381725.695767876
1974-01-03,18357975.021512266
1974-01-04,18387925.1727176
1974-01-07,18371333.77676637
1974-01-08,18374410.926480178
1974-01-09,18377488.44078136
1974-01-10,18326961.644335795
1974-01-11,18316822.059020232
1974-01-14,18327000.75961131
1974-01-15,18356178.919209573
1974-01-16,18359337.0622882
1974-01-17,18388517.023679644
1974-01-18,18378684.059730854
1974-01-21,18375837.475777645
1974-01-22,18366008.91255031
1974-01-23,18356181.408438794
1974-01-24,18346354.79889169
1974-01-25,18349521.892427713
1974-01-28,18372732.078514587
1974-01-29,18362909.49125701
1974-01-30,18379085.291772164
1974-01-31,18395261.597245954
1974-02-01,18398433.21916266
1974-02-04,18434637.33144176
1974-02-05,18476858.644335497
1974-02-06,18506050.41711188
1974-02-07,18509222.364520855
1974-02-08,18512394.462946147
1974-02-11,18522487.50480172
1974-02-12,18522203.981453057
1974-02-13,18528839.215978365
1974-02-14,18532016.50181344
1974-02-15,18535194.975654237
1974-02-19,18548752.86817155
1974-02-20,18512992.476342972
1974-02-21,18490204.67439637
1974-02-22,18506397.602418352
1974-02-25,18527722.648814935
1974-02-26,18504539.86138406
1974-02-27,18481358.842921272
1974-02-28,18471346.5753062
1974-03-01,18382510.557782408
1974-03-04,18379721.555834267
1974-03-05,18369715.063617732
1974-03-06,18386080.23284362
1974-03-07,18428864.196215067
1974-03-08,18432038.50639597
1974-03-11,18416059.417716745
1974-03-12,18406058.829228573
1974-03-13,18356593.091692932
1974-03-14,18359775.451556727
1974-03-15,18297180.273405578
1974-03-18,18241939.220077552
1974-03-19,18231943.408105403
1974-03-20,18195624.927261584
1974-03-21,18160346.084867544
1974-03-22,18099930.98738754
1974-03-25,18059573.498660926
1974-03-26,18075609.343048204
1974-03-27,18117220.07415535
1974-03-28,18082246.008848015
1974-03-29,18047273.86473183
1974-04-01,18045209.08907273
1974-04-02,18035722.298958085
1974-04-03,18038994.472083155
1974-04-04,17940517.34333833
1974-04-05,17905545.52925865
1974-04-08,17967564.284355596
1974-04-09,17983609.741337348
1974-04-10,18025232.441726673
1974-04-11,18041285.78890582
1974-04-15,18094134.045925833
1974-04-16,18084665.00155745
1974-04-17,18062449.924544826
1974-04-18,18002062.959715333
1974-04-19,17992601.96821794
1974-04-22,17990700.970824424
1974-04-23,17968494.059114587
1974-04-24,17920828.638467517
1974-04-25,17860448.15768299
1974-04-26,17851180.92872935
1974-04-29,17849697.510581683
1974-04-30,17840738.604402132
1974-05-01,17893581.019256953
1974-05-02,17890829.30570417
1974-05-03,17896831.19135338
1974-05-06,17902835.09047166
1974-05-07,17908867.121662434
1974-05-08,17914796.620891694
1974-05-09,17920590.564229216
1974-05-10,17926163.09612575
1974-05-13,17931658.362739798
1974-05-14,17937221.171925545
1974-05-15,17942673.677343898
1974-05-16,17948114.64470075
1974-05-17,17953550.661322415
1974-05-20,17958994.927034676
1974-05-21,17964618.939632997
1974-05-22,17970198.56850329
1974-05-23,17975383.05429311
1974-05-24,17980661.863934647
1974-05-28,17986167.230004154
1974-05-29,17991746.949083086
1974-05-30,17997196.180793718
1974-05-31,18002746.279569153
1974-06-03,18008304.70152534
1974-06-04,18015156.206020728
1974-06-05,18018506.279112734
1974-06-06,18046910.013643816
1974-06-07,18100412.11848306
1974-06-10,18098600.17567725
1974-06-11,18089446.911796045
1974-06-12,18067796.652616512
1974-06-13,18071155.576103933
1974-06-14,18074515.46208582
1974-06-17,18097794.058209527
1974-06-18,18063662.955390386
1974-06-19,18067027.80742699
1974-06-20,18032898.471775018
1974-06-21,18036266.386374995
1974-06-24,18009603.37220353
1974-06-25,17963005.53591523
1974-06-26,17966383.366660986
1974-06-27,17944753.033885032
1974-06-28,17948133.94906139
1974-07-01,17946589.288001034
1974-07-02,17942613.579402495
1974-07-03,17947929.050121386
1974-07-05,17953239.48335133
1974-07-08,17958472.07036234
1974-07-09,17963666.42904471
1974-07-10,17968749.502848964
1974-07-11,17973787.50829388
1974-07-12,17978853.5126746
1974-07-15,17984093.565059043
1974-07-16,17989275.421220645
1974-07-17,17994584.831334393
1974-07-18,18000028.30420135
1974-07-19,18005407.1864621
1974-07-22,18010615.1207887
1974-07-23,18015751.411060024
1974-07-24,18020869.19735409
1974-07-25,18025908.484176263
1974-07-26,18031015.832725205
1974-07-29,18036137.955227412
1974-07-30,18041540.90693963
1974-07-31,18046832.494100023
1974-08-01,18052305.046756376
1974-08-02,18058037.70247033
1974-08-05,18063772.178635545
1974-08-06,18069719.97512507
1974-08-07,18075795.055620484
1974-08-08,18081990.747085985
1974-08-09,18088129.282022145
1974-08-12,18094151.153745826
1974-08-13,18100161.819655526
1974-08-14,18106194.303822346
1974-08-15,18112228.79851623
1974-08-16,18118252.081813756
1974-08-19,18124343.478912592
1974-08-20,18130575.606406353
1974-08-21,18136981.269760747
1974-08-22,18143507.657058727
1974-08-23,18150200.659352284
1974-08-26,18156810.727116507
1974-08-27,18163495.499585856
1974-08-28,18170097.251569685
1974-08-29,18176325.266222563
1974-08-30,18182495.826158047
1974-09-03,18188985.834022935
1974-09-04,18195445.1537894
1974-09-05,18201886.950382166
1974-09-06,18208284.750414886
1974-09-09,18214611.99266726
1974-09-10,18220888.419037484
1974-09-11,18227160.376324486
1974-09-12,18233560.437121887
1974-09-13,18239770.358603854
1974-09-16,18245415.35817082
1974-09-17,18251048.705203086
1974-09-18,18256509.317859042
1974-09-19,18261492.830707006
1974-09-20,18266443.86201773
1974-09-23,18271301.368815638
1974-09-24,18276200.8505149
1974-09-25,18281155.869444117
1974-09-26,18285990.139153946
1974-09-27,18290335.13058667
1974-09-30,18294646.956945565
1974-10-01,18299348.79507348
1974-10-02,18304119.890382037
1974-10-03,18309075.692612074
1974-10-04,18313665.34859235
1974-10-07,18318256.155091763
1974-10-08,18323113.83910939
1974-10-09,18328264.7526115
1974-10-10,18333728.22405678
1974-10-11,18339078.468778044
1974-10-14,18344467.464523897
1974-10-15,18349895.22553951
1974-10-16,18355311.07009219
1974-10-17,18360796.120195277
1974-10-18,18366154.26401195
1974-10-21,18371486.87258342
1974-10-22,18376712.50198536
1974-10-23,18382021.05163093
1974-10-24,18387385.389418405
1974-10-25,18392880.024172377
1974-10-28,18398592.66660223
1974-10-29,18404232.756535813
1974-10-30,18409840.755249552
1974-10-31,18415328.543681033
1974-11-01,18420804.40484298
1974-11-04,18423025.41045582
1974-11-05,18422657.45056209
1974-11-06,18480793.592654325
1974-11-07,18509655.187884215
1974-11-08,18538516.56879879
1974-11-11,18538201.69777994
1974-11-12,18477801.81076157
1974-11-13,18519333.670425642
1974-11-14,18560863.855000112
1974-11-15,18704108.75980723
1974-11-18,18690043.915259816
1974-11-19,18693615.835103475
1974-11-20,18747820.696815707
1974-11-21,18738763.206146237
1974-11-22,18742335.350932807
1974-11-25,18725753.42480789
1974-11-26,18716339.401253317
1974-11-27,18706926.80502516
1974-11-29,18714387.519171044
1974-12-02,18635385.110464048
1974-12-03,18600123.50987847
1974-12-04,18681600.292446367
1974-12-05,18737052.444938194
1974-12-06,18805508.541781336
1974-12-09,19065030.996759158
1974-12-10,19042678.21377395
1974-12-11,19098116.63490728
1974-12-12,19088704.838474564
1974-12-13,19105199.73995797
1974-12-16,19168131.706325565
1974-12-17,19252060.492729977
1974-12-18,19295870.732870843
1974-12-19,19299333.59389177
1974-12-20,19275961.138158884
1974-12-23,19100202.1805162
1974-12-24,19076848.43240733
1974-12-26,19165053.97549028
1974-12-27,19141699.532562587
1974-12-30,19152967.63628199
1974-12-31,19143031.118943945
1975-01-02,19123583.31573497
1975-01-03,19113653.898540873
1975-01-06,19178809.12846257
1975-01-07,19195741.706314694
1975-01-08,19185812.854507618
1975-01-09,19243128.92658733
1975-01-10,19219785.786364615
1975-01-13,19110652.099733304
1975-01-14,19073926.428522088
1975-01-15,19010439.915402275
1975-01-16,19013964.84142464
1975-01-17,19030929.74554011
1975-01-20,18962069.998649128
1975-01-21,19019428.752112806
1975-01-22,19076782.888323296
1975-01-23,18999952.411626443
1975-01-24,18909784.371856622
1975-01-27,18961833.194178768
1975-01-28,18965393.78278563
1975-01-29,18995838.194666546
1975-01-30,19066697.397494894
1975-01-31,19083681.867306102
1975-02-03,19149027.527437802
1975-02-04,19179454.05112207
1975-02-05,19345024.695331976
1975-02-06,19241480.87636834
1975-02-07,19312315.089501165
1975-02-10,19229889.033758115
1975-02-11,19273773.368665278
1975-02-12,19273394.101303544
1975-02-13,19254003.370212264
1975-02-14,19378904.498386238
1975-02-18,19488323.90541202
1975-02-19,19518715.551945757
1975-02-20,19468591.996265117
1975-02-21,19579933.08379461
1975-02-24,19404133.779333673
1975-02-25,19310985.981295664
1975-02-26,19219794.64742965
1975-02-27,19264131.979130305
1975-02-28,19281265.29940815
1975-03-03,19238575.752780434
1975-03-04,19313271.351504892
1975-03-05,19460738.988545153
1975-03-06,19402014.43481395
1975-03-07,19504910.329595353
1975-03-10,19611575.173158597
1975-03-11,19452401.83510849
1975-03-12,19278548.619521774
1975-03-13,19342230.04704907
1975-03-14,19551275.95774942
1975-03-17,19688579.3925991
1975-03-18,19490692.77653181
1975-03-19,19180888.345521115
1975-03-20,18824406.166018903
1975-03-21,18918306.23572298
1975-03-24,18218641.596465148
1975-03-25,18388715.768153857
1975-03-26,18745965.151144665
1975-03-27,18730164.563863058
1975-03-31,18724791.54224983
1975-04-01,18478118.85675333
1975-04-02,18260100.250226952
1975-04-03,18169782.878138293
1975-04-04,18008444.688004263
1975-04-07,17768683.44774762
1975-04-08,17972101.002190787
1975-04-09,18430789.08102586
1975-04-10,18613456.331523318
1975-04-11,18669429.748180196
1975-04-14,19068439.688939933
1975-04-15,19225262.19864356
1975-04-16,19307138.695845112
1975-04-17,19376215.738742307
1975-04-18,19092120.864045676
1975-04-21,19244480.078307275
1975-04-22,19216118.290275063
1975-04-23,19069008.895116974
1975-04-24,19079400.024001274
1975-04-25,19209882.982815176
1975-04-28,19008121.45760114
1975-04-29,18893853.58387329
1975-04-30,19298744.198036194
1975-05-01,19477027.618514687
1975-05-02,19716612.68458371
1975-05-05,19908143.019306142
1975-05-06,19594857.64993443
1975-05-07,19694207.51287651
1975-05-08,19802332.273305457
1975-05-09,20018000.358665228
1975-05-12,20038325.734374724
1975-05-13,20253985.912563495
1975-05-14,20408184.88862902
1975-05-15,20222193.34698295
1975-05-16,20009867.427518915
1975-05-19,20034580.86402863
1975-05-20,19936388.450760428
1975-05-21,19717487.610107765
1975-05-22,19792686.97224043
1975-05-23,20056630.126493655
1975-05-27,20004718.15833428
1975-05-28,19869217.99934797
1975-05-29,19865402.76448745
1975-05-30,20190790.356861092
1975-06-02,20507390.131850213
1975-06-03,20595725.44330242
1975-06-04,20548687.545769166
1975-06-05,20598998.311845556
1975-06-06,20681371.903364036
1975-06-09,20553985.237546414
1975-06-10,20401678.010114428
1975-06-11,20596580.677928537
1975-06-12,20468484.907487974
1975-06-13,20540068.41884277
1975-06-16,20799559.24362249
1975-06-17,20523212.81535894
1975-06-18,20327295.028673716
1975-06-19,20728942.928756483
1975-06-20,20668077.511088524
1975-06-23,20958465.392846547
1975-06-24,21086533.977573667
1975-06-25,21012936.40834633
1975-06-26,21114009.430656202
1975-06-27,21158884.649666388
1975-06-30,21239967.372205086
1975-07-01,21152227.715893324
1975-07-02,20891978.711010423
1975-07-03,20933673.04558437
1975-07-07,20753510.80729754
1975-07-08,20792523.08088378
1975-07-09,21092686.149372533
1975-07-10,21096779.437551893
1975-07-11,21107656.138219878
1975-07-14,21235994.044362593
1975-07-15,21344960.865459297
1975-07-16,21052461.174903262
1975-07-17,20822794.051353972
1975-07-18,20701101.400415484
1975-07-21,20529571.28989586
1975-07-22,20270442.460376263
1975-07-23,20005035.500847913
1975-07-24,19982468.522077337
1975-07-25,19771410.419117287
1975-07-28,19649423.068016782
1975-07-29,19527616.973246224
1975-07-30,19631074.24563582
1975-07-31,19562632.011969592
1975-08-01,19319042.560555656
1975-08-04,19004365.98032053
1975-08-05,18806230.459445532
1975-08-06,18774823.232901644
1975-08-07,18687712.459834788
1975-08-08,18728509.320747215
1975-08-11,18877883.291188274
1975-08-12,18977802.02940705
1975-08-13,18744309.11920217
1975-08-14,18592373.2081465
1975-08-15,18720868.122096166
1975-08-18,18721699.30930606
1975-08-19,18503890.766128287
1975-08-20,18133094.45811751
1975-08-21,18030317.905530937
1975-08-22,18316766.379537627
1975-08-25,18494942.282343335
1975-08-26,18328992.41681093
1975-08-27,18469102.23502173
1975-08-28,19007105.200616136
1975-08-29,19188827.329258896
1975-09-02,18850367.832186606
1975-09-03,18932783.576573167
1975-09-04,18971364.432992145
1975-09-05,18771821.407492198
1975-09-08,18827842.875603534
1975-09-09,18501194.240930557
1975-09-10,18254243.781002868
1975-09-11,18073732.831514962
1975-09-12,18019394.268365674
1975-09-15,17927768.963579442
1975-09-16,17748555.347308464
1975-09-17,17881050.365332663
1975-09-18,18280064.99657665
1975-09-19,18771690.52773092
1975-09-22,18657249.142691247
1975-09-23,18668895.8944925
1975-09-24,18894222.008752327
1975-09-25,18787180.304780327
1975-09-26,18820686.539781746
1975-09-29,18568083.946945135
1975-09-30,18294421.651306856
1975-10-01,18105187.533775736
1975-10-02,18291264.52739308
1975-10-03,18754584.52476249
1975-10-06,18958409.55120821
1975-10-07,18937345.048575565
1975-10-08,19193061.54712274
1975-10-09,19288757.010828678
1975-10-10,19256871.171682045
1975-10-13,19529873.344969936
1975-10-14,19493657.984044235
1975-10-15,19485554.51504863
1975-10-16,19518532.92392173
1975-10-17,19410961.221053064
1975-10-20,19621247.066305872
1975-10-21,19783955.74307652
1975-10-22,19819087.771680985
1975-10-23,19936383.626896042
1975-10-24,19634201.968367424
1975-10-27,19615280.95709374
1975-10-28,19786635.23316894
1975-10-29,19547162.626975764
1975-10-30,19532566.02314046
1975-10-31,19476889.2677016
1975-11-03,19274183.360894237
1975-11-04,19353519.148087297
1975-11-05,19577596.44790143
1975-11-06,19627109.314123735
1975-11-07,19621530.760303218
1975-11-10,19647741.892383363
1975-11-11,19760704.42164028
1975-11-12,19987204.077221457
1975-11-13,19929723.806633033
1975-11-14,19795000.53113012
1975-11-17,19885199.857827373
1975-11-18,19721289.901414037
1975-11-19,19490777.918190476
1975-11-20,19446343.956630606
1975-11-21,19307249.146881375
1975-11-24,19415659.02988417
1975-11-25,19634331.884039745
1975-11-26,19698964.12766706
1975-11-28,19782860.998015877
1975-12-01,19698472.55883485
1975-12-02,19440718.112176675
1975-12-03,19072638.633143283
1975-12-04,19062008.747125782
1975-12-05,18871855.9650586
1975-12-08,18859877.546528764
1975-12-09,18860632.75336523
1975-12-10,19029966.72421963
1975-12-11,19061499.4284776
1975-12-12,19121166.873459596
1975-12-15,19263886.546894394
1975-12-16,19522405.8298802
1975-12-17,19638045.23767071
1975-12-18,19687193.228403494
1975-12-19,19659008.135633085
1975-12-22,19540965.492409505
1975-12-23,19671589.387774132
1975-12-24,19899027.717901886
1975-12-26,20170327.788801193
1975-12-29,20154415.938158643
1975-12-30,20104719.693295278
1975-12-31,20160216.562548816
1976-01-02,20312303.075609207
1976-01-05,20740523.802300498
1976-01-06,21098707.71809545
1976-01-07,21124423.58630646
1976-01-08,21197110.2876011
1976-01-09,21426315.893002044
1976-01-12,21761156.31218857
1976-01-13,21579923.14739359
1976-01-14,21828296.86296342
1976-01-15,21685895.73194889
1976-01-16,21687712.450010873
1976-01-19,22039486.25968987
1976-01-20,22237528.808755953
1976-01-21,21995055.479355153
1976-01-22,21923484.19279427
1976-01-23,22217538.921385773
1976-01-26,22319950.80738122
1976-01-27,22172445.513531
1976-01-28,22010635.60782179
1976-01-29,22381081.793382082
1976-01-30,22581585.350788508
1976-02-02,22596445.89417328
1976-02-03,22637858.484432008
1976-02-04,22757372.539101228
1976-02-05,22452955.614610974
1976-02-06,22172740.392374877
1976-02-09,22251211.74592238
1976-02-10,22412740.819092985
1976-02-11,22528044.216331538
1976-02-12,22411331.376832843
1976-02-13,22336262.703878984
1976-02-17,22276906.118956946
1976-02-18,22442392.225452434
1976-02-19,22776404.405760184
1976-02-20,22979217.782630455
1976-02-23,22961688.49920612
1976-02-24,23100835.881061897
1976-02-25,23044514.71837332
1976-02-26,22697471.509090014
1976-02-27,22470306.985849675
1976-03-01,22413299.20025366
1976-03-02,22601481.34789508
1976-03-03,22471485.708620664
1976-03-04,22193785.293111574
1976-03-05,22314681.984471653
1976-03-08,22627254.34340259
1976-03-09,22686668.04224211
1976-03-10,22799947.264209256
1976-03-11,22997673.12577484
1976-03-12,22866822.395330317
1976-03-15,22597713.928360894
1976-03-16,22817859.0183322
1976-03-17,22807726.219606757
1976-03-18,22767075.70464673
1976-03-19,22782331.88267974
1976-03-22,22918489.663768012
1976-03-23,23279894.13274234
1976-03-24,23578618.53435841
1976-03-25,23469931.766343478
1976-03-26,23473022.526968986
1976-03-29,23387425.559574127
1976-03-30,23284582.28156392
1976-03-31,23441524.451628618
1976-04-01,23293305.020396437
1976-04-02,23314864.927746568
1976-04-05,23691564.62790413
1976-04-06,23709929.715351574
1976-04-07,23504329.814448893
1976-04-08,23315410.068659145
1976-04-09,23159108.744941663
1976-04-12,23138273.28059329
1976-04-13,23364344.9809372
1976-04-14,23250662.925924264
1976-04-15,23336506.528920487
1976-04-19,23467367.61874385
1976-04-20,23817166.82345749
1976-04-21,23972828.36585431
1976-04-22,23813723.220681977
1976-04-23,23542544.96205567
1976-04-26,23554728.58067605
1976-04-27,23410936.788816303
1976-04-28,23508032.974512465
1976-04-29,23494978.480576508
1976-04-30,23289282.16182186
1976-05-03,23105775.7530888
1976-05-04,23279496.59684028
1976-05-05,23118730.656367335
1976-05-06,23027630.241443556
1976-05-07,23051959.67160167
1976-05-10,23260871.63041232
1976-05-11,23230122.0056654
1976-05-12,23161132.553082235
1976-05-13,23058891.462527104
1976-05-14,22862367.486831736
1976-05-17,22803476.58644084
1976-05-18,22844435.331528824
1976-05-19,22829344.80986879
1976-05-20,23000337.526999235
1976-05-21,22759770.185304727
1976-05-24,22397068.328699663
1976-05-25,22467420.941438656
1976-05-26,22421457.651109565
1976-05-27,22372337.105838623
1976-05-28,22599341.65771983
1976-06-01,22573408.979336392
1976-06-02,22658638.229775403
1976-06-03,22671685.21123884
1976-06-04,22501366.830829773
1976-06-07,22412872.045788568
1976-06-08,22423143.335265346
1976-06-09,22412491.34354046
1976-06-10,22659249.551632
1976-06-11,22965560.852221914
1976-06-14,23239140.26628937
1976-06-15,23116848.370387778
1976-06-16,23211009.731462073
1976-06-17,23602300.659120925
1976-06-18,23700288.686171334
1976-06-21,23846054.684560057
1976-06-22,23649918.143606376
1976-06-23,23602998.90191704
1976-06-24,23727358.156190395
1976-06-25,23681841.246063177
1976-06-28,23580693.005036186
1976-06-29,23680226.124020524
1976-06-30,23777502.498933412
1976-07-01,23592245.827894118
1976-07-02,23777083.827974796
1976-07-06,23698988.529323988
1976-07-07,23734521.37355468
1976-07-08,23803460.67338643
1976-07-09,24096525.941268273
1976-07-12,24349165.44602948
1976-07-13,24283914.088889282
1976-07-14,24317385.801007498
1976-07-15,24183695.52333489
1976-07-16,23972206.84009561
1976-07-19,23848634.60211414
1976-07-20,23706735.874482457
1976-07-21,23748264.141847666
1976-07-22,23775813.116708312
1976-07-23,23840357.155886043
1976-07-26,23806976.5267072
1976-07-27,23709346.722883414
1976-07-28,23615274.317173652
1976-07-29,23591062.12997331
1976-07-30,23692579.733551707
1976-08-02,23665561.89219998
1976-08-03,23931189.406071734
1976-08-04,24015547.207362056
1976-08-05,23871430.01762189
1976-08-06,23828293.125848006
1976-08-09,23773676.740143087
1976-08-10,23983773.349494025
1976-08-11,23940194.883260604
1976-08-12,23995288.89318175
1976-08-13,24053588.33994526
1976-08-16,24172035.96025645
1976-08-17,24241983.630599335
1976-08-18,24174491.580168292
1976-08-19,23913683.597452417
1976-08-20,23686661.61314316
1976-08-23,23655874.22562207
1976-08-24,23519484.677291412
1976-08-25,23742299.271431282
1976-08-26,23596819.069080506
1976-08-27,23570337.706403844
1976-08-30,23732565.529824633
1976-08-31,24006675.766974825
1976-09-01,24301359.475619137
1976-09-02,24223600.478972875
1976-09-03,24344802.000267155
1976-09-07,24543358.914148413
1976-09-08,24525440.571752425
1976-09-09,24372642.047291283
1976-09-10,24465747.75533909
1976-09-13,24397710.05305285
1976-09-14,24321644.79964575
1976-09-15,24428264.231253296
1976-09-16,24710611.654226597
1976-09-17,25117258.642141093
1976-09-20,25091544.18095549
1976-09-21,25466202.77460005
1976-09-22,25347051.190567803
1976-09-23,25206138.15554757
1976-09-24,25111519.82802343
1976-09-27,25200813.829194654
1976-09-28,24957196.733248767
1976-09-29,24831486.049949188
1976-09-30,24821666.031389073
1976-10-01,24677855.348527182
1976-10-04,24710387.237688947
1976-10-05,24508841.280107807
1976-10-06,24502301.01559531
1976-10-07,24656493.475080706
1976-10-08,24515530.158265077
1976-10-11,24298308.542695742
1976-10-12,24173134.48554809
1976-10-13,24483966.812128793
1976-10-14,24206667.133796744
1976-10-15,24268528.294276893
1976-10-18,24420280.243371874
1976-10-19,24351104.520073503
1976-10-20,24371652.037130665
1976-10-21,24130657.883188937
1976-10-22,23791434.52351804
1976-10-25,23747796.01743902
1976-10-26,24066308.365634363
1976-10-27,24283672.60374212
1976-10-28,24318186.828751165
1976-10-29,24607850.61907932
1976-11-01,24736722.493956566
1976-11-03,24365676.037277643
1976-11-04,24587624.606417533
1976-11-05,24166780.7797029
1976-11-08,23809714.337213933
1976-11-09,23747396.051367864
1976-11-10,23647908.16781329
1976-11-11,23841307.949796975
1976-11-12,23789059.773199268
1976-11-15,23990281.025907036
1976-11-16,24159765.280365497
1976-11-17,24313655.96707985
1976-11-18,24600940.25731788
1976-11-19,24767070.63594956
1976-11-22,25058809.600139026
1976-11-23,24926650.259495568
1976-11-24,25069450.205895305
1976-11-26,25522152.234459586
1976-11-29,25308671.847004946
1976-11-30,25248198.760045715
1976-12-01,25418018.112420406
1976-12-02,25421668.92428606
1976-12-03,25688204.52179746
1976-12-06,25877522.40062548
1976-12-07,25845397.59360818
1976-12-08,25936799.66040025
1976-12-09,26026334.18207924
1976-12-10,26262024.87027724
1976-12-13,26111027.864765763
1976-12-14,26240069.951954115
1976-12-15,26279391.831281528
1976-12-16,26200784.05093127
1976-12-17,26070894.752784614
1976-12-20,26009395.033155516
1976-12-21,26134703.38897264
1976-12-22,26240394.550550364
1976-12-23,26313367.912363093
1976-12-27,26630950.698134974
1976-12-28,26772008.94495173
1976-12-29,26708451.475793663
1976-12-30,26921436.64310924
1976-12-31,27048465.30054217
1977-01-03,26892331.59435307
1977-01-04,26463165.720663548
1977-01-05,26274981.017165132
1977-01-06,26247186.665825494
1977-01-07,25988021.445562392
1977-01-10,25810978.85757425
1977-01-11,25405780.91738324
1977-01-12,25269895.593613435
1977-01-13,25610865.810008798
1977-01-14,25392027.830538914
1977-01-17,25337878.998483222
1977-01-18,25135892.09623681
1977-01-19,25373512.39983834
1977-01-20,25199241.040113453
1977-01-21,25252954.101803213
1977-01-24,25144943.020066608
1977-01-25,25154821.578450095
1977-01-26,24949716.727791924
1977-01-27,24646447.476430826
1977-01-28,24735393.64115368
1977-01-31,24773352.32859732
1977-02-01,24882921.758887906
1977-02-02,24740650.828192268
1977-02-03,24639162.44177033
1977-02-04,24960718.27137378
1977-02-07,24874433.430031437
1977-02-08,24791612.332830776
1977-02-09,24603644.10693117
1977-02-10,24629240.516821016
1977-02-11,24454869.78622939
1977-02-14,24559483.159401767
1977-02-15,24669800.57094095
1977-02-16,24818564.062516794
1977-02-17,24820513.38373037
1977-02-18,24466250.3169979
1977-02-22,24468018.55617665
1977-02-23,24292903.293181375
1977-02-24,24121270.117155716
1977-02-25,24129746.091039058
1977-02-28,24275336.62483894
1977-03-01,24414262.888580672
1977-03-02,24473508.425354272
1977-03-03,24511443.04263048
1977-03-04,24432625.33968468
1977-03-07,24413607.090577263
1977-03-08,24384762.86177673
1977-03-09,24422728.311692007
1977-03-10,24443964.223406423
1977-03-11,24532178.250391312
1977-03-14,24529757.769448586
1977-03-15,24550978.668226756
1977-03-16,24555489.81056299
1977-03-17,24509967.617249765
1977-03-18,24564659.512886796
1977-03-21,24595645.56841103
1977-03-22,24600156.66176765
1977-03-23,24587975.053182106
1977-03-24,24559121.060599428
1977-03-25,24530275.821966063
1977-03-28,24561353.081732456
1977-03-29,24565885.313345358
1977-03-30,24620586.741408136
1977-03-31,24658539.327806275
1977-04-01,24646361.371726904
1977-04-04,24643936.495302662
1977-04-05,24598429.64500834
1977-04-06,24619676.234341655
1977-04-07,24674380.806470875
1977-04-11,24760450.1040917
1977-04-12,24764525.724345658
1977-04-13,24821072.143758252
1977-04-14,25069571.326613802
1977-04-15,25022141.47459228
1977-04-18,25036395.457303993
1977-04-19,24954466.68104621
1977-04-20,24924350.755887914
1977-04-21,24911538.756515484
1977-04-22,24864155.86837748
1977-04-25,24809503.243423603
1977-04-26,24848706.611444913
1977-04-27,24853233.81803613
1977-04-28,24823154.678989183
1977-04-29,24741290.357584454
1977-05-02,24755991.613189086
1977-05-03,24777876.692344375
1977-05-04,24765121.108055674
1977-05-05,24735074.074556086
1977-05-06,24687754.52886743
1977-05-09,24702570.488864522
1977-05-10,24672544.372860946
1977-05-11,24677132.067741115
1977-05-12,24716390.135512736
1977-05-13,24755642.417984337
1977-05-16,24805089.06905253
1977-05-17,24826989.275884535
1977-05-18,24866229.368314136
1977-05-19,24767159.822187006
1977-05-20,24771745.094451874
1977-05-23,24838576.834293664
1977-05-24,24929945.70581094
1977-05-25,24966787.627691917
1977-05-26,24919227.921356488
1977-05-27,24993502.555173047
1977-05-31,25013152.509752277
1977-06-01,25017711.644583784
1977-06-02,25004883.912715096
1977-06-03,25061704.964560352
1977-06-06,25058899.336471327
1977-06-07,25080864.161214516
1977-06-08,25085423.326841313
1977-06-09,25107386.912268218
1977-06-10,25199117.705898013
1977-06-13,25265835.193152003
1977-06-14,25357543.46605916
1977-06-15,25344675.60147141
1977-06-16,25331811.821561363
1977-06-17,25336339.20158891
1977-06-20,25298561.99029893
1977-06-21,25320506.971695997
1977-06-22,25342449.412447907
1977-06-23,25329598.389996525
1977-06-24,25438793.471677497
1977-06-27,25453052.016469475
1977-06-28,25527283.21247408
1977-06-29,25477372.045530777
1977-06-30,25463874.092827518
1977-07-01,25217775.699479528
1977-07-05,25203363.40325589
1977-07-06,25043384.664692167
1977-07-07,25274771.659536067
1977-07-08,25208163.093576223
1977-07-11,25126434.222410668
1977-07-12,25122219.240357835
1977-07-13,25230738.51452469
1977-07-15,25334803.53390952
1977-07-18,25489055.96640066
1977-07-19,25720662.660857905
1977-07-20,25726550.724867992
1977-07-21,25694729.093233358
1977-07-22,25736195.746611465
1977-07-25,25598213.267884396
1977-07-26,25456045.32511256
1977-07-27,24908227.91966382
1977-07-28,24862000.835641094
1977-07-29,24862854.128030345
1977-08-01,24926461.024142895
1977-08-02,24901250.19199861
1977-08-03,24940513.759105742
1977-08-04,24927768.670405805
1977-08-05,24949681.072048686
1977-08-08,24981687.149377212
1977-08-09,24917081.153630614
1977-08-10,24904351.009703822
1977-08-11,24891624.720170576
1977-08-12,24878902.21664456
1977-08-15,24893707.32416912
1977-08-16,24898310.687171068
1977-08-17,24972346.45238942
1977-08-18,25011625.437873665
1977-08-19,25050899.57710409
1977-08-22,25082878.416407302
1977-08-23,25139514.607338943
1977-08-24,25161427.8581884
1977-08-25,25218054.94582647
1977-08-26,25308451.215439416
1977-08-29,25358390.91066192
1977-08-30,25327614.57908899
1977-08-31,25314493.59795108
1977-09-01,25283727.047304187
1977-09-02,25394605.689850975
1977-09-06,25414095.208913002
1977-09-07,25383324.549885973
1977-09-08,25352560.22729172
1977-09-09,25216241.686526287
1977-09-12,25195692.371345524
1977-09-13,25217959.649180185
1977-09-14,25275635.291632403
1977-09-15,25297895.13867746
1977-09-16,25320153.60821801
1977-09-19,25334842.95582016
1977-09-20,25268857.101374134
1977-09-21,25273447.204941068
1977-09-22,25225090.483396973
1977-09-23,25229689.68846352
1977-09-26,25191584.105752464
1977-09-27,25267014.1344252
1977-09-28,25271616.671080712
1977-09-29,25258555.123925537
1977-09-30,25227847.665704504
1977-10-03,25242739.362931937
1977-10-04,25265035.924100813
1977-10-05,25269650.307400934
1977-10-06,25203700.267991774
1977-10-07,25137759.964195047
1977-10-10,25137190.058627315
1977-10-11,25051683.11255132
1977-10-12,25056332.59902215
1977-10-13,25060983.223268896
1977-10-14,25065636.084200136
1977-10-17,25063145.49770103
1977-10-18,25067805.389592875
1977-10-19,25090149.618298143
1977-10-20,25094812.465202447
1977-10-21,25081811.36807578
1977-10-24,25079352.00918602
1977-10-25,25048709.66672825
1977-10-26,25071069.359304044
1977-10-27,25093428.69339101
1977-10-28,25098106.410111412
1977-10-31,25007586.292057034
1977-11-01,24994613.453995567
1977-11-02,24893554.57029054
1977-11-03,24915031.317966513
1977-11-04,24988384.656926118
1977-11-07,25037770.207126707
1977-11-08,25037341.315423224
1977-11-09,25081521.151587807
1977-11-10,25103386.636755284
1977-11-11,25102981.208535753
1977-11-14,25174571.098229572
1977-11-15,25179304.640209734
1977-11-16,25201167.572279923
1977-11-17,25223028.642456785
1977-11-18,25227759.903897423
1977-11-21,25208473.585682265
1977-11-22,25247486.933531757
1977-11-23,25286496.325409267
1977-11-25,25293436.607012417
1977-11-28,25290994.916825227
1977-11-29,25260568.72577823
1977-11-30,25265284.336493295
1977-12-01,25217320.601808958
1977-12-02,25204469.69342069
1977-12-05,25202182.586279914
1977-12-06,25154236.00196383
1977-12-07,25158977.77578659
1977-12-08,25146144.989080206
1977-12-09,25168483.26079819
1977-12-12,25166287.692091763
1977-12-13,25153463.41138147
1977-12-14,25140642.616975017
1977-12-15,25127825.837150652
1977-12-16,25132588.77559089
1977-12-19,25112926.971612386
1977-12-20,25029976.43142819
1977-12-21,25069961.155939296
1977-12-22,25022060.47633901
1977-12-23,25026848.996248025
1977-12-27,25012791.31013941
1977-12-28,25000012.76199298
1977-12-29,24934604.234212592
1977-12-30,25009877.19399768
1978-01-03,24943332.454881255
1978-01-04,24965744.73420149
1978-01-05,24952987.249002732
1978-01-06,24922671.57518937
1978-01-09,24667194.63942771
1978-01-10,24655062.645546034
1978-01-11,24642933.308352333
1978-01-12,24664881.94062092
1978-01-13,24738053.35901985
1978-01-16,24753897.315995306
1978-01-17,24758799.266702592
1978-01-18,24763702.44256042
1978-01-19,24785650.992668547
1978-01-20,24790554.781757705
1978-01-23,24806387.198788855
1978-01-24,24777253.91147728
1978-01-25,24765139.5681541
1978-01-26,24804160.668717716
1978-01-27,24826119.848544948
1978-01-30,24859004.999214012
1978-01-31,24898024.131707955
1978-02-01,24868894.78462008
1978-02-02,24873813.382183023
1978-02-03,24861704.353784993
1978-02-06,24843511.647033747
1978-02-07,24848442.610293515
1978-02-08,24836346.11105511
1978-02-09,24824253.024323694
1978-02-10,24812163.18162474
1978-02-13,24811595.4375084
1978-02-14,24782025.81222508
1978-02-15,24735937.603816386
1978-02-16,24706855.434389267
1978-02-17,24728866.32741554
1978-02-21,24733528.46820259
1978-02-22,24738501.726741895
1978-02-23,24774425.70637399
1978-02-24,24846479.93943461
1978-02-27,24895828.17757102
1978-02-28,24867369.76006608
1978-03-01,24855630.644561797
1978-03-02,24877366.83114841
1978-03-03,24882358.244087934
1978-03-06,24881484.261203066
1978-03-07,24919984.5658146
1978-03-08,24924979.61914617
1978-03-09,24946718.967111226
1978-03-10,24985215.865084246
1978-03-13,25017740.131262336
1978-03-14,25022733.875549283
1978-03-15,25010999.716171026
1978-03-16,25015997.381722122
1978-03-17,25020996.105293393
1978-03-20,25087058.82204964
1978-03-21,25092055.38978724
1978-03-22,25080324.495719083
1978-03-23,25035184.591332108
1978-03-27,24873205.39329321
1978-03-28,24878245.953087933
1978-03-29,24900031.19495896
1978-03-30,24888343.71722288
1978-03-31,24843247.13959577
1978-04-03,24892865.749081563
1978-04-04,24886612.827186514
1978-04-05,24892758.53927399
1978-04-06,24898896.484145347
1978-04-07,24904970.907872543
1978-04-10,24911046.81353785
1978-04-11,24917133.4993067
1978-04-12,24923203.071254443
1978-04-13,24929236.90012455
1978-04-14,24935132.45070049
1978-04-17,24940992.089731604
1978-04-18,24946899.746760126
1978-04-19,24952967.256546766
1978-04-20,24959017.609046113
1978-04-21,24965022.819474544
1978-04-24,24970880.142782662
1978-04-25,24976860.218125515
1978-04-26,24982869.721536297
1978-04-27,24988992.602888085
1978-04-28,24995098.333682634
1978-05-01,25001168.234386988
1978-05-02,24886412.1890768
1978-05-03,24639159.159432728
1978-05-04,24559806.445651755
1978-05-05,24717033.743421756
1978-05-08,24635137.06088168
1978-05-09,24565960.41736358
1978-05-10,24575643.373787127
1978-05-11,24905846.6747944
1978-05-12,25131745.977610152
1978-05-15,25311850.69571259
1978-05-16,25466510.922556404
1978-05-17,25534679.47824689
1978-05-18,25289964.167060483
1978-05-19,25167354.48376231
1978-05-22,25418676.765680935
1978-05-23,25158704.647433847
1978-05-24,24916543.5402998
1978-05-25,24847411.51492868
1978-05-26,24796036.45394177
1978-05-30,24871847.467184626
1978-05-31,24973092.738584258
1978-06-01,25005656.704359606
1978-06-02,25211189.149803452
1978-06-05,25676168.14314221
1978-06-06,25774850.15091299
1978-06-07,25728541.909564856
1978-06-08,25755998.359704655
1978-06-09,25689341.1767031
1978-06-12,25597249.98176531
1978-06-13,25606903.64850649
1978-06-14,25588579.181186024
1978-06-15,25303176.18327195
1978-06-16,25069695.153366946
1978-06-19,25092087.05863272
1978-06-20,24843932.91104802
1978-06-21,24719462.081707552
1978-06-22,24783086.201727502
1978-06-23,24686960.220912836
1978-06-26,24369249.480597332
1978-06-27,24471531.65799909
1978-06-28,24584115.54160833
1978-06-29,24632282.033416253
1978-06-30,24626339.520465802
1978-07-03,24517334.89533695
1978-07-05,24310425.290183768
1978-07-06,24327679.678464334
1978-07-07,24478911.329771955
1978-07-10,24581184.401591524
1978-07-11,24755598.038855195
1978-07-12,24839828.14112344
1978-07-13,24846762.64804819
1978-07-14,25193790.700300124
1978-07-17,25249668.16863889
1978-07-18,25019559.77070154
1978-07-19,25345967.423610877
1978-07-20,25327123.394864876
1978-07-21,25259329.163447887
1978-07-24,25255947.20276992
1978-07-25,25445795.089552537
1978-07-26,25615026.07290457
1978-07-27,25737877.572900306
1978-07-28,25860725.600611575
1978-07-31,26040250.3716864
1978-08-01,26039425.975219596
1978-08-02,26626005.590143792
1978-08-03,26782323.72054503
1978-08-04,26892261.58420332
1978-08-07,26801246.0833974
1978-08-08,26924064.782100085
1978-08-09,27054608.501956753
1978-08-10,26842503.820870068
1978-08-11,26924098.07215757
1978-08-14,26930979.909269463
1978-08-15,26904368.59204905
1978-08-16,27114773.541106913
1978-08-17,27229851.19294084
1978-08-18,27143979.878585838
1978-08-21,26931874.733691435
1978-08-22,27044377.954497866
1978-08-23,27203251.67285783
1978-08-24,27251342.674783353
1978-08-25,27209266.312108066
1978-08-28,26968673.85463928
1978-08-29,26826132.768332113
1978-08-30,26858773.62614063
1978-08-31,26808976.86539412
1978-09-01,26913748.376360543
1978-09-05,27200882.847264886
1978-09-06,27413858.257622425
1978-09-07,27444189.859728657
1978-09-08,27798337.624527235
1978-09-11,27917238.668702368
1978-09-12,27958980.62814235
1978-09-13,27775147.94423367
1978-09-14,27421065.096912093
1978-09-15,27111573.357685357
1978-09-18,26853410.865913887
1978-09-19,26660935.325651594
1978-09-20,26313383.200624704
1978-09-21,26271995.878404353
1978-09-22,26171629.80146258
1978-09-25,26191217.268805344
1978-09-26,26440781.855035797
1978-09-27,26179560.96396332
1978-09-28,26259173.200088058
1978-09-29,26375906.942951325
1978-10-02,26463808.82807022
1978-10-03,26391001.639118664
1978-10-04,26476735.24660957
1978-10-05,26515578.04208771
1978-10-06,26616673.86979559
1978-10-09,26887438.368811484
1978-10-10,26874709.597406954
1978-10-11,27150450.93767048
1978-10-12,27111673.571846742
1978-10-13,27039727.99399475
1978-10-16,26403089.555189986
1978-10-17,26041631.53959853
1978-10-18,25812478.730353914
1978-10-19,25484493.368258104
1978-10-20,25101247.97334677
1978-10-23,25174562.83392188
1978-10-24,25034588.773222804
1978-10-25,24975203.183479343
1978-10-26,24536828.45721007
1978-10-27,24077103.40179074
1978-10-30,24052152.741935052
1978-10-31,23449190.873532597
1978-11-01,24837917.391440228
1978-11-02,24822614.985521723
1978-11-03,24830924.18488351
1978-11-06,24839272.397440556
1978-11-07,24847691.3383076
1978-11-08,24856181.030720167
1978-11-09,24864519.602044802
1978-11-10,24872579.39511397
1978-11-13,24880386.702189326
1978-11-14,24888260.31616798
1978-11-15,24895880.668795183
1978-11-16,24903640.489172563
1978-11-17,24911228.938290667
1978-11-20,24919030.102328952
1978-11-21,24927398.847464867
1978-11-22,24935588.39056395
1978-11-24,24943989.978701923
1978-11-27,24952485.3145278
1978-11-28,24961128.887506828
1978-11-29,24969648.246340465
1978-11-30,24978197.794798706
1978-12-01,24986604.630650174
1978-12-04,24909485.02993212
1978-12-05,25192664.83207835
1978-12-06,25207386.11943572
1978-12-07,25039289.46983722
1978-12-08,24910212.086688463
1978-12-11,25046343.437022753
1978-12-12,24883556.211219195
1978-12-13,24653650.244202513
1978-12-14,24682493.56205679
1978-12-15,24437404.29716025
1978-12-18,23762276.70174672
1978-12-19,23952346.29346169
1978-12-20,24036042.49899017
1978-12-21,24046083.582984004
1978-12-22,24531999.446713094
1978-12-26,24828320.675180674
1978-12-27,24627769.792902138
1978-12-28,24470218.175461788
1978-12-29,24445146.48957036
1979-01-02,24575715.445277218
1979-01-03,24840391.374225263
1979-01-04,25043522.016680088
1979-01-05,25188304.26623675
1979-01-08,25109865.137669314
1979-01-09,25249572.125465043
1979-01-10,25112787.98632989
1979-01-11,25201763.020152166
1979-01-12,25417562.888360843
1979-01-15,25615600.836191397
1979-01-16,25308861.887841955
1979-01-17,25319198.386698853
1979-01-18,25385336.036952082
1979-01-19,25398205.42080213
1979-01-22,25441512.96195869
1979-01-23,25624324.579608824
1979-01-24,25517974.951981205
1979-01-25,25784486.867199786
1979-01-26,25959678.717787035
1979-01-29,25886294.87839268
1979-01-30,25764720.039447106
1979-01-31,25485889.089919638
1979-02-01,25498754.087022267
1979-02-02,25454678.888518356
1979-02-05,25012891.532816015
1979-02-06,24923553.167837255
1979-02-07,24556050.27548605
1979-02-08,24680751.257307425
1979-02-09,24706330.410240997
1979-02-12,24785081.971929513
1979-02-13,24988536.191510797
1979-02-14,24959836.11595024
1979-02-15,24926965.340872638
1979-02-16,24929993.25869614
1979-02-20,25122505.31789706
1979-02-21,24989309.156832512
1979-02-22,24726760.201863274
1979-02-23,24570956.731044244
1979-02-26,24573842.468369666
1979-02-27,24209030.31432152
1979-02-28,24279418.780697625
1979-03-01,24435679.299214054
1979-03-02,24470821.271705396
1979-03-05,24833980.552724693
1979-03-06,24740256.765894443
1979-03-07,24947803.529677425
1979-03-08,25233177.10364858
1979-03-09,25209272.488809116
1979-03-12,25255857.44352218
1979-03-13,25300092.186306953
1979-03-14,25253821.463095024
1979-03-15,25261225.739033148
1979-03-16,25503626.978314757
1979-03-19,25611019.214217488
1979-03-20,25455149.02640476
1979-03-21,25645961.736017883
1979-03-22,25770117.319251083
1979-03-23,25754238.350889355
1979-03-26,25627611.567936
1979-03-27,26008933.41947326
1979-03-28,25986271.232701406
1979-03-29,25982025.650129315
1979-03-30,25790546.08534623
1979-04-02,25631133.632450838
1979-04-03,26027542.098634887
1979-04-04,26108900.01685952
1979-04-05,26297538.89011346
1979-04-06,26227553.50981597
1979-04-09,26096092.912984926
1979-04-10,26165448.046395853
1979-04-11,25856901.009538673
1979-04-12,25780301.41486628
1979-04-16,25596438.906460516
1979-04-17,25677809.33606077
1979-04-18,25812068.038660694
1979-04-19,25708365.387676083
1979-04-20,25632052.890975058
1979-04-23,25699668.646524068
1979-04-24,25811101.232788514
1979-04-25,25905285.76362842
1979-04-26,25718382.65510606
1979-04-27,25585268.482636306
1979-04-30,25540904.458236802
1979-05-01,25506437.528858673
1979-05-02,25550916.43139773
1979-05-03,25509892.47097402
1979-05-04,25216712.47962858
1979-05-07,24816209.33611033
1979-05-08,24870977.186333265
1979-05-09,24976599.230187837
1979-05-10,24744842.678857252
1979-05-11,24778461.85160181
1979-05-14,24742120.982964985
1979-05-15,24732297.128114626
1979-05-16,24819655.261304673
1979-05-17,25310463.107653774
1979-05-18,25325603.95991343
1979-05-21,25376147.645057537
1979-05-22,25616980.55153901
1979-05-23,25595741.26085365
1979-05-24,25623890.040594336
1979-05-25,25775835.341243453
1979-05-29,25754295.651847847
1979-05-30,25516158.25966305
1979-05-31,25433848.77827401
1979-06-01,25474665.584565155
1979-06-04,25509821.291084822
1979-06-05,25901400.663794637
1979-06-06,26155658.7977197
1979-06-07,26412899.609769613
1979-06-08,26319884.974534865
1979-06-11,26373730.59583067
1979-06-12,26875271.382178053
1979-06-13,26670787.637777224
1979-06-14,26576365.58614316
1979-06-15,26395326.536919035
1979-06-18,26289908.462137457
1979-06-19,26296685.006840866
1979-06-20,26328385.26979364
1979-06-21,26466067.970227633
1979-06-22,26524355.214914195
1979-06-25,26482765.77259243
1979-06-26,26562780.833488412
1979-06-27,26756539.33309191
1979-06-28,26895227.729718927
1979-06-29,26908149.50454812
1979-07-02,26770388.890068978
1979-07-03,26780628.27964568
1979-07-05,26824845.577031314
1979-07-06,27099638.13121371
1979-07-09,27262209.526563242
1979-07-10,27087160.106109936
1979-07-11,26855440.4770434
1979-07-12,26646121.93297271
1979-07-13,26569041.174978253
1979-07-16,26605251.81729319
1979-07-17,26337258.21697881
1979-07-18,26268274.35341715
1979-07-19,26231992.606621563
1979-07-20,26389514.551366728
1979-07-23,26259547.65175037
1979-07-24,26307566.471125912
1979-07-25,26713832.066652436
1979-07-26,26754492.651274066
1979-07-27,26671019.346538667
1979-07-30,26681314.14184821
1979-07-31,26886512.80633373
1979-08-01,27014576.28913772
1979-08-02,27138443.685246274
1979-08-03,27106555.23193457
1979-08-06,27205319.61842586
1979-08-07,27553583.877579562
1979-08-08,27604399.50629058
1979-08-09,27409263.94361558
1979-08-10,27591623.55897801
1979-08-13,27868251.35107186
1979-08-14,27930145.04709125
1979-08-15,28081945.475568563
1979-08-16,28041625.323034436
1979-08-17,28078243.33871524
1979-08-20,28211005.22244955
1979-08-21,28196093.796458796
1979-08-22,28217441.417856313
1979-08-23,28107522.3927563
1979-08-24,27937715.799993068
1979-08-27,28125948.274206854
1979-08-28,28035770.78296199
1979-08-29,28054445.320252027
1979-08-30,27928685.491035577
1979-08-31,27951366.487838347
1979-09-04,27353706.26852548
1979-09-05,27091752.520157404
1979-09-06,27153347.806957077
1979-09-07,27374955.12409127
1979-09-10,27482678.68212237
1979-09-11,27508285.863312397
1979-09-12,27500016.871165905
1979-09-13,27438431.95602169
1979-09-14,27754905.96546861
1979-09-17,27650746.265938092
1979-09-18,27456700.147570208
1979-09-19,27614552.609245375
1979-09-20,28211423.39501355
1979-09-21,28254503.54863116
1979-09-24,27906274.56459579
1979-09-25,27960870.49844108
1979-09-26,27961941.264072504
1979-09-27,27884252.52436155
1979-09-28,27660354.9541853
1979-10-01,27360788.943325028
1979-10-02,27690403.42485607
1979-10-03,27639528.787650276
1979-10-04,27648148.02041323
1979-10-05,27891123.36693115
1979-10-08,27534279.388952795
1979-10-09,26178669.168707542
1979-10-10,25592661.072565112
1979-10-11,25405485.514801323
1979-10-12,25302432.14576632
1979-10-15,24796261.03028333
1979-10-16,24816776.643100318
1979-10-17,24972220.803693287
1979-10-18,24707908.34902986
1979-10-19,23827103.557010304
1979-10-22,23233622.223256547
1979-10-23,23051132.755164906
1979-10-24,23350435.676605847
1979-10-25,23045987.95799626
1979-10-26,23607859.73906621
1979-10-29,23497578.488920297
1979-10-30,23989438.688151315
1979-10-31,23838677.256101526
1979-11-01,23911245.013451923
1979-11-02,23891405.19414965
1979-11-05,23738538.788466725
1979-11-06,23601685.577222336
1979-11-07,23302483.012835514
1979-11-08,23405747.796354033
1979-11-09,23687367.553035304
1979-11-12,24149628.73578462
1979-11-13,24024199.56351793
1979-11-14,24132012.62715475
1979-11-15,24306133.703760076
1979-11-16,24233294.15179584
1979-11-19,24338815.692687757
1979-11-20,24220241.80263404
1979-11-21,24270880.24862267
1979-11-23,24454137.026620954
1979-11-26,24946080.270383663
1979-11-27,24852455.740093067
1979-11-28,24946518.523004647
1979-11-29,24960546.939759552
1979-11-30,24816804.03229266
1979-12-03,24746236.817621198
1979-12-04,24970636.94391125
1979-12-05,25080702.557310253
1979-12-06,25257075.18774458
1979-12-07,25152200.50238193
1979-12-10,25191382.641336825
1979-12-11,25155109.854151674
1979-12-12,25166857.499074902
1979-12-13,25206041.56545317
1979-12-14,25496737.461894564
1979-12-17,25595360.506089915
1979-12-18,25364726.396355752
1979-12-19,25346735.978080977
1979-12-20,25365331.75250412
1979-12-21,25214200.95111809
1979-12-24,25235901.792133518
1979-12-26,25269188.36681917
1979-12-27,25316382.49792199
1979-12-28,25294035.56162515
1979-12-31,25322686.913908765
1980-01-02,24822849.152029797
1980-01-03,24703163.078852955
1980-01-04,25009975.044206154
1980-01-07,25082669.184768777
1980-01-08,25584170.546323754
1980-01-09,25612810.65340183
1980-01-10,25812967.47590675
1980-01-11,25825374.831283595
1980-01-14,25937450.489534475
1980-01-15,26119059.44142135
1980-01-16,26103646.48226536
1980-01-17,26027968.953600977
1980-01-18,26119180.028541613
1980-01-21,26363364.930490203
1980-01-22,26232058.521799874
1980-01-23,26684838.863622226
1980-01-24,26750535.664665088
1980-01-25,26735111.35229304
1980-01-28,27027948.761801153
1980-01-29,26852590.999067385
1980-01-30,27119927.122736964
1980-01-31,26884305.501567867
1980-02-01,27112237.716920618
1980-02-04,26943830.083650786
1980-02-05,27016472.34497937
1980-02-06,27267574.034589835
1980-02-07,27402782.156688336
1980-02-08,27795252.124716662
1980-02-11,27608292.608121477
1980-02-12,27794482.376732517
1980-02-13,27925043.09506407
1980-02-14,27531808.641561516
1980-02-15,27233614.576037202
1980-02-19,27051314.339978408
1980-02-20,27490145.867683485
1980-02-21,27219771.54447138
1980-02-22,27169578.74120354
1980-02-25,26778700.80333515
1980-02-26,26932135.401061695
1980-02-27,26566757.738475937
1980-02-28,26565249.577706363
1980-02-29,26874300.92679293
1980-03-03,26610911.743002865
1980-03-04,26681259.512719296
1980-03-05,26304320.312101632
1980-03-06,25735039.708497845
1980-03-07,25334952.572382223
1980-03-10,25250055.970431127
1980-03-11,25549868.63653757
1980-03-12,25344460.704013716
1980-03-13,25060258.28641738
1980-03-14,25021717.52783812
1980-03-17,24292565.321642365
1980-03-18,24724482.928478427
1980-03-19,24778640.718076766
1980-03-20,24508361.019639403
1980-03-21,24322896.971149772
1980-03-24,23615343.590843808
1980-03-25,23599615.88802762
1980-03-26,23485057.505079947
1980-03-27,23382261.196696904
1980-03-28,23966555.293877136
1980-03-31,24303758.57586024
1980-04-01,24330360.4134042
1980-04-02,24331708.451005038
1980-04-03,24345181.61877445
1980-04-07,24358190.279602453
1980-04-08,24371265.044707302
1980-04-09,24384203.03048785
1980-04-10,24397139.414862283
1980-04-11,24409819.59221996
1980-04-14,24422378.745788705
1980-04-15,24434927.324557938
1980-04-16,24447209.21821556
1980-04-17,24459497.285204895
1980-04-18,24471534.510991726
1980-04-21,24483345.64991872
1980-04-22,24494575.426085543
1980-04-23,24505602.212669585
1980-04-24,24516547.067833774
1980-04-25,24527409.79966682
1980-04-28,24537569.36693771
1980-04-29,24547504.70444087
1980-04-30,24557135.582221854
1980-05-01,24566743.741477445
1980-05-02,25070116.677100785
1980-05-05,25364572.720292274
1980-05-06,25934579.89882669
1980-05-07,25903556.830123696
1980-05-08,25303217.324958045
1980-05-09,24786269.266256634
1980-05-12,24817569.06743743
1980-05-13,25439118.011351302
1980-05-14,25556029.960099015
1980-05-15,25326304.641374934
1980-05-16,25320825.424808666
1980-05-19,25166511.532595214
1980-05-20,25638704.904821545
1980-05-21,25888426.628635574
1980-05-22,26159709.3092096
1980-05-23,26936995.747719437
1980-05-27,26960085.919721946
1980-05-28,26888373.055709142
1980-05-29,26235651.688897274
1980-05-30,26451666.953361854
1980-06-02,26260964.58304031
1980-06-03,26450250.621251967
1980-06-04,27093067.04944567
1980-06-05,27221229.370239656
1980-06-06,27680564.215195585
1980-06-09,27958987.681694232
1980-06-10,28021565.59736847
1980-06-11,28584598.62122435
1980-06-12,28777177.01796391
1980-06-13,28889321.48456039
1980-06-16,29049786.09934877
1980-06-17,29004089.558491502
1980-06-18,28938740.488377072
1980-06-19,28554668.96675379
1980-06-20,28537638.299421262
1980-06-23,28416488.9644368
1980-06-24,28485916.669550154
1980-06-25,28681670.713425543
1980-06-26,28412094.916093808
1980-06-27,28068997.106934715
1980-06-30,27575448.53150667
1980-07-01,27677099.15042133
1980-07-02,27759678.667592306
1980-07-03,28499422.85730427
1980-07-07,28390300.926666263
1980-07-08,28479344.776806686
1980-07-09,28429412.779896393
1980-07-10,28064467.60770472
1980-07-11,28160162.52614813
1980-07-14,28610300.20173822
1980-07-15,28723667.500060715
1980-07-16,28980147.221986603
1980-07-17,29164361.98430481
1980-07-18,29329120.564709533
1980-07-21,29587540.124766476
1980-07-22,29425419.869453438
1980-07-23,29475585.23475115
1980-07-24,29231223.565124992
1980-07-25,28797352.254566547
1980-07-28,28777653.422952365
1980-07-29,29027320.35923424
1980-07-30,28850753.899104342
1980-07-31,28322635.879466455
1980-08-01,28218848.851334162
1980-08-04,28304859.37242277
1980-08-05,28235613.52637492
1980-08-06,28257312.069427963
1980-08-07,28818757.428015605
1980-08-08,28623632.821653426
1980-08-11,28643811.10731072
1980-08-12,28506539.92989051
1980-08-13,28547370.52930593
1980-08-14,28983207.73248758
1980-08-15,29162027.713957723
1980-08-18,28181987.28577608
1980-08-19,27822207.8467904
1980-08-20,28121144.804766282
1980-08-21,28373045.425525334
1980-08-22,28783256.144329865
1980-08-25,28151905.5612813
1980-08-26,28043752.09830024
1980-08-27,27344967.804318774
1980-08-28,26684517.381837152
1980-08-29,27280672.902365863
1980-09-02,27973038.728786204
1980-09-03,28906208.287934195
1980-09-04,28614076.104916997
1980-09-05,28410710.75067731
1980-09-08,27944654.535887036
1980-09-09,28281916.25771054
1980-09-10,28532320.757270236
1980-09-11,28430805.343101982
1980-09-12,28323888.28816695
1980-09-15,27965129.270779334
1980-09-16,28365729.175851725
1980-09-17,28755242.53471649
1980-09-18,28720834.35023469
1980-09-19,29249636.88034171
1980-09-22,28929589.501379337
1980-09-23,28599431.692628387
1980-09-24,28825817.449161895
1980-09-25,28201298.930502497
1980-09-26,27554766.861948084
1980-09-29,26836273.563455768
1980-09-30,27577889.997665167
1980-10-01,28069004.26517195
1980-10-02,28199210.74623645
1980-10-03,29166815.464395642
1980-10-06,29810541.456996117
1980-10-07,29511106.905863605
1980-10-08,29522182.26834405
1980-10-09,29592232.859116815
1980-10-10,29339334.79250443
1980-10-13,29723042.592706338
1980-10-14,29869347.398469184
1980-10-15,30386139.72207684
1980-10-16,29732733.102355104
1980-10-17,29317447.94166216
1980-10-20,29544812.49093441
1980-10-21,29272750.06370766
1980-10-22,28987780.802782297
1980-10-23,28565714.09305043
1980-10-24,28768548.20963225
1980-10-27,27724856.571406182
1980-10-28,27463101.81082839
1980-10-29,27186636.656588137
1980-10-30,26844525.04967701
1980-10-31,27124471.999954283
1980-11-03,27474660.578751013
1980-11-05,27950472.8552174
1980-11-06,27443752.53851335
1980-11-07,27505498.891823154
1980-11-10,27573586.28753225
1980-11-11,27954424.73646262
1980-11-12,28662798.477153096
1980-11-13,29068968.116802476
1980-11-14,29213087.81670693
1980-11-17,29344528.631975405
1980-11-18,29761240.5060097
1980-11-19,29630633.750865605
1980-11-20,29918433.10970563
1980-11-21,29650470.529409744
1980-11-24,29483091.906576626
1980-11-25,29703270.722387884
1980-11-26,29885405.43299037
1980-11-28,29963994.680490047
1980-12-01,29269185.495684892
1980-12-02,29223113.209628906
1980-12-03,29172817.926162686
1980-12-04,29128859.535333905
1980-12-05,28615803.875189234
1980-12-08,27897794.951032296
1980-12-09,27874998.72780208
1980-12-10,27410577.02509031
1980-12-11,27225090.327939752
1980-12-12,27624915.096143194
1980-12-15,27676081.34159662
1980-12-16,27923757.807614837
1980-12-17,28412306.456627537
1980-12-18,28440209.240218017
1980-12-19,28593134.299766127
1980-12-22,29043086.377044287
1980-12-23,28945674.375737708
1980-12-24,29074901.289391987
1980-12-26,29227643.281891868
1980-12-29,28903588.89893725
1980-12-30,28972948.828452375
1980-12-31,29070099.042289566
1981-01-02,29199318.951824546
1981-01-05,30000376.34292056
1981-01-06,30100030.47436649
1981-01-07,28991689.663619023
1981-01-08,28606857.106894653
1981-01-09,28342195.08737353
1981-01-12,28559101.943843685
1981-01-13,28382576.97458563
1981-01-14,28419295.65244862
1981-01-15,28434514.37297327
1981-01-16,28692523.878197037
1981-01-19,28451620.202921495
1981-01-20,28096941.059431195
1981-01-21,27610541.228980225
1981-01-22,27225196.624527283
1981-01-23,27262255.647359885
1981-01-26,27410972.061752204
1981-01-27,27631050.583679043
1981-01-28,27407683.944981687
1981-01-29,27340958.388580486
1981-01-30,27378458.339048658
1981-02-02,26578082.090020277
1981-02-03,26892274.403739624
1981-02-04,26924417.073649272
1981-02-05,27145862.60652755
1981-02-06,27352738.6960297
1981-02-09,27081160.86186354
1981-02-10,27080016.484525744
1981-02-11,26877093.12419714
1981-02-12,26724098.92093868
1981-02-13,26625193.558864016
1981-02-17,26802951.592179675
1981-02-18,26947422.774332713
1981-02-19,26563532.915279754
1981-02-20,26562398.9272183
1981-02-23,26727674.49510103
1981-02-24,26738421.74806195
1981-02-25,26978575.892133426
1981-02-26,27312327.607672624
1981-02-27,27560784.84172478
1981-03-02,27719789.038725477
1981-03-03,27423251.88522448
1981-03-04,27490736.627297547
1981-03-05,27302367.932834305
1981-03-06,27290814.189823154
1981-03-09,27560063.20020117
1981-03-10,27427859.772192217
1981-03-11,27326855.88454
1981-03-12,28005870.547094807
1981-03-13,27994296.433233984
1981-03-16,28325924.26899238
1981-03-17,28172903.073196255
1981-03-18,28240365.953869
1981-03-19,28087347.790253613
1981-03-20,28221747.29464789
1981-03-23,28565837.16578629
1981-03-24,28355899.333859827
1981-03-25,28874824.469715305
1981-03-26,28702799.118630458
1981-03-27,28366467.747286785
1981-03-30,28293461.032847222
1981-03-31,28660711.562464524
1981-04-01,28785707.830848914
1981-04-02,28737967.848833762
1981-04-03,28568053.124444693
1981-04-06,28244368.02226528
1981-04-07,28245090.05746968
1981-04-08,28334278.675771583
1981-04-09,28415040.407087684
1981-04-10,28386264.47937767
1981-04-13,28104719.325592533
1981-04-14,28010652.371770736
1981-04-15,28329443.5255028
1981-04-16,28446010.293684956
1981-04-20,28608914.364435345
1981-04-21,28356856.979689177
1981-04-22,28342827.163476493
1981-04-23,28305627.23049027
1981-04-24,28563315.847414717
1981-04-27,28639850.864111017
1981-04-28,28402540.880868614
1981-04-29,28137853.69270076
1981-04-30,28092229.011055067
1981-05-01,28078202.151859924
1981-05-04,27651335.907663096
1981-05-05,27582553.601648815
1981-05-06,27684378.795092024
1981-05-07,27876772.61278482
1981-05-08,27879597.442305896
1981-05-11,27473805.240592465
1981-05-12,27691474.31175897
1981-05-13,27660600.79937683
1981-05-14,27819288.924804255
1981-05-15,28011673.075566962
1981-05-18,28094527.37989877
1981-05-19,28004670.101571914
1981-05-20,27990638.617746226
1981-05-21,27942906.46264395
1981-05-22,27859370.794046532
1981-05-26,28164797.084891148
1981-05-27,28380332.749731146
1981-05-28,28317846.918101963
1981-05-29,28141631.452359147
1981-06-01,28108640.080104303
1981-06-02,27736555.542316392
1981-06-03,27760439.71706768
1981-06-04,27818018.255141508
1981-06-05,28088312.33432469
1981-06-08,28097443.40839698
1981-06-09,28045495.238073133
1981-06-10,28124129.275877077
1981-06-11,28430216.403133363
1981-06-12,28380369.049266633
1981-06-15,28410553.17570277
1981-06-16,28107976.643970918
1981-06-17,28359305.632730175
1981-06-18,28010395.795925353
1981-06-19,28148492.69051073
1981-06-22,28085123.90748236
1981-06-23,28388602.053678382
1981-06-24,28246314.247292317
1981-06-25,28283184.44228026
1981-06-26,28234743.63714705
1981-06-29,28096728.215308793
1981-06-30,27956583.873592522
1981-07-01,27654350.632546023
1981-07-02,27418240.393454015
1981-07-06,27152279.988563154
1981-07-07,27342729.767340478
1981-07-08,27364688.40570189
1981-07-09,27578588.88418472
1981-07-10,27598406.88102928
1981-07-13,27660880.969949707
1981-07-14,27667900.497475456
1981-07-15,27796484.868612327
1981-07-16,27824829.180488255
1981-07-17,27919284.801549695
1981-07-20,27489102.21429242
1981-07-21,27412948.263535134
1981-07-22,27159787.921724916
1981-07-23,27222265.456638336
1981-07-24,27453219.835720472
1981-07-27,27765203.20871608
1981-07-28,27608006.448835555
1981-07-29,27617156.816986166
1981-07-30,27803310.035233162
1981-07-31,28002256.08827941
1981-08-03,27913295.00780819
1981-08-04,28067449.15483155
1981-08-05,28390073.488014013
1981-08-06,28388539.151743606
1981-08-07,28203604.981082797
1981-08-10,28376941.337006733
1981-08-11,28661169.50566914
1981-08-12,28570058.685215857
1981-08-13,28598373.23747168
1981-08-14,28385715.17566353
1981-08-17,28119746.096493565
1981-08-18,27887904.641483527
1981-08-19,27973810.632005885
1981-08-20,28021327.793344945
1981-08-21,27714853.439597495
1981-08-24,26924319.62867336
1981-08-25,26850309.723504923
1981-08-26,26816255.616841473
1981-08-27,26511944.816922404
1981-08-28,26638392.79450332
1981-08-31,26368206.288967945
1981-09-01,26422152.481089544
1981-09-02,26424144.553464055
1981-09-03,26439376.930497233
1981-09-04,26454554.51727954
1981-09-08,26469822.590883717
1981-09-09,26484835.602511737
1981-09-10,26499537.598266486
1981-09-11,26513798.531846944
1981-09-14,26528002.774433248
1981-09-15,26542067.278967515
1981-09-16,26556185.332799345
1981-09-17,26570292.451747395
1981-09-18,26584425.518897686
1981-09-21,26598501.46529281
1981-09-22,26612778.764008675
1981-09-23,26626804.976165604
1981-09-24,26640847.837640196
1981-09-25,26654981.424342107
1981-09-28,26668955.71721038
1981-09-29,26682974.443294007
1981-09-30,26697167.447389144
1981-10-01,26711581.006279603
1981-10-02,26726076.375864066
1981-10-05,26740227.323686928
1981-10-06,26754041.441821903
1981-10-07,26767816.056835584
1981-10-08,26781457.650587726
1981-10-09,26794759.618462637
1981-10-12,26808147.95171126
1981-10-13,26821622.713388562
1981-10-14,26834860.030825414
1981-10-15,26848216.72189144
1981-10-16,26861730.40505921
1981-10-19,26875250.89015482
1981-10-20,26888721.76960998
1981-10-21,26902039.32833044
1981-10-22,26915391.762552686
1981-10-23,26928675.35797513
1981-10-26,26942041.012601577
1981-10-27,26955451.051561352
1981-10-28,26968735.514596593
1981-10-29,26981856.16468393
1981-10-30,26994708.026399005
1981-11-02,27007508.962396294
1981-11-03,26993465.07688426
1981-11-04,27568378.214166764
1981-11-05,27563549.482938908
1981-11-06,27939818.858032435
1981-11-09,28785611.431635436
1981-11-10,28778934.069126483
1981-11-11,28778346.13588855
1981-11-12,29129796.48640783
1981-11-13,29155407.447718978
1981-11-16,29358654.70094555
1981-11-17,29191364.92900384
1981-11-18,29493864.927073855
1981-11-19,29439335.91212186
1981-11-20,29288524.020491697
1981-11-23,28841266.18013646
1981-11-24,29337889.385733955
1981-11-25,29583811.61592115
1981-11-27,29701839.74986079
1981-11-30,29392622.32201538
1981-12-01,29014409.709014557
1981-12-02,28494739.822926793
1981-12-03,28657070.28892768
1981-12-04,29385772.34993267
1981-12-07,28612391.13346973
1981-12-08,28532395.380473413
1981-12-09,28471582.962565184
1981-12-10,28284161.337444194
1981-12-11,28054209.904295877
1981-12-14,27933774.524602145
1981-12-15,28089015.74670709
1981-12-16,27996314.26490316
1981-12-17,27888046.68983946
1981-12-18,28390097.440745313
1981-12-21,27794275.202901896
1981-12-22,27416274.96895954
1981-12-23,27120173.4034759
1981-12-24,27361434.029247917
1981-12-28,27336831.127065986
1981-12-29,27051695.6122157
1981-12-30,27124376.904115397
1981-12-31,27456934.97105743
1982-01-04,27237280.867845166
1982-01-05,26880947.979819816
1982-01-06,26678527.517768778
1982-01-07,26633042.450138822
1982-01-08,26851683.86851511
1982-01-11,26432585.826342445
1982-01-12,26707253.05564181
1982-01-13,26429507.58809659
1982-01-14,26620245.35788556
1982-01-15,26465326.50209954
1982-01-18,26594364.74347752
1982-01-19,26535581.23695444
1982-01-20,26531957.71196131
1982-01-21,26806658.420287862
1982-01-22,26720377.76134035
1982-01-25,26849146.13929704
1982-01-26,26970280.90155854
1982-01-27,27022025.78876233
1982-01-28,27338891.579938956
1982-01-29,27564351.807933
1982-02-01,26977023.577869654
1982-02-02,27145154.646315817
1982-02-03,26843356.962114964
1982-02-04,26756672.84044376
1982-02-05,26919611.31186797
1982-02-08,26636277.572222684
1982-02-09,26550062.292709704
1982-02-10,26754858.444746938
1982-02-11,26903890.790473994
1982-02-12,26903405.38427193
1982-02-16,27207412.060876355
1982-02-17,27259297.63211546
1982-02-18,27576299.455117173
1982-02-19,27643854.24876777
1982-02-22,28218303.06020712
1982-02-23,28135070.642354485
1982-02-24,28235484.508077223
1982-02-25,28185716.560482237
1982-02-26,28016643.799824644
1982-03-01,28320621.79318349
1982-03-02,28496600.008333754
1982-03-03,28581982.828932464
1982-03-04,28712620.358198434
1982-03-05,28752871.160105728
1982-03-08,28660514.395292446
1982-03-09,28639717.65959047
1982-03-10,28588038.389092363
1982-03-11,28260564.089234542
1982-03-12,28240359.317104034
1982-03-15,28287253.100378945
1982-03-16,28372684.382085532
1982-03-17,28428016.65137656
1982-03-18,28453295.73107847
1982-03-19,28433578.95933418
1982-03-22,28691729.368691273
1982-03-23,28732063.380493622
1982-03-24,28459354.483152572
1982-03-25,28484667.200595353
1982-03-26,28330604.961720336
1982-03-29,28138857.297165394
1982-03-30,28104190.304529287
1982-03-31,28129509.20718558
1982-04-01,28260249.588024933
1982-04-02,28270575.185836088
1982-04-05,28213033.32616825
1982-04-06,28193384.492534943
1982-04-07,28203729.17022831
1982-04-08,28516544.674036894
1982-04-12,28785841.687976457
1982-04-13,28796245.09293537
1982-04-14,28627413.963115174
1982-04-15,28697942.609229796
1982-04-16,29010832.01942424
1982-04-19,29120233.480715673
1982-04-20,29037595.537375573
1982-04-21,29094580.19289534
1982-04-22,29073882.467756342
1982-04-23,29115315.374974433
1982-04-26,29131857.06346864
1982-04-27,29142222.577391434
1982-04-28,29044168.482161954
1982-04-29,28899829.40155386
1982-04-30,28910202.48257895
1982-05-03,28818866.98534954
1982-05-04,28953891.98944412
1982-05-05,29073306.638843007
1982-05-06,29491635.442491163
1982-05-07,29595467.50421342
1982-05-10,29611581.875793193
1982-05-11,29668677.465623673
1982-05-12,29470868.747442085
1982-05-13,29433095.109458026
1982-05-14,29669462.754943583
1982-05-17,29557747.437222503
1982-05-18,29520003.19831692
1982-05-19,29466253.334006034
1982-05-20,29654021.45264365
1982-05-21,29680471.872876722
1982-05-24,29616775.823436834
1982-05-25,29560365.2954549
1982-05-26,29475495.243019924
1982-05-27,29422348.68347047
1982-05-28,29448720.74992381
1982-06-01,29145379.591114145
1982-06-02,29267593.266928744
1982-06-03,29214475.460859433
1982-06-04,29097971.334488027
1982-06-07,29192248.439866222
1982-06-08,29141142.74843921
1982-06-09,29136281.6729398
1982-06-10,29100586.447890908
1982-06-11,29250649.853946682
1982-06-14,28855715.68451049
1982-06-15,28866319.226858784
1982-06-16,28799860.560486726
1982-06-17,28473600.47836217
1982-06-18,28277533.844168935
1982-06-21,28296378.731867377
1982-06-22,28262749.21856123
1982-06-23,28155401.46798475
1982-06-24,28210614.80335487
1982-06-25,28147468.606874432
1982-06-28,28225952.33165466
1982-06-29,28415216.84132374
1982-06-30,28679353.27607816
1982-07-01,28749463.365216438
1982-07-02,28612766.213557646
1982-07-06,28687144.762726247
1982-07-07,28683167.140895907
1982-07-08,29143313.78930841
1982-07-09,29400467.979814425
1982-07-12,29680401.65858349
1982-07-13,29462445.215809178
1982-07-14,29350893.9218051
1982-07-15,29577550.6032106
1982-07-16,29991111.51666456
1982-07-19,30055765.63912786
1982-07-20,30309050.5832834
1982-07-21,30207451.259743515
1982-07-22,30363346.08514045
1982-07-23,30293754.163921375
1982-07-26,29771493.153328188
1982-07-27,29862778.93973239
1982-07-28,29697378.5176579
1982-07-29,29934476.32486973
1982-07-30,30187827.321715914
1982-08-02,30659749.028704353
1982-08-03,30504451.558859073
1982-08-04,30234622.687561147
1982-08-05,30212138.713214897
1982-08-06,29975141.15341723
1982-08-09,30249066.333215833
1982-08-10,30275803.094659388
1982-08-11,30254637.440868642
1982-08-12,30522579.842198543
1982-08-13,31100073.231313866
1982-08-16,31319850.57115589
1982-08-17,32090705.03773812
1982-08-18,32244289.404780306
1982-08-19,32434834.712114207
1982-08-20,32861618.381121106
1982-08-23,32467702.55064159
1982-08-24,32703415.450953722
1982-08-25,32564871.25994639
1982-08-26,32352050.06083182
1982-08-27,31962795.660634175
1982-08-30,31924202.178190514
1982-08-31,31934766.164156474
1982-09-01,32034391.24806903
1982-09-02,32857589.625245396
1982-09-03,33744184.61510864
1982-09-07,33320373.209895
1982-09-08,33586430.71554824
1982-09-09,33494325.431607813
1982-09-10,32862950.388010997
1982-09-13,33416047.132269587
1982-09-14,33781878.7372372
1982-09-15,34031219.71040921
1982-09-16,33899101.0799174
1982-09-17,33745187.41258121
1982-09-20,33840824.88623081
1982-09-21,35047424.88873717
1982-09-22,35084908.82403904
1982-09-23,35242516.12810824
1982-09-24,34815162.79019163
1982-09-27,35130173.57123377
1982-09-28,35311955.51374638
1982-09-29,34967639.42184092
1982-09-30,34775559.50427748
1982-10-01,35660738.35475214
1982-10-04,35120565.63004354
1982-10-05,35323088.3681282
1982-10-06,36869449.281656615
1982-10-07,38993741.84726836
1982-10-08,39864333.16217846
1982-10-11,40891895.867607474
1982-10-12,41672596.203481235
1982-10-13,42721418.93292773
1982-10-14,41489794.24976892
1982-10-15,40837809.65932738
1982-10-18,42251541.495534785
1982-10-19,42262996.883896954
1982-10-20,42744618.70655858
1982-10-21,42699364.041239314
1982-10-22,42329304.04849219
1982-10-25,39934562.08639627
1982-10-26,40859593.83846387
1982-10-27,41032777.97212633
1982-10-28,40853399.4579924
1982-10-29,41046041.59225907
1982-11-01,41968209.456335165
1982-11-02,42582677.90132222
1982-11-03,44513402.389924705
1982-11-04,44313012.50278933
1982-11-05,44251475.5456475
1982-11-08,43564380.33722914
1982-11-09,44470173.30147144
1982-11-10,43982589.367222995
1982-11-11,44157145.63603455
1982-11-12,43227397.45663171
1982-11-15,42305255.00837948
1982-11-16,41765551.609406136
1982-11-17,42741145.57920262
1982-11-18,43202313.220335014
1982-11-19,42908924.818015665
1982-11-22,42056479.00853283
1982-11-23,41411090.49766031
1982-11-24,41546266.668789975
1982-11-26,42072567.420018695
1982-11-29,41220466.268469244
1982-11-30,42517484.984947324
1982-12-01,42708212.46390377
1982-12-02,42898307.69358155
1982-12-03,43406882.50649132
1982-12-06,44399509.3335217
1982-12-07,44640992.14827631
1982-12-08,44003789.76203766
1982-12-09,43562870.561338864
1982-12-10,43226242.45378664
1982-12-13,43503649.6309589
1982-12-14,43130245.86539237
1982-12-15,42375609.429910876
1982-12-16,42165126.982699856
1982-12-17,42715345.91668089
1982-12-20,42212070.37917185
1982-12-21,43357301.07149791
1982-12-22,43457481.048205845
1982-12-23,43897042.88020291
1982-12-27,44774288.77187037
1982-12-28,44349088.09433191
1982-12-29,44417948.857756466
1982-12-30,44226647.68959887
1982-12-31,44548502.49773003
1983-01-03,43982365.29450908
1983-01-04,44811007.66736296
1983-01-05,45061834.464155965
1983-01-06,46010420.71805455
1983-01-07,46072243.66510914
1983-01-10,46554140.69227466
1983-01-11,46357905.673525944
1983-01-12,46708534.36217207
1983-01-13,46553235.59397139
1983-01-14,46822674.02988626
1983-01-17,46877435.65775103
1983-01-18,46726906.87915637
1983-01-19,46068356.54341976
1983-01-20,46340916.164030135
1983-01-21,45073263.3397845
1983-01-24,43649903.15275978
1983-01-25,44419365.60475699
1983-01-26,44176665.98115109
1983-01-27,45082923.15504554
1983-01-28,45053991.851893954
1983-01-31,45087574.819336
1983-02-01,44426368.520916164
1983-02-02,44248992.108017154
1983-02-03,44438835.244420856
1983-02-04,44863290.79610901
1983-02-07,45218568.585663535
1983-02-08,44767775.05536189
1983-02-09,44532684.0432965
1983-02-10,45755567.01420935
1983-02-11,45889545.31063206
1983-02-14,46312976.54768181
1983-02-15,46017335.90499874
1983-02-16,45841093.260341436
1983-02-17,46126848.926966846
1983-02-18,46608149.44025204
1983-02-22,46273489.38783177
1983-02-23,46738822.20401548
1983-02-24,47687594.00353507
1983-02-25,48208020.91652797
1983-02-28,47682144.217709616
1983-03-01,48723712.35516985
1983-03-02,49060821.27858392
1983-03-03,49528940.512860015
1983-03-04,49474122.92098509
1983-03-07,49026933.24805996
1983-03-08,48003707.07204785
1983-03-09,48631389.090002306
1983-03-10,48097319.42405459
1983-03-11,47810605.50030628
1983-03-14,48036623.31702626
1983-03-15,48269408.16382142
1983-03-16,47584869.37976888
1983-03-17,47434832.43990726
1983-03-18,47478511.767113276
1983-03-21,47861938.87201555
1983-03-22,47641763.88399921
1983-03-23,48443152.19844214
1983-03-24,48625704.254759826
1983-03-25,48236621.99033405
1983-03-28,47952322.19474595
1983-03-29,48048761.95831115
1983-03-30,48652364.24055889
1983-03-31,48434975.924563915
1983-04-04,48558301.6494916
1983-04-05,48528091.708240815
1983-04-06,48261494.81716131
1983-04-07,48437273.785986096
1983-04-08,48787838.843895175
1983-04-11,49844448.10028392
1983-04-12,50035640.73949803
1983-04-13,50431416.78502848
1983-04-14,51173746.631352656
1983-04-15,51255422.891518444
1983-04-18,51726785.31519752
1983-04-19,51098857.57996328
1983-04-20,51737518.51347168
1983-04-21,51411029.094850324
1983-04-22,51564749.90275899
1983-04-25,51151704.61510773
1983-04-26,52199518.384015635
1983-04-27,52344447.24674219
1983-04-28,52763880.763421185
1983-04-29,53366279.77294792
1983-05-02,52699279.079777114
1983-05-03,52777844.59912687
1983-05-04,53541871.819914155
1983-05-05,53720937.26944678
1983-05-06,54402249.72799803
1983-05-09,53949406.874180734
1983-05-10,54299288.379608795
1983-05-11,53925531.78456025
1983-05-12,53540931.34874697
1983-05-13,53788673.8472956
1983-05-16,52851775.40444786
1983-05-17,52825443.529981814
1983-05-18,52627145.87446051
1983-05-19,52033844.73689178
1983-05-20,51928000.84892032
1983-05-23,52276292.971701175
1983-05-24,52980724.83016159
1983-05-25,53122085.59739184
1983-05-26,52735016.035472244
1983-05-27,52449410.86194543
1983-05-31,51246283.969386764
1983-06-01,51423946.182535164
1983-06-02,51845734.844599694
1983-06-03,51957734.4140026
1983-06-06,52121217.44836945
1983-06-07,51296978.03603181
1983-06-08,50646359.83563756
1983-06-09,50918506.99695289
1983-06-10,51157223.238300465
1983-06-13,52291072.42082598
1983-06-14,52446292.81170672
1983-06-15,53103345.634187356
1983-06-16,53989301.72876485
1983-06-17,53856063.12233183
1983-06-20,53466161.43111655
1983-06-21,53976324.795099735
1983-06-22,53996273.78882938
1983-06-23,53643743.68212121
1983-06-24,53212890.93069907
1983-06-27,52355636.396334805
1983-06-28,51714840.322088994
1983-06-29,52171799.54613518
1983-06-30,52579651.133796215
1983-07-01,52987596.75030973
1983-07-05,51551535.523680225
1983-07-06,52289266.96916385
1983-07-07,51614669.31809625
1983-07-08,51349648.15257384
1983-07-11,51853051.943276465
1983-07-12,50645608.50975231
1983-07-13,50687710.914689064
1983-07-14,50919603.513963826
1983-07-15,50015376.273722954
1983-07-18,50241147.551500306
1983-07-19,50656157.19942674
1983-07-20,52251778.214531876
1983-07-21,52061752.77339383
1983-07-22,51676430.389610074
1983-07-25,51967688.38379821
1983-07-26,52034165.737170145
1983-07-27,51086163.625569835
1983-07-28,49871249.19509504
1983-07-29,48840503.33527452
1983-08-01,48607596.58997279
1983-08-02,48546744.76114314
1983-08-03,48698503.56837681
1983-08-04,47522026.97980201
1983-08-05,47700122.55288695
1983-08-08,46716484.0160666
1983-08-09,47184352.5277267
1983-08-10,47494241.45768421
1983-08-11,47846284.03729888
1983-08-12,48251142.55866679
1983-08-15,49289142.14517621
1983-08-16,49351338.01434755
1983-08-17,50076272.57370647
1983-08-18,49414121.138906375
1983-08-19,49490963.03276567
1983-08-22,50153360.21638545
1983-08-23,49600218.99116859
1983-08-24,49233565.63788456
1983-08-25,48887458.629346415
1983-08-26,49187290.32768847
1983-08-29,48663452.087976605
1983-08-30,48653807.37110499
1983-08-31,48975167.95620364
1983-09-01,48957886.12895426
1983-09-02,49168262.61465987
1983-09-06,50028691.44983579
1983-09-07,50056387.8684057
1983-09-08,50007305.79786151
1983-09-09,49763335.28900304
1983-09-12,49345154.47154206
1983-09-13,49151402.782123536
1983-09-14,49320851.62658368
1983-09-15,49041467.246982105
1983-09-16,49603713.62284847
1983-09-19,50019798.35628341
1983-09-20,50510477.046661526
1983-09-21,50270050.012137644
1983-09-22,50680143.961413465
1983-09-23,50612787.232680574
1983-09-26,50787139.89734683
1983-09-27,50305001.59806069
1983-09-28,50183944.00138124
1983-09-29,49961431.00672144
1983-09-30,49622554.2616819
1983-10-03,49552235.02304492
1983-10-04,49699229.96910283
1983-10-05,50463803.529331155
1983-10-06,51343221.3187052
1983-10-07,51442213.67783094
1983-10-10,51983338.60588175
1983-10-11,50627952.82320104
1983-10-12,50360094.414010085
1983-10-13,50263586.00633295
1983-10-14,50471047.15280662
1983-10-17,50999671.98541319
1983-10-18,50174345.51393515
1983-10-19,49861693.708805345
1983-10-20,49999748.12152978
1983-10-21,49818869.51568161
1983-10-24,49201522.54491619
1983-10-25,49234073.15540151
1983-10-26,48861798.43846339
1983-10-27,48878813.392280586
1983-10-28,48395848.38387092
1983-10-31,48317506.62318917
1983-11-01,48495936.77547932
1983-11-02,48820824.57116414
1983-11-03,48278725.06742953
1983-11-04,47709279.234992824
1983-11-07,47590688.71731591
1983-11-08,47537178.3029522
1983-11-09,48230798.500293635
1983-11-10,48722811.37264759
1983-11-11,49260837.43836509
1983-11-14,49483047.181550056
1983-11-15,49075970.718834646
1983-11-16,49291743.85621356
1983-11-17,49255300.9191573
1983-11-18,48957218.13003918
1983-11-21,49473084.66625795
1983-11-22,49936484.91442816
1983-11-23,49920491.50006236
1983-11-25,50111903.25126993
1983-11-28,49730038.00319641
1983-11-29,50281067.7500113
1983-11-30,49700535.53572427
1983-12-01,49732214.20334123
1983-12-02,49083728.225588016
1983-12-05,49128376.36888566
1983-12-06,49105942.06793285
1983-12-07,49154659.64413113
1983-12-08,48669873.37886487
1983-12-09,48611865.63085106
1983-12-12,48890438.35382929
1983-12-13,48471277.93196418
1983-12-14,47955326.61254349
1983-12-15,47502630.4501267
1983-12-16,47938296.13662356
1983-12-19,47981977.74149721
1983-12-20,47921564.740632914
1983-12-21,48467992.32416087
1983-12-22,48629602.84198316
1983-12-23,48487835.636871584
1983-12-27,49106585.56891102
1983-12-28,49114699.266310126
1983-12-29,49036427.503266215
1983-12-30,48978949.2572291
1984-01-03,48658708.74371732
1984-01-04,49695898.56751036
1984-01-05,50326725.15546385
1984-01-06,50587123.82674889
1984-01-09,50455933.68235928
1984-01-10,50300058.05589037
1984-01-11,50116930.42715391
1984-01-12,50108609.963145
1984-01-13,50399724.68164364
1984-01-16,50630995.5067348
1984-01-17,50741062.121198885
1984-01-18,50548788.04035456
1984-01-19,50434514.585306324
1984-01-20,50080615.48642492
1984-01-23,49754432.579094894
1984-01-24,50075050.73180048
1984-01-25,49729188.76897265
1984-01-26,49588470.581694834
1984-01-27,49506740.71710026
1984-01-30,49143462.96159313
1984-01-31,49279372.14795053
1984-02-01,49176569.601360984
1984-02-02,49481807.672521256
1984-02-03,48768565.48150197
1984-02-06,47691095.29122025
1984-02-07,47862953.176854566
1984-02-08,46992869.04336878
1984-02-09,46845319.98365457
1984-02-10,46834754.0493677
1984-02-13,46428965.28528321
1984-02-14,46914321.97767786
1984-02-15,46923230.91511311
1984-02-16,46840382.32083666
1984-02-17,46489826.38838942
1984-02-21,46245073.16352156
1984-02-22,46101095.22779596
1984-02-23,45782199.36188343
1984-02-24,46882388.51028744
1984-02-27,47287631.451049745
1984-02-28,46456605.87151265
1984-02-29,46665710.26818986
1984-03-01,46924062.79178798
1984-03-02,47128000.242831565
1984-03-05,46961502.39212531
1984-03-06,46923131.64721384
1984-03-07,46594909.29555874
1984-03-08,46556590.08782837
1984-03-09,46465385.085905656
1984-03-12,46617734.20502491
1984-03-13,46552988.22860357
1984-03-14,46461817.25591789
1984-03-15,46476539.555023596
1984-03-16,46411826.08370107
1984-03-19,46167890.355999365
1984-03-20,46209188.714175664
1984-03-21,46197465.47446041
1984-03-22,46106373.2721284
1984-03-23,46147697.779891014
1984-03-26,46247781.201784916
1984-03-27,46262598.768493876
1984-03-28,46383643.76194201
1984-03-29,46424989.16910462
1984-03-30,46123201.708380215
1984-04-02,46091023.802810095
1984-04-03,46084922.933565296
1984-04-04,46102006.64645907
1984-04-05,46119096.692297064
1984-04-06,46136009.551523514
1984-04-09,46152778.2672473
1984-04-10,46169619.93760191
1984-04-11,46186467.75367236
1984-04-12,46203338.44106044
1984-04-13,46220382.50199955
1984-04-16,46237516.42984929
1984-04-17,46254606.54752899
1984-04-18,46271686.25219424
1984-04-19,46288738.78711418
1984-04-23,46305663.59025604
1984-04-24,46322594.58170566
1984-04-25,46339498.21995249
1984-04-26,46356256.94897205
1984-04-27,46373307.10701553
1984-04-30,46390380.315043114
1984-05-01,46407426.23738398
1984-05-02,46454654.09870586
1984-05-03,46262555.40669956
1984-05-04,45673816.1551121
1984-05-07,45784212.31967312
1984-05-08,46091500.13407899
1984-05-09,45982161.613406815
1984-05-10,45958432.369403884
1984-05-11,45535213.48162181
1984-05-14,45260384.70941107
1984-05-15,45410734.37223767
1984-05-16,45415554.149658166
1984-05-17,45018033.39406095
1984-05-18,44800287.946918525
1984-05-21,44508360.203456156
1984-05-22,44273511.831248686
1984-05-23,44072905.04494508
1984-05-24,43532751.06337264
1984-05-25,43647388.3217034
1984-05-29,43275595.136420704
1984-05-30,43300435.9421882
1984-05-31,43365218.40256971
1984-06-01,44140486.93450915
1984-06-04,44134842.94846167
1984-06-05,44151139.92165573
1984-06-06,44167458.881565675
1984-06-07,44183911.6202064
1984-06-08,44200418.386691146
1984-06-11,44217186.65720286
1984-06-12,44234025.08979373
1984-06-13,44250582.53996487
1984-06-14,44267130.20173582
1984-06-15,44283684.051563375
1984-06-18,44300372.03563426
1984-06-19,44316986.32426957
1984-06-20,44333606.84388161
1984-06-21,44350265.61883314
1984-06-22,44366786.45447438
1984-06-25,44383169.073766805
1984-06-26,44399637.992412984
1984-06-27,44416032.74227158
1984-06-28,44432578.07670266
1984-06-29,44449257.99500818
1984-07-02,44465654.98898149
1984-07-03,44482443.65033491
1984-07-05,44499206.53551416
1984-07-06,44516039.98601051
1984-07-09,44532879.80437446
1984-07-10,44549870.57607755
1984-07-11,44566883.89396739
1984-07-12,44583791.19014862
1984-07-13,44600592.26741072
1984-07-16,44617464.07076393
1984-07-17,44634631.85394584
1984-07-18,44651693.6343898
1984-07-19,44668778.03421864
1984-07-20,44685917.27286875
1984-07-23,44703159.68968684
1984-07-24,44720505.346422344
1984-07-25,44737841.633186944
1984-07-26,44755152.42284701
1984-07-27,44772534.36515569
1984-07-30,44790019.73378152
1984-07-31,44807608.59203669
1984-08-01,44825252.68718199
1984-08-02,44992393.97739609
1984-08-03,45332510.71382063
1984-08-06,45080753.102883585
1984-08-07,45195330.38039158
1984-08-08,45284944.79264985
1984-08-09,45424506.85695023
1984-08-10,45265585.035649605
1984-08-13,45162416.922603175
1984-08-14,45352043.0898461
1984-08-15,45193151.770341754
1984-08-16,45307780.09679162
1984-08-17,45322676.06323554
1984-08-20,45393533.1622161
1984-08-21,45583197.35371498
1984-08-22,45523524.014480494
1984-08-23,45439037.61413889
1984-08-24,45528748.633044496
1984-08-27,45203435.90276256
1984-08-28,45213667.257809885
1984-08-29,45178440.66974267
1984-08-30,45168304.63988607
1984-08-31,45309091.03722575
1984-09-04,45146350.91243745
1984-09-05,44866987.90585852
1984-09-06,45511845.700824365
1984-09-07,45442571.64526106
1984-09-10,45646105.74086141
1984-09-11,45899959.69329959
1984-09-12,45938941.03954851
1984-09-13,47109311.99908669
1984-09-14,47391587.99546011
1984-09-17,47504008.24037286
1984-09-18,47310994.582262404
1984-09-19,47383084.06365092
1984-09-20,47454218.89176459
1984-09-21,46496293.731996164
1984-09-24,46239676.830467924
1984-09-25,46235390.765749015
1984-09-26,46683882.79896922
1984-09-27,47268833.29148934
1984-09-28,46607226.79930151
1984-10-01,46047138.5142044
1984-10-02,45763941.775775716
1984-10-03,45447596.01203244
1984-10-04,45637193.69499198
1984-10-05,45908173.66001067
1984-10-08,45744186.94313818
1984-10-09,45743204.615218006
1984-10-10,45870868.15452039
1984-10-11,46190615.42644229
1984-10-12,46662984.61657029
1984-10-15,46983580.94785108
1984-10-16,46765288.295930475
1984-10-17,46697883.75186303
1984-10-18,48315183.734920144
1984-10-19,48725471.461464494
1984-10-22,48670629.42057015
1984-10-23,48930998.77555679
1984-10-24,49079209.40795252
1984-10-25,48579897.037706755
1984-10-26,47851306.26048769
1984-10-29,47850871.7127644
1984-10-30,49002906.93785702
1984-10-31,48678495.23882009
1984-11-01,49458967.25177775
1984-11-02,49444728.31317232
1984-11-05,49987458.072829284
1984-11-06,50505894.26414522
1984-11-07,49818885.76930035
1984-11-08,49424542.502516255
1984-11-09,49406423.96767388
1984-11-12,49327999.578785226
1984-11-13,48781915.72315586
1984-11-14,48708509.4421609
1984-11-15,48911631.66509494
1984-11-16,48515238.68184604
1984-11-19,48487620.45555351
1984-11-20,49034036.91835897
1984-11-21,49531825.59702945
1984-11-23,50711216.92999427
1984-11-26,50222451.145462535
1984-11-27,50438951.52391616
1984-11-28,49770519.7891567
1984-11-29,49328566.05938107
1984-11-30,48776558.73628168
1984-12-03,48645852.01355386
1984-12-04,48931768.257971846
1984-12-05,48560247.52427663
1984-12-06,48507163.010825224
1984-12-07,48113202.64220009
1984-12-10,48429594.889847256
1984-12-11,48758922.47386934
1984-12-12,48720641.74751346
1984-12-13,48043808.639266804
1984-12-14,48702150.037068054
1984-12-17,49205790.41939146
1984-12-18,51114647.506763585
1984-12-19,50692135.601520516
1984-12-20,50380627.62759279
1984-12-21,50218366.667578615
1984-12-24,50721751.77364007
1984-12-26,50241594.60021815
1984-12-27,50037060.51402164
1984-12-28,50168789.99052289
1984-12-31,50236732.66603375
1985-01-02,49267899.09866939
1985-01-03,49268776.20964238
1985-01-04,48871572.432429254
1985-01-07,49563920.28261581
1985-01-08,49641428.73279821
1985-01-09,49947973.758231
1985-01-10,50857067.46769265
1985-01-11,50427367.207586735
1985-01-14,51211852.44559284
1985-01-15,51634296.20052279
1985-01-16,51695698.903048046
1985-01-17,51659609.15192182
1985-01-18,52117452.350287184
1985-01-21,53272114.57453427
1985-01-22,53782638.628539026
1985-01-23,54521199.66605926
1985-01-24,54835285.87795098
1985-01-25,54879792.65284808
1985-01-28,54937417.48427913
1985-01-29,55491547.03949667
1985-01-30,55661827.47962349
1985-01-31,55454799.647185236
1985-02-01,54771967.74891486
1985-02-04,55145500.39970361
1985-02-05,55394980.66823574
1985-02-06,55027577.09874889
1985-02-07,55425108.319875225
1985-02-08,55674970.801872835
1985-02-11,55047519.22441586
1985-02-12,55054045.92171132
1985-02-13,56022189.68232105
1985-02-14,56069700.52836375
1985-02-15,55543571.54663931
1985-02-19,55553874.60139329
1985-02-20,55036138.96065199
1985-02-21,54362081.314189464
1985-02-22,53744069.865818635
1985-02-25,53768704.81324242
1985-02-26,54447176.76822693
1985-02-27,53793778.107052386
1985-02-28,53878732.28921286
1985-03-01,54646651.810304634
1985-03-04,54128432.64535354
1985-03-05,54403883.77948546
1985-03-06,53760690.329701304
1985-03-07,53370934.65044685
1985-03-08,53969998.55468836
1985-03-11,53890496.19047038
1985-03-12,53971432.98594925
1985-03-13,53181128.52544246
1985-03-14,53024987.17106476
1985-03-15,52609385.705199346
1985-03-18,52483138.80491814
1985-03-19,53368788.89026829
1985-03-20,53479990.66616413
1985-03-21,53838114.18299344
1985-03-22,53565640.47162275
1985-03-25,53351304.34636283
1985-03-26,53773168.62743271
1985-03-27,53894267.093844995
1985-03-28,54179949.03227772
1985-03-29,54828907.67489226
1985-04-01,55019238.00236367
1985-04-02,54679399.320843615
1985-04-03,54169809.9694057
1985-04-04,54089634.863960594
1985-04-08,53789443.73642585
1985-04-09,54196530.307198234
1985-04-10,54814330.43084737
1985-04-11,55554839.295805536
1985-04-12,55634784.252507135
1985-04-15,55989318.31627015
1985-04-16,56475624.560072914
1985-04-17,56500439.4011244
1985-04-18,56774752.55675165
1985-04-19,56763052.6273838
1985-04-22,56780682.57915839
1985-04-23,56747970.756669335
1985-04-24,56872259.766371965
1985-04-25,56836410.793060616
1985-04-26,56526160.09030951
1985-04-29,55693616.80452301
1985-04-30,55650905.45753225
1985-05-01,55669481.042962566
1985-05-02,55808253.11897397
1985-05-03,56405768.91890152
1985-05-06,56484721.02884073
1985-05-07,56793696.292276345
1985-05-08,56455202.62409112
1985-05-09,57064166.11362041
1985-05-10,58338150.47200377
1985-05-13,58481166.58976128
1985-05-14,58857879.5963042
1985-05-15,59007965.08374597
1985-05-16,59651376.93906251
1985-05-17,60110231.36832662
1985-05-20,61902008.95776239
1985-05-21,61732334.485307224
1985-05-22,61321311.04778019
1985-05-23,60948585.615461595
1985-05-24,61434651.96273358
1985-05-28,61871764.04886207
1985-05-29,61710340.14611346
1985-05-30,62002727.73841413
1985-05-31,62995835.56746941
1985-06-03,63860458.106430724
1985-06-04,64105551.488843866
1985-06-05,65013018.07030977
1985-06-06,65071161.365971506
1985-06-07,63414192.596535146
1985-06-10,63516971.50593564
1985-06-11,63683733.94616197
1985-06-12,62907762.31246984
1985-06-13,61968786.986096054
1985-06-14,63448284.795208715
1985-06-17,63341791.82816741
1985-06-18,63895005.87830942
1985-06-19,63118490.4261483
1985-06-20,62765492.16548928
1985-06-21,62958759.49122375
1985-06-24,62426732.68533296
1985-06-25,62438822.372494414
1985-06-26,62400445.942550346
1985-06-27,63365857.369828776
1985-06-28,64112608.16888812
1985-07-01,64583934.98710128
1985-07-02,64415032.06426305
1985-07-03,64121147.31148259
1985-07-05,65699400.89791966
1985-07-08,65049956.84073408
1985-07-09,64759515.26344994
1985-07-10,65133710.79613284
1985-07-11,64734780.466935515
1985-07-12,64819385.979379885
1985-07-15,64712788.7244968
1985-07-16,65670902.865069516
1985-07-17,66110328.68410952
1985-07-18,64979541.67592903
1985-07-19,65077785.61689405
1985-07-22,64386093.9002241
1985-07-23,63759436.20776566
1985-07-24,63291449.780715875
1985-07-25,63418670.17627399
1985-07-26,63269597.14752781
1985-07-29,62090359.650577836
1985-07-30,62242846.27944811
1985-07-31,62913417.05850989
1985-08-01,63535690.3722718
1985-08-02,62777763.67891033
1985-08-05,62616813.53904405
1985-08-06,61710007.7091905
1985-08-07,62012333.59940035
1985-08-08,62886028.18669822
1985-08-09,62913819.103374675
1985-08-12,62693246.82489176
1985-08-13,62285991.839377835
1985-08-14,62634900.2317312
1985-08-15,62670189.73637417
1985-08-16,62681889.36406684
1985-08-19,62930233.7237173
1985-08-20,63607048.00294707
1985-08-21,64281814.02397862
1985-08-22,63759769.94560787
1985-08-23,63546795.083041005
1985-08-26,63480364.68985019
1985-08-27,63976530.566087
1985-08-28,64073593.655186884
1985-08-29,64272291.79588905
1985-08-30,63556357.998058386
1985-09-03,63533862.625479005
1985-09-04,63675576.20555254
1985-09-05,63221645.60964566
1985-09-06,62666351.29179801
1985-09-09,62750853.613570645
1985-09-10,62351517.98712564
1985-09-11,61628212.47336786
1985-09-12,61156103.681238584
1985-09-13,61355840.19517647
1985-09-16,61500545.588985376
1985-09-17,60858628.44617199
1985-09-18,60907951.91600382
1985-09-19,61470360.08753637
1985-09-20,61290248.94194096
1985-09-23,61972256.854354024
1985-09-24,61645963.08542527
1985-09-25,61226280.134891026
1985-09-26,61632047.1487189
1985-09-30,61621046.22748731
1985-10-01,62700996.0983712
1985-10-02,62333839.651288144
1985-10-03,62365866.37712707
1985-10-04,61841083.80441358
1985-10-07,61207833.76179335
1985-10-08,61441395.58090388
1985-10-09,61629337.840242505
1985-10-10,61799568.558073156
1985-10-11,62345563.28716276
1985-10-14,63033421.56220456
1985-10-15,63152962.798064195
1985-10-16,63988590.29590464
1985-10-17,64045657.43320441
1985-10-18,64002712.81853497
1985-10-21,63980746.9945074
1985-10-22,64582060.819211796
1985-10-23,64859261.43762438
1985-10-24,64631022.36619842
1985-10-25,64073249.27104544
1985-10-28,63918509.636712804
1985-10-29,65089380.597216696
1985-10-30,65931403.76070682
1985-10-31,65686534.35357116
1985-11-01,66406177.124977104
1985-11-04,66353566.20049583
1985-11-05,66952187.76877532
1985-11-06,67094416.08447487
1985-11-07,67135846.76856446
1985-11-08,67809757.7834689
1985-11-11,69024079.13705161
1985-11-12,69789440.87787543
1985-11-13,69282884.00767298
1985-11-14,69702382.20319131
1985-11-15,69032265.08686996
1985-11-18,70153891.10522637
1985-11-19,70104720.59593087
1985-11-20,70265744.65996012
1985-11-21,71714579.99529585
1985-11-22,71395605.13397254
1985-11-25,70932683.81443486
1985-11-26,71050513.3334524
1985-11-27,71882944.54587853
1985-11-29,72008067.40216361
1985-12-02,71014754.38254085
1985-12-03,71205203.30860263
1985-12-04,72599387.74571219
1985-12-05,72531409.62647718
1985-12-06,72097194.16353405
1985-12-09,73303110.29794675
1985-12-10,73967759.13174222
1985-12-11,75410273.2012205
1985-12-12,75226144.72400333
1985-12-13,76668248.13691817
1985-12-16,77697206.45915659
1985-12-17,77820622.97774515
1985-12-18,77178366.64109875
1985-12-19,77310128.96508327
1985-12-20,77944724.58969258
1985-12-23,76939325.84347577
1985-12-24,76483974.98968975
1985-12-26,76845423.27832446
1985-12-27,77809388.10048544
1985-12-30,78150974.2364705
1985-12-31,78431599.83395018
1986-01-02,77631106.65880696
1986-01-03,78067347.09268786
1986-01-06,77927954.00336961
1986-01-07,79760162.31582001
1986-01-08,76623014.24784368
1986-01-09,75255163.87109275
1986-01-10,74629918.93220215
1986-01-13,74475574.93003851
1986-01-14,74739776.42549112
1986-01-15,75902181.53686798
1986-01-16,76285126.51765303
1986-01-17,76320823.352734
1986-01-20,75986472.39411984
1986-01-21,75525374.57948764
1986-01-22,74414229.97818802
1986-01-23,74934669.76945007
1986-01-24,75726860.24776754
1986-01-27,76598104.32047899
1986-01-28,77872805.19639434
1986-01-29,77855804.90951446
1986-01-30,77469565.17716822
1986-01-31,78457711.07457903
1986-02-03,79585531.58536446
1986-02-04,79482716.57515
1986-02-05,79500691.0481795
1986-02-06,79388279.32686764
1986-02-07,79387652.19000599
1986-02-10,80619992.98716354
1986-02-11,80870346.42888016
1986-02-12,80999108.74690911
1986-02-13,81841795.5448247
1986-02-14,83633849.63674702
1986-02-18,84903883.73300959
1986-02-19,83583600.91368426
1986-02-20,84664353.60515484
1986-02-21,86629236.01992796
1986-02-24,87072747.4883751
1986-02-25,86792070.29477897
1986-02-26,87127077.92675774
1986-02-27,89411434.48346949
1986-02-28,89594154.95220022
1986-03-03,89915803.53766192
1986-03-04,89871980.93918435
1986-03-05,88724958.65222326
1986-03-06,89522075.7308643
1986-03-07,90182794.84349637
1986-03-10,91833268.54764973
1986-03-11,94222231.27691796
1986-03-12,94688523.4290982
1986-03-13,94493154.91875786
1986-03-14,96014139.2486186
1986-03-17,94997579.68853457
1986-03-18,95049351.24368218
1986-03-19,95050824.3771543
1986-03-20,95688064.29223965
1986-03-21,94291558.06656308
1986-03-24,95781907.48195262
1986-03-25,95546811.90363628
1986-03-26,96967240.35971853
1986-03-27,98639141.58313474
1986-03-31,99363600.16191077
1986-04-01,97970855.7969612
1986-04-02,98484233.20096417
1986-04-03,96619754.58157916
1986-04-04,94812279.9912522
1986-04-07,94963842.96094278
1986-04-08,97763677.0084479
1986-04-09,98137229.87197529
1986-04-10,99517297.2671601
1986-04-11,98922168.2551011
1986-04-14,100191746.06073418
1986-04-15,100181574.32968327
1986-04-16,103743194.42995766
1986-04-17,103718961.39323626
1986-04-18,103009752.44544533
1986-04-21,104415033.06565028
1986-04-22,101927658.38313942
1986-04-23,100868172.9535936
1986-04-24,99934921.80758016
1986-04-25,99566802.73480377
1986-04-28,100630022.09923434
1986-04-29,100276247.08605471
1986-04-30,98238854.89719996
1986-05-01,97616869.75381665
1986-05-02,97064496.41803856
1986-05-05,98720098.94725381
1986-05-06,98458895.28618626
1986-05-07,98192943.1084946
1986-05-08,98832134.37483911
1986-05-09,98596952.10460141
1986-05-12,97263881.14521319
1986-05-13,97062218.13520713
1986-05-14,97328691.58314662
1986-05-15,95202194.23585449
1986-05-16,93239640.89691138
1986-05-19,93524323.07797714
1986-05-20,95326877.03241254
1986-05-21,94944637.41692175
1986-05-22,96938962.00860427
1986-05-23,97699266.52264413
1986-05-27,99842289.33050638
1986-05-28,100598015.18700497
1986-05-29,99361841.8175067
1986-05-30,98712283.69246463
1986-06-02,96060665.34476851
1986-06-03,97089185.44878776
1986-06-04,95208663.12781845
1986-06-05,96387512.14699174
1986-06-06,98726232.00731917
1986-06-09,95359217.5725015
1986-06-10,95604713.0699757
1986-06-11,96600103.84553957
1986-06-12,96940386.11207426
1986-06-13,100219560.36657012
1986-06-16,101116887.4490197
1986-06-17,100403341.08858138
1986-06-18,101083354.16859359
1986-06-19,99891668.00360686
1986-06-20,101950833.97046572
1986-06-23,101397053.6182704
1986-06-24,102678817.70618515
1986-06-25,103816556.6480699
1986-06-26,103745236.25939393
1986-06-27,104388852.45388424
1986-06-30,105157378.48681287
1986-07-01,105510808.76053543
1986-07-02,105784774.3319081
1986-07-03,105863566.14723976
1986-07-07,102774960.70188844
1986-07-08,100824835.26454426
1986-07-09,102249501.44442207
1986-07-10,102334134.33779311
1986-07-11,102089477.03599986
1986-07-14,100811616.29262431
1986-07-15,99571212.92321323
1986-07-16,99868211.59597167
1986-07-17,100463700.091225
1986-07-18,100733963.44655155
1986-07-21,100869961.56082612
1986-07-22,101276536.73511122
1986-07-23,100860999.00370401
1986-07-24,100143529.55122986
1986-07-25,101242556.5861097
1986-07-28,98135505.44464272
1986-07-29,98356880.507485
1986-07-30,99209443.36434719
1986-07-31,99500023.57883821
1986-08-01,99006086.99335094
1986-08-04,99568454.40683378
1986-08-05,99599812.06230643
1986-08-06,98986251.4796686
1986-08-07,99213113.39760941
1986-08-08,100182341.33113624
1986-08-11,102154911.5293584
1986-08-12,103405448.35671084
1986-08-13,104960661.79914762
1986-08-14,105135873.63109535
1986-08-15,105662023.44090176
1986-08-18,105805046.14703655
1986-08-19,106329465.31378002
1986-08-20,107882620.30199578
1986-08-21,108149849.97971326
1986-08-22,107554507.37811294
1986-08-25,106658367.0676675
1986-08-26,109477611.38779359
1986-08-27,108982406.16646904
1986-08-28,108947658.21957573
1986-08-29,109692079.60774483
1986-09-02,107261024.45927018
1986-09-03,106652460.3016452
1986-09-04,108624967.07553075
1986-09-05,105943391.51137125
1986-09-08,104570990.40788713
1986-09-09,104601745.13245374
1986-09-10,104355822.80101262
1986-09-11,97804007.86941871
1986-09-12,95543590.54466642
1986-09-15,96776154.83631538
1986-09-16,96695887.26144972
1986-09-17,97152607.51981717
1986-09-18,96373657.59080182
1986-09-19,96006952.91291511
1986-09-22,97514629.51306634
1986-09-23,98095324.52742836
1986-09-24,99020221.50268528
1986-09-25,97252498.45186801
1986-09-26,97427001.70409946
1986-09-29,96043080.24601912
1986-09-30,97238070.75143205
1986-10-01,98459493.57082407
1986-10-02,98326154.51181425
1986-10-03,99216547.83507112
1986-10-06,99915528.40923297
1986-10-07,99772216.48470774
1986-10-08,100517279.03711148
1986-10-09,100046166.9802994
1986-10-10,99697193.54235934
1986-10-13,99865557.75451013
1986-10-14,98823561.64153767
1986-10-15,100117564.61775911
1986-10-16,100292622.73896793
1986-10-17,99742053.00095925
1986-10-20,97987808.70602047
1986-10-21,98569631.46334057
1986-10-22,99278775.63727388
1986-10-23,100945119.4500853
1986-10-24,100249292.51064463
1986-10-27,100863999.30361035
1986-10-28,100865758.11638005
1986-10-29,101852848.84674701
1986-10-30,103715921.1834828
1986-10-31,103617520.89357495
1986-11-03,104786558.06796403
1986-11-04,104815997.10968979
1986-11-05,105493026.85300472
1986-11-06,104628467.9069241
1986-11-07,104016347.0272983
1986-11-10,104361771.74849613
1986-11-11,104742684.914457
1986-11-12,104808622.31245047
1986-11-13,103464035.33796573
1986-11-14,104376785.18946797
1986-11-17,104403240.64370927
1986-11-18,101302110.35574764
1986-11-19,102254678.43534972
1986-11-20,104130409.50523086
1986-11-21,105904585.81349921
1986-11-24,107057777.46160534
1986-11-25,107073705.8256626
1986-11-26,107336954.64876494
1986-11-28,107557109.86393133
1986-12-01,107310304.55210653
1986-12-02,110174310.97612534
1986-12-03,110271967.9172938
1986-12-04,110325897.40597382
1986-12-05,108684419.15390939
1986-12-08,108882820.42351457
1986-12-09,108321374.3478282
1986-12-10,109197125.25238591
1986-12-11,107481903.4907085
1986-12-12,107064170.4011254
1986-12-15,107327769.96848102
1986-12-16,108341353.5376132
1986-12-17,107293455.48495843
1986-12-18,107044741.05251178
1986-12-19,108386799.553331
1986-12-22,108017321.59516776
1986-12-23,107144704.39498489
1986-12-24,107405446.65796721
1986-12-26,107432183.52393636
1986-12-29,105837042.23977433
1986-12-30,104841015.39736387
1986-12-31,104334631.69385555
1987-01-02,106567433.72678876
1987-01-05,109815897.64908054
1987-01-06,110074839.89074975
1987-01-07,111411454.44133216
1987-01-08,112334853.01266897
1987-01-09,113199823.73973936
1987-01-12,113602976.35943957
1987-01-13,113061138.99554151
1987-01-14,114143910.0570263
1987-01-15,115617174.32580744
1987-01-16,116368481.56758611
1987-01-19,117668470.61571866
1987-01-20,117782084.44732977
1987-01-21,117276809.79995741
1987-01-22,119722167.05045761
1987-01-23,117847120.18488806
1987-01-26,116777482.00786027
1987-01-27,118643206.25458029
1987-01-28,119606853.08862393
1987-01-29,119118154.73612998
1987-01-30,118647253.7871549
1987-02-02,119307233.16596653
1987-02-03,118953918.85343605
1987-02-04,120692141.36776014
1987-02-05,121605282.7839674
1987-02-06,121217746.9697939
1987-02-09,119958744.50077684
1987-02-10,117969018.09947655
1987-02-11,118699649.36140887
1987-02-12,118384798.8749431
1987-02-13,120382788.77059226
1987-02-17,122520727.01458383
1987-02-18,122754486.13237219
1987-02-19,123429686.62642536
1987-02-20,123314449.2921618
1987-02-23,122134193.39851508
1987-02-24,122762316.78959589
1987-02-25,122991881.36583292
1987-02-26,122556734.74832924
1987-02-27,123266782.54802197
1987-03-02,122983080.28404148
1987-03-03,123126608.05082835
1987-03-04,125659076.78169063
1987-03-05,126298998.96563572
1987-03-06,125747296.40323895
1987-03-09,124797579.47187574
1987-03-10,125897261.14414357
1987-03-11,125670049.0524047
1987-03-12,126153926.08414485
1987-03-13,125857694.76231296
1987-03-16,124942948.84267224
1987-03-17,126936563.5173388
1987-03-18,126989457.85566217
1987-03-19,127552737.38904473
1987-03-20,129224008.39730014
1987-03-23,130293988.14931841
1987-03-24,130326457.55314104
1987-03-25,129883508.6937982
1987-03-26,130310050.43399474
1987-03-27,127438198.16566743
1987-03-30,122659772.43892924
1987-03-31,123979648.9435498
1987-04-01,123598879.84599356
1987-04-02,124137892.49857385
1987-04-03,127020599.07438132
1987-04-06,128171210.23031239
1987-04-07,125258295.504608
1987-04-08,125593340.29935926
1987-04-09,122287195.74717134
1987-04-10,120476073.86421743
1987-04-13,116975668.3263833
1987-04-14,112693625.51229863
1987-04-15,116199360.48956236
1987-04-16,117754638.71403125
1987-04-20,116185158.07426897
1987-04-21,119086318.42589203
1987-04-22,116337127.82721487
1987-04-23,115033886.79532528
1987-04-24,112311056.94595377
1987-04-27,113245545.02326381
1987-04-28,114201367.5078621
1987-04-29,114509744.54301466
1987-04-30,117080953.51806076
1987-05-01,115550099.19545427
1987-05-04,116034795.41079284
1987-05-05,118424833.09541121
1987-05-06,118488250.10005783
1987-05-07,118197707.70047954
1987-05-08,117676513.63558234
1987-05-11,116972398.96277516
1987-05-12,117672150.18352754
1987-05-13,117954319.97451368
1987-05-14,118069437.52078085
1987-05-15,115372897.8453154
1987-05-18,115074489.88917261
1987-05-19,112290545.44811705
1987-05-20,111741664.34593716
1987-05-21,112532999.20004384
1987-05-22,113336230.15085243
1987-05-26,116100646.41545203
1987-05-27,115961301.38618094
1987-05-28,116780350.21729884
1987-05-29,116529626.63715428
1987-06-01,116433996.61421704
1987-06-02,115900938.71441144
1987-06-03,117905042.15905395
1987-06-04,118560981.33579071
1987-06-05,117920509.9244456
1987-06-08,119232591.55261467
1987-06-09,119466962.86608852
1987-06-10,119554192.7997536
1987-06-11,120066923.13592555
1987-06-12,121227817.12711266
1987-06-15,121843900.41701281
1987-06-16,122499722.11603472
1987-06-17,122531201.18244258
1987-06-18,122892739.72724885
1987-06-19,123409295.84091012
1987-06-22,124494044.83962823
1987-06-23,124016466.91575074
1987-06-24,123398694.9225649
1987-06-25,124251098.20503421
1987-06-26,123541196.52121873
1987-06-29,123848785.85649362
1987-06-30,122297671.8157925
1987-07-01,121884246.08294883
1987-07-02,122973003.53641084
1987-07-06,122699768.95028201
1987-07-07,123704367.12677388
1987-07-08,124072036.666423
1987-07-09,123774730.91086963
1987-07-10,124126368.90059707
1987-07-13,123841091.77956969
1987-07-14,125073967.70922469
1987-07-15,124980945.43814503
1987-07-16,125905353.342995
1987-07-17,126673509.18891829
1987-07-20,125402792.50916632
1987-07-21,124276296.05842061
1987-07-22,124255390.42293505
1987-07-23,124002154.29806592
1987-07-24,124598103.98151445
1987-07-27,125161998.61231388
1987-07-28,125846039.18138428
1987-07-29,127186972.28869039
1987-07-30,128159358.77200067
1987-07-31,128414743.67083588
1987-08-03,127989184.57195471
1987-08-04,127463497.14532913
1987-08-05,128363761.8266472
1987-08-06,129832764.38607655
1987-08-07,130208256.48970763
1987-08-10,132221946.78721306
1987-08-11,134367754.33163586
1987-08-12,134002150.42267501
1987-08-13,134918251.03958204
1987-08-14,134664772.58396575
1987-08-17,134723715.76326755
1987-08-18,132788019.02853563
1987-08-19,133031245.74927136
1987-08-20,135048815.6856385
1987-08-21,135484243.95825008
1987-08-24,134465751.6538546
1987-08-25,135854438.64591458
1987-08-26,134970592.4531899
1987-08-27,133703798.57905558
1987-08-28,131976444.1735775
1987-08-31,133092802.08986127
1987-09-01,130540408.97876337
1987-09-02,129862490.92225559
1987-09-03,129284720.18194132
1987-09-04,127889931.55387342
1987-09-08,126643355.69657558
1987-09-09,126798605.8419424
1987-09-10,128095285.72623843
1987-09-11,130048764.98949273
1987-09-14,130500287.08755387
1987-09-15,128372569.80235036
1987-09-16,127230139.6871516
1987-09-17,127269219.5658862
1987-09-18,127244047.78612751
1987-09-21,125513055.96073966
1987-09-22,129137446.73953284
1987-09-23,129830022.15584715
1987-09-24,129248270.34762794
1987-09-25,129436762.205519
1987-09-28,130673722.33909242
1987-09-29,130075824.06374858
1987-09-30,130143309.29210803
1987-10-01,132372238.33729108
1987-10-02,132681634.02574132
1987-10-05,132696630.9708188
1987-10-06,129134819.6096845
1987-10-07,128871668.03087685
1987-10-08,127116508.56096177
1987-10-09,125881585.94402792
1987-10-12,125215270.57101661
1987-10-13,127295034.24543747
1987-10-14,123560042.042343
1987-10-15,120688062.28826588
1987-10-16,114497539.59268168
1987-10-19,91177727.99159324
1987-10-20,96024436.31991163
1987-10-21,104725907.52178566
1987-10-22,100652791.71826904
1987-10-23,100652402.7394127
1987-10-26,92377781.9184087
1987-10-27,94615491.70734859
1987-10-28,94663627.30152324
1987-10-29,99308505.42174126
1987-10-30,102150852.22545326
1987-11-02,103759277.80044973
1987-11-03,103730042.01757026
1987-11-04,103752239.26316467
1987-11-05,103774597.30409943
1987-11-06,103797544.93510413
1987-11-09,103820380.72638856
1987-11-10,103843104.5687156
1987-11-11,103866145.30729619
1987-11-12,103889502.91491339
1987-11-13,103913177.3673957
1987-11-16,103936701.41257446
1987-11-17,103960269.74804819
1987-11-18,103983414.51512718
1987-11-19,104006134.98216096
1987-11-20,104029094.76697996
1987-11-23,104052293.89287609
1987-11-24,104075459.14737208
1987-11-25,104098356.08067052
1987-11-27,104120984.3322104
1987-11-30,104141971.0260316
1987-12-01,104164295.58394721
1987-12-02,104186389.84114908
1987-12-03,104207978.86564237
1987-12-04,104229847.07027705
1987-12-07,104253247.37464097
1987-12-08,104276809.31822923
1987-12-09,104300259.27671592
1987-12-10,104324066.41926982
1987-12-11,104347644.36844425
1987-12-14,104371188.52009453
1987-12-15,104395050.96203159
1987-12-16,104418957.97428502
1987-12-17,104442831.33777854
1987-12-18,104466475.28694102
1987-12-21,104490124.5886617
1987-12-22,104514014.2230172
1987-12-23,104537321.48892488
1987-12-24,104560477.0225244
1987-12-28,104583480.66130391
1987-12-29,104607038.80671157
1987-12-30,104630091.96823514
1987-12-31,104653032.33609897
1988-01-04,104676763.10435425
1988-01-05,105129177.98810965
1988-01-06,104741894.96730714
1988-01-07,104696557.9520521
1988-01-08,103765492.8987362
1988-01-11,104046664.10109583
1988-01-12,104138678.89029466
1988-01-13,104574636.29123414
1988-01-14,104666567.52809608
1988-01-15,106493151.19150251
1988-01-18,106491749.44868757
1988-01-19,106245790.02424616
1988-01-20,106543666.48490894
1988-01-21,107117264.12621468
1988-01-22,107423156.47288162
1988-01-25,107780604.33607015
1988-01-26,107166037.32625562
1988-01-27,108334536.73063166
1988-01-28,108713543.03917079
1988-01-29,109235436.98993951
1988-02-01,109305683.71832211
1988-02-02,109917186.22129726
1988-02-03,109719849.56260024
1988-02-04,109522554.68454221
1988-02-05,110430073.19779219
1988-02-08,109988782.555831
1988-02-09,110231648.80189481
1988-02-10,110621719.53961532
1988-02-11,110278127.23242164
1988-02-12,109424940.06975253
1988-02-16,109302120.55151406
1988-02-17,109251489.57203121
1988-02-18,109568163.2991645
1988-02-19,109737681.13673496
1988-02-22,109956570.40791275
1988-02-23,110494311.17123416
1988-02-24,110430562.15773384
1988-02-25,110081348.13633992
1988-02-26,110477356.2616804
1988-02-29,110698576.72444236
1988-03-01,110795662.67916887
1988-03-02,110967353.58829047
1988-03-03,111064408.7545735
1988-03-04,109903095.6024993
1988-03-07,109827251.36626616
1988-03-08,109626761.4920162
1988-03-09,109724114.69604456
1988-03-10,109523660.80852388
1988-03-11,109994771.63397112
1988-03-14,110067959.87740175
1988-03-15,110016266.18339871
1988-03-16,109593163.71812458
1988-03-17,110064328.44623357
1988-03-18,109271445.76465261
1988-03-21,108899918.31531344
1988-03-22,108997525.22604053
1988-03-23,108946088.46250767
1988-03-24,108671619.65627745
1988-03-25,108982291.50158939
1988-03-28,108265463.70194393
1988-03-29,108433246.46703278
1988-03-30,108384347.2445479
1988-03-31,108407624.32782595
1988-04-04,107717329.13393888
1988-04-05,107812986.93777362
1988-04-06,108270679.25835872
1988-04-07,108366258.83316149
1988-04-08,108969139.04274371
1988-04-11,108539339.99245472
1988-04-12,108707209.45280828
1988-04-13,108802776.41839519
1988-04-14,108035863.98725182
1988-04-15,107555576.89005777
1988-04-18,107127909.41825388
1988-04-19,107151615.44384187
1988-04-20,107031072.24193099
1988-04-21,107127034.09313619
1988-04-22,107440023.79877439
1988-04-25,107516559.67431185
1988-04-26,107396003.58071603
1988-04-27,107419733.77167311
1988-04-28,107011460.75665654
1988-04-29,106963655.06196998
1988-05-02,106551010.01788315
1988-05-03,106925700.3652926
1988-05-04,106879637.19515136
1988-05-05,106763687.76339331
1988-05-06,106160141.20563833
1988-05-09,106097447.78279923
1988-05-10,105842050.8353741
1988-05-11,106006318.38095425
1988-05-12,106100485.38098618
1988-05-13,106405086.89902414
1988-05-16,106412251.2051561
1988-05-17,105670095.20183708
1988-05-18,105205878.38240989
1988-05-19,105296509.57533193
1988-05-20,105049883.7668649
1988-05-23,105059660.85333017
1988-05-24,105152019.01081863
1988-05-25,105299307.9720873
1988-05-26,105256023.62073511
1988-05-27,105077489.11930808
1988-05-31,105453334.85911351
1988-06-01,106638019.21783224
1988-06-02,106391781.1914035
1988-06-03,107096565.83533546
1988-06-06,107171909.66283405
1988-06-07,106858151.56377134
1988-06-08,107562910.25277108
1988-06-09,107304725.54522946
1988-06-10,107610304.15434545
1988-06-13,107757263.1955592
1988-06-14,109341166.50710693
1988-06-15,109224752.54655468
1988-06-16,107994525.93614249
1988-06-17,107110882.36706346
1988-06-20,107188567.73253569
1988-06-21,107142692.91078706
1988-06-22,108085123.69320285
1988-06-23,108249907.70826092
1988-06-24,108485056.06141464
1988-06-27,107931639.83801761
1988-06-28,108449005.2294736
1988-06-29,108403025.77393849
1988-06-30,108849719.16057272
1988-07-01,109225794.99876079
1988-07-05,110524661.18194585
1988-07-06,108367130.09613265
1988-07-07,107997438.71926947
1988-07-08,106677684.15166174
1988-07-11,107086646.6206545
1988-07-12,105617335.97016294
1988-07-13,105931184.16369106
1988-07-14,106309466.33829488
1988-07-15,107295673.29510543
1988-07-18,106276099.80868694
1988-07-19,105828494.6545103
1988-07-20,106370047.84689412
1988-07-21,104727524.23887932
1988-07-22,103838438.89803638
1988-07-25,104630395.92740391
1988-07-26,104704877.8512483
1988-07-27,103325492.475668
1988-07-28,104578380.92376183
1988-07-29,107203201.93274792
1988-08-01,107685387.52520141
1988-08-02,108122392.19472548
1988-08-03,108214432.26330897
1988-08-04,108159965.53592423
1988-08-05,106967076.73554568
1988-08-08,106571824.37905043
1988-08-09,104664585.23971736
1988-08-10,102207398.24330005
1988-08-11,102217366.66534986
1988-08-12,102083458.62462234
1988-08-15,100587347.35127328
1988-08-16,101447380.38614814
1988-08-17,101344831.61548395
1988-08-18,101647987.50918287
1988-08-19,101351711.74048467
1988-08-22,100023562.08753076
1988-08-23,100395272.49377623
1988-08-24,101837546.32308432
1988-08-25,100645558.0632528
1988-08-26,101018651.3667354
1988-08-29,102615814.6199202
1988-08-30,102886379.77948815
1988-08-31,102641424.12397599
1988-09-01,101427452.45983793
1988-09-02,105422645.0273431
1988-09-06,106001575.00030012
1988-09-07,106117013.56387039
1988-09-08,106128390.88430394
1988-09-09,106918757.90757714
1988-09-12,106561454.41889344
1988-09-13,107145669.58862999
1988-09-14,108291149.11239015
1988-09-15,107612464.50759089
1988-09-16,108483658.55220886
1988-09-19,107529392.87489101
1988-09-20,107900790.38885203
1988-09-21,108360987.54445794
1988-09-22,107837004.96827482
1988-09-23,107936842.53773393
1988-09-26,107435444.21616316
1988-09-27,106916234.83617415
1988-09-28,107110988.70645978
1988-09-29,109071296.56695229
1988-09-30,109575754.39828157
1988-10-03,109639325.10538283
1988-10-04,109129971.19568363
1988-10-05,109630591.11574802
1988-10-06,109848604.39342895
1988-10-07,113341672.04401897
1988-10-10,113386860.6877665
1988-10-11,112978806.94685566
1988-10-12,110745716.04598577
1988-10-13,111244024.7008415
1988-10-14,111580162.19235292
1988-10-17,112147384.54799084
1988-10-18,113407566.87796251
1988-10-19,112166513.4455756
1988-10-20,114740424.26578595
1988-10-21,114753800.16035251
1988-10-24,114266662.92110388
1988-10-25,114312665.22764704
1988-10-26,114223283.15448296
1988-10-27,113128610.51710597
1988-10-28,113858325.90627263
1988-10-31,114395946.21358517
1988-11-01,114212617.78195222
1988-11-02,113843282.77892065
1988-11-03,114207133.06757817
1988-11-04,111867562.36935106
1988-11-07,110542321.1880995
1988-11-08,111032635.1364564
1988-11-09,110315230.45704474
1988-11-10,110536430.03966376
1988-11-11,108221242.08018371
1988-11-14,108154522.08120988
1988-11-15,108335228.03519504
1988-11-16,105979898.19159922
1988-11-17,105881560.40975213
1988-11-18,106698667.95626932
1988-11-21,106725386.0727285
1988-11-22,106781427.54709646
1988-11-23,107566645.72155224
1988-11-25,106249471.99528709
1988-11-28,106932028.1532399
1988-11-29,108039180.13771978
1988-11-30,109627546.65159048
1988-12-01,109509568.35602239
1988-12-02,108045816.8906416
1988-12-05,109683678.35142867
1988-12-06,112002198.30527887
1988-12-07,111852827.63660842
1988-12-08,111104100.08016962
1988-12-09,110921916.36597767
1988-12-12,110708916.03751041
1988-12-13,110126543.03317426
1988-12-14,109451704.98862463
1988-12-15,109049510.09845926
1988-12-16,109986963.65869388
1988-12-19,111229792.61604242
1988-12-20,111156726.74665529
1988-12-21,111197260.21920504
1988-12-22,111000625.24032223
1988-12-23,111545150.7095908
1988-12-27,110657216.04298216
1988-12-28,110201244.1254126
1988-12-29,111340825.80057782
1988-12-30,110960682.13055497
1989-01-03,109459448.92032379
1989-01-04,111173316.26891828
1989-01-05,111058342.82868676
1989-01-06,111466797.03948867
1989-01-09,111791485.01243827
1989-01-10,111487838.18423308
1989-01-11,112141342.60697368
1989-01-12,113314250.85531533
1989-01-13,114183597.36201401
1989-01-16,114267951.92825466
1989-01-17,114122368.79241626
1989-01-18,115826476.67381842
1989-01-19,115909268.40389995
1989-01-20,115583329.1092209
1989-01-23,115017187.95484415
1989-01-24,117122986.47994648
1989-01-25,116926026.78992632
1989-01-26,117943833.62667388
1989-01-27,119100821.6167942
1989-01-30,119246439.69595298
1989-01-31,120159787.63190992
1989-02-01,120165485.6113992
1989-02-02,120146316.93831825
1989-02-03,119972447.01700643
1989-02-06,119663853.0864789
1989-02-07,121477057.48647669
1989-02-08,121167230.04082052
1989-02-09,118726943.85661037
1989-02-10,116662542.76094505
1989-02-13,116854706.82877007
1989-02-14,116342510.63021368
1989-02-15,117383833.97051316
1989-02-16,117688292.48090176
1989-02-17,118539796.21610832
1989-02-21,118172489.32879587
1989-02-22,115643972.35642207
1989-02-23,115556442.23473696
1989-02-24,113478029.7282164
1989-02-27,113954651.8673982
1989-02-28,114656898.81439193
1989-03-01,113684032.72544768
1989-03-02,115165725.9824886
1989-03-03,115652127.27933179
1989-03-06,117501773.21635884
1989-03-07,117133769.3033536
1989-03-08,117446528.6442365
1989-03-09,117315183.48571263
1989-03-10,116153256.10676268
1989-03-13,117097712.69942115
1989-03-14,117253618.98133922
1989-03-15,117931670.61382955
1989-03-16,119096179.64983828
1989-03-17,115016875.97665462
1989-03-20,113698364.01952687
1989-03-21,114254029.18955596
1989-03-22,114508525.81538907
1989-03-23,114064959.23317838
1989-03-27,114707446.6486917
1989-03-28,115328120.94361922
1989-03-29,115992251.70758025
1989-03-30,116207721.37038065
1989-03-31,117429946.98705792
1989-04-03,118762566.6741383
1989-04-04,118642068.71029468
1989-04-05,119011046.39564955
1989-04-06,118410387.32545434
1989-04-07,118611267.03152257
1989-04-10,118656683.36189294
1989-04-11,119202313.09735939
1989-04-12,119249416.49448124
1989-04-13,117854700.29425181
1989-04-14,121020055.55077954
1989-04-17,121068537.54078671
1989-04-18,123860056.0624753
1989-04-19,124152293.6511965
1989-04-20,122847766.12018512
1989-04-21,124584460.9036642
1989-04-24,124288605.04313299
1989-04-25,123767135.0677763
1989-04-26,123920744.32708736
1989-04-27,125434999.31286606
1989-04-28,125705425.64155452
1989-05-01,124586525.19047587
1989-05-02,124672285.48635162
1989-05-03,124853459.8137462
1989-05-04,124700909.98951289
1989-05-05,125206468.49081303
1989-05-08,124223799.09960832
1989-05-09,123021362.47880252
1989-05-10,123189797.20839271
1989-05-11,124133381.07127954
1989-05-12,129233835.36771725
1989-05-15,130141929.53574136
1989-05-16,129793693.36016123
1989-05-17,130849598.73932554
1989-05-18,131219509.49711825
1989-05-19,133129445.11764298
1989-05-22,134637222.97692606
1989-05-23,132941870.48016347
1989-05-24,133022276.407145
1989-05-25,132656818.82713985
1989-05-26,133744543.52296363
1989-05-30,132967142.22405307
1989-05-31,133925878.59421587
1989-06-01,134438328.36706933
1989-06-02,137493295.31054744
1989-06-05,136759124.1375555
1989-06-06,137674139.34934536
1989-06-07,139623769.01298964
1989-06-08,139544218.97498584
1989-06-09,140627652.8333207
1989-06-12,140399838.1877011
1989-06-13,138557642.66937292
1989-06-14,138990602.86210385
1989-06-15,136199161.7415492
1989-06-16,136549454.87342626
1989-06-19,136661002.84234333
1989-06-20,136939562.42647153
1989-06-21,136068801.56338835
1989-06-22,136760350.852433
1989-06-23,140362056.78705955
1989-06-26,140492562.6758933
1989-06-27,141937415.64125776
1989-06-28,140258538.30488306
1989-06-29,138132007.3446117
1989-06-30,137601428.587197
1989-07-03,138290221.78968936
1989-07-05,138734037.02887633
1989-07-06,139406680.2724881
1989-07-07,141403308.84498793
1989-07-10,142667438.14276966
1989-07-11,143301868.6304708
1989-07-12,143739466.23245385
1989-07-13,143801423.9751287
1989-07-14,144216754.25188574
1989-07-17,144438982.61216962
1989-07-18,143201900.64127228
1989-07-19,145452541.11594725
1989-07-20,145293830.03255716
1989-07-21,145725922.44685662
1989-07-24,145038903.93091416
1989-07-25,145519432.9561417
1989-07-26,147192790.5960109
1989-07-27,149844672.45258313
1989-07-28,150422394.07146204
1989-07-31,152718536.87599143
1989-08-01,152520080.9506952
1989-08-02,152575694.8493136
1989-08-03,152344159.11880672
1989-08-04,149959147.62551695
1989-08-07,152101993.6311857
1989-08-08,152382108.13497767
1989-08-09,150827877.8262965
1989-08-10,151703173.44040263
1989-08-11,149468482.32150307
1989-08-14,147302205.3364713
1989-08-15,148302832.80034092
1989-08-16,149604431.82365128
1989-08-17,148496413.10957932
1989-08-18,149470271.04685912
1989-08-21,146753345.74885985
1989-08-22,146088378.75207612
1989-08-23,147974908.07574716
1989-08-24,151369739.82377
1989-08-25,150839850.87764585
1989-08-28,150937022.71194297
1989-08-29,149980286.18984476
1989-08-30,150527316.4992325
1989-08-31,150768346.46461403
1989-09-01,152446814.378893
1989-09-05,152050497.491232
1989-09-06,150840531.26338768
1989-09-07,150463399.3395594
1989-09-08,150942023.9347891
1989-09-11,150643231.79431653
1989-09-12,151088463.86611164
1989-09-13,149210132.64489883
1989-09-14,148738581.70328894
1989-09-15,149950791.92465976
1989-09-18,150635447.84162018
1989-09-19,150661566.0920501
1989-09-20,150026718.49337402
1989-09-21,149195930.81373963
1989-09-22,149576098.0690376
1989-09-25,147433260.44812855
1989-09-26,147674632.26422313
1989-09-27,148006326.305347
1989-09-28,149506076.90523767
1989-09-29,149644427.47474563
1989-10-02,150745897.66385236
1989-10-03,152886318.18109655
1989-10-04,153942194.40898833
1989-10-05,154679006.6796196
1989-10-06,156697071.3526197
1989-10-09,157098575.12401783
1989-10-10,156917141.21594727
1989-10-11,155578176.52758136
1989-10-12,155214588.1797458
1989-10-13,147735295.18860367
1989-10-16,150753572.5392775
1989-10-17,149808718.51033372
1989-10-18,149975527.0712337
1989-10-19,152832580.2584006
1989-10-20,152646653.03260058
1989-10-23,152301784.16937956
1989-10-24,152316067.7927795
1989-10-25,151895009.87807557
1989-10-26,149689502.85183695
1989-10-27,147821981.80336565
1989-10-30,148092593.00824076
1989-10-31,150408488.95730147
1989-11-01,150878149.44962716
1989-11-02,150093233.00558665
1989-11-03,148815782.56982228
1989-11-06,146287485.4134154
1989-11-07,148249329.428688
1989-11-08,150011273.60033324
1989-11-09,149012230.12060526
1989-11-10,149916983.7018347
1989-11-13,150485584.20276996
1989-11-14,150008548.8057039
1989-11-15,151635571.3665168
1989-11-16,151654945.06537914
1989-11-17,151499005.18781814
1989-11-20,150779810.37765732
1989-11-21,150988579.10135868
1989-11-22,152413134.83607018
1989-11-24,153450401.7477607
1989-11-27,153678106.85453603
1989-11-28,153643994.49102867
1989-11-29,152485815.71134597
1989-11-30,153949686.0873341
1989-12-01,156294471.07195774
1989-12-04,156598591.3754808
1989-12-05,155800001.20476758
1989-12-06,155038994.10514107
1989-12-07,154308354.30270576
1989-12-08,155417701.72698522
1989-12-11,155323366.9850119
1989-12-12,156607427.27502808
1989-12-13,157263281.37758303
1989-12-14,156789153.10602722
1989-12-15,156324627.2210819
1989-12-18,153873435.29672047
1989-12-19,153226359.01968262
1989-12-20,153502574.57931444
1989-12-21,154361081.8510864
1989-12-22,155001189.1090461
1989-12-26,153468073.12494504
1989-12-27,154455957.29516482
1989-12-28,155592501.61881277
1989-12-29,156590805.75151682
1990-01-02,159362884.10539594
1990-01-03,158410201.1694503
1990-01-04,157157334.71248424
1990-01-05,155522988.1446028
1990-01-08,155977556.40267795
1990-01-09,154142529.88940242
1990-01-10,153024324.69099566
1990-01-11,153459773.82329836
1990-01-12,149061687.04015765
1990-01-15,147748501.5487148
1990-01-16,148494700.84717688
1990-01-17,147142009.6741285
1990-01-18,146206821.47081918
1990-01-19,147212044.5173215
1990-01-22,143404431.5838028
1990-01-23,144034290.3924019
1990-01-24,142307761.47795624
1990-01-25,140137397.04810464
1990-01-26,139369213.64731905
1990-01-29,139089992.78376207
1990-01-30,138057125.1831118
1990-01-31,141393924.33954057
1990-02-01,141367410.98030335
1990-02-02,141547792.56809372
1990-02-05,141737910.7128647
1990-02-06,140444692.08891177
1990-02-07,142649658.69022775
1990-02-08,142600482.76847294
1990-02-09,144604561.27929163
1990-02-12,142319163.74265942
1990-02-13,143199291.40655133
1990-02-14,143531088.8970556
1990-02-15,144099624.19266033
1990-02-16,143276753.2760656
1990-02-20,139490162.61055672
1990-02-21,139358056.33765554
1990-02-22,139270432.8282072
1990-02-23,138683410.6791244
1990-02-26,141312809.75249276
1990-02-27,142453141.50983563
1990-02-28,142227016.65880814
1990-03-01,141854476.15580967
1990-03-02,143505954.8712052
1990-03-05,141803791.77294132
1990-03-06,144134754.94402575
1990-03-07,143817938.5517982
1990-03-08,145320291.99583304
1990-03-09,143574488.9912205
1990-03-12,144147233.67719132
1990-03-13,142082151.75637117
1990-03-14,143200312.98730654
1990-03-15,143614550.7191322
1990-03-16,145889989.09861594
1990-03-19,146647567.91538563
1990-03-20,146308581.50235233
1990-03-21,145444079.94411203
1990-03-22,143930829.6446378
1990-03-23,144681070.19813037
1990-03-26,145025538.8557692
1990-03-27,146572160.91084892
1990-03-28,146886857.6878483
1990-03-29,145515833.0596879
1990-03-30,144681295.3650774
1990-04-02,144231660.79152733
1990-04-03,146519117.90477258
1990-04-04,146214440.3096728
1990-04-05,145878596.49026802
1990-04-06,145706422.13530803
1990-04-09,146040344.92801878
1990-04-10,146248092.75310573
1990-04-11,145905809.03375217
1990-04-12,146841099.18015885
1990-04-16,146738892.5264182
1990-04-17,145864805.4752209
1990-04-18,143341086.8389828
1990-04-19,142150363.27669883
1990-04-20,140172800.90156993
1990-04-23,138278614.3954041
1990-04-24,137819155.61370635
1990-04-25,138431571.21296605
1990-04-26,138273523.55810484
1990-04-27,136796040.15861616
1990-04-30,137748279.99976227
1990-05-01,138001867.4559678
1990-05-02,137907622.1266439
1990-05-03,137949137.0975128
1990-05-04,137990055.12692818
1990-05-07,138031290.1876258
1990-05-08,138072385.09887236
1990-05-09,138113288.8232285
1990-05-10,138154001.10799426
1990-05-11,138194266.97936454
1990-05-14,138234595.55511189
1990-05-15,138275037.85261095
1990-05-16,138315593.9458337
1990-05-17,138356161.93416584
1990-05-18,138397149.72695783
1990-05-21,138438149.6623182
1990-05-22,138479059.73525268
1990-05-23,138519573.55387178
1990-05-24,138560303.49469572
1990-05-25,138601351.76410013
1990-05-29,138642412.19398904
1990-05-30,138683535.86043403
1990-05-31,138724620.6372307
1990-06-01,138765359.7337343
1990-06-04,140303448.27275378
1990-06-05,139743610.33073652
1990-06-06,139203747.49764863
1990-06-07,138522274.26079598
1990-06-08,136847163.63458782
1990-06-11,137837248.51754797
1990-06-12,139589942.1945674
1990-06-13,139815901.13785547
1990-06-14,139246944.0061799
1990-06-15,138520820.77858678
1990-06-18,135921126.01684305
1990-06-19,136437675.8996239
1990-06-20,136318941.62661722
1990-06-21,137111961.74342635
1990-06-22,135291783.31637198
1990-06-25,133545461.6563938
1990-06-26,133628831.70290418
1990-06-27,135152058.212605
1990-06-28,136540711.54622915
1990-06-29,137045163.13950834
1990-07-02,137683970.4578218
1990-07-03,138195525.7546548
1990-07-05,136350055.34126025
1990-07-06,136570777.8429237
1990-07-09,136509552.20564747
1990-07-10,135363722.09137475
1990-07-11,137160556.57595256
1990-07-12,139387248.6453571
1990-07-13,140560246.81755608
1990-07-16,141340971.38402927
1990-07-17,140801851.11964077
1990-07-18,139000180.67776006
1990-07-19,139327058.74097544
1990-07-20,138203277.01526663
1990-07-23,135884129.64596042
1990-07-24,135617148.278977
1990-07-25,136473006.2560161
1990-07-26,136029187.48219916
1990-07-27,135728987.1163879
1990-07-30,137316198.5861664
1990-07-31,137367054.06293318
1990-08-01,137764125.2613687
1990-08-02,135163608.1890608
1990-08-03,132481161.077171
1990-08-06,126154107.35881521
1990-08-07,125725734.76857845
1990-08-08,127128639.1034022
1990-08-09,128640099.38959827
1990-08-10,126828682.79286587
1990-08-13,127886981.15158874
1990-08-14,128511174.8072388
1990-08-15,128931800.95440266
1990-08-16,125051002.07031888
1990-08-17,123021568.32081284
1990-08-20,123257785.80827372
1990-08-21,120540245.02792092
1990-08-22,118017167.77665488
1990-08-23,113815228.02011916
1990-08-24,115088249.25621961
1990-08-27,119923356.44172642
1990-08-28,119551253.8286395
1990-08-29,121388580.0661255
1990-08-30,119221607.4382983
1990-08-31,120645314.27820358
1990-09-04,120622350.70849438
1990-09-05,120901649.82572214
1990-09-06,121084628.58252132
1990-09-07,121345672.21506162
1990-09-10,121118935.76378049
1990-09-11,121301949.60462435
1990-09-12,121406948.77345723
1990-09-13,121434010.47122382
1990-09-14,121072417.30677585
1990-09-17,120923980.1048701
1990-09-18,120951143.5232677
1990-09-19,121134254.9855347
1990-09-20,120928018.82877748
1990-09-21,120334161.43711308
1990-09-24,120031696.83479954
1990-09-25,120214964.60596506
1990-09-26,120398223.72235012
1990-09-27,121129384.28162526
1990-09-28,121860476.24933833
1990-10-01,122806058.37749384
1990-10-02,122992527.96492203
1990-10-03,122857782.39359316
1990-10-04,123208664.90735982
1990-10-05,123397368.76196021
1990-10-08,123395196.90485597
1990-10-09,122064919.52871297
1990-10-10,121608019.17446353
1990-10-11,121392825.49542524
1990-10-12,122069093.26563652
1990-10-15,122479923.82967103
1990-10-16,122587860.19573338
1990-10-17,122857802.9194443
1990-10-18,123290018.22855753
1990-10-19,124047630.17342648
1990-10-22,124051445.29644407
1990-10-23,123916810.92431007
1990-10-24,123862958.05367388
1990-10-25,124213965.38827899
1990-10-26,124160097.47162884
1990-10-29,123680575.18366513
1990-10-30,123707634.30378512
1990-10-31,124139898.68025373
1990-11-01,124816092.15284298
1990-11-02,124843060.0217175
1990-11-05,125495074.2118418
1990-11-06,125353118.40553531
1990-11-07,124963574.74732034
1990-11-08,124906959.72040737
1990-11-09,125687668.12640443
1990-11-12,125685237.4546985
1990-11-13,126805993.29262114
1990-11-14,126916134.58941948
1990-11-15,126859399.10064599
1990-11-16,127471947.17300569
1990-11-19,127138856.48308729
1990-11-20,127499894.51941355
1990-11-21,127860903.11887215
1990-11-23,127832277.12777849
1990-11-26,127998780.15247297
1990-11-27,127926336.33164787
1990-11-28,127781004.79908314
1990-11-29,127635697.31024161
1990-11-30,128179361.98196167
1990-12-03,128608175.33982177
1990-12-04,128806707.93333179
1990-12-05,129177620.17602763
1990-12-06,129032248.45139633
1990-12-07,130356716.90708686
1990-12-10,130869510.77394496
1990-12-11,131249944.56320706
1990-12-12,131543300.26079133
1990-12-13,130948101.9805538
1990-12-14,130352969.0276824
1990-12-17,130704313.00808366
1990-12-18,130997784.59699555
1990-12-19,130934873.13292778
1990-12-20,130516878.05957668
1990-12-21,130010361.46391559
1990-12-24,129297105.49247617
1990-12-26,129799148.58441865
1990-12-27,130182116.65837662
1990-12-28,129941691.98289111
1990-12-31,130562221.96289854
1991-01-02,131601440.18800414
1991-01-03,130075105.70094685
1991-01-04,128924793.8040802
1991-01-07,125803576.92246568
1991-01-08,125343578.22721766
1991-01-09,123243418.22057523
1991-01-10,125203796.58487572
1991-01-11,125163172.18820462
1991-01-14,123902296.17732342
1991-01-15,124488951.38005333
1991-01-16,125301249.21501629
1991-01-17,131561157.4486073
1991-01-18,133430664.89822538
1991-01-21,132953042.49283585
1991-01-22,131610921.68924387
1991-01-23,132642259.68046957
1991-01-24,134817468.98315328
1991-01-25,134805794.3886829
1991-01-28,134860500.61860883
1991-01-29,135066022.02579555
1991-01-30,136902520.05077848
1991-01-31,138290729.2506594
1991-02-01,139076685.51914784
1991-02-04,141516831.78932
1991-02-05,142970630.66743833
1991-02-06,146254813.5318253
1991-02-07,145352302.29845956
1991-02-08,146985569.82747704
1991-02-11,150715470.79162732
1991-02-12,149474299.60396394
1991-02-13,150919990.34322348
1991-02-14,148770149.91004953
1991-02-15,150952102.0475205
1991-02-19,150989422.88570836
1991-02-20,148867528.59668586
1991-02-21,148404111.27334943
1991-02-22,148387266.59044045
1991-02-25,149082082.04952502
1991-02-26,146794379.24036112
1991-02-27,148588026.47482428
1991-02-28,147931879.6648353
1991-03-01,148316092.446345
1991-03-04,147940057.00194058
1991-03-05,151292178.53452972
1991-03-06,150786313.86464936
1991-03-07,151095631.08893582
1991-03-08,150128727.70618284
1991-03-11,150118074.36815128
1991-03-12,148666864.21674797
1991-03-13,151187806.63263947
1991-03-14,150776176.7482862
1991-03-15,150017873.5125445
1991-03-18,149004274.98823512
1991-03-19,145809425.93552333
1991-03-20,146840056.61581445
1991-03-21,146712672.25588045
1991-03-22,147377640.35547715
1991-03-25,148389268.60603994
1991-03-26,150974606.8652528
1991-03-27,151117918.3972313
1991-03-28,151385831.64829907
1991-04-01,149735875.00972736
1991-04-02,153418039.1017198
1991-04-03,153004464.9096611
1991-04-04,153858734.1333984
1991-04-05,152220549.24114844
1991-04-08,153713871.49157712
1991-04-09,151190954.74566674
1991-04-10,150329982.55955082
1991-04-11,152227476.81010833
1991-04-12,154470797.0061574
1991-04-15,155170669.40346727
1991-04-16,157526795.06815904
1991-04-17,158877387.25140417
1991-04-18,157361737.72977918
1991-04-19,154838209.67792016
1991-04-22,153101350.3329103
1991-04-23,153745270.40726838
1991-04-24,154777822.2341057
1991-04-25,153292877.16838786
1991-04-26,153318550.97830024
1991-04-29,151165512.91335544
1991-04-30,152365467.24908814
1991-05-01,154450990.41482127
1991-05-02,154970866.12091443
1991-05-03,154375902.18520787
1991-05-06,154068081.77284646
1991-05-07,152882012.26373136
1991-05-08,153576353.32753122
1991-05-09,155682106.01257548
1991-05-10,151682620.12575242
1991-05-13,152688416.97765666
1991-05-14,149938794.69619378
1991-05-15,148840956.72671407
1991-05-16,150396655.83937252
1991-05-17,150896922.53800172
1991-05-20,150731981.07745552
1991-05-21,152372638.55361155
1991-05-22,152721358.76484454
1991-05-23,151843395.42322305
1991-05-24,152864381.8451255
1991-05-28,155028314.60453784
1991-05-29,155381001.4894259
1991-05-30,157571742.80820802
1991-05-31,158297141.30833614
1991-06-03,156824307.7201468
1991-06-04,156710423.59531093
1991-06-05,155142704.265625
1991-06-06,154158390.53383568
1991-06-07,151882109.7501321
1991-06-10,151622465.27100694
1991-06-11,152622247.6472893
1991-06-12,150179045.23062465
1991-06-13,150781203.26646072
1991-06-14,153142437.8151711
1991-06-17,152270070.07812446
1991-06-18,151474616.05988908
1991-06-19,150004455.8194116
1991-06-20,150451479.1127346
1991-06-21,151187344.90271077
1991-06-24,148452973.01197168
1991-06-25,148351665.48957688
1991-06-26,148742035.4546435
1991-06-27,149978100.50321966
1991-06-28,149498698.19932106
1991-07-01,152079196.87717083
1991-07-02,151815231.78898704
1991-07-03,150277818.54655918
1991-07-05,149833043.32993954
1991-07-08,151456328.07914713
1991-07-09,150542536.56965685
1991-07-10,150509555.1985451
1991-07-11,151513817.46674892
1991-07-12,153236201.26683405
1991-07-15,154171763.1705223
1991-07-16,153744545.22617227
1991-07-17,153307215.1135554
1991-07-18,154891112.70734367
1991-07-19,154756484.06327257
1991-07-22,154306340.04070023
1991-07-23,152632226.4436701
1991-07-24,153053740.7562367
1991-07-25,154404199.51776728
1991-07-26,154407052.56380042
1991-07-29,155375902.1940659
1991-07-30,156701056.7163627
1991-07-31,157266125.77925655
1991-08-01,157005706.63400775
1991-08-02,158530953.60007316
1991-08-05,157979845.2066303
1991-08-06,160954340.71262136
1991-08-07,161381517.69274828
1991-08-08,160337336.5991779
1991-08-09,159449713.32479206
1991-08-12,160229057.17013186
1991-08-13,161335077.76676872
1991-08-14,162444884.02422002
1991-08-15,162009562.66937783
1991-08-16,160487079.54776606
1991-08-19,156943926.9366773
1991-08-20,158391172.10171536
1991-08-21,163091489.3548441
1991-08-22,163631223.89614815
1991-08-23,163697048.9351793
1991-08-26,163315877.60736543
1991-08-27,163196086.57391763
1991-08-28,165461679.1903682
1991-08-29,166301627.21666604
1991-08-30,165001601.91857877
1991-09-03,163887243.61729312
1991-09-04,163008118.85415444
1991-09-05,162460038.22607628
1991-09-06,163241124.78575808
1991-09-09,163442477.10891593
1991-09-10,161813355.8536914
1991-09-11,161934488.3861165
1991-09-12,163654909.28694808
1991-09-13,162244253.89128274
1991-09-16,163560234.65463108
1991-09-17,163572258.7363705
1991-09-18,164178154.19982365
1991-09-19,164559132.72170404
1991-09-20,165159456.08014154
1991-09-23,164637100.97937384
1991-09-24,165300970.68271422
1991-09-25,164738552.44293135
1991-09-26,164809773.75433812
1991-09-27,165354983.13102552
1991-09-30,166500777.38711756
1991-10-01,167316844.6895444
1991-10-02,166700701.2115843
1991-10-03,165098868.2480143
1991-10-04,164662948.79851273
1991-10-07,163883041.00714028
1991-10-08,164052696.77401024
1991-10-09,161500919.49227458
1991-10-10,162330940.51785734
1991-10-11,163743787.0823554
1991-10-14,165867282.3270834
1991-10-15,168255345.62366697
1991-10-16,169147622.7217735
1991-10-17,167620947.31001237
1991-10-18,168115241.63590792
1991-10-21,166099842.3818598
1991-10-22,164610650.40287963
1991-10-23,164444598.984024
1991-10-24,163700791.49150428
1991-10-25,163009701.90153387
1991-10-28,165679694.86504748
1991-10-29,168106393.15142098
1991-10-30,169095684.15395847
1991-10-31,169013189.2319452
1991-11-01,168435574.79226136
1991-11-04,167848276.10757393
1991-11-05,166502903.7303249
1991-11-06,167630067.85945746
1991-11-07,170158554.03349784
1991-11-08,170055978.0511503
1991-11-11,170137009.5600366
1991-11-12,172247159.96263215
1991-11-13,172063358.25532076
1991-11-14,172694850.20776987
1991-11-15,166811723.95656604
1991-11-18,168000973.0444583
1991-11-19,165092776.44256625
1991-11-20,164618142.09644675
1991-11-21,165166776.31186736
1991-11-22,162946296.78976545
1991-11-25,162543459.60329932
1991-11-26,164010779.23795494
1991-11-27,163433760.69169322
1991-11-29,163378713.1467858
1991-12-02,166758169.10897884
1991-12-03,167045863.02885875
1991-12-04,167981858.80795774
1991-12-05,166352239.89316124
1991-12-06,166535585.59038088
1991-12-09,166723178.15116137
1991-12-10,166702395.25781232
1991-12-11,166517858.17280886
1991-12-12,168568599.5396531
1991-12-13,169511833.9639019
1991-12-16,169709785.1129006
1991-12-17,169330398.1160718
1991-12-18,169556062.88724482
1991-12-19,170096242.3275166
1991-12-20,173742795.00824326
1991-12-23,179245152.09740826
1991-12-24,180367745.04023176
1991-12-26,183231033.33902657
1991-12-27,184349523.18535534
1991-12-30,189048284.19274274
1991-12-31,190614902.41692847
1992-01-02,189786590.46333742
1992-01-03,189801817.02751312
1992-01-06,189677520.16741577
1992-01-07,190262892.59062442
1992-01-08,190465635.26860988
1992-01-09,189994363.00412178
1992-01-10,188068384.75604707
1992-01-13,186877307.68800458
1992-01-14,188185628.39134496
1992-01-15,188087986.02619714
1992-01-16,185905703.2641408
1992-01-17,186740897.49754226
1992-01-20,185618557.16699994
1992-01-21,184889128.62647992
1992-01-22,186561752.3587174
1992-01-23,183741160.0365217
1992-01-24,183346453.63708416
1992-01-27,183354418.0290137
1992-01-28,184398245.15607625
1992-01-29,181232763.56651974
1992-01-30,181056042.51912278
1992-01-31,179833170.71435845
1992-02-03,179627731.60016975
1992-02-04,182420293.59423012
1992-02-05,183447079.81130722
1992-02-06,183586775.27843425
1992-02-07,182416813.81900218
1992-02-10,183556235.45960847
1992-02-11,183324127.33409005
1992-02-12,183943937.24890676
1992-02-13,181213421.1829902
1992-02-14,180582620.28947446
1992-02-18,177735182.57705542
1992-02-19,178758092.84489715
1992-02-20,181353847.0034831
1992-02-21,179810425.31568182
1992-02-24,180023383.54195797
1992-02-25,179594141.47947636
1992-02-26,183128883.2166289
1992-02-27,182253960.62094024
1992-02-28,182777314.65043867
1992-03-02,181391479.53240007
1992-03-03,180962792.28863436
1992-03-04,179455785.2718515
1992-03-05,177255281.2505202
1992-03-06,176748624.00607866
1992-03-09,177917706.50749174
1992-03-10,178544912.28454393
1992-03-11,176346658.16417602
1992-03-12,174967443.20298198
1992-03-13,174743482.61155343
1992-03-16,175315038.59835902
1992-03-17,177546399.51057452
1992-03-18,177385107.76945683
1992-03-19,178288346.49495706
1992-03-20,178105967.2804716
1992-03-23,177844823.47291178
1992-03-24,178512106.47167414
1992-03-25,177950391.36565188
1992-03-26,177640742.6460864
1992-03-27,176148221.14479098
1992-03-30,176028652.3592842
1992-03-31,176349839.01763758
1992-04-01,177572320.19318813
1992-04-02,175869296.0993374
1992-04-03,176948664.032958
1992-04-06,178903490.9311108
1992-04-07,175681653.37368923
1992-04-08,173799300.07086477
1992-04-09,177561343.51828405
1992-04-10,178917721.74568042
1992-04-13,180285479.50867146
1992-04-14,182779984.656358
1992-04-15,184232084.59143907
1992-04-16,183158405.66271552
1992-04-20,179031194.87912738
1992-04-21,179217529.8539223
1992-04-22,179175529.64331332
1992-04-23,179723551.81884348
1992-04-24,179140054.89296448
1992-04-27,178371930.61856905
1992-04-28,179052148.73345578
1992-04-29,179962410.31591395
1992-04-30,181127714.2405805
1992-05-01,180730627.46504885
1992-05-04,182471213.07585436
1992-05-05,182714892.7485118
1992-05-06,183959450.22335222
1992-05-07,183194569.06895316
1992-05-08,184335515.8210992
1992-05-11,185615579.5478643
1992-05-12,185207727.5364313
1992-05-13,185559683.70971966
1992-05-14,184160880.99937993
1992-05-15,183644242.35085016
1992-05-18,184952116.87059385
1992-05-19,187592884.2796898
1992-05-20,186520451.56842
1992-05-21,183479265.1102974
1992-05-22,184643846.17869836
1992-05-26,182176104.6589664
1992-05-27,182788603.44993144
1992-05-28,185844735.4922218
1992-05-29,185639452.2881252
1992-06-01,185837319.67546123
1992-06-02,184698051.1031104
1992-06-03,185330497.80476028
1992-06-04,184770801.9988985
1992-06-05,185274434.08088323
1992-06-08,185319817.2518629
1992-06-09,183639496.30074596
1992-06-10,182174997.17698893
1992-06-11,183247373.4540783
1992-06-12,184094069.53982365
1992-06-15,184552381.69049954
1992-06-16,184219201.03560472
1992-06-17,181704283.35729003
1992-06-18,181666171.7792384
1992-06-19,182250854.2179866
1992-06-22,182227727.6430646
1992-06-23,182410020.30124047
1992-06-24,182981858.41781
1992-06-25,183450289.26099196
1992-06-26,183495059.3664266
1992-06-29,186408272.39362994
1992-06-30,185811935.78824487
1992-07-01,188469330.81191292
1992-07-02,190261278.1149484
1992-07-06,191740990.3147907
1992-07-07,190015757.77187455
1992-07-08,190016720.11728182
1992-07-09,191867063.80485824
1992-07-10,191802811.96675256
1992-07-13,191475498.9441902
1992-07-14,192799860.23622125
1992-07-15,193513550.7967563
1992-07-16,194152077.3081929
1992-07-17,192886438.67104313
1992-07-20,192122661.4656843
1992-07-21,192290506.7021471
1992-07-22,191556094.01774904
1992-07-23,193890278.2742954
1992-07-24,193559889.33751428
1992-07-27,194172745.66129968
1992-07-28,197776305.14976618
1992-07-29,200401195.20824873
1992-07-30,199926723.47380695
1992-07-31,199659272.74856704
1992-08-03,200165554.84162393
1992-08-04,200715578.79538983
1992-08-05,200027062.69486934
1992-08-06,199172666.23215905
1992-08-07,199558085.53640598
1992-08-10,200621318.05750352
1992-08-11,200683079.0557954
1992-08-12,200462181.87932417
1992-08-13,199467798.26179504
1992-08-14,200819431.23686734
1992-08-17,200883972.09528843
1992-08-18,202344382.16978514
1992-08-19,201013661.25058478
1992-08-20,201216677.23088837
1992-08-21,198621948.15348345
1992-08-24,194622532.56588712
1992-08-25,194366009.2611571
1992-08-26,195943232.05499178
1992-08-27,196539499.09995717
1992-08-28,197321136.86662886
1992-08-31,197177477.71542627
1992-09-01,199002855.8557134
1992-09-02,200212158.61441377
1992-09-03,200238817.91714206
1992-09-04,201877459.64488864
1992-09-08,202364773.9548024
1992-09-09,203031814.06987864
1992-09-10,204794974.69888768
1992-09-11,203752770.5504844
1992-09-14,207341015.47780582
1992-09-15,203530053.220061
1992-09-16,203481451.24278474
1992-09-17,203662867.9802386
1992-09-18,204983634.84224433
1992-09-21,204550378.1415213
1992-09-22,200970353.87844226
1992-09-23,200556278.06276068
1992-09-24,201952863.17018655
1992-09-25,201023583.91394392
1992-09-28,202794330.66244954
1992-09-29,202908544.9528128
1992-09-30,203416871.291369
1992-10-01,204770323.29271796
1992-10-02,201548377.7148512
1992-10-05,200556099.52539232
1992-10-06,199494505.15487283
1992-10-07,195787015.4187498
1992-10-08,198207492.2757829
1992-10-09,194229661.47674674
1992-10-12,196516880.6699098
1992-10-13,197682427.69904795
1992-10-14,197742718.8437777
1992-10-15,197598132.18295574
1992-10-16,197663989.79875156
1992-10-19,198057871.31689465
1992-10-20,195945811.3841556
1992-10-21,196903517.09882915
1992-10-22,197412182.75659117
1992-10-23,195807694.27900356
1992-10-26,197818858.27840203
1992-10-27,198704076.46990392
1992-10-28,199783704.0553365
1992-10-29,200856699.3682431
1992-10-30,198559117.24591464
1992-11-02,199438606.26180637
1992-11-03,198277297.5820862
1992-11-04,196699399.58117738
1992-11-05,197585126.9088083
1992-11-06,195857046.42358828
1992-11-09,196012271.44527668
1992-11-10,197311938.92343208
1992-11-11,198971796.06820226
1992-11-12,201028538.9367908
1992-11-13,200414774.07500082
1992-11-16,198551082.07880017
1992-11-17,198486346.21948814
1992-11-18,201320431.23827562
1992-11-19,201276447.52459946
1992-11-20,202295465.7204398
1992-11-23,201398675.84271273
1992-11-24,203111474.70831183
1992-11-25,203595667.59101838
1992-11-27,202820763.4925982
1992-11-30,203190598.78280383
1992-12-01,203094456.4688358
1992-12-02,202848990.3279831
1992-12-03,203172341.99140516
1992-12-04,205212202.92041877
1992-12-07,207695211.17975184
1992-12-08,209247849.25894195
1992-12-09,208202074.7700299
1992-12-10,207608019.11935756
1992-12-11,206762796.07035244
1992-12-14,206004357.98872146
1992-12-15,205904714.1837221
1992-12-16,206338302.5731118
1992-12-17,208187739.24823922
1992-12-18,211097545.42956805
1992-12-21,211677174.0300601
1992-12-22,212418582.63613847
1992-12-23,211398537.20169425
1992-12-24,211624807.30711612
1992-12-28,211028479.58323237
1992-12-29,210954704.58139315
1992-12-30,211526451.64014632
1992-12-31,209796876.6225746
1993-01-04,211281959.99507326
1993-01-05,210653244.48759562
1993-01-06,210470524.07219544
1993-01-07,206734653.95056573
1993-01-08,206105393.00816956
1993-01-11,207714276.2219953
1993-01-12,207638400.60605055
1993-01-13,208769513.12634563
1993-01-14,211084447.09367475
1993-01-15,212435808.6139579
1993-01-18,212274204.58534703
1993-01-19,211752667.2166296
1993-01-20,210630861.13771418
1993-01-21,211829830.96570137
1993-01-22,212618016.4262772
1993-01-25,215981930.3213049
1993-01-26,215674826.98098516
1993-01-27,215129953.40607423
1993-01-28,216038824.62266546
1993-01-29,216895783.02754214
1993-02-01,218628867.00374007
1993-02-02,217806311.98814884
1993-02-03,220222581.6687154
1993-02-04,222089951.31016275
1993-02-05,223067458.0736299
1993-02-08,222346289.03695053
1993-02-09,220162534.51801345
1993-02-10,220634458.14192188
1993-02-11,222197452.93758574
1993-02-12,220826996.09216025
1993-02-16,215558834.56313533
1993-02-17,216357658.38969114
1993-02-18,217952628.1618672
1993-02-19,219042478.74533635
1993-02-22,220837454.59528878
1993-02-23,223446447.6674525
1993-02-24,224854201.152004
1993-02-25,225008581.46652073
1993-02-26,225330084.58756053
1993-03-01,226244105.29989168
1993-03-02,229426315.99160868
1993-03-03,231571003.0475633
1993-03-04,231140938.17410597
1993-03-05,229325864.28977212
1993-03-08,235354514.6829557
1993-03-09,233497313.64548102
1993-03-10,232933101.70138562
1993-03-11,232470359.3991513
1993-03-12,227502460.85671407
1993-03-15,227672700.57952958
1993-03-16,229532251.98117805
1993-03-17,228794862.62797818
1993-03-18,231728677.54323757
1993-03-19,231050595.15352693
1993-03-22,229696209.0080574
1993-03-23,231013759.48290914
1993-03-24,230345258.61343205
1993-03-25,231264243.9541096
1993-03-26,228166137.09989864
1993-03-29,229695972.2987407
1993-03-30,231003198.95454156
1993-03-31,230680520.8011234
1993-04-01,229391566.14481482
1993-04-02,222989610.97157824
1993-04-05,224664898.033599
1993-04-06,224862407.54212895
1993-04-07,225818816.3168992
1993-04-08,227160321.93363595
1993-04-12,231251602.6009581
1993-04-13,231550028.8178575
1993-04-14,231756651.28267264
1993-04-15,232105423.68693367
1993-04-16,231935841.15629447
1993-04-19,231412868.7329678
1993-04-20,230312082.9885848
1993-04-21,230330275.0642961
1993-04-22,227666732.96478721
1993-04-23,226033872.0008408
1993-04-26,223514444.83518922
1993-04-27,224550724.78732464
1993-04-28,223913790.24121338
1993-04-29,225531259.5334818
1993-04-30,224852173.03321627
1993-05-03,227856177.64590004
1993-05-04,229315843.48043606
1993-05-05,229782908.02933493
1993-05-06,229665016.61092094
1993-05-07,228695115.2296332
1993-05-10,229744206.8701634
1993-05-11,230693344.0113633
1993-05-12,229173144.06184116
1993-05-13,225462180.21779722
1993-05-14,225136220.89151245
1993-05-17,225333030.38073003
1993-05-18,223842560.40207863
1993-05-19,229081481.1333649
1993-05-20,230045908.72028303
1993-05-21,226805312.13774574
1993-05-24,227828625.70992395
1993-05-25,228089668.32899886
1993-05-26,231774681.1082212
1993-05-27,231156132.55739105
1993-05-28,229214635.6345184
1993-06-01,233061487.40711114
1993-06-02,232916042.06654695
1993-06-03,232803444.19909492
1993-06-04,230507895.41033813
1993-06-07,230302466.61931688
1993-06-08,228084690.07657278
1993-06-09,229211815.44933298
1993-06-10,229371077.3590446
1993-06-11,232010021.40266958
1993-06-14,231769978.35640484
1993-06-15,231466385.95747036
1993-06-16,231941420.263591
1993-06-17,233237163.10122928
1993-06-18,230661125.4855461
1993-06-21,232088263.85143393
1993-06-22,232422341.03745076
1993-06-23,230357922.6433076
1993-06-24,233900511.4622788
1993-06-25,234440295.67898378
1993-06-28,237755071.44817078
1993-06-29,236776925.04170835
1993-06-30,236602935.02023315
1993-07-01,235947100.22846282
1993-07-02,235332722.41126218
1993-07-06,232285977.15579918
1993-07-07,232942419.73125926
1993-07-08,235916512.29932088
1993-07-09,236921340.42972258
1993-07-12,237004660.95453447
1993-07-13,236318827.3091487
1993-07-14,238186756.4790873
1993-07-15,237198619.33016154
1993-07-16,236722100.1763029
1993-07-19,236632108.2924997
1993-07-20,236571541.82494515
1993-07-21,234987281.8452643
1993-07-22,232118136.24507508
1993-07-23,232391830.46995378
1993-07-26,234113438.44842967
1993-07-27,234124876.27455834
1993-07-28,233984866.46364975
1993-07-29,236850349.52248734
1993-07-30,235205554.70287263
1993-08-02,235582895.1484946
1993-08-03,236092309.23001862
1993-08-04,235400869.71001527
1993-08-05,235087615.34619364
1993-08-06,235412848.3031966
1993-08-09,237481262.1988161
1993-08-10,237319300.01703563
1993-08-11,238536284.76531926
1993-08-12,237524284.87725216
1993-08-13,238749432.9128464
1993-08-16,240842888.350007
1993-08-17,241296393.64321673
1993-08-18,242775676.6352842
1993-08-19,243675932.75663584
1993-08-20,244377693.58146656
1993-08-23,244147319.78600097
1993-08-24,247859181.9305799
1993-08-25,248577718.4571444
1993-08-26,250402852.7766041
1993-08-27,249101333.38848305
1993-08-30,250937673.93339238
1993-08-31,251416962.50323647
1993-09-01,250891126.72418588
1993-09-02,250999254.9172135
1993-09-03,253066074.1372287
1993-09-07,253014825.58445072
1993-09-08,252170908.4114065
1993-09-09,250343296.52067643
1993-09-10,253672830.52039772
1993-09-13,254487328.61919734
1993-09-14,251378851.22631136
1993-09-15,251664008.49341124
1993-09-16,251041408.5649935
1993-09-17,250367463.27079853
1993-09-20,247649946.54027864
1993-09-21,245860146.4334387
1993-09-22,248256809.83897585
1993-09-23,250168145.64830682
1993-09-24,249492301.79203415
1993-09-27,254524005.57588562
1993-09-28,254402933.36269784
1993-09-29,252193281.90541306
1993-09-30,250710353.84642133
1993-10-01,253040448.1325988
1993-10-04,253449211.27882284
1993-10-05,252918146.18781036
1993-10-06,252747709.81924823
1993-10-07,252454936.66153404
1993-10-08,254136645.38452446
1993-10-11,254603970.96714073
1993-10-12,254854476.20519593
1993-10-13,254851664.9160404
1993-10-14,258821409.83033857
1993-10-15,260962326.22229487
1993-10-18,258767330.45067972
1993-10-19,256909250.1155795
1993-10-20,257443353.63274327
1993-10-21,255314312.67528516
1993-10-22,252763542.45845214
1993-10-25,252545814.57502973
1993-10-26,253148600.7920336
1993-10-27,253121649.79357353
1993-10-28,255554552.13101706
1993-10-29,255166433.29233745
1993-11-01,253418311.35136342
1993-11-02,251904477.84181768
1993-11-03,247953635.11213744
1993-11-04,245274679.90532437
1993-11-05,244966314.5534192
1993-11-08,246297507.112538
1993-11-09,247571191.88942936
1993-11-10,247929009.91747627
1993-11-11,247224728.9758307
1993-11-12,249534054.0569351
1993-11-15,248890043.67380962
1993-11-16,250605831.9894118
1993-11-17,249459452.0575328
1993-11-18,247507485.98024663
1993-11-19,244808586.19495812
1993-11-22,242483563.26454422
1993-11-23,245071742.64690077
1993-11-24,245639218.48597735
1993-11-26,246949223.06871265
1993-11-29,246406362.62176743
1993-11-30,245287366.20178595
1993-12-01,245800101.54540437
1993-12-02,246642221.15521517
1993-12-03,247813606.73751402
1993-12-06,250190489.58345178
1993-12-07,250209334.00289336
1993-12-08,250208780.33584
1993-12-09,249937780.5934385
1993-12-10,248526247.98127148
1993-12-13,249166944.39951417
1993-12-14,246622270.57831508
1993-12-15,246109746.27874205
1993-12-16,246749666.26500416
1993-12-17,248652458.7697977
1993-12-20,248694673.48147663
1993-12-21,247498556.78967112
1993-12-22,251189162.36028832
1993-12-23,251391351.04984117
1993-12-27,252831720.7855067
1993-12-28,253324363.80144173
1993-12-29,252612440.9415283
1993-12-30,250100068.28791255
1993-12-31,248585345.93313062
1994-01-03,246331054.9326942
1994-01-04,248060628.5457174
1994-01-05,248190557.71588558
1994-01-06,249297462.34413773
1994-01-07,253379933.14320853
1994-01-10,257010389.30604303
1994-01-11,256513591.9567316
1994-01-12,257028251.1844001
1994-01-13,254274526.51125374
1994-01-14,253935590.22107047
1994-01-17,253896377.60415068
1994-01-18,255115209.60150218
1994-01-19,254071735.6999991
1994-01-20,255692989.6763626
1994-01-21,254815038.2221436
1994-01-24,253710793.2438011
1994-01-25,252948989.6101921
1994-01-26,253804219.22888646
1994-01-27,256890813.5962262
1994-01-28,258512168.83993754
1994-01-31,260031815.8839077
1994-02-01,257373157.94529954
1994-02-02,259029656.58045566
1994-02-03,257106452.96733287
1994-02-04,248837912.8284291
1994-02-07,249702341.9799259
1994-02-08,248941556.9677778
1994-02-09,251600870.98494604
1994-02-10,249643229.9475319
1994-02-11,251021753.14067942
1994-02-14,251060077.5525788
1994-02-15,252747129.7050169
1994-02-16,252396159.1030027
1994-02-17,248886897.66329485
1994-02-18,245744563.96163905
1994-02-22,249051492.61046708
1994-02-23,246868608.54455218
1994-02-24,241962440.96967897
1994-02-25,243272766.32384992
1994-02-28,244426406.92329124
1994-03-01,241149250.51033166
1994-03-02,241347276.53986084
1994-03-03,240695945.6868018
1994-03-04,241337674.87981787
1994-03-07,242625792.59421185
1994-03-08,241651206.63681912
1994-03-09,242777772.7578541
1994-03-10,240833379.06190565
1994-03-11,242121591.12520993
1994-03-14,242439990.51361012
1994-03-15,242273437.22061816
1994-03-16,244208124.82001838
1994-03-17,244203253.82009646
1994-03-18,244145167.87091377
1994-03-21,243489952.517656
1994-03-22,244135436.90991938
1994-03-23,243968078.7505547
1994-03-24,241037089.29916793
1994-03-25,238756605.4315316
1994-03-28,239076965.35978335
1994-03-29,234358082.767532
1994-03-30,231102257.0769578
1994-03-31,231747842.76527372
1994-04-04,228167094.7793089
1994-04-05,228085432.56156534
1994-04-06,228117358.26107314
1994-04-07,228148763.89088783
1994-04-08,228180436.187571
1994-04-11,228211937.96979314
1994-04-12,228243619.03649166
1994-04-13,228275304.50125104
1994-04-14,228307169.3150509
1994-04-15,228339126.0516174
1994-04-18,228372049.0636651
1994-04-19,228405326.3675056
1994-04-20,228438608.52035874
1994-04-21,228471895.5229311
1994-04-22,228505274.7793503
1994-04-25,228538746.32020622
1994-04-26,228573271.15714124
1994-04-28,228607888.53449532
1994-04-29,228642336.47016072
1994-05-02,228677226.31084916
1994-05-03,228712994.40967953
1994-05-04,228749029.86128402
1994-05-05,228784896.4659538
1994-05-06,228822077.02005512
1994-05-09,228859873.62564704
1994-05-10,228897589.3408712
1994-05-11,228935136.95072982
1994-05-12,228971905.73464555
1994-05-13,229008593.14762118
1994-05-16,229045548.28469414
1994-05-17,229082945.69837663
1994-05-18,229120261.95793092
1994-05-19,229157060.4743791
1994-05-20,229194039.56963778
1994-05-23,229231111.9681193
1994-05-24,229268714.28793582
1994-05-25,229305973.4687952
1994-05-26,229343063.97271317
1994-05-27,229380335.236374
1994-05-31,229417437.76839304
1994-06-01,229454721.11877364
1994-06-02,229101849.15354538
1994-06-03,230421646.1791781
1994-06-06,230339188.74152237
1994-06-07,230023007.86565065
1994-06-08,228148460.00050238
1994-06-09,229390593.10653764
1994-06-10,229775617.66974893
1994-06-13,230082653.2282438
1994-06-14,231870040.48658302
1994-06-15,230930465.20141938
1994-06-16,231393319.35780686
1994-06-17,230096202.03090727
1994-06-20,228130975.33675063
1994-06-21,226165669.23891294
1994-06-22,227023900.31954673
1994-06-23,225685969.89893183
1994-06-24,220975793.54642236
1994-06-27,224814404.5396073
1994-06-28,223711794.3263694
1994-06-29,224413306.70703018
1994-06-30,222997159.296166
1994-07-01,223463087.1237044
1994-07-05,223387800.97873083
1994-07-06,223424955.05779752
1994-07-07,223461860.17209283
1994-07-08,223499791.6895099
1994-07-11,223538239.4476319
1994-07-12,223576863.7181645
1994-07-13,223615154.77450004
1994-07-14,223652516.86761007
1994-07-15,223689544.71318865
1994-07-18,223726408.36706284
1994-07-19,223763448.44609657
1994-07-20,223800835.31642696
1994-07-21,223838483.8849377
1994-07-22,223876564.4483819
1994-07-25,223914651.490289
1994-07-26,223953000.3980963
1994-07-27,223991781.42814454
1994-07-28,224030228.68752214
1994-07-29,224067404.34545174
1994-08-01,224104671.4568197
1994-08-02,224291666.41005072
1994-08-03,224362999.69597596
1994-08-04,223068169.17501163
1994-08-05,222304511.27038136
1994-08-08,222831467.600912
1994-08-09,223206658.341655
1994-08-10,224037120.4428517
1994-08-11,223197733.24954262
1994-08-12,224939318.875146
1994-08-15,224858845.1952688
1994-08-16,226448672.77944347
1994-08-17,226292151.96472567
1994-08-18,225528599.56072584
1994-08-19,225372240.9334116
1994-08-22,225139967.00333112
1994-08-23,226426114.26419675
1994-08-24,228850805.81353548
1994-08-25,228238920.39145896
1994-08-26,231475789.1413687
1994-08-29,231319254.03576267
1994-08-30,231922043.07299837
1994-08-31,231309975.30837506
1994-09-01,230546261.5880359
1994-09-02,229554695.88542035
1994-09-06,229625979.815401
1994-09-07,229393736.5866403
1994-09-08,230527836.5846783
1994-09-09,228093945.34590974
1994-09-12,227406223.43927312
1994-09-13,228084805.23712376
1994-09-14,228308093.56031045
1994-09-15,231188316.15291086
1994-09-16,229536305.31980246
1994-09-19,229760840.6272397
1994-09-20,225402637.25916478
1994-09-21,225398105.73011276
1994-09-22,224858994.0169479
1994-09-23,224090650.3436758
1994-09-26,225231784.92870635
1994-09-27,225074512.42048696
1994-09-28,226826772.7963485
1994-09-29,225676502.4464674
1994-09-30,225366380.16066772
1994-10-03,224827263.29434985
1994-10-04,221462239.92217067
1994-10-05,221534178.27046284
1994-10-06,220842341.48768356
1994-10-07,221830595.0996386
1994-10-10,224194020.19569236
1994-10-11,227549926.3532645
1994-10-12,227850867.31849784
1994-10-13,228609994.79492944
1994-10-14,229598364.956261
1994-10-17,229135265.0948245
1994-10-18,228596125.49320278
1994-10-19,229660846.7876252
1994-10-20,228128517.2066021
1994-10-21,227207539.3955339
1994-10-24,225293418.4563244
1994-10-25,225518023.5064498
1994-10-26,226353606.52843246
1994-10-27,227723800.1990432
1994-10-28,232530877.34130976
1994-10-31,231686030.97586125
1994-11-01,229084493.39104512
1994-11-02,227781617.15960202
1994-11-03,228999017.8472976
1994-11-04,226015691.15465537
1994-11-07,226698543.53906807
1994-11-08,228450442.77458298
1994-11-09,228827761.99517116
1994-11-10,227219286.01335132
1994-11-11,226374418.908693
1994-11-14,228508432.48478025
1994-11-15,227740068.17552072
1994-11-16,228499166.38901144
1994-11-17,226966963.32640687
1994-11-18,226656948.99680397
1994-11-21,224361072.85939968
1994-11-22,219468391.45217794
1994-11-23,220685988.0573715
1994-11-25,221728452.15207347
1994-11-28,222716817.8567478
1994-11-29,222635888.15577057
1994-11-30,222326007.86526936
1994-12-01,220106620.36804307
1994-12-02,220044116.64391327
1994-12-05,220093022.6829052
1994-12-06,220142022.1877935
1994-12-07,220190123.4122165
1994-12-08,220238317.85738596
1994-12-09,220286440.12249702
1994-12-12,220335069.266005
1994-12-13,220384205.33724242
1994-12-14,220432525.03807333
1994-12-15,220479695.50865346
1994-12-16,220527041.8917385
1994-12-19,220574398.44210896
1994-12-20,220621101.4152309
1994-12-21,220667232.96405372
1994-12-22,220713789.5084503
1994-12-23,220760937.1579465
1994-12-27,220808094.87886077
1994-12-28,220855179.62102443
1994-12-29,220902191.32558665
1994-12-30,220949379.2204289
1995-01-03,220996577.19528624
1995-01-04,221937726.36969712
1995-01-05,221933296.52886608
1995-01-06,222155107.0935366
1995-01-09,222377023.13161892
1995-01-10,222598664.19755825
1995-01-11,222745050.3356926
1995-01-12,222816103.30339974
1995-01-13,225451329.74617183
1995-01-16,226804652.71458143
1995-01-17,226875479.25952718
1995-01-18,226644605.24682048
1995-01-19,225357856.6412482
1995-01-20,224523742.02047843
1995-01-23,225198130.66335192
1995-01-24,225495160.58043942
1995-01-25,226094135.02250934
1995-01-26,226315958.6634841
1995-01-27,227216501.27961105
1995-01-30,226231336.03058562
1995-01-31,227131988.6143586
1995-02-01,227051946.04020518
1995-02-02,227969689.4300857
1995-02-03,234195442.82989237
1995-02-06,234603636.54422757
1995-02-07,235054836.85952663
1995-02-08,234879409.07977235
1995-02-09,234054564.52548987
1995-02-10,233692993.37950298
1995-02-13,234013865.26079136
1995-02-14,235924650.87193266
1995-02-15,238164634.35719326
1995-02-16,238660130.971755
1995-02-17,237240460.03464815
1995-02-21,237131570.89186716
1995-02-22,240525631.97550654
1995-02-23,240841337.14284128
1995-02-24,241599500.52764696
1995-02-27,241319681.16591737
1995-02-28,243602224.10529533
1995-03-01,241913251.98405445
1995-03-02,241026700.17750144
1995-03-03,240081774.0961484
1995-03-06,239476731.60977122
1995-03-07,237150556.47487152
1995-03-08,239064317.51390633
1995-03-09,239970041.27081543
1995-03-10,244582932.51863423
1995-03-13,245124214.44394925
1995-03-14,248622177.17071968
1995-03-15,248139395.69610903
1995-03-16,250291246.58648768
1995-03-17,249279014.32580808
1995-03-20,249359106.97016233
1995-03-21,248013750.66322526
1995-03-22,247359000.73248726
1995-03-23,247498925.9819983
1995-03-24,253098964.0743251
1995-03-27,254891833.20094058
1995-03-28,252892824.6407222
1995-03-29,252797539.63275346
1995-03-30,251956757.46733153
1995-03-31,250570183.78315184
1995-04-03,252338783.44438103
1995-04-04,254316152.084926
1995-04-05,254300271.55916905
1995-04-06,255751840.8317863
1995-04-07,255149184.6020609
1995-04-10,255523299.38464922
1995-04-11,255178636.0728545
1995-04-12,256552416.5562724
1995-04-13,258473361.63715804
1995-04-17,256934455.54075631
1995-04-18,256059577.4698228
1995-04-19,255443124.21252117
1995-04-20,256541895.74938512
1995-04-21,257956926.625594
1995-04-24,261006877.66302574
1995-04-25,260287724.11342406
1995-04-26,260505931.56084174
1995-04-27,260572089.04961222
1995-04-28,260403990.94032663
1995-05-01,259421928.3936653
1995-05-02,260859252.25173458
1995-05-03,265889282.3161558
1995-05-04,267802978.90906954
1995-05-05,270524425.75999993
1995-05-08,272351539.67787194
1995-05-09,273856314.3540874
1995-05-10,273181401.63660496
1995-05-11,273497497.76852244
1995-05-12,273834937.6461572
1995-05-15,276191826.4979994
1995-05-16,277315861.69853616
1995-05-17,277028551.3716135
1995-05-18,271476929.3095148
1995-05-19,271617866.63290924
1995-05-22,274298706.4315844
1995-05-23,277967234.88665944
1995-05-24,280349631.7263081
1995-05-25,281539035.3672858
1995-05-26,278155620.00969225
1995-05-30,280252783.37981737
1995-05-31,285898064.6889882
1995-06-01,287201697.5210307
1995-06-02,289546766.9997915
1995-06-05,291803577.2330727
1995-06-06,291276189.3657691
1995-06-07,287215602.7824499
1995-06-08,286096943.73001313
1995-06-09,280636153.0240486
1995-06-12,282892136.3906127
1995-06-13,290690964.7929286
1995-06-14,290199299.36517036
1995-06-15,290772173.1206407
1995-06-16,290955414.43828684
1995-06-19,295998460.6921752
1995-06-20,294583777.7410162
1995-06-21,295040315.4835974
1995-06-22,300783380.8427485
1995-06-23,299726445.4652844
1995-06-26,295198505.47111315
1995-06-27,293718609.9883313
1995-06-28,296286787.52902246
1995-06-29,291865653.76195836
1995-06-30,293179328.64373064
1995-07-03,294336216.5625302
1995-07-05,295871923.0175705
1995-07-06,302610457.8096727
1995-07-07,304135058.55446076
1995-07-10,304378209.94882154
1995-07-11,301821536.0298402
1995-07-12,305231364.16757077
1995-07-13,304767744.01389617
1995-07-14,303150998.87009776
1995-07-17,303325002.49310815
1995-07-18,300051710.26472133
1995-07-19,292846224.2853503
1995-07-20,293895541.6779559
1995-07-21,291417289.32154727
1995-07-24,295120280.88688856
1995-07-25,297953334.70898956
1995-07-26,296630452.49722993
1995-07-27,300135163.84340006
1995-07-28,296908478.61015105
1995-07-31,297116566.0725771
1995-08-01,295525079.1324436
1995-08-02,296138639.5371948
1995-08-03,294109823.10584307
1995-08-04,295058388.15891427
1995-08-07,296227151.6650257
1995-08-08,296420304.6927208
1995-08-09,296317394.6368401
1995-08-10,294787088.63928896
1995-08-11,291421484.48318857
1995-08-14,294122067.12557685
1995-08-15,293951384.16484463
1995-08-16,295382852.6948554
1995-08-17,294239794.47199655
1995-08-18,294546443.0856236
1995-08-21,294446263.4657558
1995-08-22,294366376.5310591
1995-08-23,292650589.28569466
1995-08-24,295077687.03827494
1995-08-25,299239505.04929966
1995-08-28,299072744.671465
1995-08-29,299351487.45044357
1995-08-30,300643326.1952129
1995-08-31,301964893.0086943
1995-09-01,304569634.6514177
1995-09-05,308358802.5872584
1995-09-06,309131816.9347496
1995-09-07,308365403.915929
1995-09-08,308807150.18289965
1995-09-11,309709388.73702383
1995-09-12,312905777.43553764
1995-09-13,313820515.3379843
1995-09-14,318866611.4735997
1995-09-15,318034160.3698751
1995-09-18,315516466.6809709
1995-09-19,317715186.6042074
1995-09-20,320149813.7766688
1995-09-21,314952978.9539951
1995-09-22,314087857.52476853
1995-09-25,313436066.89595956
1995-09-26,312868391.04234535
1995-09-27,312134498.4586992
1995-09-28,314917886.8756472
1995-09-29,316840162.2973444
1995-10-02,315787316.004712
1995-10-03,316557691.97096527
1995-10-04,316428022.1077343
1995-10-05,318705350.73090476
1995-10-06,318927948.502868
1995-10-09,316251541.3644329
1995-10-10,315982364.61748236
1995-10-11,316492233.0932572
1995-10-12,318870672.55958277
1995-10-13,322228734.2576719
1995-10-16,320798631.3874682
1995-10-17,322871409.03332144
1995-10-18,323297774.39307123
1995-10-19,325020268.9331346
1995-10-20,321652825.00804794
1995-10-23,320355478.04817384
1995-10-24,321852992.5208793
1995-10-25,319703483.02595204
1995-10-26,315414274.0382421
1995-10-27,317975516.66079575
1995-10-30,320306807.6874398
1995-10-31,319177464.5564593
1995-11-01,322854179.06964874
1995-11-02,326265006.99484205
1995-11-03,326187393.74113035
1995-11-06,324702860.0274578
1995-11-07,322795700.7283762
1995-11-08,327282743.96712196
1995-11-09,327206153.20300275
1995-11-10,326279966.474282
1995-11-13,326515439.20716214
1995-11-14,324637407.80422306
1995-11-15,327066031.89040744
1995-11-16,330517794.85820574
1995-11-17,331742811.3588694
1995-11-20,329901789.1933766
1995-11-21,332720105.6066796
1995-11-22,331443742.21122575
1995-11-24,332799207.3030413
1995-11-27,333645297.35495776
1995-11-28,337056989.01676637
1995-11-29,338113248.019673
1995-11-30,339547510.054271
1995-12-01,341197979.40267473
1995-12-04,347489140.3037823
1995-12-05,349195136.4440479
1995-12-06,349430127.7096919
1995-12-07,346299740.38098556
1995-12-08,347137548.3808564
1995-12-11,349200968.20866746
1995-12-12,347876537.3803961
1995-12-13,349497013.5390178
1995-12-14,346958528.74093306
1995-12-15,346799681.40383387
1995-12-18,337700849.1672991
1995-12-19,342253694.6818698
1995-12-20,340188891.094569
1995-12-21,341652829.76530993
1995-12-22,344369304.8720974
1995-12-26,346662978.08092856
1995-12-27,347244120.21612924
1995-12-28,347657952.91752136
1995-12-29,349378337.15148824
1996-01-02,352642960.96648943
1996-01-03,354097031.62241423
1996-01-04,348937764.8250282
1996-01-05,347170710.15752256
1996-01-08,348819332.14307344
1996-01-09,342352323.3409565
1996-01-10,335315331.02028805
1996-01-11,337791338.61271316
1996-01-12,337999992.7445337
1996-01-15,337225925.7821133
1996-01-16,343724401.94109577
1996-01-17,344734582.934943
1996-01-18,347142249.43236625
1996-01-19,349119361.72744304
1996-01-22,347471723.37845325
1996-01-23,346933735.0908159
1996-01-24,350733994.25172746
1996-01-25,347419643.34124744
1996-01-26,351655024.5078613
1996-01-29,352090857.75086
1996-01-30,356586762.02936965
1996-01-31,361020182.46392566
1996-02-01,361491538.3159534
1996-02-02,359178590.6229336
1996-02-05,361058823.1837736
1996-02-06,364968485.4297819
1996-02-07,367573102.2676968
1996-02-08,371465262.64809996
1996-02-09,371345947.5975803
1996-02-12,375627822.9936863
1996-02-13,375662031.661093
1996-02-14,371295337.89858127
1996-02-15,366770038.2541382
1996-02-16,363608559.0649146
1996-02-20,353428864.8793791
1996-02-21,358566976.6222096
1996-02-22,365794261.43836194
1996-02-23,363370857.62417376
1996-02-26,357159316.38630515
1996-02-27,354692088.52396643
1996-02-28,351730077.52886784
1996-02-29,347777637.77073663
1996-03-01,356906613.4294654
1996-03-04,360902653.9945869
1996-03-05,363136939.478473
1996-03-06,357585815.2955748
1996-03-07,358818983.0258467
1996-03-08,338337868.0363996
1996-03-11,344316358.53503144
1996-03-12,340893138.9544758
1996-03-13,343452025.86409503
1996-03-14,344684233.93052566
1996-03-15,341975655.79769945
1996-03-18,349423655.09731954
1996-03-19,349155563.4633265
1996-03-20,350506628.8945605
1996-03-21,351184458.02542347
1996-03-22,351065843.86273575
1996-03-25,352031132.4401996
1996-03-26,353936223.41659796
1996-03-27,348457230.78497654
1996-03-28,347995398.12686753
1996-03-29,348087455.5670937
1996-04-01,352959738.3246343
1996-04-02,355135093.56339234
1996-04-03,354606840.21451086
1996-04-04,352816437.11860716
1996-04-08,339460455.05496544
1996-04-09,339839621.1106181
1996-04-10,332097588.3062818
1996-04-11,330468861.5211876
1996-04-12,338475746.4757929
1996-04-15,342596997.1703188
1996-04-16,343320323.05258155
1996-04-17,341502542.67741334
1996-04-18,340508081.20272386
1996-04-19,342544649.7741015
1996-04-22,346507168.2128624
1996-04-23,346574945.37837505
1996-04-24,344100051.3198927
1996-04-25,345887967.88226086
1996-04-26,347101033.0196921
1996-04-29,345978319.2829656
1996-04-30,343999262.8142207
1996-05-01,344229626.356203
1996-05-02,338149503.26252997
1996-05-03,337650617.14524734
1996-05-06,337315422.1398492
1996-05-07,335913693.1669155
1996-05-08,340092107.0767679
1996-05-09,339839019.6162632
1996-05-10,343196891.6349995
1996-05-13,348359804.0447787
1996-05-14,350486207.84885085
1996-05-15,350068856.32970995
1996-05-16,350800513.1008295
1996-05-17,352680987.5438684
1996-05-20,355053679.67865306
1996-05-21,354554272.46483
1996-05-22,357911504.5455642
1996-05-23,356427390.15263885
1996-05-24,357815186.41914624
1996-05-28,354161646.06798714
1996-05-29,351774838.0140243
1996-05-30,353573079.2019684
1996-05-31,350940134.72098583
1996-06-03,351917860.69008976
1996-06-04,354372503.31222284
1996-06-05,357483639.2476409
1996-06-06,354850577.1976802
1996-06-07,354843470.83335435
1996-06-10,353687562.6059032
1996-06-11,353352305.0564258
1996-06-12,352688713.8106071
1996-06-13,352681644.4018705
1996-06-14,351197468.5268857
1996-06-17,350944281.213648
1996-06-18,348065090.8566315
1996-06-19,349617406.49515635
1996-06-20,349364211.4552309
1996-06-21,352365265.2357122
1996-06-24,353018125.82855684
1996-06-25,352598423.1690185
1996-06-26,350199158.2007407
1996-06-27,352667038.126458
1996-06-28,353897326.613884
1996-07-01,356942199.1425944
1996-07-02,355615188.30051047
1996-07-03,354865675.75126
1996-07-05,345784344.54052776
1996-07-08,344374886.7763157
1996-07-09,345770454.2868294
1996-07-10,347165859.133392
1996-07-11,340146773.96109664
1996-07-12,340387275.8584713
1996-07-15,330316438.3676472
1996-07-16,331134638.3203925
1996-07-17,335087770.85229445
1996-07-18,339700389.0554118
1996-07-19,337218858.99759007
1996-07-22,334737175.02933717
1996-07-23,330440726.5580929
1996-07-24,331094123.79151636
1996-07-25,334057261.68924034
1996-07-26,335865193.37488925
1996-07-29,332146288.5754318
1996-07-30,335356921.80841106
1996-07-31,337824958.8036066
1996-08-01,343427661.88147956
1996-08-02,350845132.3816125
1996-08-05,348775712.7320171
1996-08-06,349841047.6671139
1996-08-07,350741603.1313626
1996-08-08,350156841.9115361
1996-08-09,348994819.98446065
1996-08-12,351545174.7797908
1996-08-13,348733268.25325334
1996-08-14,349963688.40118957
1996-08-15,349296673.0845163
1996-08-16,352259226.68121165
1996-08-19,352417324.5829052
1996-08-20,352162669.2749931
1996-08-21,350918032.23531485
1996-08-22,354210734.15625197
1996-08-23,352306051.5750781
1996-08-26,350566731.78674346
1996-08-27,351844329.71838
1996-08-28,351259617.178683
1996-08-29,347787720.2112247
1996-08-30,344151132.1275695
1996-09-03,346371295.39556235
1996-09-04,346694406.87785506
1996-09-05,342479925.6734583
1996-09-06,347340191.47359806
1996-09-09,351457695.3022198
1996-09-10,351285657.2002141
1996-09-11,353258416.54186165
1996-09-12,355726045.1443821
1996-09-13,361163516.22161156
1996-09-16,362475908.8068985
1996-09-17,361643608.12730306
1996-09-18,360728894.4014734
1996-09-19,362123751.40765494
1996-09-20,363404050.3945142
1996-09-23,363313820.4573669
1996-09-24,363223561.0297808
1996-09-25,363464833.4065491
1996-09-26,363291640.6054273
1996-09-27,363615875.612938
1996-09-30,363276843.90857065
1996-10-01,365259556.6289527
1996-10-02,368596332.4174768
1996-10-03,368247830.7330541
1996-10-04,376638057.2537129
1996-10-07,375791844.32286257
1996-10-08,374283270.85432565
1996-10-09,370824148.6863635
1996-10-10,368449249.1510044
1996-10-11,374580933.399088
1996-10-14,374991623.62231827
1996-10-15,374406751.09301555
1996-10-16,375940506.2863427
1996-10-17,378517358.5200294
1996-10-18,380751889.9827292
1996-10-21,379820269.3686834
1996-10-22,376055275.9163165
1996-10-23,377274605.79948336
1996-10-24,373756531.3150821
1996-10-25,374880266.34946007
1996-10-28,371970744.7472686
1996-10-29,379293976.3695197
1996-10-30,378032908.2426897
1996-10-31,382382506.95026004
1996-11-01,380752204.3631924
1996-11-04,383905543.363328
1996-11-05,388280538.2607033
1996-11-06,394978186.1035391
1996-11-07,397020270.1032107
1996-11-08,398279878.83817744
1996-11-11,397775540.89445287
1996-11-12,399709679.6564519
1996-11-13,401181707.57644403
1996-11-14,405255743.30732286
1996-11-15,404540163.8236273
1996-11-18,404437222.8857622
1996-11-19,408207896.78719604
1996-11-20,409759579.42631036
1996-11-21,408837445.9048748
1996-11-22,411968500.59563136
1996-11-25,417812752.1855854
1996-11-26,416420306.11724794
1996-11-27,415321005.7179865
1996-11-29,419343539.9039149
1996-12-02,419016116.27714247
1996-12-03,412516381.9411725
1996-12-04,412082314.581216
1996-12-05,407616861.9095421
1996-12-06,404005527.0981287
1996-12-09,411552443.7726528
1996-12-10,408982868.8357583
1996-12-11,400799542.3665608
1996-12-12,393535546.99619275
1996-12-13,396538726.69524425
1996-12-16,389889068.97439265
1996-12-17,392124309.8417186
1996-12-18,394077141.4831314
1996-12-19,405074168.2463037
1996-12-20,406226785.1137418
1996-12-23,405626673.2052002
1996-12-24,407968869.970189
1996-12-26,411439230.5425529
1996-12-27,413407578.8169642
1996-12-30,409676981.22548634
1996-12-31,398679814.0707658
1997-01-02,396552456.7776649
1997-01-03,402793845.07364815
1997-01-06,398822874.0371449
1997-01-07,402793131.8893706
1997-01-08,398393929.84047633
1997-01-09,404016474.4960323
1997-01-10,405179189.05389667
1997-01-13,404718642.72214556
1997-01-14,412671704.56842154
1997-01-15,411641082.02616537
1997-01-16,412089226.5279685
1997-01-17,414865691.38367695
1997-01-20,415269529.2593642
1997-01-21,419999179.9525957
1997-01-22,421784663.264565
1997-01-23,414735693.0172806
1997-01-24,408187037.68103105
1997-01-27,405676304.04576546
1997-01-28,408277323.92656434
1997-01-29,412524085.51544636
1997-01-30,418388521.69978356
1997-01-31,420292413.3169229
1997-02-03,423482986.1223349
1997-02-04,426634527.4258706
1997-02-05,418139577.6285352
1997-02-06,420246060.8146568
1997-02-07,427676314.9876972
1997-02-10,423824210.0484713
1997-02-11,428605799.4574598
1997-02-12,435791471.5596424
1997-02-13,442601665.3429719
1997-02-14,442875589.8041271
1997-02-18,446723668.4081415
1997-02-19,443152402.75226206
1997-02-20,435324718.4757679
1997-02-21,436116813.8074198
1997-02-24,440327495.6674808
1997-02-25,440225905.42559254
1997-02-26,430866563.4815084
1997-02-27,423835053.7278423
1997-02-28,423180314.1407436
1997-03-03,425511457.8787688
1997-03-04,422555248.5782443
1997-03-05,429655089.5745451
1997-03-06,426533627.50878525
1997-03-07,431858906.7961503
1997-03-10,436767900.23432744
1997-03-11,434102595.75335604
1997-03-12,429320164.6560924
1997-03-13,418958858.09068507
1997-03-14,421378070.641381
1997-03-17,422363448.71893823
1997-03-18,417799912.82504636
1997-03-19,415771959.3664811
1997-03-20,413304287.849833
1997-03-21,415489564.6149846
1997-03-24,422002191.9240422
1997-03-25,416951872.0154998
1997-03-26,417266471.511822
1997-03-27,403202945.81741166
1997-03-31,394317685.9968446
1997-04-01,397389646.6591147
1997-04-02,390821449.94696707
1997-04-03,393484963.94787073
1997-04-04,396699116.496307
1997-04-07,399780013.64038235
1997-04-08,401507017.02408284
1997-04-09,398218557.629956
1997-04-10,396727973.9125831
1997-04-11,382171667.81261533
1997-04-14,387420237.3540352
1997-04-15,396723499.23714495
1997-04-16,400686906.27465653
1997-04-17,400175582.2145049
1997-04-18,402676327.1261598
1997-04-21,399351569.6995192
1997-04-22,408890314.280065
1997-04-23,407809401.8445342
1997-04-24,404585931.21715015
1997-04-25,399636073.644669
1997-04-28,404241428.51292956
1997-04-29,421216825.2411503
1997-04-30,424652224.658765
1997-05-01,425051692.1339693
1997-05-02,432820536.0031555
1997-05-05,443354935.8224469
1997-05-06,443007691.8626113
1997-05-07,430748661.8253869
1997-05-08,434908663.2949882
1997-05-09,439381968.0398917
1997-05-12,447305328.3621808
1997-05-13,443552423.69325626
1997-05-14,445315092.34737736
1997-05-15,448547568.0622017
1997-05-16,441535987.6738992
1997-05-19,442656405.5828968
1997-05-20,448163240.1767062
1997-05-21,445876681.91866714
1997-05-22,443745621.6236028
1997-05-23,448440133.6940755
1997-05-27,448757322.25227624
1997-05-28,448332690.20268124
1997-05-29,447326337.7817608
1997-05-30,452746389.893399
1997-06-02,451261663.86925733
1997-06-03,450746026.813343
1997-06-04,450560117.27869874
1997-06-05,452167305.80166715
1997-06-06,464338585.3311233
1997-06-09,465467498.76159525
1997-06-10,466193178.0470019
1997-06-11,467595556.3675462
1997-06-12,479316433.4791356
1997-06-13,485047670.98637396
1997-06-16,486407320.48002106
1997-06-17,484668009.71587247
1997-06-18,484018196.363885
1997-06-19,488927740.75126195
1997-06-20,488303898.4633943
1997-06-23,475725070.57702863
1997-06-24,486927372.08202416
1997-06-25,482498078.68741006
1997-06-26,478380092.5419883
1997-06-27,481598856.4921782
1997-06-30,476809924.20584
1997-07-01,484408563.95571136
1997-07-02,493315557.87632954
1997-07-03,503976019.1161487
1997-07-07,500607135.0608882
1997-07-08,505701682.35282815
1997-07-09,500950770.7112541
1997-07-10,502733711.7936146
1997-07-11,505500476.7043393
1997-07-14,506041524.01989096
1997-07-15,508530433.1666511
1997-07-16,517286112.8942257
1997-07-17,515108565.0284509
1997-07-18,502559159.684392
1997-07-21,501671368.96635306
1997-07-22,519140676.14469063
1997-07-23,519064325.04806364
1997-07-24,520679814.5624699
1997-07-25,519531342.1679488
1997-07-28,520092515.31623816
1997-07-29,523704880.88408077
1997-07-30,532190668.4939765
1997-07-31,532788069.2062317
1997-08-01,523601802.234119
1997-08-04,523958766.45200396
1997-08-05,524266126.5622065
1997-08-06,529302603.2402752
1997-08-07,524155069.19446397
1997-08-08,508100387.9587758
1997-08-11,512716664.6372876
1997-08-12,503409213.1860615
1997-08-13,502948764.38833755
1997-08-14,508108146.411564
1997-08-15,492609903.69213796
1997-08-18,505797265.36800224
1997-08-19,511543614.08810717
1997-08-20,518019176.2047577
1997-08-21,506723358.51745915
1997-08-22,503554931.33575326
1997-08-25,501458769.8067905
1997-08-26,494295295.3293978
1997-08-27,497234280.9569275
1997-08-28,492542487.5777323
1997-08-29,493022686.64761114
1997-09-02,510307945.41171557
1997-09-03,506801472.2098607
1997-09-04,509998050.48170227
1997-09-05,507040805.98760784
1997-09-08,510882011.7650367
1997-09-09,510735814.3737181
1997-09-10,499060187.48746747
1997-09-11,495748816.08304566
1997-09-12,507341035.4770427
1997-09-15,506994511.0198903
1997-09-16,525741723.9926062
1997-09-17,526080855.01740885
1997-09-18,527868727.50029516
1997-09-19,529492076.6148547
1997-09-22,533703472.2640914
1997-09-23,529732437.16819715
1997-09-24,527781570.3975546
1997-09-25,520684804.0352146
1997-09-26,526867689.19059694
1997-09-29,531179358.40831494
1997-09-30,524914547.2495887
1997-10-01,534826717.663808
1997-10-02,538862975.539934
1997-10-03,541474613.8082609
1997-10-06,547125083.4141122
1997-10-07,552842613.692084
1997-10-08,543325671.9649719
1997-10-09,540968749.0500121
1997-10-10,536967709.273063
1997-10-13,537358735.1336911
1997-10-14,540953987.0427574
1997-10-15,538519303.0595872
1997-10-16,530394713.164131
1997-10-17,521857445.6427103
1997-10-20,530204501.32337886
1997-10-21,540849213.9153999
1997-10-22,538058431.6170944
1997-10-23,530667445.6951962
1997-10-24,526623807.8025388
1997-10-27,493015041.5501742
1997-10-28,518240980.39169794
1997-10-29,519519367.33140296
1997-10-30,510951034.06156677
1997-10-31,522676610.30020064
1997-11-03,530835965.1663599
1997-11-04,529258400.5589025
1997-11-05,530950928.95687133
1997-11-06,530857680.4618967
1997-11-07,525197619.3647083
1997-11-10,521826347.90171725
1997-11-11,521877541.1962162
1997-11-12,512144505.3599101
1997-11-13,520144479.3800747
1997-11-14,527411662.4867247
1997-11-17,537437438.7498401
1997-11-18,534100156.3465862
1997-11-19,537864834.4845275
1997-11-20,544977562.0347981
1997-11-21,549376740.0583887
1997-11-24,538070101.3838502
1997-11-25,539810907.6400698
1997-11-26,540926000.6009909
1997-11-28,541492222.9882225
1997-12-01,555291153.6210785
1997-12-02,551955891.6978453
1997-12-03,554721416.3405266
1997-12-04,553746091.549383
1997-12-05,557309787.0428729
1997-12-08,554232007.2257764
1997-12-09,551321678.9847138
1997-12-10,548696139.7477754
1997-12-11,542828661.8665963
1997-12-12,547166549.4888513
1997-12-15,551174456.2276387
1997-12-16,554936381.9760125
1997-12-17,550390651.1148701
1997-12-18,547081043.2872999
1997-12-19,544613276.9463282
1997-12-22,548215175.1818026
1997-12-23,538035524.9826317
1997-12-24,535166214.2374284
1997-12-26,537747787.2185792
1997-12-29,547991491.0624273
1997-12-30,554899590.0358844
1997-12-31,556575538.1246686
1998-01-02,562816430.0595529
1998-01-05,570484852.5824229
1998-01-06,562813363.9536138
1998-01-07,561597378.9316509
1998-01-08,559348509.1230848
1998-01-09,544322358.1145045
1998-01-12,554784915.7602521
1998-01-13,561644825.3164436
1998-01-14,562450957.0338242
1998-01-15,556436084.6470894
1998-01-16,561814151.7073151
1998-01-20,569907143.4155136
1998-01-21,565640916.6279572
1998-01-22,559712140.1523403
1998-01-23,552948002.2805426
1998-01-26,555638464.9812021
1998-01-27,558267062.8731999
1998-01-28,563682578.5511589
1998-01-29,571311267.47326
1998-01-30,573786566.1161193
1998-02-02,581547143.6470821
1998-02-03,586255671.5030936
1998-02-04,585057323.7069244
1998-02-05,582489769.2632774
1998-02-06,588927795.2491769
1998-02-09,585779326.6481109
1998-02-10,591749715.330247
1998-02-11,596100592.2083107
1998-02-12,599021238.9729133
1998-02-13,596894743.0938351
1998-02-17,602236623.66174
1998-02-18,605358748.908176
1998-02-19,601264063.9966975
1998-02-20,604287075.803045
1998-02-23,604970734.6075372
1998-02-24,595090852.6060277
1998-02-25,605120509.7775946
1998-02-26,607594493.361732
1998-02-27,608892775.6665192
1998-03-02,603294651.2159188
1998-03-03,604428497.1868721
1998-03-04,600868443.389107
1998-03-05,594340926.2856258
1998-03-06,608513095.210095
1998-03-09,609194376.5106765
1998-03-10,614872771.1610638
1998-03-11,619538048.0649751
1998-03-12,625257281.2323973
1998-03-13,621957273.9570223
1998-03-16,630576079.3547424
1998-03-17,631347520.5021571
1998-03-18,632665190.7232168
1998-03-19,634225279.987337
1998-03-20,640038241.3941542
1998-03-23,638746106.3304404
1998-03-24,643598223.9301054
1998-03-25,638349453.6380901
1998-03-26,636026466.9147207
1998-03-27,633285522.999826
1998-03-30,631160559.5360911
1998-03-31,635645643.9458065
1998-04-01,643093225.7140082
1998-04-02,652812452.4637415
1998-04-03,660457543.633735
1998-04-06,653421094.7478335
1998-04-07,648076341.8029773
1998-04-08,641967345.6061472
1998-04-09,646448428.3418254
1998-04-13,641501365.9953098
1998-04-14,648295138.3481865
1998-04-15,651503367.9401983
1998-04-16,644409202.4341916
1998-04-17,652791316.876371
1998-04-20,649847788.3923503
1998-04-21,651390168.060917
1998-04-22,653135446.4332103
1998-04-23,646322460.5043205
1998-04-24,640432945.1320902
1998-04-27,622277320.2358577
1998-04-28,621323677.3100926
1998-04-29,625104539.8640206
1998-04-30,642786444.6284628
1998-05-01,650366775.901546
1998-05-04,648909902.4655424
1998-05-05,642936326.7782168
1998-05-06,636834532.1227726
1998-05-07,631778766.8204234
1998-05-08,640014309.4044408
1998-05-11,634214576.2464066
1998-05-12,645268591.7852167
1998-05-13,649696287.7511604
1998-05-14,644944377.0879214
1998-05-15,640826039.2070073
1998-05-18,640405217.2215881
1998-05-19,644163055.5111705
1998-05-20,652131582.4663464
1998-05-21,646035038.6763833
1998-05-22,643964160.7861832
1998-05-26,636329639.6675417
1998-05-27,638638470.8087224
1998-05-28,640478669.2057849
1998-05-29,635147489.0875243
1998-06-01,639621919.2106353
1998-06-02,638650459.6818663
1998-06-03,628098955.9444423
1998-06-04,638537679.1452934
1998-06-05,651127725.6568983
1998-06-08,650549570.6371105
1998-06-09,651972323.5833911
1998-06-10,651774369.5240939
1998-06-11,643210622.338615
1998-06-12,649555868.9928924
1998-06-15,635540339.0729945
1998-06-16,641863711.715183
1998-06-17,650929446.1900967
1998-06-18,649868621.5437574
1998-06-19,647988858.8661183
1998-06-22,651762558.6923815
1998-06-23,659977402.8562752
1998-06-24,668253682.1227318
1998-06-25,667094792.3169167
1998-06-26,669807053.9238561
1998-06-29,671844028.231691
1998-06-30,668694576.0557787
1998-07-01,676380025.9441863
1998-07-02,678623675.3718245
1998-07-06,687194554.669857
1998-07-07,684257517.7332785
1998-07-08,688652224.8324604
1998-07-09,685035242.7879673
1998-07-10,688142148.4307637
1998-07-13,686385127.9907416
1998-07-14,692500450.5802009
1998-07-15,691676119.5771337
1998-07-16,695364469.7625536
1998-07-17,695705623.1621666
1998-07-20,697426268.2347171
1998-07-21,686776852.7248822
1998-07-22,686198037.3925189
1998-07-23,673043742.6453424
1998-07-24,672430529.8345351
1998-07-27,676335372.8036028
1998-07-28,663331441.9431067
1998-07-29,659694325.7722498
1998-07-30,670535167.0527325
1998-07-31,656192558.8513414
1998-08-03,655589501.0883197
1998-08-04,631755748.3675361
1998-08-05,640303108.8276683
1998-08-06,642518313.2229059
1998-08-07,645502416.4363785
1998-08-10,641493088.1558039
1998-08-11,633850085.0616288
1998-08-12,642979582.0973074
1998-08-13,633307495.0467436
1998-08-14,627863878.8963773
1998-08-17,641189387.8541809
1998-08-18,652380435.0728203
1998-08-19,650169442.6656702
1998-08-20,648269216.8011205
1998-08-21,646089247.1905209
1998-08-24,651254132.7703363
1998-08-25,655165490.4002724
1998-08-26,650811509.0457731
1998-08-27,627827119.6531775
1998-08-28,626944659.6388224
1998-08-31,584388206.5325847
1998-09-01,608900166.8437352
1998-09-02,606295486.5415667
1998-09-03,609693031.6941136
1998-09-04,610238676.2251412
1998-09-08,609615247.825719
1998-09-09,613966598.1314899
1998-09-10,623114736.7415842
1998-09-11,618770144.4277987
1998-09-14,618024199.7990755
1998-09-15,616622185.8537872
1998-09-16,617675371.1526185
1998-09-17,621689781.4960632
1998-09-18,626694567.0472302
1998-09-21,627414505.2784748
1998-09-22,625521911.5492169
1998-09-23,627559374.6863883
1998-09-24,630089902.884586
1998-09-25,632126775.0178556
1998-09-28,631859476.5489894
1998-09-29,632910948.4290282
1998-09-30,640399901.4523665
1998-10-01,646120344.4464421
1998-10-02,647210939.6000252
1998-10-05,655170188.5317628
1998-10-06,650984162.0242186
1998-10-07,645756479.3332863
1998-10-08,634248924.732415
1998-10-09,623803679.0140115
1998-10-12,623788479.3562856
1998-10-13,626131041.31636
1998-10-14,633825366.1072797
1998-10-15,633892213.1986109
1998-10-16,641073706.6349202
1998-10-19,639780402.101701
1998-10-20,634822325.6059691
1998-10-21,633880495.3905314
1998-10-22,632435226.1575917
1998-10-23,628479346.733872
1998-10-26,627199308.884039
1998-10-27,632339712.6072878
1998-10-28,633923717.3114502
1998-10-29,637028456.3491473
1998-10-30,632071091.0736189
1998-11-02,625778295.589029
1998-11-03,620370900.0752102
1998-11-04,624512711.1986704
1998-11-05,633504036.032156
1998-11-06,630025444.3108934
1998-11-09,628104002.6065749
1998-11-10,629761939.0210013
1998-11-11,625491447.7986492
1998-11-12,626794174.0877632
1998-11-13,630347544.0967644
1998-11-16,633657749.3844354
1998-11-17,632635780.5117751
1998-11-18,637362499.1924949
1998-11-19,642836116.1962008
1998-11-20,649124154.723281
1998-11-23,663414470.6740792
1998-11-24,658563415.155846
1998-11-25,659543628.2469994
1998-11-27,665444187.970167
1998-11-30,650565834.0718255
1998-12-01,662425632.684716
1998-12-02,664628608.7012953
1998-12-03,654398900.9138165
1998-12-04,669017195.8206291
1998-12-07,668628749.9715785
1998-12-08,670318520.8527355
1998-12-09,673547413.6254473
1998-12-10,665518141.3063254
1998-12-11,662554935.556945
1998-12-14,645149890.9900118
1998-12-15,659656138.8130946
1998-12-16,660775014.8163464
1998-12-17,671238843.7828534
1998-12-18,674015518.4123533
1998-12-21,680332882.8360916
1998-12-22,680098679.8341142
1998-12-23,688566744.2521789
1998-12-24,682875313.4823347
1998-12-28,685637685.1234854
1998-12-29,700114808.3332367
1998-12-30,697808557.0232476
1998-12-31,697753412.6673905
1999-01-04,694190656.1128106
1999-01-05,699202933.4377023
1999-01-06,716400228.4809934
1999-01-07,710658647.2677075
1999-01-08,710864144.3688816
1999-01-11,702005317.0067277
1999-01-12,693707591.694532
1999-01-13,693177485.6831013
1999-01-14,687192558.107402
1999-01-15,703016285.2893661
1999-01-19,705014983.1733124
1999-01-20,707791669.7195098
1999-01-21,692473006.2313321
1999-01-22,694142964.7322208
1999-01-25,699566303.7592174
1999-01-26,710905886.8276905
1999-01-27,703254122.8272413
1999-01-28,715376835.1360494
1999-01-29,721258352.4239048
1999-02-01,712182961.4143901
1999-02-02,705547343.3002503
1999-02-03,710379204.0246534
1999-02-04,696426766.5197557
1999-02-05,685670607.836744
1999-02-08,687178618.3454763
1999-02-09,673364912.0513983
1999-02-10,678154045.5600309
1999-02-11,692068317.1766558
1999-02-12,676916474.8878323
1999-02-16,674618684.9168044
1999-02-17,676521524.0554489
1999-02-18,678628715.529782
1999-02-19,679911553.975771
1999-02-22,700293516.8487477
1999-02-23,695939042.2099017
1999-02-24,679297685.840169
1999-02-25,665495313.768271
1999-02-26,664288168.257964
1999-03-01,660685875.2443511
1999-03-02,657335922.4949291
1999-03-03,658773771.2342908
1999-03-04,666052923.9279795
1999-03-05,682962975.4850419
1999-03-08,690145028.2695135
1999-03-09,694225259.1564181
1999-03-10,699130718.64984
1999-03-11,706224821.8688997
1999-03-12,702230005.5120496
1999-03-15,712757380.6768687
1999-03-16,712228359.6261542
1999-03-17,707548899.4855906
1999-03-18,720304118.439001
1999-03-19,705009773.1389351
1999-03-22,704323210.9820395
1999-03-23,684778723.9483285
1999-03-24,690154505.3528558
1999-03-25,701862256.4041641
1999-03-26,696806246.2220787
1999-03-29,707132140.8468629
1999-03-30,707127317.5797286
1999-03-31,693700480.2227608
1999-04-01,697760941.7115556
1999-04-05,718138813.2414863
1999-04-06,720305135.6489614
1999-04-07,725385073.7465936
1999-04-08,740491273.0992311
1999-04-09,739445520.9248105
1999-04-12,746712598.9306675
1999-04-13,738542771.5818765
1999-04-14,725730040.7625062
1999-04-15,720201318.674975
1999-04-16,711341275.7462914
1999-04-19,703385934.4096812
1999-04-20,713126653.105144
1999-04-21,732579918.0779643
1999-04-22,734856626.8442396
1999-04-23,732408085.0630386
1999-04-26,738450767.9432704
1999-04-27,742478452.71125
1999-04-28,729582832.2799684
1999-04-29,726834070.1196042
1999-04-30,713131151.7702682
1999-05-03,725219659.2186884
1999-05-04,714498417.3008442
1999-05-05,720163352.9956961
1999-05-06,715722522.8829708
1999-05-07,721136712.8873154
1999-05-10,717531098.5395268
1999-05-11,724782501.6082501
1999-05-12,730447480.6486628
1999-05-13,733606427.9471895
1999-05-14,714550240.4877497
1999-05-17,716707024.6657592
1999-05-18,715356615.9895787
1999-05-19,720520466.6058686
1999-05-20,716163151.804663
1999-05-21,712139599.0372937
1999-05-24,700266260.6658374
1999-05-25,688823899.7789488
1999-05-26,696493904.1863972
1999-05-27,686457521.173657
1999-05-28,695213066.1820694
1999-06-01,692777414.9255586
1999-06-02,693431661.7189612
1999-06-03,697259625.7402539
1999-06-04,711276061.3287729
1999-06-07,713099118.8098041
1999-06-08,706069670.999704
1999-06-09,705387494.9035248
1999-06-10,698858645.2849654
1999-06-11,692998778.546812
1999-06-14,693653065.1255668
1999-06-15,698315652.6086688
1999-06-16,711664359.1015397
1999-06-17,718331268.2322285
1999-06-18,719148095.1164765
1999-06-21,720809019.7607075
1999-06-22,715768598.8655708
1999-06-23,712235637.1175201
1999-06-24,706860135.6662577
1999-06-25,705086530.093879
1999-06-28,713700718.8583221
1999-06-29,720387662.1643559
1999-06-30,733441123.0264205
1999-07-01,738955231.3047265
1999-07-02,746312225.8663161
1999-07-06,746129520.7987745
1999-07-07,747119194.1764969
1999-07-08,747690702.2161939
1999-07-09,752115488.8162094
1999-07-12,748749525.3473306
1999-07-13,746054180.3863069
1999-07-14,750227555.5211998
1999-07-15,754987067.4904963
1999-07-16,759076711.0867436
1999-07-19,754035155.4885354
1999-07-20,738522971.9639572
1999-07-21,737670098.1610154
1999-07-22,727938338.0019786
1999-07-23,726499378.5825174
1999-07-26,721123467.9613832
1999-07-27,727140702.2470611
1999-07-28,729471359.6814604
1999-07-29,719237201.3849598
1999-07-30,710342915.9755167
1999-08-02,712003796.1868947
1999-08-03,708638705.4296509
1999-08-04,698907095.2351692
1999-08-05,705259536.1807871
1999-08-06,697538738.3987356
1999-08-09,696016396.2503885
1999-08-10,688295506.883131
1999-08-11,696658432.9832703
1999-08-12,696225063.8220983
1999-08-13,712378756.3751291
1999-08-16,715547584.2232103
1999-08-17,720224161.2396904
1999-08-18,715016077.0273869
1999-08-19,709137277.584743
1999-08-20,716327199.7722394
1999-08-23,730050788.3815275
1999-08-24,732716628.1732004
1999-08-25,740240725.699449
1999-08-26,731272085.9697381
1999-08-27,722377997.6339859
1999-08-30,708959907.2455013
1999-08-31,706265218.9309993
1999-09-01,714962969.6638752
1999-09-02,706487796.0736792
1999-09-03,727164084.1252228
1999-09-07,724468445.3518616
1999-09-08,720935528.0238805
1999-09-09,720585677.7373835
1999-09-10,726602813.1698656
1999-09-13,721645383.4998368
1999-09-14,716855733.444613
1999-09-15,705448878.8345416
1999-09-16,708198908.5742728
1999-09-17,717156593.1925027
1999-09-20,716134031.6077912
1999-09-21,700998490.7556326
1999-09-22,700228451.3841342
1999-09-23,685513122.8117179
1999-09-24,684827264.431185
1999-09-27,689349329.77926
1999-09-28,687991198.1302291
1999-09-29,679744578.9134084
1999-09-30,690147225.810598
1999-10-01,688621053.3774756
1999-10-04,700871677.5596641
1999-10-05,700185619.8133132
1999-10-06,710923752.0741
1999-10-07,706876947.3937491
1999-10-08,717615006.3554671
1999-10-11,716424694.1436703
1999-10-12,705321045.9247079
1999-10-13,686993456.2472847
1999-10-14,686811682.4161887
1999-10-15,669156505.5263665
1999-10-18,674014975.7881795
1999-10-19,680553743.8948689
1999-10-20,687260197.5964243
1999-10-21,691277833.4402914
1999-10-22,697143939.3917102
1999-10-25,693601595.3607603
1999-10-26,684850741.1607382
1999-10-27,697269248.6903737
1999-10-28,721112403.5904833
1999-10-29,734202243.7904191
1999-11-01,726458788.7327795
1999-11-02,721235499.0307975
1999-11-03,726093223.399022
1999-11-04,731622319.0223391
1999-11-05,738831765.6010247
1999-11-08,739488641.6485503
1999-11-09,732501055.2603738
1999-11-10,737945994.6511675
1999-11-11,742131303.0088624
1999-11-12,748836278.360653
1999-11-15,750585284.8437159
1999-11-16,756870240.6692436
1999-11-17,758870582.8654628
1999-11-18,764231426.2322899
1999-11-19,763543717.2036061
1999-11-22,763359995.4705659
1999-11-23,756623979.9295999
1999-11-24,760564470.7765771
1999-11-26,757692614.9514221
1999-11-29,754988758.4373304
1999-11-30,746069084.8983673
1999-12-01,752101799.3587285
1999-12-02,756622592.2376437
1999-12-03,770551494.6881083
1999-12-06,764823577.3310888
1999-12-07,758591207.7831031
1999-12-08,753703397.7221766
1999-12-09,757383940.6820204
1999-12-10,759888826.3435535
1999-12-13,761216702.8912084
1999-12-14,753808989.7735329
1999-12-15,757825274.279727
1999-12-16,761169675.909391
1999-12-17,766061181.0394267
1999-12-20,760487396.1723979
1999-12-21,772092668.0169716
1999-12-22,774097863.5759966
1999-12-23,786461022.7542754
1999-12-27,785349972.8433903
1999-12-28,784827844.9675629
1999-12-29,788180511.6503508
1999-12-30,787237587.8989401
1999-12-31,788484725.7428811
2000-01-03,780720549.3759795
2000-01-04,750051970.6235178
2000-01-05,751383894.8907365
2000-01-06,739241896.7553033
2000-01-07,782342382.3301914
2000-01-10,785020775.7268016
2000-01-11,775572915.6358693
2000-01-12,767809294.4436086
2000-01-13,778235216.1332684
2000-01-14,788829790.0684524
2000-01-18,782581879.2783016
2000-01-19,788965746.7123641
2000-01-20,776823092.5948154
2000-01-21,775122812.5709125
2000-01-24,753043376.8555826
2000-01-25,761616823.0232702
2000-01-26,755538141.221222
2000-01-27,752490878.6293962
2000-01-28,728896074.9538822
2000-01-31,748754264.1068057
2000-02-01,756149310.8722408
2000-02-02,756807069.8617879
2000-02-03,768244024.2423174
2000-02-04,765027941.272027
2000-02-07,763832987.1352019
2000-02-08,774259479.2262224
2000-02-09,757906508.89836
2000-02-10,759406499.3236501
2000-02-11,743895453.3776517
2000-02-14,748258746.7430743
2000-02-15,756748920.4044372
2000-02-16,745532449.2512934
2000-02-17,741643477.5476844
2000-02-18,725627797.38487
2000-02-22,723759751.8168938
2000-02-23,732334000.3898405
2000-02-24,717424037.716567
2000-02-25,714798036.9152571
2000-02-28,729857036.8451532
2000-02-29,736915548.8636732
2000-03-01,742289797.2714658
2000-03-02,742778993.7015437
2000-03-03,756742068.4546772
2000-03-06,749315695.988934
2000-03-07,734731633.7741082
2000-03-08,733789571.4851284
2000-03-09,755332108.4338108
2000-03-10,751273792.8522044
2000-03-13,743005735.1093402
2000-03-14,732379439.0949022
2000-03-15,749542717.0414082
2000-03-16,784726826.91327
2000-03-17,789923172.9371282
2000-03-20,785854024.751574
2000-03-21,802047167.629014
2000-03-22,806927231.0310007
2000-03-23,820755676.1064298
2000-03-24,825635229.5847678
2000-03-27,816837270.7998904
2000-03-28,812092508.1226647
2000-03-29,812919649.114689
2000-03-30,799225693.1344986
2000-03-31,808326308.9468061
2000-04-03,813037229.3768984
2000-04-04,812574827.026745
2000-04-05,807457913.1799165
2000-04-06,812540284.3696734
2000-04-07,821827670.0021713
2000-04-10,822452107.7475243
2000-04-11,814607465.459037
2000-04-12,787541836.3518137
2000-04-13,778299303.4002131
2000-04-14,739122875.1044065
2000-04-17,756011884.0473403
2000-04-18,773720804.1672828
2000-04-19,769892590.8282492
2000-04-20,773503263.2306073
2000-04-24,764870565.2550946
2000-04-25,788513702.6258498
2000-04-26,779491724.462639
2000-04-27,771729726.7506163
2000-04-28,766865767.4108019
2000-05-01,774085531.818601
2000-05-02,756800335.2625419
2000-05-03,734581838.9067886
2000-05-04,736839189.0670811
2000-05-05,743028049.102069
2000-05-08,734413975.4531078
2000-05-09,730594382.1306691
2000-05-10,717285850.1535057
2000-05-11,735579503.0922115
2000-05-12,739245852.911215
2000-05-15,754257082.616542
2000-05-16,763618747.8534873
2000-05-17,752919130.2024412
2000-05-18,739297506.2303166
2000-05-19,730315186.4518511
2000-05-22,728761632.6452124
2000-05-23,717535565.9315021
2000-05-24,728025469.340043
2000-05-25,719660047.0095223
2000-05-26,723596378.1570197
2000-05-30,744470569.3155317
2000-05-31,750817532.9852492
2000-06-01,768613370.8078685
2000-06-02,784361982.3065515
2000-06-05,782575454.2329577
2000-06-06,777839816.5732753
2000-06-07,783732404.8101685
2000-06-08,780589343.0288348
2000-06-09,778857041.037084
2000-06-12,772223671.3099693
2000-06-13,785445220.3025057
2000-06-14,789569359.3675631
2000-06-15,791730014.99474
2000-06-16,788636628.7147238
2000-06-19,798227759.4445639
2000-06-20,793533954.9299662
2000-06-21,788395621.1049469
2000-06-22,775757301.7457948
2000-06-23,765022212.848323
2000-06-26,779586625.6175544
2000-06-27,774369730.5919403
2000-06-28,775890385.9447358
2000-06-29,772496685.7041463
2000-06-30,778786284.5214787
2000-07-03,791258293.1596586
2000-07-05,777808828.4423544
2000-07-06,780224438.555959
2000-07-07,794886243.6330761
2000-07-10,792006109.0228571
2000-07-11,792427431.518857
2000-07-12,795746640.6517875
2000-07-13,803791062.2108642
2000-07-14,806121254.8979977
2000-07-17,800814206.0683812
2000-07-18,794779357.7707427
2000-07-19,788320658.4674512
2000-07-20,807957547.2609463
2000-07-21,792297538.9321692
2000-07-24,786233509.083597
2000-07-25,788635266.1086226
2000-07-26,780936748.812736
2000-07-27,779360339.9091985
2000-07-28,760734059.6251419
2000-07-31,765698388.1486125
2000-08-01,772517778.4146858
2000-08-02,777375855.1831039
2000-08-03,784291850.530567
2000-08-04,790678313.563401
2000-08-07,796622010.7830621
2000-08-08,801862053.3309809
2000-08-09,802210697.1163805
2000-08-10,801248537.2266823
2000-08-11,803053609.5820827
2000-08-14,813747593.4052804
2000-08-15,811189913.2529715
2000-08-16,807082539.0975528
2000-08-17,816481885.9525384
2000-08-18,815557105.0640949
2000-08-21,819426033.744338
2000-08-22,818616168.4995914
2000-08-23,824697449.7594615
2000-08-24,827152113.2216952
2000-08-25,826698558.099282
2000-08-28,826392737.8659363
2000-08-29,824603020.4323221
2000-08-30,816609781.2408782
2000-08-31,832294059.5927109
2000-09-01,836118814.4318953
2000-09-05,829171207.8311554
2000-09-06,817907478.6911507
2000-09-07,822327804.9299722
2000-09-08,818476797.6436648
2000-09-11,815007510.3307805
2000-09-12,808364787.2970011
2000-09-13,812829116.676729
2000-09-14,813782533.573987
2000-09-15,792881120.7355748
2000-09-18,783368335.1970186
2000-09-19,791556712.2335644
2000-09-20,782709667.5732554
2000-09-21,772477920.6873095
2000-09-22,788136443.4328258
2000-09-25,783305979.7070388
2000-09-26,774997444.8123276
2000-09-27,777808573.6724827
2000-09-28,788260011.7322409
2000-09-29,781902552.8422436
2000-10-02,781511780.8500277
2000-10-03,771859248.1382344
2000-10-04,776456843.5578078
2000-10-05,780806928.9959629
2000-10-06,766734677.0839826
2000-10-09,760786470.7954243
2000-10-10,749709693.1667967
2000-10-11,745065122.2995728
2000-10-12,728837121.0244455
2000-10-13,752718463.729937
2000-10-16,755667051.2153096
2000-10-17,740421850.6243365
2000-10-18,738769198.0590205
2000-10-19,766029893.0956918
2000-10-20,770284914.6482459
2000-10-23,776645487.0726315
2000-10-24,769124023.4746073
2000-10-25,748955270.5163893
2000-10-26,749746694.8884147
2000-10-27,761975254.5068474
2000-10-30,767743721.95125
2000-10-31,779043269.0022099
2000-11-01,778081375.2603434
2000-11-02,777803319.6724794
2000-11-03,772660394.6914548
2000-11-06,770678276.6392999
2000-11-07,770785651.6358911
2000-11-08,770893056.8423754
2000-11-09,773936037.3952085
2000-11-10,774043314.6667632
2000-11-13,777335030.5867761
2000-11-14,778028254.6863208
2000-11-15,780482803.264271
2000-11-16,782937232.423677
2000-11-17,781289376.5831952
2000-11-20,783399077.4147031
2000-11-21,784092158.4080245
2000-11-22,787134779.4221934
2000-11-24,786775239.6299754
2000-11-27,786445031.5726036
2000-11-28,789534831.4631704
2000-11-29,792026547.704239
2000-11-30,796313562.3772435
2000-12-01,794041551.2408818
2000-12-04,793788384.1211007
2000-12-05,799875852.9846698
2000-12-06,806564266.2682757
2000-12-07,806650195.3187469
2000-12-08,804896439.9659548
2000-12-11,803997284.4797176
2000-12-12,804718670.1125989
2000-12-13,809169697.4901912
2000-12-14,812997411.9691453
2000-12-15,814959183.4879591
2000-12-18,817149191.2383974
2000-12-19,816012865.5215793
2000-12-20,822961425.8870237
2000-12-21,826249627.5304983
2000-12-22,826986795.900807
2000-12-26,826146144.4675392
2000-12-27,821785614.7519313
2000-12-28,820607142.4497328
2000-12-29,821345038.1470098
2001-01-02,834691793.1893537
2001-01-03,820876594.0393133
2001-01-04,828041465.9429903
2001-01-05,834560296.8988715
2001-01-08,834239632.0495628
2001-01-09,831785900.4768649
2001-01-10,824258696.7901471
2001-01-11,821806079.8595252
2001-01-12,814911966.9019674
2001-01-16,816008864.9664034
2001-01-17,819311484.0997664
2001-01-18,823899143.7692914
2001-01-19,819539617.7713052
2001-01-22,816050821.1977907
2001-01-23,812963169.5455022
2001-01-24,811149176.0366017
2001-01-25,813810890.42678
2001-01-26,813911393.7919047
2001-01-29,812338240.324801
2001-01-30,817570784.5285317
2001-01-31,820873877.1452605
2001-02-01,826749639.0166361
2001-02-02,822390271.5600262
2001-02-05,822085288.7204154
2001-02-06,819633831.6961746
2001-02-07,827446009.9106352
2001-02-08,827545395.1374639
2001-02-09,832132929.4097942
2001-02-12,831181060.9940543
2001-02-13,830003265.2457306
2001-02-14,826279074.3844007
2001-02-15,822555343.8850702
2001-02-16,827787255.7213914
2001-02-20,828232799.5401635
2001-02-21,826418073.4313619
2001-02-22,825879298.0006646
2001-02-23,829090802.3102459
2001-02-26,832623887.7242962
2001-02-27,838500090.8321946
2001-02-28,841160170.5918436
2001-03-01,844461830.7032633
2001-03-02,839264770.2396389
2001-03-05,837607034.8435351
2001-03-06,837041924.8775797
2001-03-07,841790220.0188739
2001-03-08,843876277.7881099
2001-03-09,840010033.1278976
2001-03-12,842326157.7573425
2001-03-13,840438635.7668283
2001-03-14,847858417.8678694
2001-03-15,849943879.9007221
2001-03-16,852029085.5028056
2001-03-19,849700357.6617849
2001-03-20,852450191.3012232
2001-03-21,853208040.841447
2001-03-22,855957335.1219195
2001-03-23,851431566.9761317
2001-03-26,848444739.7219477
2001-03-27,838677227.0662731
2001-03-28,840764528.8335832
2001-03-29,840199916.1472758
2001-03-30,843616618.7533858
2001-04-02,840638647.3728281
2001-04-03,843390372.618391
2001-04-04,843487551.3362714
2001-04-05,840940636.4753258
2001-04-06,847024208.6004721
2001-04-09,844703091.69666
2001-04-10,834283994.2163494
2001-04-11,832399002.8424455
2001-04-12,829194860.1382986
2001-04-16,822618078.1897714
2001-04-17,827223124.7993951
2001-04-18,831827435.3456612
2001-04-19,823644170.1605349
2001-04-20,822465393.3919625
2001-04-23,828604256.6038294
2001-04-24,827424651.5724597
2001-04-25,823690354.2111676
2001-04-26,828941337.8536469
2001-04-27,820125877.1026064
2001-04-30,819832680.6251915
2001-05-01,823149391.6291126
2001-05-02,822611401.9675372
2001-05-03,828509135.6358265
2001-05-04,829252504.6477689
2001-05-07,829591305.025015
2001-05-08,827772422.9846071
2001-05-09,830444096.7427013
2001-05-10,823529690.0390987
2001-05-11,810930206.47771
2001-05-14,814358136.9350595
2001-05-15,811999896.372123
2001-05-16,813341460.4033686
2001-05-17,814682768.2412844
2001-05-18,817881252.3147521
2001-05-21,818225388.9379934
2001-05-22,817713633.0664461
2001-05-23,818436264.644778
2001-05-24,811788027.0217369
2001-05-25,811806224.290216
2001-05-29,811047089.4925959
2001-05-30,811154002.0568882
2001-05-31,818087778.3494599
2001-06-01,820667705.3802686
2001-06-04,823485261.0339116
2001-06-05,827304885.2784997
2001-06-06,828644670.0651183
2001-06-07,824918759.5161529
2001-06-08,821841328.7971278
2001-06-11,826028721.6309675
2001-06-12,829328920.7622515
2001-06-13,828794663.5416692
2001-06-14,830174759.56169
2001-06-15,829640392.2283227
2001-06-18,829982779.6269512
2001-06-19,830724145.4327261
2001-06-20,832104052.4367249
2001-06-21,833483700.8914324
2001-06-22,838707672.0352926
2001-06-25,837766704.0252434
2001-06-26,832785641.8380374
2001-06-27,831614310.544213
2001-06-28,826001969.5473409
2001-06-29,821656768.1055446
2001-07-02,825206226.346232
2001-07-03,822764794.0648967
2001-07-05,821083145.6581395
2001-07-06,823105002.9784921
2001-07-09,826013421.8920664
2001-07-10,829314713.6499774
2001-07-11,830057104.9611262
2001-07-12,832717167.5549799
2001-07-13,832820848.5808637
2001-07-16,837001072.7771086
2001-07-17,836466547.0593603
2001-07-18,842977273.6102332
2001-07-19,842441549.3141834
2001-07-20,841269090.179869
2001-07-23,842880380.6714015
2001-07-24,842982338.1507033
2001-07-25,838634650.5744667
2001-07-26,839375641.6729914
2001-07-27,843315848.4200561
2001-07-30,844925865.1952637
2001-07-31,847583525.7196631
2001-08-01,845042171.1481816
2001-08-02,841203979.4283764
2001-08-03,839333638.0378805
2001-08-06,840337905.3014619
2001-08-07,839782345.1501007
2001-08-08,853849324.7293494
2001-08-09,850664655.6374074
2001-08-10,854065282.3620797
2001-08-13,855714037.9802777
2001-08-14,855813674.0905833
2001-08-15,853940744.235341
2001-08-16,857340888.8171403
2001-08-17,864720984.0615251
2001-08-20,860296125.430132
2001-08-21,863116345.7587229
2001-08-22,860502797.929278
2001-08-23,861960879.6823431
2001-08-24,859347634.6210427
2001-08-27,859002031.7343116
2001-08-28,865067515.3096777
2001-08-29,869881437.8209293
2001-08-30,869307145.4908766
2001-08-31,865386691.8221415
2001-09-04,856486812.0451874
2001-09-05,857931026.7854365
2001-09-06,865455552.5425862
2001-09-07,869594068.138284
2001-09-10,867234719.7177025
2001-09-17,882233917.0587307
2001-09-18,876038752.9620174
2001-09-19,878237357.1827497
2001-09-20,874145758.493642
2001-09-21,877749938.5601788
2001-09-24,875976868.7740841
2001-09-25,876773288.5462536
2001-09-26,881784572.9162601
2001-09-27,886794594.3875332
2001-09-28,885489751.9967713
2001-10-01,889313100.9613379
2001-10-02,890807081.9308251
2001-10-03,893002198.0787374
2001-10-04,890997676.8001032
2001-10-05,891790427.3314428
2001-10-08,891774217.3867451
2001-10-09,885227386.974452
2001-10-10,886021901.2062659
2001-10-11,880538632.3916435
2001-10-12,881334497.5511104
2001-10-15,885867681.4582705
2001-10-16,888064607.238691
2001-10-17,888158435.8534634
2001-10-18,888952442.5144475
2001-10-19,885555198.5378258
2001-10-22,885873483.9867682
2001-10-23,883871584.7553588
2001-10-24,887474357.5213156
2001-10-25,891076176.2531475
2001-10-26,893272017.5826582
2001-10-29,895685062.8819666
2001-10-30,899988281.9972209
2001-10-31,909942646.6098864
2001-11-01,914423315.0035751
2001-11-02,905038019.8125896
2001-11-05,909759317.6950336
2001-11-06,910582269.0078943
2001-11-07,916560135.652004
2001-11-08,909350000.7616549
2001-11-09,907974394.7241621
2001-11-12,907956042.4954293
2001-11-13,903255244.5407714
2001-11-14,893873324.4835719
2001-11-15,875854072.1962487
2001-11-16,867696607.0623987
2001-11-19,875657606.6653486
2001-11-20,870260088.8436582
2001-11-21,863496884.8476186
2001-11-23,859593422.7896333
2001-11-26,859250419.3695633
2001-11-27,863956986.7865424
2001-11-28,864057307.8200028
2001-11-29,876966769.3463813
2001-11-30,877740981.3923408
2001-12-03,880141943.9386517
2001-12-04,883698898.1360786
2001-12-05,868764833.3332345
2001-12-06,860627575.22382
2001-12-07,850083990.298893
2001-12-10,852447486.9064214
2001-12-11,855235237.9769454
2001-12-12,862742069.2265701
2001-12-13,855516604.0006974
2001-12-14,848293399.5348008
2001-12-17,847310854.464235
2001-12-18,854144274.3839508
2001-12-19,859625176.7540946
2001-12-20,859727820.7138928
2001-12-21,857157332.5759254
2001-12-24,853497104.5252789
2001-12-26,851051622.3782948
2001-12-27,857208724.4182069
2001-12-28,855974662.4678004
2001-12-31,861699364.8139731
2002-01-02,853270768.7847357
2002-01-03,856059314.1683502
2002-01-04,854825951.9424915
2002-01-07,861228033.8230644
2002-01-08,860661809.8072085
2002-01-09,860765038.8525597
2002-01-10,867595299.799048
2002-01-11,873072985.5454212
2002-01-14,874072741.2145277
2002-01-15,876183402.9437519
2002-01-16,876281945.681848
2002-01-17,869716755.3743612
2002-01-18,872500708.4453087
2002-01-22,871610324.7374582
2002-01-23,865710397.4578396
2002-01-24,864474841.1887448
2002-01-25,862571748.128351
2002-01-28,861578285.2988144
2002-01-29,868409099.6180747
2002-01-30,868510793.8259687
2002-01-31,865272665.8652656
2002-02-01,868731059.1291105
2002-02-04,874445730.5748012
2002-02-05,875886162.7414452
2002-02-06,875985809.8149191
2002-02-07,875416225.4993467
2002-02-08,877527578.3744054
2002-02-11,877186978.3748484
2002-02-12,873280592.5464941
2002-02-13,870708222.0783212
2002-02-14,874838480.0649784
2002-02-15,880990383.2984351
2002-02-19,880046802.0937455
2002-02-20,880147001.42296
2002-02-21,880247207.5723464
2002-02-22,883117604.5526814
2002-02-25,881974102.4662821
2002-02-26,877235169.3466488
2002-02-27,883605304.826039
2002-02-28,880935826.4570735
2002-03-01,874133382.7890074
2002-03-04,871709307.7594082
2002-03-05,871812728.3337734
2002-03-06,869147137.80896
2002-03-07,858238120.0996127
2002-03-08,851078288.2676249
2002-03-11,851438017.7534124
2002-03-12,852208363.5164917
2002-03-13,854969361.9990044
2002-03-14,847176293.4213755
2002-03-15,850603836.3646556
2002-03-18,852954199.7233039
2002-03-19,852400264.984279
2002-03-20,847889076.580239
2002-03-21,848660990.4983025
2002-03-22,848108572.516889
2002-03-25,847812305.5821747
2002-03-26,851905653.4244779
2002-03-27,852014189.5064485
2002-03-28,847503506.7281578
2002-04-01,846676358.3370738
2002-04-02,846313787.966053
2002-04-03,846372383.500537
2002-04-04,846430652.9998235
2002-04-05,846488266.1840774
2002-04-08,846545553.0555335
2002-04-09,846602183.1936091
2002-04-10,846658156.3360558
2002-04-11,846714463.6091616
2002-04-12,846770444.1750331
2002-04-15,846826428.4420623
2002-04-16,846883407.8003855
2002-04-17,846940060.5394431
2002-04-18,846996386.5606787
2002-04-19,847053046.8575137
2002-04-22,847109380.3929408
2002-04-23,847166048.2485613
2002-04-24,847222389.2991822
2002-04-25,847279395.3000319
2002-04-26,847336735.7118782
2002-04-29,847394741.1025385
2002-04-30,847452750.4640231
2002-05-01,847510763.7966039
2002-05-02,843905216.8039541
2002-05-03,847305620.2597457
2002-05-06,846327426.3261374
2002-05-07,847087335.3304803
2002-05-08,837386693.6906327
2002-05-09,840128533.7897024
2002-05-10,843530444.5707489
2002-05-13,838627699.4870155
2002-05-14,832833972.1545435
2002-05-15,835577556.2214705
2002-05-16,840967600.4524032
2002-05-17,836479619.7244128
2002-05-20,840791352.8580403
2002-05-21,842872390.5774301
2002-05-22,846273993.0286787
2002-05-23,844404679.8039482
2002-05-24,844507559.2272534
2002-05-28,844882026.4885193
2002-05-29,848258666.1916952
2002-05-30,851634282.604079
2002-05-31,850429474.5055585
2002-06-03,852072210.0899336
2002-06-04,853480544.0474284
2002-06-05,850972513.1478391
2002-06-06,853691512.9808998
2002-06-07,849883104.7732536
2002-06-10,852182263.1184089
2002-06-11,855557147.6318479
2002-06-12,858274960.6462324
2002-06-13,860991947.7584393
2002-06-14,868313485.9193585
2002-06-17,864540426.3542429
2002-06-18,865321883.1406304
2002-06-19,873654079.2746013
2002-06-20,867636231.8675579
2002-06-21,871839428.384241
2002-06-24,866726259.7443516
2002-06-25,866142848.9389583
2002-06-26,875165426.8790014
2002-06-27,869147419.54705
2002-06-28,867882119.9378531
2002-07-01,868894422.3925818
2002-07-02,874471252.8486379
2002-07-03,873885795.274809
2002-07-05,865955468.8827189
2002-07-08,870393567.2438031
2002-07-09,874596692.6756629
2002-07-10,882927037.2987489
2002-07-11,883021273.9964238
2002-07-12,885165177.8789856
2002-07-15,883433019.2634562
2002-07-16,877413336.6673294
2002-07-17,880243671.1927516
2002-07-18,883758348.6700958
2002-07-19,887271993.4059228
2002-07-22,894655018.5077263
2002-07-23,897570730.3285825
2002-07-24,896254485.1615009
2002-07-25,900585543.7815964
2002-07-26,900676149.8233844
2002-07-29,887716022.2308079
2002-07-30,887698409.5369068
2002-07-31,895835279.2119224
2002-08-01,899456828.9482054
2002-08-02,906247854.273822
2002-08-05,910772100.2480165
2002-08-06,903425242.0272582
2002-08-07,906250483.0704451
2002-08-08,903081310.903955
2002-08-09,909838879.5752326
2002-08-12,911653357.9642439
2002-08-13,918827584.0752294
2002-08-14,916161837.5503436
2002-08-15,910952547.0927166
2002-08-16,905041929.6412114
2002-08-19,905893433.8222021
2002-08-20,914220220.1405512
2002-08-21,911961361.9948153
2002-08-22,907119810.4090984
2002-08-23,911218417.4436464
2002-08-26,911629579.8201911
2002-08-27,908792597.6605378
2002-08-28,912159971.6687868
2002-08-29,916371651.3608962
2002-08-30,918076624.0309811
2002-09-03,927968111.2214544
2002-09-04,927635116.741241
2002-09-05,931211287.7652379
2002-09-06,923991377.1334254
2002-09-09,922647296.1143407
2002-09-10,925945063.8705505
2002-09-11,922517840.0030867
2002-09-12,927369346.3862358
2002-09-13,931737888.8995717
2002-09-16,932046830.8127724
2002-09-17,935072089.0971227
2002-09-18,936134898.6110587
2002-09-19,940762082.5965945
2002-09-20,940423292.3912097
2002-09-23,945656088.7669991
2002-09-24,948927835.8523557
2002-09-25,941938369.6813234
2002-09-26,941279544.451249
2002-09-27,947363872.4597212
2002-09-30,952745576.0133636
2002-10-01,944393470.7800562
2002-10-02,947580084.9071373
2002-10-03,947010027.2835107
2002-10-04,947982520.3390932
2002-10-07,951702291.1444292
2002-10-08,949934354.1355287
2002-10-09,954735639.5745798
2002-10-10,949277258.6786681
2002-10-11,942450935.9046056
2002-10-14,941651604.6113703
2002-10-15,925467629.3036463
2002-10-16,925425388.6454408
2002-10-17,920501073.9875594
2002-10-18,923234778.7666416
2002-10-21,916085432.5435959
2002-10-22,915622063.0375589
2002-10-23,917605899.0377542
2002-10-24,922026031.6918749
2002-10-25,926075313.8015169
2002-10-28,927150071.0738571
2002-10-29,935526008.7166227
2002-10-30,935401183.1284463
2002-10-31,940112808.50006
2002-11-01,934585370.4611063
2002-11-04,931650759.5800976
2002-11-05,929132109.9100461
2002-11-06,932170374.6519874
2002-11-07,941179116.421268
2002-11-08,943400968.2712841
2002-11-11,945719781.5944166
2002-11-12,942733034.1878796
2002-11-13,943810915.6042216
2002-11-14,931957860.3075207
2002-11-15,932610648.7666286
2002-11-18,933487052.7246175
2002-11-19,934248627.1331112
2002-11-20,928989922.064094
2002-11-21,923451729.9150656
2002-11-22,922322000.2235793
2002-11-25,920787271.2272512
2002-11-26,929096543.1813622
2002-11-27,918599953.1259623
2002-11-29,919904274.6316803
2002-12-02,919554862.5613345
2002-12-03,919425754.5381814
2002-12-04,922616806.9051272
2002-12-05,925128201.3444897
2002-12-06,928831654.8841304
2002-12-09,932295185.9106371
2002-12-10,931519942.5310603
2002-12-11,934533441.4492823
2002-12-12,935271111.5469896
2002-12-13,931918772.9382442
2002-12-16,928110662.8070478
2002-12-17,930275447.1147313
2002-12-18,935916898.9280788
2002-12-19,940641158.558723
2002-12-20,940624367.7985835
2002-12-23,940074139.1742224
2002-12-24,943476316.4452059
2002-12-26,944872143.1016595
2002-12-27,950448780.9697498
2002-12-30,952166663.0245206
2002-12-31,951887861.2945096
2003-01-02,937061922.8092587
2003-01-03,938609992.7851875
2003-01-06,936247045.5047289
2003-01-07,939254506.7315902
2003-01-08,941464372.7146983
2003-01-09,930011404.3282537
2003-01-10,931012294.2842807
2003-01-13,932688915.6692787
2003-01-14,934926163.9615308
2003-01-15,937040465.7751995
2003-01-16,936684925.4667338
2003-01-17,940590130.2172407
2003-01-21,943800070.0046443
2003-01-22,947659937.9504318
2003-01-23,945661386.412271
2003-01-24,947519042.6855156
2003-01-27,944641356.4586079
2003-01-28,944733418.1833825
2003-01-29,940620163.8390254
2003-01-30,944278879.8358222
2003-01-31,944703309.7362096
2003-02-03,943219931.6266248
2003-02-04,946313917.393439
2003-02-05,942646401.6527317
2003-02-06,946301118.5471733
2003-02-07,946723863.5977689
2003-02-10,944937436.144455
2003-02-11,945806317.4501338
2003-02-12,949884905.7238779
2003-02-13,953276447.4662536
2003-02-14,949976615.0536208
2003-02-18,949958197.1845044
2003-02-19,953460426.0124584
2003-02-20,956722187.3011305
2003-02-21,953223817.3170067
2003-02-24,956926578.8981186
2003-02-25,958140499.7325461
2003-02-26,960991775.281029
2003-02-27,961852898.2145382
2003-02-28,965017072.4585675
2003-03-03,966967645.6044022
2003-03-04,968801935.3163096
2003-03-05,970522818.5897533
2003-03-06,968555025.5860307
2003-03-07,971690391.447272
2003-03-10,974810961.9333644
2003-03-11,974553378.4989675
2003-03-12,972310956.0084147
2003-03-13,961484384.5789379
2003-03-14,964641481.1205857
2003-03-17,956940331.3259834
2003-03-18,951686727.1035024
2003-03-19,947069787.4104222
2003-03-20,947728086.9264435
2003-03-21,938881445.8614782
2003-03-24,947951458.4620358
2003-03-25,948041615.3517281
2003-03-26,950209356.0282985
2003-03-27,951934008.1619409
2003-03-28,953436981.0520483
2003-03-31,960134613.8399042
2003-04-01,958863442.5859594
2003-04-02,952042521.9904789
2003-04-03,953715475.1371783
2003-04-04,952006959.0231234
2003-04-07,949728883.0683255
2003-04-08,953343078.4863448
2003-04-09,956592664.4757044
2003-04-10,953991120.3259729
2003-04-11,951494351.7006968
2003-04-14,948756268.9805442
2003-04-15,952149379.7590531
2003-04-16,954277110.5892155
2003-04-17,953017423.0384316
2003-04-21,951191073.3155745
2003-04-22,951398101.0486559
2003-04-23,950924486.9166199
2003-04-24,956573095.6794121
2003-04-25,958124816.6407772
2003-04-28,957097462.1939658
2003-04-29,955397131.4637132
2003-04-30,961227960.5805533
2003-05-01,962014955.170278
2003-05-02,969920909.8300734
2003-05-05,970993727.8106488
2003-05-06,986066600.1561761
2003-05-07,987199592.6380424
2003-05-08,978283183.4134446
2003-05-09,993185704.7270722
2003-05-12,1009322644.6559664
2003-05-13,1008359923.9246591
2003-05-14,1011565343.1234636
2003-05-15,1016716430.9265702
2003-05-16,1019519536.0596522
2003-05-19,995973647.0369895
2003-05-20,1000621374.7906222
2003-05-21,999435983.5174965
2003-05-22,1013998201.488823
2003-05-23,1014851904.699523
2003-05-27,1028497911.4241345
2003-05-28,1031554833.2320727
2003-05-29,1034166082.1816386
2003-05-30,1050017553.3490657
2003-06-02,1050149050.2386216
2003-06-03,1061359754.9910209
2003-06-04,1079529180.7294238
2003-06-05,1080856358.6388345
2003-06-06,1075349829.4981368
2003-06-09,1070274865.7988902
2003-06-10,1086954828.8946254
2003-06-11,1095952965.575163
2003-06-12,1103368352.5577452
2003-06-13,1095976243.7544627
2003-06-16,1112840946.9133096
2003-06-17,1106762863.4057462
2003-06-18,1099037416.4878361
2003-06-19,1083833564.5061455
2003-06-20,1079668226.3051617
2003-06-23,1072663913.6373531
2003-06-24,1078717383.1474707
2003-06-25,1059796422.9924278
2003-06-26,1063001780.5058627
2003-06-27,1049688574.4941603
2003-06-30,1051779117.9167243
2003-07-01,1064155585.0629833
2003-07-02,1078477810.4251962
2003-07-03,1060665318.5638387
2003-07-07,1075991360.642561
2003-07-08,1081112849.230739
2003-07-09,1076851217.561917
2003-07-10,1065437554.6064419
2003-07-11,1079203881.2136836
2003-07-14,1078269590.8036356
2003-07-15,1061400677.8160174
2003-07-16,1055447400.1488096
2003-07-17,1038163675.787202
2003-07-18,1046063204.5300934
2003-07-21,1019441589.5468576
2003-07-22,1032189890.7437228
2003-07-23,1035956701.3053645
2003-07-24,1024163035.0751619
2003-07-25,1040812834.297657
2003-07-28,1029422110.6348711
2003-07-29,1014600699.6837395
2003-07-30,1020221351.1266643
2003-07-31,1015749683.3057175
2003-08-01,1010830663.8753496
2003-08-04,1010330513.2170244
2003-08-05,988977034.0574826
2003-08-06,994674248.6404271
2003-08-07,1005065896.338625
2003-08-08,1007904006.9782592
2003-08-11,1011661298.6406295
2003-08-12,1020827623.3705198
2003-08-13,1015602316.0258281
2003-08-14,1018337669.0393083
2003-08-15,1021483141.0503712
2003-08-18,1030240626.0176375
2003-08-19,1034099421.7407254
2003-08-20,1029894211.8554851
2003-08-21,1033139991.6408991
2003-08-22,1022912551.1668576
2003-08-25,1024525795.2981834
2003-08-26,1026240671.7711906
2003-08-27,1026527373.3528894
2003-08-28,1032835845.2455994
2003-08-29,1039756031.3723392
2003-09-02,1053617804.3902515
2003-09-03,1059313181.5527691
2003-09-04,1059802534.0103804
2003-09-05,1053861570.7891135
2003-09-08,1062517500.9839523
2003-09-09,1055555171.0285625
2003-09-10,1044919682.2804716
2003-09-11,1047960995.9525145
2003-09-12,1049879691.5765159
2003-09-15,1046184149.2467219
2003-09-16,1061372947.3273438
2003-09-17,1059310679.793883
2003-09-18,1071742448.5958132
2003-09-19,1066291298.9313596
2003-09-22,1054794524.4481113
2003-09-23,1058769382.3299303
2003-09-24,1039997671.087103
2003-09-25,1031472829.2706683
2003-09-26,1028071228.3044972
2003-09-29,1038092467.8256118
2003-09-30,1028030681.0786002
2003-10-01,1049835750.5881692
2003-10-02,1049248060.4998848
2003-10-03,1044263195.6121309
2003-10-06,1051997091.6398196
2003-10-07,1049950166.1031723
2003-10-08,1049110304.016769
2003-10-09,1048511653.8204271
2003-10-10,1054454018.0075796
2003-10-13,1056085433.0120976
2003-10-14,1055513136.349718
2003-10-15,1048871106.8668996
2003-10-16,1047229443.9567348
2003-10-17,1041370478.1730559
2003-10-20,1049787528.5836276
2003-10-21,1049787507.5189859
2003-10-22,1044160756.777746
2003-10-23,1038883536.9800434
2003-10-24,1048363988.8949066
2003-10-27,1045978235.7899326
2003-10-28,1064809237.2042998
2003-10-29,1059436364.7687553
2003-10-30,1057734442.7654444
2003-10-31,1060368226.2667383
2003-11-03,1063183185.8084011
2003-11-04,1064547458.06818
2003-11-05,1061559501.197587
2003-11-06,1061705973.214598
2003-11-07,1052025324.0117137
2003-11-10,1047294678.4193476
2003-11-11,1048550495.5239581
2003-11-12,1063581671.7860548
2003-11-13,1072908586.4370472
2003-11-14,1069709475.0565557
2003-11-17,1065619909.3985367
2003-11-18,1059099135.8187611
2003-11-19,1060523407.9047947
2003-11-20,1057786244.7799482
2003-11-21,1061480059.258589
2003-11-24,1069300092.3420438
2003-11-25,1075828122.3321168
2003-11-26,1076900528.010983
2003-11-28,1070579454.8049734
2003-12-01,1075377888.4576442
2003-12-02,1075698271.8228846
2003-12-03,1071112363.7338508
2003-12-04,1077714595.128057
2003-12-05,1083248430.8988917
2003-12-08,1086301523.5511525
2003-12-09,1072663087.9316516
2003-12-10,1075157210.211432
2003-12-11,1093468762.9538538
2003-12-12,1095475941.965745
2003-12-15,1089527036.7995992
2003-12-16,1107867477.6839414
2003-12-17,1114099024.749682
2003-12-18,1130278824.2191386
2003-12-19,1127197299.23455
2003-12-22,1131967475.5444355
2003-12-23,1125086821.9796247
2003-12-24,1130821802.006331
2003-12-26,1135068768.1808515
2003-12-29,1143292045.4578855
2003-12-30,1142180331.9550457
2003-12-31,1145130528.6257236
2004-01-02,1135369754.36891
2004-01-05,1146679922.823993
2004-01-06,1156249890.6853297
2004-01-07,1162583057.122895
2004-01-08,1167092328.8562417
2004-01-09,1170651482.6736271
2004-01-12,1179038149.636917
2004-01-13,1178426927.4502234
2004-01-14,1190214728.9102273
2004-01-15,1193656820.5490777
2004-01-16,1193212600.0493655
2004-01-20,1190741046.8483102
2004-01-21,1203315788.3819432
2004-01-22,1205285184.5544631
2004-01-23,1192491925.8455746
2004-01-26,1202096885.1459897
2004-01-27,1194625256.512911
2004-01-28,1172531672.040707
2004-01-29,1172176187.5084817
2004-01-30,1177457334.1860838
2004-02-02,1181205306.9265485
2004-02-03,1183709575.8019528
2004-02-04,1172219289.868144
2004-02-05,1171120850.0232515
2004-02-06,1191154565.6235044
2004-02-09,1194098249.4836998
2004-02-10,1194528812.107603
2004-02-11,1213032810.5833168
2004-02-12,1207926251.9443989
2004-02-13,1205639892.8407118
2004-02-17,1216164657.1356153
2004-02-18,1210586964.6865466
2004-02-19,1206951681.8791287
2004-02-20,1199208859.5604177
2004-02-23,1200119136.1069994
2004-02-24,1199828128.5238676
2004-02-25,1206025671.4976761
2004-02-26,1204848677.319221
2004-02-27,1210300305.9149463
2004-03-01,1223106609.538618
2004-03-02,1208916221.9216814
2004-03-03,1209917232.7697816
2004-03-04,1216757570.1478362
2004-03-05,1235660206.6893868
2004-03-08,1227526926.0228827
2004-03-09,1227219962.9445832
2004-03-10,1206771363.6760457
2004-03-11,1191431871.4742765
2004-03-12,1203016432.6825218
2004-03-15,1189081694.6901605
2004-03-16,1201011899.5128589
2004-03-17,1213279120.9302773
2004-03-18,1209746730.0998645
2004-03-19,1190971585.583696
2004-03-22,1180453013.142927
2004-03-23,1180106393.7790852
2004-03-24,1180161289.538998
2004-03-25,1193782168.6780005
2004-03-26,1186463437.1423385
2004-03-29,1197814357.8559885
2004-03-30,1202150571.2401943
2004-03-31,1207822709.858954
2004-04-01,1211991983.0992534
2004-04-02,1198864856.9443183
2004-04-05,1199456530.9552495
2004-04-06,1199742979.671722
2004-04-07,1196980658.27396
2004-04-08,1191942787.134767
2004-04-12,1192753677.7851748
2004-04-13,1166669088.0678363
2004-04-14,1167583167.861104
2004-04-15,1161400069.9722211
2004-04-16,1174533957.2175977
2004-04-19,1171424289.806406
2004-04-20,1143293816.3694293
2004-04-21,1153178302.4285586
2004-04-22,1173739564.796471
2004-04-23,1170019300.3248267
2004-04-26,1168158487.0535903
2004-04-27,1173603706.44091
2004-04-28,1150914690.1774893
2004-04-29,1138103483.8525157
2004-04-30,1131885816.6413803
2004-05-03,1143469306.3368044
2004-05-04,1139198904.715461
2004-05-05,1143841944.8826475
2004-05-06,1132782827.3874257
2004-05-07,1099970972.3517354
2004-05-10,1088279686.5605767
2004-05-11,1099517651.5749307
2004-05-12,1104835395.9853227
2004-05-13,1096816170.3535867
2004-05-14,1102719817.1215718
2004-05-17,1100271919.6167817
2004-05-18,1103581765.1112843
2004-05-19,1094682416.367543
2004-05-20,1103543206.9777575
2004-05-21,1102984145.2665024
2004-05-24,1108289916.4981875
2004-05-25,1124153064.5081098
2004-05-26,1133489026.769053
2004-05-27,1145716357.2759764
2004-05-28,1142327263.7320368
2004-06-01,1135007499.749122
2004-06-02,1138608570.3781235
2004-06-03,1128186797.7414577
2004-06-04,1137064289.6081772
2004-06-07,1154242157.362588
2004-06-08,1155819284.722115
2004-06-09,1145097710.4806724
2004-06-10,1150674864.7199366
2004-06-14,1139352981.3725038
2004-06-15,1147330577.4733882
2004-06-16,1147108661.5290844
2004-06-17,1145386013.6910949
2004-06-18,1147511561.0331995
2004-06-21,1143174329.4200647
2004-06-22,1148872477.4118187
2004-06-23,1158685592.5451279
2004-06-24,1155050109.227851
2004-06-25,1149507812.0891826
2004-06-28,1145571224.8086123
2004-06-29,1150266146.252894
2004-06-30,1156365855.7294588
2004-07-01,1140385581.0680432
2004-07-02,1148873731.006321
2004-07-06,1136661540.1182954
2004-07-07,1140417396.821616
2004-07-08,1132624783.7063596
2004-07-09,1137339707.002405
2004-07-12,1139095494.3077168
2004-07-13,1137359302.8943005
2004-07-14,1133299138.9320028
2004-07-15,1125424735.7504625
2004-07-16,1135441569.1307986
2004-07-19,1130354433.55
2004-07-20,1136930291.0250158
2004-07-21,1113713444.2100406
2004-07-22,1117943484.6898017
2004-07-23,1111265897.6675332
2004-07-26,1105213215.6356187
2004-07-27,1107486187.0271823
2004-07-28,1112420726.7537181
2004-07-29,1118098193.7858534
2004-07-30,1128280355.7423673
2004-08-02,1131576599.7193105
2004-08-03,1125470806.9421585
2004-08-04,1124608452.4515836
2004-08-05,1109717790.2455087
2004-08-06,1109084585.158648
2004-08-09,1106940227.5954294
2004-08-10,1116662620.7418811
2004-08-11,1118020355.1158197
2004-08-12,1107081400.8559825
2004-08-13,1111080173.7552962
2004-08-16,1121345991.2687192
2004-08-17,1132694885.787494
2004-08-18,1140472968.5366137
2004-08-19,1139838873.1320937
2004-08-20,1145462042.389403
2004-08-23,1138578923.203952
2004-08-24,1141084785.930503
2004-08-25,1148853167.3275435
2004-08-26,1153513048.7119825
2004-08-27,1155670144.8170996
2004-08-30,1150088433.955738
2004-08-31,1160919413.6973839
2004-09-01,1162787322.8684623
2004-09-02,1169554290.7089422
2004-09-03,1161588683.0952513
2004-09-07,1169791031.0891452
2004-09-08,1173406574.957496
2004-09-09,1170246647.4660249
2004-09-10,1178405848.9857392
2004-09-13,1184922025.0766914
2004-09-14,1187431148.3835351
2004-09-15,1177182244.3610954
2004-09-16,1187083137.9465578
2004-09-17,1187816023.000163
2004-09-20,1187398827.9988074
2004-09-21,1193179674.3404484
2004-09-22,1183207427.1201441
2004-09-23,1172788821.256609
2004-09-24,1177820657.9015393
2004-09-27,1173603821.3168583
2004-09-28,1177758048.362951
2004-09-29,1176097535.4567003
2004-09-30,1173906739.4070404
2004-10-01,1188649831.7687988
2004-10-04,1190913380.9865713
2004-10-05,1191411078.0083919
2004-10-06,1195486207.488345
2004-10-07,1180503344.2246857
2004-10-08,1180635869.557539
2004-10-11,1187204075.6547794
2004-10-12,1182515703.7295644
2004-10-13,1176361668.6442063
2004-10-14,1170981407.927928
2004-10-15,1173370615.1660852
2004-10-18,1179367860.3951957
2004-10-19,1169081602.2031746
2004-10-20,1171965644.6594982
2004-10-21,1177692260.197554
2004-10-22,1167835748.6322863
2004-10-25,1167702410.739442
2004-10-26,1182987688.1325028
2004-10-27,1189622588.0637422
2004-10-28,1194788301.7736435
2004-10-29,1197844876.7560115
2004-11-01,1195165356.5540402
2004-11-02,1198314535.632094
2004-11-03,1212607870.166816
2004-11-04,1228030259.2869656
2004-11-05,1226424296.785419
2004-11-08,1222799071.9018056
2004-11-09,1220554939.6711576
2004-11-10,1218908110.9515424
2004-11-11,1227707502.0597694
2004-11-12,1241812482.6042542
2004-11-15,1245264937.2668343
2004-11-16,1234985177.5794878
2004-11-17,1248558704.8922837
2004-11-18,1251069047.1155941
2004-11-19,1230532077.528837
2004-11-22,1237065699.8913784
2004-11-23,1237646641.6072972
2004-11-24,1241893465.2828841
2004-11-26,1236311253.2367651
2004-11-29,1223100582.8285663
2004-11-30,1222607051.4658132
2004-12-01,1235941347.5877845
2004-12-02,1234065075.4703794
2004-12-03,1245328203.025716
2004-12-06,1247053840.301997
2004-12-07,1235247109.7572565
2004-12-08,1251253422.883537
2004-12-09,1252509588.6641915
2004-12-10,1255507292.6754415
2004-12-13,1267013602.4818153
2004-12-14,1273407780.1038814
2004-12-15,1278708590.4268126
2004-12-16,1268258721.7248106
2004-12-17,1258133497.1667037
2004-12-20,1259761446.9067857
2004-12-21,1270955656.8027244
2004-12-22,1272502991.753348
2004-12-23,1271671115.241557
2004-12-27,1263605664.2086961
2004-12-28,1270174424.9345682
2004-12-29,1269369113.1994076
2004-12-30,1271579120.013317
2004-12-31,1270211094.3536444
2005-01-03,1266626517.9524984
2005-01-04,1243323345.0847676
2005-01-05,1236669159.8703108
2005-01-06,1243935307.0950632
2005-01-07,1240977687.9781628
2005-01-10,1246504451.7555163
2005-01-11,1240292059.9227836
2005-01-12,1246096974.488561
2005-01-13,1241000084.765944
2005-01-14,1246574111.7364998
2005-01-18,1258792035.1362312
2005-01-19,1246333365.9440114
2005-01-20,1240847913.7515683
2005-01-21,1235644359.2959297
2005-01-24,1232942263.2220778
2005-01-25,1231607772.6264277
2005-01-26,1235383395.4034376
2005-01-27,1235415894.968253
2005-01-28,1241649109.4344516
2005-01-31,1249519378.9037983
2005-02-01,1256316675.7015262
2005-02-02,1260043930.0319111
2005-02-03,1254623512.1138556
2005-02-04,1274075963.8586438
2005-02-07,1274742541.089321
2005-02-08,1277215592.3730676
2005-02-09,1273881796.345383
2005-02-10,1270260541.4003928
2005-02-11,1279187314.9271452
2005-02-14,1279711033.316262
2005-02-15,1282295969.907623
2005-02-16,1278343192.5075636
2005-02-17,1265111582.8433993
2005-02-18,1260206699.232353
2005-02-22,1241523068.8213775
2005-02-23,1250972791.7130506
2005-02-24,1256980002.501055
2005-02-25,1270959204.4121468
2005-02-28,1254398863.0885108
2005-03-01,1260483373.2318492
2005-03-02,1259528705.1401567
2005-03-03,1259126482.659476
2005-03-04,1280322616.460987
2005-03-07,1281061321.215355
2005-03-08,1270196433.6726708
2005-03-09,1246339714.211312
2005-03-10,1251172278.047182
2005-03-11,1237018467.1387222
2005-03-14,1247511299.034266
2005-03-15,1234683380.6529522
2005-03-16,1226841863.6219575
2005-03-17,1233835452.860443
2005-03-18,1226942741.684181
2005-03-21,1220751666.3231256
2005-03-22,1199255266.7696273
2005-03-23,1202839722.0056694
2005-03-24,1205108714.462416
2005-03-28,1202779735.5176966
2005-03-29,1199531732.673095
2005-03-30,1219018365.3778992
2005-03-31,1222470687.4012804
2005-04-01,1219274760.8186162
2005-04-04,1220583012.5383985
2005-04-05,1226295969.943223
2005-04-06,1233891964.5932877
2005-04-07,1235544941.8310475
2005-04-08,1223979014.0092633
2005-04-11,1228379052.809269
2005-04-12,1240870519.350132
2005-04-13,1226910231.7051687
2005-04-14,1214215613.570173
2005-04-15,1205337805.9850388
2005-04-18,1206188764.8150334
2005-04-19,1222331791.5788786
2005-04-20,1204374018.9093993
2005-04-21,1218969773.0411315
2005-04-22,1219271200.890349
2005-04-25,1227129372.996581
2005-04-26,1214418749.8002324
2005-04-27,1222691183.5254982
2005-04-28,1214516386.9002998
2005-04-29,1226395461.9910843
2005-05-02,1234318853.4685452
2005-05-03,1237805711.1946647
2005-05-04,1246868421.2481685
2005-05-05,1250181064.9521441
2005-05-06,1237208266.293922
2005-05-09,1244580057.8294652
2005-05-10,1235867331.6959767
2005-05-11,1244035036.4100704
2005-05-12,1231374306.160146
2005-05-13,1231928566.4875119
2005-05-16,1243300210.97634
2005-05-17,1252933101.2529972
2005-05-18,1269536645.2068543
2005-05-19,1270778805.1463995
2005-05-20,1268644130.225539
2005-05-23,1281203894.9499807
2005-05-24,1281436725.3677623
2005-05-25,1275447483.4057565
2005-05-26,1282760385.4549408
2005-05-27,1286019426.9412684
2005-05-31,1284376878.1227052
2005-06-01,1302852336.322149
2005-06-02,1304969259.179494
2005-06-03,1291022075.383234
2005-06-06,1293059364.7286263
2005-06-07,1297492737.3317738
2005-06-08,1292631429.9091563
2005-06-09,1297725634.3247828
2005-06-10,1286477937.3418593
2005-06-13,1286877009.7313743
2005-06-14,1288143958.0282855
2005-06-15,1289928422.38153
2005-06-16,1297051874.9225304
2005-06-17,1300116672.6708784
2005-06-20,1298404432.3945613
2005-06-21,1302986630.9902472
2005-06-22,1313518999.4534838
2005-06-23,1293858515.8969638
2005-06-24,1287413750.6138916
2005-06-27,1290041792.2625167
2005-06-28,1295038701.5166237
2005-06-29,1291003071.320733
2005-06-30,1288330575.5337703
2005-07-01,1280869082.02598
2005-07-05,1285622544.8561323
2005-07-06,1277404984.3046365
2005-07-07,1285179698.03402
2005-07-08,1294886607.8562586
2005-07-11,1300655634.9219983
2005-07-12,1300539727.7828658
2005-07-13,1300927501.6366122
2005-07-14,1304146118.4237525
2005-07-15,1303494621.278755
2005-07-18,1295964340.7592425
2005-07-19,1304678746.0943558
2005-07-20,1311345306.0601158
2005-07-21,1293975369.9561098
2005-07-22,1308505769.018629
2005-07-25,1302321477.9515674
2005-07-26,1304594221.7168562
2005-07-27,1307298514.051547
2005-07-28,1320936566.57504
2005-07-29,1304261475.068265
2005-08-01,1300500325.2327602
2005-08-02,1306849720.3343334
2005-08-03,1313338412.8005223
2005-08-04,1301650628.9646096
2005-08-05,1285658593.780634
2005-08-08,1279646200.4431953
2005-08-09,1290805475.8848143
2005-08-10,1289349640.688595
2005-08-11,1299721660.4514136
2005-08-12,1296705861.4935582
2005-08-15,1302765716.1697133
2005-08-16,1291757929.7216318
2005-08-17,1286509541.1596394
2005-08-18,1292946051.4738257
2005-08-19,1294903775.1126971
2005-08-22,1295727961.46069
2005-08-23,1295492524.945127
2005-08-24,1284496764.9095075
2005-08-25,1289610370.2916617
2005-08-26,1278341252.79455
2005-08-29,1288729259.3494725
2005-08-30,1287886936.3546486
2005-08-31,1312051648.064342
2005-09-01,1312147701.7822316
2005-09-02,1309934401.136626
2005-09-06,1320618014.246757
2005-09-07,1318399911.2609897
2005-09-08,1313903659.7112458
2005-09-09,1326215743.4148633
2005-09-12,1319325777.1942675
2005-09-13,1315836757.812055
2005-09-14,1308218762.7579508
2005-09-15,1303448683.6377761
2005-09-16,1307355508.639786
2005-09-19,1305428312.2296011
2005-09-20,1293237422.1121283
2005-09-21,1287022922.3696277
2005-09-22,1292216722.753461
2005-09-23,1285940332.059214
2005-09-26,1283829086.8329856
2005-09-27,1284044467.4911015
2005-09-28,1287659870.2574055
2005-09-29,1294942235.1765828
2005-09-30,1295064341.6217449
2005-10-03,1285290178.6501133
2005-10-04,1271210728.8910482
2005-10-05,1257353624.3849747
2005-10-06,1250974802.8516395
2005-10-07,1256683615.1991498
2005-10-10,1246173633.896058
2005-10-11,1241794583.84519
2005-10-12,1227089040.6063898
2005-10-13,1224214749.3401055
2005-10-14,1236914531.194413
2005-10-17,1239805361.4578443
2005-10-18,1227891234.554868
2005-10-19,1249561701.296803
2005-10-20,1228068545.0387099
2005-10-21,1238044782.3046055
2005-10-24,1251671323.2237043
2005-10-25,1243239397.5983577
2005-10-26,1234641569.7786427
2005-10-27,1224091083.6010966
2005-10-28,1240114728.3000515
2005-10-31,1244178654.576308
2005-11-01,1246900409.6870444
2005-11-02,1259307100.1649451
2005-11-03,1264659970.2706578
2005-11-04,1262980361.2102983
2005-11-07,1264196604.3926651
2005-11-08,1264171522.2510266
2005-11-09,1265800962.6049309
2005-11-10,1275601299.2832248
2005-11-11,1279920057.4920464
2005-11-14,1279170920.027804
2005-11-15,1274490942.8927922
2005-11-16,1277050957.0708582
2005-11-17,1288920068.3657186
2005-11-18,1293962496.2851849
2005-11-21,1300452616.445023
2005-11-22,1306011688.8358517
2005-11-23,1313535899.06555
2005-11-25,1314412145.7561777
2005-11-28,1305078214.6481674
2005-11-29,1303603981.2751071
2005-11-30,1296545201.1961448
2005-12-01,1309758467.9975243
2005-12-02,1311387140.7037203
2005-12-05,1308567814.0207188
2005-12-06,1311023993.1951213
2005-12-07,1303344623.184243
2005-12-08,1302491157.397513
2005-12-09,1305878361.4427226
2005-12-12,1307093856.8371854
2005-12-13,1315961996.2184775
2005-12-14,1321106984.377479
2005-12-15,1317254013.7925096
2005-12-16,1312985587.543905
2005-12-19,1306201206.2138603
2005-12-20,1307422182.8293223
2005-12-21,1309475794.165058
2005-12-22,1316312410.2205195
2005-12-23,1317013992.3734143
2005-12-27,1303574860.623755
2005-12-28,1306459816.5772643
2005-12-29,1300611503.612602
2005-12-30,1293514877.7974565
2006-01-03,1316259383.520673
2006-01-04,1323923856.6736326
2006-01-05,1324806278.8245094
2006-01-06,1333836326.9217777
2006-01-09,1337626141.848486
2006-01-10,1333383917.3905873
2006-01-11,1334064755.4400082
2006-01-12,1333244175.8250837
2006-01-13,1337549603.022012
2006-01-17,1335205368.8763337
2006-01-18,1330104694.3319168
2006-01-19,1331654219.7785711
2006-01-20,1309266158.8350828
2006-01-23,1313359038.6282372
2006-01-24,1312261193.2985873
2006-01-25,1305014879.9818223
2006-01-26,1309131151.4112594
2006-01-27,1321927365.002826
2006-01-30,1317804112.048322
2006-01-31,1309755045.2140772
2006-02-01,1314598362.3657885
2006-02-02,1299065403.5404232
2006-02-03,1296260921.8645608
2006-02-06,1297493449.139987
2006-02-07,1284190576.1778524
2006-02-08,1294805092.9177895
2006-02-09,1293624790.5277297
2006-02-10,1291992623.4653935
2006-02-13,1289365527.141288
2006-02-14,1300938570.7484586
2006-02-15,1307608955.4601293
2006-02-16,1316537592.5509062
2006-02-17,1317038490.8490336
2006-02-21,1311943206.4787464
2006-02-22,1324459129.4080472
2006-02-23,1318754475.9886625
2006-02-24,1320247214.8010824
2006-02-27,1317921784.7100196
2006-02-28,1310378402.7570977
2006-03-01,1319110149.6004121
2006-03-02,1318325521.1568997
2006-03-03,1312191819.458644
2006-03-06,1306159715.9969473
2006-03-07,1304098130.5208259
2006-03-08,1306821202.7951567
2006-03-09,1298040735.277169
2006-03-10,1310332715.0532746
2006-03-13,1312750641.3861055
2006-03-14,1326467343.2457767
2006-03-15,1332345569.9658303
2006-03-16,1335068390.8397672
2006-03-17,1336155738.8724086
2006-03-20,1333983820.5874114
2006-03-21,1325576304.0241919
2006-03-22,1333624127.51271
2006-03-23,1330838626.0077124
2006-03-24,1331834564.2623475
2006-03-27,1329865893.6327746
2006-03-28,1321663420.7706196
2006-03-29,1329916283.1899357
2006-03-30,1327539456.355831
2006-03-31,1327820108.5678058
2006-04-03,1326771807.991374
2006-04-04,1335228639.6634517
2006-04-05,1339801300.8230886
2006-04-06,1338343781.2279673
2006-04-07,1324724408.1834135
2006-04-10,1326742884.0579722
2006-04-11,1315473908.352729
2006-04-12,1317900848.554134
2006-04-13,1316137716.7783995
2006-04-17,1315600276.5285947
2006-04-18,1336424039.0732965
2006-04-19,1338952475.9225833
2006-04-20,1340765644.7281127
2006-04-21,1340943470.611747
2006-04-24,1338464076.635787
2006-04-25,1332918662.236306
2006-04-26,1333199685.9399025
2006-04-27,1339612040.8662803
2006-04-28,1344082264.4865053
2006-05-01,1333120250.6892772
2006-05-02,1343109667.4286656
2006-05-03,1338074240.1433897
2006-05-04,1342851957.4795408
2006-05-05,1354681006.6838145
2006-05-08,1353018545.6858096
2006-05-09,1355649300.724485
2006-05-10,1354907011.6629496
2006-05-11,1338527485.308032
2006-05-12,1321023987.3436127
2006-05-15,1323655467.7197773
2006-05-16,1321687455.5225897
2006-05-17,1296518888.336488
2006-05-18,1289952081.5587711
2006-05-19,1299022758.4385145
2006-05-22,1289083355.1987817
2006-05-23,1279246413.6160808
2006-05-24,1289440566.095198
2006-05-25,1305230276.3964627
2006-05-26,1311847251.0874746
2006-05-30,1288518540.2212782
2006-05-31,1302904280.2610648
2006-06-01,1315346831.2988963
2006-06-02,1318080262.4210706
2006-06-05,1298839943.2834585
2006-06-06,1295646325.1802313
2006-06-07,1285910769.1242628
2006-06-08,1284760652.7580533
2006-06-09,1280647433.6318705
2006-06-12,1266722139.5490158
2006-06-13,1251979297.4312317
2006-06-14,1261663779.8530905
2006-06-15,1288415737.3963947
2006-06-16,1278997223.0952883
2006-06-19,1268911492.2866616
2006-06-20,1273198163.9746253
2006-06-21,1282616680.3636103
2006-06-22,1276944996.937824
2006-06-23,1276714413.3396614
2006-06-26,1282334462.2
2006-06-27,1271222446.103043
2006-06-28,1279820115.289285
2006-06-29,1305663379.9092727
2006-06-30,1305740358.2117724
2006-07-03,1311052206.0705254
2006-07-05,1303532421.2588143
2006-07-06,1307304071.9716902
2006-07-07,1298757490.7809598
2006-07-10,1301195892.2136495
2006-07-11,1306918120.3432884
2006-07-12,1292930985.0761147
2006-07-13,1271860963.2247534
2006-07-14,1266907770.747631
2006-07-17,1265034347.4885712
2006-07-18,1271476975.5653663
2006-07-19,1289107930.509698
2006-07-20,1280253612.6017654
2006-07-21,1271194475.091892
2006-07-24,1294369245.822571
2006-07-25,1298962760.0139203
2006-07-26,1300682052.0247495
2006-07-27,1299423783.6656804
2006-07-28,1312434686.4146674
2006-07-31,1311074016.6358654
2006-08-01,1304580419.9373417
2006-08-02,1313568750.2583373
2006-08-03,1317073591.2256198
2006-08-04,1320931140.8392584
2006-08-07,1315801360.1223514
2006-08-08,1310636283.5783646
2006-08-09,1305288106.0865946
2006-08-10,1309306851.3678167
2006-08-11,1301167032.861585
2006-08-14,1299642218.8996747
2006-08-15,1321133705.2628891
2006-08-16,1337186592.0785775
2006-08-17,1339902309.6726494
2006-08-18,1349941679.4317122
2006-08-21,1345538978.4381638
2006-08-22,1345615113.9983861
2006-08-23,1340330041.6198325
2006-08-24,1340198727.343548
2006-08-25,1343315519.0892599
2006-08-28,1348913586.7531712
2006-08-29,1351285986.4491746
2006-08-30,1353429812.447984
2006-08-31,1354711528.9659657
2006-09-01,1364373798.7292829
2006-09-05,1362232796.0988522
2006-09-06,1349086717.8515432
2006-09-07,1343634655.7422984
2006-09-08,1348427288.491368
2006-09-11,1347003591.656395
2006-09-12,1363563616.8287544
2006-09-13,1369990285.422262
2006-09-14,1367179995.3611002
2006-09-15,1369233652.06301
2006-09-18,1368814011.7174537
2006-09-19,1373165624.4519417
2006-09-20,1380380143.0994554
2006-09-21,1383097629.5705893
2006-09-22,1382825153.654962
2006-09-25,1397534094.9474678
2006-09-26,1405067362.6221583
2006-09-27,1406076173.5869143
2006-09-28,1403934570.1246643
2006-09-29,1401005674.3613591
2006-10-02,1398003793.1703062
2006-10-03,1400409602.5327635
2006-10-04,1422448422.6632607
2006-10-05,1419833605.215744
2006-10-06,1410048311.037641
2006-10-09,1412284117.779749
2006-10-10,1405157027.62601
2006-10-11,1401471303.9401238
2006-10-12,1414021955.99992
2006-10-13,1414895662.3933284
2006-10-16,1419133909.5489638
2006-10-17,1415937263.5786953
2006-10-18,1417119989.5764096
2006-10-19,1417857254.9979608
2006-10-20,1417499063.091877
2006-10-23,1419700939.5336273
2006-10-24,1425478939.2655303
2006-10-25,1435138370.916967
2006-10-26,1444015134.2589395
2006-10-27,1439346312.2875857
2006-10-30,1438673399.4477706
2006-10-31,1444399068.4072645
2006-11-01,1439512084.0348148
2006-11-02,1434379394.9216707
2006-11-03,1420632269.3183794
2006-11-06,1437485632.0934289
2006-11-07,1447422527.6147187
2006-11-08,1453261765.5496979
2006-11-09,1445272221.4087903
2006-11-10,1448633119.7248917
2006-11-13,1451123152.1987743
2006-11-14,1464373165.028745
2006-11-15,1464073518.2908094
2006-11-16,1463724905.6238542
2006-11-17,1469127862.0772512
2006-11-20,1470498703.4686346
2006-11-21,1473720602.361064
2006-11-22,1478550715.8818395
2006-11-24,1473948226.5280526
2006-11-27,1454914230.165612
2006-11-28,1463389378.022741
2006-11-29,1476191906.8743196
2006-11-30,1484221775.541745
2006-12-01,1484110366.7259846
2006-12-04,1494598053.885029
2006-12-05,1498614569.926535
2006-12-06,1494782664.5350652
2006-12-07,1487561446.0604727
2006-12-08,1483227746.7289922
2006-12-11,1491715658.1036952
2006-12-12,1492904125.3253078
2006-12-13,1486566419.6266012
2006-12-14,1496769619.3852537
2006-12-15,1496931147.1148858
2006-12-18,1493283860.8991306
2006-12-19,1495385698.824133
2006-12-20,1493874570.8970728
2006-12-21,1493505116.9103832
2006-12-22,1477479057.3499234
2006-12-26,1486786047.7879531
2006-12-27,1492116279.7043536
2006-12-28,1485279195.728023
2006-12-29,1478129932.1663976
2007-01-03,1479532851.8731203
2007-01-04,1487671601.7885394
2007-01-05,1470856863.3938487
2007-01-08,1478304832.712649
2007-01-09,1476369538.0732434
2007-01-10,1478376729.800654
2007-01-11,1480485437.4765518
2007-01-12,1488227096.4104824
2007-01-16,1487889798.9172492
2007-01-17,1485274726.8623576
2007-01-18,1481967474.1204727
2007-01-19,1482165940.5108273
2007-01-22,1479976308.5152125
2007-01-23,1479655721.610387
2007-01-24,1491365992.377368
2007-01-25,1467786450.3225594
2007-01-26,1465910719.345898
2007-01-29,1463667203.1492355
2007-01-30,1472380497.1403978
2007-01-31,1487293028.2959871
2007-02-01,1494761958.439419
2007-02-02,1497732647.894679
2007-02-05,1499407991.196188
2007-02-06,1503572263.9266362
2007-02-07,1509790629.0375397
2007-02-08,1507849018.9518209
2007-02-09,1491813304.8141272
2007-02-12,1484412247.7075365
2007-02-13,1495442448.7944002
2007-02-14,1513409460.8477352
2007-02-15,1517356796.0043738
2007-02-16,1517903551.8139284
2007-02-20,1522539768.397366
2007-02-21,1521360803.548747
2007-02-22,1516004980.0212872
2007-02-23,1515540558.1589117
2007-02-26,1518597200.162341
2007-02-27,1472542944.515887
2007-02-28,1481744551.294579
2007-03-01,1478427948.4099176
2007-03-02,1464001810.1228902
2007-03-05,1450925771.912293
2007-03-06,1472881410.3506248
2007-03-07,1473737088.8501356
2007-03-08,1485390273.2021909
2007-03-09,1477245045.8262925
2007-03-12,1483136970.9305432
2007-03-13,1461081037.126957
2007-03-14,1469442247.9377666
2007-03-15,1469495699.9188063
2007-03-16,1464966786.0644867
2007-03-19,1479979405.5535831
2007-03-20,1489725123.1430743
2007-03-21,1515499454.81831
2007-03-22,1508922709.0018544
2007-03-23,1508380565.0576649
2007-03-26,1507347845.0524945
2007-03-27,1503121647.1883128
2007-03-28,1491835377.4785948
2007-03-29,1490885264.4498181
2007-03-30,1489064128.9512434
2007-04-02,1492039284.9417195
2007-04-03,1506265770.7115147
2007-04-04,1509928754.2411141
2007-04-05,1509840569.735769
2007-04-09,1504694900.6555743
2007-04-10,1509211006.9637299
2007-04-11,1500948561.6720474
2007-04-12,1508685135.6139355
2007-04-13,1512624697.4076917
2007-04-16,1528199434.7726853
2007-04-17,1538264194.2243736
2007-04-18,1543222844.3646264
2007-04-19,1542252044.3697958
2007-04-20,1554606516.4485714
2007-04-23,1551633772.3335598
2007-04-24,1554880733.2249455
2007-04-25,1567678829.0710201
2007-04-26,1564638711.856193
2007-04-27,1563050975.1821117
2007-04-30,1556593771.7862785
2007-05-01,1560258392.8962915
2007-05-02,1567056689.5649083
2007-05-03,1573418069.7422278
2007-05-04,1582890155.114149
2007-05-07,1584159776.829744
2007-05-08,1581748924.6217184
2007-05-09,1580640625.2828836
2007-05-10,1567870472.7850225
2007-05-11,1577610804.4255378
2007-05-14,1571617551.7672236
2007-05-15,1571504364.0003517
2007-05-16,1580887160.334583
2007-05-17,1573326092.1597977
2007-05-18,1582121919.6018233
2007-05-21,1583028418.667935
2007-05-22,1577097144.6786742
2007-05-23,1573920816.1046357
2007-05-24,1561386095.499557
2007-05-25,1565515020.6506784
2007-05-29,1567612090.6244192
2007-05-30,1581557420.0718057
2007-05-31,1578997741.367252
2007-06-01,1579740809.1979513
2007-06-04,1582109554.8592052
2007-06-05,1570470303.1291358
2007-06-06,1554009477.2081714
2007-06-07,1510091975.5183759
2007-06-08,1532195297.1865432
2007-06-11,1530553232.1305156
2007-06-12,1502758586.1255028
2007-06-13,1529824275.6379862
2007-06-14,1539617114.650172
2007-06-15,1554609721.7702546
2007-06-18,1551656310.3080766
2007-06-19,1562715190.0107224
2007-06-20,1535898931.350328
2007-06-21,1542118354.6483514
2007-06-22,1531961879.7430198
2007-06-25,1529328099.914225
2007-06-26,1513840985.3917718
2007-06-27,1534594147.4512649
2007-06-28,1533126039.1778839
2007-06-29,1541187534.4698577
2007-07-02,1556862729.3239856
2007-07-03,1557419180.998956
2007-07-05,1546751535.3060086
2007-07-06,1550797812.000722
2007-07-09,1557271762.4932075
2007-07-10,1545529535.0672808
2007-07-11,1550656501.402628
2007-07-12,1570111972.6865134
2007-07-13,1577862923.8837342
2007-07-16,1583447144.6988916
2007-07-17,1579058845.4657812
2007-07-18,1581427763.625733
2007-07-19,1586943159.31255
2007-07-20,1578572088.1506834
2007-07-23,1582373168.2561162
2007-07-24,1559370304.6664565
2007-07-25,1564273606.5334141
2007-07-26,1540281403.6291466
2007-07-27,1512614472.334061
2007-07-30,1532027872.1998003
2007-07-31,1520668062.8288836
2007-08-01,1523530928.2687018
2007-08-02,1536471383.156245
2007-08-03,1506341636.089904
2007-08-06,1525070518.4838681
2007-08-07,1540781197.7575796
2007-08-08,1551414767.3378
2007-08-09,1513404250.6318328
2007-08-10,1503801248.4731488
2007-08-13,1511252785.076921
2007-08-14,1493341039.7266197
2007-08-15,1475296807.9501657
2007-08-16,1491744738.7080023
2007-08-17,1519661698.686024
2007-08-20,1521897907.5952427
2007-08-21,1531204937.646992
2007-08-22,1543901622.1476068
2007-08-23,1542817932.831616
2007-08-24,1561871643.6806207
2007-08-27,1551405925.103608
2007-08-28,1525189995.6378143
2007-08-29,1548318111.2677944
2007-08-30,1551756441.5713878
2007-08-31,1566795613.0322952
2007-09-04,1579084754.6040554
2007-09-05,1574992915.100633
2007-09-06,1574920979.750264
2007-09-07,1569774194.5779054
2007-09-10,1569881964.938578
2007-09-11,1584610250.2233348
2007-09-12,1584443158.3822515
2007-09-13,1585922523.7722044
2007-09-14,1587575813.7437263
2007-09-17,1579684643.215813
2007-09-18,1624128497.7034307
2007-09-19,1627784351.214339
2007-09-20,1598073204.651009
2007-09-21,1610156237.8090172
2007-09-24,1609007531.4503403
2007-09-25,1605743646.6480355
2007-09-26,1614462197.9396546
2007-09-27,1628805675.630852
2007-09-28,1623703255.3718789
2007-10-01,1643442424.8171053
2007-10-02,1644424817.8430066
2007-10-03,1639671328.662057
2007-10-04,1644835385.8812559
2007-10-05,1649346583.3598561
2007-10-08,1646230003.3004806
2007-10-09,1656167212.4858894
2007-10-10,1654694584.1067986
2007-10-11,1646663654.6199117
2007-10-12,1649856436.1627743
2007-10-15,1637190085.4118295
2007-10-16,1628415831.304613
2007-10-17,1643061912.958644
2007-10-18,1643074654.2351117
2007-10-19,1614277410.0096753
2007-10-22,1620103386.5987165
2007-10-23,1632282918.5099611
2007-10-24,1637234269.2476752
2007-10-25,1639405998.5388422
2007-10-26,1653893819.1544206
2007-10-29,1660300481.0403833
2007-10-30,1650426352.083284
2007-10-31,1656068079.3808892
2007-11-01,1630833103.4095252
2007-11-02,1636713749.1755404
2007-11-05,1622414941.7303562
2007-11-06,1640582394.7647069
2007-11-07,1602340936.7104993
2007-11-08,1597759890.8190353
2007-11-09,1585797726.071308
2007-11-12,1572532812.7162633
2007-11-13,1612065951.7419593
2007-11-14,1608420884.6148157
2007-11-15,1593722829.1519845
2007-11-16,1596188790.6742954
2007-11-19,1585023958.8169777
2007-11-20,1590246826.1794057
2007-11-21,1569923762.2884045
2007-11-23,1591803550.8510425
2007-11-26,1578115663.7010863
2007-11-27,1580557131.5225508
2007-11-28,1624496778.9688666
2007-11-29,1633777100.0465856
2007-11-30,1651873862.749812
2007-12-03,1647408797.3837423
2007-12-04,1634234643.8214219
2007-12-05,1654559589.3625183
2007-12-06,1668899781.4246316
2007-12-07,1657642770.498976
2007-12-10,1666316254.6053016
2007-12-11,1643321247.9389544
2007-12-12,1645217487.0486453
2007-12-13,1629330043.6587262
2007-12-14,1603678403.7711058
2007-12-17,1590068351.4285724
2007-12-18,1601775857.3516812
2007-12-19,1614199296.7940218
2007-12-20,1621449618.014291
2007-12-21,1632834824.5195863
2007-12-24,1640019812.1633172
2007-12-26,1635675545.4384077
2007-12-27,1625549314.4144876
2007-12-28,1634016875.8049603
2007-12-31,1629325977.7956579
2008-01-02,1626644097.961854
2008-01-03,1629143982.3389175
2008-01-04,1633352851.6787548
2008-01-07,1636258147.6077907
2008-01-08,1639706762.7720559
2008-01-09,1637120389.0083826
2008-01-10,1632710444.1609917
2008-01-11,1642978211.2712338
2008-01-14,1643675882.485098
2008-01-15,1654190158.9608052
2008-01-16,1650978632.358105
2008-01-17,1664338331.626709
2008-01-18,1661916684.8867838
2008-01-22,1680291718.1245515
2008-01-23,1672669177.4327273
2008-01-24,1657753661.7509563
2008-01-25,1673052701.395693
2008-01-28,1667004109.0946312
2008-01-29,1660382566.8612468
2008-01-30,1659612430.2907062
2008-01-31,1668107845.6168249
2008-02-01,1673433406.4857543
2008-02-04,1664252500.4849303
2008-02-05,1675849785.0376465
2008-02-06,1672897327.2000964
2008-02-07,1654384421.6385293
2008-02-08,1668319529.4515212
2008-02-11,1671964292.31924
2008-02-12,1668454020.7192001
2008-02-13,1661431990.046776
2008-02-14,1652330490.443079
2008-02-15,1655858162.2026577
2008-02-19,1643904115.1572933
2008-02-20,1642357589.5519433
2008-02-21,1659551281.7080264
2008-02-22,1654870882.5396152
2008-02-25,1643825525.4258928
2008-02-26,1647712868.083386
2008-02-27,1651573592.4179578
2008-02-28,1670745922.5917795
2008-02-29,1688120655.7801218
2008-03-03,1683755987.4158094
2008-03-04,1677361627.940355
2008-03-05,1669967236.3551226
2008-03-06,1683622168.512799
2008-03-07,1689411878.8692133
2008-03-10,1701515958.7927744
2008-03-11,1683220276.192426
2008-03-12,1702714638.5730047
2008-03-13,1693818719.7051768
2008-03-14,1711293641.7785673
2008-03-17,1719690890.777311
2008-03-18,1708227761.7246733
2008-03-19,1722727808.6414406
2008-03-20,1726327000.48139
2008-03-24,1695853031.7747507
2008-03-25,1701960460.454281
2008-03-26,1703259702.848112
2008-03-27,1700935479.4176705
2008-03-28,1707788218.7667584
2008-03-31,1710789572.5502288
2008-04-01,1695577146.3544807
2008-04-02,1689756238.4787662
2008-04-03,1689693390.351994
2008-04-04,1702582000.2107124
2008-04-07,1691459453.4360251
2008-04-08,1691612062.3012404
2008-04-09,1701666549.8111265
2008-04-10,1694977579.720815
2008-04-11,1702204568.9298148
2008-04-14,1697921607.885898
2008-04-15,1690278766.5165246
2008-04-16,1678830586.7932
2008-04-17,1674818229.3435953
2008-04-18,1673072007.7262046
2008-04-21,1673226530.0527685
2008-04-22,1674523630.5153184
2008-04-23,1672776929.4748344
2008-04-24,1659399670.0509732
2008-04-25,1657096193.4355447
2008-04-28,1660065887.7233696
2008-04-29,1663024066.8111975
2008-04-30,1668212882.9016826
2008-05-01,1667995494.8177142
2008-05-02,1654578210.3193614
2008-05-05,1656995169.9305222
2008-05-06,1651697714.206883
2008-05-07,1658282787.8203452
2008-05-08,1668953791.4941952
2008-05-09,1670780746.1649055
2008-05-12,1667966691.664123
2008-05-13,1654178920.1709852
2008-05-14,1653580098.6317077
2008-05-15,1662796954.643493
2008-05-16,1659960411.1165335
2008-05-19,1663675918.3042688
2008-05-20,1668688360.421373
2008-05-21,1664755472.5644388
2008-05-22,1653906230.8539855
2008-05-23,1661232905.0853498
2008-05-27,1652963437.9292612
2008-05-28,1640433684.2871985
2008-05-29,1632539762.8166015
2008-05-30,1638100068.1089566
2008-06-02,1648035943.036922
2008-06-03,1656787209.9203172
2008-06-04,1650691827.3860903
2008-06-05,1641885513.7697604
2008-06-06,1656475340.2067747
2008-06-09,1644491941.5996997
2008-06-10,1634481659.2975879
2008-06-11,1636189641.3598852
2008-06-12,1621446690.8151374
2008-06-13,1617614918.6281178
2008-06-16,1617772072.7088537
2008-06-17,1623214735.6918392
2008-06-18,1632018804.0785897
2008-06-19,1622670819.1873627
2008-06-20,1630158130.7925897
2008-06-23,1629380689.9913185
2008-06-24,1637948818.0711162
2008-06-25,1637734089.8978794
2008-06-26,1646785636.7787945
2008-06-27,1654661839.921641
2008-06-30,1655732245.2491636
2008-07-01,1651209510.0333605
2008-07-02,1655152816.4920545
2008-07-03,1655686889.2773807
2008-07-07,1663387945.568823
2008-07-08,1667479056.5160725
2008-07-09,1675283939.4047616
2008-07-10,1675809139.574328
2008-07-11,1660429541.644484
2008-07-14,1669225633.3256762
2008-07-15,1675157773.2877498
2008-07-16,1660112420.364451
2008-07-17,1652183402.0094213
2008-07-18,1646457907.3336918
2008-07-21,1650238266.2712998
2008-07-22,1644500387.070346
2008-07-23,1641786669.75342
2008-07-24,1656137327.290037
2008-07-25,1646467398.7410185
2008-07-28,1655981168.9105275
2008-07-29,1651216786.6164691
2008-07-30,1654414941.7835715
2008-07-31,1667648231.7772033
2008-08-01,1668443005.28156
2008-08-04,1667286418.3829234
2008-08-05,1658798693.5212004
2008-08-06,1659333676.1261232
2008-08-07,1674841764.550332
2008-08-08,1674065209.6970685
2008-08-11,1666001935.370241
2008-08-12,1677446987.1375952
2008-08-13,1673879541.5004354
2008-08-14,1678892392.853868
2008-08-15,1684992270.2674496
2008-08-18,1689023771.3293915
2008-08-19,1686604004.8229504
2008-08-20,1691366385.8664145
2008-08-21,1687710216.1249406
2008-08-22,1682729953.6304069
2008-08-25,1693966506.9450688
2008-08-26,1694330806.3638835
2008-08-27,1696757695.713071
2008-08-28,1694269892.1782346
2008-08-29,1692154328.6988351
2008-09-02,1701360828.6748252
2008-09-03,1705478549.1276488
2008-09-04,1713903217.4927955
2008-09-05,1710144614.1179655
2008-09-08,1710299404.6161966
2008-09-09,1717931892.214463
2008-09-10,1713629157.5820692
2008-09-11,1710614568.163118
2008-09-12,1702181141.7328808
2008-09-15,1734580187.932137
2008-09-16,1729573594.7247028
2008-09-17,1745163904.2193832
2008-09-18,1724804662.4956865
2008-09-19,1693725078.0723574
2008-09-22,1690050483.3610437
2008-09-23,1690016547.2519526
2008-09-24,1694372288.6310306
2008-09-25,1689211175.793093
2008-09-26,1688028081.3580709
2008-09-29,1711694915.657929
2008-09-30,1689490506.734107
2008-10-01,1701436207.0142863
2008-10-02,1710884014.8200903
2008-10-03,1717228920.845518
2008-10-06,1730817217.5442095
2008-10-07,1729417104.8609228
2008-10-08,1707244677.6539268
2008-10-09,1689622652.1574693
2008-10-10,1669746972.989145
2008-10-13,1658123251.0590503
2008-10-14,1650112199.2674189
2008-10-15,1663569448.7944157
2008-10-16,1663912842.6999576
2008-10-17,1674218447.47065
2008-10-20,1675868980.3783176
2008-10-21,1693127932.5908353
2008-10-22,1706000402.4001665
2008-10-23,1708221303.0079741
2008-10-24,1701066750.9808073
2008-10-27,1700086718.897355
2008-10-28,1686388196.058526
2008-10-29,1688852500.0612495
2008-10-30,1675740014.6879795
2008-10-31,1672202334.452001
2008-11-03,1674907276.5625563
2008-11-04,1695340340.2866445
2008-11-05,1704293473.5702953
2008-11-06,1699145020.8009624
2008-11-07,1693022839.3759065
2008-11-10,1694714483.9344578
2008-11-11,1700997564.798793
2008-11-12,1711447928.5365627
2008-11-13,1699140897.9108245
2008-11-14,1715921296.0722911
2008-11-17,1723035036.819596
2008-11-18,1736086851.809
2008-11-19,1754735277.4177914
2008-11-20,1789395317.4085605
2008-11-21,1772900707.9563556
2008-11-24,1756045578.063046
2008-11-25,1786674911.249888
2008-11-26,1797388381.496612
2008-11-28,1800893518.7260833
2008-12-01,1824539910.9943137
2008-12-02,1834029513.1830857
2008-12-03,1836843380.9296694
2008-12-04,1848184760.4693573
2008-12-05,1829040206.3151584
2008-12-08,1822147079.302845
2008-12-09,1837674659.8261323
2008-12-10,1835932848.625164
2008-12-11,1846913540.1304934
2008-12-12,1851962348.271086
2008-12-15,1855861891.3642004
2008-12-16,1884531730.6331754
2008-12-17,1897264916.7964423
2008-12-18,1909852808.8023686
2008-12-19,1903677033.514708
2008-12-22,1898775667.3014002
2008-12-23,1897799997.9388306
2008-12-24,1895880338.1723928
2008-12-26,1905834574.436169
2008-12-29,1909912704.0228992
2008-12-30,1912496643.4627402
2008-12-31,1891921268.7950087
2009-01-02,1865078328.3353803
2009-01-05,1861726047.6717246
2009-01-06,1860513752.5736034
2009-01-07,1860868744.6712668
2009-01-08,1865925125.823286
2009-01-09,1874659896.045241
2009-01-12,1886432714.6244755
2009-01-13,1887735372.1967268
2009-01-14,1898223200.7448695
2009-01-15,1896668466.9655502
2009-01-16,1879390533.5016696
2009-01-20,1876466472.292356
2009-01-21,1859623424.105496
2009-01-22,1847013672.825396
2009-01-23,1847329754.5480723
2009-01-26,1842678632.5091043
2009-01-27,1854815024.0342238
2009-01-28,1842941745.0211787
2009-01-29,1818744056.7163496
2009-01-30,1817915643.9899926
2009-02-02,1833046556.949954
2009-02-03,1816990588.1528673
2009-02-04,1807687934.8640888
2009-02-05,1811918979.2145436
2009-02-06,1800845734.0842545
2009-02-09,1797090516.433582
2009-02-10,1821599766.054796
2009-02-11,1835588584.3295784
2009-02-12,1834984457.4682226
2009-02-13,1820750044.1450856
2009-02-17,1851267280.345673
2009-02-18,1837722707.9183958
2009-02-19,1827355349.123405
2009-02-20,1832639381.163588
2009-02-23,1834364214.0573237
2009-02-24,1827178842.0906053
2009-02-25,1810506700.6777525
2009-02-26,1805749162.9669013
2009-02-27,1804132089.476424
2009-03-02,1822717574.852618
2009-03-03,1820334174.346755
2009-03-04,1810893749.4374347
2009-03-05,1832607151.4538977
2009-03-06,1823853405.559343
2009-03-09,1824594335.7301862
2009-03-10,1811094713.2577357
2009-03-11,1824292580.8203864
2009-03-12,1829541052.1113749
2009-03-13,1828139901.0837026
2009-03-16,1817586337.1093385
2009-03-17,1814010743.3835025
2009-03-18,1877573882.828373
2009-03-19,1871126895.118404
2009-03-20,1871089324.8345385
2009-03-23,1864611743.452011
2009-03-24,1861828296.3784628
2009-03-25,1850397397.7051678
2009-03-26,1855332173.4231489
2009-03-27,1854106769.0687177
2009-03-30,1862194319.5780687
2009-03-31,1865501685.7332942
2009-04-01,1870113625.9833238
2009-04-02,1857718991.4325783
2009-04-03,1835870631.6177468
2009-04-06,1831534236.8395505
2009-04-07,1836164999.8386297
2009-04-08,1845235565.374789
2009-04-09,1834438520.2637644
2009-04-13,1845279956.0953286
2009-04-14,1854667746.3330913
2009-04-15,1856348024.6613395
2009-04-16,1849069081.997563
2009-04-17,1834266459.6433187
2009-04-20,1847065387.4899535
2009-04-21,1839918199.46761
2009-04-22,1835431764.2500455
2009-04-23,1835006903.6366758
2009-04-24,1827787403.969021
2009-04-27,1835377539.4475951
2009-04-28,1826415767.156978
2009-04-29,1816386318.052753
2009-04-30,1813184253.3735487
2009-05-01,1807177451.0458484
2009-05-04,1808860769.1972785
2009-05-05,1808437460.7902892
2009-05-06,1809176880.511726
2009-05-07,1794039179.4350622
2009-05-08,1796163686.4997525
2009-05-11,1813185464.757118
2009-05-12,1811989763.9444497
2009-05-13,1820263245.1052794
2009-05-14,1820419267.315177
2009-05-15,1815976058.8845515
2009-05-18,1805351778.3507109
2009-05-19,1802789785.1844707
2009-05-20,1808407231.541686
2009-05-21,1788603443.5464232
2009-05-22,1777903533.2547517
2009-05-26,1765846600.1791832
2009-05-27,1745636490.8682168
2009-05-28,1754694319.7763443
2009-05-29,1774311779.0538516
2009-06-01,1746119361.2319024
2009-06-02,1751923713.2189133
2009-06-03,1762528500.652953
2009-06-04,1742395688.6780045
2009-06-05,1724992518.3929613
2009-06-08,1716034633.2041008
2009-06-09,1723598707.552185
2009-06-10,1713034442.588937
2009-06-11,1724654027.8915994
2009-06-12,1733661757.1891103
2009-06-15,1741259613.94697
2009-06-16,1750697232.1090958
2009-06-17,1745961202.4482722
2009-06-18,1724650743.1387136
2009-06-19,1732788771.318795
2009-06-22,1742244065.3442445
2009-06-23,1747894077.159461
2009-06-24,1741237985.572754
2009-06-25,1763169643.7607384
2009-06-26,1765440403.9179583
2009-06-29,1769045591.1774113
2009-06-30,1764426333.8002086
2009-07-01,1763277438.4289672
2009-07-02,1762423320.2180803
2009-07-06,1762436595.7726748
2009-07-07,1762449871.4272683
2009-07-08,1762462449.083344
2009-07-09,1762475724.932679
2009-07-10,1762488302.7732573
2009-07-13,1762500880.7035968
2009-07-14,1762513458.7236984
2009-07-15,1762526036.8335624
2009-07-16,1762539313.1618757
2009-07-17,1762551193.252889
2009-07-20,1762564469.7706945
2009-07-21,1762577746.3885062
2009-07-22,1762591023.1063247
2009-07-23,1762604299.924151
2009-07-24,1762616878.6822996
2009-07-27,1762630155.6948843
2009-07-28,1762643432.807479
2009-07-29,1762656710.0200841
2009-07-30,1762669289.1522555
2009-07-31,1762681868.3741975
2009-08-03,1762695145.8763208
2009-08-04,1760330244.573636
2009-08-05,1745162844.7786143
2009-08-06,1736026515.9641218
2009-08-07,1747222158.924526
2009-08-10,1754734737.572587
2009-08-11,1744977090.7984464
2009-08-12,1758555059.8508708
2009-08-13,1785297296.853644
2009-08-14,1777255690.329142
2009-08-17,1746564071.3429253
2009-08-18,1753712063.757968
2009-08-19,1775311616.5684607
2009-08-20,1797682466.626937
2009-08-21,1814797746.5741649
2009-08-24,1825573181.1503775
2009-08-25,1833731704.3727689
2009-08-26,1835849534.246241
2009-08-27,1834840950.8455248
2009-08-28,1838628436.6032314
2009-08-31,1827641124.692423
2009-09-01,1792198039.8376122
2009-09-02,1795143908.3406727
2009-09-03,1803396227.7180035
2009-09-04,1817617966.9210973
2009-09-08,1829010871.6202662
2009-09-09,1844529010.8378243
2009-09-10,1876706129.4705324
2009-09-11,1881744941.7997167
2009-09-14,1879710160.5312288
2009-09-15,1883523333.5703475
2009-09-16,1910387268.0439541
2009-09-17,1916777604.9709647
2009-09-18,1907845509.3711643
2009-09-21,1901707768.7040637
2009-09-22,1917652185.3999188
2009-09-23,1905829424.594918
2009-09-24,1890031087.7844083
2009-09-25,1887542262.2194965
2009-09-28,1924056209.964206
2009-09-29,1917456146.167274
2009-09-30,1911480839.4465508
2009-10-01,1878766961.3572721
2009-10-02,1869326003.535496
2009-10-05,1896326135.1222343
2009-10-06,1916779033.8387587
2009-10-07,1933791282.4403458
2009-10-08,1941051757.1119204
2009-10-09,1933940916.4361677
2009-10-12,1947085979.306879
2009-10-13,1947534931.7902632
2009-10-14,1967151464.3496559
2009-10-15,1967796847.949006
2009-10-16,1962106148.042847
2009-10-19,1981051249.8302867
2009-10-20,1975085270.204088
2009-10-21,1953093589.433665
2009-10-22,1966885707.0687385
2009-10-23,1934916176.8095407
2009-10-26,1902927582.2494853
2009-10-27,1910467775.085565
2009-10-28,1880407811.3465562
2009-10-29,1911141803.5196762
2009-10-30,1870190434.087985
2009-11-02,1878678201.5511947
2009-11-03,1880110012.22289
2009-11-04,1879620335.0129962
2009-11-05,1914299360.4083533
2009-11-06,1924808240.8011377
2009-11-09,1968986251.0249965
2009-11-10,1970728486.3039124
2009-11-11,1986236250.7653122
2009-11-12,1966865478.6990294
2009-11-13,1978791119.108445
2009-11-16,2017532507.7245114
2009-11-17,2024125344.899983
2009-11-18,2017751107.147391
2009-11-19,1994283825.7993834
2009-11-20,1987043358.8756957
2009-11-23,2008841287.89926
2009-11-24,2021671220.7493622
2009-11-25,2035268458.2662728
2009-11-27,2012054523.3951857
2009-11-30,2021947796.124603
2009-12-01,2035846963.487486
2009-12-02,2030731732.0999506
2009-12-03,2005319023.7675152
2009-12-04,2001798159.666016
2009-12-07,2004134456.1575391
2009-12-08,1988876912.4317498
2009-12-09,1992269202.711282
2009-12-10,1996592485.0313745
2009-12-11,1995122991.839017
2009-12-14,2008679562.3454864
2009-12-15,1992876061.740469
2009-12-16,1995830090.4831138
2009-12-17,1989411316.849386
2009-12-18,1990698079.7833216
2009-12-21,1990390136.7468882
2009-12-22,1988576497.4406116
2009-12-23,1991509717.0560703
2009-12-24,1993734310.915279
2009-12-28,1992522950.6424596
2009-12-29,1994862847.046298
2009-12-30,1997654806.9203296
2009-12-31,1968882188.3865292
2010-01-04,2007064433.5058932
2010-01-05,2011362979.3213682
2010-01-06,2012736718.3645732
2010-01-07,2021177702.4306319
2010-01-08,2027852103.7180562
2010-01-11,2030637815.1298673
2010-01-12,2011694346.5934083
2010-01-13,2028614749.3718812
2010-01-14,2034050784.768307
2010-01-15,2011219590.466717
2010-01-19,2036267806.0098724
2010-01-20,2015556010.368877
2010-01-21,1976824216.6147888
2010-01-22,1932792330.2371528
2010-01-25,1942648634.6047728
2010-01-26,1934481998.7558715
2010-01-27,1943631668.7573042
2010-01-28,1921331721.2469134
2010-01-29,1900446676.3351285
2010-02-01,1929913302.6434114
2010-02-02,1955400379.8845286
2010-02-03,1936405993.2502804
2010-02-04,1892491771.451752
2010-02-05,1902332844.0185049
2010-02-08,1887009467.9470518
2010-02-09,1900158194.0799475
2010-02-10,1891118001.7681353
2010-02-11,1908467427.4933834
2010-02-12,1911214492.4081268
2010-02-16,1945296037.9180343
2010-02-17,1944011224.1293533
2010-02-18,1948457630.1055853
2010-02-19,1953498768.4093008
2010-02-22,1952238643.0532584
2010-02-23,1942873547.1622105
2010-02-24,1961602373.0989442
2010-02-25,1965982777.8524745
2010-02-26,1970117551.60092
2010-03-01,1992236597.1275978
2010-03-02,1998662027.789331
2010-03-03,1998309617.9810941
2010-03-04,2007727529.1243014
2010-03-05,2026438316.382103
2010-03-08,2021363876.3599458
2010-03-09,2029739243.3532078
2010-03-10,2035268098.9937346
2010-03-11,2041821852.8223243
2010-03-12,2045030201.7214985
2010-03-15,2045463563.0719116
2010-03-16,2069322187.7636
2010-03-17,2083829401.2003677
2010-03-18,2077202687.988835
2010-03-19,2063952836.8279111
2010-03-22,2081684801.2499478
2010-03-23,2091706214.247614
2010-03-24,2060917465.147217
2010-03-25,2049857715.1804457
2010-03-26,2053352501.6066833
2010-03-29,2063286391.6245584
2010-03-30,2066663163.8689659
2010-03-31,2064353323.8668394
2010-04-01,2074083441.0200558
2010-04-05,2089892809.9270172
2010-04-06,2094771477.0157773
2010-04-07,2082781239.0593412
2010-04-08,2089944158.7699664
2010-04-09,2103609762.296838
2010-04-12,2106905911.3415763
2010-04-13,2108445708.8683643
2010-04-14,2132303410.23135
2010-04-15,2134018169.99211
2010-04-16,2100060857.5689049
2010-04-19,2107927078.5801997
2010-04-20,2126687661.9398103
2010-04-21,2122779354.7331827
2010-04-22,2129063059.2880268
2010-04-23,2142903344.0239162
2010-04-26,2134778311.8013859
2010-04-27,2084302928.1577039
2010-04-28,2100076028.9935887
2010-04-29,2126042174.6868281
2010-04-30,2089976364.145701
2010-05-03,2116996763.7553074
2010-05-04,2080425023.248783
2010-05-05,2076033621.0761788
2010-05-06,2030524848.5453036
2010-05-07,1995329352.4168096
2010-05-10,2066117011.199108
2010-05-11,2062644376.5860264
2010-05-12,2085966108.7837512
2010-05-13,2065901370.6845026
2010-05-14,2042369391.6941082
2010-05-17,2038818814.9039147
2010-05-18,2026358857.4666245
2010-05-19,2016776227.815084
2010-05-20,1962261157.5004296
2010-05-21,1991803415.1674368
2010-05-24,1966166869.4871237
2010-05-25,1974398169.224836
2010-05-26,1958472645.8630412
2010-05-27,2005281790.8331578
2010-05-28,1988747602.7901316
2010-06-01,1957615153.2676327
2010-06-02,1997327546.5479832
2010-06-03,2001396198.902027
2010-06-04,1957769715.911679
2010-06-07,1941384288.5369968
2010-06-08,1955863756.1112328
2010-06-09,1945609037.319639
2010-06-10,1983861724.3560266
2010-06-11,2005892970.2873573
2010-06-14,2001041578.2306838
2010-06-15,2040208034.4908016
2010-06-16,2045051561.0138822
2010-06-17,2057839087.3224642
2010-06-18,2055849885.2273774
2010-06-21,2048384725.2423465
2010-06-22,2026824756.699917
2010-06-23,2028057123.1035
2010-06-24,1993146949.158618
2010-06-25,2004445290.2205884
2010-06-28,2012258392.6275024
2010-06-29,1959993430.4377756
2010-06-30,1944691787.4184368
2010-07-01,1935316600.2656412
2010-07-02,1930818287.7996879
2010-07-06,1935559491.6029768
2010-07-07,1929313800.340155
2010-07-08,1924489447.9822628
2010-07-09,1919351499.7271452
2010-07-12,1922570342.6558056
2010-07-13,1912976174.3589408
2010-07-14,1922574230.6991558
2010-07-15,1932497507.108621
2010-07-16,1943543912.9292493
2010-07-19,1938504648.2766967
2010-07-20,1940474040.2461634
2010-07-21,1952666669.7412345
2010-07-22,1942110833.3235977
2010-07-23,1935870264.530701
2010-07-26,1935228677.8898523
2010-07-27,1928540725.3018274
2010-07-28,1936812774.7190838
2010-07-29,1940803786.2900047
2010-07-30,1952015972.3501859
2010-08-02,1946056423.5597067
2010-08-03,1944697938.8744476
2010-08-04,1949588908.147442
2010-08-05,1956644291.0103936
2010-08-06,1961152026.4820073
2010-08-09,1971026723.5506673
2010-08-10,1970347847.344091
2010-08-11,1928200828.703742
2010-08-12,1911550229.9114528
2010-08-13,1914138295.405404
2010-08-16,1926988343.8335595
2010-08-17,1940945289.2358146
2010-08-18,1942479787.1941764
2010-08-19,1916919855.5695927
2010-08-20,1904448780.7197652
2010-08-23,1899607905.847617
2010-08-24,1886402883.2339249
2010-08-25,1885010709.137712
2010-08-26,1880525601.1784618
2010-08-27,1887691426.5787125
2010-08-30,1874655067.485721
2010-08-31,1882924087.9569118
2010-09-01,1925020534.3990529
2010-09-02,1916183032.7321308
2010-09-03,1905363781.2340324
2010-09-07,1920305418.264271
2010-09-08,1915084716.2139037
2010-09-09,1900191444.7490067
2010-09-10,1894678586.7581716
2010-09-13,1903677651.8341084
2010-09-14,1913190799.6174397
2010-09-15,1906579574.6293812
2010-09-16,1899926194.2232895
2010-09-17,1904190781.3102903
2010-09-20,1910001042.6020396
2010-09-21,1927620858.0372424
2010-09-22,1930452815.1857243
2010-09-23,1933080210.8599534
2010-09-24,1923727079.5694816
2010-09-27,1938257810.293883
2010-09-28,1944646188.6290004
2010-09-29,1939941529.7639027
2010-09-30,1937556649.9426708
2010-10-01,1938558765.256153
2010-10-04,1929814247.345748
2010-10-05,1968853417.6963284
2010-10-06,1981065085.338677
2010-10-07,1980538193.1204102
2010-10-08,1992215522.427486
2010-10-11,1995946341.5545835
2010-10-12,1996171488.2555678
2010-10-13,2011474822.2550988
2010-10-14,1992195747.6515462
2010-10-15,1987526519.823054
2010-10-18,2006679470.2946858
2010-10-19,1987200052.9862165
2010-10-20,2005169612.0864763
2010-10-21,1998532096.85754
2010-10-22,2002760400.1738057
2010-10-25,2007977043.3103924
2010-10-26,1994974192.0394254
2010-10-27,1977603225.8452103
2010-10-28,1989358941.2476137
2010-10-29,1999595852.0169382
2010-11-01,1996885620.7023215
2010-11-02,2019103302.318875
2010-11-03,2033406822.3428018
2010-11-04,2088301109.1175463
2010-11-05,2087072345.735385
2010-11-08,2083768684.7103999
2010-11-09,2051271980.1829326
2010-11-10,2067035965.4901533
2010-11-11,2056986865.8851695
2010-11-12,2015884022.5091312
2010-11-15,1987022857.4053993
2010-11-16,1970727848.1869338
2010-11-17,1965944697.355044
2010-11-18,1989999657.954902
2010-11-19,1999429819.2398727
2010-11-22,2008197361.197472
2010-11-23,1983309526.4501047
2010-11-24,1990497655.9882636
2010-11-26,1975857515.754936
2010-11-29,1986008319.809761
2010-11-30,1978280941.5145483
2010-12-01,1993888663.2431378
2010-12-02,2014351299.4791648
2010-12-03,2019906827.1367905
2010-12-06,2030184660.3869767
2010-12-07,1998222503.4357297
2010-12-08,1988375965.7535114
2010-12-09,2000234541.51385
2010-12-10,1994914797.7732239
2010-12-13,2002499119.0389547
2010-12-14,1983150430.5998323
2010-12-15,1965855410.4358215
2010-12-16,1988855383.2357345
2010-12-17,2007751844.85594
2010-12-20,2012195821.8343308
2010-12-21,2028973018.8364575
2010-12-22,2029532791.133822
2010-12-23,2019493562.7718196
2010-12-27,2027968580.283853
2010-12-28,2009619812.7543569
2010-12-29,2033552167.439294
2010-12-30,2026223358.3070593
2010-12-31,2036673803.875974
2011-01-03,2051132980.545292
2011-01-04,2054622093.3906121
2011-01-05,2043538133.794194
2011-01-06,2049865824.7850509
2011-01-07,2059120581.9340591
2011-01-10,2063469418.4848087
2011-01-11,2062459834.0474582
2011-01-12,2074742522.8285885
2011-01-13,2085216841.9684134
2011-01-14,2094245747.4214747
2011-01-18,2092608211.2102401
2011-01-19,2077579524.862293
2011-01-20,2058746174.3069887
2011-01-21,2070163948.668822
2011-01-24,2081915736.1903005
2011-01-25,2093333207.220667
2011-01-26,2088702368.3709457
2011-01-27,2101464025.1602013
2011-01-28,2074704002.5396466
2011-01-31,2081798503.8517265
2011-02-01,2104897935.5879188
2011-02-02,2095924046.8848708
2011-02-03,2088600598.5918734
2011-02-04,2081538504.743125
2011-02-07,2093541868.952832
2011-02-08,2088680087.049469
2011-02-09,2095768499.6722002
2011-02-10,2089661268.856152
2011-02-11,2111593444.130791
2011-02-14,2117219106.5673518
2011-02-15,2115257856.808257
2011-02-16,2125468039.3963702
2011-02-17,2139360077.300886
2011-02-18,2143180099.784462
2011-02-22,2121205793.9492161
2011-02-23,2102658255.889894
2011-02-24,2106635488.9425066
2011-02-25,2135435773.6746743
2011-02-28,2147350195.2642694
2011-03-01,2114688988.2011824
2011-03-02,2117999236.857945
2011-03-03,2153564582.642516
2011-03-04,2137768368.6221032
2011-03-07,2121342207.3319209
2011-03-08,2139419905.85721
2011-03-09,2136385377.2797265
2011-03-10,2097743038.8140287
2011-03-11,2111882420.1249971
2011-03-14,2099395606.971805
2011-03-15,2075879318.0709236
2011-03-16,2038342510.46368
2011-03-17,2064614432.1367826
2011-03-18,2071901160.3737962
2011-03-21,2103192058.716436
2011-03-22,2096030336.055534
2011-03-23,2101845447.651814
2011-03-24,2121424994.7012022
2011-03-25,2127713655.0911956
2011-03-28,2122609678.832987
2011-03-29,2136493105.5013068
2011-03-30,2150851881.5593615
2011-03-31,2147961962.735883
2011-04-01,2156781852.331956
2011-04-04,2158480514.6448326
2011-04-05,2158121730.768718
2011-04-06,2164726994.2300053
2011-04-07,2159304896.4744415
2011-04-08,2151984330.282073
2011-04-11,2145612980.0101209
2011-04-12,2129906635.946672
2011-04-13,2129706935.636115
2011-04-14,2131247134.0676272
2011-04-15,2138801995.7904148
2011-04-18,2115342037.2991824
2011-04-19,2127168712.1858184
2011-04-20,2155452245.1440415
2011-04-21,2166170528.559909
2011-04-25,2163912847.673416
2011-04-26,2182067525.072119
2011-04-27,2195950931.263277
2011-04-28,2202870589.6591544
2011-04-29,2207892006.1119485
2011-05-02,2204525702.7777987
2011-05-03,2201430996.231152
2011-05-04,2192696434.447668
2011-05-05,2184214545.000601
2011-05-06,2194879177.606259
2011-05-09,2206504424.293001
2011-05-10,2214682708.764762
2011-05-11,2199060780.8548827
2011-05-12,2204614696.1834927
2011-05-13,2196045999.737177
2011-05-16,2187325124.2190433
2011-05-17,2193296296.3883386
2011-05-18,2200169259.953852
2011-05-19,2207600304.4895544
2011-05-20,2195277044.692047
2011-05-23,2172808156.2512364
2011-05-24,2173194629.4062443
2011-05-25,2180075498.3394117
2011-05-26,2201972021.089619
2011-05-27,2209993744.454843
2011-05-31,2235997920.925668
2011-06-01,2204763653.382342
2011-06-02,2189092633.782165
2011-06-03,2176180473.023587
2011-06-06,2152179670.8390174
2011-06-07,2154843312.9350157
2011-06-08,2150656022.666824
2011-06-09,2157837778.203005
2011-06-10,2135316945.8356404
2011-06-13,2132144045.8708365
2011-06-14,2141583372.5235982
2011-06-15,2127067155.1207447
2011-06-16,2137472601.7476656
2011-06-17,2142069369.9062488
2011-06-20,2149389509.2537646
2011-06-21,2175208140.6778364
2011-06-22,2161431949.809352
2011-06-23,2166468437.1211834
2011-06-24,2150827898.3969164
2011-06-27,2161657076.3874693
2011-06-28,2170296947.1595855
2011-06-29,2176226096.659012
2011-06-30,2189562009.3248134
2011-07-01,2216561499.2682757
2011-07-05,2228197005.3538556
2011-07-06,2234679437.0048614
2011-07-07,2249170448.125881
2011-07-08,2256836311.5284986
2011-07-11,2233214822.079807
2011-07-12,2226797472.0920506
2011-07-13,2237641812.30434
2011-07-14,2209801793.7451777
2011-07-15,2231445652.795887
2011-07-18,2212023308.480237
2011-07-19,2255581215.9791856
2011-07-20,2243380035.6797094
2011-07-21,2261701875.2188725
2011-07-22,2271555050.584109
2011-07-25,2251939963.6473527
2011-07-26,2252875390.895244
2011-07-27,2203705513.3827314
2011-07-28,2201604969.8649397
2011-07-29,2213427948.079699
2011-08-01,2212146446.487291
2011-08-02,2175640986.8575244
2011-08-03,2188978982.5473914
2011-08-04,2116101370.1478798
2011-08-05,2088003570.5464804
2011-08-08,1986773146.550649
2011-08-09,2087867300.5596669
2011-08-10,2023056165.0577097
2011-08-11,2082787932.4648542
2011-08-12,2110955427.6403642
2011-08-15,2147444321.0973718
2011-08-16,2138779312.7215405
2011-08-17,2154905774.6840663
2011-08-18,2074096730.579416
2011-08-19,2042995541.3554397
2011-08-22,2040759248.7789829
2011-08-23,2098342023.20505
2011-08-24,2105402696.8107438
2011-08-25,2086041196.745982
2011-08-26,2122227876.201757
2011-08-29,2168691180.311727
2011-08-30,2189252247.734939
2011-08-31,2191034278.652471
2011-09-01,2185436554.8328595
2011-09-02,2204078331.406678
2011-09-06,2206902937.8680215
2011-09-07,2195019713.9859824
2011-09-08,2205821128.6951995
2011-09-09,2216545150.185185
2011-09-12,2209801014.724047
2011-09-13,2203246220.6768007
2011-09-14,2204469255.439878
2011-09-15,2187922989.4734917
2011-09-16,2192154718.6544256
2011-09-19,2210239853.0272512
2011-09-20,2213142585.9490695
2011-09-21,2222545577.418197
2011-09-22,2242909937.521942
2011-09-23,2224855366.220239
2011-09-26,2215674094.8431387
2011-09-27,2200982942.989057
2011-09-28,2201363221.334348
2011-09-29,2201319315.2883034
2011-09-30,2215231894.1698194
2011-10-03,2235561768.8223796
2011-10-04,2224361110.2329416
2011-10-05,2215174207.409611
2011-10-06,2199812850.776922
2011-10-07,2188303903.342173
2011-10-10,2164896591.8199477
2011-10-11,2172216500.6229854
2011-10-12,2164586923.8405466
2011-10-13,2173167090.0536327
2011-10-14,2162422272.190847
2011-10-17,2176558777.030878
2011-10-18,2174212658.356408
2011-10-19,2177526258.623076
2011-10-20,2173086828.302119
2011-10-21,2169054992.1581326
2011-10-24,2167958030.292239
2011-10-25,2186480958.021712
2011-10-26,2170628601.2482257
2011-10-27,2144481799.434774
2011-10-28,2157560417.9622
2011-10-31,2186695653.8410926
2011-11-01,2212524801.70419
2011-11-02,2207153475.3988833
2011-11-03,2196703617.184614
2011-11-04,2203293570.6007724
2011-11-07,2205806810.432035
2011-11-08,2195770730.692779
2011-11-09,2215431957.581842
2011-11-10,2204614666.5188875
2011-11-11,2194360077.9762864
2011-11-14,2208206119.8106914
2011-11-15,2205189407.5695643
2011-11-16,2213235444.067659
2011-11-17,2217634603.507191
2011-11-18,2209376511.8796926
2011-11-21,2215478119.891451
2011-11-22,2222182870.735596
2011-11-23,2229699568.9852057
2011-11-25,2215249653.109117
2011-11-28,2215419960.858153
2011-11-29,2211100171.5884104
2011-11-30,2197968372.7916555
2011-12-01,2197271540.6122313
2011-12-02,2207231523.845087
2011-12-05,2205890188.987831
2011-12-06,2200017061.102535
2011-12-07,2210166938.9266977
2011-12-08,2221532113.4638443
2011-12-09,2206089040.056658
2011-12-12,2213826741.9459763
2011-12-13,2224102338.0978856
2011-12-14,2233442066.7760367
2011-12-15,2231490043.306105
2011-12-16,2242264330.081027
2011-12-19,2249797752.1341105
2011-12-20,2229658529.605321
2011-12-21,2222387511.404565
2011-12-22,2225121129.364854
2011-12-23,2215904322.225762
2011-12-27,2217130240.597697
2011-12-28,2231273697.227259
2011-12-29,2233992939.957847
2011-12-30,2241798870.9549003
2012-01-03,2227604594.817925
2012-01-04,2220516948.453763
2012-01-05,2220899960.0087924
2012-01-06,2229654618.053125
2012-01-09,2230036625.722376
2012-01-10,2225512809.402988
2012-01-11,2238518575.735419
2012-01-12,2233811045.685537
2012-01-13,2243752051.0234036
2012-01-17,2245820080.360979
2012-01-18,2238824874.8131003
2012-01-19,2225438187.860184
2012-01-20,2217689248.7327914
2012-01-23,2212694684.9097505
2012-01-24,2215241882.844225
2012-01-25,2225986159.4999027
2012-01-26,2237923994.840256
2012-01-27,2244673006.1000185
2012-01-30,2252235168.287668
2012-01-31,2260592076.9816203
2012-02-01,2252829160.3796887
2012-02-02,2258333005.038183
2012-02-03,2272240304.989012
2012-02-06,2276779608.6286783
2012-02-07,2268066500.527659
2012-02-08,2275842425.9848557
2012-02-09,2273501674.415259
2012-02-10,2269260247.037201
2012-02-13,2284467590.7691875
2012-02-14,2286201920.665478
2012-02-15,2277215556.318936
2012-02-16,2291974182.9469895
2012-02-17,2295576938.306816
2012-02-21,2288359137.358838
2012-02-22,2289691418.0562906
2012-02-23,2302876501.1173472
2012-02-24,2309073266.6786838
2012-02-27,2320495635.1523643
2012-02-28,2328203510.4440403
2012-02-29,2309891357.279604
2012-03-01,2314260653.0450406
2012-03-02,2316375406.684801
2012-03-05,2302263980.9172816
2012-03-06,2278246230.2858925
2012-03-07,2289598828.1275344
2012-03-08,2305445861.665239
2012-03-09,2312500003.8730245
2012-03-12,2311913832.2200527
2012-03-13,2337074595.350096
2012-03-14,2308120802.4988265
2012-03-15,2320687194.8956604
2012-03-16,2323127368.8413334
2012-03-19,2317957235.17758
2012-03-20,2312236402.7219048
2012-03-21,2320128870.3782406
2012-03-22,2306329037.189456
2012-03-23,2322153466.8554983
2012-03-26,2351636835.875722
2012-03-27,2357015899.248016
2012-03-28,2341413161.885884
2012-03-29,2346904977.144557
2012-03-30,2345102419.873496
2012-04-02,2367453203.6690445
2012-04-03,2340358993.9290166
2012-04-04,2329065219.9152346
2012-04-05,2338228153.1637053
2012-04-09,2336109475.9632006
2012-04-10,2308661066.1643496
2012-04-11,2318215911.940244
2012-04-12,2343766247.466758
2012-04-13,2329699233.103057
2012-04-16,2327417930.022909
2012-04-17,2359255752.900283
2012-04-18,2355820999.9786615
2012-04-19,2343294474.322964
2012-04-20,2347305172.302807
2012-04-23,2332169414.699115
2012-04-24,2334984103.149174
2012-04-25,2363849083.8279457
2012-04-26,2387839435.280484
2012-04-27,2394075715.3079863
2012-04-30,2387206596.781257
2012-05-01,2397487065.8483915
2012-05-02,2394811135.4346714
2012-05-03,2376375672.8056364
2012-05-04,2347698689.97652
2012-05-07,2348610219.065422
2012-05-08,2344524707.216979
2012-05-09,2332705529.9827657
2012-05-10,2334033420.2712336
2012-05-11,2334732342.3420396
2012-05-14,2319579928.1527014
2012-05-15,2307104804.090452
2012-05-16,2300118632.2858505
2012-05-17,2275393124.649588
2012-05-18,2254830900.672358
2012-05-21,2286552663.0237947
2012-05-22,2285496255.4417415
2012-05-23,2292513680.8454165
2012-05-24,2291969072.666241
2012-05-25,2290787516.217769
2012-05-29,2315840811.4978085
2012-05-30,2304711486.5451117
2012-05-31,2308343677.4649873
2012-06-01,2269858210.604152
2012-06-04,2255701194.543215
2012-06-05,2265072412.9489875
2012-06-06,2300830143.777046
2012-06-07,2307636066.559255
2012-06-08,2327592675.6097436
2012-06-11,2304053792.805708
2012-06-12,2318190838.660025
2012-06-13,2315295405.162889
2012-06-14,2333592686.0024915
2012-06-15,2367914538.349146
2012-06-18,2371680499.5767984
2012-06-19,2386358569.10526
2012-06-20,2377556006.6107473
2012-06-21,2329164228.6453605
2012-06-22,2336811708.3109646
2012-06-25,2312050423.862276
2012-06-26,2318366468.993101
2012-06-27,2342320656.526995
2012-06-28,2343064275.463277
2012-06-29,2390272607.30071
2012-07-02,2408400700.8985248
2012-07-03,2418113563.998571
2012-07-05,2413566387.141382
2012-07-06,2399067403.834823
2012-07-09,2402553676.2981467
2012-07-10,2382879445.5968328
2012-07-11,2380950800.7059093
2012-07-12,2374916869.5668883
2012-07-13,2412081325.496158
2012-07-16,2411592894.4662404
2012-07-17,2421705976.811042
2012-07-18,2441680643.852712
2012-07-19,2444402586.1368227
2012-07-20,2431606965.8381195
2012-07-23,2411237115.0636497
2012-07-24,2395355902.229745
2012-07-25,2397069801.4991946
2012-07-26,2428354760.9343057
2012-07-27,2455152140.89225
2012-07-30,2462907423.972729
2012-07-31,2450080774.112033
2012-08-01,2438951794.550186
2012-08-02,2428078333.9565444
2012-08-03,2462626777.4858594
2012-08-06,2468835025.843081
2012-08-07,2468078685.036654
2012-08-08,2467519809.6724358
2012-08-09,2467679692.8081
2012-08-10,2478706561.969594
2012-08-13,2475774500.1099863
2012-08-14,2463916246.525338
2012-08-15,2454216005.160743
2012-08-16,2466230133.677488
2012-08-17,2472430152.6858225
2012-08-20,2473876354.1167874
2012-08-21,2468349916.105672
2012-08-22,2488347707.4180646
2012-08-23,2472349943.852917
2012-08-24,2485913731.0403867
2012-08-27,2492662131.856106
2012-08-28,2490520921.8217435
2012-08-29,2490713397.7398305
2012-08-30,2477460032.1651583
2012-08-31,2505117462.79062
2012-09-04,2497065216.3941336
2012-09-05,2493952206.564873
2012-09-06,2526691749.003675
2012-09-07,2539573916.7775483
2012-09-10,2526341618.6927896
2012-09-11,2528576240.105367
2012-09-12,2524535147.0576005
2012-09-13,2569979547.9531455
2012-09-14,2557666837.455043
2012-09-17,2554055967.997508
2012-09-18,2558219925.8671885
2012-09-19,2565374189.5469975
2012-09-20,2566840701.494208
2012-09-21,2571040544.2555866
2012-09-24,2572672838.6391935
2012-09-25,2554718057.6031413
2012-09-26,2550817673.3805547
2012-09-27,2569067893.1050744
2012-09-28,2557230342.7223577
2012-10-01,2568400878.7035203
2012-10-02,2569310411.513943
2012-10-03,2582094633.8855805
2012-10-04,2590012680.2147913
2012-10-05,2578396366.345524
2012-10-08,2577930655.6703734
2012-10-09,2547349515.7411675
2012-10-10,2537259951.1431875
2012-10-11,2540908660.633229
2012-10-12,2532804750.078538
2012-10-15,2554227693.238621
2012-10-16,2567689789.9367642
2012-10-17,2563034796.9866385
2012-10-18,2551726207.1774144
2012-10-19,2519839433.9109335
2012-10-22,2511609228.7191014
2012-10-23,2488653749.1340747
2012-10-24,2476206658.20503
2012-10-25,2474252254.8769445
2012-10-26,2488494897.652922
2012-10-31,2498477628.7397823
2012-11-01,2519361794.603297
2012-11-02,2499094983.9970756
2012-11-05,2510004653.1714725
2012-11-06,2518156485.1851234
2012-11-07,2482018786.1942673
2012-11-08,2463388361.640442
2012-11-09,2465607458.835083
2012-11-12,2468998085.9875927
2012-11-13,2463412591.8324327
2012-11-14,2431438886.925651
2012-11-15,2426192149.1809325
2012-11-16,2439379756.2515907
2012-11-19,2482637705.6535845
2012-11-20,2473478141.535851
2012-11-21,2474303879.15388
2012-11-23,2506076792.62468
2012-11-26,2504807101.8167677
2012-11-27,2497357135.697426
2012-11-28,2520244827.1854124
2012-11-29,2534214869.041238
2012-11-30,2534173328.7807775
2012-12-03,2520830185.6822424
2012-12-04,2521597337.0609183
2012-12-05,2527928105.8374968
2012-12-06,2537593943.440104
2012-12-07,2537907834.121367
2012-12-10,2541153092.536052
2012-12-11,2553185389.408462
2012-12-12,2543687324.251128
2012-12-13,2523307180.6300416
2012-12-14,2519526065.95384
2012-12-17,2535393816.850319
2012-12-18,2553434676.1227145
2012-12-19,2537974597.232029
2012-12-20,2554037029.262139
2012-12-21,2537704706.34278
2012-12-24,2527271385.3008714
2012-12-26,2521782895.2644877
2012-12-27,2523476162.754823
2012-12-28,2502253804.800034
2012-12-31,2530821574.8817134
2013-01-02,2583533651.1581016
2013-01-03,2564605109.773049
2013-01-04,2576964019.6468024
2013-01-07,2571239378.3806505
2013-01-08,2569923496.722196
2013-01-09,2577759137.070161
2013-01-10,2590742192.2728195
2013-01-11,2598549425.9415116
2013-01-14,2595731069.9107757
2013-01-15,2603546608.025839
2013-01-16,2606392133.1490517
2013-01-17,2611072486.4547625
2013-01-18,2624117473.3147135
2013-01-22,2640291802.106996
2013-01-23,2645627899.976959
2013-01-24,2641838811.0429616
2013-01-25,2639203479.559942
2013-01-28,2630490469.0007052
2013-01-29,2636750881.3069224
2013-01-30,2627787960.766912
2013-01-31,2623423786.335644
2013-02-01,2641365309.1493187
2013-02-04,2610257143.652797
2013-02-05,2636645351.788576
2013-02-06,2638519837.774031
2013-02-07,2634965221.6601396
2013-02-08,2649620669.9039965
2013-02-11,2649042982.807549
2013-02-12,2653367610.755021
2013-02-13,2655590969.2687807
2013-02-14,2657989809.535297
2013-02-15,2654784344.764083
2013-02-19,2674693243.2630773
2013-02-20,2641195956.110373
2013-02-21,2625033344.5060477
2013-02-22,2650720942.6851563
2013-02-25,2599797169.7522492
2013-02-26,2617606461.911601
2013-02-27,2650649753.0864797
2013-02-28,2645342398.2376
2013-03-01,2654044959.710587
2013-03-04,2660554658.6665196
2013-03-05,2681544242.1846056
2013-03-06,2676635460.0063105
2013-03-07,2671146011.9065766
2013-03-08,2668829982.7151356
2013-03-11,2680093912.1418743
2013-03-12,2681296316.7260714
2013-03-13,2682694010.6003747
2013-03-14,2697583896.4165955
2013-03-15,2703226572.8664017
2013-03-18,2697048004.9923263
2013-03-19,2698943267.404153
2013-03-20,2707297970.634389
2013-03-21,2691223874.9369025
2013-03-22,2713488454.819805
2013-03-25,2704148941.363312
2013-03-26,2728149017.192864
2013-03-27,2739417441.8399997
2013-03-28,2742438979.215793
2013-04-01,2738912016.248043
2013-04-02,2746726837.6685333
2013-04-03,2730687073.62337
2013-04-04,2752351239.2058845
2013-04-05,2748740438.8937197
2013-04-08,2757959794.274613
2013-04-09,2768164907.8509617
2013-04-10,2789820385.583312
2013-04-11,2801719695.752575
2013-04-12,2810078610.9561987
2013-04-15,2752672704.5146804
2013-04-16,2784049626.0211134
2013-04-17,2749452578.3464355
2013-04-18,2734163185.089669
2013-04-19,2755606442.7725368
2013-04-22,2768945486.2665353
2013-04-23,2794787168.9981103
2013-04-24,2797688012.813991
2013-04-25,2805509464.935377
2013-04-26,2810661796.430549
2013-04-29,2827796820.75613
2013-04-30,2833720436.0142035
2013-05-01,2818613616.444697
2013-05-02,2844628725.8155518
2013-05-03,2849503134.665061
2013-05-06,2853045210.5116816
2013-05-07,2863616886.8614106
2013-05-08,2880074682.783949
2013-05-09,2871243467.348553
2013-05-10,2864635901.918634
2013-05-13,2861758886.552736
2013-05-14,2879894165.2226515
2013-05-15,2902827490.972001
2013-05-16,2902560517.12221
2013-05-17,2915240782.6783276
2013-05-20,2912818208.9011045
2013-05-21,2924353969.044097
2013-05-22,2879983905.1225634
2013-05-23,2874398260.5606847
2013-05-24,2872904146.073516
2013-05-28,2855663547.607866
2013-05-29,2848638632.260808
2013-05-30,2859268543.930929
2013-05-31,2810446377.353198
2013-06-03,2829823324.3040433
2013-06-04,2814807794.0193853
2013-06-05,2775427009.408225
2013-06-06,2800443131.9548826
2013-06-07,2835933045.798269
2013-06-10,2835876909.380744
2013-06-11,2806629530.4913335
2013-06-12,2783392778.8342414
2013-06-13,2825579883.314108
2013-06-14,2807837206.310764
2013-06-17,2829417010.4376416
2013-06-18,2851683518.5537434
2013-06-19,2812303950.572448
2013-06-20,2742703710.388855
2013-06-21,2751436747.5198054
2013-06-24,2716684492.848062
2013-06-25,2742697669.619605
2013-06-26,2769744133.1473722
2013-06-27,2785916491.774497
2013-06-28,2774468245.739144
2013-07-01,2790639850.5671005
2013-07-02,2787994197.8952346
2013-07-03,2789148255.387218
2013-07-05,2819130194.6986256
2013-07-08,2835128065.386198
2013-07-09,2855441845.5553102
2013-07-10,2856419425.5823107
2013-07-11,2895205657.500273
2013-07-12,2896355618.1252975
2013-07-15,2907346297.895758
2013-07-16,2896414816.7180557
2013-07-17,2903779334.973324
2013-07-18,2919603320.81374
2013-07-19,2924723982.4883885
2013-07-22,2930361771.8869953
2013-07-23,2924091093.3501215
2013-07-24,2913329830.7209744
2013-07-25,2920350601.0643673
2013-07-26,2923399712.777384
2013-07-29,2914363972.0303955
2013-07-30,2914306234.8807683
2013-07-31,2916320353.425861
2013-08-01,2949924268.515235
2013-08-02,2954872126.2011776
2013-08-05,2950496698.322531
2013-08-06,2933693813.892545
2013-08-07,2924142921.7043924
2013-08-08,2934788645.73649
2013-08-09,2926270226.4197764
2013-08-12,2922760894.2891836
2013-08-13,2931334460.8071446
2013-08-14,2916256482.072327
2013-08-15,2875458513.6173964
2013-08-16,2865909421.5101466
2013-08-19,2847554233.2977457
2013-08-20,2861480297.4545574
2013-08-21,2843814285.90963
2013-08-22,2869652039.374774
2013-08-23,2879262410.3810654
2013-08-26,2868503317.4613876
2013-08-27,2822069368.0548987
2013-08-28,2832025710.5578365
2013-08-29,2836457993.701036
2013-08-30,2827424923.183117
2013-09-03,2840142104.52175
2013-09-04,2863564001.804441
2013-09-05,2867132408.5348516
2013-09-06,2868455388.7796164
2013-09-09,2895845626.6728106
2013-09-10,2917194231.521334
2013-09-11,2926284775.609784
2013-09-12,2918459174.903732
2013-09-13,2924960932.8944173
2013-09-16,2941820860.18058
2013-09-17,2954882103.1955233
2013-09-18,2989002433.141734
2013-09-19,2983936858.488961
2013-09-20,2963028106.811623
2013-09-23,2949265237.686225
2013-09-24,2942266803.5640635
2013-09-25,2933709305.7346745
2013-09-26,2944926255.77881
2013-09-27,2931338546.6778727
2013-09-30,2915666507.3385673
2013-10-01,2938681399.5498996
2013-10-02,2935847464.38258
2013-10-03,2908728664.1289654
2013-10-04,2930701064.7758174
2013-10-07,2905316044.4985595
2013-10-08,2871434010.7357078
2013-10-09,2873458389.062416
2013-10-10,2935328350.617576
2013-10-11,2954177241.9681225
2013-10-14,2965915905.2405086
2013-10-15,2944345846.973393
2013-10-16,2985399452.150983
2013-10-17,3005288663.061556
2013-10-18,3025524148.5633745
2013-10-21,3025638280.149901
2013-10-22,3043098359.926139
2013-10-23,3028466708.960026
2013-10-24,3038468245.143111
2013-10-25,3052284919.979536
2013-10-28,3057081672.8009415
2013-10-29,3073326631.1604996
2013-10-30,3057999725.573024
2013-10-31,3049265747.638467
2013-11-01,3056492190.8052597
2013-11-04,3067185849.8385677
2013-11-05,3057410693.3009
2013-11-06,3072962295.7903647
2013-11-07,3034045444.0465374
2013-11-08,3074922440.0252366
2013-11-11,3075381261.988841
2013-11-12,3069076563.598988
2013-11-13,3093647247.1426506
2013-11-14,3109024623.2015295
2013-11-15,3122492880.013415
2013-11-18,3111502121.8412414
2013-11-19,3104676530.2630506
2013-11-20,3094899307.1701717
2013-11-21,3119817121.1653876
2013-11-22,3135367141.8557425
2013-11-25,3131869919.0844693
2013-11-26,3132674586.183716
2013-11-27,3140245032.751973
2013-11-29,3138100706.6240125
2013-12-02,3129886254.067407
2013-12-03,3116294155.431181
2013-12-04,3115884960.890469
2013-12-05,3102119965.315455
2013-12-06,3136751257.1505475
2013-12-09,3144666976.763861
2013-12-10,3133328753.661687
2013-12-11,3098054137.9549074
2013-12-12,3087758155.9877048
2013-12-13,3087349190.388524
2013-12-16,3106542646.9160953
2013-12-17,3096593489.813509
2013-12-18,3149439304.9622436
2013-12-19,3145734268.8396626
2013-12-20,3163983917.6075225
2013-12-23,3180839005.0045896
2013-12-24,3187751724.0880866
2013-12-26,3203909074.751066
2013-12-27,3203671944.106253
2013-12-30,3203084225.1393013
2013-12-31,3218193740.1267743
2014-01-02,3187260116.7931447
2014-01-03,3186673372.613056
2014-01-06,3177366614.707498
2014-01-07,3196836324.3941402
2014-01-08,3197471721.2895527
2014-01-09,3199500323.128759
2014-01-10,3208156794.768663
2014-01-13,3165363045.269325
2014-01-14,3199834908.1901608
2014-01-15,3217036264.383881
2014-01-16,3212786496.617798
2014-01-17,3199118868.205998
2014-01-21,3208473256.339457
2014-01-22,3210502609.216317
2014-01-23,3184103615.0614967
2014-01-24,3116020685.72739
2014-01-27,3100609200.6600127
2014-01-28,3119036479.6774755
2014-01-29,3088977197.5513797
2014-01-30,3121704468.0755053
2014-01-31,3103329995.1868725
2014-02-03,3033329717.18069
2014-02-04,3054547371.8565664
2014-02-05,3050650416.8001466
2014-02-06,3090877759.8662114
2014-02-07,3129186013.4339566
2014-02-10,3134879667.6756268
2014-02-11,3169175015.346566
2014-02-12,3170681362.607561
2014-02-13,3187012838.1317835
2014-02-14,3204564362.6038585
2014-02-18,3208337903.107927
2014-02-19,3186996199.501431
2014-02-20,3205769067.0115366
2014-02-21,3202043578.951381
2014-02-24,3219769924.9387903
2014-02-25,3218161422.536876
2014-02-26,3218271273.5141997
2014-02-27,3235126200.7807245
2014-02-28,3243258149.694801
2014-03-03,3220346406.719532
2014-03-04,3239144376.2530456
2014-03-05,3245415937.1367145
2014-03-06,3238778822.8564367
2014-03-07,3225998592.9457545
2014-03-10,3227639091.475716
2014-03-11,3214747629.0433364
2014-03-12,3228141321.4853225
2014-03-13,3210922033.1691566
2014-03-14,3202190202.7739625
2014-03-17,3217888713.6067877
2014-03-18,3248390678.0604305
2014-03-19,3201404631.184575
2014-03-20,3220572269.973349
2014-03-21,3213961923.8929496
2014-03-24,3201833377.5375037
2014-03-25,3214960388.004893
2014-03-26,3205296440.036824
2014-03-27,3201580928.746719
2014-03-28,3205874451.697493
2014-03-31,3232214844.4801183
2014-04-01,3246819488.190282
2014-04-02,3256013009.556625
2014-04-03,3251645492.384304
2014-04-04,3213200292.3817005
2014-04-07,3177680070.83761
2014-04-08,3190699216.453023
2014-04-09,3224884247.759733
2014-04-10,3157180390.852531
2014-04-11,3128719012.6775975
2014-04-14,3153270024.3926215
2014-04-15,3174893762.4445004
2014-04-16,3208049894.3706512
2014-04-17,3212460141.939544
2014-04-21,3223582935.8321266
2014-04-22,3238149141.450828
2014-04-23,3230512963.831385
2014-04-24,3236988553.0506544
2014-04-25,3210418662.1396313
2014-04-28,3220510676.6779094
2014-04-29,3235419147.606453
2014-04-30,3244993492.097662
2014-05-01,3245274291.637604
2014-05-02,3243626717.16752
2014-05-05,3247794901.997019
2014-05-06,3223236089.0557756
2014-05-07,3244538784.617399
2014-05-08,3244418817.0921526
2014-05-09,3246599557.0036592
2014-05-12,3269488802.1132555
2014-05-13,3284894454.6503496
2014-05-14,3283999096.771005
2014-05-15,3266798518.293388
2014-05-16,3271053220.4393244
2014-05-19,3278766708.7175107
2014-05-20,3267477705.3428445
2014-05-21,3289583621.34588
2014-05-22,3293955819.2939534
2014-05-23,3313435286.5660787
2014-05-27,3333692305.8386865
2014-05-28,3349355413.2476053
2014-05-29,3362146084.6360664
2014-05-30,3364807903.0404134
2014-06-02,3353340834.6099696
2014-06-03,3334808997.560714
2014-06-04,3338798628.1052837
2014-06-05,3365204191.919269
2014-06-06,3378487741.1273975
2014-06-09,3376944577.584698
2014-06-10,3371316437.303756
2014-06-11,3364024605.353965
2014-06-12,3353121035.5748515
2014-06-13,3356693307.1354566
2014-06-16,3359308293.329418
2014-06-17,3354561160.3664403
2014-06-18,3396617328.452659
2014-06-19,3391867032.2162976
2014-06-20,3402489842.6684694
2014-06-23,3399048591.7052054
2014-06-24,3392113978.277863
2014-06-25,3410416303.8605824
2014-06-26,3416537361.3637094
2014-06-27,3422919388.3464656
2014-06-30,3423690488.175748
2014-07-01,3435038126.392519
2014-07-02,3424397375.8298593
2014-07-03,3434006177.567932
2014-07-07,3430324432.6459036
2014-07-08,3423935586.1352515
2014-07-09,3439679917.0669236
2014-07-10,3433354413.0511107
2014-07-11,3443507845.2489843
2014-07-14,3452902218.105325
2014-07-15,3443385755.0312862
2014-07-16,3460844807.2029004
2014-07-17,3441643331.938174
2014-07-18,3469212779.3264847
2014-07-21,3463662468.6181016
2014-07-22,3482666751.901969
2014-07-23,3489808474.2900968
2014-07-24,3476068073.320764
2014-07-25,3473041663.512146
2014-07-28,3470345940.350661
2014-07-29,3460113157.5960894
2014-07-30,3436561328.054734
2014-07-31,3368152800.3770533
2014-08-01,3377607204.3659678
2014-08-04,3403453571.979999
2014-08-05,3372424308.3198442
2014-08-06,3376237474.1045666
2014-08-07,3373298522.864906
2014-08-08,3408498245.5115647
2014-08-11,3416439146.707114
2014-08-12,3406812388.0896378
2014-08-13,3440281507.653691
2014-08-14,3462784575.407793
2014-08-15,3475807391.071545
2014-08-18,3493170812.837646
2014-08-19,3507202214.6457734
2014-08-20,3505951890.9433866
2014-08-21,3523167974.834617
2014-08-22,3517999839.7228966
2014-08-25,3537975563.7068653
2014-08-26,3538676909.2515407
2014-08-27,3546971554.743486
2014-08-28,3549651307.997346
2014-08-29,3559701790.335401
2014-09-02,3535270898.3519506
2014-09-03,3538334284.628086
2014-09-04,3520599969.5523634
2014-09-05,3537045623.822842
2014-09-08,3524149758.8450313
2014-09-09,3493823789.4560356
2014-09-10,3497847318.062555
2014-09-11,3497276258.3551855
2014-09-12,3463661500.386401
2014-09-15,3467306884.92602
2014-09-16,3492101291.938096
2014-09-17,3487886196.96371
2014-09-18,3503886057.2842703
2014-09-19,3513779212.7810802
2014-09-22,3494100774.6390276
2014-09-23,3481522017.756197
2014-09-24,3498636662.2194233
2014-09-25,3459306973.402408
2014-09-26,3478956062.201523
2014-09-29,3483575877.268507
2014-09-30,3471411828.618808
2014-10-01,3453839762.8893137
2014-10-02,3444031372.5822134
2014-10-03,3480085464.9498353
2014-10-06,3481568110.8579707
2014-10-07,3448884739.2931547
2014-10-08,3519552635.4011345
2014-10-09,3445797990.6516714
2014-10-10,3420788399.7101703
2014-10-13,3382209304.2978387
2014-10-14,3393969903.0690136
2014-10-15,3390065397.856456
2014-10-16,3377936142.1578336
2014-10-17,3407512276.300072
2014-10-20,3444992083.7630544
2014-10-21,3503356135.6665926
2014-10-22,3477381107.516043
2014-10-23,3502997641.350162
2014-10-24,3532761923.077102
2014-10-27,3531400355.0975447
2014-10-28,3563090304.038072
2014-10-29,3545986384.373942
2014-10-30,3572304181.07791
2014-10-31,3607456580.8319826
2014-11-03,3607872431.223551
2014-11-04,3594861667.949529
2014-11-05,3618443703.0578575
2014-11-06,3621799930.7339263
2014-11-07,3648142077.9040766
2014-11-10,3644762592.7653823
2014-11-11,3648535733.9048395
2014-11-12,3643081246.048025
2014-11-13,3652888366.3445063
2014-11-14,3661176299.094106
2014-11-17,3659251959.913284
2014-11-18,3684312195.398367
2014-11-19,3668700558.389287
2014-11-20,3681511587.442753
2014-11-21,3708216559.9070215
2014-11-24,3721873107.9891057
2014-11-25,3728189404.054945
2014-11-26,3743820884.4563413
2014-11-28,3750127281.9933343
2014-12-01,3715196285.9082274
2014-12-02,3722418722.961487
2014-12-03,3737980548.624246
2014-12-04,3746731611.446599
2014-12-05,3732020333.412556
2014-12-08,3719366399.6981225
2014-12-09,3730392218.4058466
2014-12-10,3687807299.6103735
2014-12-11,3699833957.2882576
2014-12-12,3670901882.300704
2014-12-15,3632705680.133498
2014-12-16,3622555183.2959814
2014-12-17,3666473766.8227177
2014-12-18,3734806233.751575
2014-12-19,3763987946.4884586
2014-12-22,3780912371.0355864
2014-12-23,3755286987.015806
2014-12-24,3758171254.2459364
2014-12-26,3774989670.0598507
2014-12-29,3792501272.3742504
2014-12-30,3776399061.4267254
2014-12-31,3743395479.9043803
2015-01-02,3760028849.3184505
2015-01-05,3715597493.480599
2015-01-06,3705867586.791458
2015-01-07,3751165753.4188137
2015-01-08,3802732407.349534
2015-01-09,3790783538.58175
2015-01-12,3774428631.585504
2015-01-13,3767238590.806026
2015-01-14,3761975139.0548387
2015-01-15,3760023139.1227903
2015-01-16,3780409176.923521
2015-01-20,3796823016.892624
2015-01-21,3797612263.9109445
2015-01-22,3843873963.152848
2015-01-23,3847562476.494398
2015-01-26,3847669470.589529
2015-01-27,3802647943.2178526
2015-01-28,3783449417.712233
2015-01-29,3804181444.4897046
2015-01-30,3789997881.433627
2015-02-02,3830792393.9552703
2015-02-03,3853051240.7718277
2015-02-04,3844680683.386802
2015-02-05,3868835458.584683
2015-02-06,3816049889.924019
2015-02-09,3797152231.9203944
2015-02-10,3827774921.688992
2015-02-11,3828425063.648989
2015-02-12,3866437849.4950233
2015-02-13,3869460363.393434
2015-02-17,3848449700.1361723
2015-02-18,3866969907.573247
2015-02-19,3854445229.0291014
2015-02-20,3875223580.8961716
2015-02-23,3892084795.355084
2015-02-24,3927928031.187979
2015-02-25,3928070282.271476
2015-02-26,3900362781.754554
2015-02-27,3900788280.899595
2015-03-02,3896104930.2726502
2015-03-03,3871615491.992274
2015-03-04,3858048988.848832
2015-03-05,3864271344.002855
2015-03-06,3770465856.4465275
2015-03-09,3803384055.682981
2015-03-10,3757792081.079777
2015-03-11,3755612816.3083777
2015-03-12,3806220516.2191553
2015-03-13,3777373980.502529
2015-03-16,3840209724.181594
2015-03-17,3836488615.6582494
2015-03-18,3924652409.35916
2015-03-19,3888476746.9568787
2015-03-20,3937971544.3685513
2015-03-23,3935403131.828523
2015-03-24,3925645155.5522017
2015-03-25,3852719411.655483
2015-03-26,3821515407.263794
2015-03-27,3844782732.3652997
2015-03-30,3890087113.876521
2015-03-31,3866583704.9026456
2015-04-01,3871229533.7685523
2015-04-02,3874123696.739647
2015-04-06,3905037518.5271893
2015-04-07,3897684360.260965
2015-04-08,3907204374.198377
2015-04-09,3908942383.983527
2015-04-10,3929180617.9060483
2015-04-13,3918902855.628171
2015-04-14,3937525428.334415
2015-04-15,3957137553.949428
2015-04-16,3958750714.1163325
2015-04-17,3921071810.556926
2015-04-20,3949409261.597287
2015-04-21,3936222666.601326
2015-04-22,3932556898.8540573
2015-04-23,3954293828.437814
2015-04-24,3977064503.0820394
2015-04-27,3954342691.7170672
2015-04-28,3948609265.376995
2015-04-29,3917633508.8200474
2015-04-30,3877103323.631728
2015-05-01,3897763940.465145
2015-05-04,3900678783.065353
2015-05-05,3849263723.728401
2015-05-06,3814413357.146223
2015-05-07,3845662715.7901216
2015-05-08,3910588209.3594213
2015-05-11,3854556041.6323295
2015-05-12,3845738550.767615
2015-05-13,3841258912.16823
2015-05-14,3894273401.9725904
2015-05-15,3925665266.221965
2015-05-18,3911060440.8346667
2015-05-19,3892264036.757728
2015-05-20,3897824704.9057846
2015-05-21,3932168356.8418736
2015-05-22,3913948637.992388
2015-05-26,3895473268.6860394
2015-05-27,3929666537.821003
2015-05-28,3928778769.276253
2015-05-29,3906695592.199373
2015-06-01,3897202096.666685
2015-06-02,3865986740.4902325
2015-06-03,3843064419.8457375
2015-06-04,3829140932.2692404
2015-06-05,3794778430.945354
2015-06-08,3776710272.1478653
2015-06-09,3763722632.360206
2015-06-10,3794248701.384546
2015-06-11,3836226067.453241
2015-06-12,3804667707.853703
2015-06-15,3797253149.876682
2015-06-16,3832003153.916144
2015-06-17,3840128258.4338126
2015-06-18,3876673230.65054
2015-06-19,3880038141.2613425
2015-06-22,3866997309.8016596
2015-06-23,3857723084.521014
2015-06-24,3841051590.297022
2015-06-25,3819737348.8821416
2015-06-26,3800581036.5180807
2015-06-29,3764888532.2337246
2015-06-30,3762143657.9597807
2015-07-01,3772155964.032859
2015-07-02,3766765566.8118677
2015-07-06,3756004123.281237
2015-07-07,3779476472.708021
2015-07-08,3716187515.9303994
2015-07-09,3722813933.617613
2015-07-10,3769473806.1649213
2015-07-13,3810878480.287967
2015-07-14,3827286431.2184787
2015-07-15,3825943155.0406485
2015-07-16,3856479052.39087
2015-07-17,3859662369.7103915
2015-07-20,3861579047.4214625
2015-07-21,3846288208.74459
2015-07-22,3839328542.1795845
2015-07-23,3817697331.797455
2015-07-24,3778135603.9274297
2015-07-27,3756143544.6875253
2015-07-28,3802076639.3246818
2015-07-29,3828085181.7065654
2015-07-30,3828913642.6852293
2015-07-31,3823043498.191097
2015-08-03,3810108192.302457
2015-08-04,3780955893.486517
2015-08-05,3778607149.2479696
2015-08-06,3760733754.285485
2015-08-07,3768315237.3669477
2015-08-10,3799731122.3344684
2015-08-11,3790294633.841451
2015-08-12,3793222202.6564674
2015-08-13,3778529418.463734
2015-08-14,3788148324.468486
2015-08-17,3815757136.9323664
2015-08-18,3798626888.3206077
2015-08-19,3791628819.225295
2015-08-20,3723398306.6577406
2015-08-21,3627818755.197262
2015-08-24,3483848263.771901
2015-08-25,3424459886.465503
2015-08-26,3531846581.0380263
2015-08-27,3616283227.352283
2015-08-28,3616904708.2763844
2015-08-31,3581676408.136334
2015-09-01,3491474526.5212564
2015-09-02,3480143716.014922
2015-09-03,3488622995.960061
2015-09-04,3499362369.9771757
2015-09-08,3483985927.0454917
2015-09-09,3485229315.291167
2015-09-10,3477278989.289893
2015-09-11,3486433634.910753
2015-09-14,3489644523.6710014
2015-09-15,3462069323.5399785
2015-09-16,3461004276.540544
2015-09-17,3490162065.145274
2015-09-18,3506488013.4218454
2015-09-21,3486590463.4435964
2015-09-22,3503908265.740815
2015-09-23,3499933356.4696198
2015-09-24,3505083601.4048605
2015-09-25,3495909239.385178
2015-09-28,3515767718.380576
2015-09-29,3527677724.1912847
2015-09-30,3528250737.7091966
2015-10-01,3530888126.5096526
2015-10-02,3547563221.5851436
2015-10-05,3528328077.137585
2015-10-06,3535354827.7927876
2015-10-07,3526606205.849961
2015-10-08,3517494588.80319
2015-10-09,3519372668.5290914
2015-10-12,3530973725.0978374
2015-10-13,3534135593.1295853
2015-10-14,3553052672.620281
2015-10-15,3541181599.0404162
2015-10-16,3538226815.766672
2015-10-19,3536551538.008941
2015-10-20,3524598446.104307
2015-10-21,3536478689.1813607
2015-10-22,3539943813.368154
2015-10-23,3520299151.360083
2015-10-26,3529290314.718277
2015-10-27,3537925859.8802457
2015-10-28,3519867836.8614945
2015-10-29,3498430895.0618043
2015-10-30,3505233608.0635014
2015-11-02,3495137944.237843
2015-11-03,3494201473.028285
2015-11-04,3479831412.301003
2015-11-05,3473906743.183181
2015-11-06,3448361130.1366787
2015-11-09,3410104488.2305837
2015-11-10,3424276826.070465
2015-11-11,3409069336.7655864
2015-11-12,3363329048.7056193
2015-11-13,3338228744.9936986
2015-11-16,3392993103.0628395
2015-11-17,3389436672.890349
2015-11-18,3441125843.428111
2015-11-19,3445317683.097257
2015-11-20,3453203905.447538
2015-11-23,3453547552.992502
2015-11-24,3460482394.368799
2015-11-25,3461779594.789811
2015-11-27,3469126601.7111187
2015-11-30,3455999709.104117
2015-12-01,3506776573.4175715
2015-12-02,3461727169.3793273
2015-12-03,3377516236.256271
2015-12-04,3455521731.9632664
2015-12-07,3445366698.8549256
2015-12-08,3424154735.4463005
2015-12-09,3402669309.712136
2015-12-10,3403924411.639445
2015-12-11,3365309690.366131
2015-12-14,3357158517.0788965
2015-12-15,3383350966.4782395
2015-12-16,3423439963.2136855
2015-12-17,3385374576.5994062
2015-12-18,3337455142.41543
2015-12-21,3366064957.620041
2015-12-22,3386621729.013663
2015-12-23,3420404874.8228416
2015-12-24,3420817010.442782
2015-12-28,3413538601.721372
2015-12-29,3431713380.6878667
2015-12-30,3408597264.3040323
2015-12-31,3378318575.9269485
2016-01-04,3345524477.8583536
2016-01-05,3349381178.2016397
2016-01-06,3307442618.114685
2016-01-07,3228742246.873772
2016-01-08,3193563920.945699
2016-01-11,3196633826.6984115
2016-01-12,3222123700.6148524
2016-01-13,3142434911.306703
2016-01-14,3193478666.327468
2016-01-15,3125495384.1025343
2016-01-19,3129556520.160223
2016-01-20,3089764671.375208
2016-01-21,3106848668.1276298
2016-01-22,3169927260.4534936
2016-01-25,3122387569.9058733
2016-01-26,3164529537.560123
2016-01-27,3130343323.5571575
2016-01-28,3146436743.878624
2016-01-29,3222374939.734996
2016-02-01,3221158606.381793
2016-02-02,3240706942.4908595
2016-02-03,3237129090.276595
2016-02-04,3244690192.990847
2016-02-05,3248720686.3442583
2016-02-08,3272593119.6310267
2016-02-09,3273106050.29146
2016-02-10,3282545360.99414
2016-02-11,3297519300.983849
2016-02-12,3272518387.501776
2016-02-16,3262640802.0041404
2016-02-17,3254510423.668724
2016-02-18,3269742259.120445
2016-02-19,3269676766.9871483
2016-02-22,3266334008.8682036
2016-02-23,3272831130.322421
2016-02-24,3272412349.887157
2016-02-25,3282116770.4610486
2016-02-26,3266144767.0956135
2016-02-29,3271423159.5205827
2016-03-01,3245776961.1319695
2016-03-02,3240009139.399227
2016-03-03,3243852751.1859965
2016-03-04,3232676912.22161
2016-03-07,3225965395.6339474
2016-03-08,3244994478.3419967
2016-03-09,3232024188.2482004
2016-03-10,3220162552.7598953
2016-03-11,3210673337.365222
2016-03-14,3212927928.28256
2016-03-15,3212274076.8075075
2016-03-16,3229073342.468288
2016-03-17,3232536245.1161046
2016-03-18,3238042474.50724
2016-03-21,3228922819.105691
2016-03-22,3222109532.749041
2016-03-23,3236768350.67494
2016-03-24,3233492162.013533
2016-03-28,3238115161.821659
2016-03-29,3259683088.125118
2016-03-30,3255281546.63876
2016-03-31,3266812641.578159
2016-04-01,3265827385.0508037
2016-04-04,3257216811.466599
2016-04-05,3237230809.1884217
2016-04-06,3265396102.232246
2016-04-07,3242641183.5092998
2016-04-08,3246318242.6645613
2016-04-11,3238015960.004559
2016-04-12,3255264550.573072
2016-04-13,3290241795.9788823
2016-04-14,3282439248.3027034
2016-04-15,3288473249.5406585
2016-04-18,3308093765.8891587
2016-04-19,3313007591.7351193
2016-04-20,3299340054.2199235
2016-04-21,3276027717.222024
2016-04-22,3272266432.2978992
2016-04-25,3262872602.132235
2016-04-26,3260685606.9887443
2016-04-27,3285170518.9950657
2016-04-28,3266616542.6393538
2016-04-29,3247799961.825886
2016-05-02,3263821248.023165
2016-05-03,3254711381.814487
2016-05-04,3242492889.6025615
2016-05-05,3250509941.052049
2016-05-06,3254472132.51781
2016-05-09,3263123304.741549
2016-05-10,3302335504.580774
2016-05-11,3276710240.354281
2016-05-12,3268744352.44445
2016-05-13,3252767093.160041
2016-05-16,3272506617.777848
2016-05-17,3237836385.529786
2016-05-18,3212544140.8666816
2016-05-19,3204509106.4829783
2016-05-20,3226525257.999104
2016-05-23,3224032871.1572623
2016-05-24,3260111665.988694
2016-05-25,3279774653.0901184
2016-05-26,3290673198.5928764
2016-05-27,3298324352.782185
2016-05-31,3295775152.906272
2016-06-01,3301216709.894745
2016-06-02,3321155177.1035604
2016-06-03,3341343772.170425
2016-06-06,3349085968.5773687
2016-06-07,3358903705.581741
2016-06-08,3373434908.354508
2016-06-09,3373869282.1650195
2016-06-10,3354047712.1640167
2016-06-13,3335171369.912262
2016-06-14,3327713297.0837364
2016-06-15,3333155119.9553404
2016-06-16,3346225773.2925673
2016-06-17,3322703482.4711747
2016-06-20,3329112222.5124307
2016-06-21,3330708963.4434137
2016-06-22,3331831149.8992496
2016-06-23,3358269089.54967
2016-06-24,3285603485.293737
2016-06-27,3257013981.667802
2016-06-28,3314935301.5305605
2016-06-29,3357988405.4924097
2016-06-30,3411078149.25291
2016-07-01,3427004583.598712
2016-07-05,3420914935.3714266
2016-07-06,3441694017.331252
2016-07-07,3434930618.0532517
2016-07-08,3492139847.549078
2016-07-11,3486301385.751738
2016-07-12,3491238176.763943
2016-07-13,3499378746.049795
2016-07-14,3504535126.9383373
2016-07-15,3486552171.650634
2016-07-18,3494896674.8818665
2016-07-19,3500326343.9989214
2016-07-20,3507782135.1371465
2016-07-21,3501906103.409818
2016-07-22,3514769526.5607066
2016-07-25,3502230249.0822115
2016-07-26,3505822252.755947
2016-07-27,3516562780.732546
2016-07-28,3522280430.108574
2016-07-29,3541179674.884353
2016-08-01,3525885123.503049
2016-08-02,3494669493.422705
2016-08-03,3506552956.780813
2016-08-04,3518509454.2753587
2016-08-05,3525346270.7310214
2016-08-08,3521177697.5363345
2016-08-09,3535630328.761329
2016-08-10,3536041656.516236
2016-08-11,3535508183.350968
2016-08-12,3544744604.3172994
2016-08-15,3544535779.233409
2016-08-16,3520115304.0181823
2016-08-17,3532207303.243799
2016-08-18,3546212392.81075
2016-08-19,3529028603.687643
2016-08-22,3536506139.947203
2016-08-23,3543146600.237889
2016-08-24,3523556234.388667
2016-08-25,3515326348.8674073
2016-08-26,3494284922.3910637
2016-08-29,3525708790.4138393
2016-08-30,3519425927.510275
2016-08-31,3505221501.168784
2016-09-01,3510666524.1107903
2016-09-02,3517201862.80508
2016-09-06,3543912393.0453043
2016-09-07,3545270741.9693336
2016-09-08,3519964990.226468
2016-09-09,3419078570.259678
2016-09-12,3470980384.605931
2016-09-13,3408316040.380754
2016-09-14,3414537633.1629033
2016-09-15,3449332551.1322293
2016-09-16,3439535822.199733
2016-09-19,3434181376.4575963
2016-09-20,3439383975.2896023
2016-09-21,3483287572.344421
2016-09-22,3515048546.0905857
2016-09-23,3497281957.901197
2016-09-26,3479066805.1753526
2016-09-27,3506213598.889441
2016-09-28,3521665261.7740073
2016-09-29,3492190213.820543
2016-09-30,3509297211.6777096
2016-10-03,3492593498.351424
2016-10-04,3458653381.3332887
2016-10-05,3465908489.5545993
2016-10-06,3460942694.4451995
2016-10-07,3453898670.197147
2016-10-10,3462615259.070617
2016-10-11,3417703403.279881
2016-10-12,3421978529.005877
2016-10-13,3417725046.036043
2016-10-14,3408809211.596411
2016-10-17,3404204731.554508
2016-10-18,3432078047.703937
2016-10-19,3442548510.907785
2016-10-20,3432898915.5899596
2016-10-21,3438008310.74981
2016-10-24,3447780126.1183534
2016-10-25,3435466579.79986
2016-10-26,3421022136.6060796
2016-10-27,3399995466.391443
2016-10-28,3390379291.446279
2016-10-31,3393128308.8040566
2016-11-01,3368507413.6172266
2016-11-02,3358176004.331384
2016-11-03,3340545018.8710303
2016-11-04,3346992015.667412
2016-11-07,3406289303.8162985
2016-11-08,3409565607.5908933
2016-11-09,3394553532.7459807
2016-11-10,3382436953.000221
2016-11-11,3367490779.102899
2016-11-14,3350426711.002371
2016-11-15,3376344526.7776065
2016-11-16,3372953263.5888543
2016-11-17,3375324061.6075745
2016-11-18,3352671292.9756045
2016-11-21,3380628893.82289
2016-11-22,3390198812.3039365
2016-11-23,3379822928.459269
2016-11-25,3388541035.9519653
2016-11-28,3387804602.885821
2016-11-29,3397696725.642667
2016-11-30,3366815725.777176
2016-12-01,3341387350.8354373
2016-12-02,3341305710.5188403
2016-12-05,3361326657.258476
2016-12-06,3371912603.973557
2016-12-07,3415976733.4149036
2016-12-08,3424277806.8467407
2016-12-09,3444904933.4428983
2016-12-12,3440880552.8347373
2016-12-13,3463790587.013468
2016-12-14,3435113108.1932225
2016-12-15,3449196763.947517
2016-12-16,3442378329.886648
2016-12-19,3449810400.6221895
2016-12-20,3463059290.375548
2016-12-21,3453345711.9774985
2016-12-22,3447307690.8257055
2016-12-23,3452291298.0624156
2016-12-27,3460794230.5945506
2016-12-28,3432101140.0781965
2016-12-29,3431267537.5423
2016-12-30,3418647304.0413613
2017-01-03,3444754230.607666
2017-01-04,3465197719.163833
2017-01-05,3462374272.5295215
2017-01-06,3474703433.94215
2017-01-09,3463154205.7057915
2017-01-10,3463085360.051881
2017-01-11,3472812633.469239
2017-01-12,3464018811.2799573
2017-01-13,3471910399.5731893
2017-01-17,3459595000.2762694
2017-01-18,3467179648.320978
2017-01-19,3454253534.21045
2017-01-20,3466889049.235548
2017-01-23,3457788845.1659327
2017-01-24,3479915809.230359
2017-01-25,3510002254.3003454
2017-01-26,3506257353.913097
2017-01-27,3500677403.3162365
2017-01-30,3478872584.370168
2017-01-31,3478496363.996785
2017-02-01,3479803918.939753
2017-02-02,3482031971.21697
2017-02-03,3505994631.560959
2017-02-06,3499649537.925833
2017-02-07,3499733423.1485705
2017-02-08,3504255639.7973228
2017-02-09,3525003279.731097
2017-02-10,3538861653.3544183
2017-02-13,3558079156.262056
2017-02-14,3572243890.2733974
2017-02-15,3590847487.6155457
2017-02-16,3587714712.721802
2017-02-17,3593306236.903737
2017-02-21,3614665325.2775736
2017-02-22,3611379367.292504
2017-02-23,3613394707.321523
2017-02-24,3617914626.7898083
2017-02-27,3623506606.4746766
2017-02-28,3613638347.21428
2017-03-01,3664232098.282939
2017-03-02,3641045827.594344
2017-03-03,3643268674.4210334
2017-03-06,3632328620.7635655
2017-03-07,3621388775.643469
2017-03-08,3614580734.850361
2017-03-09,3619100820.856889
2017-03-10,3631733703.9402776
2017-03-13,3633498588.4875693
2017-03-14,3619496296.474126
2017-03-15,3650803574.8845696
2017-03-16,3643536554.190235
2017-03-17,3637053417.7625217
2017-03-20,3632983141.3941026
2017-03-21,3586174497.372633
2017-03-22,3594558784.844591
2017-03-23,3590643931.2997417
2017-03-24,3587959124.4831977
2017-03-27,3584196821.0645375
2017-03-28,3610261360.8689027
2017-03-29,3613571455.288413
2017-03-30,3625029715.8876786
2017-03-31,3616501885.1665745
2017-04-03,3610126335.804917
2017-04-04,3612360757.60008
2017-04-05,3601526979.5217476
2017-04-06,3611601968.2921634
2017-04-07,3607839690.203369
2017-04-10,3609920082.4390817
2017-04-11,3605542436.3978176
2017-04-12,3589636696.393969
2017-04-13,3566196807.9047484
2017-04-17,3597795329.786064
2017-04-18,3586962614.087422
2017-04-19,3580279772.2340107
2017-04-20,3609418330.1010528
2017-04-21,3597815938.189857
2017-04-24,3637408275.315261
2017-04-25,3658552033.304515
2017-04-26,3656172265.018311
2017-04-27,3659174882.6958528
2017-04-28,3651106826.236563
2017-05-01,3660257263.0795813
2017-05-02,3661568463.45875
2017-05-03,3657037563.311878
2017-05-04,3661268489.9750338
2017-05-05,3675647512.1220922
2017-05-08,3674958935.5521626
2017-05-09,3671502040.510165
2017-05-10,3678039900.5845275
2017-05-11,3670433288.390295
2017-05-12,3664210046.7292066
2017-05-15,3684431312.232813
2017-05-16,3680974752.3903294
2017-05-17,3615409072.734235
2017-05-18,3629941658.723989
2017-05-19,3653544877.876193
2017-05-22,3672073652.5595045
2017-05-23,3680148997.366436
2017-05-24,3688685247.0478196
2017-05-25,3705920974.517348
2017-05-26,3705078200.188333
2017-05-30,3701774402.589583
2017-05-31,3700778713.2868557
2017-06-01,3730222777.3642163
2017-06-02,3742599527.970081
2017-06-05,3739758187.5824604
2017-06-06,3727692192.2554593
2017-06-07,3734535012.9643703
2017-06-08,3736305343.660441
2017-06-09,3730541983.825801
2017-06-12,3729699465.7338905
2017-06-13,3747919051.9597144
2017-06-14,3743078943.946786
2017-06-15,3735777077.705344
2017-06-16,3736521331.8176274
2017-06-19,3767653234.884802
2017-06-20,3742086539.364153
2017-06-21,3741085394.244845
2017-06-22,3739310517.677916
2017-06-23,3743716315.0958853
2017-06-26,3746113410.36853
2017-06-27,3715758869.648394
2017-06-28,3749053265.326744
2017-06-29,3715917634.4101276
2017-06-30,3722795402.38814
2017-07-03,3729054652.9254117
2017-07-05,3737631016.8329144
2017-07-06,3703259141.2522078
2017-07-07,3727285334.3316884
2017-07-10,3731227785.2020345
2017-07-11,3728371953.2889376
2017-07-12,3756413477.3830094
2017-07-13,3762672843.6188755
2017-07-14,3780208821.1961784
2017-07-17,3779669495.6309314
2017-07-18,3781602812.9692593
2017-07-19,3802073423.1655984
2017-07-20,3803695984.0078387
2017-07-21,3800221336.193573
2017-07-24,3799217225.4923353
2017-07-25,3808410963.949388
2017-07-26,3808488835.364285
2017-07-27,3804858430.55319
2017-07-28,3800302455.7401133
2017-07-31,3798063539.4624877
2017-08-01,3806483840.034917
2017-08-02,3802549316.834879
2017-08-03,3808025689.2047644
2017-08-04,3804362937.1323733
2017-08-07,3813262491.0244093
2017-08-08,3800384591.308549
2017-08-09,3804543448.0060925
2017-08-10,3764771690.6656947
2017-08-11,3774233684.3082204
2017-08-14,3801979381.348818
2017-08-15,3789919907.8142657
2017-08-16,3803312295.9802933
2017-08-17,3757264362.533041
2017-08-18,3751826514.203985
2017-08-21,3756882788.8380427
2017-08-22,3788304168.0042734
2017-08-23,3787430238.803511
2017-08-24,3772462710.7276115
2017-08-25,3787198675.552039
2017-08-28,3789807155.2637157
2017-08-29,3802579988.9907193
2017-08-30,3816962264.8114147
2017-08-31,3845362472.670791
2017-09-01,3839325804.8971996
2017-09-05,3838018504.2264013
2017-09-06,3841593074.802443
2017-09-07,3857216672.896994
2017-09-08,3849690371.887355
2017-09-11,3868312950.812853
2017-09-12,3871814451.154981
2017-09-13,3865625231.3011265
2017-09-14,3864796297.353477
2017-09-15,3874249755.912745
2017-09-18,3867335345.007657
2017-09-19,3866644128.261781
2017-09-20,3860278148.519836
2017-09-21,3844640829.9406443
2017-09-22,3851881279.5259576
2017-09-25,3855073283.7135324
2017-09-26,3853899154.9587636
2017-09-27,3849074046.4584503
2017-09-28,3852682686.1109133
2017-09-29,3861312931.4749317
2017-10-02,3873501266.2035794
2017-10-03,3886919806.4613495
2017-10-04,3890162801.6032505
2017-10-05,3909066188.900888
2017-10-06,3899602461.774025
2017-10-09,3897127775.4335213
2017-10-10,3908598550.9084463
2017-10-11,3918774187.036054
2017-10-12,3916181829.161654
2017-10-13,3933557379.155903
2017-10-16,3931786765.5582147
2017-10-17,3932754516.030995
2017-10-18,3926328695.687439
2017-10-19,3931126822.991922
2017-10-20,3934853687.251277
2017-10-23,3922928504.1143913
2017-10-24,3917658165.9302893
2017-10-25,3891635170.3281603
2017-10-26,3891168497.978604
2017-10-27,3935197684.044132
2017-10-30,3934202982.4572883
2017-10-31,3937412360.641407
2017-11-01,3944597070.1335764
2017-11-02,3950903286.3611183
2017-11-03,3969859190.832352
2017-11-06,3980345505.827014
2017-11-07,3978718237.5218253
2017-11-08,3980364211.4337435
2017-11-09,3964263745.011707
2017-11-10,3943081438.2047124
2017-11-13,3944560950.0052147
2017-11-14,3940585840.5616274
2017-11-15,3934510045.1882434
2017-11-16,3957530129.678645
2017-11-17,3950731172.232228
2017-11-20,3950884758.9659023
2017-11-21,3976990830.3718033
2017-11-22,3985557560.7251577
2017-11-24,3990904803.6916137
2017-11-27,3990387743.099228
2017-11-28,4030966093.829732
2017-11-29,4015416946.678951
2017-11-30,4037634783.131087
2017-12-01,4043710531.18506
2017-12-04,4036595718.34438
2017-12-05,4024793143.8891854
2017-12-06,4033489186.0989423
2017-12-07,4038628005.8395896
2017-12-08,4057176922.2597466
2017-12-11,4066343834.759835
2017-12-12,4069729754.466135
2017-12-13,4085188650.954969
2017-12-14,4066726250.6757956
2017-12-15,4099287635.8604245
2017-12-18,4115743631.551521
2017-12-19,4081474787.0498104
2017-12-20,4067148186.1180887
2017-12-21,4078023253.4816113
2017-12-22,4078117602.9146905
2017-12-26,4074358876.710464
2017-12-27,4093164710.2751546
2017-12-28,4096265677.173353
2017-12-29,4086902453.8338833
2018-01-02,4102470134.802711
2018-01-03,4132295410.399816
2018-01-04,4147450786.457398
2018-01-05,4169509731.5674496
2018-01-08,4174770006.050725
2018-01-09,4164080341.1739655
2018-01-10,4156104723.441548
2018-01-11,4188811344.4881787
2018-01-12,4212924427.6726546
2018-01-16,4200108371.113408
2018-01-17,4230601805.701256
2018-01-18,4209922079.646224
2018-01-19,4217957016.4711843
2018-01-22,4250513804.832925
2018-01-23,4271285344.4902043
2018-01-24,4261201979.6651077
2018-01-25,4271868513.8644385
2018-01-26,4308774167.670659
2018-01-29,4268916971.311762
2018-01-30,4214792873.57894
2018-01-31,4217669213.1016984
2018-02-01,4190743120.8748536
2018-02-02,4097351972.5904837
2018-02-05,3925822064.9744034
2018-02-06,4003134300.6320705
2018-02-07,3981326126.5597034
2018-02-08,3831823998.6498747
2018-02-09,3889344203.5505524
2018-02-12,3946416825.2718678
2018-02-13,3956160504.3821073
2018-02-14,4009510100.5824504
2018-02-15,4060627006.142703
2018-02-16,4061735996.946253
2018-02-20,4036206449.215027
2018-02-21,4016035569.5355816
2018-02-22,4021163018.0689673
2018-02-23,4084825930.5532794
2018-02-26,4132218021.457536
2018-02-27,4080495445.754528
2018-02-28,4039039935.2007823
2018-03-01,3980172234.474229
2018-03-02,4000632485.860664
2018-03-05,4046837964.988488
2018-03-06,4057023883.8877974
2018-03-07,4055456056.289476
2018-03-08,4075019869.248358
2018-03-09,4145930234.1182685
2018-03-12,4140638410.178758
2018-03-13,4113765807.5371284
2018-03-14,4092551139.9326606
2018-03-15,4088005504.747772
2018-03-16,4092361494.7792645
2018-03-19,4036843021.1514187
2018-03-20,4043637220.3241725
2018-03-21,4035785620.0618176
2018-03-22,3934696577.1878576
2018-03-23,3850641982.0488353
2018-03-26,3956056968.8232574
2018-03-27,3888588984.2589245
2018-03-28,3877005613.350981
2018-03-29,3926536280.7770314
2018-04-02,3841585863.3392515
2018-04-03,3890818739.251337
2018-04-04,3932430229.158671
2018-04-05,3963430305.731834
2018-04-06,3874894076.069091
2018-04-09,3893943092.637226
2018-04-10,3955875583.48886
2018-04-11,3935026726.7742558
2018-04-12,3967373456.906125
2018-04-13,3955638688.2641435
2018-04-16,3988132937.436465
2018-04-17,4030788109.9959154
2018-04-18,4033697720.5679913
2018-04-19,4011203062.197369
2018-04-20,3977054113.879173
2018-04-23,3976377375.644651
2018-04-24,3922655211.4904065
2018-04-25,3932288815.2900186
2018-04-26,3972255665.173287
2018-04-27,3975911034.167687
2018-04-30,3945201123.4148483
2018-05-01,3952143846.4444976
2018-05-02,3925467692.1773334
2018-05-03,3916722775.406825
2018-05-04,3967447646.9810166
2018-05-07,3980816145.295373
2018-05-08,3980736462.3642273
2018-05-09,4019208343.0010223
2018-05-10,4056782219.5578027
2018-05-11,4069103204.189316
2018-05-14,4070964391.1566525
2018-05-15,4042790319.4168715
2018-05-16,4059744632.98745
2018-05-17,4056226981.000898
2018-05-18,4045984154.97483
2018-05-21,4076386024.322725
2018-05-22,4064947323.912028
2018-05-23,4076073408.0203805
2018-05-24,4067624361.2384195
2018-05-25,4057421333.829858
2018-05-29,4010571030.983185
2018-05-30,4064133228.5735373
2018-05-31,4039098575.4811506
2018-06-01,4078763806.751652
2018-06-04,4098107650.1652656
2018-06-05,4101012256.856319
2018-06-06,4135298761.406085
2018-06-07,4134766537.412331
2018-06-08,4146936549.3060126
2018-06-11,4152382351.3672285
2018-06-12,4157679064.32513
2018-06-13,4144295669.2049866
2018-06-14,4154673826.414582
2018-06-15,4149275490.846657
2018-06-18,4140636465.7772756
2018-06-19,4124644020.5084176
2018-06-20,4131615788.250975
2018-06-21,4105565370.173388
2018-06-22,4112988307.207285
2018-06-25,4056772313.821048
2018-06-26,4065694756.6199856
2018-06-27,4031843034.73065
2018-06-28,4054875918.2797346
2018-06-29,4060648939.2515454
2018-07-02,4069272004.4189196
2018-07-03,4054781242.6248198
2018-07-05,4087868679.6565356
2018-07-06,4122460438.0709248
2018-07-09,4159600636.239244
2018-07-10,4174526755.2014656
2018-07-11,4143822227.081345
2018-07-12,4181413041.3798027
2018-07-13,4184630199.132389
2018-07-16,4180793703.082125
2018-07-17,4197672051.847857
2018-07-18,4206442315.6278005
2018-07-19,4190447346.9842854
2018-07-20,4185559102.0854135
2018-07-23,4193279510.7955294
2018-07-24,4214359140.6167502
2018-07-25,4250297842.077619
2018-07-26,4240155192.4034486
2018-07-27,4211253231.63982
2018-07-30,4189104582.665978
2018-07-31,4209732417.340813
2018-08-01,4202592008.704952
2018-08-02,4225472546.4447827
2018-08-03,4243548443.4722476
2018-08-06,4259074033.289695
2018-08-07,4273097146.8925657
2018-08-08,4271209894.9813848
2018-08-09,4265269053.6657867
2018-08-10,4236514952.128356
2018-08-13,4220519209.810343
2018-08-14,4247451110.356359
2018-08-15,4215545827.226758
2018-08-16,4249683189.474723
2018-08-17,4264607002.188615
2018-08-20,4273677788.909769
2018-08-21,4283646126.5952196
2018-08-22,4281008770.5383153
2018-08-23,4275218935.325815
2018-08-24,4300948566.152437
2018-08-27,4334932591.99221
2018-08-28,4336511813.3111
2018-08-29,4359837142.516304
2018-08-30,4342039168.130653
2018-08-31,4342102262.949822
2018-09-04,4334507357.604656
2018-09-05,4322714363.06356
2018-09-06,4309567134.226261
2018-09-07,4301076383.178196
2018-09-10,4308493548.614502
2018-09-11,4322665902.316612
2018-09-12,4323628835.104465
2018-09-13,4349207815.284514
2018-09-14,4349871727.023219
2018-09-17,4326670363.483235
2018-09-18,4350143955.859663
2018-09-19,4354710143.516281
2018-09-20,4390042966.8370285
2018-09-21,4385928844.017443
2018-09-24,4371216282.624458
2018-09-25,4367055151.043638
2018-09-26,4353850264.227654
2018-09-27,4365975997.430701
2018-09-28,4366339445.645268
2018-10-01,4381478462.245195
2018-10-02,4378826431.7067375
2018-10-03,4381149737.25182
2018-10-04,4346685777.446284
2018-10-05,4322173592.414901
2018-10-08,4322085992.45902
2018-10-09,4315662955.839677
2018-10-10,4178374074.448166
2018-10-11,4085867094.018491
2018-10-12,4142773816.496237
2018-10-15,4119320520.130258
2018-10-16,4209699896.634944
2018-10-17,4210369609.287038
2018-10-18,4149219433.027587
2018-10-19,4146873921.297578
2018-10-22,4128093947.729025
2018-10-23,4106901831.896159
2018-10-24,3981827731.3747582
2018-10-25,4053513805.999692
2018-10-26,3981814509.9772115
2018-10-29,3959570035.9759
2018-10-30,4018442367.381509
2018-10-31,4061481149.8649974
2018-11-01,4104821162.797597
2018-11-02,4103126313.996568
2018-11-05,4103499763.864211
2018-11-06,4103871656.048169
2018-11-07,4104245173.753814
2018-11-08,4104615541.375123
2018-11-09,4104987534.679822
2018-11-12,4105361950.015404
2018-11-13,4105738787.688324
2018-11-14,4106114067.7197275
2018-11-15,4106487789.5205617
2018-11-16,4106859952.50346
2018-11-19,4107236927.6803994
2018-11-20,4107613937.4604874
2018-11-21,4107994167.3003225
2018-11-23,4108374432.336925
2018-11-26,4108756325.3626347
2018-11-27,4109136660.9499855
2018-11-28,4109515438.504273
2018-11-29,4109889469.884041
2018-11-30,4110263535.3066235
2018-12-03,4110640822.903817
2018-12-04,3992039408.4028225
2018-12-06,3995591173.531281
2018-12-07,3914631808.417455
2018-12-10,3923713537.900499
2018-12-11,3914186163.562575
2018-12-12,3922499929.7074714
2018-12-13,3922959819.5246763
2018-12-14,3856606840.240116
2018-12-17,3792288642.117676
2018-12-18,3797000674.5391064
2018-12-19,3753639650.842896
2018-12-20,3688322290.597943
2018-12-21,3616630928.7569
2018-12-24,3531264701.5336046
2018-12-26,3688965049.773871
2018-12-27,3725646592.2050767
2018-12-28,3740407261.0381436
2018-12-31,3785779509.1732726
2019-01-02,3797063501.7968235
2019-01-03,3825188468.7476325
2019-01-04,3794742200.9050345
2019-01-07,3784162304.4931736
2019-01-08,3774628082.2558074
2019-01-09,3776743676.0243235
2019-01-10,3774840739.173755
2019-01-11,3786090655.618045
2019-01-14,3783831426.363687
2019-01-15,3780115300.9587007
2019-01-16,3777853534.034193
2019-01-17,3770842460.3367534
2019-01-18,3758689586.4670496
2019-01-22,3771850489.77257
2019-01-23,3769944666.9665465
2019-01-24,3781950408.394652
2019-01-25,3773132401.748581
2019-01-28,3774153447.234163
2019-01-29,3785041158.488216
2019-01-30,3793702698.3600907
2019-01-31,3811043034.0799837
2019-02-01,3790775141.17007
2019-02-04,3782332581.7048883
2019-02-05,3788827774.026608
2019-02-06,3791667603.5610313
2019-02-07,3803960950.8998203
2019-02-08,3808950854.2488465
2019-02-11,3803107846.481758
2019-02-12,3797970763.362802
2019-02-13,3788462309.0731134
2019-02-14,3806234920.861378
2019-02-15,3802545885.44487
2019-02-19,3808989267.6068187
2019-02-20,3808192562.266485
2019-02-21,3796924528.831179
2019-02-22,3808101939.018365
2019-02-25,3801805482.493153
2019-02-26,3813043205.704878
2019-02-27,3799524741.972044
2019-02-28,3789577070.418857
2019-03-01,3776951666.5279827
2019-03-04,3772477353.339615
2019-03-05,3769035330.9791117
2019-03-06,3756308542.0691376
2019-03-07,3737230529.180986
2019-03-08,3734715546.379119
2019-03-11,3784904148.2177815
2019-03-12,3808935267.494206
2019-03-13,3831901094.911372
2019-03-14,3823620900.4195747
2019-03-15,3853633283.2606354
2019-03-18,3861933089.110768
2019-03-19,3859882207.1169643
2019-03-20,3873986620.254835
2019-03-21,3914542856.077771
2019-03-22,3868595956.689095
2019-03-25,3875035991.1955414
2019-03-26,3899391821.708899
2019-03-27,3890222267.9273915
2019-03-28,3904406850.0645547
2019-03-29,3921714104.2106094
2019-04-01,3940020737.8246746
2019-04-02,3947986456.0756006
2019-04-03,3941524071.438899
2019-04-04,3955317118.044771
2019-04-05,3975424776.1311226
2019-04-08,3971673232.118308
2019-04-09,3958131750.1102676
2019-04-10,3980011846.9044495
2019-04-11,3969678648.120836
2019-04-12,3977599297.4320903
2019-04-15,3979679569.99386
2019-04-16,3968499008.7723303
2019-04-17,3959129133.1407585
2019-04-18,3975562542.375254
2019-04-22,3972899669.912822
2019-04-23,4014675365.46733
2019-04-24,4020535338.4878035
2019-04-25,4012652683.9045954
2019-04-26,4041135665.4395313
2019-04-29,4038510416.0013833
2019-04-30,4047976184.0394917
2019-05-01,4015765646.586373
2019-05-02,3995349052.8755436
2019-05-03,4038672133.653881
2019-05-06,4032051436.8333464
2019-05-07,3979064404.8706694
2019-05-08,3965618831.2068563
2019-05-09,3963908152.5868516
2019-05-10,3980220692.3805223
2019-05-13,3901804882.540532
2019-05-14,3931889559.916279
2019-05-15,3966521738.9189715
2019-05-16,3993877855.207071
2019-05-17,3970098431.418067
2019-05-20,3937334568.382448
2019-05-21,3966933628.4653807
2019-05-22,3966515872.778242
2019-05-23,3943068029.477088
2019-05-24,3950324269.2657
2019-05-28,3929528993.9472127
2019-05-29,3901295230.336151
2019-05-30,3925500844.731266
2019-05-31,3898395051.280877
2019-06-03,3906784230.2494817
2019-06-04,3890634701.440493
2019-06-05,3890559132.4524827
2019-06-06,3889768384.407131
2019-06-07,3905013747.5222173
2019-06-10,3885805500.99171
2019-06-11,3885728840.445616
2019-06-12,3895652913.961215
2019-06-13,3905187342.679589
2019-06-14,3907946586.102934
2019-06-17,3907165441.82926
2019-06-18,3914527997.625291
2019-06-19,3925041933.216862
2019-06-20,3931294954.556754
2019-06-21,3915454780.725326
2019-06-24,3928792810.3504972
2019-06-25,3934686939.7110796
2019-06-26,3918870219.767626
2019-06-27,3930422785.4654126
2019-06-28,3932105116.4944525
2019-07-01,3927195092.9446883
2019-07-02,3948698449.256879
2019-07-03,3987038477.484032
2019-07-05,3956649244.9373574
2019-07-08,3930408921.3526573
2019-07-09,3932284348.2699633
2019-07-10,3952740477.5270486
2019-07-11,3942118855.885931
2019-07-12,3963620562.96979
2019-07-15,3972762838.367421
2019-07-16,3950867477.010257
2019-07-17,3941957275.3675547
2019-07-18,3965530776.349453
2019-07-19,3936054146.595842
2019-07-22,3946990700.0402966
2019-07-23,3968135928.9186
2019-07-24,3991980265.9911766
2019-07-25,3965737929.4985695
2019-07-26,3991018348.0423207
2019-07-29,3986891179.58794
2019-07-30,3978467468.725305
2019-07-31,3944702870.8160715
2019-08-01,3954590608.4473667
2019-08-02,3932975332.101047
2019-08-05,3850206641.2367067
2019-08-06,3908387935.283123
2019-08-07,3910181775.9350076
2019-08-08,3986800691.3528767
2019-08-09,3953080560.828491
2019-08-12,3929505777.6223707
2019-08-13,3975829823.8832784
2019-08-14,3884404831.467812
2019-08-15,3918825752.0295897
2019-08-16,3965138267.323092
2019-08-19,3993443638.8395762
2019-08-20,3979822244.409147
2019-08-21,4001130293.207725
2019-08-22,3990883684.2896447
2019-08-23,3914793253.85744
2019-08-26,3953303787.024817
2019-08-27,3953750366.6287656
2019-08-28,3982060308.373958
2019-08-29,4024038208.102833
2019-08-30,4022860511.0487003
2019-09-03,4007893414.9313846
2019-09-04,4058391436.979517
2019-09-05,4077460569.2978415
2019-09-06,4082567670.586095
2019-09-09,4058872472.4336586
2019-09-10,4027906510.1534915
2019-09-11,4052093846.7351847
2019-09-12,4056655915.760276
2019-09-13,4016519177.960752
2019-09-16,4021043448.0638957
2019-09-17,4041177986.004715
2019-09-18,4044561123.326926
2019-09-19,4045633490.9860234
2019-09-20,4049164228.753103
2019-09-23,4053463497.9015384
2019-09-24,4041526504.134569
2019-09-25,4038515975.430229
2019-09-26,4038308933.239428
2019-09-27,4022103902.3365397
2019-09-30,4043207481.606728
2019-10-01,4006468091.7446694
2019-10-02,3950359301.892697
2019-10-03,4002231600.6658807
2019-10-04,4062128174.321775
2019-10-07,4031060581.6773124
2019-10-08,3978276638.143274
2019-10-09,4004205436.7472167
2019-10-10,4004662204.749741
2019-10-11,4017576909.336344
2019-10-14,4023883075.5191073
2019-10-15,4043376048.8804803
2019-10-16,4044456264.4270945
2019-10-17,4054400074.370894
2019-10-18,4040022913.4832296
2019-10-21,4051946368.5811896
2019-10-22,4047794348.198133
2019-10-23,4060480642.9349966
2019-10-24,4065911555.500717
2019-10-25,4073342284.151258
2019-10-28,4080534462.2275877
2019-10-29,4082551196.601779
2019-10-30,4114204938.3461103
2019-10-31,4128526744.0978837
2019-11-01,4158227209.0816092
2019-11-04,4153097052.8303075
2019-11-05,4125695327.1835165
2019-11-06,4138089724.0749044
2019-11-07,4119239237.9947376
2019-11-08,4123375878.149617
2019-11-11,4119573624.93353
2019-11-12,4129699749.608688
2019-11-13,4141813854.385432
2019-11-14,4168200402.0397735
2019-11-15,4194373332.2020583
2019-11-18,4204043026.852093
2019-11-19,4210158384.815267
2019-11-20,4209302558.889439
2019-11-21,4191619898.6984024
2019-11-22,4199656579.3931966
2019-11-25,4232428213.630822
2019-11-26,4249368688.194873
2019-11-27,4256767394.160918
2019-11-29,4237344959.772103
2019-12-02,4186200383.03202
2019-12-03,4195449298.7290926
2019-12-04,4204449064.580489
2019-12-05,4201721023.2479506
2019-12-06,4226504152.0756216
2019-12-09,4216290144.5019517
2019-12-10,4206270009.512198
2019-12-11,4235214014.4156036
2019-12-12,4237751659.303965
2019-12-13,4264729856.6468506
2019-12-16,4273709843.190476
2019-12-17,4274603424.680815
2019-12-18,4262991419.069108
2019-12-19,4283352001.430241
2019-12-20,4301702529.876104
2019-12-23,4304009505.415922
2019-12-24,4311015278.14669
2019-12-26,4339651959.361162
2019-12-27,4344274052.463903
2019-12-30,4317304020.044605
2019-12-31,4312055815.978425
2020-01-02,4371586924.055365
2020-01-03,4367304401.858768
2020-01-06,4378684530.155006
2020-01-07,4359786537.561252
2020-01-08,4372232514.469642
2020-01-09,4404457887.970485
2020-01-10,4400855101.448062
2020-01-13,4425368045.752335
2020-01-14,4426866853.603668
2020-01-15,4447317544.256749
2020-01-16,4474533797.968106
2020-01-17,4484395178.288679
2020-01-21,4492489420.116504
2020-01-22,4493313954.460125
2020-01-23,4509218298.592051
2020-01-24,4485215953.747478
2020-01-27,4444335645.734333
2020-01-28,4474414051.04201
2020-01-29,4491715969.02969
2020-01-30,4509815228.19674
2020-01-31,4451904051.993138
2020-02-03,4480685590.313294
2020-02-04,4522856005.998239
2020-02-05,4555694609.745939
2020-02-06,4573911237.4265785
2020-02-07,4570210856.030852
2020-02-10,4612717129.783746
2020-02-11,4609178400.493927
2020-02-12,4626592888.914242
2020-02-13,4625269306.991057
2020-02-14,4643641636.104834
2020-02-18,4638572998.27975
2020-02-19,4659372729.633536
2020-02-20,4653234348.880631
2020-02-21,4623764757.337631
2020-02-24,4507333223.272796
2020-02-25,4384491474.739499
2020-02-26,4365968670.852969
2020-02-27,4195003212.431001
2020-02-28,4224438512.753005
2020-03-02,4404115652.270921
2020-03-03,4452873575.916334
2020-03-04,4443157049.344424
2020-03-05,4482052226.4321995
2020-03-06,4526266706.407178
2020-03-09,4566675445.023845
2020-03-10,4484356856.993836
2020-03-11,4439052144.253448
2020-03-12,4441271023.049332
2020-03-13,4411459282.466267
2020-03-16,4527828156.903638
2020-03-17,4414131641.737402
2020-03-18,4352683627.788514
2020-03-19,4367198877.454116
2020-03-20,4480150258.281659
2020-03-23,4532035134.18736
2020-03-24,4501028644.957531
2020-03-25,4503598573.717375
2020-03-26,4514548173.706257
2020-03-27,4548167036.51958
2020-03-30,4558544325.1663
2020-03-31,4566652001.242508
2020-04-01,4584957290.349672
2020-04-02,4585606600.2833605
2020-04-03,4588843021.592441
2020-04-06,4568461058.563702
2020-04-07,4548303286.780932
2020-04-08,4542591897.144769
2020-04-09,4552269318.72463
2020-04-13,4542453629.95949
2020-04-14,4548371337.235094
2020-04-15,4588780107.776035
2020-04-16,4593490542.4562
2020-04-17,4581612739.511053
2020-04-20,4593368230.97026
2020-04-21,4605818110.490029
2020-04-22,4591789817.294014
2020-04-23,4594652669.401922
2020-04-24,4595668211.465865
2020-04-27,4571660000.27062
2020-04-28,4591250041.49596
2020-04-29,4588950409.922484
2020-04-30,4578156308.230456
2020-05-01,4584292824.837265
2020-05-04,4584944520.284817
2020-05-05,4581524696.88462
2020-05-06,4564756912.04398
2020-05-07,4592283060.483796
2020-05-08,4577425519.456261
2020-05-11,4564703845.358564
2020-05-12,4579549872.442864
2020-05-13,4588743052.103088
2020-05-14,4595678270.26806
2020-05-15,4592640395.974428
2020-05-18,4564849886.099205
2020-05-19,4577453310.079743
2020-05-20,4578481098.355679
2020-05-21,4581361351.72825
2020-05-22,4589805631.056949
2020-05-26,4577159938.025353
2020-05-27,4580850235.331852
2020-05-28,4576604671.947838
2020-05-29,4591270372.105825
2020-06-01,4589372838.686135
2020-06-02,4617336433.288011
2020-06-03,4651525087.359957
2020-06-04,4620680975.65698
2020-06-05,4715836383.06882
2020-06-08,4777941250.09263
2020-06-09,4758575545.25866
2020-06-10,4766390600.473143
2020-06-11,4510082874.907909
2020-06-12,4553173587.682182
2020-06-15,4591385074.093194
2020-06-16,4669560003.708379
2020-06-17,4657168722.385918
2020-06-18,4668824938.953818
2020-06-19,4643634101.777292
2020-06-22,4668710215.18826
2020-06-23,4688273284.93467
2020-06-24,4578263862.610965
2020-06-25,4627357206.50703
2020-06-26,4530751648.8449335
2020-06-29,4600773110.885443
2020-06-30,4650468321.441939
2020-07-01,4675323424.723946
2020-07-02,4706254454.037761
2020-07-06,4771120944.738885
2020-07-07,4737377576.69511
2020-07-08,4765517054.199799
2020-07-09,4753741501.29764
2020-07-10,4792037461.654925
2020-07-13,4755907615.18414
2020-07-14,4816120807.719219
2020-07-15,4858013729.56392
2020-07-16,4845514488.666273
2020-07-17,4858000057.653587
2020-07-20,4899661760.2581
2020-07-21,4914792473.39654
2020-07-22,4943674304.928992
2020-07-23,4890145243.87108
2020-07-24,4856521120.992838
2020-07-27,4883564457.743239
2020-07-28,4864465253.548097
2020-07-29,4929545851.572824
2020-07-30,4918846827.5671015
2020-07-31,4957992876.490052
2020-08-03,4989222973.695337
2020-08-04,5024726617.573989
2020-08-05,5038774286.816754
2020-08-06,5077240355.114185
2020-08-07,5069757715.15275
2020-08-10,5079051022.847901
2020-08-11,5020082503.565167
2020-08-12,5074167439.628845
2020-08-13,5054510565.941531
2020-08-14,5056930901.652127
2020-08-17,5080958491.159085
2020-08-18,5100312555.728976
2020-08-19,5072470607.986559
2020-08-20,5102369744.60653
2020-08-21,5123740639.028459
2020-08-24,5167805435.835333
2020-08-25,5173523830.947862
2020-08-26,5221491335.556302
2020-08-27,5214299156.775171
2020-08-28,5256172458.65226
2020-08-31,5242564325.79994
2020-09-01,5308357680.31096
2020-09-02,5391365001.271187
2020-09-03,5214596777.676175
2020-09-04,5143221891.453763
2020-09-08,5014436802.3085575
2020-09-09,5109762537.785598
2020-09-10,5027782089.904064
2020-09-11,5037916547.2823
2020-09-14,5098762809.51804
2020-09-15,5121564616.003448
2020-09-16,5098335986.6375885
2020-09-17,5055348245.610742
2020-09-18,4992972619.786015
2020-09-21,4946751024.839851
2020-09-22,4996337604.945034
2020-09-23,4881487952.347536
2020-09-24,4896513975.398824
2020-09-25,4978570881.069705
2020-09-28,5059267419.500935
2020-09-29,5035453185.483198
2020-09-30,5059282741.555721
2020-10-01,5094114522.629834
2020-10-02,5041019640.616436
2020-10-05,5097331652.587469
2020-10-06,5036607658.509747
2020-10-07,5109069988.818804
2020-10-08,5163236849.720855
2020-10-09,5206458956.037159
2020-10-12,5295251809.87092
2020-10-13,5272203620.357399
2020-10-14,5240759743.606371
2020-10-15,5228541523.754506
2020-10-16,5222174501.283425
2020-10-19,5134354202.501526
2020-10-20,5143569428.708922
2020-10-21,5126807275.861738
2020-10-22,5136843886.59085
2020-10-23,5161316037.044554
2020-10-26,5079480120.272818
2020-10-27,5073160989.918298
2020-10-28,4900202444.969341
2020-10-29,4928735023.210861
2020-10-30,4861328103.738422
2020-11-02,4923918447.49882
2020-11-03,4999583796.667626
2020-11-04,5152158357.288827
2020-11-05,5250671120.646755
2020-11-06,5231772163.159984
2020-11-09,5258896593.495313
2020-11-10,5236144388.106127
2020-11-11,5283087934.656903
2020-11-12,5261320957.201908
2020-11-13,5326518590.5762615
2020-11-16,5388513934.380465
2020-11-17,5373276568.440612
2020-11-18,5307068438.905983
2020-11-19,5334730828.100888
2020-11-20,5307526909.032499
2020-11-23,5328261003.036447
2020-11-24,5403703497.130273
2020-11-25,5396966515.717763
2020-11-27,5427662428.94447
2020-11-30,5400085042.791615
2020-12-01,5430108633.580157
2020-12-02,5432331049.393171
2020-12-03,5444959925.829871
2020-12-04,5470490429.403375
2020-12-07,5475635478.219878
2020-12-08,5496740043.011237
2020-12-09,5439823226.3942995
2020-12-10,5449895969.618161
2020-12-11,5454002520.461411
2020-12-14,5426406019.154947
2020-12-15,5493751944.785434
2020-12-16,5497641722.143482
2020-12-17,5524144415.605739
2020-12-18,5497225832.409908
2020-12-21,5481044673.983131
2020-12-22,5480783858.434729
2020-12-23,5473995965.774376
2020-12-24,5502766084.163569
2020-12-28,5550064198.512001
2020-12-29,5538365905.694288
2020-12-30,5549653250.48749
2020-12-31,5581135829.260083
2021-01-04,5506663211.12347
2021-01-05,5531398660.716484
2021-01-06,5532124870.986832
2021-01-07,5594916784.2060795
2021-01-08,5610967469.556325
2021-01-11,5561817988.391059
2021-01-12,5561782646.269368
2021-01-13,5595732258.884671
2021-01-14,5563384193.689219
2021-01-15,5537582337.516146
2021-01-19,5583932473.128623
2021-01-20,5662979917.504023
2021-01-21,5659974939.609515
2021-01-22,5648151578.655662
2021-01-25,5692406217.666646
2021-01-26,5681345512.070971
2021-01-27,5550034296.7896595
2021-01-28,5582584000.950064
2021-01-29,5461496663.37299
2021-02-01,5558498445.793758
2021-02-02,5633827773.634701
2021-02-03,5638122994.309792
2021-02-04,5701753938.169656
2021-02-05,5723964206.505899
2021-02-08,5764974908.3075075
2021-02-09,5761042984.354861
2021-02-10,5758432527.458147
2021-02-11,5767570972.446744
2021-02-12,5795804888.6759205
2021-02-16,5790695489.388364
2021-02-17,5791904516.33846
2021-02-18,5767261612.334891
2021-02-19,5757015139.824613
2021-02-22,5712838877.371609
2021-02-23,5719060380.893593
2021-02-24,5781661177.276506
2021-02-25,5642902529.380523
2021-02-26,5613858127.162456
2021-03-01,5749160441.96826
2021-03-02,5704399014.1226225
2021-03-03,5629088777.255597
2021-03-04,5559656128.22006
2021-03-05,5661326252.778479
2021-03-08,5633162081.131077
2021-03-09,5713095687.984364
2021-03-10,5748377830.70825
2021-03-11,5806278296.961915
2021-03-12,5813947413.998888
2021-03-15,5848347428.780455
2021-03-16,5840888959.633281
2021-03-17,5860601028.031136
2021-03-18,5775594303.917604
2021-03-19,5764841973.940709
2021-03-22,5810554374.067002
2021-03-23,5764906739.925726
2021-03-24,5735618336.305884
2021-03-25,5767627265.229747
2021-03-26,5860049309.966025
2021-03-29,5856986874.078635
2021-03-30,5841399707.46699
2021-03-31,5864860783.059042
2021-04-01,5927811046.581448
2021-04-05,6012420710.04813
2021-04-06,6008764641.309753
2021-04-07,6015571646.72276
2021-04-08,6043891259.46189
2021-04-09,6087536306.561623
2021-04-12,6089626163.554834
2021-04-13,6107482275.049533
2021-04-14,6086585388.640259
2021-04-15,6151593485.956915
2021-04-16,6171952826.598227
2021-04-19,6141624937.741468
2021-04-20,6096709182.713643
2021-04-21,6154056244.592054
2021-04-22,6097940199.610319
2021-04-23,6163685580.099386
2021-04-26,6176383360.952202
2021-04-27,6174934614.941673
2021-04-28,6173045115.171006
2021-04-29,6212118424.156601
2021-04-30,6171325262.344649
2021-05-03,6184465588.2918415
2021-05-04,6146326301.97534
2021-05-05,6148121576.705197
2021-05-06,6196919906.033097
2021-05-07,6241739680.967326
2021-05-10,6180022798.035395
2021-05-11,6124938515.28061
2021-05-12,5995150318.000813
2021-05-13,6066792526.33497
2021-05-14,6159503356.19323
2021-05-17,6143761257.969194
2021-05-18,6090887832.978616
2021-05-19,6074854189.8035555
2021-05-20,6139862929.113085
2021-05-21,6134732093.437665
2021-05-24,6196939398.331902
2021-05-25,6182495180.229338
2021-05-26,6194603363.649901
2021-05-27,6197722368.5510025
2021-05-28,6208650982.431612
2021-06-01,6203077021.916966
2021-06-02,6212679350.885202
2021-06-03,6189569654.359623
2021-06-04,6245883406.243733
2021-06-07,6239717148.930944
2021-06-08,6240920392.64316
2021-06-09,6231514646.875446
2021-06-10,6260271609.240065
2021-06-11,6270460979.758006
2021-06-14,6284336276.573174
2021-06-15,6272719516.823329
2021-06-16,6237672508.292806
2021-06-17,6235486392.056419
2021-06-18,6151483770.735968
2021-06-21,6239173839.107925
2021-06-22,6272312027.615037
2021-06-23,6264649080.680754
2021-06-24,6301482979.533073
2021-06-25,6323681102.12799
2021-06-28,6336269962.090928
2021-06-29,6339545524.136835
2021-06-30,6344741635.313424
2021-07-01,6379652360.922692
2021-07-02,6428164632.505919
2021-07-06,6416356775.592619
2021-07-07,6438847886.780439
2021-07-08,6386387703.695755
2021-07-09,6454265829.405792
2021-07-12,6477199360.9179325
2021-07-13,6455043710.075112
2021-07-14,6464525273.111238
2021-07-15,6442371788.763538
2021-07-16,6391831642.690717
2021-07-19,6297536675.537889
2021-07-20,6387442095.810724
2021-07-21,6438909038.317556
2021-07-22,6452234519.806557
2021-07-23,6518335220.715719
2021-07-26,6534172239.129495
2021-07-27,6504330108.488617
2021-07-28,6501539401.090478
2021-07-29,6528316545.470217
2021-07-30,6496550076.757202
2021-08-02,6482821160.207451
2021-08-03,6533583299.455802
2021-08-04,6499589510.010032
2021-08-05,6516835349.091863
2021-08-06,6489296669.927467
2021-08-09,6469841565.922323
2021-08-10,6465410693.410861
2021-08-11,6488403534.809864
2021-08-12,6500912110.191183
2021-08-13,6549632007.363419
2021-08-16,6578978835.54516
2021-08-17,6532627338.760247
2021-08-18,6458085775.714771
2021-08-19,6482002013.4197645
2021-08-20,6526845138.316202
2021-08-23,6585177044.909066
2021-08-24,6577778969.102003
2021-08-25,6565956202.1593485
2021-08-26,6525590388.349327
2021-08-27,6604809210.512758
2021-08-30,6646246962.458674
2021-08-31,6623991554.3892355
2021-09-01,6630006728.7787075
2021-09-02,6657820553.250825
2021-09-03,6640400836.879812
2021-09-07,6590821829.27264
2021-09-08,6600469967.462241
2021-09-09,6590450124.890692
2021-09-10,6517914848.183221
2021-09-13,6542116131.489789
2021-09-14,6531185302.556172
2021-09-15,6574018723.448844
2021-09-16,6542809583.523272
2021-09-17,6459929280.553686
2021-09-20,6384626527.240477
2021-09-21,6374521448.970788
2021-09-22,6442175107.602303
2021-09-23,6461957754.185732
2021-09-24,6453024656.106931
2021-09-27,6417032067.822465
2021-09-28,6262967098.714011
2021-09-29,6279686532.003466
2021-09-30,6210373384.173481
2021-10-01,6309089207.349823
2021-10-04,6225022146.575057
2021-10-05,6289300908.688688
2021-10-06,6315169367.370741
2021-10-07,6369339769.286989
2021-10-08,6357662512.184679
2021-10-11,6311762528.96587
2021-10-12,6296186473.836125
2021-10-13,6318589629.633149
2021-10-14,6424165687.970443
2021-10-15,6472701846.343988
2021-10-18,6491635403.595935
2021-10-19,6541325896.62649
2021-10-20,6566755494.32731
2021-10-21,6583665673.836881
2021-10-22,6576748520.413481
2021-10-25,6611708030.9664345
2021-10-26,6617498108.130906
2021-10-27,6588197411.335679
2021-10-28,6651316073.90826
2021-10-29,6664614451.130584
2021-11-01,6675890123.567979
2021-11-02,6702616697.013781
2021-11-03,6743205741.434153
2021-11-04,6774696733.4686165
2021-11-05,6797954768.62582
2021-11-08,6803597599.249465
2021-11-09,6781081836.532535
2021-11-10,6726652121.14991
2021-11-11,6728685783.373205
2021-11-12,6779093353.18864
2021-11-15,6781270428.976747
2021-11-16,6807850422.599621
2021-11-17,6791255555.085782
2021-11-18,6814079855.839995
2021-11-19,6801816317.180006
2021-11-22,6782620815.577365
2021-11-23,6791439697.13699
2021-11-24,6808679092.616597
2021-11-26,6657357368.123554
2021-11-29,6738522713.818084
2021-11-30,6607852643.74558
2021-12-01,6534655889.698909
2021-12-02,6616660522.93196
2021-12-03,6597344205.100848
2021-12-06,6642172569.046671
2021-12-07,6754098648.709636
2021-12-08,6749929809.562254
2021-12-09,6721078513.320106
2021-12-10,6788560066.925643
2021-12-13,6760363145.857878
2021-12-14,6702378647.043766
2021-12-15,6796331746.520329
2021-12-16,6755939181.1715
2021-12-17,6699347038.155974
2021-12-20,6622747558.397409
2021-12-21,6712712332.863683
2021-12-22,6785551035.015996
2021-12-23,6813471304.16615
2021-12-27,6911575435.814272
2021-12-28,6904323647.184154
2021-12-29,6877464770.608933
2021-12-30,6880904046.674905
2021-12-31,6855578568.562485
2022-01-03,6830998248.016385
2022-01-04,6825131833.798475
2022-01-05,6693870678.760452
2022-01-06,6687446113.951465
2022-01-07,6660859106.822869
2022-01-10,6652434383.967366
2022-01-11,6712930235.662141
2022-01-12,6730958241.917729
2022-01-13,6638021878.770161
2022-01-14,6640605466.7586775
2022-01-18,6522790259.572131
2022-01-19,6454881641.884581
2022-01-20,6383256482.114102
2022-01-21,6257723191.936623
2022-01-24,6284195668.4609165
2022-01-25,6207282389.339497
2022-01-26,6191573401.253686
2022-01-27,6160849708.288931
2022-01-28,6313874245.28836
2022-01-31,6427571691.079052
2022-02-01,6470914960.673321
2022-02-02,6533703944.267869
2022-02-03,6379855150.769503
2022-02-04,6409757945.420625
2022-02-07,6389038040.600081
2022-02-08,6441532582.512019
2022-02-09,6535782267.765995
2022-02-10,6418110186.689257
2022-02-11,6291289902.991757
2022-02-14,6270573665.626622
2022-02-15,6371689018.719283
2022-02-16,6378712080.779914
2022-02-17,6242168580.637793
2022-02-18,6201577250.033711
2022-02-22,6134818045.211746
2022-02-23,6025120426.527498
2022-02-24,6115802503.0263605
2022-02-25,6250810897.589549
2022-02-28,6234670467.151235
2022-03-01,6139454172.551856
2022-03-02,6252441268.983368
2022-03-03,6221144153.12567
2022-03-04,6170400168.402814
2022-03-07,5988102475.633752
2022-03-08,5942512034.981306
2022-03-09,6101973552.357323
2022-03-10,6074256113.278674
2022-03-11,5996774744.564896
2022-03-14,5952755842.105303
2022-03-15,6083764845.000014
2022-03-16,6218771937.455527
2022-03-17,6296580271.358108
2022-03-18,6365534069.168451
2022-03-21,6363543542.007998
2022-03-22,6438005200.569518
2022-03-23,6354825988.028749
2022-03-24,6450659073.248527
2022-03-25,6482087665.60727
2022-03-28,6528145857.24923
2022-03-29,6608914778.462611
2022-03-30,6567903515.364009
2022-03-31,6466504565.609163
2022-04-01,6484737308.739652
2022-04-04,6540261482.190457
2022-04-05,6457367072.8262415
2022-04-06,6392547942.671616
2022-04-07,6424694018.226311
2022-04-08,6407353157.580956
2022-04-11,6297494527.994768
2022-04-12,6273989974.881311
2022-04-13,6345869279.87003
2022-04-14,6266565024.862001
2022-04-18,6269022089.223214
2022-04-19,6370308660.095996
2022-04-20,6365446908.7518
2022-04-21,6269934661.382073
2022-04-22,6097395962.748225
2022-04-25,6132703214.055116
2022-04-26,5954573549.714747
2022-04-27,5971236594.023104
2022-04-28,6122300886.320974
2022-04-29,5895403423.043647
2022-05-02,5930857678.054902
2022-05-03,5928095825.0131645
2022-05-04,5928301935.918285
2022-05-05,5928498723.905332
2022-05-06,5928695518.424689
2022-05-09,5928910977.199593
2022-05-10,5929119448.6312
2022-05-11,5929330259.429691
2022-05-12,5929552734.869258
2022-05-13,5929789200.167047
2022-05-16,5930039648.693157
2022-05-17,5930287779.306289
2022-05-18,5930526603.653285
2022-05-19,5930770096.589365
2022-05-20,5931006610.434458
2022-05-23,5931257110.378688
2022-05-24,5931502962.735622
2022-05-25,5931748825.28321
2022-05-26,5931997027.413406
2022-05-27,5932245239.929124
2022-05-31,5932509763.510162
2022-06-01,5932771970.802411
2022-06-02,5933036517.870803
2022-06-03,5933310387.606277
2022-06-06,5933598230.06131
2022-06-07,5933888412.471605
2022-06-08,5934180934.949349
2022-06-09,5934475797.609495
2022-06-10,5934789273.709109
2022-06-13,5935183968.779322
2022-06-14,5935599527.110616
2022-06-15,5935994276.066991
2022-06-16,5936354277.323571
2022-06-17,5936723579.0303
2022-06-21,5937111451.186652
2022-06-22,5937478480.388433
2022-06-23,5937850171.5568695
2022-06-24,5938238117.318446
2022-06-27,5938646942.285429
2022-06-28,5939055795.398446
2022-06-29,5939460043.418791
2022-06-30,5939848094.360348
2022-07-01,5940236170.654973
2022-07-05,5940670604.862028
2022-07-06,5941102756.196796
2022-07-07,5941544196.860929
2022-07-08,5941990298.258117
2022-07-11,5942487284.605338
2022-07-12,5942991238.934273
2022-07-13,5943534450.778501
2022-07-14,5944077712.274343
2022-07-15,5944611800.575016
2022-07-18,5945180507.159856
2022-07-19,5945753874.15486
2022-07-20,5946322689.999107
2022-07-21,5946882343.795815
2022-07-22,5947444354.935029
2022-07-25,5948038664.088465
2022-07-26,5948616914.052623
2022-07-27,5949169866.406287
2022-07-28,5949718257.028934
2022-07-29,5950264391.087222
2022-08-01,5950842857.429691
2022-08-02,5951421380.008873
2022-08-03,5951990738.049652
2022-08-04,5952553231.958544
2022-08-05,5953131920.815059
2022-08-08,5953731405.545406
2022-08-09,5954333254.159002
2022-08-10,5954930555.893218
2022-08-11,5955518698.49713
2022-08-12,5956109204.514807
2022-08-15,5956722812.312536
2022-08-16,5957331875.994168
2022-08-17,5957936393.254737
2022-08-18,5958545581.022733
2022-08-19,5959161743.854773
2022-08-22,5959801000.844416
2022-08-23,5960433418.880962
2022-08-24,5961070509.756541
2022-08-25,5961719180.379375
2022-08-26,5962367921.589124
2022-08-29,5963042044.91097
2022-08-30,5963713944.258192
2022-08-31,5964383618.638255
2022-09-01,5965055669.150353
2022-09-02,5965720891.141088
2022-09-06,5966411495.909605
2022-09-07,5967106779.824979
2022-09-08,5967799845.00666
2022-09-09,5968495290.710539
2022-09-12,5969216105.99888
2022-09-13,5969959977.385718
2022-09-14,5970692458.291306
2022-09-15,5971420433.679492
2022-09-16,5972143900.988964
2022-09-19,5972911095.372269
2022-09-20,5973671502.309705
2022-09-21,5974420523.494202
2022-09-22,5975165043.444802
2022-09-23,5975893564.151967
2022-09-26,5976663536.26203
2022-09-27,5977424420.919967
2022-09-28,5978192293.650159
2022-09-29,5978953372.93308
2022-09-30,5979705355.381968
2022-10-03,5980485006.418934
2022-10-04,5981260165.057235
2022-10-05,5982037721.60182
2022-10-06,5982813081.4948
2022-10-07,5983586243.633425
2022-10-10,5984384777.55181
2022-10-11,5985208666.511533
2022-10-12,5986039551.156111
2022-10-13,5986888896.6758585
2022-10-14,5987740655.2318945
2022-10-17,5988631479.756101
2022-10-18,5989538456.826165
2022-10-19,5990450147.122708
2022-10-20,5991361976.191079
2022-10-21,5992271655.533047
2022-10-24,5993204351.794039
2022-10-25,5994130330.822406
2022-10-26,5995049587.479219
2022-10-27,5995971274.162946
2022-10-28,5996902257.96331
2022-10-31,5997849402.341992
2022-11-01,5998796696.311652
2022-11-02,5999739563.538495
2022-11-03,6000687156.038209
2022-11-04,6001625741.723849
2022-11-07,6002587362.414412
2022-11-08,6003544560.561655
2022-11-09,6004504200.13249
2022-11-10,6005459414.577254
2022-11-11,6006422794.090287
2022-11-14,6007394339.858621
2022-11-15,6008361464.242061
2022-11-16,6009328744.321884
2022-11-17,6010293889.79069
2022-11-18,6011263771.4509945
2022-11-21,6012252128.544842
2022-11-22,6013236068.971495
2022-11-23,6014220170.425787
2022-11-25,6015206723.378193
2022-11-28,6016211756.842502
2022-11-29,6017210089.217622
2022-11-30,6018208587.256381
2022-12-01,6019195794.455604
2022-12-02,6020183163.593058
2022-12-05,6021182154.984864
2022-12-06,6022181312.149667
2022-12-07,6023164583.850374
2022-12-08,6024141132.569573
2022-12-09,6025122429.598949
2022-12-12,6026126826.957411
2022-12-13,6027124510.76044
2022-12-14,6028115475.637743
2022-12-15,6029104307.930445
2022-12-16,6030088709.983342
2022-12-19,6031091640.27644
2022-12-20,6032087850.060849
2022-12-21,6033077333.968823
2022-12-22,6034071574.78111
2022-12-23,6035063681.877465
2022-12-27,6036083512.926263
2022-12-28,6037103516.310502
2022-12-29,6038121395.753421
2022-12-30,6039130257.849666
2023-01-03,6040162258.182043
2023-01-04,6041196731.022647
2023-01-05,6042254334.465925
2023-01-06,6043312123.0587845
2023-01-09,6044379275.29499
2023-01-10,6045451204.702491
2023-01-11,6046523324.209356
2023-01-12,6047579563.772224
2023-01-13,6048638284.627531
2023-01-17,6049708673.469318
2023-01-18,6050774658.518209
2023-01-19,6051843128.518786
2023-01-20,6052916381.589711
2023-01-23,6053992122.271695
2023-01-24,6055065756.451994
2023-01-25,6056137282.722373
2023-01-26,6057206699.676589
2023-01-27,6058280903.9402485
2023-01-30,6059359897.113646
2023-01-31,6060436782.954648
2023-02-01,6061504658.343211
2023-02-02,6146591764.524522
2023-02-03,6081102710.836903
2023-02-06,6043797372.281863
2023-02-07,6122765350.708022
2023-02-08,6055654010.144429
2023-02-09,6003003387.14688
2023-02-10,6016901671.363198
2023-02-13,6087460124.900075
2023-02-14,6084534910.737789
2023-02-15,6104184916.473892
2023-02-16,6019957828.2227
2023-02-17,6004786443.846858
2023-02-21,5884115974.385527
2023-02-22,5875882995.77266
2023-02-23,5906458478.692084
2023-02-24,5843186632.577542
2023-02-27,5862990088.941529
2023-02-28,5841181378.597161
2023-03-01,5818636214.768326
2023-03-02,5816792824.774458
2023-03-03,5817861894.939252
2023-03-06,5818935570.372647
2023-03-07,5820033681.758728
2023-03-08,5821136405.357741
2023-03-09,5822234932.070977
2023-03-10,5823324850.278016
2023-03-13,5824386292.599953
2023-03-14,5825450136.204246
2023-03-15,5826487661.705059
2023-03-16,5827520949.522148
2023-03-17,5828507925.482667
2023-03-20,5829559262.536789
2023-03-21,5830604155.503219
2023-03-22,5831651447.605708
2023-03-23,5832685651.184979
2023-03-24,5833720038.173197
2023-03-27,5834794429.901496
2023-03-28,5835844687.888179
2023-03-29,5836895134.920398
2023-03-30,5837981166.79415
2023-03-31,5839040854.029856
2023-04-03,5840120650.101321
2023-04-04,5838109255.808412
2023-04-05,5845995432.0865755
2023-04-06,5869029574.026341
2023-04-10,5816606787.832876
2023-04-11,5814491468.062777
2023-04-12,5806413770.914664
2023-04-13,5862772504.769814
2023-04-14,5818393799.25316
2023-04-17,5800815811.453268
2023-04-18,5812640956.325238
2023-04-19,5797946978.618195
2023-04-20,5798598422.251259
2023-04-21,5787698691.407387
2023-04-24,5820556386.392913
2023-04-25,5784662635.160054
2023-04-26,5736879251.262611
2023-04-27,5810738941.273672
2023-04-28,5901882304.062418
2023-05-01,5826941122.973861
2023-05-02,5835636905.9743185
2023-05-03,5832357859.01946
2023-05-04,5789416822.984597
2023-05-05,5862193022.467351
2023-05-08,5827174103.257424
2023-05-09,5793472268.597036
2023-05-10,5862202362.21501
2023-05-11,5872127900.101687
2023-05-12,5828822434.054192
2023-05-15,5834624274.671535
2023-05-16,5776028851.919107
2023-05-17,5825684397.589816
2023-05-18,5844490356.469816
2023-05-19,5812622029.670422
2023-05-22,5802825183.713286
2023-05-23,5745820595.068639
2023-05-24,5688126274.073197
2023-05-25,5699239799.041519
2023-05-26,5782263102.553681
2023-05-30,5827694392.585336
2023-05-31,5815740259.425218
2023-06-01,5884652159.36973
2023-06-02,5920178021.567008
2023-06-05,5905670576.297482
2023-06-06,5920685695.24185
2023-06-07,5855831562.78523
2023-06-08,5929198620.011854
2023-06-09,5917385641.297748
2023-06-12,5979179237.732724
2023-06-13,5975569548.624766
2023-06-14,5989224588.907655
2023-06-15,6107822010.271625
2023-06-16,6059182783.869971
2023-06-20,6044428033.595241
2023-06-21,6017725565.474857
2023-06-22,6003881478.3028965
2023-06-23,5981865904.681999
2023-06-26,5970874856.25522
2023-06-27,6013612940.220909
2023-06-28,6039303955.239493
2023-06-29,6000148879.205307
2023-06-30,6082569608.635944
2023-07-03,6062132711.16954
2023-07-05,6049985807.374209
2023-07-06,6002338224.222051
2023-07-07,5987013911.635725
2023-07-10,6002091846.694422
2023-07-11,6040316828.927561
2023-07-12,6088948914.133551
2023-07-13,6137305115.809439
2023-07-14,6133344729.223624
2023-07-17,6154583732.081694
2023-07-18,6200336785.354118
2023-07-19,6214041440.441953
2023-07-20,6172553124.451579
2023-07-21,6172426114.700171
2023-07-24,6199964668.878263
2023-07-25,6216818581.006619
2023-07-26,6217649913.219847
2023-07-27,6176161799.152725
2023-07-28,6236706069.7474785
2023-07-31,6248491995.809479
2023-08-01,6230422004.242118
2023-08-02,6143327088.73737
2023-08-03,6125533154.167042
2023-08-04,6097605250.950092
2023-08-07,6150891103.115058
2023-08-08,6123921074.13232
2023-08-09,6082708159.216679
2023-08-10,6084774316.674015
2023-08-11,6081087113.780566
2023-08-14,6114653069.042469
2023-08-15,6043036497.982218
2023-08-16,5998400336.91164
2023-08-17,5952397051.6509905
2023-08-18,5955149616.958687
2023-08-21,5993921863.014709
2023-08-22,5977499346.747005
2023-08-23,6044209424.5264635
2023-08-24,5959993933.59118
2023-08-25,6002052113.65168
2023-08-28,6039536145.180059
2023-08-29,6127062638.281494
2023-08-30,6152271705.792734
2023-08-31,6143104631.570339
2023-09-01,6154482053.577922
2023-09-05,6127647630.595432
2023-09-06,6086160780.116549
2023-09-07,6067271462.332233
2023-09-08,6076320380.682995
2023-09-11,6116323445.382765
2023-09-12,6082504298.710699
2023-09-13,6089499562.093782
2023-09-14,6142100236.382435
2023-09-15,6067660064.371399
2023-09-18,6071107414.714962
2023-09-19,6058337395.236774
2023-09-20,6002273762.519646
2023-09-21,5902505274.566201
2023-09-22,5889049767.567825
2023-09-25,5913804315.4891815
2023-09-26,5826407151.412653
2023-09-27,5828621836.44895
2023-09-28,5862448069.537754
2023-09-29,5848032179.557712
2023-10-02,5845572764.35605
2023-10-03,5766836518.503968
2023-10-04,5808909281.313344
2023-10-05,5806589094.340345
2023-10-06,5875736243.568052
2023-10-09,5913408928.825396
2023-10-10,5944208143.317274
2023-10-11,5968548291.172441
2023-10-12,5931864709.791351
2023-10-13,5902053670.842055
2023-10-16,5964326936.1659565
2023-10-17,5963926805.322775
2023-10-18,5883951121.457446
2023-10-19,5831876067.663328
2023-10-20,5759737157.458401
2023-10-23,5749582592.626537
2023-10-24,5793030227.279849
2023-10-25,5709345279.263877
2023-10-26,5640506940.064439
2023-10-27,5614686709.403155
2023-10-30,5682051110.336093
2023-10-31,5717802980.306494
2023-11-01,5778981767.541688
2023-11-02,5890184327.022713
2023-11-03,5944073995.276189
2023-11-06,5957692957.708994
2023-11-07,5974609893.558088
2023-11-08,5978883206.983797
2023-11-09,5931891193.872202
2023-11-10,6024812699.102623
2023-11-13,6018913966.20061
2023-11-14,6136160029.77737
2023-11-15,6149087575.932965
2023-11-16,6156518323.722785
2023-11-17,6164084830.426692
2023-11-20,6211647124.239475
2023-11-21,6197909927.275189
2023-11-22,6221831730.973379
2023-11-24,6225549610.987584
2023-11-27,6213523362.578587
2023-11-28,6219576715.485424
2023-11-29,6215048583.220876
2023-11-30,6239519136.215507
2023-12-01,6276496523.236497
2023-12-04,6243241270.259712
2023-12-05,6241873581.991712
2023-12-06,6216454009.986164
2023-12-07,6264013948.880222
2023-12-08,6290956954.845258
2023-12-11,6315426647.113649
2023-12-12,6344293648.393535
2023-12-13,6432120087.8928795
2023-12-14,6452738455.452603
2023-12-15,6441921271.493223
2023-12-18,6478216330.137875
2023-12-19,6517685085.90641
2023-12-20,6426747670.316833
2023-12-21,6487881570.589251
2023-12-22,6500854769.492571
2023-12-26,6528317485.687092
2023-12-27,6540047417.803045
2023-12-28,6542392804.460239
2023-12-29,6523212103.243715
2024-01-02,6486367930.046248
2024-01-03,6444086215.138954
2024-01-04,6382965768.908641
2024-01-05,6366755087.670645
2024-01-08,6477441009.151555
2024-01-09,6463449177.957315
2024-01-10,6488402329.0999155
2024-01-11,6518001892.171975
2024-01-12,6538153019.378194
2024-01-16,6459676832.609958
2024-01-17,6401169792.692326
2024-01-18,6442371374.823223
2024-01-19,6522002258.96227
2024-01-22,6553871138.122618
2024-01-23,6555292165.276648
2024-01-24,6542691590.66662
2024-01-25,6604729201.78869
2024-01-26,6583311437.325175
2024-01-29,6672583949.815222
2024-01-30,6674768268.469125
2024-01-31,6620347932.231038
2024-02-01,6745569850.570661
2024-02-02,6727832619.493155
2024-02-05,6637050208.247772
2024-02-06,6690430693.094991
2024-02-07,6732540301.50658
2024-02-08,6712326496.478896
2024-02-09,6737616171.93988
2024-02-12,6739360839.852297
2024-02-13,6571789481.60171
2024-02-14,6654412227.658346
2024-02-15,6716746117.773091
2024-02-16,6653389908.792468
2024-02-20,6626430649.446011
2024-02-21,6609873103.281887
2024-02-22,6745845579.626596
2024-02-23,6779116381.533575
2024-02-26,6741124692.279124
2024-02-27,6736896466.135372
2024-02-28,6750797564.194508
2024-02-29,6786944282.057329
2024-03-01,6879381295.173937
2024-03-04,6855560489.944147
2024-03-05,6827206842.707738
2024-03-06,6875968664.471806
2024-03-07,6952853239.758434
2024-03-08,6915097546.303378
2024-03-11,6898829954.776701
2024-03-12,6941735073.062278
2024-03-13,6913827296.212177
2024-03-14,6847361782.169529
2024-03-15,6786980128.070462
2024-03-18,6817661234.027735
2024-03-19,6873567650.701198
2024-03-20,6951330614.371679
2024-03-21,6973308161.961241
2024-03-22,6991619747.079015
2024-03-25,6952156564.781691
2024-03-26,6948008008.923393
2024-03-27,7030880697.960855
2024-03-28,7021298742.125522
2024-04-01,6944762754.291893
2024-04-02,6884058899.557416
2024-04-03,6898025894.184914
2024-04-04,6835822838.44447
2024-04-05,6860075962.30282
2024-04-08,6846772772.32161
2024-04-09,6880276577.421108
2024-04-10,6719251514.758128
2024-04-11,6758724228.2486515
2024-04-12,6691428983.287541
2024-04-15,6563320255.354377
2024-04-16,6523891306.226551
2024-04-17,6525074275.17594
2024-04-18,6487539362.6858425
2024-04-19,6437962991.500064
2024-04-22,6496173346.402519
2024-04-23,6579863077.3276005
2024-04-24,6555583643.296932
2024-04-25,6504501531.357502
2024-04-26,6582435687.916368
2024-04-29,6630285142.282756
2024-04-30,6493886559.908826
2024-05-01,6496773894.7078
2024-05-02,6554118675.291154
2024-05-03,6635097837.132818
2024-05-06,6703377914.392726
2024-05-07,6710632026.450489
2024-05-08,6711148675.212599
2024-05-09,6749626764.537691
2024-05-10,6758177651.922031
2024-05-13,6758952178.693167
2024-05-14,6789785554.003597
2024-05-15,6873610634.05818
2024-05-16,6859353131.680154
2024-05-17,6869065771.478761
2024-05-20,6876835360.998732
2024-05-21,6893545005.185037
2024-05-22,6873586141.431837
2024-05-23,6823311456.59967
2024-05-24,6868266186.2999735
2024-05-28,6872238599.978457
2024-05-29,6824035779.167101
2024-05-30,6778685115.6308365
2024-05-31,6840223963.744433
2024-06-03,6845662313.204536
2024-06-04,6885711769.404098
2024-06-05,6990190549.173859
2024-06-06,6985520776.285115
2024-06-07,6903758300.91904
2024-06-10,6908723366.126053
2024-06-11,6960033077.08991
2024-06-12,7053650807.895666
2024-06-13,7112593563.351514
2024-06-14,7131568128.024498
2024-06-17,7153220314.758132
2024-06-18,7200202730.0207615
2024-06-20,7161391839.038541
2024-06-21,7151692073.895956
2024-06-24,7132956389.125745
2024-06-25,7164397723.99609
2024-06-26,7129169677.347342
2024-06-27,7154422831.83236
2024-06-28,7087361766.765992
2024-07-01,7047572576.201638
2024-07-02,7119856357.82662
2024-07-03,7196681359.854036
2024-07-05,7275004743.228775
2024-07-08,7283708158.209525
2024-07-09,7278908813.898739
2024-07-10,7355212757.764313
2024-07-11,7337293682.042666
2024-07-12,7396232619.260696
2024-07-15,7391550109.618305
2024-07-16,7465066410.623972
2024-07-17,7367120100.198323
2024-07-18,7288875301.8419695
2024-07-19,7216583313.79169
2024-07-22,7281047444.257347
2024-07-23,7273490056.586121
2024-07-24,7093349087.161884
2024-07-25,7070902085.833936
2024-07-26,7180899369.980979
2024-07-29,7195274988.097331
2024-07-30,7172783561.051962
2024-07-31,7336726792.099432
2024-08-01,7265403475.927394
2024-08-02,7240818128.710562
2024-08-05,7038852179.012755
2024-08-06,7038328601.403686
2024-08-07,6964399766.242969
2024-08-08,7102196886.476888
2024-08-09,7160108315.474686
2024-08-12,7181648428.457435
2024-08-13,7329049654.420438
2024-08-14,7359817560.227656
2024-08-15,7438053866.370786
2024-08-16,7467358187.76307
2024-08-19,7546475444.733117
2024-08-20,7562330440.79591
2024-08-21,7601471443.832073
2024-08-22,7506865613.419341
2024-08-23,7618508855.090527
2024-08-26,7589793910.824514
2024-08-27,7593722690.6941805
2024-08-28,7544471147.363117
2024-08-29,7530153156.1236925
2024-08-30,7573407862.698439
2024-09-03,7466189830.201756
2024-09-04,7493341342.416008
2024-09-05,7491298060.338638
2024-09-06,7376497608.757786
2024-09-09,7466403814.497282
2024-09-10,7528427101.091146
2024-09-11,7596812318.73837
2024-09-12,7645576199.319537
2024-09-13,7697361301.000599
2024-09-16,7726898341.3623
2024-09-17,7714338120.661114
2024-09-18,7656907003.598321
2024-09-19,7777166881.241503
2024-09-20,7759961585.275994
2024-09-23,7772670253.767299
2024-09-24,7801559773.035952
2024-09-25,7751624389.776487
2024-09-26,7774784515.296974
2024-09-27,7792829229.398838
2024-09-30,7800709238.298452
2024-10-01,7758295642.997856
2024-10-02,7737853795.323946
2024-10-03,7682705176.206508
2024-10-04,7676132939.459416
2024-10-07,7577193202.394013
2024-10-08,7653456092.783664
2024-10-09,7676427105.288714
2024-10-10,7660515658.101791
2024-10-11,7707287087.715099
2024-10-14,7755429088.678532
2024-10-15,7732094812.066538
2024-10-16,7775907065.555258
2024-10-17,7735627076.69459
2024-10-18,7772594896.340207
2024-10-21,7699558428.026768
2024-10-22,7686565546.084919
2024-10-23,7596933607.01699
2024-10-24,7628503821.172653
2024-10-25,7607494334.034058
2024-10-28,7611773628.89143
2024-10-29,7625665134.986652
2024-10-30,7589729352.124964
2024-10-31,7435304066.23166
2024-11-01,7421012705.842817
2024-11-04,7443016486.39859
2024-11-05,7534927977.924189
2024-11-06,7643726197.170476
2024-11-07,7761356887.979132
2024-11-08,7809577890.072151
2024-11-11,7793940512.854833
2024-11-12,7719404675.867621
2024-11-13,7716504864.1002035
2024-11-14,7664425572.683732
2024-11-15,7567898381.793793
2024-11-18,7614284540.750369
2024-11-19,7656637684.480315
2024-11-20,7646346744.681958
2024-11-21,7681656687.800331
2024-11-22,7708676542.743033
2024-11-25,7814605052.831131
2024-11-26,7837123162.065502
2024-11-27,7842873972.97453
2024-11-29,7921615794.598442
2024-12-02,7933112503.356818
2024-12-03,7912546946.5153475
2024-12-04,7989563112.382629
2024-12-05,7974185900.863067
2024-12-06,8012437011.011167
2024-12-09,7942999715.551967
2024-12-10,7902904642.816658
2024-12-11,7938044665.495717
2024-12-12,7865707533.671914
2024-12-13,7825744710.376583
2024-12-16,7859940935.322084
2024-12-17,7826044905.034852
2024-12-18,7531322559.480093
2024-12-19,7493158372.908351
2024-12-20,7609192972.624668
2024-12-23,7619980936.808745
2024-12-24,7707293834.040778
2024-12-26,7711958240.928404
2024-12-27,7609746475.726807
2024-12-30,7565156005.848265
2024-12-31,7522435866.713219
2025-01-02,7506492403.018086
2025-01-03,7596397344.086785
2025-01-06,7639989958.0033045
2025-01-07,7553507464.287639
2025-01-08,7564389433.931158
2025-01-10,7448790887.308264
2025-01-13,7460188980.767931
2025-01-14,7470303552.537822
2025-01-15,7606002258.741306
2025-01-16,7591227205.728344
2025-01-17,7667274489.002124
2025-01-21,7737289671.867416
2025-01-22,7780623355.04448
2025-01-23,7822930328.362175
2025-01-24,7799941088.104491
2025-01-27,7689467491.434228
2025-01-28,7755378804.391607
2025-01-29,7720461184.180142
2025-01-30,7761741802.815656
2025-01-31,7720282504.312991
2025-02-03,7668176840.606103
2025-02-04,7733213193.30687
2025-02-05,7807381567.489431
2025-02-06,7823815475.490666
2025-02-07,7725761532.479609
2025-02-10,7774901371.540903
2025-02-11,7759526486.644612
2025-02-12,7680160284.461158
2025-02-13,7817096505.776522
2025-02-14,7847240042.596391
2025-02-18,7827624385.003679
2025-02-19,7856770658.44638
2025-02-20,7838390716.058482
2025-02-21,7749038122.101922
2025-02-24,7729002377.456931
2025-02-25,7748982573.331501
2025-02-26,7772405045.751607
2025-02-27,7641188486.097203
2025-02-28,7798055848.752962
2025-03-03,7687593651.401903
2025-03-04,7571330708.210768
2025-03-05,7608916203.133857
2025-03-06,7468269964.876602
2025-03-07,7499063565.454612
2025-03-10,7349804673.462837
2025-03-11,7261215122.641126
2025-03-12,7276686666.374376
2025-03-13,7207479117.309127
2025-03-14,7329212310.748804
2025-03-17,7390367524.191838
2025-03-18,7317484556.051501
2025-03-19,7417674373.415503
2025-03-20,7405480188.461481
2025-03-21,7400400456.151012
2025-03-24,7489167050.832898
2025-03-25,7518203500.292845
2025-03-26,7409680657.942926
2025-03-27,7382175135.026892
2025-03-28,7291464633.881996
2025-03-31,7360163790.698967
2025-04-01,7405005805.576824
2025-04-02,7394330035.479041
2025-04-03,7469449904.004418
2025-04-04,7489721641.228182
2025-04-07,7400252669.406849
2025-04-08,7362147694.307217
2025-04-09,7338003929.814746
2025-04-10,7291972783.57765
2025-04-11,7250339505.96008
2025-04-14,7309420426.187133
2025-04-15,7331105933.232213
2025-04-16,7362797213.468652
2025-04-17,7341843544.761465
2025-04-21,7302171618.184953
2025-04-22,7307490096.130742
2025-04-23,7315146669.871456
2025-04-24,7354777630.212866
2025-04-25,7382461037.938722
2025-04-28,7411541792.249865
2025-04-29,7436615578.019103
2025-04-30,7447887863.284375
2025-05-01,7416075500.734169
2025-05-02,7366902729.239473
2025-05-05,7353596280.0261345
2025-05-06,7372098555.690084
2025-05-07,7391283028.492792
2025-05-08,7334222652.466072
2025-05-09,7339530491.56582
2025-05-12,7292652257.973488
2025-05-13,7286983386.269171
2025-05-14,7259206802.115837
2025-05-15,7307435262.782373
2025-05-16,7309631942.38834
2025-05-19,7305554506.671317
2025-05-20,7295966237.154971
2025-05-21,7244614700.258625
2025-05-22,7272327242.417276
2025-05-23,7293549711.066236
2025-05-27,7322978914.176347
2025-05-28,7302780052.432363
2025-05-29,7332875181.099975
2025-05-30,7354317863.058944
2025-06-02,7329547626.089342
2025-06-03,7359220233.602651
2025-06-04,7409241947.845616
2025-06-05,7350689335.8905735
2025-06-06,7366785997.872682
2025-06-09,7385219193.870511
2025-06-10,7438206988.606793
2025-06-11,7445691399.680561
2025-06-12,7505334140.058802
2025-06-13,7392441918.8295
2025-06-16,7439937429.134075
2025-06-17,7410990297.668939
2025-06-18,7413065010.128766
2025-06-20,7398900588.110069
2025-06-23,7495964645.411824
2025-06-24,7602320615.146141
2025-06-25,7608079151.417947
2025-06-26,7692570653.660948
2025-06-27,7708916794.093833
2025-06-30,7774111378.554875
2025-07-01,7756043994.783635
2025-07-02,7773306992.105439
2025-07-03,7806025452.751814
2025-07-07,7722543080.510331
2025-07-08,7705441103.24119
2025-07-09,7789732037.186714
2025-07-10,7805990649.11706
2025-07-11,7741762263.710415
2025-07-14,7751705128.897928
2025-07-15,7687001268.881874
2025-07-16,7732366398.437444
2025-07-17,7775561885.938258
2025-07-18,7789477919.106819
2025-07-21,7829375386.65223
2025-07-22,7850685043.366709
2025-07-23,7887964776.203879
2025-07-24,7877161228.958913
2025-07-25,7927049890.943029
2025-07-28,7905985466.194267
2025-07-29,7935404672.151694
2025-07-30,7896643274.845465
2025-07-31,7872287550.724259
2025-08-01,7833377326.294955
2025-08-04,7959220051.461419
2025-08-05,7912421528.475209
2025-08-06,7964590713.844443
2025-08-07,7950775384.122999
2025-08-08,7992135363.714562
2025-08-11,7977476318.697174
2025-08-12,8057927365.243681
2025-08-13,8111528425.585688
2025-08-14,8084263328.980506
2025-08-15,8047814571.838152
2025-08-18,8036830510.717542
2025-08-19,8012426098.747944
2025-08-20,8001629644.145382
2025-08-21,7944864780.949548
2025-08-22,8108051600.774525
2025-08-25,8055694419.326176
2025-08-26,8106800836.796584
2025-08-27,8138505610.833256
2025-08-28,8183652749.019357
2025-08-29,8127601959.987824
2025-09-02,8042999756.933678
2025-09-03,8112134413.149633
2025-09-04,8213087785.809534
2025-09-05,8227453158.10096
2025-09-08,8270345179.496775
2025-09-09,8267995284.975007
2025-09-10,8312478003.594558
2025-09-11,8392541751.893852
2025-09-12,8364434686.600783
2025-09-15,8420972494.913808
2025-09-16,8412922324.176715
2025-09-17,8383094382.459307
2025-09-18,8393419258.665198
2025-09-19,8430105986.662859
2025-09-22,8454824352.368337
2025-09-23,8430176413.268711
2025-09-24,8379427938.285872
2025-09-25,8320883975.485923
2025-09-26,8362624505.045558
2025-09-29,8408760011.210411
2025-09-30,8435357025.557858
2025-10-01,8490450053.762326
2025-10-02,8507199005.207903
2025-10-03,8489221987.46171
2025-10-06,8493922947.682041
2025-10-07,8481602383.076757
2025-10-08,8532202202.29052
2025-10-09,8499947308.459874
2025-10-10,8320651215.4932575
2025-10-13,8450052947.624117
2025-10-14,8459540847.581801
2025-10-15,8485823652.027526
2025-10-16,8465243694.118823
2025-10-17,8497616825.97281
2025-10-20,8594455964.877998
2025-10-21,8608416039.076212
2025-10-22,8564455433.783012
2025-10-23,8584834517.266118
2025-10-24,8660610800.115509
2025-10-27,8760065125.253258
2025-10-28,8789437612.318636
2025-10-29,8736559838.607595
2025-10-30,8626905281.16721
2025-10-31,8657080833.001337
2025-11-03,8667527723.732601
2025-11-04,8574239322.75134
2025-11-05,8561372833.467257
2025-11-06,8511519793.957326
2025-11-07,8521806758.832836
2025-11-10,8641029775.740261
2025-11-11,8685690612.712065
2025-11-12,8690661737.915133
2025-11-13,8521147604.414734
2025-11-14,8504022313.308159
2025-11-17,8433009457.704755
2025-11-18,8374746955.402089
2025-11-19,8399314602.452623
2025-11-20,8290078590.325116
2025-11-21,8398021235.946023
2025-11-24,8531824459.464639
2025-11-25,8631510895.443443
2025-11-26,8695804398.339008
2025-11-28,8726298146.206709
2025-12-01,8639547114.665424
2025-12-02,8660982615.170156
2025-12-03,8706932043.140976
2025-12-04,8685287684.553196
2025-12-05,8682458831.882746
2025-12-08,8637101125.454914
2025-12-09,8615600091.657822
2025-12-10,8698989328.200344
2025-12-11,8718556384.184826
2025-12-12,8600294243.692715
2025-12-15,8592907105.852665
2025-12-16,8592000844.783094
2025-12-17,8494468051.985072
2025-12-18,8578878972.646219
2025-12-19,8635651834.797869
2025-12-22,8678928100.6924
2025-12-23,8713448065.70297
2025-12-24,8764624132.880136
2025-12-26,8770202214.880484
2025-12-29,8750205415.952707
2025-12-30,8728936304.4504
2025-12-31,8633893777.05658
2026-01-02,8640893787.569345
2026-01-05,8722971525.300838
2026-01-06,8766893493.782797
2026-01-07,8753261613.409454
2026-01-08,8724911223.993147
2026-01-09,8790926447.883541
2026-01-12,8792389409.229433
2026-01-13,8784003520.105934
2026-01-14,8757216339.889416
2026-01-15,8761566442.774052
2026-01-16,8719498110.754423
2026-01-20,8505467231.560467
2026-01-21,8624204113.862137
2026-01-22,8666702880.416122
2026-01-23,8682465200.17882
2026-01-26,8737225327.18489
2026-01-27,8760150201.32754
2026-01-28,8750386658.068771
2026-01-29,8740595254.845238
2026-01-30,8707555310.277313
2026-02-02,8732002431.402723
2026-02-03,8664818007.241226
2026-02-04,8619465490.20406
2026-02-05,8560827897.743541
2026-02-06,8722448949.1961
2026-02-09,8764469140.733198
2026-02-10,8777477168.332922
2026-02-11,8749944060.805605
2026-02-12,8666750591.01084
2026-02-13,8704730354.591715
2026-02-17,8716118765.548641
2026-02-18,8740222399.324608
2026-02-19,8723871556.608215
2026-02-20,8784462291.852531
2026-02-23,8725305153.019283
2026-02-24,8782417387.864933
2026-02-25,8846480169.762573
2026-02-26,8819901121.805231
2026-02-27,8811630287.697842
2026-03-02,8762690509.619558
2026-03-03,8675279593.418201
2026-03-04,8715938761.320736
2026-03-05,8639289988.356783
2026-03-06,8520197868.152011
2026-03-09,8619019083.324265
2026-03-10,8576532942.722389
2026-03-11,8525438065.723527
2026-03-12,8367366530.735718
2026-03-13,8309661145.144783
2026-03-16,8430048029.115027
2026-03-17,8465287133.221025
2026-03-18,8308465760.073396
2026-03-19,8285620980.89263
2026-03-20,8090985199.136895
2026-03-23,8199871171.105008
2026-03-24,8143802664.006796
2026-03-25,8230362134.14144
2026-03-26,8017402498.3344555
2026-03-27,7880006021.691987
2026-03-30,7907944550.692331
2026-03-31,8148801994.925792
2026-04-01,8200937731.953664
2026-04-02,8225670280.768035
2026-04-06,8241303768.665834
2026-04-07,8264034753.174055
2026-04-08,8489192233.752048
2026-04-09,8533276179.258759
2026-04-10,8511907397.929549
2026-04-13,8611602492.126272
2026-04-14,8741519013.674416
2026-04-15,8788732735.842108
2026-04-16,8792940693.216763
2026-04-17,8944505676.47158
2026-04-20,8917063457.011469
2026-04-21,8819506845.038563
2026-04-22,8915696463.162916
2026-04-23,8866049234.17979
2026-04-24,8950157334.372698
2026-04-27,8943671767.595692
2026-04-28,8890535029.067745
2026-04-29,8846066761.00476
2026-04-30,8949166779.505283
2026-05-01,8978980428.979256
2026-05-04,8912062129.055979
2026-05-05,8995104015.660877
2026-05-06,9162317693.63634
2026-05-07,9104522563.954056
2026-05-08,9201909730.555656
2026-05-11,9190484512.663364
2026-05-12,9144092889.991617
2026-05-13,9193561614.60179
2026-05-14,9258672772.084667
2026-05-15,9072861378.022564
2026-05-18,9060837718.375128
2026-05-19,8963918131.084751
2026-05-20,9114726833.961212
2026-05-21,9136771831.091974
2026-05-22,9178427928.098995
2026-05-26,9274267250.958757
2026-05-27,9274901830.417282
2026-05-28,9345146599.76168
2026-05-29,9377080985.433113
2026-06-01,9384804270.04836
2026-06-02,9402511063.178947
2026-06-03,9312461324.839167
2026-06-04,9357284241.888369
2026-06-05,9068344216.148792
2026-06-08,9077335306.997227
2026-06-09,9074379917.192028
2026-06-10,8922063156.41097
2026-06-11,9132886950.69901
2026-06-12,9164950373.40228
2026-06-15,9332556726.320524
2026-06-16,9299409041.28993
2026-06-17,9133948719.48316
2026-06-18,9259306068.0453
2026-06-22,9194033760.660044
2026-06-23,9071601538.928087
2026-06-24,9124968636.8463
2026-06-25,9142038437.291496
2026-06-26,9098358417.216246
2026-06-29,9246642209.42658
2026-06-30,9268791430.497686
2026-07-01,9232590655.892767
2026-07-02,9227639053.828213
2026-07-06,9311367497.091627
2026-07-07,9219405304.080393
2026-07-08,9170821171.594725
2026-07-09,9266003649.237623
2026-07-10,9296162050.009054
2026-07-13,9190356336.100351
2026-07-14,9246830306.839237
2026-07-15,9304170774.045252
2026-07-16,9246506739.308561
2026-07-17,9165528040.821255
2026-07-20,9119831828.602676
2026-07-21,9171477136.725702
2026-07-22,9138539074.65006
2026-07-23,8999381217.863504
2026-07-24,9024155255.485365
2026-07-27,9048543400.184464
2026-07-28,9095358237.698448
2026-07-29,8917374729.440742
2026-07-30,9068608491.961763
2026-07-31,9107159029.637884
2026-08-03,9253344772.790998
2026-08-04,9415261504.391546
2026-08-05,9396301599.61867
2026-08-06,9381122057.146172
