Date,Risk Free Rate
1885-03-20,2.49
1885-03-23,2.4890625
1885-03-24,2.488125
1885-03-25,2.4871875
1885-03-26,2.48625
1885-03-27,2.4853125
1885-03-30,2.484375
1885-03-31,2.4834375
1885-04-01,2.4825
1885-04-02,2.4819047619047616
1885-04-06,2.481309523809524
1885-04-07,2.480714285714285
1885-04-08,2.480119047619048
1885-04-09,2.479523809523809
1885-04-10,2.478928571428572
1885-04-13,2.478333333333333
1885-04-14,2.477738095238095
1885-04-15,2.477142857142857
1885-04-16,2.476547619047619
1885-04-17,2.4759523809523807
1885-04-20,2.475357142857143
1885-04-21,2.4747619047619045
1885-04-22,2.474166666666666
1885-04-23,2.4735714285714283
1885-04-24,2.4729761904761904
1885-04-27,2.472380952380952
1885-04-28,2.4717857142857143
1885-04-29,2.471190476190476
1885-04-30,2.470595238095238
1885-05-01,2.47
1885-05-04,2.469404761904762
1885-05-05,2.468809523809524
1885-05-06,2.4682142857142857
1885-05-07,2.4676190476190474
1885-05-08,2.467023809523809
1885-05-11,2.466428571428571
1885-05-12,2.4658333333333333
1885-05-13,2.465238095238095
1885-05-14,2.464642857142857
1885-05-15,2.464047619047619
1885-05-18,2.463452380952381
1885-05-19,2.462857142857142
1885-05-20,2.4622619047619048
1885-05-21,2.4616666666666664
1885-05-22,2.461071428571429
1885-05-25,2.4604761904761903
1885-05-26,2.4598809523809524
1885-05-27,2.459285714285714
1885-05-28,2.458690476190476
1885-05-29,2.458095238095238
1885-06-01,2.4575
1885-06-02,2.4569318181818183
1885-06-03,2.4563636363636365
1885-06-04,2.4557954545454543
1885-06-05,2.4552272727272726
1885-06-08,2.454659090909091
1885-06-09,2.454090909090909
1885-06-10,2.453522727272728
1885-06-11,2.4529545454545456
1885-06-12,2.4523863636363634
1885-06-15,2.4518181818181817
1885-06-16,2.45125
1885-06-17,2.450681818181818
1885-06-18,2.4501136363636364
1885-06-19,2.4495454545454542
1885-06-22,2.4489772727272725
1885-06-23,2.4484090909090908
1885-06-24,2.447840909090909
1885-06-25,2.447272727272728
1885-06-26,2.446704545454545
1885-06-29,2.446136363636364
1885-06-30,2.4455681818181816
1885-07-01,2.445
1885-07-02,2.4444565217391303
1885-07-03,2.4439130434782608
1885-07-06,2.4433695652173912
1885-07-07,2.4428260869565217
1885-07-08,2.442282608695652
1885-07-09,2.441739130434782
1885-07-10,2.441195652173913
1885-07-13,2.440652173913044
1885-07-14,2.440108695652174
1885-07-15,2.4395652173913045
1885-07-16,2.439021739130435
1885-07-17,2.438478260869565
1885-07-20,2.4379347826086954
1885-07-21,2.437391304347826
1885-07-22,2.4368478260869564
1885-07-23,2.436304347826087
1885-07-24,2.4357608695652173
1885-07-27,2.435217391304348
1885-07-28,2.4346739130434782
1885-07-29,2.4341304347826087
1885-07-30,2.433586956521739
1885-07-31,2.4330434782608696
1885-08-03,2.4325
1885-08-04,2.431904761904762
1885-08-05,2.431309523809524
1885-08-06,2.4307142857142856
1885-08-07,2.430119047619048
1885-08-10,2.4295238095238094
1885-08-11,2.4289285714285715
1885-08-12,2.428333333333333
1885-08-13,2.427738095238096
1885-08-14,2.427142857142857
1885-08-17,2.426547619047619
1885-08-18,2.425952380952381
1885-08-19,2.425357142857143
1885-08-20,2.4247619047619047
1885-08-21,2.424166666666667
1885-08-24,2.4235714285714285
1885-08-25,2.4229761904761906
1885-08-26,2.4223809523809523
1885-08-27,2.4217857142857144
1885-08-28,2.421190476190476
1885-08-31,2.4205952380952382
1885-09-01,2.42
1885-09-02,2.419431818181818
1885-09-03,2.4188636363636364
1885-09-04,2.4182954545454547
1885-09-07,2.4177272727272725
1885-09-08,2.4171590909090908
1885-09-09,2.416590909090909
1885-09-10,2.416022727272728
1885-09-11,2.415454545454545
1885-09-14,2.414886363636364
1885-09-15,2.414318181818182
1885-09-16,2.41375
1885-09-17,2.413181818181818
1885-09-18,2.4126136363636363
1885-09-21,2.4120454545454546
1885-09-22,2.411477272727273
1885-09-23,2.410909090909091
1885-09-24,2.4103409090909094
1885-09-25,2.409772727272728
1885-09-28,2.409204545454545
1885-09-29,2.408636363636364
1885-09-30,2.408068181818182
1885-10-01,2.4075
1885-10-02,2.4069318181818184
1885-10-05,2.4063636363636367
1885-10-06,2.405795454545455
1885-10-07,2.4052272727272728
1885-10-08,2.404659090909091
1885-10-09,2.4040909090909093
1885-10-12,2.4035227272727275
1885-10-13,2.402954545454546
1885-10-14,2.402386363636364
1885-10-15,2.4018181818181823
1885-10-16,2.40125
1885-10-19,2.4006818181818184
1885-10-20,2.4001136363636366
1885-10-21,2.399545454545455
1885-10-22,2.398977272727273
1885-10-23,2.3984090909090914
1885-10-26,2.3978409090909096
1885-10-27,2.397272727272728
1885-10-28,2.3967045454545457
1885-10-29,2.396136363636364
1885-10-30,2.395568181818182
1885-11-02,2.3950000000000005
1885-11-04,2.394342105263158
1885-11-05,2.3936842105263163
1885-11-06,2.393026315789474
1885-11-09,2.392368421052632
1885-11-10,2.39171052631579
1885-11-11,2.391052631578948
1885-11-12,2.3903947368421057
1885-11-13,2.3897368421052634
1885-11-16,2.389078947368421
1885-11-17,2.3884210526315792
1885-11-18,2.3877631578947374
1885-11-19,2.387105263157895
1885-11-20,2.3864473684210528
1885-11-23,2.385789473684211
1885-11-24,2.3851315789473686
1885-11-25,2.3844736842105267
1885-11-27,2.3838157894736844
1885-11-30,2.3831578947368426
1885-12-01,2.3825000000000003
1885-12-02,2.3819318181818185
1885-12-03,2.381363636363637
1885-12-04,2.3807954545454546
1885-12-07,2.380227272727273
1885-12-08,2.379659090909091
1885-12-09,2.3790909090909094
1885-12-10,2.378522727272728
1885-12-11,2.377954545454546
1885-12-14,2.377386363636364
1885-12-15,2.376818181818182
1885-12-16,2.37625
1885-12-17,2.3756818181818184
1885-12-18,2.3751136363636367
1885-12-21,2.3745454545454545
1885-12-22,2.3739772727272728
1885-12-23,2.373409090909091
1885-12-24,2.3728409090909093
1885-12-28,2.3722727272727275
1885-12-29,2.371704545454546
1885-12-30,2.371136363636364
1885-12-31,2.370568181818182
1886-01-04,2.37
1886-01-05,2.370625
1886-01-06,2.3712500000000003
1886-01-07,2.371875
1886-01-08,2.3725
1886-01-11,2.373125
1886-01-12,2.37375
1886-01-13,2.374375
1886-01-14,2.375
1886-01-15,2.3756250000000003
1886-01-18,2.37625
1886-01-19,2.376875
1886-01-20,2.3775000000000004
1886-01-21,2.3781250000000003
1886-01-22,2.37875
1886-01-25,2.3793750000000005
1886-01-26,2.3800000000000003
1886-01-27,2.380625
1886-01-28,2.38125
1886-01-29,2.3818750000000004
1886-02-01,2.3825000000000003
1886-02-02,2.3831578947368426
1886-02-03,2.3838157894736844
1886-02-04,2.3844736842105267
1886-02-05,2.3851315789473686
1886-02-08,2.385789473684211
1886-02-09,2.3864473684210528
1886-02-10,2.387105263157895
1886-02-11,2.3877631578947374
1886-02-12,2.3884210526315792
1886-02-15,2.389078947368421
1886-02-16,2.3897368421052634
1886-02-17,2.3903947368421057
1886-02-18,2.391052631578948
1886-02-19,2.39171052631579
1886-02-23,2.392368421052632
1886-02-24,2.393026315789474
1886-02-25,2.3936842105263163
1886-02-26,2.394342105263158
1886-03-01,2.3950000000000005
1886-03-02,2.39554347826087
1886-03-03,2.3960869565217395
1886-03-04,2.396630434782609
1886-03-05,2.3971739130434786
1886-03-08,2.397717391304348
1886-03-09,2.3982608695652177
1886-03-10,2.398804347826087
1886-03-11,2.3993478260869567
1886-03-12,2.3998913043478263
1886-03-15,2.400434782608696
1886-03-16,2.4009782608695653
1886-03-17,2.401521739130436
1886-03-18,2.402065217391305
1886-03-19,2.4026086956521744
1886-03-22,2.403152173913044
1886-03-23,2.403695652173913
1886-03-24,2.404239130434783
1886-03-25,2.4047826086956525
1886-03-26,2.405326086956522
1886-03-29,2.405869565217392
1886-03-30,2.406413043478261
1886-03-31,2.4069565217391307
1886-04-01,2.4075
1886-04-02,2.408095238095238
1886-04-05,2.4086904761904764
1886-04-06,2.4092857142857143
1886-04-07,2.409880952380953
1886-04-08,2.4104761904761904
1886-04-09,2.4110714285714288
1886-04-12,2.411666666666666
1886-04-13,2.412261904761905
1886-04-14,2.412857142857143
1886-04-15,2.413452380952381
1886-04-16,2.414047619047619
1886-04-19,2.4146428571428573
1886-04-20,2.415238095238095
1886-04-21,2.415833333333333
1886-04-22,2.416428571428572
1886-04-26,2.4170238095238097
1886-04-27,2.417619047619048
1886-04-28,2.418214285714286
1886-04-29,2.418809523809524
1886-04-30,2.419404761904762
1886-05-03,2.42
1886-05-04,2.420625
1886-05-05,2.42125
1886-05-06,2.421875
1886-05-07,2.4225
1886-05-10,2.423125
1886-05-11,2.42375
1886-05-12,2.424375
1886-05-13,2.425
1886-05-14,2.425625
1886-05-17,2.42625
1886-05-18,2.426875
1886-05-19,2.4275
1886-05-20,2.428125
1886-05-21,2.42875
1886-05-24,2.4293750000000003
1886-05-25,2.43
1886-05-26,2.430625
1886-05-27,2.43125
1886-05-28,2.431875
1886-06-01,2.4325
1886-06-02,2.433068181818182
1886-06-03,2.433636363636364
1886-06-04,2.4342045454545453
1886-06-07,2.4347727272727275
1886-06-08,2.4353409090909093
1886-06-09,2.435909090909091
1886-06-10,2.4364772727272728
1886-06-11,2.4370454545454545
1886-06-14,2.4376136363636363
1886-06-15,2.438181818181818
1886-06-16,2.43875
1886-06-17,2.439318181818182
1886-06-18,2.439886363636364
1886-06-21,2.440454545454545
1886-06-22,2.441022727272727
1886-06-23,2.441590909090909
1886-06-24,2.4421590909090907
1886-06-25,2.4427272727272724
1886-06-28,2.4432954545454546
1886-06-29,2.4438636363636363
1886-06-30,2.444431818181818
1886-07-01,2.445
1886-07-02,2.445595238095238
1886-07-06,2.446190476190476
1886-07-07,2.4467857142857143
1886-07-08,2.447380952380952
1886-07-09,2.4479761904761905
1886-07-12,2.4485714285714284
1886-07-13,2.4491666666666667
1886-07-14,2.4497619047619046
1886-07-15,2.450357142857143
1886-07-16,2.4509523809523808
1886-07-19,2.451547619047619
1886-07-20,2.452142857142857
1886-07-21,2.452738095238096
1886-07-22,2.453333333333333
1886-07-23,2.4539285714285715
1886-07-26,2.4545238095238093
1886-07-27,2.455119047619048
1886-07-28,2.455714285714285
1886-07-29,2.456309523809524
1886-07-30,2.4569047619047617
1886-08-02,2.4575
1886-08-03,2.4580681818181818
1886-08-04,2.4586363636363635
1886-08-05,2.4592045454545453
1886-08-06,2.4597727272727274
1886-08-09,2.460340909090909
1886-08-10,2.460909090909091
1886-08-11,2.4614772727272727
1886-08-12,2.4620454545454544
1886-08-13,2.462613636363636
1886-08-16,2.463181818181818
1886-08-17,2.46375
1886-08-18,2.464318181818182
1886-08-19,2.464886363636364
1886-08-20,2.4654545454545453
1886-08-23,2.466022727272727
1886-08-24,2.466590909090909
1886-08-25,2.4671590909090906
1886-08-26,2.4677272727272723
1886-08-27,2.4682954545454545
1886-08-30,2.4688636363636363
1886-08-31,2.469431818181818
1886-09-01,2.47
1886-09-02,2.470568181818181
1886-09-03,2.4711363636363632
1886-09-06,2.471704545454545
1886-09-07,2.472272727272727
1886-09-08,2.472840909090909
1886-09-09,2.4734090909090907
1886-09-10,2.4739772727272724
1886-09-13,2.474545454545454
1886-09-14,2.4751136363636363
1886-09-15,2.475681818181818
1886-09-16,2.47625
1886-09-17,2.4768181818181816
1886-09-20,2.477386363636364
1886-09-21,2.477954545454545
1886-09-22,2.478522727272728
1886-09-23,2.479090909090909
1886-09-24,2.4796590909090908
1886-09-27,2.4802272727272725
1886-09-28,2.4807954545454542
1886-09-29,2.4813636363636364
1886-09-30,2.481931818181818
1886-10-01,2.4825
1886-10-04,2.4830952380952382
1886-10-05,2.483690476190476
1886-10-06,2.4842857142857144
1886-10-07,2.4848809523809523
1886-10-08,2.4854761904761906
1886-10-11,2.4860714285714285
1886-10-12,2.486666666666667
1886-10-13,2.4872619047619047
1886-10-14,2.487857142857143
1886-10-15,2.488452380952381
1886-10-18,2.489047619047619
1886-10-19,2.489642857142857
1886-10-20,2.490238095238096
1886-10-21,2.490833333333333
1886-10-22,2.4914285714285715
1886-10-25,2.4920238095238094
1886-10-26,2.492619047619048
1886-10-27,2.4932142857142856
1886-10-28,2.493809523809524
1886-10-29,2.494404761904762
1886-11-01,2.495
1886-11-03,2.495625
1886-11-04,2.49625
1886-11-05,2.496875
1886-11-08,2.4975
1886-11-09,2.498125
1886-11-10,2.49875
1886-11-11,2.499375
1886-11-12,2.5
1886-11-15,2.500625
1886-11-16,2.50125
1886-11-17,2.501875
1886-11-18,2.5025
1886-11-19,2.503125
1886-11-22,2.50375
1886-11-23,2.504375
1886-11-24,2.505
1886-11-26,2.505625
1886-11-29,2.50625
1886-11-30,2.506875
1886-12-01,2.5075
1886-12-02,2.5080434782608694
1886-12-03,2.508586956521739
1886-12-06,2.5091304347826084
1886-12-07,2.509673913043478
1886-12-08,2.5102173913043475
1886-12-09,2.510760869565217
1886-12-10,2.511304347826087
1886-12-13,2.511847826086957
1886-12-14,2.512391304347826
1886-12-15,2.512934782608696
1886-12-16,2.513478260869565
1886-12-17,2.5140217391304347
1886-12-20,2.514565217391304
1886-12-21,2.5151086956521738
1886-12-22,2.515652173913044
1886-12-23,2.516195652173913
1886-12-24,2.5167391304347824
1886-12-27,2.5172826086956523
1886-12-28,2.517826086956522
1886-12-29,2.5183695652173914
1886-12-30,2.518913043478261
1886-12-31,2.5194565217391305
1887-01-03,2.52
1887-01-04,2.520595238095238
1887-01-05,2.521190476190476
1887-01-06,2.521785714285714
1887-01-07,2.5223809523809524
1887-01-10,2.5229761904761903
1887-01-11,2.523571428571429
1887-01-12,2.5241666666666664
1887-01-13,2.5247619047619048
1887-01-14,2.525357142857142
1887-01-17,2.525952380952381
1887-01-18,2.526547619047619
1887-01-19,2.527142857142857
1887-01-20,2.527738095238095
1887-01-21,2.5283333333333333
1887-01-24,2.528928571428571
1887-01-25,2.529523809523809
1887-01-26,2.5301190476190474
1887-01-27,2.5307142857142857
1887-01-28,2.531309523809524
1887-01-31,2.531904761904762
1887-02-01,2.5325
1887-02-02,2.533157894736842
1887-02-03,2.533815789473684
1887-02-04,2.534473684210526
1887-02-07,2.5351315789473685
1887-02-08,2.5357894736842104
1887-02-09,2.5364473684210527
1887-02-10,2.5371052631578945
1887-02-11,2.537763157894737
1887-02-14,2.538421052631579
1887-02-15,2.539078947368421
1887-02-16,2.539736842105264
1887-02-17,2.5403947368421056
1887-02-18,2.5410526315789475
1887-02-21,2.5417105263157898
1887-02-23,2.542368421052632
1887-02-24,2.543026315789474
1887-02-25,2.543684210526316
1887-02-28,2.544342105263158
1887-03-01,2.5450000000000004
1887-03-02,2.54554347826087
1887-03-03,2.5460869565217394
1887-03-04,2.546630434782609
1887-03-07,2.5471739130434785
1887-03-08,2.547717391304348
1887-03-09,2.5482608695652176
1887-03-10,2.548804347826087
1887-03-11,2.5493478260869566
1887-03-14,2.549891304347826
1887-03-15,2.550434782608696
1887-03-16,2.5509782608695653
1887-03-17,2.5515217391304352
1887-03-18,2.5520652173913048
1887-03-21,2.5526086956521743
1887-03-22,2.553152173913044
1887-03-23,2.5536956521739134
1887-03-24,2.554239130434783
1887-03-25,2.5547826086956524
1887-03-28,2.555326086956522
1887-03-29,2.5558695652173915
1887-03-30,2.556413043478261
1887-03-31,2.5569565217391306
1887-04-01,2.5575
1887-04-04,2.558125
1887-04-05,2.5587500000000003
1887-04-06,2.559375
1887-04-07,2.56
1887-04-11,2.560625
1887-04-12,2.56125
1887-04-13,2.561875
1887-04-14,2.5625
1887-04-15,2.5631250000000003
1887-04-18,2.56375
1887-04-19,2.564375
1887-04-20,2.5650000000000004
1887-04-21,2.5656250000000003
1887-04-22,2.56625
1887-04-25,2.5668750000000005
1887-04-26,2.5675000000000003
1887-04-27,2.568125
1887-04-28,2.56875
1887-04-29,2.5693750000000004
1887-05-02,2.5700000000000003
1887-05-03,2.570595238095238
1887-05-04,2.5711904761904765
1887-05-05,2.5717857142857143
1887-05-06,2.5723809523809527
1887-05-09,2.5729761904761905
1887-05-10,2.573571428571429
1887-05-11,2.5741666666666667
1887-05-12,2.574761904761905
1887-05-13,2.575357142857143
1887-05-16,2.575952380952381
1887-05-17,2.576547619047619
1887-05-18,2.5771428571428574
1887-05-19,2.577738095238096
1887-05-20,2.5783333333333336
1887-05-23,2.5789285714285715
1887-05-24,2.5795238095238098
1887-05-25,2.580119047619048
1887-05-26,2.580714285714286
1887-05-27,2.581309523809524
1887-05-31,2.581904761904762
1887-06-01,2.5825
1887-06-02,2.5830681818181818
1887-06-03,2.5836363636363635
1887-06-06,2.5842045454545453
1887-06-07,2.5847727272727274
1887-06-08,2.585340909090909
1887-06-09,2.585909090909091
1887-06-10,2.5864772727272727
1887-06-13,2.5870454545454544
1887-06-14,2.587613636363636
1887-06-15,2.588181818181818
1887-06-16,2.58875
1887-06-17,2.589318181818182
1887-06-20,2.589886363636364
1887-06-21,2.5904545454545453
1887-06-22,2.591022727272727
1887-06-23,2.591590909090909
1887-06-24,2.5921590909090906
1887-06-27,2.5927272727272723
1887-06-28,2.5932954545454545
1887-06-29,2.5938636363636363
1887-06-30,2.594431818181818
1887-07-01,2.595
1887-07-05,2.595625
1887-07-06,2.59625
1887-07-07,2.596875
1887-07-08,2.5975
1887-07-11,2.598125
1887-07-12,2.59875
1887-07-13,2.599375
1887-07-14,2.6
1887-07-15,2.600625
1887-07-18,2.60125
1887-07-19,2.601875
1887-07-20,2.6025
1887-07-21,2.603125
1887-07-22,2.60375
1887-07-25,2.604375
1887-07-26,2.605
1887-07-27,2.605625
1887-07-28,2.60625
1887-07-29,2.606875
1887-08-01,2.6075
1887-08-02,2.608043478260869
1887-08-03,2.608586956521739
1887-08-04,2.6091304347826085
1887-08-05,2.609673913043478
1887-08-08,2.610217391304348
1887-08-09,2.6107608695652176
1887-08-10,2.611304347826087
1887-08-11,2.6118478260869566
1887-08-12,2.612391304347826
1887-08-15,2.612934782608696
1887-08-16,2.6134782608695653
1887-08-17,2.614021739130435
1887-08-18,2.6145652173913043
1887-08-19,2.615108695652174
1887-08-22,2.6156521739130434
1887-08-23,2.616195652173913
1887-08-24,2.6167391304347825
1887-08-25,2.6172826086956524
1887-08-26,2.617826086956522
1887-08-29,2.6183695652173915
1887-08-30,2.618913043478261
1887-08-31,2.6194565217391306
1887-09-01,2.62
1887-09-02,2.620595238095238
1887-09-06,2.6211904761904763
1887-09-07,2.621785714285714
1887-09-08,2.6223809523809525
1887-09-09,2.6229761904761904
1887-09-12,2.6235714285714287
1887-09-13,2.6241666666666665
1887-09-14,2.624761904761905
1887-09-15,2.6253571428571427
1887-09-16,2.625952380952381
1887-09-19,2.626547619047619
1887-09-20,2.627142857142857
1887-09-21,2.627738095238095
1887-09-22,2.6283333333333334
1887-09-23,2.628928571428572
1887-09-26,2.6295238095238096
1887-09-27,2.6301190476190475
1887-09-28,2.630714285714286
1887-09-29,2.631309523809524
1887-09-30,2.631904761904762
1887-10-03,2.6325
1887-10-04,2.633095238095238
1887-10-05,2.633690476190476
1887-10-06,2.6342857142857143
1887-10-07,2.634880952380952
1887-10-10,2.6354761904761905
1887-10-11,2.6360714285714284
1887-10-12,2.6366666666666667
1887-10-13,2.637261904761905
1887-10-14,2.637857142857143
1887-10-17,2.638452380952381
1887-10-18,2.639047619047619
1887-10-19,2.6396428571428574
1887-10-20,2.640238095238096
1887-10-21,2.6408333333333336
1887-10-24,2.641428571428572
1887-10-25,2.6420238095238098
1887-10-26,2.642619047619048
1887-10-27,2.643214285714286
1887-10-28,2.6438095238095243
1887-10-31,2.644404761904762
1887-11-01,2.6450000000000005
1887-11-02,2.6456250000000003
1887-11-03,2.64625
1887-11-04,2.6468750000000005
1887-11-07,2.6475000000000004
1887-11-09,2.6481250000000003
1887-11-10,2.64875
1887-11-11,2.649375
1887-11-14,2.6500000000000004
1887-11-15,2.650625
1887-11-16,2.65125
1887-11-17,2.651875
1887-11-18,2.6525
1887-11-21,2.653125
1887-11-22,2.65375
1887-11-23,2.654375
1887-11-25,2.655
1887-11-28,2.655625
1887-11-29,2.65625
1887-11-30,2.656875
1887-12-01,2.6575
1887-12-02,2.658095238095238
1887-12-05,2.658690476190476
1887-12-06,2.6592857142857143
1887-12-07,2.659880952380952
1887-12-08,2.6604761904761904
1887-12-09,2.6610714285714283
1887-12-12,2.661666666666666
1887-12-13,2.6622619047619045
1887-12-14,2.662857142857143
1887-12-15,2.6634523809523807
1887-12-16,2.664047619047619
1887-12-19,2.664642857142857
1887-12-20,2.665238095238095
1887-12-21,2.665833333333333
1887-12-22,2.666428571428572
1887-12-23,2.667023809523809
1887-12-27,2.667619047619048
1887-12-28,2.668214285714285
1887-12-29,2.668809523809524
1887-12-30,2.6694047619047616
1888-01-03,2.67
1888-01-04,2.669126984126984
1888-01-05,2.668253968253968
1888-01-06,2.6673809523809524
1888-01-09,2.6665079365079363
1888-01-10,2.6656349206349206
1888-01-11,2.6647619047619044
1888-01-12,2.6638888888888888
1888-01-13,2.663015873015873
1888-01-16,2.662142857142857
1888-01-17,2.661269841269841
1888-01-18,2.660396825396825
1888-01-19,2.6595238095238094
1888-01-20,2.6586507936507933
1888-01-23,2.6577777777777776
1888-01-24,2.656904761904762
1888-01-25,2.6560317460317457
1888-01-26,2.65515873015873
1888-01-27,2.654285714285714
1888-01-30,2.6534126984126982
1888-01-31,2.652539682539682
1888-02-01,2.6516666666666664
1888-02-02,2.65075
1888-02-03,2.649833333333333
1888-02-06,2.6489166666666666
1888-02-07,2.648
1888-02-08,2.647083333333333
1888-02-09,2.646166666666667
1888-02-10,2.64525
1888-02-13,2.644333333333333
1888-02-14,2.6434166666666665
1888-02-15,2.6425
1888-02-16,2.6415833333333336
1888-02-17,2.6406666666666667
1888-02-20,2.6397500000000003
1888-02-21,2.6388333333333334
1888-02-23,2.637916666666667
1888-02-24,2.6370000000000005
1888-02-27,2.6360833333333336
1888-02-28,2.635166666666667
1888-02-29,2.63425
1888-03-01,2.6333333333333337
1888-03-02,2.632368421052632
1888-03-05,2.63140350877193
1888-03-06,2.630438596491228
1888-03-07,2.629473684210527
1888-03-08,2.628508771929825
1888-03-09,2.627543859649123
1888-03-14,2.6265789473684213
1888-03-15,2.6256140350877195
1888-03-16,2.6246491228070177
1888-03-19,2.6236842105263163
1888-03-20,2.6227192982456144
1888-03-21,2.6217543859649126
1888-03-22,2.620789473684211
1888-03-23,2.619824561403509
1888-03-26,2.618859649122807
1888-03-27,2.6178947368421057
1888-03-28,2.616929824561404
1888-03-29,2.615964912280702
1888-04-02,2.615
1888-04-03,2.6141269841269845
1888-04-04,2.6132539682539684
1888-04-05,2.6123809523809527
1888-04-06,2.611507936507937
1888-04-09,2.610634920634921
1888-04-10,2.6097619047619047
1888-04-11,2.608888888888889
1888-04-12,2.6080158730158733
1888-04-13,2.607142857142857
1888-04-16,2.606269841269841
1888-04-17,2.6053968253968254
1888-04-18,2.6045238095238097
1888-04-19,2.603650793650793
1888-04-20,2.602777777777778
1888-04-23,2.601904761904762
1888-04-24,2.601031746031746
1888-04-25,2.6001587301587303
1888-04-26,2.599285714285714
1888-04-27,2.5984126984126985
1888-04-30,2.5975396825396824
1888-05-01,2.5966666666666667
1888-05-02,2.595833333333333
1888-05-03,2.595
1888-05-04,2.5941666666666667
1888-05-07,2.5933333333333333
1888-05-08,2.5925
1888-05-09,2.591666666666667
1888-05-10,2.5908333333333333
1888-05-11,2.59
1888-05-14,2.5891666666666664
1888-05-15,2.5883333333333334
1888-05-16,2.5875
1888-05-17,2.5866666666666664
1888-05-18,2.585833333333333
1888-05-21,2.585
1888-05-22,2.5841666666666665
1888-05-23,2.583333333333333
1888-05-24,2.5825
1888-05-25,2.5816666666666666
1888-05-28,2.580833333333333
1888-05-29,2.58
1888-05-31,2.5791666666666666
1888-06-01,2.578333333333333
1888-06-04,2.577460317460317
1888-06-05,2.5765873015873013
1888-06-06,2.5757142857142856
1888-06-07,2.57484126984127
1888-06-08,2.573968253968254
1888-06-11,2.573095238095238
1888-06-12,2.5722222222222224
1888-06-13,2.5713492063492063
1888-06-14,2.5704761904761906
1888-06-15,2.569603174603175
1888-06-18,2.5687301587301588
1888-06-19,2.567857142857143
1888-06-20,2.566984126984128
1888-06-21,2.5661111111111112
1888-06-22,2.5652380952380955
1888-06-25,2.56436507936508
1888-06-26,2.563492063492064
1888-06-27,2.562619047619048
1888-06-28,2.5617460317460323
1888-06-29,2.560873015873016
1888-07-02,2.5600000000000005
1888-07-03,2.559126984126985
1888-07-05,2.5582539682539687
1888-07-06,2.557380952380953
1888-07-09,2.556507936507937
1888-07-10,2.555634920634921
1888-07-11,2.554761904761905
1888-07-12,2.5538888888888893
1888-07-13,2.5530158730158736
1888-07-16,2.552142857142857
1888-07-17,2.551269841269842
1888-07-18,2.5503968253968257
1888-07-19,2.54952380952381
1888-07-20,2.548650793650794
1888-07-23,2.547777777777778
1888-07-24,2.5469047619047624
1888-07-25,2.5460317460317463
1888-07-26,2.5451587301587306
1888-07-27,2.5442857142857145
1888-07-30,2.543412698412699
1888-07-31,2.5425396825396827
1888-08-01,2.541666666666667
1888-08-02,2.5408695652173914
1888-08-03,2.540072463768116
1888-08-06,2.5392753623188407
1888-08-07,2.538478260869565
1888-08-08,2.53768115942029
1888-08-09,2.536884057971015
1888-08-10,2.536086956521739
1888-08-13,2.535289855072464
1888-08-14,2.5344927536231885
1888-08-15,2.5336956521739133
1888-08-16,2.5328985507246378
1888-08-17,2.532101449275362
1888-08-20,2.531304347826087
1888-08-21,2.530507246376812
1888-08-22,2.5297101449275363
1888-08-23,2.528913043478261
1888-08-24,2.5281159420289856
1888-08-27,2.5273188405797105
1888-08-28,2.526521739130435
1888-08-29,2.52572463768116
1888-08-30,2.524927536231884
1888-08-31,2.524130434782609
1888-09-04,2.523333333333333
1888-09-05,2.522368421052632
1888-09-06,2.5214035087719298
1888-09-07,2.520438596491228
1888-09-10,2.5194736842105265
1888-09-11,2.5185087719298247
1888-09-12,2.517543859649123
1888-09-13,2.516578947368421
1888-09-14,2.515614035087719
1888-09-17,2.5146491228070174
1888-09-18,2.513684210526316
1888-09-19,2.512719298245614
1888-09-20,2.5117543859649123
1888-09-21,2.5107894736842105
1888-09-24,2.5098245614035086
1888-09-25,2.508859649122807
1888-09-26,2.5078947368421054
1888-09-27,2.506929824561404
1888-09-28,2.5059649122807017
1888-10-01,2.505
1888-10-02,2.5042028985507248
1888-10-03,2.503405797101449
1888-10-04,2.502608695652174
1888-10-05,2.5018115942028984
1888-10-08,2.501014492753624
1888-10-09,2.500217391304348
1888-10-10,2.4994202898550726
1888-10-11,2.498623188405797
1888-10-12,2.497826086956522
1888-10-15,2.4970289855072463
1888-10-16,2.496231884057971
1888-10-17,2.495434782608696
1888-10-18,2.4946376811594204
1888-10-19,2.493840579710145
1888-10-22,2.4930434782608697
1888-10-23,2.492246376811594
1888-10-24,2.491449275362319
1888-10-25,2.4906521739130434
1888-10-26,2.489855072463768
1888-10-29,2.4890579710144927
1888-10-30,2.488260869565217
1888-10-31,2.487463768115942
1888-11-01,2.486666666666667
1888-11-02,2.485701754385965
1888-11-05,2.484736842105263
1888-11-07,2.4837719298245613
1888-11-08,2.48280701754386
1888-11-09,2.481842105263158
1888-11-12,2.480877192982456
1888-11-13,2.4799122807017544
1888-11-14,2.478947368421053
1888-11-15,2.4779824561403507
1888-11-16,2.4770175438596493
1888-11-19,2.4760526315789475
1888-11-20,2.4750877192982457
1888-11-21,2.474122807017544
1888-11-22,2.473157894736842
1888-11-23,2.47219298245614
1888-11-26,2.4712280701754388
1888-11-27,2.470263157894737
1888-11-28,2.469298245614035
1888-12-03,2.4683333333333333
1888-12-04,2.467416666666667
1888-12-05,2.4665
1888-12-06,2.465583333333333
1888-12-07,2.4646666666666666
1888-12-10,2.46375
1888-12-11,2.462833333333333
1888-12-12,2.4619166666666668
1888-12-13,2.461
1888-12-14,2.4600833333333334
1888-12-17,2.4591666666666665
1888-12-18,2.45825
1888-12-19,2.4573333333333336
1888-12-20,2.4564166666666667
1888-12-21,2.4555
1888-12-24,2.4545833333333333
1888-12-26,2.453666666666667
1888-12-27,2.45275
1888-12-28,2.451833333333333
1888-12-31,2.450916666666666
1889-01-02,2.45
1889-01-03,2.449886363636364
1889-01-04,2.449772727272728
1889-01-07,2.449659090909091
1889-01-08,2.4495454545454547
1889-01-09,2.4494318181818184
1889-01-10,2.449318181818182
1889-01-11,2.449204545454545
1889-01-14,2.449090909090909
1889-01-15,2.448977272727273
1889-01-16,2.4488636363636367
1889-01-17,2.4487500000000004
1889-01-18,2.448636363636364
1889-01-21,2.4485227272727275
1889-01-22,2.448409090909091
1889-01-23,2.448295454545455
1889-01-24,2.4481818181818182
1889-01-25,2.448068181818182
1889-01-28,2.4479545454545457
1889-01-29,2.447840909090909
1889-01-30,2.4477272727272728
1889-01-31,2.4476136363636365
1889-02-01,2.4475
1889-02-04,2.447368421052632
1889-02-05,2.4472368421052635
1889-02-06,2.447105263157895
1889-02-07,2.4469736842105263
1889-02-08,2.446842105263158
1889-02-11,2.4467105263157896
1889-02-12,2.446578947368421
1889-02-13,2.446447368421053
1889-02-14,2.4463157894736844
1889-02-15,2.446184210526316
1889-02-18,2.446052631578948
1889-02-19,2.445921052631579
1889-02-20,2.4457894736842105
1889-02-21,2.445657894736842
1889-02-25,2.4455263157894738
1889-02-26,2.445394736842105
1889-02-27,2.4452631578947366
1889-02-28,2.445131578947368
1889-03-01,2.445
1889-03-04,2.4448809523809523
1889-03-05,2.4447619047619047
1889-03-06,2.444642857142857
1889-03-07,2.444523809523809
1889-03-08,2.444404761904762
1889-03-11,2.444285714285714
1889-03-12,2.4441666666666664
1889-03-13,2.444047619047619
1889-03-14,2.4439285714285712
1889-03-15,2.443809523809524
1889-03-18,2.443690476190476
1889-03-19,2.4435714285714285
1889-03-20,2.443452380952381
1889-03-21,2.4433333333333334
1889-03-22,2.443214285714286
1889-03-25,2.4430952380952378
1889-03-26,2.44297619047619
1889-03-27,2.4428571428571426
1889-03-28,2.442738095238095
1889-03-29,2.4426190476190475
1889-04-01,2.4425
1889-04-02,2.4423684210526315
1889-04-03,2.442236842105263
1889-04-04,2.442105263157895
1889-04-05,2.4419736842105264
1889-04-08,2.441842105263158
1889-04-09,2.4417105263157897
1889-04-10,2.4415789473684213
1889-04-11,2.441447368421053
1889-04-12,2.4413157894736845
1889-04-15,2.441184210526316
1889-04-16,2.441052631578948
1889-04-17,2.440921052631579
1889-04-18,2.4407894736842106
1889-04-22,2.4406578947368422
1889-04-23,2.440526315789474
1889-04-24,2.440394736842105
1889-04-25,2.440263157894737
1889-04-26,2.4401315789473688
1889-05-02,2.4400000000000004
1889-05-03,2.439880952380953
1889-05-06,2.439761904761905
1889-05-07,2.4396428571428577
1889-05-08,2.4395238095238096
1889-05-09,2.439404761904762
1889-05-10,2.4392857142857145
1889-05-13,2.439166666666667
1889-05-14,2.43904761904762
1889-05-15,2.438928571428572
1889-05-16,2.438809523809524
1889-05-17,2.438690476190476
1889-05-20,2.4385714285714286
1889-05-21,2.438452380952381
1889-05-22,2.438333333333333
1889-05-23,2.438214285714286
1889-05-24,2.4380952380952383
1889-05-27,2.4379761904761907
1889-05-28,2.4378571428571427
1889-05-29,2.437738095238095
1889-05-31,2.437619047619048
1889-06-03,2.4375
1889-06-04,2.437375
1889-06-05,2.43725
1889-06-06,2.437125
1889-06-07,2.4370000000000003
1889-06-10,2.436875
1889-06-11,2.43675
1889-06-12,2.4366250000000003
1889-06-13,2.4365
1889-06-14,2.4363750000000004
1889-06-17,2.43625
1889-06-18,2.436125
1889-06-19,2.4360000000000004
1889-06-20,2.435875
1889-06-21,2.4357500000000005
1889-06-24,2.4356250000000004
1889-06-25,2.4355
1889-06-26,2.4353750000000005
1889-06-27,2.4352500000000004
1889-06-28,2.4351250000000007
1889-07-01,2.4350000000000005
1889-07-02,2.434886363636364
1889-07-03,2.4347727272727275
1889-07-05,2.434659090909092
1889-07-08,2.434545454545455
1889-07-09,2.4344318181818188
1889-07-10,2.434318181818182
1889-07-11,2.434204545454546
1889-07-12,2.434090909090909
1889-07-15,2.4339772727272733
1889-07-16,2.433863636363637
1889-07-17,2.4337500000000003
1889-07-18,2.433636363636364
1889-07-19,2.433522727272728
1889-07-22,2.433409090909091
1889-07-23,2.433295454545455
1889-07-24,2.4331818181818186
1889-07-25,2.433068181818182
1889-07-26,2.4329545454545456
1889-07-29,2.4328409090909093
1889-07-30,2.432727272727273
1889-07-31,2.4326136363636364
1889-08-01,2.4325
1889-08-02,2.432386363636364
1889-08-05,2.432272727272727
1889-08-06,2.432159090909091
1889-08-07,2.4320454545454546
1889-08-08,2.4319318181818184
1889-08-09,2.4318181818181817
1889-08-12,2.4317045454545454
1889-08-13,2.431590909090909
1889-08-14,2.431477272727273
1889-08-15,2.431363636363636
1889-08-16,2.43125
1889-08-19,2.431136363636364
1889-08-20,2.431022727272727
1889-08-21,2.4309090909090907
1889-08-22,2.4307954545454544
1889-08-23,2.430681818181818
1889-08-26,2.430568181818181
1889-08-27,2.430454545454545
1889-08-28,2.430340909090909
1889-08-29,2.4302272727272727
1889-08-30,2.430113636363636
1889-09-03,2.43
1889-09-04,2.429875
1889-09-05,2.42975
1889-09-06,2.429625
1889-09-09,2.4295
1889-09-10,2.429375
1889-09-11,2.42925
1889-09-12,2.429125
1889-09-13,2.429
1889-09-16,2.428875
1889-09-17,2.42875
1889-09-18,2.428625
1889-09-19,2.4285
1889-09-20,2.428375
1889-09-23,2.42825
1889-09-24,2.428125
1889-09-25,2.428
1889-09-26,2.427875
1889-09-27,2.42775
1889-09-30,2.4276250000000004
1889-10-01,2.4275
1889-10-02,2.427391304347826
1889-10-03,2.4272826086956525
1889-10-04,2.4271739130434784
1889-10-07,2.4270652173913048
1889-10-08,2.4269565217391307
1889-10-09,2.4268478260869566
1889-10-10,2.426739130434783
1889-10-11,2.426630434782609
1889-10-14,2.4265217391304352
1889-10-15,2.426413043478261
1889-10-16,2.426304347826087
1889-10-17,2.4261956521739134
1889-10-18,2.42608695652174
1889-10-21,2.4259782608695653
1889-10-22,2.425869565217392
1889-10-23,2.425760869565217
1889-10-24,2.425652173913044
1889-10-25,2.42554347826087
1889-10-28,2.425434782608696
1889-10-29,2.425326086956522
1889-10-30,2.425217391304348
1889-10-31,2.4251086956521744
1889-11-01,2.4250000000000003
1889-11-04,2.424868421052632
1889-11-06,2.4247368421052635
1889-11-07,2.424605263157895
1889-11-08,2.4244736842105263
1889-11-11,2.424342105263158
1889-11-12,2.4242105263157896
1889-11-13,2.424078947368421
1889-11-14,2.423947368421053
1889-11-15,2.4238157894736845
1889-11-18,2.423684210526316
1889-11-19,2.423552631578948
1889-11-20,2.423421052631579
1889-11-21,2.4232894736842105
1889-11-22,2.423157894736842
1889-11-25,2.423026315789474
1889-11-26,2.422894736842105
1889-11-27,2.4227631578947366
1889-11-29,2.422631578947368
1889-12-02,2.4225
1889-12-03,2.4223809523809523
1889-12-04,2.4222619047619047
1889-12-05,2.422142857142857
1889-12-06,2.4220238095238096
1889-12-09,2.421904761904762
1889-12-10,2.421785714285714
1889-12-11,2.4216666666666664
1889-12-12,2.421547619047619
1889-12-13,2.421428571428572
1889-12-16,2.421309523809524
1889-12-17,2.421190476190476
1889-12-18,2.4210714285714285
1889-12-19,2.420952380952381
1889-12-20,2.4208333333333334
1889-12-23,2.420714285714286
1889-12-24,2.420595238095238
1889-12-26,2.4204761904761902
1889-12-27,2.4203571428571427
1889-12-30,2.420238095238095
1889-12-31,2.4201190476190475
1890-01-02,2.42
1890-01-03,2.420757575757576
1890-01-06,2.4215151515151514
1890-01-07,2.422272727272728
1890-01-08,2.423030303030303
1890-01-09,2.423787878787879
1890-01-10,2.4245454545454543
1890-01-13,2.4253030303030303
1890-01-14,2.426060606060606
1890-01-15,2.4268181818181818
1890-01-16,2.4275757575757573
1890-01-17,2.428333333333333
1890-01-20,2.429090909090909
1890-01-21,2.4298484848484847
1890-01-22,2.4306060606060607
1890-01-23,2.431363636363636
1890-01-24,2.432121212121212
1890-01-27,2.432878787878788
1890-01-28,2.433636363636364
1890-01-29,2.434393939393939
1890-01-30,2.435151515151515
1890-01-31,2.4359090909090906
1890-02-03,2.4366666666666665
1890-02-04,2.4375
1890-02-05,2.438333333333333
1890-02-06,2.4391666666666665
1890-02-07,2.44
1890-02-10,2.4408333333333334
1890-02-11,2.4416666666666664
1890-02-12,2.4425
1890-02-13,2.4433333333333334
1890-02-14,2.444166666666667
1890-02-17,2.4450000000000003
1890-02-18,2.4458333333333333
1890-02-19,2.4466666666666668
1890-02-20,2.4475
1890-02-21,2.4483333333333333
1890-02-24,2.4491666666666667
1890-02-25,2.45
1890-02-26,2.4508333333333336
1890-02-27,2.451666666666667
1890-02-28,2.4525
1890-03-03,2.4533333333333336
1890-03-04,2.4541269841269844
1890-03-05,2.454920634920635
1890-03-06,2.455714285714286
1890-03-07,2.4565079365079368
1890-03-10,2.4573015873015875
1890-03-11,2.4580952380952383
1890-03-12,2.458888888888889
1890-03-13,2.45968253968254
1890-03-14,2.4604761904761907
1890-03-17,2.461269841269841
1890-03-18,2.462063492063492
1890-03-19,2.462857142857142
1890-03-20,2.463650793650793
1890-03-21,2.464444444444444
1890-03-24,2.465238095238095
1890-03-25,2.466031746031746
1890-03-26,2.4668253968253966
1890-03-27,2.4676190476190474
1890-03-28,2.468412698412698
1890-03-31,2.469206349206349
1890-04-01,2.47
1890-04-02,2.4707936507936505
1890-04-03,2.4715873015873013
1890-04-07,2.472380952380952
1890-04-08,2.473174603174603
1890-04-09,2.4739682539682537
1890-04-10,2.4747619047619045
1890-04-11,2.475555555555556
1890-04-14,2.476349206349206
1890-04-15,2.477142857142857
1890-04-16,2.477936507936508
1890-04-17,2.4787301587301585
1890-04-18,2.479523809523809
1890-04-21,2.48031746031746
1890-04-22,2.481111111111111
1890-04-23,2.4819047619047616
1890-04-24,2.4826984126984124
1890-04-25,2.483492063492063
1890-04-28,2.484285714285714
1890-04-29,2.4850793650793648
1890-04-30,2.485873015873016
1890-05-01,2.4866666666666664
1890-05-02,2.487460317460317
1890-05-05,2.488253968253968
1890-05-06,2.4890476190476187
1890-05-07,2.489841269841269
1890-05-08,2.4906349206349203
1890-05-09,2.491428571428571
1890-05-12,2.492222222222222
1890-05-13,2.4930158730158727
1890-05-14,2.4938095238095235
1890-05-15,2.4946031746031743
1890-05-16,2.495396825396825
1890-05-19,2.4961904761904763
1890-05-20,2.496984126984127
1890-05-21,2.497777777777778
1890-05-22,2.4985714285714287
1890-05-23,2.4993650793650795
1890-05-26,2.5001587301587302
1890-05-27,2.500952380952381
1890-05-28,2.501746031746032
1890-05-29,2.5025396825396826
1890-06-02,2.5033333333333334
1890-06-03,2.504126984126984
1890-06-04,2.504920634920635
1890-06-05,2.505714285714286
1890-06-06,2.506507936507937
1890-06-09,2.507301587301588
1890-06-10,2.508095238095238
1890-06-11,2.508888888888889
1890-06-12,2.50968253968254
1890-06-13,2.5104761904761905
1890-06-16,2.5112698412698413
1890-06-17,2.512063492063492
1890-06-18,2.5128571428571425
1890-06-19,2.513650793650793
1890-06-20,2.514444444444444
1890-06-23,2.515238095238095
1890-06-24,2.5160317460317456
1890-06-25,2.5168253968253964
1890-06-26,2.517619047619047
1890-06-27,2.518412698412698
1890-06-30,2.519206349206349
1890-07-01,2.52
1890-07-02,2.5207575757575755
1890-07-03,2.521515151515151
1890-07-07,2.522272727272727
1890-07-08,2.523030303030303
1890-07-09,2.5237878787878785
1890-07-10,2.5245454545454544
1890-07-11,2.52530303030303
1890-07-14,2.526060606060606
1890-07-15,2.526818181818182
1890-07-16,2.5275757575757574
1890-07-17,2.5283333333333333
1890-07-18,2.5290909090909093
1890-07-21,2.529848484848485
1890-07-22,2.5306060606060607
1890-07-23,2.5313636363636367
1890-07-24,2.532121212121212
1890-07-25,2.532878787878788
1890-07-28,2.533636363636364
1890-07-29,2.53439393939394
1890-07-30,2.535151515151516
1890-07-31,2.535909090909091
1890-08-01,2.536666666666667
1890-08-04,2.537460317460318
1890-08-05,2.5382539682539687
1890-08-06,2.5390476190476194
1890-08-07,2.5398412698412702
1890-08-08,2.540634920634921
1890-08-11,2.541428571428572
1890-08-12,2.5422222222222226
1890-08-13,2.5430158730158734
1890-08-14,2.543809523809524
1890-08-15,2.544603174603175
1890-08-18,2.5453968253968258
1890-08-19,2.546190476190477
1890-08-20,2.546984126984128
1890-08-21,2.547777777777778
1890-08-22,2.548571428571429
1890-08-25,2.54936507936508
1890-08-26,2.5501587301587305
1890-08-27,2.5509523809523813
1890-08-28,2.551746031746032
1890-08-29,2.552539682539683
1890-09-02,2.5533333333333337
1890-09-03,2.5541269841269845
1890-09-04,2.554920634920636
1890-09-05,2.555714285714286
1890-09-08,2.556507936507937
1890-09-09,2.557301587301588
1890-09-10,2.5580952380952384
1890-09-11,2.558888888888889
1890-09-12,2.55968253968254
1890-09-15,2.560476190476191
1890-09-16,2.5612698412698416
1890-09-17,2.562063492063492
1890-09-18,2.5628571428571427
1890-09-19,2.563650793650793
1890-09-22,2.5644444444444443
1890-09-23,2.565238095238095
1890-09-24,2.566031746031746
1890-09-25,2.5668253968253967
1890-09-26,2.5676190476190475
1890-09-29,2.5684126984126983
1890-09-30,2.569206349206349
1890-10-01,2.57
1890-10-02,2.570724637681159
1890-10-03,2.5714492753623186
1890-10-06,2.572173913043478
1890-10-07,2.572898550724638
1890-10-08,2.573623188405797
1890-10-09,2.574347826086957
1890-10-10,2.575072463768116
1890-10-13,2.575797101449276
1890-10-14,2.5765217391304347
1890-10-15,2.577246376811594
1890-10-16,2.577971014492753
1890-10-17,2.5786956521739133
1890-10-20,2.5794202898550727
1890-10-21,2.580144927536232
1890-10-22,2.5808695652173914
1890-10-23,2.581594202898551
1890-10-24,2.58231884057971
1890-10-27,2.5830434782608696
1890-10-28,2.583768115942029
1890-10-29,2.5844927536231888
1890-10-30,2.585217391304348
1890-10-31,2.5859420289855075
1890-11-03,2.586666666666667
1890-11-05,2.5875925925925927
1890-11-06,2.588518518518519
1890-11-07,2.5894444444444447
1890-11-10,2.5903703703703704
1890-11-11,2.5912962962962967
1890-11-12,2.5922222222222224
1890-11-13,2.593148148148148
1890-11-14,2.5940740740740744
1890-11-17,2.595
1890-11-18,2.595925925925926
1890-11-19,2.596851851851852
1890-11-20,2.597777777777778
1890-11-21,2.598703703703704
1890-11-24,2.59962962962963
1890-11-25,2.600555555555556
1890-11-26,2.601481481481481
1890-11-28,2.602407407407408
1890-12-01,2.603333333333333
1890-12-02,2.604090909090909
1890-12-03,2.604848484848485
1890-12-04,2.605606060606061
1890-12-05,2.6063636363636364
1890-12-08,2.6071212121212124
1890-12-09,2.607878787878788
1890-12-10,2.608636363636364
1890-12-11,2.60939393939394
1890-12-12,2.610151515151516
1890-12-15,2.610909090909091
1890-12-16,2.611666666666667
1890-12-17,2.6124242424242428
1890-12-18,2.6131818181818183
1890-12-19,2.6139393939393942
1890-12-22,2.6146969696969697
1890-12-23,2.6154545454545457
1890-12-24,2.616212121212121
1890-12-26,2.616969696969697
1890-12-29,2.6177272727272727
1890-12-30,2.6184848484848486
1890-12-31,2.619242424242424
1891-01-02,2.62
1891-01-05,2.619920634920635
1891-01-06,2.61984126984127
1891-01-07,2.619761904761905
1891-01-08,2.61968253968254
1891-01-09,2.6196031746031747
1891-01-12,2.6195238095238094
1891-01-13,2.6194444444444445
1891-01-14,2.61936507936508
1891-01-15,2.619285714285714
1891-01-16,2.6192063492063493
1891-01-19,2.619126984126984
1891-01-20,2.619047619047619
1891-01-21,2.6189682539682537
1891-01-22,2.618888888888889
1891-01-23,2.618809523809524
1891-01-26,2.6187301587301586
1891-01-27,2.6186507936507937
1891-01-28,2.6185714285714283
1891-01-29,2.6184920634920634
1891-01-30,2.618412698412698
1891-02-02,2.618333333333333
1891-02-03,2.618245614035088
1891-02-04,2.618157894736842
1891-02-05,2.6180701754385964
1891-02-06,2.617982456140351
1891-02-09,2.6178947368421053
1891-02-10,2.61780701754386
1891-02-11,2.617719298245614
1891-02-12,2.6176315789473685
1891-02-13,2.617543859649123
1891-02-16,2.6174561403508774
1891-02-17,2.617368421052632
1891-02-18,2.617280701754386
1891-02-19,2.6171929824561406
1891-02-20,2.617105263157895
1891-02-24,2.617017543859649
1891-02-25,2.616929824561404
1891-02-26,2.6168421052631583
1891-02-27,2.6167543859649127
1891-03-02,2.616666666666667
1891-03-03,2.6165873015873022
1891-03-04,2.616507936507937
1891-03-05,2.616428571428572
1891-03-06,2.616349206349206
1891-03-09,2.6162698412698417
1891-03-10,2.6161904761904764
1891-03-11,2.6161111111111115
1891-03-12,2.616031746031746
1891-03-13,2.6159523809523813
1891-03-16,2.615873015873016
1891-03-17,2.615793650793651
1891-03-18,2.6157142857142857
1891-03-19,2.6156349206349208
1891-03-20,2.6155555555555554
1891-03-23,2.6154761904761905
1891-03-24,2.615396825396825
1891-03-25,2.6153174603174603
1891-03-26,2.615238095238095
1891-03-30,2.61515873015873
1891-03-31,2.6150793650793647
1891-04-01,2.615
1891-04-02,2.6149242424242423
1891-04-03,2.6148484848484848
1891-04-06,2.6147727272727272
1891-04-07,2.6146969696969693
1891-04-08,2.614621212121212
1891-04-09,2.6145454545454543
1891-04-10,2.6144696969696968
1891-04-13,2.61439393939394
1891-04-14,2.6143181818181818
1891-04-15,2.6142424242424243
1891-04-16,2.6141666666666667
1891-04-17,2.614090909090909
1891-04-20,2.614015151515152
1891-04-21,2.613939393939394
1891-04-22,2.6138636363636363
1891-04-23,2.6137878787878788
1891-04-24,2.6137121212121213
1891-04-27,2.613636363636364
1891-04-28,2.613560606060606
1891-04-29,2.6134848484848483
1891-04-30,2.613409090909091
1891-05-01,2.6133333333333333
1891-05-04,2.6132539682539684
1891-05-05,2.613174603174603
1891-05-06,2.613095238095238
1891-05-07,2.613015873015873
1891-05-08,2.612936507936508
1891-05-11,2.612857142857143
1891-05-12,2.6127777777777776
1891-05-13,2.6126984126984127
1891-05-14,2.612619047619048
1891-05-15,2.6125396825396825
1891-05-18,2.6124603174603176
1891-05-19,2.612380952380952
1891-05-20,2.612301587301588
1891-05-21,2.6122222222222224
1891-05-22,2.612142857142857
1891-05-25,2.612063492063492
1891-05-26,2.611984126984128
1891-05-27,2.611904761904762
1891-05-28,2.611825396825397
1891-05-29,2.611746031746032
1891-06-01,2.611666666666667
1891-06-02,2.6115909090909093
1891-06-03,2.611515151515152
1891-06-04,2.611439393939394
1891-06-05,2.6113636363636363
1891-06-08,2.611287878787879
1891-06-09,2.6112121212121213
1891-06-10,2.611136363636364
1891-06-11,2.6110606060606063
1891-06-12,2.6109848484848484
1891-06-15,2.610909090909091
1891-06-16,2.6108333333333333
1891-06-17,2.610757575757576
1891-06-18,2.6106818181818183
1891-06-19,2.6106060606060604
1891-06-22,2.610530303030303
1891-06-23,2.6104545454545454
1891-06-24,2.610378787878788
1891-06-25,2.6103030303030303
1891-06-26,2.610227272727273
1891-06-29,2.610151515151515
1891-06-30,2.6100757575757574
1891-07-01,2.61
1891-07-02,2.609927536231884
1891-07-03,2.609855072463768
1891-07-06,2.609782608695652
1891-07-07,2.609710144927536
1891-07-08,2.60963768115942
1891-07-09,2.6095652173913044
1891-07-10,2.609492753623188
1891-07-13,2.6094202898550725
1891-07-14,2.6093478260869563
1891-07-15,2.6092753623188405
1891-07-16,2.6092028985507247
1891-07-17,2.6091304347826085
1891-07-20,2.6090579710144928
1891-07-21,2.608985507246377
1891-07-22,2.608913043478261
1891-07-23,2.608840579710145
1891-07-24,2.608768115942029
1891-07-27,2.608695652173913
1891-07-28,2.6086231884057973
1891-07-29,2.608550724637681
1891-07-30,2.6084782608695654
1891-07-31,2.608405797101449
1891-08-03,2.6083333333333334
1891-08-04,2.6082539682539685
1891-08-05,2.608174603174603
1891-08-06,2.6080952380952382
1891-08-07,2.608015873015873
1891-08-10,2.607936507936508
1891-08-11,2.6078571428571427
1891-08-12,2.6077777777777778
1891-08-13,2.607698412698413
1891-08-14,2.6076190476190475
1891-08-17,2.6075396825396826
1891-08-18,2.6074603174603173
1891-08-19,2.6073809523809524
1891-08-20,2.607301587301587
1891-08-21,2.607222222222222
1891-08-24,2.607142857142857
1891-08-25,2.607063492063492
1891-08-26,2.606984126984127
1891-08-27,2.6069047619047616
1891-08-28,2.6068253968253967
1891-08-31,2.606746031746032
1891-09-01,2.6066666666666665
1891-09-02,2.6065873015873016
1891-09-03,2.606507936507936
1891-09-04,2.606428571428572
1891-09-08,2.606349206349206
1891-09-09,2.606269841269841
1891-09-10,2.606190476190476
1891-09-11,2.606111111111111
1891-09-14,2.606031746031746
1891-09-15,2.605952380952381
1891-09-16,2.605873015873016
1891-09-17,2.6057936507936503
1891-09-18,2.605714285714285
1891-09-21,2.60563492063492
1891-09-22,2.605555555555555
1891-09-23,2.6054761904761903
1891-09-24,2.605396825396825
1891-09-25,2.60531746031746
1891-09-28,2.6052380952380947
1891-09-29,2.60515873015873
1891-09-30,2.6050793650793644
1891-10-01,2.6049999999999995
1891-10-02,2.604924242424242
1891-10-05,2.6048484848484845
1891-10-06,2.604772727272727
1891-10-07,2.604696969696969
1891-10-08,2.604621212121212
1891-10-09,2.604545454545454
1891-10-12,2.6044696969696965
1891-10-13,2.604393939393939
1891-10-14,2.604318181818181
1891-10-15,2.604242424242424
1891-10-16,2.6041666666666665
1891-10-19,2.604090909090909
1891-10-20,2.6040151515151515
1891-10-21,2.603939393939394
1891-10-22,2.6038636363636365
1891-10-23,2.603787878787879
1891-10-26,2.603712121212121
1891-10-27,2.6036363636363635
1891-10-28,2.603560606060606
1891-10-29,2.6034848484848485
1891-10-30,2.603409090909091
1891-11-02,2.603333333333333
1891-11-04,2.603245614035088
1891-11-05,2.6031578947368423
1891-11-06,2.6030701754385968
1891-11-09,2.602982456140351
1891-11-10,2.6028947368421056
1891-11-11,2.60280701754386
1891-11-12,2.6027192982456144
1891-11-13,2.602631578947369
1891-11-16,2.602543859649124
1891-11-17,2.602456140350877
1891-11-18,2.602368421052632
1891-11-19,2.602280701754386
1891-11-20,2.6021929824561405
1891-11-23,2.602105263157895
1891-11-24,2.6020175438596493
1891-11-25,2.601929824561404
1891-11-27,2.601842105263158
1891-11-30,2.6017543859649126
1891-12-01,2.601666666666667
1891-12-02,2.601590909090909
1891-12-03,2.601515151515152
1891-12-04,2.601439393939394
1891-12-07,2.6013636363636365
1891-12-08,2.601287878787879
1891-12-09,2.601212121212121
1891-12-10,2.601136363636364
1891-12-11,2.6010606060606065
1891-12-14,2.600984848484849
1891-12-15,2.600909090909091
1891-12-16,2.6008333333333336
1891-12-17,2.600757575757576
1891-12-18,2.6006818181818185
1891-12-21,2.6006060606060606
1891-12-22,2.600530303030303
1891-12-23,2.6004545454545456
1891-12-24,2.600378787878788
1891-12-28,2.6003030303030306
1891-12-29,2.600227272727273
1891-12-30,2.600151515151515
1891-12-31,2.6000757575757576
1892-01-04,2.6
1892-01-05,2.600625
1892-01-06,2.6012500000000003
1892-01-07,2.601875
1892-01-08,2.6025
1892-01-11,2.6031250000000004
1892-01-12,2.60375
1892-01-13,2.604375
1892-01-14,2.605
1892-01-15,2.6056250000000003
1892-01-18,2.60625
1892-01-19,2.606875
1892-01-20,2.6075000000000004
1892-01-21,2.608125
1892-01-22,2.60875
1892-01-25,2.609375
1892-01-26,2.6100000000000003
1892-01-27,2.610625
1892-01-28,2.61125
1892-01-29,2.6118750000000004
1892-02-01,2.6125000000000003
1892-02-02,2.613125
1892-02-03,2.6137500000000005
1892-02-04,2.6143750000000003
1892-02-05,2.615
1892-02-08,2.615625
1892-02-09,2.61625
1892-02-10,2.6168750000000003
1892-02-11,2.6175
1892-02-12,2.618125
1892-02-15,2.6187500000000004
1892-02-16,2.619375
1892-02-17,2.62
1892-02-18,2.620625
1892-02-19,2.62125
1892-02-23,2.621875
1892-02-24,2.6225
1892-02-25,2.623125
1892-02-26,2.62375
1892-02-29,2.624375
1892-03-01,2.625
1892-03-02,2.625543478260869
1892-03-03,2.626086956521739
1892-03-04,2.6266304347826086
1892-03-07,2.627173913043478
1892-03-08,2.627717391304348
1892-03-09,2.628260869565217
1892-03-10,2.6288043478260867
1892-03-11,2.6293478260869563
1892-03-14,2.629891304347826
1892-03-15,2.630434782608696
1892-03-16,2.630978260869565
1892-03-17,2.631521739130435
1892-03-18,2.6320652173913044
1892-03-21,2.632608695652174
1892-03-22,2.6331521739130435
1892-03-23,2.633695652173913
1892-03-24,2.6342391304347825
1892-03-25,2.634782608695652
1892-03-28,2.6353260869565216
1892-03-29,2.635869565217391
1892-03-30,2.6364130434782607
1892-03-31,2.63695652173913
1892-04-01,2.6375
1892-04-04,2.638125
1892-04-05,2.63875
1892-04-06,2.639375
1892-04-07,2.64
1892-04-08,2.640625
1892-04-11,2.64125
1892-04-12,2.641875
1892-04-13,2.6425
1892-04-14,2.643125
1892-04-18,2.64375
1892-04-19,2.644375
1892-04-20,2.645
1892-04-21,2.645625
1892-04-22,2.64625
1892-04-25,2.646875
1892-04-26,2.6475
1892-04-27,2.648125
1892-04-28,2.64875
1892-04-29,2.649375
1892-05-02,2.65
1892-05-03,2.6505952380952382
1892-05-04,2.651190476190476
1892-05-05,2.6517857142857144
1892-05-06,2.6523809523809523
1892-05-09,2.6529761904761906
1892-05-10,2.6535714285714285
1892-05-11,2.654166666666667
1892-05-12,2.6547619047619047
1892-05-13,2.655357142857143
1892-05-16,2.655952380952381
1892-05-17,2.656547619047619
1892-05-18,2.657142857142857
1892-05-19,2.657738095238096
1892-05-20,2.658333333333333
1892-05-23,2.6589285714285715
1892-05-24,2.6595238095238094
1892-05-25,2.660119047619048
1892-05-26,2.6607142857142856
1892-05-27,2.661309523809524
1892-05-31,2.6619047619047618
1892-06-01,2.6625
1892-06-02,2.663068181818182
1892-06-03,2.663636363636364
1892-06-06,2.6642045454545453
1892-06-07,2.6647727272727275
1892-06-08,2.6653409090909093
1892-06-09,2.665909090909091
1892-06-10,2.6664772727272728
1892-06-13,2.6670454545454545
1892-06-14,2.667613636363636
1892-06-15,2.668181818181818
1892-06-16,2.66875
1892-06-17,2.669318181818182
1892-06-20,2.669886363636364
1892-06-21,2.6704545454545454
1892-06-22,2.671022727272727
1892-06-23,2.671590909090909
1892-06-24,2.6721590909090907
1892-06-27,2.6727272727272724
1892-06-28,2.6732954545454546
1892-06-29,2.6738636363636363
1892-06-30,2.674431818181818
1892-07-01,2.675
1892-07-05,2.675625
1892-07-06,2.67625
1892-07-07,2.676875
1892-07-08,2.6775
1892-07-11,2.678125
1892-07-12,2.67875
1892-07-13,2.679375
1892-07-14,2.68
1892-07-15,2.680625
1892-07-18,2.68125
1892-07-19,2.681875
1892-07-20,2.6825
1892-07-21,2.683125
1892-07-22,2.68375
1892-07-25,2.684375
1892-07-26,2.685
1892-07-27,2.685625
1892-07-28,2.68625
1892-07-29,2.686875
1892-08-01,2.6875
1892-08-02,2.688043478260869
1892-08-03,2.688586956521739
1892-08-04,2.6891304347826086
1892-08-05,2.689673913043478
1892-08-08,2.690217391304348
1892-08-09,2.6907608695652177
1892-08-10,2.691304347826087
1892-08-11,2.6918478260869567
1892-08-12,2.6923913043478263
1892-08-15,2.692934782608696
1892-08-16,2.6934782608695653
1892-08-17,2.694021739130435
1892-08-18,2.6945652173913044
1892-08-19,2.695108695652174
1892-08-22,2.6956521739130435
1892-08-23,2.696195652173913
1892-08-24,2.6967391304347825
1892-08-25,2.6972826086956525
1892-08-26,2.697826086956522
1892-08-29,2.698369565217392
1892-08-30,2.698913043478261
1892-08-31,2.69945652173913
1892-09-01,2.7
1892-09-02,2.700595238095238
1892-09-06,2.7011904761904764
1892-09-07,2.7017857142857142
1892-09-08,2.702380952380953
1892-09-09,2.7029761904761904
1892-09-12,2.7035714285714287
1892-09-13,2.7041666666666666
1892-09-14,2.704761904761905
1892-09-15,2.705357142857143
1892-09-16,2.705952380952381
1892-09-19,2.706547619047619
1892-09-20,2.7071428571428573
1892-09-21,2.707738095238095
1892-09-22,2.708333333333333
1892-09-23,2.708928571428572
1892-09-26,2.7095238095238097
1892-09-27,2.7101190476190475
1892-09-28,2.710714285714286
1892-09-29,2.711309523809524
1892-09-30,2.711904761904762
1892-10-03,2.7125
1892-10-04,2.713157894736842
1892-10-05,2.713815789473684
1892-10-06,2.7144736842105264
1892-10-07,2.715131578947368
1892-10-10,2.7157894736842105
1892-10-11,2.7164473684210524
1892-10-13,2.7171052631578947
1892-10-14,2.717763157894737
1892-10-17,2.718421052631579
1892-10-18,2.719078947368421
1892-10-19,2.719736842105263
1892-10-20,2.7203947368421053
1892-10-24,2.721052631578948
1892-10-25,2.721710526315789
1892-10-26,2.722368421052632
1892-10-27,2.7230263157894736
1892-10-28,2.723684210526316
1892-10-31,2.724342105263158
1892-11-01,2.725
1892-11-02,2.725625
1892-11-03,2.7262500000000003
1892-11-04,2.726875
1892-11-07,2.7275
1892-11-09,2.728125
1892-11-10,2.72875
1892-11-11,2.729375
1892-11-14,2.73
1892-11-15,2.730625
1892-11-16,2.73125
1892-11-17,2.731875
1892-11-18,2.7325
1892-11-21,2.733125
1892-11-22,2.73375
1892-11-23,2.734375
1892-11-25,2.735
1892-11-28,2.735625
1892-11-29,2.73625
1892-11-30,2.736875
1892-12-01,2.7375
1892-12-02,2.738095238095238
1892-12-05,2.738690476190476
1892-12-06,2.7392857142857143
1892-12-07,2.739880952380952
1892-12-08,2.7404761904761905
1892-12-09,2.7410714285714284
1892-12-12,2.7416666666666667
1892-12-13,2.742261904761905
1892-12-14,2.742857142857143
1892-12-15,2.7434523809523808
1892-12-16,2.744047619047619
1892-12-19,2.744642857142857
1892-12-20,2.745238095238096
1892-12-21,2.745833333333333
1892-12-22,2.7464285714285714
1892-12-23,2.7470238095238093
1892-12-27,2.747619047619048
1892-12-28,2.748214285714285
1892-12-29,2.748809523809524
1892-12-30,2.7494047619047617
1893-01-03,2.75
1893-01-04,2.7498015873015875
1893-01-05,2.7496031746031746
1893-01-06,2.749404761904762
1893-01-09,2.749206349206349
1893-01-10,2.7490079365079367
1893-01-11,2.748809523809524
1893-01-12,2.748611111111112
1893-01-13,2.7484126984126984
1893-01-16,2.748214285714286
1893-01-17,2.748015873015873
1893-01-18,2.7478174603174605
1893-01-19,2.747619047619048
1893-01-20,2.747420634920635
1893-01-23,2.7472222222222222
1893-01-24,2.7470238095238098
1893-01-25,2.746825396825397
1893-01-26,2.7466269841269844
1893-01-27,2.7464285714285714
1893-01-30,2.746230158730159
1893-01-31,2.746031746031746
1893-02-01,2.7458333333333336
1893-02-02,2.74561403508772
1893-02-03,2.7453947368421057
1893-02-06,2.745175438596492
1893-02-07,2.7449561403508773
1893-02-08,2.744736842105264
1893-02-09,2.7445175438596494
1893-02-10,2.7442982456140355
1893-02-13,2.744078947368421
1893-02-14,2.743859649122807
1893-02-15,2.743640350877193
1893-02-16,2.743421052631579
1893-02-17,2.743201754385965
1893-02-20,2.742982456140351
1893-02-21,2.742763157894737
1893-02-23,2.742543859649123
1893-02-24,2.742324561403509
1893-02-27,2.7421052631578946
1893-02-28,2.7418859649122806
1893-03-01,2.7416666666666667
1893-03-02,2.741477272727273
1893-03-03,2.7412878787878787
1893-03-06,2.741098484848485
1893-03-07,2.740909090909091
1893-03-08,2.740719696969697
1893-03-09,2.740530303030303
1893-03-10,2.740340909090909
1893-03-13,2.7401515151515152
1893-03-14,2.739962121212121
1893-03-15,2.7397727272727272
1893-03-16,2.739583333333333
1893-03-17,2.73939393939394
1893-03-20,2.739204545454545
1893-03-21,2.739015151515152
1893-03-22,2.738825757575758
1893-03-23,2.738636363636364
1893-03-24,2.73844696969697
1893-03-27,2.738257575757576
1893-03-28,2.738068181818182
1893-03-29,2.737878787878788
1893-03-30,2.737689393939394
1893-04-03,2.7375000000000003
1893-04-04,2.7372807017543863
1893-04-05,2.7370614035087724
1893-04-06,2.736842105263158
1893-04-07,2.736622807017544
1893-04-10,2.73640350877193
1893-04-11,2.736184210526316
1893-04-12,2.735964912280702
1893-04-13,2.735745614035088
1893-04-14,2.735526315789474
1893-04-17,2.73530701754386
1893-04-18,2.735087719298246
1893-04-19,2.7348684210526315
1893-04-20,2.7346491228070176
1893-04-21,2.734429824561404
1893-04-24,2.7342105263157896
1893-04-25,2.733991228070176
1893-04-26,2.7337719298245613
1893-04-28,2.733552631578948
1893-05-01,2.7333333333333334
1893-05-02,2.73314393939394
1893-05-03,2.7329545454545454
1893-05-04,2.732765151515152
1893-05-05,2.732575757575758
1893-05-08,2.732386363636364
1893-05-09,2.73219696969697
1893-05-10,2.732007575757576
1893-05-11,2.731818181818182
1893-05-12,2.731628787878788
1893-05-15,2.731439393939394
1893-05-16,2.73125
1893-05-17,2.7310606060606064
1893-05-18,2.730871212121212
1893-05-19,2.7306818181818184
1893-05-22,2.7304924242424247
1893-05-23,2.7303030303030305
1893-05-24,2.7301136363636367
1893-05-25,2.7299242424242425
1893-05-26,2.7297348484848487
1893-05-29,2.729545454545455
1893-05-31,2.7293560606060607
1893-06-01,2.729166666666667
1893-06-02,2.728977272727273
1893-06-05,2.728787878787879
1893-06-06,2.728598484848485
1893-06-07,2.7284090909090915
1893-06-08,2.728219696969697
1893-06-09,2.7280303030303035
1893-06-12,2.7278409090909093
1893-06-13,2.7276515151515155
1893-06-14,2.7274621212121217
1893-06-15,2.7272727272727275
1893-06-16,2.7270833333333337
1893-06-19,2.72689393939394
1893-06-20,2.7267045454545458
1893-06-21,2.726515151515152
1893-06-22,2.7263257575757582
1893-06-23,2.726136363636364
1893-06-26,2.7259469696969703
1893-06-27,2.725757575757576
1893-06-28,2.7255681818181823
1893-06-29,2.7253787878787885
1893-06-30,2.7251893939393943
1893-07-03,2.7250000000000005
1893-07-05,2.7247916666666674
1893-07-06,2.724583333333334
1893-07-07,2.7243750000000007
1893-07-10,2.724166666666667
1893-07-11,2.723958333333334
1893-07-12,2.7237500000000003
1893-07-13,2.723541666666667
1893-07-14,2.7233333333333336
1893-07-17,2.7231250000000005
1893-07-18,2.722916666666668
1893-07-19,2.7227083333333337
1893-07-20,2.7225000000000006
1893-07-21,2.722291666666667
1893-07-24,2.722083333333334
1893-07-25,2.7218750000000003
1893-07-26,2.721666666666667
1893-07-27,2.721458333333333
1893-07-28,2.7212500000000004
1893-07-31,2.721041666666667
1893-08-01,2.7208333333333337
1893-08-02,2.720652173913044
1893-08-03,2.720471014492754
1893-08-04,2.720289855072464
1893-08-07,2.7201086956521743
1893-08-08,2.7199275362318844
1893-08-09,2.7197463768115946
1893-08-10,2.7195652173913047
1893-08-11,2.719384057971015
1893-08-14,2.719202898550725
1893-08-15,2.719021739130435
1893-08-16,2.7188405797101454
1893-08-17,2.718659420289855
1893-08-18,2.718478260869565
1893-08-21,2.7182971014492754
1893-08-22,2.718115942028985
1893-08-23,2.717934782608696
1893-08-24,2.717753623188406
1893-08-25,2.717572463768116
1893-08-28,2.717391304347826
1893-08-29,2.7172101449275363
1893-08-30,2.7170289855072465
1893-08-31,2.7168478260869566
1893-09-01,2.716666666666667
1893-09-05,2.7164583333333336
1893-09-06,2.71625
1893-09-07,2.716041666666667
1893-09-08,2.7158333333333333
1893-09-11,2.715625
1893-09-12,2.715416666666667
1893-09-13,2.715208333333333
1893-09-14,2.7150000000000003
1893-09-15,2.7147916666666667
1893-09-18,2.7145833333333336
1893-09-19,2.7143750000000004
1893-09-20,2.714166666666667
1893-09-21,2.7139583333333337
1893-09-22,2.71375
1893-09-25,2.713541666666667
1893-09-26,2.713333333333334
1893-09-27,2.713125
1893-09-28,2.712916666666667
1893-09-29,2.712708333333333
1893-10-02,2.7125000000000004
1893-10-03,2.7123106060606066
1893-10-04,2.7121212121212124
1893-10-05,2.7119318181818186
1893-10-06,2.7117424242424244
1893-10-09,2.71155303030303
1893-10-10,2.711363636363637
1893-10-11,2.7111742424242427
1893-10-12,2.710984848484849
1893-10-13,2.7107954545454547
1893-10-16,2.710606060606061
1893-10-17,2.710416666666667
1893-10-18,2.710227272727273
1893-10-19,2.710037878787879
1893-10-20,2.709848484848485
1893-10-23,2.709659090909091
1893-10-24,2.709469696969697
1893-10-25,2.709280303030303
1893-10-26,2.709090909090909
1893-10-27,2.7089015151515152
1893-10-30,2.708712121212121
1893-10-31,2.7085227272727272
1893-11-01,2.708333333333333
1893-11-02,2.7081250000000003
1893-11-03,2.7079166666666667
1893-11-06,2.7077083333333336
1893-11-08,2.7075
1893-11-09,2.707291666666667
1893-11-10,2.7070833333333337
1893-11-13,2.706875
1893-11-14,2.706666666666667
1893-11-15,2.7064583333333334
1893-11-16,2.7062500000000003
1893-11-17,2.706041666666667
1893-11-20,2.705833333333333
1893-11-21,2.7056250000000004
1893-11-22,2.705416666666667
1893-11-23,2.7052083333333337
1893-11-24,2.7050000000000005
1893-11-27,2.704791666666667
1893-11-28,2.704583333333334
1893-11-29,2.704375
1893-12-01,2.704166666666667
1893-12-04,2.703958333333334
1893-12-05,2.7037500000000003
1893-12-06,2.703541666666667
1893-12-07,2.7033333333333336
1893-12-08,2.7031250000000004
1893-12-11,2.702916666666667
1893-12-12,2.7027083333333337
1893-12-13,2.7025
1893-12-14,2.702291666666667
1893-12-15,2.7020833333333334
1893-12-18,2.701875
1893-12-19,2.701666666666667
1893-12-20,2.701458333333333
1893-12-21,2.7012500000000004
1893-12-22,2.701041666666667
1893-12-26,2.7008333333333336
1893-12-27,2.700625
1893-12-28,2.700416666666667
1893-12-29,2.7002083333333333
1894-01-02,2.7
1894-01-03,2.699090909090909
1894-01-04,2.6981818181818182
1894-01-05,2.697272727272728
1894-01-08,2.6963636363636367
1894-01-09,2.6954545454545458
1894-01-10,2.694545454545455
1894-01-11,2.693636363636364
1894-01-12,2.692727272727273
1894-01-15,2.6918181818181823
1894-01-16,2.690909090909092
1894-01-17,2.6900000000000004
1894-01-18,2.6890909090909094
1894-01-19,2.6881818181818184
1894-01-22,2.687272727272728
1894-01-23,2.686363636363637
1894-01-24,2.685454545454546
1894-01-25,2.684545454545455
1894-01-26,2.683636363636364
1894-01-29,2.682727272727273
1894-01-30,2.6818181818181825
1894-01-31,2.680909090909092
1894-02-01,2.6800000000000006
1894-02-02,2.678947368421053
1894-02-05,2.6778947368421058
1894-02-06,2.6768421052631584
1894-02-07,2.675789473684211
1894-02-08,2.6747368421052635
1894-02-09,2.673684210526316
1894-02-12,2.6726315789473687
1894-02-13,2.6715789473684213
1894-02-14,2.670526315789474
1894-02-15,2.669473684210527
1894-02-16,2.6684210526315795
1894-02-19,2.667368421052632
1894-02-20,2.6663157894736846
1894-02-21,2.665263157894737
1894-02-23,2.66421052631579
1894-02-26,2.6631578947368424
1894-02-27,2.662105263157895
1894-02-28,2.661052631578948
1894-03-01,2.66
1894-03-02,2.659047619047619
1894-03-05,2.658095238095238
1894-03-06,2.657142857142857
1894-03-07,2.6561904761904764
1894-03-08,2.6552380952380954
1894-03-09,2.6542857142857144
1894-03-12,2.6533333333333333
1894-03-13,2.6523809523809527
1894-03-14,2.651428571428572
1894-03-15,2.6504761904761907
1894-03-16,2.6495238095238096
1894-03-19,2.648571428571429
1894-03-20,2.6476190476190475
1894-03-21,2.646666666666667
1894-03-22,2.645714285714286
1894-03-26,2.644761904761905
1894-03-27,2.643809523809524
1894-03-28,2.642857142857143
1894-03-29,2.641904761904762
1894-03-30,2.640952380952381
1894-04-02,2.64
1894-04-03,2.639047619047619
1894-04-04,2.638095238095238
1894-04-05,2.637142857142857
1894-04-06,2.6361904761904764
1894-04-09,2.6352380952380954
1894-04-10,2.6342857142857143
1894-04-11,2.6333333333333333
1894-04-12,2.6323809523809527
1894-04-13,2.631428571428572
1894-04-16,2.63047619047619
1894-04-17,2.6295238095238096
1894-04-18,2.628571428571429
1894-04-19,2.6276190476190475
1894-04-20,2.626666666666667
1894-04-23,2.625714285714286
1894-04-24,2.624761904761905
1894-04-25,2.623809523809524
1894-04-26,2.6228571428571428
1894-04-27,2.621904761904762
1894-04-30,2.620952380952381
1894-05-01,2.62
1894-05-02,2.619090909090909
1894-05-03,2.618181818181818
1894-05-04,2.617272727272728
1894-05-07,2.6163636363636367
1894-05-08,2.6154545454545457
1894-05-09,2.6145454545454547
1894-05-10,2.613636363636364
1894-05-11,2.612727272727273
1894-05-14,2.6118181818181823
1894-05-15,2.610909090909092
1894-05-16,2.6100000000000003
1894-05-17,2.6090909090909093
1894-05-18,2.6081818181818184
1894-05-21,2.607272727272728
1894-05-22,2.606363636363637
1894-05-23,2.605454545454546
1894-05-24,2.604545454545455
1894-05-25,2.603636363636364
1894-05-28,2.602727272727273
1894-05-29,2.6018181818181825
1894-05-31,2.6009090909090915
1894-06-01,2.6000000000000005
1894-06-04,2.5990476190476195
1894-06-05,2.5980952380952385
1894-06-06,2.5971428571428574
1894-06-07,2.596190476190477
1894-06-08,2.595238095238096
1894-06-11,2.5942857142857148
1894-06-12,2.5933333333333337
1894-06-13,2.5923809523809527
1894-06-14,2.591428571428572
1894-06-15,2.5904761904761906
1894-06-18,2.58952380952381
1894-06-19,2.588571428571429
1894-06-20,2.587619047619048
1894-06-21,2.586666666666667
1894-06-22,2.585714285714286
1894-06-25,2.584761904761905
1894-06-26,2.583809523809524
1894-06-27,2.582857142857143
1894-06-28,2.581904761904762
1894-06-29,2.580952380952381
1894-07-02,2.58
1894-07-03,2.579047619047619
1894-07-05,2.578095238095238
1894-07-06,2.577142857142857
1894-07-09,2.5761904761904764
1894-07-10,2.575238095238096
1894-07-11,2.5742857142857143
1894-07-12,2.5733333333333333
1894-07-13,2.572380952380952
1894-07-16,2.571428571428571
1894-07-17,2.57047619047619
1894-07-18,2.569523809523809
1894-07-19,2.5685714285714285
1894-07-20,2.5676190476190475
1894-07-23,2.5666666666666664
1894-07-24,2.5657142857142854
1894-07-25,2.5647619047619044
1894-07-26,2.563809523809524
1894-07-27,2.5628571428571427
1894-07-30,2.5619047619047617
1894-07-31,2.5609523809523806
1894-08-01,2.56
1894-08-02,2.5591304347826083
1894-08-03,2.558260869565217
1894-08-06,2.5573913043478256
1894-08-07,2.5565217391304347
1894-08-08,2.555652173913044
1894-08-09,2.554782608695652
1894-08-10,2.5539130434782606
1894-08-13,2.5530434782608693
1894-08-14,2.552173913043478
1894-08-15,2.5513043478260866
1894-08-16,2.550434782608696
1894-08-17,2.5495652173913044
1894-08-20,2.548695652173913
1894-08-21,2.5478260869565217
1894-08-22,2.5469565217391303
1894-08-23,2.546086956521739
1894-08-24,2.545217391304348
1894-08-27,2.5443478260869563
1894-08-28,2.543478260869565
1894-08-29,2.542608695652174
1894-08-30,2.5417391304347827
1894-08-31,2.5408695652173914
1894-09-04,2.54
1894-09-05,2.5389473684210526
1894-09-06,2.537894736842105
1894-09-07,2.536842105263158
1894-09-10,2.535789473684211
1894-09-11,2.5347368421052634
1894-09-12,2.533684210526316
1894-09-13,2.532631578947369
1894-09-14,2.531578947368421
1894-09-17,2.5305263157894737
1894-09-18,2.5294736842105268
1894-09-19,2.52842105263158
1894-09-20,2.527368421052632
1894-09-21,2.5263157894736845
1894-09-24,2.525263157894737
1894-09-25,2.5242105263157897
1894-09-26,2.5231578947368427
1894-09-27,2.522105263157896
1894-09-28,2.521052631578948
1894-10-01,2.5200000000000005
1894-10-02,2.519130434782609
1894-10-03,2.5182608695652178
1894-10-04,2.5173913043478264
1894-10-05,2.516521739130435
1894-10-08,2.515652173913044
1894-10-09,2.5147826086956524
1894-10-10,2.513913043478261
1894-10-11,2.5130434782608697
1894-10-12,2.5121739130434784
1894-10-15,2.511304347826087
1894-10-16,2.510434782608696
1894-10-17,2.509565217391305
1894-10-18,2.508695652173913
1894-10-19,2.507826086956522
1894-10-22,2.5069565217391307
1894-10-23,2.5060869565217394
1894-10-24,2.505217391304348
1894-10-25,2.5043478260869567
1894-10-26,2.5034782608695654
1894-10-29,2.502608695652174
1894-10-30,2.5017391304347827
1894-10-31,2.500869565217392
1894-11-01,2.5
1894-11-02,2.499
1894-11-05,2.498
1894-11-07,2.497
1894-11-08,2.496
1894-11-09,2.495
1894-11-12,2.494
1894-11-13,2.4930000000000003
1894-11-14,2.492
1894-11-15,2.491
1894-11-16,2.49
1894-11-19,2.4890000000000003
1894-11-20,2.4880000000000004
1894-11-21,2.487
1894-11-22,2.486
1894-11-23,2.4850000000000003
1894-11-26,2.4840000000000004
1894-11-27,2.4830000000000005
1894-11-28,2.482
1894-11-30,2.4810000000000003
1894-12-03,2.4800000000000004
1894-12-04,2.4790000000000005
1894-12-05,2.478
1894-12-06,2.4770000000000003
1894-12-07,2.4760000000000004
1894-12-10,2.4750000000000005
1894-12-11,2.474
1894-12-12,2.4730000000000003
1894-12-13,2.4720000000000004
1894-12-14,2.471
1894-12-17,2.47
1894-12-18,2.4690000000000003
1894-12-19,2.468
1894-12-20,2.467
1894-12-21,2.466
1894-12-24,2.4650000000000003
1894-12-26,2.464
1894-12-27,2.463
1894-12-28,2.462
1894-12-31,2.461
1895-01-02,2.46
1895-01-03,2.460530303030303
1895-01-04,2.461060606060606
1895-01-07,2.461590909090909
1895-01-08,2.462121212121212
1895-01-09,2.462651515151515
1895-01-10,2.4631818181818184
1895-01-11,2.4637121212121214
1895-01-14,2.4642424242424243
1895-01-15,2.464772727272728
1895-01-16,2.4653030303030303
1895-01-17,2.4658333333333333
1895-01-18,2.4663636363636363
1895-01-21,2.46689393939394
1895-01-22,2.4674242424242423
1895-01-23,2.4679545454545453
1895-01-24,2.4684848484848483
1895-01-25,2.469015151515152
1895-01-28,2.4695454545454547
1895-01-29,2.4700757575757577
1895-01-30,2.4706060606060607
1895-01-31,2.471136363636364
1895-02-01,2.4716666666666667
1895-02-04,2.472280701754386
1895-02-05,2.4728947368421053
1895-02-06,2.4735087719298248
1895-02-07,2.474122807017544
1895-02-08,2.474736842105264
1895-02-11,2.4753508771929824
1895-02-12,2.475964912280702
1895-02-13,2.476578947368421
1895-02-14,2.4771929824561405
1895-02-15,2.47780701754386
1895-02-18,2.478421052631579
1895-02-19,2.479035087719298
1895-02-20,2.4796491228070177
1895-02-21,2.4802631578947367
1895-02-25,2.480877192982456
1895-02-26,2.481491228070176
1895-02-27,2.482105263157895
1895-02-28,2.482719298245614
1895-03-01,2.4833333333333334
1895-03-04,2.483888888888889
1895-03-05,2.4844444444444447
1895-03-06,2.485
1895-03-07,2.4855555555555555
1895-03-08,2.486111111111111
1895-03-11,2.486666666666667
1895-03-12,2.4872222222222224
1895-03-13,2.4877777777777776
1895-03-14,2.4883333333333333
1895-03-15,2.488888888888889
1895-03-18,2.489444444444445
1895-03-19,2.49
1895-03-20,2.490555555555556
1895-03-21,2.491111111111111
1895-03-22,2.4916666666666667
1895-03-25,2.4922222222222223
1895-03-26,2.492777777777778
1895-03-27,2.4933333333333336
1895-03-28,2.493888888888889
1895-03-29,2.4944444444444445
1895-04-01,2.495
1895-04-02,2.495555555555556
1895-04-03,2.4961111111111114
1895-04-04,2.4966666666666666
1895-04-05,2.4972222222222222
1895-04-08,2.497777777777778
1895-04-09,2.498333333333333
1895-04-10,2.498888888888889
1895-04-11,2.4994444444444444
1895-04-15,2.5
1895-04-16,2.500555555555556
1895-04-17,2.501111111111112
1895-04-18,2.501666666666667
1895-04-19,2.5022222222222226
1895-04-22,2.5027777777777778
1895-04-23,2.5033333333333334
1895-04-24,2.503888888888889
1895-04-25,2.5044444444444447
1895-04-26,2.5050000000000003
1895-04-29,2.5055555555555555
1895-04-30,2.506111111111111
1895-05-01,2.506666666666667
1895-05-02,2.50719696969697
1895-05-03,2.507727272727273
1895-05-06,2.508257575757576
1895-05-07,2.508787878787879
1895-05-08,2.509318181818182
1895-05-09,2.5098484848484848
1895-05-10,2.510378787878788
1895-05-13,2.5109090909090908
1895-05-14,2.5114393939393937
1895-05-15,2.5119696969696967
1895-05-16,2.5125
1895-05-17,2.513030303030303
1895-05-20,2.513560606060606
1895-05-21,2.514090909090909
1895-05-22,2.514621212121212
1895-05-23,2.515151515151515
1895-05-24,2.515681818181818
1895-05-27,2.516212121212121
1895-05-28,2.516742424242424
1895-05-29,2.517272727272727
1895-05-31,2.51780303030303
1895-06-03,2.518333333333333
1895-06-04,2.5189166666666662
1895-06-05,2.5195
1895-06-06,2.520083333333333
1895-06-07,2.5206666666666666
1895-06-10,2.52125
1895-06-11,2.521833333333333
1895-06-12,2.5224166666666665
1895-06-13,2.523
1895-06-14,2.5235833333333333
1895-06-17,2.5241666666666664
1895-06-18,2.52475
1895-06-19,2.525333333333333
1895-06-20,2.5259166666666664
1895-06-21,2.5265
1895-06-24,2.527083333333333
1895-06-25,2.5276666666666663
1895-06-26,2.52825
1895-06-27,2.528833333333333
1895-06-28,2.529416666666666
1895-07-01,2.53
1895-07-02,2.530530303030303
1895-07-03,2.531060606060606
1895-07-05,2.531590909090909
1895-07-08,2.532121212121212
1895-07-09,2.532651515151515
1895-07-10,2.533181818181818
1895-07-11,2.533712121212121
1895-07-12,2.534242424242424
1895-07-15,2.534772727272727
1895-07-16,2.53530303030303
1895-07-17,2.5358333333333336
1895-07-18,2.5363636363636366
1895-07-19,2.53689393939394
1895-07-22,2.5374242424242426
1895-07-23,2.5379545454545456
1895-07-24,2.538484848484849
1895-07-25,2.539015151515152
1895-07-26,2.5395454545454546
1895-07-29,2.540075757575758
1895-07-30,2.540606060606061
1895-07-31,2.541136363636364
1895-08-01,2.541666666666667
1895-08-02,2.54219696969697
1895-08-05,2.542727272727273
1895-08-06,2.543257575757576
1895-08-07,2.543787878787879
1895-08-08,2.544318181818182
1895-08-09,2.544848484848485
1895-08-12,2.545378787878788
1895-08-13,2.545909090909091
1895-08-14,2.546439393939394
1895-08-15,2.546969696969697
1895-08-16,2.5475000000000003
1895-08-19,2.548030303030304
1895-08-20,2.5485606060606063
1895-08-21,2.5490909090909093
1895-08-22,2.5496212121212123
1895-08-23,2.550151515151516
1895-08-26,2.5506818181818183
1895-08-27,2.5512121212121213
1895-08-28,2.5517424242424243
1895-08-29,2.5522727272727272
1895-08-30,2.5528030303030302
1895-09-03,2.553333333333333
1895-09-04,2.5539166666666664
1895-09-05,2.5545
1895-09-06,2.555083333333333
1895-09-09,2.5556666666666663
1895-09-10,2.55625
1895-09-11,2.556833333333333
1895-09-12,2.5574166666666662
1895-09-13,2.558
1895-09-16,2.558583333333333
1895-09-17,2.559166666666666
1895-09-18,2.55975
1895-09-19,2.560333333333333
1895-09-20,2.5609166666666665
1895-09-23,2.5615
1895-09-24,2.562083333333333
1895-09-25,2.5626666666666664
1895-09-26,2.56325
1895-09-27,2.5638333333333327
1895-09-30,2.5644166666666663
1895-10-01,2.5649999999999995
1895-10-02,2.565507246376811
1895-10-03,2.566014492753623
1895-10-04,2.5665217391304345
1895-10-07,2.567028985507246
1895-10-08,2.5675362318840578
1895-10-09,2.568043478260869
1895-10-10,2.5685507246376806
1895-10-11,2.5690579710144923
1895-10-14,2.569565217391304
1895-10-15,2.570072463768116
1895-10-16,2.570579710144928
1895-10-17,2.571086956521739
1895-10-18,2.5715942028985506
1895-10-21,2.572101449275362
1895-10-22,2.572608695652174
1895-10-23,2.573115942028985
1895-10-24,2.573623188405797
1895-10-25,2.5741304347826084
1895-10-28,2.57463768115942
1895-10-29,2.575144927536232
1895-10-30,2.575652173913044
1895-10-31,2.576159420289855
1895-11-01,2.5766666666666667
1895-11-04,2.577280701754386
1895-11-06,2.577894736842105
1895-11-07,2.5785087719298247
1895-11-08,2.579122807017544
1895-11-11,2.579736842105264
1895-11-12,2.5803508771929824
1895-11-13,2.580964912280702
1895-11-14,2.5815789473684214
1895-11-15,2.5821929824561405
1895-11-18,2.58280701754386
1895-11-19,2.583421052631579
1895-11-20,2.5840350877192986
1895-11-21,2.584649122807018
1895-11-22,2.585263157894737
1895-11-25,2.5858771929824567
1895-11-26,2.586491228070176
1895-11-27,2.5871052631578952
1895-11-29,2.5877192982456143
1895-12-02,2.588333333333334
1895-12-03,2.588888888888889
1895-12-04,2.589444444444445
1895-12-05,2.5900000000000003
1895-12-06,2.590555555555556
1895-12-09,2.591111111111112
1895-12-10,2.5916666666666672
1895-12-11,2.5922222222222224
1895-12-12,2.592777777777778
1895-12-13,2.5933333333333337
1895-12-16,2.5938888888888894
1895-12-17,2.594444444444445
1895-12-18,2.595
1895-12-19,2.595555555555556
1895-12-20,2.5961111111111115
1895-12-23,2.5966666666666667
1895-12-24,2.5972222222222223
1895-12-26,2.597777777777778
1895-12-27,2.5983333333333336
1895-12-30,2.598888888888889
1895-12-31,2.5994444444444444
1896-01-02,2.6
1896-01-03,2.599242424242424
1896-01-06,2.5984848484848486
1896-01-07,2.5977272727272727
1896-01-08,2.596969696969697
1896-01-09,2.596212121212121
1896-01-10,2.5954545454545457
1896-01-13,2.5946969696969697
1896-01-14,2.593939393939394
1896-01-15,2.5931818181818183
1896-01-16,2.5924242424242427
1896-01-17,2.591666666666667
1896-01-20,2.590909090909091
1896-01-21,2.590151515151516
1896-01-22,2.58939393939394
1896-01-23,2.588636363636364
1896-01-24,2.587878787878788
1896-01-27,2.5871212121212124
1896-01-28,2.5863636363636364
1896-01-29,2.585606060606061
1896-01-30,2.584848484848485
1896-01-31,2.584090909090909
1896-02-03,2.583333333333333
1896-02-04,2.582456140350877
1896-02-05,2.581578947368421
1896-02-06,2.580701754385965
1896-02-07,2.579824561403509
1896-02-10,2.5789473684210527
1896-02-11,2.5780701754385964
1896-02-13,2.57719298245614
1896-02-14,2.5763157894736843
1896-02-17,2.575438596491228
1896-02-18,2.574561403508772
1896-02-19,2.573684210526316
1896-02-20,2.57280701754386
1896-02-21,2.5719298245614035
1896-02-24,2.571052631578948
1896-02-25,2.570175438596491
1896-02-26,2.5692982456140347
1896-02-27,2.568421052631579
1896-02-28,2.5675438596491227
1896-03-02,2.5666666666666664
1896-03-03,2.5659090909090905
1896-03-04,2.565151515151515
1896-03-05,2.564393939393939
1896-03-06,2.5636363636363635
1896-03-09,2.5628787878787875
1896-03-10,2.562121212121212
1896-03-11,2.561363636363636
1896-03-12,2.560606060606061
1896-03-13,2.5598484848484846
1896-03-16,2.559090909090909
1896-03-17,2.558333333333333
1896-03-18,2.557575757575757
1896-03-19,2.5568181818181817
1896-03-20,2.5560606060606057
1896-03-23,2.55530303030303
1896-03-24,2.5545454545454542
1896-03-25,2.5537878787878787
1896-03-26,2.5530303030303028
1896-03-27,2.5522727272727272
1896-03-30,2.551515151515152
1896-03-31,2.550757575757576
1896-04-01,2.55
1896-04-02,2.549206349206349
1896-04-06,2.5484126984126982
1896-04-07,2.5476190476190474
1896-04-08,2.5468253968253967
1896-04-09,2.546031746031746
1896-04-10,2.545238095238095
1896-04-13,2.5444444444444443
1896-04-14,2.543650793650793
1896-04-15,2.5428571428571427
1896-04-16,2.542063492063492
1896-04-17,2.541269841269841
1896-04-20,2.5404761904761903
1896-04-21,2.5396825396825395
1896-04-22,2.5388888888888888
1896-04-23,2.538095238095238
1896-04-24,2.537301587301587
1896-04-27,2.5365079365079364
1896-04-28,2.5357142857142856
1896-04-29,2.534920634920635
1896-04-30,2.534126984126984
1896-05-01,2.533333333333333
1896-05-04,2.5325396825396824
1896-05-05,2.531746031746032
1896-05-06,2.530952380952381
1896-05-07,2.53015873015873
1896-05-08,2.52936507936508
1896-05-11,2.5285714285714285
1896-05-12,2.5277777777777777
1896-05-13,2.526984126984127
1896-05-14,2.526190476190476
1896-05-15,2.5253968253968253
1896-05-18,2.5246031746031745
1896-05-19,2.523809523809524
1896-05-20,2.523015873015873
1896-05-21,2.522222222222222
1896-05-22,2.521428571428572
1896-05-25,2.520634920634921
1896-05-26,2.5198412698412698
1896-05-27,2.519047619047619
1896-05-28,2.518253968253968
1896-05-29,2.5174603174603174
1896-06-01,2.5166666666666666
1896-06-02,2.5159090909090907
1896-06-03,2.515151515151515
1896-06-04,2.514393939393939
1896-06-05,2.513636363636364
1896-06-08,2.512878787878788
1896-06-09,2.512121212121212
1896-06-10,2.511363636363636
1896-06-11,2.5106060606060607
1896-06-12,2.5098484848484848
1896-06-15,2.5090909090909093
1896-06-16,2.5083333333333333
1896-06-17,2.5075757575757573
1896-06-18,2.506818181818182
1896-06-19,2.506060606060606
1896-06-22,2.5053030303030304
1896-06-23,2.5045454545454544
1896-06-24,2.503787878787879
1896-06-25,2.503030303030303
1896-06-26,2.5022727272727274
1896-06-29,2.5015151515151515
1896-06-30,2.500757575757576
1896-07-01,2.5
1896-07-02,2.4992753623188406
1896-07-03,2.498550724637681
1896-07-06,2.497826086956522
1896-07-07,2.4971014492753625
1896-07-08,2.496376811594203
1896-07-09,2.495652173913044
1896-07-10,2.494927536231884
1896-07-13,2.4942028985507245
1896-07-14,2.493478260869565
1896-07-15,2.4927536231884058
1896-07-16,2.4920289855072464
1896-07-17,2.491304347826087
1896-07-20,2.490579710144928
1896-07-21,2.489855072463768
1896-07-22,2.489130434782609
1896-07-23,2.488405797101449
1896-07-24,2.48768115942029
1896-07-27,2.4869565217391303
1896-07-28,2.486231884057971
1896-07-29,2.4855072463768115
1896-07-30,2.484782608695652
1896-07-31,2.4840579710144928
1896-08-03,2.4833333333333334
1896-08-04,2.4825396825396826
1896-08-05,2.481746031746032
1896-08-06,2.480952380952381
1896-08-07,2.4801587301587302
1896-08-10,2.4793650793650794
1896-08-11,2.4785714285714286
1896-08-12,2.477777777777778
1896-08-13,2.476984126984127
1896-08-14,2.4761904761904763
1896-08-17,2.475396825396825
1896-08-18,2.4746031746031747
1896-08-19,2.473809523809524
1896-08-20,2.473015873015873
1896-08-21,2.4722222222222223
1896-08-24,2.4714285714285715
1896-08-25,2.4706349206349207
1896-08-26,2.46984126984127
1896-08-27,2.469047619047619
1896-08-28,2.4682539682539684
1896-08-31,2.4674603174603176
1896-09-01,2.466666666666667
1896-09-02,2.465873015873016
1896-09-03,2.465079365079365
1896-09-04,2.4642857142857144
1896-09-08,2.463492063492064
1896-09-09,2.462698412698413
1896-09-10,2.461904761904762
1896-09-11,2.4611111111111112
1896-09-14,2.4603174603174605
1896-09-15,2.4595238095238097
1896-09-16,2.458730158730159
1896-09-17,2.457936507936508
1896-09-18,2.457142857142857
1896-09-21,2.456349206349206
1896-09-22,2.455555555555556
1896-09-23,2.4547619047619045
1896-09-24,2.4539682539682537
1896-09-25,2.453174603174603
1896-09-28,2.452380952380952
1896-09-29,2.4515873015873013
1896-09-30,2.4507936507936505
1896-10-01,2.45
1896-10-02,2.449242424242424
1896-10-05,2.4484848484848483
1896-10-06,2.4477272727272723
1896-10-07,2.446969696969697
1896-10-08,2.4462121212121213
1896-10-09,2.4454545454545453
1896-10-12,2.4446969696969694
1896-10-13,2.443939393939394
1896-10-14,2.4431818181818183
1896-10-15,2.4424242424242424
1896-10-16,2.4416666666666664
1896-10-19,2.440909090909091
1896-10-20,2.4401515151515154
1896-10-21,2.4393939393939394
1896-10-22,2.4386363636363635
1896-10-23,2.437878787878788
1896-10-26,2.4371212121212125
1896-10-27,2.4363636363636365
1896-10-28,2.435606060606061
1896-10-29,2.434848484848485
1896-10-30,2.434090909090909
1896-11-02,2.4333333333333336
1896-11-04,2.4324561403508773
1896-11-05,2.431578947368421
1896-11-06,2.4307017543859653
1896-11-09,2.429824561403509
1896-11-10,2.4289473684210527
1896-11-11,2.4280701754385965
1896-11-12,2.42719298245614
1896-11-13,2.4263157894736844
1896-11-16,2.425438596491228
1896-11-17,2.424561403508772
1896-11-18,2.423684210526316
1896-11-19,2.42280701754386
1896-11-20,2.421929824561404
1896-11-23,2.421052631578948
1896-11-24,2.420175438596491
1896-11-25,2.419298245614035
1896-11-27,2.418421052631579
1896-11-30,2.4175438596491228
1896-12-01,2.4166666666666665
1896-12-02,2.4159090909090906
1896-12-03,2.415151515151515
1896-12-04,2.414393939393939
1896-12-07,2.413636363636364
1896-12-08,2.412878787878788
1896-12-09,2.412121212121212
1896-12-10,2.411363636363636
1896-12-11,2.4106060606060606
1896-12-14,2.4098484848484847
1896-12-15,2.409090909090909
1896-12-16,2.408333333333333
1896-12-17,2.4075757575757573
1896-12-18,2.4068181818181817
1896-12-21,2.406060606060606
1896-12-22,2.4053030303030303
1896-12-23,2.4045454545454543
1896-12-24,2.403787878787879
1896-12-28,2.403030303030303
1896-12-29,2.402272727272728
1896-12-30,2.4015151515151514
1896-12-31,2.400757575757576
1897-01-04,2.4
1897-01-05,2.3997916666666668
1897-01-06,2.399583333333333
1897-01-07,2.399375
1897-01-08,2.3991666666666664
1897-01-11,2.3989583333333333
1897-01-12,2.39875
1897-01-13,2.3985416666666666
1897-01-14,2.398333333333333
1897-01-15,2.398125
1897-01-18,2.3979166666666667
1897-01-19,2.3977083333333336
1897-01-20,2.3975
1897-01-21,2.397291666666667
1897-01-22,2.397083333333333
1897-01-25,2.396875
1897-01-26,2.396666666666667
1897-01-27,2.3964583333333334
1897-01-28,2.39625
1897-01-29,2.396041666666666
1897-02-01,2.395833333333333
1897-02-02,2.395601851851852
1897-02-03,2.3953703703703706
1897-02-04,2.395138888888889
1897-02-05,2.394907407407408
1897-02-08,2.394675925925926
1897-02-09,2.3944444444444444
1897-02-10,2.394212962962963
1897-02-11,2.393981481481481
1897-02-15,2.39375
1897-02-16,2.3935185185185186
1897-02-17,2.393287037037037
1897-02-18,2.393055555555556
1897-02-19,2.392824074074074
1897-02-23,2.3925925925925924
1897-02-24,2.392361111111111
1897-02-25,2.392129629629629
1897-02-26,2.3918981481481483
1897-03-01,2.3916666666666666
1897-03-02,2.3914855072463768
1897-03-03,2.391304347826087
1897-03-04,2.391123188405797
1897-03-05,2.3909420289855072
1897-03-08,2.3907608695652174
1897-03-09,2.3905797101449275
1897-03-10,2.3903985507246377
1897-03-11,2.390217391304348
1897-03-12,2.390036231884058
1897-03-15,2.389855072463768
1897-03-16,2.3896739130434783
1897-03-17,2.389492753623188
1897-03-18,2.389311594202898
1897-03-19,2.3891304347826083
1897-03-22,2.3889492753623185
1897-03-23,2.3887681159420286
1897-03-24,2.388586956521739
1897-03-25,2.388405797101449
1897-03-26,2.388224637681159
1897-03-29,2.3880434782608693
1897-03-30,2.3878623188405794
1897-03-31,2.3876811594202896
1897-04-01,2.3875
1897-04-02,2.3872916666666666
1897-04-05,2.387083333333333
1897-04-06,2.386875
1897-04-07,2.3866666666666663
1897-04-08,2.386458333333333
1897-04-09,2.38625
1897-04-12,2.3860416666666664
1897-04-13,2.3858333333333333
1897-04-14,2.385625
1897-04-15,2.3854166666666665
1897-04-19,2.3852083333333334
1897-04-20,2.385
1897-04-21,2.384791666666666
1897-04-22,2.384583333333333
1897-04-23,2.384375
1897-04-26,2.3841666666666668
1897-04-28,2.383958333333333
1897-04-29,2.38375
1897-04-30,2.3835416666666664
1897-05-03,2.3833333333333333
1897-05-04,2.383125
1897-05-05,2.3829166666666666
1897-05-06,2.382708333333333
1897-05-07,2.3825
1897-05-10,2.3822916666666667
1897-05-11,2.382083333333333
1897-05-12,2.381875
1897-05-13,2.3816666666666664
1897-05-14,2.381458333333333
1897-05-17,2.38125
1897-05-18,2.3810416666666665
1897-05-19,2.3808333333333334
1897-05-20,2.380625
1897-05-21,2.380416666666666
1897-05-24,2.380208333333333
1897-05-25,2.38
1897-05-26,2.3797916666666663
1897-05-27,2.379583333333333
1897-05-28,2.379375
1897-06-01,2.3791666666666664
1897-06-02,2.3789772727272727
1897-06-03,2.3787878787878785
1897-06-04,2.3785984848484847
1897-06-07,2.378409090909091
1897-06-08,2.3782196969696967
1897-06-09,2.378030303030303
1897-06-10,2.3778409090909087
1897-06-11,2.377651515151515
1897-06-14,2.377462121212121
1897-06-15,2.377272727272727
1897-06-16,2.377083333333333
1897-06-17,2.3768939393939394
1897-06-18,2.376704545454545
1897-06-21,2.3765151515151515
1897-06-22,2.3763257575757577
1897-06-23,2.3761363636363635
1897-06-24,2.3759469696969697
1897-06-25,2.3757575757575755
1897-06-28,2.3755681818181817
1897-06-29,2.375378787878788
1897-06-30,2.3751893939393938
1897-07-01,2.375
1897-07-02,2.3748015873015875
1897-07-06,2.3746031746031746
1897-07-07,2.374404761904762
1897-07-08,2.374206349206349
1897-07-09,2.3740079365079367
1897-07-12,2.373809523809524
1897-07-13,2.373611111111112
1897-07-14,2.3734126984126984
1897-07-15,2.373214285714286
1897-07-16,2.373015873015873
1897-07-19,2.3728174603174605
1897-07-20,2.372619047619048
1897-07-21,2.372420634920635
1897-07-22,2.3722222222222222
1897-07-23,2.3720238095238098
1897-07-26,2.371825396825397
1897-07-27,2.3716269841269844
1897-07-28,2.3714285714285714
1897-07-29,2.371230158730159
1897-07-30,2.371031746031746
1897-08-02,2.3708333333333336
1897-08-03,2.37064393939394
1897-08-04,2.3704545454545456
1897-08-05,2.370265151515152
1897-08-06,2.3700757575757576
1897-08-09,2.369886363636364
1897-08-10,2.36969696969697
1897-08-11,2.369507575757576
1897-08-12,2.369318181818182
1897-08-13,2.369128787878788
1897-08-16,2.368939393939394
1897-08-17,2.3687500000000004
1897-08-18,2.368560606060606
1897-08-19,2.3683712121212124
1897-08-20,2.368181818181818
1897-08-23,2.3679924242424244
1897-08-24,2.36780303030303
1897-08-25,2.3676136363636364
1897-08-26,2.3674242424242427
1897-08-27,2.3672348484848484
1897-08-30,2.3670454545454547
1897-08-31,2.3668560606060605
1897-09-01,2.3666666666666667
1897-09-02,2.366468253968254
1897-09-03,2.3662698412698413
1897-09-07,2.366071428571429
1897-09-08,2.365873015873016
1897-09-09,2.3656746031746034
1897-09-10,2.3654761904761905
1897-09-13,2.365277777777778
1897-09-14,2.365079365079365
1897-09-15,2.3648809523809526
1897-09-16,2.36468253968254
1897-09-17,2.3644841269841272
1897-09-20,2.3642857142857143
1897-09-21,2.364087301587302
1897-09-22,2.363888888888889
1897-09-23,2.3636904761904765
1897-09-24,2.3634920634920635
1897-09-27,2.363293650793651
1897-09-28,2.363095238095238
1897-09-29,2.3628968253968257
1897-09-30,2.3626984126984127
1897-10-01,2.3625000000000003
1897-10-04,2.362301587301588
1897-10-05,2.362103174603175
1897-10-06,2.361904761904762
1897-10-07,2.361706349206349
1897-10-08,2.361507936507937
1897-10-11,2.361309523809524
1897-10-12,2.361111111111111
1897-10-13,2.3609126984126987
1897-10-14,2.3607142857142858
1897-10-15,2.3605158730158733
1897-10-18,2.3603174603174604
1897-10-19,2.360119047619048
1897-10-20,2.359920634920635
1897-10-21,2.3597222222222225
1897-10-22,2.3595238095238096
1897-10-25,2.359325396825397
1897-10-26,2.359126984126984
1897-10-27,2.358928571428572
1897-10-28,2.358730158730159
1897-10-29,2.3585317460317463
1897-11-01,2.3583333333333334
1897-11-03,2.358125
1897-11-04,2.3579166666666667
1897-11-05,2.357708333333333
1897-11-08,2.3575
1897-11-09,2.357291666666667
1897-11-10,2.357083333333333
1897-11-11,2.356875
1897-11-12,2.3566666666666665
1897-11-15,2.3564583333333333
1897-11-16,2.35625
1897-11-17,2.3560416666666666
1897-11-18,2.355833333333333
1897-11-19,2.355625
1897-11-22,2.3554166666666667
1897-11-23,2.355208333333333
1897-11-24,2.355
1897-11-26,2.3547916666666664
1897-11-29,2.3545833333333333
1897-11-30,2.354375
1897-12-01,2.3541666666666665
1897-12-02,2.3539855072463767
1897-12-03,2.353804347826087
1897-12-06,2.353623188405797
1897-12-07,2.353442028985507
1897-12-08,2.3532608695652173
1897-12-09,2.3530797101449274
1897-12-10,2.3528985507246376
1897-12-13,2.352717391304348
1897-12-14,2.352536231884058
1897-12-15,2.352355072463768
1897-12-16,2.3521739130434782
1897-12-17,2.3519927536231884
1897-12-20,2.3518115942028985
1897-12-21,2.3516304347826087
1897-12-22,2.351449275362319
1897-12-23,2.351268115942029
1897-12-24,2.351086956521739
1897-12-27,2.3509057971014493
1897-12-28,2.3507246376811595
1897-12-29,2.3505434782608696
1897-12-30,2.35036231884058
1897-12-31,2.35018115942029
1898-01-03,2.35
1898-01-04,2.3490079365079364
1898-01-05,2.348015873015873
1898-01-06,2.3470238095238094
1898-01-07,2.346031746031746
1898-01-10,2.3450396825396824
1898-01-11,2.344047619047619
1898-01-12,2.3430555555555554
1898-01-13,2.342063492063492
1898-01-14,2.3410714285714285
1898-01-17,2.340079365079365
1898-01-18,2.339087301587301
1898-01-19,2.3380952380952382
1898-01-20,2.3371031746031745
1898-01-21,2.3361111111111112
1898-01-24,2.3351190476190475
1898-01-25,2.3341269841269843
1898-01-26,2.333134920634921
1898-01-27,2.3321428571428573
1898-01-28,2.3311507936507936
1898-01-31,2.3301587301587303
1898-02-01,2.3291666666666666
1898-02-02,2.3280701754385964
1898-02-03,2.326973684210526
1898-02-04,2.325877192982456
1898-02-07,2.324780701754386
1898-02-08,2.323684210526316
1898-02-09,2.3225877192982454
1898-02-10,2.321491228070175
1898-02-11,2.320394736842105
1898-02-14,2.3192982456140347
1898-02-15,2.318201754385965
1898-02-16,2.317105263157895
1898-02-17,2.316008771929825
1898-02-18,2.3149122807017544
1898-02-21,2.313815789473684
1898-02-23,2.312719298245614
1898-02-24,2.311622807017544
1898-02-25,2.310526315789473
1898-02-28,2.309429824561404
1898-03-01,2.308333333333333
1898-03-02,2.307427536231884
1898-03-03,2.3065217391304347
1898-03-04,2.305615942028985
1898-03-07,2.304710144927536
1898-03-08,2.303804347826087
1898-03-09,2.3028985507246373
1898-03-10,2.301992753623188
1898-03-11,2.301086956521739
1898-03-14,2.3001811594202897
1898-03-15,2.2992753623188404
1898-03-16,2.298369565217391
1898-03-17,2.297463768115942
1898-03-18,2.2965579710144928
1898-03-21,2.2956521739130435
1898-03-22,2.2947463768115943
1898-03-23,2.293840579710145
1898-03-24,2.292934782608696
1898-03-25,2.292028985507246
1898-03-28,2.291123188405797
1898-03-29,2.290217391304348
1898-03-30,2.2893115942028985
1898-03-31,2.2884057971014493
1898-04-01,2.2875
1898-04-04,2.2865079365079364
1898-04-05,2.285515873015873
1898-04-06,2.2845238095238094
1898-04-07,2.283531746031746
1898-04-08,2.2825396825396824
1898-04-11,2.281547619047619
1898-04-12,2.2805555555555554
1898-04-13,2.279563492063492
1898-04-14,2.2785714285714285
1898-04-15,2.277579365079365
1898-04-18,2.276587301587301
1898-04-19,2.2755952380952382
1898-04-20,2.2746031746031745
1898-04-21,2.2736111111111112
1898-04-22,2.2726190476190475
1898-04-25,2.2716269841269843
1898-04-26,2.270634920634921
1898-04-27,2.2696428571428573
1898-04-28,2.2686507936507936
1898-04-29,2.2676587301587303
1898-05-02,2.2666666666666666
1898-05-03,2.265625
1898-05-05,2.2645833333333334
1898-05-06,2.263541666666667
1898-05-09,2.2625
1898-05-10,2.2614583333333336
1898-05-11,2.2604166666666665
1898-05-12,2.259375
1898-05-13,2.2583333333333333
1898-05-16,2.2572916666666667
1898-05-17,2.25625
1898-05-18,2.255208333333333
1898-05-19,2.254166666666667
1898-05-20,2.2531250000000003
1898-05-23,2.2520833333333337
1898-05-24,2.2510416666666666
1898-05-25,2.25
1898-05-26,2.2489583333333334
1898-05-27,2.247916666666667
1898-05-31,2.246875
1898-06-01,2.2458333333333336
1898-06-02,2.244886363636364
1898-06-03,2.243939393939394
1898-06-06,2.2429924242424244
1898-06-07,2.2420454545454547
1898-06-08,2.241098484848485
1898-06-09,2.2401515151515152
1898-06-10,2.239204545454545
1898-06-13,2.238257575757576
1898-06-14,2.237310606060606
1898-06-15,2.2363636363636363
1898-06-16,2.2354166666666666
1898-06-17,2.2344696969696973
1898-06-20,2.233522727272728
1898-06-21,2.232575757575758
1898-06-22,2.231628787878788
1898-06-23,2.2306818181818184
1898-06-24,2.2297348484848487
1898-06-27,2.228787878787879
1898-06-28,2.2278409090909093
1898-06-29,2.2268939393939395
1898-06-30,2.22594696969697
1898-07-01,2.225
1898-07-05,2.223958333333333
1898-07-06,2.222916666666667
1898-07-07,2.2218750000000003
1898-07-08,2.220833333333333
1898-07-11,2.2197916666666666
1898-07-12,2.21875
1898-07-13,2.2177083333333334
1898-07-14,2.216666666666667
1898-07-15,2.215625
1898-07-18,2.2145833333333336
1898-07-19,2.2135416666666665
1898-07-20,2.2125
1898-07-21,2.2114583333333333
1898-07-22,2.2104166666666667
1898-07-25,2.209375
1898-07-26,2.208333333333333
1898-07-27,2.2072916666666664
1898-07-28,2.20625
1898-07-29,2.205208333333333
1898-08-01,2.2041666666666666
1898-08-02,2.2032608695652174
1898-08-03,2.202355072463768
1898-08-04,2.201449275362319
1898-08-05,2.2005434782608697
1898-08-08,2.1996376811594205
1898-08-09,2.198731884057971
1898-08-10,2.1978260869565216
1898-08-11,2.1969202898550724
1898-08-12,2.196014492753623
1898-08-15,2.195108695652174
1898-08-16,2.1942028985507247
1898-08-17,2.1932971014492755
1898-08-18,2.1923913043478263
1898-08-19,2.191485507246377
1898-08-22,2.190579710144928
1898-08-23,2.1896739130434786
1898-08-24,2.1887681159420294
1898-08-25,2.18786231884058
1898-08-26,2.1869565217391305
1898-08-29,2.186050724637681
1898-08-30,2.185144927536232
1898-08-31,2.184239130434783
1898-09-01,2.1833333333333336
1898-09-02,2.18234126984127
1898-09-06,2.1813492063492066
1898-09-07,2.180357142857143
1898-09-08,2.17936507936508
1898-09-09,2.178373015873016
1898-09-12,2.1773809523809526
1898-09-13,2.176388888888889
1898-09-14,2.1753968253968257
1898-09-15,2.174404761904762
1898-09-16,2.1734126984126987
1898-09-19,2.172420634920635
1898-09-20,2.171428571428572
1898-09-21,2.170436507936508
1898-09-22,2.1694444444444447
1898-09-23,2.168452380952381
1898-09-26,2.1674603174603178
1898-09-27,2.166468253968254
1898-09-28,2.1654761904761908
1898-09-29,2.164484126984127
1898-09-30,2.163492063492064
1898-10-03,2.1625
1898-10-04,2.1615079365079364
1898-10-05,2.160515873015873
1898-10-06,2.1595238095238094
1898-10-07,2.158531746031746
1898-10-10,2.1575396825396824
1898-10-11,2.156547619047619
1898-10-12,2.1555555555555554
1898-10-13,2.154563492063492
1898-10-14,2.1535714285714285
1898-10-17,2.152579365079365
1898-10-18,2.151587301587301
1898-10-19,2.1505952380952382
1898-10-20,2.1496031746031745
1898-10-21,2.1486111111111112
1898-10-24,2.1476190476190475
1898-10-25,2.1466269841269843
1898-10-26,2.145634920634921
1898-10-27,2.1446428571428573
1898-10-28,2.1436507936507936
1898-10-31,2.1426587301587303
1898-11-01,2.1416666666666666
1898-11-02,2.140625
1898-11-03,2.1395833333333334
1898-11-04,2.138541666666667
1898-11-07,2.1375
1898-11-09,2.1364583333333336
1898-11-10,2.1354166666666665
1898-11-11,2.134375
1898-11-14,2.1333333333333333
1898-11-15,2.1322916666666667
1898-11-16,2.13125
1898-11-17,2.130208333333333
1898-11-18,2.129166666666667
1898-11-21,2.1281250000000003
1898-11-22,2.1270833333333337
1898-11-23,2.1260416666666666
1898-11-25,2.125
1898-11-28,2.1239583333333334
1898-11-29,2.122916666666667
1898-11-30,2.121875
1898-12-01,2.1208333333333336
1898-12-02,2.11984126984127
1898-12-05,2.1188492063492066
1898-12-06,2.117857142857143
1898-12-07,2.11686507936508
1898-12-08,2.115873015873016
1898-12-09,2.1148809523809526
1898-12-12,2.113888888888889
1898-12-13,2.1128968253968257
1898-12-14,2.111904761904762
1898-12-15,2.1109126984126987
1898-12-16,2.109920634920635
1898-12-19,2.108928571428572
1898-12-20,2.107936507936508
1898-12-21,2.1069444444444447
1898-12-22,2.105952380952381
1898-12-23,2.1049603174603178
1898-12-27,2.103968253968254
1898-12-28,2.1029761904761908
1898-12-29,2.101984126984127
1898-12-30,2.100992063492064
1899-01-03,2.1
1899-01-04,2.100198412698413
1899-01-05,2.100396825396825
1899-01-06,2.1005952380952384
1899-01-09,2.100793650793651
1899-01-10,2.100992063492064
1899-01-11,2.1011904761904763
1899-01-12,2.101388888888889
1899-01-13,2.1015873015873017
1899-01-16,2.1017857142857146
1899-01-17,2.101984126984127
1899-01-18,2.10218253968254
1899-01-19,2.1023809523809525
1899-01-20,2.1025793650793654
1899-01-23,2.102777777777778
1899-01-24,2.1029761904761908
1899-01-25,2.103174603174604
1899-01-26,2.103373015873016
1899-01-27,2.1035714285714286
1899-01-30,2.1037698412698416
1899-01-31,2.103968253968254
1899-02-01,2.104166666666667
1899-02-02,2.1043981481481486
1899-02-03,2.10462962962963
1899-02-06,2.1048611111111115
1899-02-07,2.1050925925925927
1899-02-08,2.1053240740740744
1899-02-09,2.105555555555556
1899-02-10,2.1057870370370373
1899-02-14,2.1060185185185185
1899-02-15,2.10625
1899-02-16,2.106481481481482
1899-02-17,2.106712962962963
1899-02-20,2.1069444444444447
1899-02-21,2.107175925925926
1899-02-23,2.107407407407408
1899-02-24,2.107638888888889
1899-02-27,2.1078703703703705
1899-02-28,2.108101851851852
1899-03-01,2.1083333333333334
1899-03-02,2.108522727272727
1899-03-03,2.1087121212121214
1899-03-06,2.108901515151515
1899-03-07,2.1090909090909093
1899-03-08,2.109280303030303
1899-03-09,2.109469696969697
1899-03-10,2.109659090909091
1899-03-13,2.109848484848485
1899-03-14,2.110037878787879
1899-03-15,2.110227272727273
1899-03-16,2.1104166666666666
1899-03-17,2.110606060606061
1899-03-20,2.1107954545454546
1899-03-21,2.110984848484849
1899-03-22,2.1111742424242426
1899-03-23,2.1113636363636368
1899-03-24,2.1115530303030305
1899-03-27,2.1117424242424243
1899-03-28,2.1119318181818185
1899-03-29,2.1121212121212123
1899-03-30,2.1123106060606065
1899-04-03,2.1125000000000003
1899-04-04,2.1127083333333334
1899-04-05,2.112916666666667
1899-04-06,2.113125
1899-04-07,2.1133333333333337
1899-04-10,2.113541666666667
1899-04-11,2.1137500000000005
1899-04-12,2.1139583333333336
1899-04-13,2.114166666666667
1899-04-14,2.1143750000000003
1899-04-17,2.114583333333334
1899-04-18,2.114791666666667
1899-04-19,2.115
1899-04-20,2.115208333333334
1899-04-21,2.115416666666667
1899-04-24,2.1156250000000005
1899-04-25,2.1158333333333337
1899-04-26,2.116041666666668
1899-04-27,2.1162500000000004
1899-04-28,2.116458333333334
1899-05-01,2.116666666666667
1899-05-02,2.11686507936508
1899-05-03,2.1170634920634925
1899-05-04,2.117261904761905
1899-05-05,2.117460317460318
1899-05-08,2.1176587301587304
1899-05-09,2.117857142857144
1899-05-10,2.118055555555556
1899-05-11,2.1182539682539687
1899-05-12,2.118452380952381
1899-05-15,2.118650793650794
1899-05-16,2.1188492063492066
1899-05-17,2.1190476190476195
1899-05-18,2.119246031746032
1899-05-19,2.119444444444445
1899-05-22,2.1196428571428574
1899-05-23,2.1198412698412703
1899-05-24,2.120039682539683
1899-05-25,2.120238095238096
1899-05-26,2.120436507936508
1899-05-31,2.120634920634921
1899-06-01,2.1208333333333336
1899-06-02,2.121022727272728
1899-06-05,2.121212121212121
1899-06-06,2.121401515151516
1899-06-07,2.121590909090909
1899-06-08,2.121780303030304
1899-06-09,2.121969696969697
1899-06-12,2.122159090909092
1899-06-13,2.122348484848485
1899-06-14,2.122537878787879
1899-06-15,2.122727272727273
1899-06-16,2.122916666666667
1899-06-19,2.123106060606061
1899-06-20,2.1232954545454548
1899-06-21,2.1234848484848485
1899-06-22,2.1236742424242423
1899-06-23,2.1238636363636365
1899-06-26,2.1240530303030303
1899-06-27,2.1242424242424245
1899-06-28,2.1244318181818183
1899-06-29,2.124621212121212
1899-06-30,2.1248106060606062
1899-07-05,2.125
1899-07-06,2.125219298245614
1899-07-07,2.125438596491228
1899-07-10,2.1256578947368423
1899-07-11,2.1258771929824563
1899-07-12,2.12609649122807
1899-07-13,2.126315789473684
1899-07-14,2.126535087719298
1899-07-17,2.1267543859649125
1899-07-18,2.1269736842105265
1899-07-19,2.1271929824561404
1899-07-20,2.1274122807017544
1899-07-21,2.1276315789473688
1899-07-24,2.1278508771929827
1899-07-25,2.1280701754385967
1899-07-26,2.1282894736842106
1899-07-27,2.128508771929825
1899-07-28,2.128728070175439
1899-07-31,2.128947368421053
1899-08-01,2.129166666666667
1899-08-02,2.1293478260869567
1899-08-03,2.1295289855072466
1899-08-04,2.1297101449275364
1899-08-07,2.1298913043478263
1899-08-08,2.130072463768116
1899-08-09,2.130253623188406
1899-08-10,2.130434782608696
1899-08-11,2.1306159420289856
1899-08-14,2.1307971014492755
1899-08-15,2.1309782608695653
1899-08-16,2.131159420289855
1899-08-17,2.131340579710145
1899-08-18,2.131521739130436
1899-08-21,2.131702898550725
1899-08-22,2.131884057971015
1899-08-23,2.132065217391305
1899-08-24,2.1322463768115947
1899-08-25,2.1324275362318845
1899-08-28,2.1326086956521744
1899-08-29,2.132789855072464
1899-08-30,2.132971014492754
1899-08-31,2.133152173913044
1899-09-01,2.1333333333333337
1899-09-05,2.133552631578948
1899-09-06,2.1337719298245617
1899-09-07,2.133991228070176
1899-09-08,2.1342105263157896
1899-09-11,2.134429824561404
1899-09-12,2.134649122807018
1899-09-13,2.134868421052632
1899-09-14,2.135087719298246
1899-09-15,2.13530701754386
1899-09-18,2.1355263157894737
1899-09-19,2.135745614035088
1899-09-20,2.1359649122807016
1899-09-21,2.136184210526316
1899-09-22,2.136403508771929
1899-09-25,2.136622807017544
1899-09-26,2.136842105263158
1899-09-27,2.137061403508772
1899-09-28,2.137280701754386
1899-10-02,2.1375
1899-10-03,2.137689393939393
1899-10-04,2.137878787878788
1899-10-05,2.138068181818181
1899-10-06,2.138257575757576
1899-10-09,2.138446969696969
1899-10-10,2.1386363636363632
1899-10-11,2.138825757575757
1899-10-12,2.139015151515151
1899-10-13,2.1392045454545454
1899-10-16,2.139393939393939
1899-10-17,2.1395833333333334
1899-10-18,2.139772727272727
1899-10-19,2.139962121212121
1899-10-20,2.140151515151515
1899-10-23,2.140340909090909
1899-10-24,2.140530303030303
1899-10-25,2.140719696969697
1899-10-26,2.1409090909090907
1899-10-27,2.141098484848485
1899-10-30,2.141287878787878
1899-10-31,2.141477272727273
1899-11-01,2.1416666666666666
1899-11-02,2.141875
1899-11-03,2.1420833333333333
1899-11-06,2.1422916666666665
1899-11-08,2.1425
1899-11-09,2.142708333333333
1899-11-10,2.1429166666666664
1899-11-13,2.143125
1899-11-14,2.143333333333333
1899-11-15,2.1435416666666667
1899-11-16,2.14375
1899-11-17,2.143958333333333
1899-11-20,2.1441666666666666
1899-11-21,2.144375
1899-11-22,2.1445833333333333
1899-11-23,2.1447916666666664
1899-11-24,2.145
1899-11-27,2.145208333333333
1899-11-28,2.1454166666666663
1899-11-29,2.145625
1899-12-01,2.145833333333333
1899-12-04,2.146041666666666
1899-12-05,2.14625
1899-12-06,2.146458333333333
1899-12-07,2.1466666666666665
1899-12-08,2.146875
1899-12-11,2.147083333333333
1899-12-12,2.1472916666666664
1899-12-13,2.1475
1899-12-14,2.147708333333333
1899-12-15,2.1479166666666663
1899-12-18,2.148125
1899-12-19,2.148333333333333
1899-12-20,2.1485416666666666
1899-12-21,2.14875
1899-12-22,2.1489583333333333
1899-12-26,2.1491666666666664
1899-12-27,2.149375
1899-12-28,2.149583333333333
1899-12-29,2.1497916666666668
1900-01-02,2.15
1900-01-03,2.149810606060606
1900-01-04,2.149621212121212
1900-01-05,2.149431818181818
1900-01-08,2.149242424242424
1900-01-09,2.14905303030303
1900-01-10,2.1488636363636364
1900-01-11,2.148674242424242
1900-01-12,2.1484848484848484
1900-01-15,2.1482954545454542
1900-01-16,2.1481060606060605
1900-01-17,2.1479166666666663
1900-01-18,2.1477272727272725
1900-01-19,2.1475378787878787
1900-01-22,2.1473484848484845
1900-01-23,2.1471590909090907
1900-01-24,2.1469696969696965
1900-01-25,2.1467803030303028
1900-01-26,2.146590909090909
1900-01-29,2.146401515151515
1900-01-30,2.146212121212121
1900-01-31,2.146022727272727
1900-02-01,2.145833333333333
1900-02-02,2.145601851851852
1900-02-05,2.14537037037037
1900-02-06,2.1451388888888885
1900-02-07,2.144907407407408
1900-02-08,2.1446759259259256
1900-02-09,2.1444444444444444
1900-02-13,2.1442129629629627
1900-02-14,2.143981481481481
1900-02-15,2.14375
1900-02-16,2.143518518518518
1900-02-19,2.143287037037037
1900-02-20,2.143055555555556
1900-02-21,2.142824074074074
1900-02-23,2.1425925925925924
1900-02-26,2.142361111111111
1900-02-27,2.142129629629629
1900-02-28,2.1418981481481483
1900-03-01,2.1416666666666666
1900-03-02,2.141477272727273
1900-03-05,2.141287878787878
1900-03-06,2.141098484848485
1900-03-07,2.1409090909090907
1900-03-08,2.140719696969697
1900-03-09,2.140530303030303
1900-03-12,2.140340909090909
1900-03-13,2.140151515151515
1900-03-14,2.139962121212121
1900-03-15,2.139772727272727
1900-03-16,2.1395833333333334
1900-03-19,2.139393939393939
1900-03-20,2.1392045454545454
1900-03-21,2.139015151515151
1900-03-22,2.138825757575757
1900-03-23,2.1386363636363632
1900-03-26,2.138446969696969
1900-03-27,2.138257575757576
1900-03-28,2.138068181818181
1900-03-29,2.137878787878788
1900-03-30,2.137689393939393
1900-04-02,2.1375
1900-04-03,2.1372916666666666
1900-04-04,2.137083333333333
1900-04-05,2.136875
1900-04-06,2.1366666666666667
1900-04-09,2.136458333333333
1900-04-10,2.13625
1900-04-11,2.136041666666667
1900-04-12,2.1358333333333333
1900-04-16,2.135625
1900-04-17,2.135416666666667
1900-04-18,2.1352083333333334
1900-04-19,2.135
1900-04-20,2.134791666666666
1900-04-23,2.134583333333333
1900-04-24,2.1343750000000004
1900-04-25,2.1341666666666668
1900-04-26,2.1339583333333336
1900-04-27,2.1337500000000005
1900-04-30,2.133541666666667
1900-05-01,2.1333333333333337
1900-05-02,2.13314393939394
1900-05-03,2.1329545454545458
1900-05-04,2.132765151515152
1900-05-07,2.132575757575758
1900-05-08,2.132386363636364
1900-05-09,2.1321969696969703
1900-05-10,2.132007575757576
1900-05-11,2.1318181818181823
1900-05-14,2.131628787878788
1900-05-15,2.1314393939393943
1900-05-16,2.1312500000000005
1900-05-17,2.1310606060606063
1900-05-18,2.130871212121213
1900-05-21,2.1306818181818183
1900-05-22,2.130492424242425
1900-05-23,2.1303030303030304
1900-05-24,2.1301136363636366
1900-05-25,2.129924242424243
1900-05-28,2.1297348484848486
1900-05-29,2.129545454545455
1900-05-31,2.1293560606060606
1900-06-01,2.129166666666667
1900-06-04,2.128968253968254
1900-06-05,2.128769841269841
1900-06-06,2.128571428571429
1900-06-07,2.128373015873016
1900-06-08,2.128174603174603
1900-06-11,2.1279761904761907
1900-06-12,2.1277777777777778
1900-06-13,2.1275793650793653
1900-06-14,2.1273809523809524
1900-06-15,2.12718253968254
1900-06-18,2.126984126984127
1900-06-19,2.1267857142857145
1900-06-20,2.1265873015873016
1900-06-21,2.126388888888889
1900-06-22,2.126190476190476
1900-06-25,2.125992063492064
1900-06-26,2.125793650793651
1900-06-27,2.1255952380952383
1900-06-28,2.1253968253968254
1900-06-29,2.125198412698413
1900-07-02,2.125
1900-07-03,2.1248015873015875
1900-07-05,2.1246031746031746
1900-07-06,2.124404761904762
1900-07-09,2.124206349206349
1900-07-10,2.1240079365079367
1900-07-11,2.123809523809524
1900-07-12,2.123611111111112
1900-07-13,2.1234126984126984
1900-07-16,2.123214285714286
1900-07-17,2.123015873015873
1900-07-18,2.1228174603174605
1900-07-19,2.122619047619048
1900-07-20,2.122420634920635
1900-07-23,2.1222222222222222
1900-07-24,2.1220238095238098
1900-07-25,2.121825396825397
1900-07-26,2.1216269841269844
1900-07-27,2.1214285714285714
1900-07-30,2.121230158730159
1900-07-31,2.121031746031746
1900-08-01,2.1208333333333336
1900-08-02,2.120652173913044
1900-08-03,2.120471014492754
1900-08-06,2.120289855072464
1900-08-07,2.120108695652174
1900-08-08,2.1199275362318843
1900-08-09,2.1197463768115945
1900-08-10,2.1195652173913047
1900-08-13,2.119384057971015
1900-08-14,2.119202898550725
1900-08-15,2.119021739130435
1900-08-16,2.1188405797101453
1900-08-17,2.1186594202898554
1900-08-20,2.1184782608695656
1900-08-21,2.118297101449276
1900-08-22,2.118115942028986
1900-08-23,2.117934782608696
1900-08-24,2.117753623188406
1900-08-27,2.1175724637681164
1900-08-28,2.1173913043478265
1900-08-29,2.1172101449275367
1900-08-30,2.117028985507247
1900-08-31,2.116847826086957
1900-09-04,2.116666666666667
1900-09-05,2.116447368421053
1900-09-06,2.1162280701754392
1900-09-07,2.116008771929825
1900-09-10,2.115789473684211
1900-09-11,2.115570175438597
1900-09-12,2.115350877192983
1900-09-13,2.115131578947369
1900-09-14,2.114912280701754
1900-09-17,2.1146929824561407
1900-09-18,2.1144736842105267
1900-09-19,2.1142543859649128
1900-09-20,2.1140350877192984
1900-09-21,2.1138157894736844
1900-09-24,2.1135964912280705
1900-09-25,2.1133771929824565
1900-09-26,2.1131578947368426
1900-09-27,2.112938596491228
1900-09-28,2.112719298245614
1900-10-01,2.1125000000000003
1900-10-02,2.1123188405797104
1900-10-03,2.112137681159421
1900-10-04,2.1119565217391307
1900-10-05,2.111775362318841
1900-10-08,2.111594202898551
1900-10-09,2.111413043478261
1900-10-10,2.111231884057972
1900-10-11,2.111050724637681
1900-10-12,2.110869565217392
1900-10-15,2.110688405797102
1900-10-16,2.110507246376812
1900-10-17,2.1103260869565217
1900-10-18,2.110144927536232
1900-10-19,2.109963768115942
1900-10-22,2.109782608695652
1900-10-23,2.1096014492753623
1900-10-24,2.1094202898550725
1900-10-25,2.1092391304347826
1900-10-26,2.1090579710144928
1900-10-29,2.108876811594203
1900-10-30,2.108695652173913
1900-10-31,2.1085144927536232
1900-11-01,2.1083333333333334
1900-11-02,2.108125
1900-11-05,2.1079166666666667
1900-11-07,2.107708333333333
1900-11-08,2.1075
1900-11-09,2.107291666666667
1900-11-12,2.1070833333333336
1900-11-13,2.106875
1900-11-14,2.106666666666667
1900-11-15,2.1064583333333333
1900-11-16,2.10625
1900-11-19,2.106041666666667
1900-11-20,2.105833333333333
1900-11-21,2.1056250000000003
1900-11-22,2.1054166666666667
1900-11-23,2.1052083333333336
1900-11-26,2.1050000000000004
1900-11-27,2.104791666666667
1900-11-28,2.1045833333333337
1900-11-30,2.104375
1900-12-03,2.104166666666667
1900-12-04,2.103947368421053
1900-12-05,2.103728070175439
1900-12-06,2.1035087719298247
1900-12-07,2.1032894736842107
1900-12-10,2.1030701754385968
1900-12-11,2.102850877192983
1900-12-12,2.102631578947369
1900-12-13,2.1024122807017545
1900-12-14,2.1021929824561405
1900-12-17,2.1019736842105265
1900-12-18,2.1017543859649126
1900-12-19,2.101535087719298
1900-12-20,2.101315789473684
1900-12-21,2.1010964912280703
1900-12-26,2.1008771929824563
1900-12-27,2.1006578947368424
1900-12-28,2.100438596491228
1900-12-31,2.100219298245614
1901-01-02,2.1
1901-01-03,2.1003030303030306
1901-01-04,2.1006060606060606
1901-01-07,2.100909090909091
1901-01-08,2.101212121212121
1901-01-09,2.101515151515152
1901-01-10,2.101818181818182
1901-01-11,2.102121212121212
1901-01-14,2.1024242424242425
1901-01-15,2.102727272727273
1901-01-16,2.103030303030303
1901-01-17,2.103333333333333
1901-01-18,2.103636363636364
1901-01-21,2.103939393939394
1901-01-22,2.1042424242424245
1901-01-23,2.104545454545455
1901-01-24,2.104848484848485
1901-01-25,2.1051515151515154
1901-01-28,2.105454545454545
1901-01-29,2.105757575757576
1901-01-30,2.1060606060606064
1901-01-31,2.1063636363636364
1901-02-01,2.106666666666667
1901-02-04,2.107037037037037
1901-02-05,2.107407407407408
1901-02-06,2.1077777777777778
1901-02-07,2.1081481481481483
1901-02-08,2.108518518518519
1901-02-11,2.108888888888889
1901-02-13,2.109259259259259
1901-02-14,2.1096296296296297
1901-02-15,2.1100000000000003
1901-02-18,2.1103703703703705
1901-02-19,2.1107407407407406
1901-02-20,2.111111111111111
1901-02-21,2.1114814814814817
1901-02-25,2.111851851851852
1901-02-26,2.112222222222222
1901-02-27,2.112592592592593
1901-02-28,2.112962962962963
1901-03-01,2.1133333333333333
1901-03-04,2.113650793650794
1901-03-05,2.113968253968254
1901-03-06,2.1142857142857143
1901-03-07,2.1146031746031744
1901-03-08,2.114920634920635
1901-03-11,2.115238095238096
1901-03-12,2.1155555555555554
1901-03-13,2.115873015873016
1901-03-14,2.1161904761904764
1901-03-15,2.1165079365079364
1901-03-18,2.116825396825397
1901-03-19,2.117142857142857
1901-03-20,2.117460317460317
1901-03-21,2.117777777777778
1901-03-22,2.118095238095238
1901-03-25,2.1184126984126985
1901-03-26,2.118730158730159
1901-03-27,2.119047619047619
1901-03-28,2.11936507936508
1901-03-29,2.11968253968254
1901-04-01,2.12
1901-04-02,2.1203174603174606
1901-04-03,2.1206349206349207
1901-04-04,2.120952380952381
1901-04-08,2.121269841269841
1901-04-09,2.1215873015873017
1901-04-10,2.121904761904762
1901-04-11,2.1222222222222222
1901-04-12,2.1225396825396827
1901-04-15,2.122857142857143
1901-04-16,2.123174603174604
1901-04-17,2.123492063492064
1901-04-18,2.123809523809524
1901-04-19,2.1241269841269843
1901-04-22,2.124444444444445
1901-04-23,2.124761904761905
1901-04-24,2.1250793650793653
1901-04-25,2.125396825396826
1901-04-26,2.125714285714286
1901-04-29,2.1260317460317464
1901-04-30,2.1263492063492064
1901-05-01,2.126666666666667
1901-05-02,2.1269696969696974
1901-05-03,2.1272727272727274
1901-05-06,2.127575757575758
1901-05-07,2.127878787878788
1901-05-08,2.1281818181818184
1901-05-09,2.128484848484849
1901-05-10,2.128787878787879
1901-05-13,2.1290909090909094
1901-05-14,2.1293939393939394
1901-05-15,2.12969696969697
1901-05-16,2.13
1901-05-17,2.1303030303030304
1901-05-20,2.130606060606061
1901-05-21,2.130909090909091
1901-05-22,2.1312121212121213
1901-05-23,2.131515151515152
1901-05-24,2.131818181818182
1901-05-27,2.1321212121212123
1901-05-28,2.1324242424242423
1901-05-29,2.132727272727273
1901-05-31,2.133030303030303
1901-06-03,2.1333333333333333
1901-06-04,2.1336666666666666
1901-06-05,2.134
1901-06-06,2.134333333333333
1901-06-07,2.1346666666666665
1901-06-10,2.135
1901-06-11,2.135333333333333
1901-06-12,2.135666666666667
1901-06-13,2.136
1901-06-14,2.1363333333333334
1901-06-17,2.1366666666666667
1901-06-18,2.137
1901-06-19,2.1373333333333333
1901-06-20,2.1376666666666666
1901-06-21,2.138
1901-06-24,2.1383333333333336
1901-06-25,2.138666666666667
1901-06-26,2.139
1901-06-27,2.139333333333333
1901-06-28,2.139666666666667
1901-07-01,2.14
1901-07-02,2.1403174603174606
1901-07-03,2.1406349206349207
1901-07-08,2.140952380952381
1901-07-09,2.141269841269841
1901-07-10,2.1415873015873017
1901-07-11,2.141904761904762
1901-07-12,2.1422222222222222
1901-07-15,2.1425396825396827
1901-07-16,2.1428571428571432
1901-07-17,2.143174603174604
1901-07-18,2.143492063492064
1901-07-19,2.143809523809524
1901-07-22,2.1441269841269843
1901-07-23,2.144444444444445
1901-07-24,2.144761904761905
1901-07-25,2.1450793650793654
1901-07-26,2.145396825396826
1901-07-29,2.145714285714286
1901-07-30,2.1460317460317464
1901-07-31,2.1463492063492065
1901-08-01,2.146666666666667
1901-08-02,2.1469696969696974
1901-08-05,2.1472727272727274
1901-08-06,2.147575757575758
1901-08-07,2.147878787878788
1901-08-08,2.1481818181818184
1901-08-09,2.148484848484849
1901-08-12,2.148787878787879
1901-08-13,2.1490909090909094
1901-08-14,2.1493939393939394
1901-08-15,2.14969696969697
1901-08-16,2.1500000000000004
1901-08-19,2.1503030303030304
1901-08-20,2.150606060606061
1901-08-21,2.150909090909091
1901-08-22,2.1512121212121214
1901-08-23,2.1515151515151514
1901-08-26,2.151818181818182
1901-08-27,2.1521212121212123
1901-08-28,2.1524242424242424
1901-08-29,2.152727272727273
1901-08-30,2.153030303030303
1901-09-03,2.1533333333333333
1901-09-04,2.153684210526316
1901-09-05,2.1540350877192984
1901-09-06,2.1543859649122807
1901-09-09,2.154736842105263
1901-09-10,2.155087719298246
1901-09-11,2.155438596491228
1901-09-12,2.1557894736842105
1901-09-13,2.156140350877193
1901-09-16,2.156491228070176
1901-09-17,2.156842105263158
1901-09-18,2.15719298245614
1901-09-20,2.157543859649123
1901-09-23,2.1578947368421053
1901-09-24,2.158245614035088
1901-09-25,2.1585964912280704
1901-09-26,2.1589473684210527
1901-09-27,2.159298245614035
1901-09-30,2.159649122807018
1901-10-01,2.16
1901-10-02,2.160289855072464
1901-10-03,2.160579710144928
1901-10-04,2.1608695652173915
1901-10-07,2.161159420289855
1901-10-08,2.161449275362319
1901-10-09,2.161739130434783
1901-10-10,2.1620289855072463
1901-10-11,2.1623188405797102
1901-10-14,2.1626086956521737
1901-10-15,2.1628985507246377
1901-10-16,2.1631884057971016
1901-10-17,2.163478260869565
1901-10-18,2.163768115942029
1901-10-21,2.164057971014493
1901-10-22,2.1643478260869564
1901-10-23,2.1646376811594203
1901-10-24,2.164927536231884
1901-10-25,2.165217391304348
1901-10-28,2.165507246376812
1901-10-29,2.165797101449275
1901-10-30,2.166086956521739
1901-10-31,2.1663768115942026
1901-11-01,2.1666666666666665
1901-11-04,2.167017543859649
1901-11-06,2.167368421052632
1901-11-07,2.167719298245614
1901-11-08,2.1680701754385963
1901-11-11,2.168421052631579
1901-11-12,2.1687719298245614
1901-11-13,2.169122807017544
1901-11-14,2.1694736842105264
1901-11-15,2.1698245614035088
1901-11-18,2.1701754385964915
1901-11-19,2.170526315789474
1901-11-20,2.170877192982456
1901-11-21,2.171228070175439
1901-11-22,2.1715789473684213
1901-11-25,2.171929824561404
1901-11-26,2.1722807017543864
1901-11-27,2.1726315789473687
1901-11-29,2.1729824561403515
1901-12-02,2.173333333333334
1901-12-03,2.1736507936507943
1901-12-04,2.1739682539682543
1901-12-05,2.174285714285715
1901-12-06,2.174603174603175
1901-12-09,2.174920634920636
1901-12-10,2.1752380952380954
1901-12-11,2.175555555555556
1901-12-12,2.1758730158730164
1901-12-13,2.1761904761904765
1901-12-16,2.176507936507937
1901-12-17,2.176825396825397
1901-12-18,2.177142857142857
1901-12-19,2.177460317460317
1901-12-20,2.177777777777778
1901-12-23,2.1780952380952385
1901-12-24,2.1784126984126986
1901-12-26,2.178730158730159
1901-12-27,2.179047619047619
1901-12-30,2.17936507936508
1901-12-31,2.17968253968254
1902-01-02,2.18
1902-01-03,2.1804545454545456
1902-01-06,2.180909090909091
1902-01-07,2.1813636363636366
1902-01-08,2.181818181818182
1902-01-09,2.182272727272728
1902-01-10,2.182727272727273
1902-01-13,2.1831818181818186
1902-01-14,2.183636363636364
1902-01-15,2.184090909090909
1902-01-16,2.184545454545455
1902-01-17,2.1850000000000005
1902-01-20,2.185454545454545
1902-01-21,2.185909090909091
1902-01-22,2.1863636363636365
1902-01-23,2.186818181818182
1902-01-24,2.1872727272727275
1902-01-27,2.187727272727273
1902-01-28,2.1881818181818184
1902-01-29,2.188636363636364
1902-01-30,2.1890909090909094
1902-01-31,2.189545454545455
1902-02-03,2.1900000000000004
1902-02-04,2.190526315789474
1902-02-05,2.191052631578948
1902-02-06,2.1915789473684213
1902-02-07,2.192105263157895
1902-02-10,2.1926315789473687
1902-02-11,2.193157894736842
1902-02-13,2.193684210526316
1902-02-14,2.1942105263157896
1902-02-17,2.194736842105263
1902-02-18,2.195263157894737
1902-02-19,2.1957894736842105
1902-02-20,2.196315789473684
1902-02-21,2.196842105263158
1902-02-24,2.1973684210526314
1902-02-25,2.1978947368421053
1902-02-26,2.198421052631579
1902-02-27,2.1989473684210523
1902-02-28,2.1994736842105262
1902-03-03,2.2
1902-03-04,2.2005
1902-03-05,2.201
1902-03-06,2.2015
1902-03-07,2.202
1902-03-10,2.2025
1902-03-11,2.203
1902-03-12,2.2035
1902-03-13,2.204
1902-03-14,2.2045
1902-03-17,2.205
1902-03-18,2.2055
1902-03-19,2.206
1902-03-20,2.2065
1902-03-21,2.207
1902-03-24,2.2075
1902-03-25,2.208
1902-03-26,2.2085
1902-03-27,2.209
1902-03-31,2.2095
1902-04-01,2.21
1902-04-02,2.210454545454545
1902-04-03,2.210909090909091
1902-04-04,2.2113636363636364
1902-04-07,2.211818181818182
1902-04-08,2.2122727272727274
1902-04-09,2.2127272727272724
1902-04-10,2.213181818181818
1902-04-11,2.2136363636363634
1902-04-14,2.214090909090909
1902-04-15,2.2145454545454544
1902-04-16,2.215
1902-04-17,2.2154545454545453
1902-04-18,2.215909090909091
1902-04-21,2.2163636363636363
1902-04-22,2.216818181818182
1902-04-23,2.217272727272728
1902-04-24,2.2177272727272723
1902-04-25,2.218181818181818
1902-04-28,2.218636363636364
1902-04-29,2.219090909090909
1902-04-30,2.2195454545454543
1902-05-01,2.22
1902-05-02,2.22047619047619
1902-05-05,2.220952380952381
1902-05-06,2.221428571428571
1902-05-07,2.221904761904762
1902-05-08,2.222380952380952
1902-05-09,2.222857142857143
1902-05-12,2.223333333333333
1902-05-13,2.223809523809524
1902-05-14,2.224285714285714
1902-05-15,2.224761904761905
1902-05-16,2.2252380952380952
1902-05-19,2.225714285714286
1902-05-20,2.2261904761904763
1902-05-21,2.226666666666667
1902-05-22,2.2271428571428573
1902-05-23,2.227619047619048
1902-05-26,2.2280952380952384
1902-05-27,2.228571428571429
1902-05-28,2.2290476190476194
1902-05-29,2.22952380952381
1902-06-02,2.2300000000000004
1902-06-03,2.2304761904761907
1902-06-04,2.230952380952381
1902-06-05,2.231428571428572
1902-06-06,2.231904761904762
1902-06-09,2.232380952380953
1902-06-10,2.232857142857143
1902-06-11,2.2333333333333334
1902-06-12,2.233809523809524
1902-06-13,2.2342857142857144
1902-06-16,2.2347619047619047
1902-06-17,2.2352380952380955
1902-06-18,2.2357142857142858
1902-06-19,2.236190476190476
1902-06-20,2.236666666666667
1902-06-23,2.237142857142857
1902-06-24,2.2376190476190474
1902-06-25,2.238095238095238
1902-06-26,2.2385714285714284
1902-06-27,2.2390476190476187
1902-06-30,2.239523809523809
1902-07-01,2.24
1902-07-02,2.2404545454545453
1902-07-03,2.2409090909090907
1902-07-07,2.241363636363636
1902-07-08,2.2418181818181817
1902-07-09,2.242272727272727
1902-07-10,2.2427272727272727
1902-07-11,2.243181818181818
1902-07-14,2.243636363636364
1902-07-15,2.244090909090909
1902-07-16,2.2445454545454546
1902-07-17,2.245
1902-07-18,2.245454545454545
1902-07-21,2.24590909090909
1902-07-22,2.246363636363636
1902-07-23,2.2468181818181816
1902-07-24,2.247272727272727
1902-07-25,2.247727272727273
1902-07-28,2.248181818181818
1902-07-29,2.2486363636363635
1902-07-30,2.249090909090909
1902-07-31,2.2495454545454545
1902-08-01,2.25
1902-08-04,2.2504761904761903
1902-08-05,2.250952380952381
1902-08-06,2.251428571428572
1902-08-07,2.251904761904762
1902-08-08,2.2523809523809524
1902-08-11,2.2528571428571427
1902-08-12,2.2533333333333334
1902-08-13,2.253809523809524
1902-08-14,2.254285714285714
1902-08-15,2.2547619047619047
1902-08-18,2.255238095238095
1902-08-19,2.255714285714286
1902-08-20,2.256190476190476
1902-08-21,2.2566666666666664
1902-08-22,2.257142857142857
1902-08-25,2.2576190476190474
1902-08-26,2.2580952380952377
1902-08-27,2.2585714285714285
1902-08-28,2.2590476190476187
1902-08-29,2.259523809523809
1902-09-02,2.26
1902-09-03,2.26047619047619
1902-09-04,2.260952380952381
1902-09-05,2.261428571428571
1902-09-08,2.261904761904762
1902-09-09,2.262380952380952
1902-09-10,2.262857142857143
1902-09-11,2.263333333333333
1902-09-12,2.2638095238095235
1902-09-15,2.2642857142857142
1902-09-16,2.2647619047619045
1902-09-17,2.265238095238096
1902-09-18,2.2657142857142856
1902-09-19,2.2661904761904763
1902-09-22,2.2666666666666666
1902-09-23,2.267142857142857
1902-09-24,2.267619047619048
1902-09-25,2.268095238095238
1902-09-26,2.2685714285714287
1902-09-29,2.269047619047619
1902-09-30,2.2695238095238097
1902-10-01,2.27
1902-10-02,2.2704347826086955
1902-10-03,2.270869565217392
1902-10-06,2.271304347826087
1902-10-07,2.2717391304347827
1902-10-08,2.272173913043478
1902-10-09,2.272608695652174
1902-10-10,2.273043478260869
1902-10-13,2.2734782608695654
1902-10-14,2.273913043478261
1902-10-15,2.2743478260869567
1902-10-16,2.274782608695652
1902-10-17,2.275217391304348
1902-10-20,2.2756521739130435
1902-10-21,2.2760869565217394
1902-10-22,2.276521739130435
1902-10-23,2.2769565217391308
1902-10-24,2.277391304347826
1902-10-27,2.277826086956522
1902-10-28,2.2782608695652176
1902-10-29,2.278695652173913
1902-10-30,2.279130434782609
1902-10-31,2.279565217391305
1902-11-03,2.28
1902-11-05,2.280555555555556
1902-11-06,2.2811111111111115
1902-11-07,2.2816666666666667
1902-11-10,2.2822222222222224
1902-11-11,2.282777777777778
1902-11-12,2.2833333333333337
1902-11-13,2.283888888888889
1902-11-14,2.2844444444444445
1902-11-17,2.285
1902-11-18,2.285555555555556
1902-11-19,2.2861111111111114
1902-11-20,2.286666666666666
1902-11-21,2.2872222222222223
1902-11-24,2.287777777777778
1902-11-25,2.2883333333333336
1902-11-26,2.2888888888888888
1902-11-28,2.2894444444444444
1902-12-01,2.29
1902-12-02,2.290454545454545
1902-12-03,2.290909090909091
1902-12-04,2.2913636363636365
1902-12-05,2.291818181818182
1902-12-08,2.2922727272727275
1902-12-09,2.2927272727272725
1902-12-10,2.293181818181818
1902-12-11,2.2936363636363635
1902-12-12,2.294090909090909
1902-12-15,2.2945454545454544
1902-12-16,2.295
1902-12-17,2.2954545454545454
1902-12-18,2.295909090909091
1902-12-19,2.2963636363636364
1902-12-22,2.296818181818182
1902-12-23,2.297272727272728
1902-12-24,2.2977272727272724
1902-12-26,2.298181818181818
1902-12-29,2.298636363636364
1902-12-30,2.299090909090909
1902-12-31,2.2995454545454543
1903-01-02,2.3
1903-01-05,2.300396825396825
1903-01-06,2.3007936507936506
1903-01-07,2.301190476190476
1903-01-08,2.3015873015873014
1903-01-09,2.301984126984127
1903-01-12,2.302380952380952
1903-01-13,2.3027777777777776
1903-01-14,2.303174603174603
1903-01-15,2.3035714285714284
1903-01-16,2.3039682539682538
1903-01-19,2.304365079365079
1903-01-20,2.304761904761905
1903-01-21,2.30515873015873
1903-01-22,2.305555555555556
1903-01-23,2.3059523809523808
1903-01-26,2.306349206349206
1903-01-27,2.3067460317460315
1903-01-28,2.307142857142857
1903-01-29,2.3075396825396823
1903-01-30,2.307936507936508
1903-02-02,2.308333333333333
1903-02-03,2.308796296296296
1903-02-04,2.309259259259259
1903-02-05,2.309722222222222
1903-02-06,2.310185185185185
1903-02-09,2.310648148148148
1903-02-10,2.311111111111111
1903-02-11,2.311574074074074
1903-02-13,2.3120370370370367
1903-02-16,2.3125
1903-02-17,2.312962962962963
1903-02-18,2.3134259259259258
1903-02-19,2.3138888888888887
1903-02-20,2.3143518518518515
1903-02-24,2.3148148148148144
1903-02-25,2.3152777777777773
1903-02-26,2.3157407407407407
1903-02-27,2.3162037037037035
1903-03-02,2.3166666666666664
1903-03-03,2.3170454545454544
1903-03-04,2.3174242424242424
1903-03-05,2.31780303030303
1903-03-06,2.318181818181818
1903-03-09,2.318560606060606
1903-03-10,2.318939393939394
1903-03-11,2.319318181818182
1903-03-12,2.31969696969697
1903-03-13,2.3200757575757573
1903-03-16,2.3204545454545453
1903-03-17,2.3208333333333333
1903-03-18,2.3212121212121213
1903-03-19,2.3215909090909093
1903-03-20,2.321969696969697
1903-03-23,2.3223484848484848
1903-03-24,2.3227272727272728
1903-03-25,2.3231060606060607
1903-03-26,2.3234848484848487
1903-03-27,2.3238636363636367
1903-03-30,2.324242424242424
1903-03-31,2.324621212121212
1903-04-01,2.325
1903-04-02,2.325416666666667
1903-04-03,2.3258333333333336
1903-04-06,2.32625
1903-04-07,2.3266666666666667
1903-04-08,2.3270833333333334
1903-04-09,2.3275
1903-04-13,2.327916666666667
1903-04-14,2.328333333333333
1903-04-15,2.32875
1903-04-16,2.3291666666666666
1903-04-17,2.3295833333333333
1903-04-20,2.33
1903-04-21,2.3304166666666664
1903-04-23,2.330833333333333
1903-04-24,2.33125
1903-04-27,2.3316666666666666
1903-04-28,2.3320833333333333
1903-04-29,2.3325
1903-04-30,2.3329166666666663
1903-05-01,2.333333333333333
1903-05-04,2.3337301587301584
1903-05-05,2.334126984126984
1903-05-06,2.334523809523809
1903-05-07,2.3349206349206346
1903-05-08,2.33531746031746
1903-05-11,2.3357142857142854
1903-05-12,2.336111111111111
1903-05-13,2.336507936507936
1903-05-14,2.3369047619047616
1903-05-15,2.337301587301587
1903-05-18,2.337698412698413
1903-05-19,2.3380952380952382
1903-05-20,2.338492063492064
1903-05-21,2.338888888888889
1903-05-22,2.3392857142857144
1903-05-25,2.33968253968254
1903-05-26,2.340079365079365
1903-05-27,2.3404761904761906
1903-05-28,2.340873015873016
1903-05-29,2.3412698412698414
1903-06-01,2.341666666666667
1903-06-02,2.3420454545454548
1903-06-03,2.3424242424242423
1903-06-04,2.3428030303030303
1903-06-05,2.3431818181818183
1903-06-08,2.3435606060606062
1903-06-09,2.3439393939393938
1903-06-10,2.3443181818181817
1903-06-11,2.3446969696969697
1903-06-12,2.3450757575757577
1903-06-15,2.345454545454545
1903-06-16,2.345833333333333
1903-06-17,2.346212121212121
1903-06-18,2.3465909090909087
1903-06-19,2.3469696969696967
1903-06-22,2.3473484848484847
1903-06-23,2.3477272727272727
1903-06-24,2.34810606060606
1903-06-25,2.348484848484848
1903-06-26,2.348863636363636
1903-06-29,2.349242424242424
1903-06-30,2.349621212121212
1903-07-01,2.35
1903-07-02,2.35036231884058
1903-07-03,2.350724637681159
1903-07-06,2.3510869565217387
1903-07-07,2.3514492753623184
1903-07-08,2.351811594202898
1903-07-09,2.3521739130434782
1903-07-10,2.352536231884058
1903-07-13,2.3528985507246376
1903-07-14,2.3532608695652173
1903-07-15,2.353623188405797
1903-07-16,2.3539855072463767
1903-07-17,2.3543478260869564
1903-07-20,2.354710144927536
1903-07-21,2.355072463768116
1903-07-22,2.3554347826086954
1903-07-23,2.355797101449275
1903-07-24,2.356159420289855
1903-07-27,2.356521739130435
1903-07-28,2.356884057971014
1903-07-29,2.3572463768115943
1903-07-30,2.357608695652174
1903-07-31,2.3579710144927537
1903-08-03,2.3583333333333334
1903-08-04,2.358730158730159
1903-08-05,2.359126984126984
1903-08-06,2.3595238095238096
1903-08-07,2.359920634920635
1903-08-10,2.3603174603174604
1903-08-11,2.3607142857142858
1903-08-12,2.361111111111111
1903-08-13,2.361507936507937
1903-08-14,2.361904761904762
1903-08-17,2.362301587301588
1903-08-18,2.3626984126984123
1903-08-19,2.3630952380952377
1903-08-20,2.363492063492063
1903-08-21,2.3638888888888885
1903-08-24,2.364285714285714
1903-08-25,2.36468253968254
1903-08-26,2.3650793650793647
1903-08-27,2.36547619047619
1903-08-28,2.3658730158730155
1903-08-31,2.366269841269841
1903-09-01,2.3666666666666663
1903-09-02,2.367063492063492
1903-09-03,2.367460317460317
1903-09-04,2.3678571428571424
1903-09-08,2.368253968253968
1903-09-09,2.368650793650793
1903-09-10,2.369047619047618
1903-09-11,2.369444444444444
1903-09-14,2.3698412698412694
1903-09-15,2.370238095238095
1903-09-16,2.37063492063492
1903-09-17,2.3710317460317456
1903-09-18,2.371428571428571
1903-09-21,2.3718253968253964
1903-09-22,2.372222222222222
1903-09-23,2.372619047619047
1903-09-24,2.3730158730158726
1903-09-25,2.373412698412698
1903-09-28,2.373809523809524
1903-09-29,2.3742063492063488
1903-09-30,2.374603174603174
1903-10-01,2.375
1903-10-02,2.3753787878787875
1903-10-05,2.3757575757575755
1903-10-06,2.376136363636363
1903-10-07,2.376515151515151
1903-10-08,2.376893939393939
1903-10-09,2.377272727272727
1903-10-12,2.377651515151515
1903-10-13,2.378030303030303
1903-10-14,2.3784090909090905
1903-10-15,2.3787878787878785
1903-10-16,2.3791666666666664
1903-10-19,2.3795454545454544
1903-10-20,2.3799242424242424
1903-10-21,2.38030303030303
1903-10-22,2.380681818181818
1903-10-23,2.381060606060606
1903-10-26,2.381439393939394
1903-10-27,2.381818181818182
1903-10-28,2.38219696969697
1903-10-29,2.3825757575757573
1903-10-30,2.3829545454545453
1903-11-02,2.3833333333333333
1903-11-04,2.383771929824561
1903-11-05,2.3842105263157896
1903-11-06,2.384649122807017
1903-11-09,2.3850877192982454
1903-11-10,2.3855263157894737
1903-11-11,2.3859649122807016
1903-11-12,2.38640350877193
1903-11-13,2.386842105263158
1903-11-16,2.387280701754386
1903-11-17,2.387719298245614
1903-11-18,2.388157894736842
1903-11-19,2.38859649122807
1903-11-20,2.3890350877192983
1903-11-23,2.389473684210526
1903-11-24,2.3899122807017545
1903-11-25,2.3903508771929824
1903-11-27,2.3907894736842104
1903-11-30,2.3912280701754387
1903-12-01,2.3916666666666666
1903-12-02,2.3920454545454546
1903-12-03,2.3924242424242426
1903-12-04,2.39280303030303
1903-12-07,2.393181818181818
1903-12-08,2.393560606060606
1903-12-09,2.393939393939394
1903-12-10,2.3943181818181816
1903-12-11,2.394696969696969
1903-12-14,2.395075757575757
1903-12-15,2.395454545454545
1903-12-16,2.395833333333333
1903-12-17,2.396212121212121
1903-12-18,2.396590909090909
1903-12-21,2.396969696969697
1903-12-22,2.397348484848485
1903-12-23,2.3977272727272725
1903-12-24,2.3981060606060605
1903-12-28,2.3984848484848484
1903-12-29,2.3988636363636364
1903-12-30,2.399242424242424
1903-12-31,2.399621212121212
1904-01-04,2.4
1904-01-05,2.400333333333333
1904-01-06,2.4006666666666665
1904-01-07,2.401
1904-01-08,2.401333333333333
1904-01-11,2.4016666666666664
1904-01-12,2.402
1904-01-13,2.402333333333333
1904-01-14,2.4026666666666667
1904-01-15,2.403
1904-01-18,2.4033333333333333
1904-01-19,2.4036666666666666
1904-01-20,2.404
1904-01-21,2.404333333333333
1904-01-22,2.4046666666666665
1904-01-25,2.405
1904-01-26,2.405333333333333
1904-01-27,2.405666666666667
1904-01-28,2.406
1904-01-29,2.406333333333333
1904-02-01,2.4066666666666667
1904-02-02,2.407017543859649
1904-02-03,2.407368421052632
1904-02-04,2.407719298245614
1904-02-05,2.4080701754385965
1904-02-08,2.4084210526315792
1904-02-09,2.4087719298245616
1904-02-10,2.409122807017544
1904-02-11,2.4094736842105267
1904-02-15,2.409824561403509
1904-02-16,2.410175438596492
1904-02-17,2.4105263157894736
1904-02-18,2.4108771929824564
1904-02-19,2.4112280701754387
1904-02-23,2.411578947368421
1904-02-24,2.411929824561404
1904-02-25,2.412280701754386
1904-02-26,2.4126315789473685
1904-02-29,2.4129824561403512
1904-03-01,2.4133333333333336
1904-03-02,2.413623188405797
1904-03-03,2.413913043478261
1904-03-04,2.414202898550725
1904-03-07,2.4144927536231884
1904-03-08,2.4147826086956523
1904-03-09,2.415072463768116
1904-03-10,2.41536231884058
1904-03-11,2.415652173913044
1904-03-14,2.415942028985507
1904-03-15,2.416231884057971
1904-03-16,2.416521739130435
1904-03-17,2.4168115942028985
1904-03-18,2.4171014492753624
1904-03-21,2.4173913043478263
1904-03-22,2.41768115942029
1904-03-23,2.4179710144927538
1904-03-24,2.418260869565217
1904-03-25,2.418550724637681
1904-03-28,2.418840579710145
1904-03-29,2.4191304347826086
1904-03-30,2.4194202898550725
1904-03-31,2.419710144927536
1904-04-04,2.42
1904-04-05,2.420333333333333
1904-04-06,2.4206666666666665
1904-04-07,2.421
1904-04-08,2.421333333333333
1904-04-11,2.421666666666667
1904-04-12,2.422
1904-04-13,2.422333333333333
1904-04-14,2.4226666666666667
1904-04-15,2.423
1904-04-18,2.4233333333333333
1904-04-19,2.423666666666666
1904-04-20,2.424
1904-04-21,2.424333333333333
1904-04-22,2.4246666666666665
1904-04-25,2.425
1904-04-26,2.4253333333333336
1904-04-27,2.425666666666667
1904-04-28,2.426
1904-04-29,2.426333333333333
1904-05-02,2.4266666666666667
1904-05-03,2.4269841269841272
1904-05-04,2.427301587301588
1904-05-05,2.427619047619048
1904-05-06,2.427936507936508
1904-05-09,2.4282539682539683
1904-05-10,2.428571428571429
1904-05-11,2.428888888888889
1904-05-12,2.4292063492063494
1904-05-13,2.42952380952381
1904-05-16,2.42984126984127
1904-05-17,2.4301587301587304
1904-05-18,2.4304761904761905
1904-05-19,2.430793650793651
1904-05-20,2.4311111111111114
1904-05-23,2.4314285714285715
1904-05-24,2.431746031746032
1904-05-25,2.4320634920634925
1904-05-26,2.4323809523809525
1904-05-27,2.432698412698413
1904-05-31,2.433015873015873
1904-06-01,2.4333333333333336
1904-06-02,2.433636363636364
1904-06-03,2.433939393939394
1904-06-06,2.4342424242424245
1904-06-07,2.4345454545454546
1904-06-08,2.434848484848485
1904-06-09,2.4351515151515155
1904-06-10,2.435454545454545
1904-06-13,2.435757575757576
1904-06-14,2.436060606060606
1904-06-15,2.4363636363636365
1904-06-16,2.4366666666666665
1904-06-17,2.436969696969697
1904-06-20,2.4372727272727275
1904-06-21,2.437575757575757
1904-06-22,2.437878787878788
1904-06-23,2.438181818181818
1904-06-24,2.4384848484848485
1904-06-27,2.438787878787879
1904-06-28,2.439090909090909
1904-06-29,2.4393939393939394
1904-06-30,2.439696969696969
1904-07-01,2.44
1904-07-05,2.440333333333333
1904-07-06,2.4406666666666665
1904-07-07,2.441
1904-07-08,2.441333333333333
1904-07-11,2.4416666666666664
1904-07-12,2.442
1904-07-13,2.442333333333333
1904-07-14,2.4426666666666663
1904-07-15,2.443
1904-07-18,2.4433333333333334
1904-07-19,2.4436666666666667
1904-07-20,2.444
1904-07-21,2.444333333333333
1904-07-22,2.4446666666666665
1904-07-25,2.445
1904-07-26,2.445333333333333
1904-07-27,2.4456666666666664
1904-07-28,2.446
1904-07-29,2.446333333333333
1904-08-01,2.4466666666666663
1904-08-02,2.4469565217391303
1904-08-03,2.4472463768115937
1904-08-04,2.4475362318840577
1904-08-05,2.4478260869565216
1904-08-08,2.448115942028985
1904-08-09,2.448405797101449
1904-08-10,2.448695652173913
1904-08-11,2.4489855072463764
1904-08-12,2.4492753623188404
1904-08-15,2.4495652173913043
1904-08-16,2.449855072463768
1904-08-17,2.450144927536232
1904-08-18,2.450434782608695
1904-08-19,2.450724637681159
1904-08-22,2.451014492753623
1904-08-23,2.4513043478260865
1904-08-24,2.4515942028985505
1904-08-25,2.4518840579710144
1904-08-26,2.452173913043478
1904-08-29,2.452463768115942
1904-08-30,2.4527536231884057
1904-08-31,2.453043478260869
1904-09-01,2.453333333333333
1904-09-02,2.4536507936507936
1904-09-06,2.4539682539682537
1904-09-07,2.454285714285714
1904-09-08,2.4546031746031742
1904-09-09,2.4549206349206347
1904-09-12,2.455238095238095
1904-09-13,2.455555555555556
1904-09-14,2.455873015873016
1904-09-15,2.4561904761904763
1904-09-16,2.4565079365079363
1904-09-19,2.456825396825397
1904-09-20,2.457142857142857
1904-09-21,2.4574603174603173
1904-09-22,2.457777777777778
1904-09-23,2.458095238095238
1904-09-26,2.4584126984126984
1904-09-27,2.458730158730159
1904-09-28,2.459047619047619
1904-09-29,2.4593650793650794
1904-09-30,2.4596825396825395
1904-10-03,2.46
1904-10-04,2.4603174603174605
1904-10-05,2.4606349206349205
1904-10-06,2.460952380952381
1904-10-07,2.461269841269841
1904-10-10,2.461587301587301
1904-10-11,2.461904761904762
1904-10-12,2.462222222222222
1904-10-13,2.4625396825396826
1904-10-14,2.462857142857143
1904-10-17,2.463174603174603
1904-10-18,2.463492063492064
1904-10-19,2.463809523809524
1904-10-20,2.464126984126984
1904-10-21,2.4644444444444447
1904-10-24,2.4647619047619047
1904-10-25,2.465079365079365
1904-10-26,2.4653968253968257
1904-10-27,2.4657142857142857
1904-10-28,2.4660317460317462
1904-10-31,2.4663492063492063
1904-11-01,2.466666666666667
1904-11-02,2.467
1904-11-03,2.4673333333333334
1904-11-04,2.4676666666666667
1904-11-07,2.468
1904-11-09,2.4683333333333333
1904-11-10,2.4686666666666666
1904-11-11,2.469
1904-11-14,2.469333333333333
1904-11-15,2.4696666666666665
1904-11-16,2.47
1904-11-17,2.470333333333333
1904-11-18,2.470666666666667
1904-11-21,2.471
1904-11-22,2.4713333333333334
1904-11-23,2.4716666666666667
1904-11-25,2.472
1904-11-28,2.4723333333333333
1904-11-29,2.4726666666666666
1904-11-30,2.473
1904-12-01,2.473333333333333
1904-12-02,2.4736507936507937
1904-12-05,2.4739682539682537
1904-12-06,2.474285714285714
1904-12-07,2.4746031746031742
1904-12-08,2.4749206349206347
1904-12-09,2.4752380952380952
1904-12-12,2.475555555555556
1904-12-13,2.475873015873016
1904-12-14,2.4761904761904763
1904-12-15,2.4765079365079363
1904-12-16,2.476825396825397
1904-12-19,2.477142857142857
1904-12-20,2.4774603174603174
1904-12-21,2.477777777777778
1904-12-22,2.478095238095238
1904-12-23,2.4784126984126984
1904-12-27,2.478730158730159
1904-12-28,2.479047619047619
1904-12-29,2.4793650793650794
1904-12-30,2.4796825396825395
1905-01-03,2.48
1905-01-04,2.479801587301587
1905-01-05,2.4796031746031746
1905-01-06,2.4794047619047617
1905-01-09,2.479206349206349
1905-01-10,2.4790079365079363
1905-01-11,2.478809523809524
1905-01-12,2.478611111111111
1905-01-13,2.4784126984126984
1905-01-16,2.478214285714285
1905-01-17,2.478015873015873
1905-01-18,2.47781746031746
1905-01-19,2.477619047619048
1905-01-20,2.4774206349206347
1905-01-23,2.477222222222222
1905-01-24,2.4770238095238093
1905-01-25,2.476825396825397
1905-01-26,2.476626984126984
1905-01-27,2.4764285714285714
1905-01-30,2.4762301587301585
1905-01-31,2.476031746031746
1905-02-01,2.475833333333333
1905-02-02,2.4756018518518514
1905-02-03,2.47537037037037
1905-02-06,2.475138888888889
1905-02-07,2.474907407407408
1905-02-08,2.4746759259259257
1905-02-09,2.4744444444444444
1905-02-10,2.474212962962963
1905-02-14,2.4739814814814816
1905-02-15,2.47375
1905-02-16,2.4735185185185182
1905-02-17,2.473287037037037
1905-02-20,2.473055555555556
1905-02-21,2.472824074074074
1905-02-23,2.4725925925925925
1905-02-24,2.4723611111111112
1905-02-27,2.4721296296296296
1905-02-28,2.4718981481481483
1905-03-01,2.4716666666666667
1905-03-02,2.471485507246377
1905-03-03,2.471304347826087
1905-03-06,2.471123188405797
1905-03-07,2.470942028985508
1905-03-08,2.470760869565217
1905-03-09,2.470579710144928
1905-03-10,2.4703985507246378
1905-03-13,2.470217391304348
1905-03-14,2.470036231884058
1905-03-15,2.469855072463768
1905-03-16,2.4696739130434784
1905-03-17,2.469492753623188
1905-03-20,2.4693115942028983
1905-03-21,2.4691304347826084
1905-03-22,2.4689492753623186
1905-03-23,2.4687681159420287
1905-03-24,2.468586956521739
1905-03-27,2.468405797101449
1905-03-28,2.468224637681159
1905-03-29,2.4680434782608693
1905-03-30,2.4678623188405795
1905-03-31,2.4676811594202896
1905-04-03,2.4675
1905-04-04,2.467280701754386
1905-04-05,2.467061403508772
1905-04-06,2.466842105263157
1905-04-07,2.466622807017544
1905-04-10,2.4664035087719296
1905-04-11,2.466184210526316
1905-04-12,2.4659649122807017
1905-04-13,2.465745614035088
1905-04-14,2.4655263157894733
1905-04-17,2.4653070175438594
1905-04-18,2.465087719298245
1905-04-19,2.464868421052631
1905-04-20,2.464649122807017
1905-04-24,2.464429824561403
1905-04-25,2.464210526315789
1905-04-26,2.4639912280701752
1905-04-27,2.463771929824561
1905-04-28,2.463552631578947
1905-05-01,2.463333333333333
1905-05-02,2.463143939393939
1905-05-03,2.462954545454545
1905-05-04,2.462765151515151
1905-05-05,2.4625757575757574
1905-05-08,2.462386363636363
1905-05-09,2.462196969696969
1905-05-10,2.4620075757575752
1905-05-11,2.461818181818181
1905-05-12,2.461628787878788
1905-05-15,2.461439393939393
1905-05-16,2.46125
1905-05-17,2.461060606060606
1905-05-18,2.460871212121212
1905-05-19,2.460681818181818
1905-05-22,2.460492424242424
1905-05-23,2.46030303030303
1905-05-24,2.460113636363636
1905-05-25,2.459924242424242
1905-05-26,2.459734848484848
1905-05-29,2.4595454545454545
1905-05-31,2.4593560606060603
1905-06-01,2.4591666666666665
1905-06-02,2.4589772727272727
1905-06-05,2.4587878787878785
1905-06-06,2.4585984848484848
1905-06-07,2.458409090909091
1905-06-08,2.4582196969696968
1905-06-09,2.458030303030303
1905-06-12,2.457840909090909
1905-06-13,2.457651515151515
1905-06-14,2.4574621212121213
1905-06-15,2.457272727272727
1905-06-16,2.4570833333333333
1905-06-19,2.4568939393939395
1905-06-20,2.4567045454545453
1905-06-21,2.4565151515151515
1905-06-22,2.4563257575757578
1905-06-23,2.456136363636364
1905-06-26,2.45594696969697
1905-06-27,2.455757575757576
1905-06-28,2.455568181818182
1905-06-29,2.455378787878788
1905-06-30,2.455189393939394
1905-07-03,2.455
1905-07-05,2.454791666666667
1905-07-06,2.4545833333333333
1905-07-07,2.454375
1905-07-10,2.4541666666666666
1905-07-11,2.453958333333333
1905-07-12,2.4537500000000003
1905-07-13,2.4535416666666667
1905-07-14,2.4533333333333336
1905-07-17,2.453125
1905-07-18,2.452916666666667
1905-07-19,2.4527083333333337
1905-07-20,2.4525
1905-07-21,2.452291666666667
1905-07-24,2.4520833333333334
1905-07-25,2.451875
1905-07-26,2.451666666666667
1905-07-27,2.451458333333333
1905-07-28,2.4512500000000004
1905-07-31,2.451041666666667
1905-08-01,2.4508333333333336
1905-08-02,2.450652173913044
1905-08-03,2.450471014492754
1905-08-04,2.450289855072464
1905-08-07,2.4501086956521743
1905-08-08,2.4499275362318844
1905-08-09,2.449746376811594
1905-08-10,2.4495652173913043
1905-08-11,2.4493840579710144
1905-08-14,2.4492028985507246
1905-08-15,2.4490217391304347
1905-08-16,2.448840579710145
1905-08-17,2.448659420289855
1905-08-18,2.448478260869565
1905-08-21,2.448297101449276
1905-08-22,2.448115942028985
1905-08-23,2.447934782608696
1905-08-24,2.447753623188406
1905-08-25,2.4475724637681155
1905-08-28,2.4473913043478257
1905-08-29,2.447210144927536
1905-08-30,2.447028985507246
1905-08-31,2.446847826086956
1905-09-01,2.4466666666666663
1905-09-05,2.446458333333333
1905-09-06,2.44625
1905-09-07,2.4460416666666664
1905-09-08,2.4458333333333333
1905-09-11,2.445625
1905-09-12,2.4454166666666666
1905-09-13,2.445208333333333
1905-09-14,2.445
1905-09-15,2.4447916666666667
1905-09-18,2.444583333333333
1905-09-19,2.444375
1905-09-20,2.444166666666667
1905-09-21,2.443958333333333
1905-09-22,2.44375
1905-09-25,2.443541666666667
1905-09-26,2.4433333333333334
1905-09-27,2.443125
1905-09-28,2.442916666666667
1905-09-29,2.442708333333333
1905-10-02,2.4425000000000003
1905-10-03,2.4423106060606066
1905-10-04,2.4421212121212124
1905-10-05,2.4419318181818186
1905-10-06,2.441742424242425
1905-10-09,2.4415530303030306
1905-10-10,2.441363636363637
1905-10-11,2.441174242424242
1905-10-12,2.440984848484849
1905-10-13,2.440795454545455
1905-10-16,2.440606060606061
1905-10-17,2.440416666666667
1905-10-18,2.4402272727272734
1905-10-19,2.440037878787879
1905-10-20,2.4398484848484854
1905-10-23,2.439659090909092
1905-10-24,2.4394696969696974
1905-10-25,2.439280303030304
1905-10-26,2.4390909090909094
1905-10-27,2.438901515151516
1905-10-30,2.438712121212122
1905-10-31,2.438522727272728
1905-11-01,2.438333333333334
1905-11-02,2.4381250000000008
1905-11-03,2.437916666666667
1905-11-06,2.437708333333334
1905-11-08,2.4375000000000004
1905-11-09,2.437291666666668
1905-11-10,2.4370833333333337
1905-11-13,2.436875000000001
1905-11-14,2.436666666666667
1905-11-15,2.436458333333334
1905-11-16,2.43625
1905-11-17,2.436041666666667
1905-11-20,2.435833333333334
1905-11-21,2.4356250000000004
1905-11-22,2.4354166666666672
1905-11-23,2.4352083333333336
1905-11-24,2.4350000000000005
1905-11-27,2.434791666666667
1905-11-28,2.4345833333333338
1905-11-29,2.434375
1905-12-01,2.434166666666667
1905-12-04,2.433958333333334
1905-12-05,2.4337500000000003
1905-12-06,2.433541666666667
1905-12-07,2.4333333333333336
1905-12-08,2.4331250000000004
1905-12-11,2.432916666666667
1905-12-12,2.4327083333333337
1905-12-13,2.4325
1905-12-14,2.432291666666667
1905-12-15,2.432083333333334
1905-12-18,2.431875
1905-12-19,2.431666666666667
1905-12-20,2.431458333333333
1905-12-21,2.4312500000000004
1905-12-22,2.4310416666666668
1905-12-26,2.4308333333333336
1905-12-27,2.430625
1905-12-28,2.430416666666667
1905-12-29,2.4302083333333333
1906-01-02,2.43
1906-01-03,2.430909090909091
1906-01-04,2.431818181818182
1906-01-05,2.432727272727273
1906-01-08,2.433636363636364
1906-01-09,2.4345454545454546
1906-01-10,2.435454545454545
1906-01-11,2.4363636363636365
1906-01-12,2.4372727272727275
1906-01-15,2.4381818181818184
1906-01-16,2.4390909090909094
1906-01-17,2.4400000000000004
1906-01-18,2.440909090909091
1906-01-19,2.441818181818182
1906-01-22,2.442727272727273
1906-01-23,2.443636363636364
1906-01-24,2.444545454545455
1906-01-25,2.4454545454545458
1906-01-26,2.4463636363636367
1906-01-29,2.447272727272728
1906-01-30,2.4481818181818182
1906-01-31,2.449090909090909
1906-02-01,2.45
1906-02-02,2.4511111111111115
1906-02-05,2.4522222222222223
1906-02-06,2.4533333333333336
1906-02-07,2.454444444444445
1906-02-08,2.455555555555556
1906-02-09,2.456666666666667
1906-02-13,2.4577777777777783
1906-02-14,2.458888888888889
1906-02-15,2.4600000000000004
1906-02-16,2.461111111111112
1906-02-19,2.4622222222222225
1906-02-20,2.463333333333334
1906-02-21,2.464444444444445
1906-02-23,2.465555555555556
1906-02-26,2.4666666666666672
1906-02-27,2.4677777777777785
1906-02-28,2.4688888888888894
1906-03-01,2.4700000000000006
1906-03-02,2.470909090909092
1906-03-05,2.4718181818181826
1906-03-06,2.472727272727273
1906-03-07,2.473636363636364
1906-03-08,2.474545454545455
1906-03-09,2.475454545454546
1906-03-12,2.476363636363637
1906-03-13,2.477272727272728
1906-03-14,2.4781818181818185
1906-03-15,2.479090909090909
1906-03-16,2.4800000000000004
1906-03-19,2.4809090909090914
1906-03-20,2.4818181818181824
1906-03-21,2.482727272727273
1906-03-22,2.483636363636364
1906-03-23,2.484545454545455
1906-03-26,2.485454545454546
1906-03-27,2.4863636363636368
1906-03-28,2.487272727272728
1906-03-29,2.4881818181818183
1906-03-30,2.489090909090909
1906-04-02,2.49
1906-04-03,2.4909523809523813
1906-04-04,2.4919047619047623
1906-04-05,2.492857142857143
1906-04-06,2.493809523809524
1906-04-09,2.494761904761905
1906-04-10,2.495714285714286
1906-04-11,2.4966666666666666
1906-04-12,2.497619047619048
1906-04-13,2.4985714285714287
1906-04-16,2.4995238095238097
1906-04-17,2.5004761904761903
1906-04-18,2.501428571428572
1906-04-19,2.5023809523809524
1906-04-20,2.5033333333333334
1906-04-23,2.504285714285714
1906-04-24,2.505238095238095
1906-04-25,2.506190476190476
1906-04-26,2.507142857142857
1906-04-27,2.5080952380952377
1906-04-30,2.5090476190476187
1906-05-01,2.51
1906-05-02,2.5109090909090908
1906-05-03,2.5118181818181817
1906-05-04,2.5127272727272727
1906-05-07,2.513636363636364
1906-05-08,2.514545454545454
1906-05-09,2.515454545454545
1906-05-10,2.516363636363636
1906-05-11,2.517272727272727
1906-05-14,2.518181818181818
1906-05-15,2.519090909090909
1906-05-16,2.52
1906-05-17,2.520909090909091
1906-05-18,2.521818181818182
1906-05-21,2.522727272727273
1906-05-22,2.523636363636364
1906-05-23,2.524545454545455
1906-05-24,2.5254545454545454
1906-05-25,2.5263636363636364
1906-05-28,2.527272727272728
1906-05-29,2.5281818181818183
1906-05-31,2.5290909090909093
1906-06-01,2.53
1906-06-04,2.5309523809523813
1906-06-05,2.5319047619047623
1906-06-06,2.532857142857143
1906-06-07,2.533809523809524
1906-06-08,2.534761904761905
1906-06-11,2.535714285714286
1906-06-12,2.536666666666666
1906-06-13,2.537619047619048
1906-06-14,2.5385714285714287
1906-06-15,2.5395238095238097
1906-06-18,2.5404761904761903
1906-06-19,2.541428571428572
1906-06-20,2.5423809523809524
1906-06-21,2.543333333333333
1906-06-22,2.544285714285714
1906-06-25,2.545238095238095
1906-06-26,2.546190476190476
1906-06-27,2.547142857142857
1906-06-28,2.5480952380952377
1906-06-29,2.549047619047619
1906-07-02,2.55
1906-07-03,2.550952380952381
1906-07-05,2.551904761904762
1906-07-06,2.552857142857143
1906-07-09,2.5538095238095235
1906-07-10,2.554761904761905
1906-07-11,2.5557142857142856
1906-07-12,2.556666666666666
1906-07-13,2.557619047619048
1906-07-16,2.5585714285714287
1906-07-17,2.5595238095238098
1906-07-18,2.5604761904761904
1906-07-19,2.5614285714285714
1906-07-20,2.5623809523809524
1906-07-23,2.563333333333333
1906-07-24,2.5642857142857145
1906-07-25,2.5652380952380955
1906-07-26,2.566190476190477
1906-07-27,2.567142857142857
1906-07-30,2.568095238095238
1906-07-31,2.5690476190476192
1906-08-01,2.5700000000000003
1906-08-02,2.570869565217392
1906-08-03,2.571739130434783
1906-08-06,2.5726086956521743
1906-08-07,2.573478260869565
1906-08-08,2.574347826086957
1906-08-09,2.575217391304348
1906-08-10,2.5760869565217392
1906-08-13,2.5769565217391306
1906-08-14,2.577826086956522
1906-08-15,2.5786956521739133
1906-08-16,2.5795652173913046
1906-08-17,2.5804347826086955
1906-08-20,2.581304347826087
1906-08-21,2.582173913043478
1906-08-22,2.5830434782608696
1906-08-23,2.583913043478261
1906-08-24,2.584782608695652
1906-08-27,2.585652173913044
1906-08-28,2.586521739130435
1906-08-29,2.587391304347826
1906-08-30,2.588260869565217
1906-08-31,2.5891304347826085
1906-09-04,2.59
1906-09-05,2.591052631578948
1906-09-06,2.5921052631578947
1906-09-07,2.593157894736842
1906-09-10,2.594210526315789
1906-09-11,2.5952631578947365
1906-09-12,2.596315789473684
1906-09-13,2.597368421052632
1906-09-14,2.5984210526315787
1906-09-17,2.599473684210526
1906-09-18,2.6005263157894736
1906-09-19,2.601578947368421
1906-09-20,2.6026315789473684
1906-09-21,2.603684210526316
1906-09-24,2.6047368421052632
1906-09-25,2.60578947368421
1906-09-26,2.6068421052631576
1906-09-27,2.607894736842105
1906-09-28,2.6089473684210525
1906-10-01,2.61
1906-10-02,2.610869565217391
1906-10-03,2.6117391304347826
1906-10-04,2.612608695652174
1906-10-05,2.6134782608695653
1906-10-08,2.6143478260869566
1906-10-09,2.615217391304348
1906-10-10,2.61608695652174
1906-10-11,2.61695652173913
1906-10-12,2.617826086956522
1906-10-15,2.6186956521739133
1906-10-16,2.6195652173913047
1906-10-17,2.620434782608696
1906-10-18,2.621304347826087
1906-10-19,2.6221739130434782
1906-10-22,2.6230434782608696
1906-10-23,2.623913043478261
1906-10-24,2.6247826086956523
1906-10-25,2.625652173913044
1906-10-26,2.626521739130435
1906-10-29,2.6273913043478263
1906-10-30,2.6282608695652177
1906-10-31,2.629130434782609
1906-11-01,2.6300000000000003
1906-11-02,2.631
1906-11-05,2.632
1906-11-07,2.633
1906-11-08,2.6340000000000003
1906-11-09,2.635
1906-11-12,2.636
1906-11-13,2.637
1906-11-14,2.638
1906-11-15,2.639
1906-11-16,2.64
1906-11-19,2.641
1906-11-20,2.642
1906-11-21,2.643
1906-11-22,2.644
1906-11-23,2.645
1906-11-26,2.6459999999999995
1906-11-27,2.647
1906-11-28,2.648
1906-11-30,2.649
1906-12-03,2.6499999999999995
1906-12-04,2.651
1906-12-05,2.652
1906-12-06,2.653
1906-12-07,2.6539999999999995
1906-12-10,2.655
1906-12-11,2.656
1906-12-12,2.657
1906-12-13,2.6579999999999995
1906-12-14,2.659
1906-12-17,2.66
1906-12-18,2.661
1906-12-19,2.662
1906-12-20,2.663
1906-12-21,2.664
1906-12-24,2.665
1906-12-26,2.666
1906-12-27,2.667
1906-12-28,2.668
1906-12-31,2.669
1907-01-02,2.67
1907-01-03,2.670757575757576
1907-01-04,2.6715151515151514
1907-01-07,2.672272727272728
1907-01-08,2.673030303030303
1907-01-09,2.673787878787879
1907-01-10,2.6745454545454543
1907-01-11,2.6753030303030303
1907-01-14,2.676060606060606
1907-01-15,2.6768181818181818
1907-01-16,2.6775757575757573
1907-01-17,2.678333333333333
1907-01-18,2.679090909090909
1907-01-21,2.6798484848484847
1907-01-22,2.6806060606060607
1907-01-23,2.681363636363636
1907-01-24,2.682121212121212
1907-01-25,2.682878787878788
1907-01-28,2.683636363636364
1907-01-29,2.684393939393939
1907-01-30,2.685151515151515
1907-01-31,2.6859090909090906
1907-02-01,2.6866666666666665
1907-02-04,2.6875925925925923
1907-02-05,2.6885185185185185
1907-02-06,2.6894444444444443
1907-02-07,2.6903703703703705
1907-02-08,2.6912962962962963
1907-02-11,2.692222222222222
1907-02-13,2.6931481481481483
1907-02-14,2.694074074074074
1907-02-15,2.6950000000000003
1907-02-18,2.695925925925926
1907-02-19,2.696851851851852
1907-02-20,2.697777777777778
1907-02-21,2.698703703703704
1907-02-25,2.6996296296296296
1907-02-26,2.700555555555556
1907-02-27,2.7014814814814816
1907-02-28,2.702407407407408
1907-03-01,2.7033333333333336
1907-03-04,2.7041269841269844
1907-03-05,2.704920634920635
1907-03-06,2.705714285714286
1907-03-07,2.7065079365079368
1907-03-08,2.7073015873015875
1907-03-11,2.7080952380952383
1907-03-12,2.708888888888889
1907-03-13,2.70968253968254
1907-03-14,2.7104761904761907
1907-03-15,2.711269841269841
1907-03-18,2.712063492063492
1907-03-19,2.712857142857142
1907-03-20,2.713650793650793
1907-03-21,2.714444444444444
1907-03-22,2.715238095238095
1907-03-25,2.716031746031746
1907-03-26,2.7168253968253966
1907-03-27,2.7176190476190474
1907-03-28,2.718412698412698
1907-03-29,2.719206349206349
1907-04-01,2.72
1907-04-02,2.720757575757576
1907-04-03,2.721515151515151
1907-04-04,2.722272727272727
1907-04-05,2.7230303030303027
1907-04-08,2.723787878787878
1907-04-09,2.7245454545454546
1907-04-10,2.72530303030303
1907-04-11,2.726060606060606
1907-04-12,2.7268181818181816
1907-04-15,2.727575757575757
1907-04-16,2.728333333333333
1907-04-17,2.729090909090909
1907-04-18,2.729848484848485
1907-04-19,2.7306060606060605
1907-04-22,2.7313636363636364
1907-04-23,2.732121212121212
1907-04-24,2.732878787878788
1907-04-25,2.733636363636364
1907-04-26,2.73439393939394
1907-04-29,2.735151515151516
1907-04-30,2.735909090909091
1907-05-01,2.736666666666667
1907-05-02,2.7374242424242423
1907-05-03,2.7381818181818183
1907-05-06,2.7389393939393942
1907-05-07,2.7396969696969697
1907-05-08,2.7404545454545453
1907-05-09,2.741212121212121
1907-05-10,2.741969696969697
1907-05-13,2.7427272727272727
1907-05-14,2.743484848484848
1907-05-15,2.744242424242424
1907-05-16,2.745
1907-05-17,2.745757575757576
1907-05-20,2.746515151515151
1907-05-21,2.747272727272727
1907-05-22,2.748030303030303
1907-05-23,2.7487878787878786
1907-05-24,2.749545454545454
1907-05-27,2.75030303030303
1907-05-28,2.751060606060606
1907-05-29,2.751818181818181
1907-05-31,2.752575757575757
1907-06-03,2.753333333333333
1907-06-04,2.7541666666666664
1907-06-05,2.7549999999999994
1907-06-06,2.755833333333333
1907-06-07,2.7566666666666664
1907-06-10,2.7574999999999994
1907-06-11,2.758333333333333
1907-06-12,2.7591666666666663
1907-06-13,2.76
1907-06-14,2.760833333333333
1907-06-17,2.7616666666666663
1907-06-18,2.7625
1907-06-19,2.7633333333333328
1907-06-20,2.764166666666666
1907-06-21,2.765
1907-06-24,2.765833333333333
1907-06-25,2.766666666666666
1907-06-26,2.7675
1907-06-27,2.768333333333333
1907-06-28,2.769166666666666
1907-07-01,2.77
1907-07-02,2.7707575757575755
1907-07-03,2.771515151515151
1907-07-05,2.772272727272727
1907-07-08,2.7730303030303025
1907-07-09,2.7737878787878785
1907-07-10,2.7745454545454544
1907-07-11,2.77530303030303
1907-07-12,2.776060606060606
1907-07-15,2.7768181818181814
1907-07-16,2.7775757575757574
1907-07-17,2.7783333333333333
1907-07-18,2.779090909090909
1907-07-19,2.779848484848485
1907-07-22,2.7806060606060603
1907-07-23,2.7813636363636363
1907-07-24,2.782121212121212
1907-07-25,2.782878787878788
1907-07-26,2.783636363636364
1907-07-29,2.784393939393939
1907-07-30,2.785151515151515
1907-07-31,2.7859090909090907
1907-08-01,2.786666666666666
1907-08-02,2.7874242424242426
1907-08-05,2.788181818181818
1907-08-06,2.788939393939394
1907-08-07,2.7896969696969696
1907-08-08,2.790454545454545
1907-08-09,2.791212121212121
1907-08-12,2.791969696969697
1907-08-13,2.792727272727273
1907-08-14,2.7934848484848485
1907-08-15,2.7942424242424244
1907-08-16,2.795
1907-08-19,2.795757575757576
1907-08-20,2.796515151515152
1907-08-21,2.797272727272728
1907-08-22,2.798030303030304
1907-08-23,2.798787878787879
1907-08-26,2.799545454545455
1907-08-27,2.8003030303030307
1907-08-28,2.8010606060606063
1907-08-29,2.801818181818182
1907-08-30,2.8025757575757577
1907-09-03,2.8033333333333337
1907-09-04,2.804166666666667
1907-09-05,2.805
1907-09-06,2.8058333333333336
1907-09-09,2.806666666666667
1907-09-10,2.8075
1907-09-11,2.8083333333333336
1907-09-12,2.809166666666667
1907-09-13,2.81
1907-09-16,2.810833333333333
1907-09-17,2.8116666666666665
1907-09-18,2.8125
1907-09-19,2.813333333333333
1907-09-20,2.8141666666666665
1907-09-23,2.815
1907-09-24,2.8158333333333334
1907-09-25,2.8166666666666664
1907-09-26,2.8175
1907-09-27,2.8183333333333334
1907-09-30,2.8191666666666664
1907-10-01,2.82
1907-10-02,2.820724637681159
1907-10-03,2.8214492753623186
1907-10-04,2.822173913043478
1907-10-07,2.822898550724638
1907-10-08,2.823623188405797
1907-10-09,2.824347826086957
1907-10-10,2.825072463768116
1907-10-11,2.825797101449276
1907-10-14,2.8265217391304347
1907-10-15,2.827246376811594
1907-10-16,2.827971014492753
1907-10-17,2.8286956521739133
1907-10-18,2.8294202898550727
1907-10-21,2.830144927536232
1907-10-22,2.8308695652173914
1907-10-23,2.831594202898551
1907-10-24,2.83231884057971
1907-10-25,2.8330434782608696
1907-10-28,2.833768115942029
1907-10-29,2.8344927536231888
1907-10-30,2.835217391304348
1907-10-31,2.8359420289855075
1907-11-01,2.836666666666667
1907-11-04,2.837543859649123
1907-11-06,2.838421052631579
1907-11-07,2.839298245614035
1907-11-08,2.8401754385964915
1907-11-11,2.841052631578948
1907-11-12,2.8419298245614035
1907-11-13,2.84280701754386
1907-11-14,2.843684210526316
1907-11-15,2.844561403508772
1907-11-18,2.845438596491228
1907-11-19,2.8463157894736844
1907-11-20,2.84719298245614
1907-11-21,2.8480701754385964
1907-11-22,2.8489473684210527
1907-11-25,2.8498245614035085
1907-11-26,2.8507017543859647
1907-11-27,2.851578947368421
1907-11-29,2.852456140350877
1907-12-02,2.853333333333333
1907-12-03,2.854126984126984
1907-12-04,2.854920634920634
1907-12-05,2.855714285714285
1907-12-06,2.856507936507936
1907-12-09,2.857301587301587
1907-12-10,2.858095238095238
1907-12-11,2.8588888888888886
1907-12-12,2.8596825396825394
1907-12-13,2.86047619047619
1907-12-16,2.861269841269841
1907-12-17,2.862063492063492
1907-12-18,2.862857142857143
1907-12-19,2.863650793650794
1907-12-20,2.864444444444445
1907-12-23,2.865238095238096
1907-12-24,2.866031746031746
1907-12-26,2.866825396825397
1907-12-27,2.867619047619048
1907-12-30,2.8684126984126985
1907-12-31,2.8692063492063493
1908-01-02,2.87
1908-01-03,2.8695833333333334
1908-01-06,2.869166666666666
1908-01-07,2.86875
1908-01-08,2.8683333333333336
1908-01-09,2.867916666666667
1908-01-10,2.8675
1908-01-13,2.867083333333333
1908-01-14,2.8666666666666667
1908-01-15,2.86625
1908-01-16,2.865833333333333
1908-01-17,2.8654166666666665
1908-01-20,2.865
1908-01-21,2.864583333333333
1908-01-22,2.8641666666666667
1908-01-23,2.86375
1908-01-24,2.8633333333333333
1908-01-27,2.8629166666666666
1908-01-28,2.8625
1908-01-29,2.862083333333333
1908-01-30,2.861666666666667
1908-01-31,2.86125
1908-02-03,2.8608333333333333
1908-02-04,2.860350877192982
1908-02-05,2.8598684210526315
1908-02-06,2.859385964912281
1908-02-07,2.8589035087719297
1908-02-10,2.858421052631579
1908-02-11,2.857938596491228
1908-02-13,2.857456140350877
1908-02-14,2.8569736842105264
1908-02-17,2.856491228070176
1908-02-18,2.8560087719298246
1908-02-19,2.855526315789473
1908-02-20,2.8550438596491228
1908-02-21,2.854561403508772
1908-02-24,2.854078947368421
1908-02-25,2.8535964912280702
1908-02-26,2.853114035087719
1908-02-27,2.8526315789473684
1908-02-28,2.8521491228070173
1908-03-02,2.8516666666666666
1908-03-03,2.85125
1908-03-04,2.850833333333333
1908-03-05,2.8504166666666664
1908-03-06,2.85
1908-03-09,2.8495833333333334
1908-03-10,2.849166666666666
1908-03-11,2.84875
1908-03-12,2.848333333333333
1908-03-13,2.8479166666666664
1908-03-16,2.8475
1908-03-17,2.847083333333333
1908-03-18,2.8466666666666667
1908-03-19,2.84625
1908-03-20,2.845833333333333
1908-03-23,2.8454166666666665
1908-03-24,2.845
1908-03-25,2.844583333333333
1908-03-26,2.8441666666666663
1908-03-27,2.84375
1908-03-30,2.8433333333333333
1908-03-31,2.8429166666666665
1908-04-01,2.8425
1908-04-02,2.842063492063492
1908-04-03,2.841626984126984
1908-04-06,2.841190476190476
1908-04-07,2.840753968253968
1908-04-08,2.84031746031746
1908-04-09,2.8398809523809523
1908-04-10,2.839444444444444
1908-04-13,2.839007936507936
1908-04-14,2.8385714285714285
1908-04-15,2.8381349206349205
1908-04-16,2.8376984126984124
1908-04-20,2.8372619047619043
1908-04-21,2.8368253968253967
1908-04-22,2.8363888888888886
1908-04-23,2.835952380952381
1908-04-24,2.835515873015873
1908-04-27,2.835079365079365
1908-04-28,2.834642857142857
1908-04-29,2.8342063492063487
1908-04-30,2.833769841269841
1908-05-01,2.833333333333333
1908-05-04,2.832896825396825
1908-05-05,2.8324603174603173
1908-05-06,2.8320238095238093
1908-05-07,2.831587301587301
1908-05-08,2.831150793650793
1908-05-11,2.830714285714285
1908-05-12,2.830277777777777
1908-05-13,2.8298412698412694
1908-05-14,2.8294047619047618
1908-05-15,2.8289682539682537
1908-05-18,2.8285317460317456
1908-05-19,2.8280952380952376
1908-05-20,2.82765873015873
1908-05-21,2.827222222222222
1908-05-22,2.826785714285714
1908-05-25,2.826349206349206
1908-05-26,2.825912698412698
1908-05-27,2.82547619047619
1908-05-28,2.825039682539682
1908-05-29,2.8246031746031743
1908-06-01,2.8241666666666663
1908-06-02,2.8237499999999995
1908-06-03,2.823333333333333
1908-06-04,2.822916666666666
1908-06-05,2.8225
1908-06-08,2.822083333333333
1908-06-09,2.8216666666666663
1908-06-10,2.82125
1908-06-11,2.820833333333333
1908-06-12,2.820416666666666
1908-06-15,2.8199999999999994
1908-06-16,2.819583333333333
1908-06-17,2.8191666666666664
1908-06-18,2.81875
1908-06-19,2.818333333333333
1908-06-22,2.817916666666666
1908-06-23,2.8174999999999994
1908-06-24,2.8170833333333327
1908-06-25,2.816666666666666
1908-06-26,2.81625
1908-06-29,2.815833333333333
1908-06-30,2.8154166666666662
1908-07-01,2.8149999999999995
1908-07-02,2.814601449275362
1908-07-03,2.8142028985507244
1908-07-06,2.8138043478260863
1908-07-07,2.813405797101449
1908-07-08,2.813007246376811
1908-07-09,2.8126086956521736
1908-07-10,2.812210144927536
1908-07-13,2.811811594202898
1908-07-14,2.8114130434782605
1908-07-15,2.811014492753623
1908-07-16,2.8106159420289853
1908-07-17,2.810217391304348
1908-07-20,2.8098188405797098
1908-07-21,2.809420289855072
1908-07-22,2.809021739130434
1908-07-23,2.808623188405797
1908-07-24,2.808224637681159
1908-07-27,2.807826086956521
1908-07-28,2.807427536231884
1908-07-29,2.8070289855072463
1908-07-30,2.8066304347826083
1908-07-31,2.8062318840579707
1908-08-03,2.805833333333333
1908-08-04,2.805396825396825
1908-08-05,2.804960317460317
1908-08-06,2.8045238095238094
1908-08-07,2.8040873015873014
1908-08-10,2.8036507936507933
1908-08-11,2.8032142857142857
1908-08-12,2.8027777777777776
1908-08-13,2.802341269841269
1908-08-14,2.801904761904762
1908-08-17,2.801468253968254
1908-08-18,2.8010317460317458
1908-08-19,2.8005952380952377
1908-08-20,2.80015873015873
1908-08-21,2.799722222222222
1908-08-24,2.799285714285714
1908-08-25,2.7988492063492063
1908-08-26,2.7984126984126982
1908-08-27,2.79797619047619
1908-08-28,2.797539682539682
1908-08-31,2.7971031746031745
1908-09-01,2.7966666666666664
1908-09-02,2.7962301587301583
1908-09-03,2.7957936507936507
1908-09-04,2.7953571428571427
1908-09-08,2.7949206349206346
1908-09-09,2.7944841269841265
1908-09-10,2.794047619047619
1908-09-11,2.793611111111111
1908-09-14,2.7931746031746028
1908-09-15,2.792738095238095
1908-09-16,2.792301587301587
1908-09-17,2.791865079365079
1908-09-18,2.791428571428571
1908-09-21,2.790992063492064
1908-09-22,2.7905555555555552
1908-09-23,2.790119047619047
1908-09-24,2.7896825396825395
1908-09-25,2.7892460317460315
1908-09-28,2.7888095238095234
1908-09-29,2.788373015873016
1908-09-30,2.787936507936508
1908-10-01,2.7875
1908-10-02,2.787083333333333
1908-10-05,2.786666666666666
1908-10-06,2.7862499999999994
1908-10-07,2.785833333333333
1908-10-08,2.7854166666666664
1908-10-09,2.785
1908-10-12,2.784583333333333
1908-10-13,2.7841666666666662
1908-10-14,2.7837499999999995
1908-10-15,2.7833333333333328
1908-10-16,2.782916666666666
1908-10-19,2.7825
1908-10-20,2.782083333333333
1908-10-21,2.7816666666666663
1908-10-22,2.78125
1908-10-23,2.780833333333333
1908-10-26,2.780416666666666
1908-10-27,2.78
1908-10-28,2.779583333333333
1908-10-29,2.7791666666666663
1908-10-30,2.77875
1908-11-02,2.778333333333333
1908-11-04,2.777850877192982
1908-11-05,2.777368421052631
1908-11-06,2.7768859649122803
1908-11-09,2.7764035087719297
1908-11-10,2.7759210526315785
1908-11-11,2.775438596491228
1908-11-12,2.774956140350877
1908-11-13,2.774473684210526
1908-11-16,2.773991228070176
1908-11-17,2.7735087719298246
1908-11-18,2.773026315789474
1908-11-19,2.7725438596491228
1908-11-20,2.772061403508772
1908-11-23,2.7715789473684214
1908-11-24,2.7710964912280702
1908-11-25,2.7706140350877195
1908-11-27,2.770131578947369
1908-11-30,2.7696491228070177
1908-12-01,2.769166666666667
1908-12-02,2.7687500000000003
1908-12-03,2.768333333333333
1908-12-04,2.767916666666667
1908-12-07,2.7675
1908-12-08,2.7670833333333333
1908-12-09,2.766666666666667
1908-12-10,2.7662500000000003
1908-12-11,2.7658333333333336
1908-12-14,2.765416666666667
1908-12-15,2.765
1908-12-16,2.7645833333333334
1908-12-17,2.7641666666666667
1908-12-18,2.76375
1908-12-21,2.763333333333333
1908-12-22,2.7629166666666665
1908-12-23,2.7625
1908-12-24,2.762083333333333
1908-12-28,2.7616666666666667
1908-12-29,2.76125
1908-12-30,2.7608333333333333
1908-12-31,2.7604166666666665
1909-01-04,2.76
1909-01-05,2.760625
1909-01-06,2.76125
1909-01-07,2.761875
1909-01-08,2.7625
1909-01-11,2.763125
1909-01-12,2.76375
1909-01-13,2.764375
1909-01-14,2.765
1909-01-15,2.765625
1909-01-18,2.76625
1909-01-19,2.766875
1909-01-20,2.7675
1909-01-21,2.768125
1909-01-22,2.76875
1909-01-25,2.769375
1909-01-26,2.77
1909-01-27,2.770625
1909-01-28,2.77125
1909-01-29,2.771875
1909-02-01,2.7725
1909-02-02,2.7731944444444445
1909-02-03,2.7738888888888886
1909-02-04,2.774583333333333
1909-02-05,2.7752777777777777
1909-02-08,2.7759722222222223
1909-02-09,2.7766666666666664
1909-02-10,2.777361111111111
1909-02-11,2.7780555555555555
1909-02-15,2.77875
1909-02-16,2.779444444444444
1909-02-17,2.7801388888888887
1909-02-18,2.7808333333333333
1909-02-19,2.7815277777777774
1909-02-23,2.782222222222222
1909-02-24,2.7829166666666665
1909-02-25,2.783611111111111
1909-02-26,2.784305555555555
1909-03-01,2.785
1909-03-02,2.785543478260869
1909-03-03,2.7860869565217388
1909-03-04,2.7866304347826083
1909-03-05,2.787173913043478
1909-03-08,2.787717391304348
1909-03-09,2.7882608695652173
1909-03-10,2.788804347826087
1909-03-11,2.7893478260869564
1909-03-12,2.789891304347826
1909-03-15,2.7904347826086955
1909-03-16,2.790978260869565
1909-03-17,2.7915217391304346
1909-03-18,2.792065217391304
1909-03-19,2.7926086956521736
1909-03-22,2.793152173913043
1909-03-23,2.7936956521739127
1909-03-24,2.7942391304347822
1909-03-25,2.794782608695652
1909-03-26,2.7953260869565217
1909-03-29,2.795869565217392
1909-03-30,2.796413043478261
1909-03-31,2.7969565217391303
1909-04-01,2.7975
1909-04-02,2.7980952380952377
1909-04-05,2.798690476190476
1909-04-06,2.799285714285714
1909-04-07,2.799880952380952
1909-04-08,2.80047619047619
1909-04-12,2.8010714285714284
1909-04-13,2.8016666666666663
1909-04-14,2.8022619047619046
1909-04-15,2.8028571428571425
1909-04-16,2.803452380952381
1909-04-19,2.8040476190476187
1909-04-20,2.804642857142857
1909-04-21,2.805238095238095
1909-04-22,2.805833333333333
1909-04-23,2.806428571428571
1909-04-26,2.8070238095238094
1909-04-27,2.8076190476190472
1909-04-28,2.8082142857142856
1909-04-29,2.8088095238095234
1909-04-30,2.8094047619047617
1909-05-03,2.81
1909-05-04,2.8106249999999995
1909-05-05,2.81125
1909-05-06,2.811875
1909-05-07,2.8125
1909-05-10,2.8131249999999994
1909-05-11,2.81375
1909-05-12,2.814375
1909-05-13,2.8149999999999995
1909-05-14,2.815625
1909-05-17,2.81625
1909-05-18,2.816875
1909-05-19,2.8175
1909-05-20,2.818125
1909-05-21,2.81875
1909-05-24,2.819375
1909-05-25,2.82
1909-05-26,2.820625
1909-05-27,2.82125
1909-05-28,2.821875
1909-06-01,2.8225
1909-06-02,2.823068181818181
1909-06-03,2.823636363636364
1909-06-04,2.824204545454545
1909-06-07,2.824772727272727
1909-06-08,2.825340909090909
1909-06-09,2.8259090909090907
1909-06-10,2.8264772727272724
1909-06-11,2.827045454545454
1909-06-14,2.8276136363636364
1909-06-15,2.828181818181818
1909-06-16,2.82875
1909-06-17,2.8293181818181816
1909-06-18,2.829886363636364
1909-06-21,2.8304545454545456
1909-06-22,2.831022727272728
1909-06-23,2.831590909090909
1909-06-24,2.832159090909091
1909-06-25,2.8327272727272725
1909-06-28,2.8332954545454543
1909-06-29,2.8338636363636365
1909-06-30,2.834431818181818
1909-07-01,2.835
1909-07-02,2.835595238095238
1909-07-06,2.836190476190476
1909-07-07,2.836785714285714
1909-07-08,2.8373809523809523
1909-07-09,2.83797619047619
1909-07-12,2.8385714285714285
1909-07-13,2.8391666666666664
1909-07-14,2.8397619047619047
1909-07-15,2.8403571428571426
1909-07-16,2.840952380952381
1909-07-19,2.8415476190476188
1909-07-20,2.842142857142857
1909-07-21,2.842738095238095
1909-07-22,2.8433333333333333
1909-07-23,2.843928571428571
1909-07-26,2.844523809523809
1909-07-27,2.845119047619048
1909-07-28,2.8457142857142856
1909-07-29,2.8463095238095235
1909-07-30,2.846904761904762
1909-08-02,2.8475
1909-08-03,2.848068181818181
1909-08-04,2.848636363636363
1909-08-05,2.8492045454545454
1909-08-06,2.849772727272727
1909-08-09,2.850340909090909
1909-08-10,2.8509090909090906
1909-08-11,2.851477272727273
1909-08-12,2.8520454545454546
1909-08-13,2.8526136363636363
1909-08-16,2.853181818181818
1909-08-17,2.85375
1909-08-18,2.854318181818182
1909-08-19,2.854886363636364
1909-08-20,2.855454545454545
1909-08-23,2.856022727272727
1909-08-24,2.8565909090909094
1909-08-25,2.857159090909091
1909-08-26,2.857727272727273
1909-08-27,2.858295454545454
1909-08-30,2.858863636363637
1909-08-31,2.8594318181818186
1909-09-01,2.8600000000000003
1909-09-02,2.860595238095238
1909-09-03,2.8611904761904765
1909-09-07,2.8617857142857144
1909-09-08,2.8623809523809527
1909-09-09,2.8629761904761906
1909-09-10,2.863571428571429
1909-09-13,2.8641666666666667
1909-09-14,2.8647619047619046
1909-09-15,2.865357142857143
1909-09-16,2.865952380952381
1909-09-17,2.866547619047619
1909-09-20,2.867142857142857
1909-09-21,2.867738095238096
1909-09-22,2.868333333333333
1909-09-23,2.868928571428571
1909-09-24,2.8695238095238094
1909-09-27,2.8701190476190472
1909-09-28,2.8707142857142856
1909-09-29,2.8713095238095234
1909-09-30,2.8719047619047617
1909-10-01,2.8725
1909-10-04,2.8731249999999995
1909-10-05,2.87375
1909-10-06,2.874375
1909-10-07,2.875
1909-10-08,2.8756249999999994
1909-10-11,2.87625
1909-10-13,2.876875
1909-10-14,2.8774999999999995
1909-10-15,2.878125
1909-10-18,2.87875
1909-10-19,2.879375
1909-10-20,2.88
1909-10-21,2.880625
1909-10-22,2.88125
1909-10-25,2.881875
1909-10-26,2.8825
1909-10-27,2.883125
1909-10-28,2.88375
1909-10-29,2.884375
1909-11-01,2.885
1909-11-03,2.885625
1909-11-04,2.88625
1909-11-05,2.886875
1909-11-08,2.8875
1909-11-09,2.888125
1909-11-10,2.88875
1909-11-11,2.889375
1909-11-12,2.89
1909-11-15,2.890625
1909-11-16,2.8912500000000003
1909-11-17,2.891875
1909-11-18,2.8925
1909-11-19,2.8931250000000004
1909-11-22,2.8937500000000003
1909-11-23,2.894375
1909-11-24,2.8950000000000005
1909-11-26,2.8956250000000003
1909-11-29,2.89625
1909-11-30,2.8968750000000005
1909-12-01,2.8975000000000004
1909-12-02,2.89804347826087
1909-12-03,2.8985869565217395
1909-12-06,2.899130434782609
1909-12-07,2.8996739130434785
1909-12-08,2.900217391304348
1909-12-09,2.9007608695652176
1909-12-10,2.901304347826087
1909-12-13,2.9018478260869567
1909-12-14,2.902391304347826
1909-12-15,2.902934782608696
1909-12-16,2.9034782608695653
1909-12-17,2.904021739130436
1909-12-20,2.904565217391305
1909-12-21,2.9051086956521743
1909-12-22,2.905652173913044
1909-12-23,2.9061956521739134
1909-12-24,2.906739130434783
1909-12-27,2.9072826086956525
1909-12-28,2.907826086956522
1909-12-29,2.9083695652173915
1909-12-30,2.908913043478261
1909-12-31,2.9094565217391306
1910-01-03,2.91
1910-01-04,2.910277777777778
1910-01-05,2.910555555555556
1910-01-06,2.9108333333333336
1910-01-07,2.9111111111111114
1910-01-10,2.911388888888889
1910-01-11,2.911666666666666
1910-01-12,2.9119444444444444
1910-01-13,2.9122222222222223
1910-01-14,2.9125
1910-01-17,2.912777777777778
1910-01-18,2.913055555555556
1910-01-19,2.9133333333333336
1910-01-20,2.913611111111112
1910-01-21,2.913888888888889
1910-01-24,2.914166666666667
1910-01-25,2.9144444444444444
1910-01-26,2.914722222222222
1910-01-27,2.915
1910-01-28,2.915277777777778
1910-01-31,2.915555555555556
1910-02-01,2.915833333333333
1910-02-02,2.916140350877193
1910-02-03,2.916447368421053
1910-02-04,2.9167543859649125
1910-02-07,2.917061403508772
1910-02-08,2.917368421052632
1910-02-09,2.917675438596492
1910-02-10,2.917982456140351
1910-02-11,2.9182894736842107
1910-02-14,2.91859649122807
1910-02-15,2.91890350877193
1910-02-16,2.9192105263157897
1910-02-17,2.919517543859649
1910-02-18,2.9198245614035088
1910-02-21,2.9201315789473687
1910-02-23,2.9204385964912283
1910-02-24,2.920745614035088
1910-02-25,2.921052631578948
1910-02-28,2.921359649122808
1910-03-01,2.921666666666667
1910-03-02,2.921931818181818
1910-03-03,2.92219696969697
1910-03-04,2.9224621212121216
1910-03-07,2.922727272727273
1910-03-08,2.922992424242424
1910-03-09,2.923257575757576
1910-03-10,2.923522727272728
1910-03-11,2.923787878787879
1910-03-14,2.92405303030303
1910-03-15,2.924318181818182
1910-03-16,2.924583333333333
1910-03-17,2.924848484848485
1910-03-18,2.925113636363636
1910-03-21,2.925378787878788
1910-03-22,2.9256439393939395
1910-03-23,2.925909090909091
1910-03-24,2.926174242424242
1910-03-28,2.926439393939394
1910-03-29,2.926704545454545
1910-03-30,2.9269696969696968
1910-03-31,2.927234848484848
1910-04-01,2.9275
1910-04-04,2.9277777777777776
1910-04-05,2.9280555555555554
1910-04-06,2.928333333333333
1910-04-07,2.928611111111111
1910-04-08,2.928888888888889
1910-04-11,2.9291666666666667
1910-04-12,2.9294444444444445
1910-04-13,2.9297222222222223
1910-04-14,2.93
1910-04-15,2.930277777777778
1910-04-18,2.930555555555556
1910-04-19,2.930833333333333
1910-04-20,2.931111111111111
1910-04-21,2.931388888888889
1910-04-22,2.931666666666666
1910-04-25,2.9319444444444445
1910-04-26,2.9322222222222223
1910-04-27,2.9325
1910-04-28,2.932777777777778
1910-04-29,2.933055555555556
1910-05-02,2.9333333333333336
1910-05-03,2.9336111111111114
1910-05-04,2.933888888888889
1910-05-05,2.934166666666667
1910-05-06,2.9344444444444444
1910-05-09,2.9347222222222222
1910-05-10,2.935
1910-05-11,2.935277777777778
1910-05-12,2.935555555555556
1910-05-13,2.935833333333333
1910-05-16,2.936111111111112
1910-05-17,2.9363888888888887
1910-05-18,2.9366666666666665
1910-05-19,2.9369444444444444
1910-05-20,2.937222222222222
1910-05-23,2.9375
1910-05-24,2.937777777777778
1910-05-25,2.938055555555556
1910-05-26,2.938333333333333
1910-05-27,2.938611111111111
1910-05-31,2.9388888888888887
1910-06-01,2.9391666666666665
1910-06-02,2.939431818181818
1910-06-03,2.939696969696969
1910-06-06,2.939962121212121
1910-06-07,2.9402272727272725
1910-06-08,2.940492424242424
1910-06-09,2.940757575757576
1910-06-10,2.941022727272727
1910-06-13,2.941287878787879
1910-06-14,2.94155303030303
1910-06-15,2.941818181818182
1910-06-16,2.9420833333333336
1910-06-17,2.942348484848485
1910-06-20,2.9426136363636366
1910-06-21,2.942878787878788
1910-06-22,2.94314393939394
1910-06-23,2.943409090909091
1910-06-24,2.9436742424242426
1910-06-27,2.9439393939393943
1910-06-28,2.9442045454545456
1910-06-29,2.9444696969696973
1910-06-30,2.944734848484849
1910-07-01,2.9450000000000003
1910-07-05,2.945291666666667
1910-07-06,2.945583333333333
1910-07-07,2.9458750000000005
1910-07-08,2.946166666666667
1910-07-11,2.9464583333333336
1910-07-12,2.94675
1910-07-13,2.947041666666667
1910-07-14,2.947333333333334
1910-07-15,2.9476250000000004
1910-07-18,2.947916666666667
1910-07-19,2.948208333333333
1910-07-20,2.9485
1910-07-21,2.948791666666667
1910-07-22,2.9490833333333337
1910-07-25,2.9493750000000003
1910-07-26,2.949666666666667
1910-07-27,2.949958333333333
1910-07-28,2.9502500000000005
1910-07-29,2.950541666666667
1910-08-01,2.9508333333333336
1910-08-02,2.9510869565217392
1910-08-03,2.9513405797101453
1910-08-04,2.951594202898551
1910-08-05,2.951847826086957
1910-08-08,2.9521014492753626
1910-08-09,2.9523550724637686
1910-08-10,2.952608695652174
1910-08-11,2.95286231884058
1910-08-12,2.953115942028986
1910-08-15,2.9533695652173915
1910-08-16,2.953623188405797
1910-08-17,2.953876811594203
1910-08-18,2.954130434782609
1910-08-19,2.9543840579710148
1910-08-22,2.954637681159421
1910-08-23,2.9548913043478264
1910-08-24,2.955144927536232
1910-08-25,2.955398550724638
1910-08-26,2.955652173913044
1910-08-29,2.9559057971014497
1910-08-30,2.956159420289856
1910-08-31,2.9564130434782614
1910-09-01,2.956666666666667
1910-09-02,2.956944444444445
1910-09-06,2.957222222222222
1910-09-07,2.9575000000000005
1910-09-08,2.957777777777778
1910-09-09,2.958055555555556
1910-09-12,2.958333333333333
1910-09-13,2.958611111111112
1910-09-14,2.958888888888889
1910-09-15,2.959166666666667
1910-09-16,2.9594444444444448
1910-09-19,2.959722222222222
1910-09-20,2.96
1910-09-21,2.960277777777778
1910-09-22,2.960555555555556
1910-09-23,2.960833333333333
1910-09-26,2.9611111111111112
1910-09-27,2.961388888888889
1910-09-28,2.9616666666666664
1910-09-29,2.9619444444444443
1910-09-30,2.962222222222222
1910-10-03,2.9625
1910-10-04,2.9627916666666665
1910-10-05,2.963083333333333
1910-10-06,2.963375
1910-10-07,2.9636666666666667
1910-10-10,2.9639583333333333
1910-10-11,2.96425
1910-10-13,2.9645416666666664
1910-10-14,2.964833333333333
1910-10-17,2.965125
1910-10-18,2.9654166666666666
1910-10-19,2.965708333333333
1910-10-20,2.966
1910-10-21,2.9662916666666668
1910-10-24,2.9665833333333333
1910-10-25,2.966875
1910-10-26,2.9671666666666665
1910-10-27,2.967458333333333
1910-10-28,2.96775
1910-10-31,2.9680416666666667
1910-11-01,2.9683333333333333
1910-11-02,2.968625
1910-11-03,2.9689166666666664
1910-11-04,2.969208333333333
1910-11-07,2.9695
1910-11-09,2.9697916666666666
1910-11-10,2.970083333333333
1910-11-11,2.970375
1910-11-14,2.970666666666667
1910-11-15,2.9709583333333334
1910-11-16,2.97125
1910-11-17,2.9715416666666665
1910-11-18,2.971833333333333
1910-11-21,2.972125
1910-11-22,2.9724166666666667
1910-11-23,2.9727083333333333
1910-11-25,2.973
1910-11-28,2.9732916666666664
1910-11-29,2.973583333333333
1910-11-30,2.973875
1910-12-01,2.974166666666666
1910-12-02,2.9744444444444444
1910-12-05,2.9747222222222223
1910-12-06,2.975
1910-12-07,2.975277777777778
1910-12-08,2.975555555555556
1910-12-09,2.975833333333333
1910-12-12,2.976111111111111
1910-12-13,2.9763888888888888
1910-12-14,2.9766666666666666
1910-12-15,2.9769444444444444
1910-12-16,2.977222222222222
1910-12-19,2.9775
1910-12-20,2.977777777777778
1910-12-21,2.978055555555556
1910-12-22,2.978333333333333
1910-12-23,2.978611111111111
1910-12-27,2.9788888888888887
1910-12-28,2.9791666666666665
1910-12-29,2.9794444444444443
1910-12-30,2.979722222222222
1911-01-03,2.98
1911-01-04,2.980119047619048
1911-01-05,2.980238095238095
1911-01-06,2.9803571428571427
1911-01-09,2.9804761904761903
1911-01-10,2.980595238095238
1911-01-11,2.980714285714286
1911-01-12,2.980833333333333
1911-01-13,2.980952380952381
1911-01-16,2.9810714285714286
1911-01-17,2.981190476190476
1911-01-18,2.981309523809524
1911-01-19,2.981428571428572
1911-01-20,2.981547619047619
1911-01-23,2.9816666666666665
1911-01-24,2.981785714285714
1911-01-25,2.981904761904762
1911-01-26,2.9820238095238096
1911-01-27,2.982142857142857
1911-01-30,2.982261904761905
1911-01-31,2.9823809523809524
1911-02-01,2.9825
1911-02-02,2.982638888888889
1911-02-03,2.9827777777777778
1911-02-06,2.9829166666666667
1911-02-07,2.983055555555556
1911-02-08,2.9831944444444445
1911-02-09,2.9833333333333334
1911-02-10,2.9834722222222223
1911-02-14,2.983611111111111
1911-02-15,2.98375
1911-02-16,2.9838888888888886
1911-02-17,2.984027777777777
1911-02-20,2.9841666666666664
1911-02-21,2.984305555555556
1911-02-23,2.984444444444444
1911-02-24,2.984583333333333
1911-02-27,2.984722222222222
1911-02-28,2.984861111111111
1911-03-01,2.985
1911-03-02,2.985108695652174
1911-03-03,2.985217391304348
1911-03-06,2.9853260869565217
1911-03-07,2.985434782608696
1911-03-08,2.9855434782608694
1911-03-09,2.9856521739130435
1911-03-10,2.985760869565217
1911-03-13,2.985869565217391
1911-03-14,2.985978260869565
1911-03-15,2.986086956521739
1911-03-16,2.986195652173913
1911-03-17,2.9863043478260867
1911-03-20,2.9864130434782608
1911-03-21,2.986521739130435
1911-03-22,2.9866304347826085
1911-03-23,2.9867391304347826
1911-03-24,2.986847826086956
1911-03-27,2.9869565217391303
1911-03-28,2.9870652173913044
1911-03-29,2.987173913043478
1911-03-30,2.987282608695652
1911-03-31,2.9873913043478257
1911-04-03,2.9875
1911-04-04,2.987631578947368
1911-04-05,2.987763157894737
1911-04-06,2.987894736842105
1911-04-07,2.9880263157894738
1911-04-10,2.988157894736842
1911-04-11,2.9882894736842105
1911-04-12,2.988421052631579
1911-04-13,2.9885526315789472
1911-04-17,2.988684210526316
1911-04-18,2.9888157894736844
1911-04-19,2.988947368421053
1911-04-20,2.989078947368421
1911-04-21,2.989210526315789
1911-04-24,2.989342105263158
1911-04-25,2.9894736842105263
1911-04-26,2.989605263157895
1911-04-27,2.9897368421052635
1911-04-28,2.989868421052632
1911-05-01,2.99
1911-05-02,2.9901136363636365
1911-05-03,2.9902272727272727
1911-05-04,2.990340909090909
1911-05-05,2.9904545454545457
1911-05-08,2.990568181818182
1911-05-09,2.990681818181818
1911-05-10,2.9907954545454545
1911-05-11,2.9909090909090907
1911-05-12,2.9910227272727274
1911-05-15,2.991136363636364
1911-05-16,2.99125
1911-05-17,2.991363636363636
1911-05-18,2.9914772727272725
1911-05-19,2.991590909090909
1911-05-22,2.991704545454545
1911-05-23,2.9918181818181817
1911-05-24,2.991931818181818
1911-05-25,2.9920454545454542
1911-05-26,2.9921590909090905
1911-05-29,2.992272727272727
1911-05-31,2.9923863636363635
1911-06-01,2.9925
1911-06-02,2.992613636363636
1911-06-05,2.9927272727272727
1911-06-06,2.992840909090909
1911-06-07,2.992954545454545
1911-06-08,2.993068181818181
1911-06-09,2.993181818181818
1911-06-12,2.9932954545454544
1911-06-13,2.9934090909090907
1911-06-14,2.993522727272727
1911-06-15,2.993636363636364
1911-06-16,2.99375
1911-06-19,2.993863636363636
1911-06-20,2.993977272727273
1911-06-21,2.994090909090909
1911-06-22,2.9942045454545454
1911-06-23,2.9943181818181817
1911-06-26,2.9944318181818184
1911-06-27,2.9945454545454546
1911-06-28,2.994659090909091
1911-06-29,2.994772727272727
1911-06-30,2.994886363636364
1911-07-03,2.995
1911-07-05,2.9951250000000003
1911-07-06,2.99525
1911-07-07,2.995375
1911-07-10,2.9955000000000003
1911-07-11,2.995625
1911-07-12,2.99575
1911-07-13,2.9958750000000003
1911-07-14,2.996
1911-07-17,2.996125
1911-07-18,2.99625
1911-07-19,2.996375
1911-07-20,2.9965
1911-07-21,2.996625
1911-07-24,2.99675
1911-07-25,2.996875
1911-07-26,2.997
1911-07-27,2.997125
1911-07-28,2.99725
1911-07-31,2.997375
1911-08-01,2.9975
1911-08-02,2.997608695652174
1911-08-03,2.997717391304348
1911-08-04,2.997826086956522
1911-08-07,2.9979347826086955
1911-08-08,2.9980434782608696
1911-08-09,2.998152173913044
1911-08-10,2.9982608695652173
1911-08-11,2.9983695652173914
1911-08-14,2.998478260869565
1911-08-15,2.998586956521739
1911-08-16,2.998695652173913
1911-08-17,2.998804347826087
1911-08-18,2.998913043478261
1911-08-21,2.999021739130435
1911-08-22,2.9991304347826087
1911-08-23,2.9992391304347827
1911-08-24,2.9993478260869564
1911-08-25,2.9994565217391305
1911-08-28,2.999565217391305
1911-08-29,2.999673913043478
1911-08-30,2.9997826086956523
1911-08-31,2.999891304347826
1911-09-01,3.0
1911-09-05,3.000125
1911-09-06,3.00025
1911-09-07,3.000375
1911-09-08,3.0005
1911-09-11,3.000625
1911-09-12,3.00075
1911-09-13,3.000875
1911-09-14,3.001
1911-09-15,3.001125
1911-09-18,3.00125
1911-09-19,3.001375
1911-09-20,3.0015
1911-09-21,3.001625
1911-09-22,3.0017499999999995
1911-09-25,3.001875
1911-09-26,3.002
1911-09-27,3.0021249999999995
1911-09-28,3.00225
1911-09-29,3.002375
1911-10-02,3.0024999999999995
1911-10-03,3.002619047619047
1911-10-04,3.0027380952380947
1911-10-05,3.0028571428571422
1911-10-06,3.0029761904761902
1911-10-09,3.003095238095238
1911-10-10,3.0032142857142854
1911-10-11,3.003333333333333
1911-10-13,3.0034523809523805
1911-10-16,3.003571428571428
1911-10-17,3.003690476190476
1911-10-18,3.003809523809524
1911-10-19,3.003928571428572
1911-10-20,3.004047619047619
1911-10-23,3.0041666666666664
1911-10-24,3.004285714285714
1911-10-25,3.0044047619047616
1911-10-26,3.004523809523809
1911-10-27,3.004642857142857
1911-10-30,3.0047619047619047
1911-10-31,3.0048809523809523
1911-11-01,3.005
1911-11-02,3.005125
1911-11-03,3.00525
1911-11-06,3.005375
1911-11-08,3.0055
1911-11-09,3.005625
1911-11-10,3.00575
1911-11-13,3.005875
1911-11-14,3.006
1911-11-15,3.006125
1911-11-16,3.00625
1911-11-17,3.006375
1911-11-20,3.0065
1911-11-21,3.006625
1911-11-22,3.0067500000000003
1911-11-23,3.006875
1911-11-24,3.007
1911-11-27,3.0071250000000003
1911-11-28,3.0072500000000004
1911-11-29,3.007375
1911-12-01,3.0075000000000003
1911-12-04,3.0076250000000004
1911-12-05,3.00775
1911-12-06,3.0078750000000003
1911-12-07,3.008
1911-12-08,3.008125
1911-12-11,3.0082500000000003
1911-12-12,3.008375
1911-12-13,3.0085
1911-12-14,3.008625
1911-12-15,3.00875
1911-12-18,3.008875
1911-12-19,3.009
1911-12-20,3.009125
1911-12-21,3.00925
1911-12-22,3.009375
1911-12-26,3.0095
1911-12-27,3.009625
1911-12-28,3.00975
1911-12-29,3.009875
1912-01-02,3.01
1912-01-03,3.0116666666666663
1912-01-04,3.013333333333333
1912-01-05,3.015
1912-01-08,3.0166666666666666
1912-01-09,3.018333333333333
1912-01-10,3.02
1912-01-11,3.0216666666666665
1912-01-12,3.023333333333333
1912-01-15,3.025
1912-01-16,3.026666666666667
1912-01-17,3.0283333333333333
1912-01-18,3.03
1912-01-19,3.0316666666666667
1912-01-22,3.033333333333333
1912-01-23,3.035
1912-01-24,3.036666666666666
1912-01-25,3.0383333333333336
1912-01-26,3.04
1912-01-29,3.041666666666667
1912-01-30,3.043333333333333
1912-01-31,3.0450000000000004
1912-02-01,3.046666666666667
1912-02-02,3.0485964912280705
1912-02-05,3.0505263157894738
1912-02-06,3.052456140350877
1912-02-07,3.0543859649122806
1912-02-08,3.0563157894736843
1912-02-09,3.0582456140350875
1912-02-13,3.060175438596491
1912-02-14,3.062105263157895
1912-02-15,3.064035087719298
1912-02-16,3.065964912280702
1912-02-19,3.067894736842105
1912-02-20,3.0698245614035087
1912-02-21,3.0717543859649123
1912-02-23,3.073684210526316
1912-02-26,3.0756140350877192
1912-02-27,3.0775438596491225
1912-02-28,3.079473684210526
1912-02-29,3.0814035087719294
1912-03-01,3.083333333333333
1912-03-04,3.085079365079365
1912-03-05,3.0868253968253967
1912-03-06,3.0885714285714285
1912-03-07,3.09031746031746
1912-03-08,3.092063492063492
1912-03-11,3.093809523809524
1912-03-12,3.0955555555555554
1912-03-13,3.0973015873015872
1912-03-14,3.099047619047619
1912-03-15,3.100793650793651
1912-03-18,3.1025396825396823
1912-03-19,3.104285714285714
1912-03-20,3.106031746031746
1912-03-21,3.1077777777777778
1912-03-22,3.1095238095238096
1912-03-25,3.1112698412698414
1912-03-26,3.113015873015873
1912-03-27,3.1147619047619046
1912-03-28,3.1165079365079364
1912-03-29,3.1182539682539683
1912-04-01,3.12
1912-04-02,3.121746031746032
1912-04-03,3.123492063492064
1912-04-04,3.125238095238095
1912-04-08,3.126984126984127
1912-04-09,3.128730158730159
1912-04-10,3.13047619047619
1912-04-11,3.132222222222222
1912-04-12,3.133968253968254
1912-04-15,3.1357142857142857
1912-04-16,3.137460317460317
1912-04-17,3.139206349206349
1912-04-18,3.1409523809523807
1912-04-19,3.1426984126984125
1912-04-22,3.1444444444444444
1912-04-23,3.146190476190476
1912-04-24,3.147936507936508
1912-04-25,3.1496825396825394
1912-04-26,3.1514285714285712
1912-04-29,3.153174603174602
1912-04-30,3.1549206349206345
1912-05-01,3.1566666666666663
1912-05-02,3.1583333333333328
1912-05-03,3.16
1912-05-06,3.161666666666666
1912-05-07,3.163333333333333
1912-05-08,3.165
1912-05-09,3.1666666666666665
1912-05-10,3.168333333333333
1912-05-13,3.17
1912-05-14,3.1716666666666664
1912-05-15,3.1733333333333333
1912-05-16,3.175
1912-05-17,3.1766666666666663
1912-05-20,3.178333333333333
1912-05-21,3.18
1912-05-22,3.181666666666666
1912-05-23,3.183333333333333
1912-05-24,3.185
1912-05-27,3.1866666666666665
1912-05-28,3.188333333333333
1912-05-29,3.19
1912-05-31,3.191666666666667
1912-06-03,3.1933333333333334
1912-06-04,3.1951666666666667
1912-06-05,3.197
1912-06-06,3.1988333333333334
1912-06-07,3.2006666666666668
1912-06-10,3.2025
1912-06-11,3.204333333333333
1912-06-12,3.206166666666667
1912-06-13,3.208
1912-06-14,3.209833333333333
1912-06-17,3.211666666666667
1912-06-18,3.2135
1912-06-19,3.2153333333333336
1912-06-20,3.217166666666667
1912-06-21,3.2190000000000003
1912-06-24,3.2208333333333337
1912-06-25,3.222666666666667
1912-06-26,3.2245000000000004
1912-06-27,3.2263333333333337
1912-06-28,3.228166666666667
1912-07-01,3.2300000000000004
1912-07-02,3.231666666666667
1912-07-03,3.233333333333334
1912-07-05,3.2350000000000003
1912-07-08,3.236666666666667
1912-07-09,3.2383333333333337
1912-07-10,3.24
1912-07-11,3.241666666666667
1912-07-12,3.2433333333333336
1912-07-15,3.245
1912-07-16,3.246666666666667
1912-07-17,3.248333333333333
1912-07-18,3.25
1912-07-19,3.251666666666667
1912-07-22,3.2533333333333334
1912-07-23,3.255
1912-07-24,3.256666666666667
1912-07-25,3.2583333333333333
1912-07-26,3.26
1912-07-29,3.2616666666666667
1912-07-30,3.263333333333333
1912-07-31,3.265
1912-08-01,3.2666666666666666
1912-08-02,3.268333333333333
1912-08-05,3.27
1912-08-06,3.2716666666666665
1912-08-07,3.273333333333333
1912-08-08,3.275
1912-08-09,3.276666666666667
1912-08-12,3.2783333333333333
1912-08-13,3.28
1912-08-14,3.2816666666666667
1912-08-15,3.2833333333333337
1912-08-16,3.285
1912-08-19,3.286666666666666
1912-08-20,3.2883333333333336
1912-08-21,3.29
1912-08-22,3.291666666666667
1912-08-23,3.293333333333333
1912-08-26,3.2950000000000004
1912-08-27,3.296666666666667
1912-08-28,3.298333333333334
1912-08-29,3.3000000000000003
1912-08-30,3.301666666666667
1912-09-03,3.3033333333333337
1912-09-04,3.305166666666667
1912-09-05,3.3070000000000004
1912-09-06,3.3088333333333337
1912-09-09,3.310666666666667
1912-09-10,3.3125
1912-09-11,3.3143333333333334
1912-09-12,3.3161666666666667
1912-09-13,3.318
1912-09-16,3.3198333333333334
1912-09-17,3.3216666666666668
1912-09-18,3.3235
1912-09-19,3.325333333333333
1912-09-20,3.327166666666667
1912-09-23,3.329
1912-09-24,3.330833333333333
1912-09-25,3.3326666666666664
1912-09-26,3.3345
1912-09-27,3.336333333333333
1912-09-30,3.3381666666666665
1912-10-01,3.34
1912-10-02,3.3415942028985506
1912-10-03,3.3431884057971013
1912-10-04,3.344782608695652
1912-10-07,3.3463768115942027
1912-10-08,3.347971014492753
1912-10-09,3.349565217391304
1912-10-10,3.351159420289855
1912-10-11,3.3527536231884056
1912-10-14,3.3543478260869564
1912-10-15,3.355942028985507
1912-10-16,3.357536231884058
1912-10-17,3.359130434782609
1912-10-18,3.36072463768116
1912-10-21,3.3623188405797104
1912-10-22,3.363913043478261
1912-10-23,3.365507246376812
1912-10-24,3.3671014492753626
1912-10-25,3.3686956521739133
1912-10-28,3.370289855072464
1912-10-29,3.3718840579710148
1912-10-30,3.373478260869565
1912-10-31,3.375072463768116
1912-11-01,3.376666666666667
1912-11-04,3.3785964912280706
1912-11-06,3.380526315789474
1912-11-07,3.382456140350877
1912-11-08,3.3843859649122807
1912-11-11,3.3863157894736844
1912-11-12,3.388245614035088
1912-11-13,3.390175438596492
1912-11-14,3.392105263157895
1912-11-15,3.394035087719298
1912-11-18,3.395964912280702
1912-11-19,3.397894736842105
1912-11-20,3.3998245614035087
1912-11-21,3.4017543859649124
1912-11-22,3.403684210526316
1912-11-25,3.40561403508772
1912-11-26,3.4075438596491225
1912-11-27,3.409473684210526
1912-11-29,3.411403508771929
1912-12-02,3.413333333333333
1912-12-03,3.415079365079365
1912-12-04,3.4168253968253968
1912-12-05,3.4185714285714286
1912-12-06,3.42031746031746
1912-12-09,3.422063492063492
1912-12-10,3.423809523809524
1912-12-11,3.4255555555555555
1912-12-12,3.427301587301588
1912-12-13,3.429047619047619
1912-12-16,3.430793650793651
1912-12-17,3.4325396825396823
1912-12-18,3.434285714285714
1912-12-19,3.436031746031746
1912-12-20,3.437777777777778
1912-12-23,3.4395238095238096
1912-12-24,3.441269841269841
1912-12-26,3.4430158730158733
1912-12-27,3.4447619047619047
1912-12-30,3.4465079365079365
1912-12-31,3.4482539682539683
1913-01-02,3.45
1913-01-03,3.4489015151515154
1913-01-06,3.4478030303030303
1913-01-07,3.446704545454545
1913-01-08,3.445606060606061
1913-01-09,3.444507575757576
1913-01-10,3.443409090909091
1913-01-13,3.442310606060606
1913-01-14,3.4412121212121214
1913-01-15,3.4401136363636367
1913-01-16,3.4390151515151515
1913-01-17,3.4379166666666667
1913-01-20,3.436818181818182
1913-01-21,3.435719696969697
1913-01-22,3.434621212121212
1913-01-23,3.433522727272728
1913-01-24,3.4324242424242426
1913-01-27,3.4313257575757574
1913-01-28,3.4302272727272727
1913-01-29,3.429128787878788
1913-01-30,3.428030303030303
1913-01-31,3.426931818181818
1913-02-03,3.4258333333333333
1913-02-04,3.424561403508772
1913-02-05,3.4232894736842105
1913-02-06,3.422017543859649
1913-02-07,3.420745614035088
1913-02-10,3.4194736842105264
1913-02-11,3.418201754385965
1913-02-13,3.416929824561404
1913-02-14,3.4156578947368423
1913-02-17,3.414385964912281
1913-02-18,3.41311403508772
1913-02-19,3.4118421052631582
1913-02-20,3.410570175438597
1913-02-21,3.4092982456140355
1913-02-24,3.408026315789474
1913-02-25,3.4067543859649128
1913-02-26,3.4054824561403514
1913-02-27,3.40421052631579
1913-02-28,3.4029385964912287
1913-03-03,3.401666666666668
1913-03-04,3.400458333333334
1913-03-05,3.3992500000000008
1913-03-06,3.398041666666668
1913-03-07,3.396833333333334
1913-03-10,3.395625000000001
1913-03-11,3.394416666666668
1913-03-12,3.393208333333334
1913-03-13,3.3920000000000003
1913-03-14,3.390791666666668
1913-03-17,3.389583333333334
1913-03-18,3.3883750000000004
1913-03-19,3.387166666666668
1913-03-20,3.385958333333334
1913-03-24,3.3847500000000004
1913-03-25,3.383541666666667
1913-03-26,3.382333333333334
1913-03-27,3.3811250000000004
1913-03-28,3.379916666666667
1913-03-31,3.378708333333334
1913-04-01,3.3775000000000004
1913-04-02,3.376401515151516
1913-04-03,3.3753030303030305
1913-04-04,3.3742045454545457
1913-04-07,3.373106060606061
1913-04-08,3.3720075757575763
1913-04-09,3.370909090909091
1913-04-10,3.3698106060606063
1913-04-11,3.3687121212121216
1913-04-14,3.367613636363637
1913-04-15,3.366515151515152
1913-04-16,3.365416666666667
1913-04-17,3.364318181818182
1913-04-18,3.363219696969697
1913-04-21,3.3621212121212123
1913-04-22,3.361022727272728
1913-04-23,3.359924242424243
1913-04-24,3.3588257575757576
1913-04-25,3.357727272727273
1913-04-28,3.356628787878788
1913-04-29,3.3555303030303034
1913-04-30,3.3544318181818182
1913-05-01,3.353333333333333
1913-05-02,3.35218253968254
1913-05-05,3.3510317460317465
1913-05-06,3.3498809523809525
1913-05-07,3.348730158730159
1913-05-08,3.347579365079365
1913-05-09,3.346428571428572
1913-05-12,3.345277777777778
1913-05-13,3.3441269841269845
1913-05-14,3.342976190476191
1913-05-15,3.341825396825397
1913-05-16,3.3406746031746035
1913-05-19,3.33952380952381
1913-05-20,3.3383730158730165
1913-05-21,3.337222222222223
1913-05-22,3.336071428571429
1913-05-23,3.3349206349206355
1913-05-26,3.333769841269842
1913-05-27,3.3326190476190485
1913-05-28,3.3314682539682545
1913-05-29,3.330317460317461
1913-06-02,3.3291666666666675
1913-06-03,3.328015873015874
1913-06-04,3.32686507936508
1913-06-05,3.3257142857142865
1913-06-06,3.324563492063493
1913-06-09,3.323412698412699
1913-06-10,3.322261904761905
1913-06-11,3.321111111111112
1913-06-12,3.319960317460318
1913-06-13,3.318809523809524
1913-06-16,3.3176587301587306
1913-06-17,3.3165079365079366
1913-06-18,3.315357142857143
1913-06-19,3.314206349206349
1913-06-20,3.313055555555556
1913-06-23,3.311904761904762
1913-06-24,3.310753968253968
1913-06-25,3.3096031746031747
1913-06-26,3.3084523809523807
1913-06-27,3.307301587301587
1913-06-30,3.306150793650793
1913-07-01,3.305
1913-07-02,3.303901515151515
1913-07-03,3.3028030303030302
1913-07-07,3.301704545454545
1913-07-08,3.3006060606060603
1913-07-09,3.299507575757576
1913-07-10,3.298409090909091
1913-07-11,3.297310606060606
1913-07-14,3.2962121212121214
1913-07-15,3.295113636363636
1913-07-16,3.2940151515151515
1913-07-17,3.2929166666666667
1913-07-18,3.291818181818182
1913-07-21,3.290719696969697
1913-07-22,3.289621212121212
1913-07-23,3.288522727272728
1913-07-24,3.2874242424242426
1913-07-25,3.286325757575758
1913-07-28,3.285227272727273
1913-07-29,3.2841287878787884
1913-07-30,3.283030303030303
1913-07-31,3.2819318181818184
1913-08-01,3.2808333333333337
1913-08-04,3.27968253968254
1913-08-05,3.2785317460317462
1913-08-06,3.2773809523809527
1913-08-07,3.276230158730159
1913-08-08,3.2750793650793653
1913-08-11,3.273928571428572
1913-08-12,3.2727777777777782
1913-08-13,3.2716269841269843
1913-08-14,3.2704761904761908
1913-08-15,3.269325396825397
1913-08-18,3.268174603174604
1913-08-19,3.2670238095238098
1913-08-20,3.2658730158730163
1913-08-21,3.2647222222222223
1913-08-22,3.263571428571429
1913-08-25,3.262420634920636
1913-08-26,3.2612698412698413
1913-08-27,3.260119047619048
1913-08-28,3.2589682539682543
1913-08-29,3.2578174603174603
1913-09-02,3.256666666666667
1913-09-03,3.2555158730158733
1913-09-04,3.25436507936508
1913-09-05,3.253214285714286
1913-09-08,3.2520634920634923
1913-09-09,3.2509126984126984
1913-09-10,3.249761904761905
1913-09-11,3.248611111111112
1913-09-12,3.2474603174603174
1913-09-15,3.246309523809524
1913-09-16,3.2451587301587304
1913-09-17,3.2440079365079364
1913-09-18,3.242857142857143
1913-09-19,3.2417063492063494
1913-09-22,3.2405555555555554
1913-09-23,3.239404761904762
1913-09-24,3.2382539682539684
1913-09-25,3.2371031746031744
1913-09-26,3.235952380952381
1913-09-29,3.2348015873015874
1913-09-30,3.233650793650793
1913-10-01,3.2325
1913-10-02,3.231401515151515
1913-10-03,3.2303030303030305
1913-10-06,3.2292045454545453
1913-10-07,3.2281060606060605
1913-10-08,3.227007575757576
1913-10-09,3.225909090909091
1913-10-10,3.2248106060606063
1913-10-14,3.2237121212121216
1913-10-15,3.2226136363636364
1913-10-16,3.221515151515152
1913-10-17,3.220416666666667
1913-10-20,3.219318181818182
1913-10-21,3.218219696969697
1913-10-22,3.2171212121212123
1913-10-23,3.2160227272727275
1913-10-24,3.214924242424243
1913-10-27,3.213825757575758
1913-10-28,3.2127272727272733
1913-10-29,3.2116287878787886
1913-10-30,3.2105303030303034
1913-10-31,3.2094318181818187
1913-11-03,3.208333333333334
1913-11-05,3.2069907407407414
1913-11-06,3.205648148148149
1913-11-07,3.204305555555556
1913-11-10,3.2029629629629635
1913-11-11,3.201620370370371
1913-11-12,3.2002777777777784
1913-11-13,3.198935185185185
1913-11-14,3.197592592592593
1913-11-17,3.1962500000000005
1913-11-18,3.194907407407408
1913-11-19,3.1935648148148155
1913-11-20,3.1922222222222225
1913-11-21,3.19087962962963
1913-11-24,3.189537037037037
1913-11-25,3.188194444444445
1913-11-26,3.186851851851852
1913-11-28,3.1855092592592595
1913-12-01,3.184166666666667
1913-12-02,3.1830681818181823
1913-12-03,3.181969696969697
1913-12-04,3.1808712121212124
1913-12-05,3.179772727272728
1913-12-08,3.178674242424243
1913-12-09,3.1775757575757577
1913-12-10,3.176477272727273
1913-12-11,3.175378787878788
1913-12-12,3.1742803030303035
1913-12-15,3.1731818181818183
1913-12-16,3.1720833333333336
1913-12-17,3.170984848484849
1913-12-18,3.169886363636364
1913-12-19,3.168787878787879
1913-12-22,3.167689393939394
1913-12-23,3.166590909090909
1913-12-24,3.1654924242424243
1913-12-26,3.1643939393939395
1913-12-29,3.163295454545455
1913-12-30,3.16219696969697
1913-12-31,3.161098484848485
1914-01-02,3.16
1914-01-05,3.1603174603174606
1914-01-06,3.1606349206349207
1914-01-07,3.160952380952381
1914-01-08,3.161269841269841
1914-01-09,3.1615873015873017
1914-01-12,3.161904761904762
1914-01-13,3.1622222222222223
1914-01-14,3.1625396825396828
1914-01-15,3.162857142857144
1914-01-16,3.163174603174604
1914-01-19,3.163492063492064
1914-01-20,3.163809523809524
1914-01-21,3.1641269841269843
1914-01-22,3.164444444444445
1914-01-23,3.164761904761905
1914-01-26,3.1650793650793654
1914-01-27,3.165396825396826
1914-01-28,3.165714285714286
1914-01-29,3.1660317460317464
1914-01-30,3.1663492063492065
1914-02-02,3.166666666666667
1914-02-03,3.167037037037037
1914-02-04,3.167407407407408
1914-02-05,3.1677777777777782
1914-02-06,3.1681481481481484
1914-02-09,3.168518518518519
1914-02-10,3.168888888888889
1914-02-11,3.16925925925926
1914-02-13,3.16962962962963
1914-02-16,3.1700000000000004
1914-02-17,3.170370370370371
1914-02-18,3.170740740740741
1914-02-19,3.171111111111112
1914-02-20,3.171481481481482
1914-02-24,3.1718518518518524
1914-02-25,3.1722222222222225
1914-02-26,3.172592592592593
1914-02-27,3.172962962962963
1914-03-02,3.173333333333334
1914-03-03,3.1736363636363643
1914-03-04,3.1739393939393943
1914-03-05,3.1742424242424248
1914-03-06,3.174545454545455
1914-03-09,3.1748484848484853
1914-03-10,3.175151515151516
1914-03-11,3.1754545454545458
1914-03-12,3.175757575757576
1914-03-13,3.1760606060606063
1914-03-16,3.1763636363636363
1914-03-17,3.1766666666666667
1914-03-18,3.176969696969697
1914-03-19,3.1772727272727272
1914-03-20,3.1775757575757577
1914-03-23,3.177878787878788
1914-03-24,3.178181818181818
1914-03-25,3.178484848484848
1914-03-26,3.1787878787878787
1914-03-27,3.1790909090909087
1914-03-30,3.179393939393939
1914-03-31,3.179696969696969
1914-04-01,3.18
1914-04-02,3.18031746031746
1914-04-03,3.1806349206349203
1914-04-06,3.1809523809523808
1914-04-07,3.181269841269841
1914-04-08,3.1815873015873013
1914-04-09,3.181904761904762
1914-04-13,3.182222222222222
1914-04-14,3.1825396825396823
1914-04-15,3.182857142857143
1914-04-16,3.183174603174603
1914-04-17,3.183492063492064
1914-04-20,3.1838095238095234
1914-04-21,3.184126984126984
1914-04-22,3.1844444444444444
1914-04-23,3.1847619047619045
1914-04-24,3.185079365079365
1914-04-27,3.185396825396825
1914-04-28,3.185714285714285
1914-04-29,3.186031746031746
1914-04-30,3.186349206349206
1914-05-01,3.1866666666666665
1914-05-04,3.186984126984127
1914-05-05,3.187301587301587
1914-05-06,3.187619047619048
1914-05-07,3.187936507936508
1914-05-08,3.188253968253968
1914-05-11,3.1885714285714286
1914-05-12,3.1888888888888887
1914-05-13,3.189206349206349
1914-05-14,3.1895238095238096
1914-05-15,3.1898412698412697
1914-05-18,3.19015873015873
1914-05-19,3.1904761904761902
1914-05-20,3.1907936507936507
1914-05-21,3.1911111111111112
1914-05-22,3.191428571428572
1914-05-25,3.191746031746032
1914-05-26,3.1920634920634923
1914-05-27,3.1923809523809523
1914-05-28,3.192698412698413
1914-05-29,3.193015873015873
1914-06-01,3.1933333333333334
1914-06-02,3.193636363636364
1914-06-03,3.193939393939394
1914-06-04,3.1942424242424243
1914-06-05,3.194545454545455
1914-06-08,3.194848484848485
1914-06-09,3.195151515151516
1914-06-10,3.1954545454545453
1914-06-11,3.195757575757576
1914-06-12,3.1960606060606063
1914-06-15,3.1963636363636363
1914-06-16,3.1966666666666668
1914-06-17,3.196969696969697
1914-06-18,3.197272727272728
1914-06-19,3.1975757575757577
1914-06-22,3.197878787878788
1914-06-23,3.1981818181818182
1914-06-24,3.1984848484848487
1914-06-25,3.1987878787878787
1914-06-26,3.199090909090909
1914-06-29,3.19939393939394
1914-06-30,3.1996969696969697
1914-07-01,3.2
1914-07-02,3.201515151515152
1914-07-03,3.203030303030303
1914-07-06,3.2045454545454546
1914-07-07,3.206060606060606
1914-07-08,3.207575757575757
1914-07-09,3.209090909090909
1914-07-10,3.210606060606061
1914-07-13,3.2121212121212124
1914-07-14,3.213636363636364
1914-07-15,3.215151515151516
1914-07-16,3.216666666666667
1914-07-17,3.2181818181818183
1914-07-20,3.2196969696969697
1914-07-21,3.221212121212121
1914-07-22,3.2227272727272727
1914-07-23,3.224242424242424
1914-07-24,3.225757575757576
1914-07-27,3.2272727272727275
1914-07-28,3.228787878787879
1914-07-29,3.2303030303030305
1914-07-30,3.231818181818182
1914-12-14,3.2333333333333334
1914-12-15,3.233846153846154
1914-12-16,3.2343589743589742
1914-12-17,3.234871794871795
1914-12-18,3.2353846153846155
1914-12-21,3.235897435897436
1914-12-22,3.2364102564102564
1914-12-23,3.236923076923077
1914-12-24,3.2374358974358977
1914-12-28,3.237948717948718
1914-12-29,3.2384615384615385
1914-12-30,3.23897435897436
1914-12-31,3.23948717948718
1915-01-04,3.24
1915-01-05,3.239208333333333
1915-01-06,3.2384166666666667
1915-01-07,3.2376250000000004
1915-01-08,3.2368333333333337
1915-01-11,3.236041666666667
1915-01-12,3.23525
1915-01-13,3.234458333333333
1915-01-14,3.233666666666667
1915-01-15,3.2328750000000004
1915-01-18,3.2320833333333336
1915-01-19,3.231291666666667
1915-01-20,3.2305
1915-01-21,3.229708333333334
1915-01-22,3.228916666666667
1915-01-25,3.2281250000000004
1915-01-26,3.2273333333333336
1915-01-27,3.226541666666667
1915-01-28,3.225750000000001
1915-01-29,3.224958333333334
1915-02-01,3.224166666666667
1915-02-02,3.223287037037037
1915-02-03,3.222407407407408
1915-02-04,3.221527777777778
1915-02-05,3.2206481481481486
1915-02-08,3.219768518518519
1915-02-09,3.2188888888888894
1915-02-10,3.21800925925926
1915-02-11,3.21712962962963
1915-02-15,3.2162500000000005
1915-02-16,3.215370370370371
1915-02-17,3.2144907407407413
1915-02-18,3.213611111111112
1915-02-19,3.212731481481482
1915-02-23,3.2118518518518524
1915-02-24,3.210972222222223
1915-02-25,3.210092592592593
1915-02-26,3.2092129629629635
1915-03-01,3.208333333333334
1915-03-02,3.2076449275362324
1915-03-03,3.206956521739131
1915-03-04,3.206268115942029
1915-03-05,3.205579710144928
1915-03-08,3.2048913043478264
1915-03-09,3.204202898550725
1915-03-10,3.2035144927536234
1915-03-11,3.202826086956522
1915-03-12,3.2021376811594204
1915-03-15,3.201449275362319
1915-03-16,3.200760869565217
1915-03-17,3.2000724637681164
1915-03-18,3.199384057971015
1915-03-19,3.1986956521739134
1915-03-22,3.198007246376812
1915-03-23,3.1973188405797104
1915-03-24,3.196630434782609
1915-03-25,3.1959420289855074
1915-03-26,3.195253623188406
1915-03-29,3.1945652173913044
1915-03-30,3.193876811594203
1915-03-31,3.1931884057971014
1915-04-01,3.1925
1915-04-05,3.191746031746032
1915-04-06,3.190992063492063
1915-04-07,3.190238095238095
1915-04-08,3.189484126984127
1915-04-09,3.188730158730159
1915-04-12,3.1879761904761903
1915-04-13,3.187222222222222
1915-04-14,3.186468253968254
1915-04-15,3.185714285714285
1915-04-16,3.1849603174603174
1915-04-19,3.1842063492063493
1915-04-20,3.183452380952381
1915-04-21,3.1826984126984126
1915-04-22,3.1819444444444445
1915-04-23,3.1811904761904763
1915-04-26,3.180436507936508
1915-04-27,3.17968253968254
1915-04-28,3.1789285714285715
1915-04-29,3.1781746031746034
1915-04-30,3.177420634920635
1915-05-03,3.1766666666666667
1915-05-04,3.175875
1915-05-05,3.1750833333333333
1915-05-06,3.1742916666666665
1915-05-07,3.1735
1915-05-10,3.172708333333333
1915-05-11,3.1719166666666667
1915-05-12,3.171125
1915-05-13,3.170333333333333
1915-05-14,3.1695416666666665
1915-05-17,3.16875
1915-05-18,3.167958333333333
1915-05-19,3.1671666666666662
1915-05-20,3.1663749999999995
1915-05-21,3.1655833333333327
1915-05-24,3.164791666666666
1915-05-25,3.164
1915-05-26,3.163208333333333
1915-05-27,3.162416666666666
1915-05-28,3.1616249999999995
1915-06-01,3.1608333333333327
1915-06-02,3.160113636363636
1915-06-03,3.1593939393939388
1915-06-04,3.158674242424242
1915-06-07,3.157954545454545
1915-06-08,3.157234848484848
1915-06-09,3.156515151515151
1915-06-10,3.155795454545454
1915-06-11,3.155075757575757
1915-06-14,3.15435606060606
1915-06-15,3.153636363636363
1915-06-16,3.152916666666666
1915-06-17,3.1521969696969694
1915-06-18,3.151477272727272
1915-06-21,3.1507575757575754
1915-06-22,3.150037878787878
1915-06-23,3.149318181818181
1915-06-24,3.1485984848484843
1915-06-25,3.1478787878787875
1915-06-28,3.1471590909090903
1915-06-29,3.146439393939393
1915-06-30,3.1457196969696963
1915-07-01,3.145
1915-07-02,3.1442460317460315
1915-07-06,3.143492063492063
1915-07-07,3.1427380952380948
1915-07-08,3.1419841269841267
1915-07-09,3.1412301587301585
1915-07-12,3.14047619047619
1915-07-13,3.139722222222222
1915-07-14,3.1389682539682537
1915-07-15,3.138214285714285
1915-07-16,3.137460317460317
1915-07-19,3.136706349206349
1915-07-20,3.135952380952381
1915-07-21,3.1351984126984123
1915-07-22,3.134444444444444
1915-07-23,3.133690476190476
1915-07-26,3.1329365079365075
1915-07-27,3.13218253968254
1915-07-28,3.1314285714285712
1915-07-29,3.130674603174603
1915-07-30,3.1299206349206345
1915-08-02,3.1291666666666664
1915-08-03,3.1284469696969697
1915-08-04,3.1277272727272725
1915-08-05,3.127007575757576
1915-08-06,3.1262878787878785
1915-08-09,3.1255681818181817
1915-08-10,3.1248484848484845
1915-08-11,3.124128787878788
1915-08-12,3.1234090909090906
1915-08-13,3.122689393939394
1915-08-16,3.1219696969696966
1915-08-17,3.12125
1915-08-18,3.120530303030303
1915-08-19,3.119810606060606
1915-08-20,3.119090909090909
1915-08-23,3.118371212121212
1915-08-24,3.117651515151515
1915-08-25,3.116931818181818
1915-08-26,3.116212121212121
1915-08-27,3.115492424242424
1915-08-30,3.1147727272727272
1915-08-31,3.11405303030303
1915-09-01,3.1133333333333333
1915-09-02,3.112579365079365
1915-09-03,3.1118253968253966
1915-09-07,3.1110714285714285
1915-09-08,3.1103174603174604
1915-09-09,3.1095634920634923
1915-09-10,3.108809523809524
1915-09-13,3.108055555555556
1915-09-14,3.1073015873015875
1915-09-15,3.106547619047619
1915-09-16,3.1057936507936508
1915-09-17,3.1050396825396827
1915-09-20,3.1042857142857145
1915-09-21,3.103531746031746
1915-09-22,3.102777777777778
1915-09-23,3.1020238095238097
1915-09-24,3.101269841269841
1915-09-27,3.100515873015873
1915-09-28,3.099761904761905
1915-09-29,3.099007936507937
1915-09-30,3.0982539682539683
1915-10-01,3.0975
1915-10-04,3.0967083333333334
1915-10-05,3.0959166666666667
1915-10-06,3.0951250000000003
1915-10-07,3.0943333333333336
1915-10-08,3.093541666666667
1915-10-11,3.09275
1915-10-13,3.0919583333333334
1915-10-14,3.091166666666667
1915-10-15,3.0903750000000003
1915-10-18,3.0895833333333336
1915-10-19,3.088791666666667
1915-10-20,3.088
1915-10-21,3.0872083333333338
1915-10-22,3.086416666666667
1915-10-25,3.0856250000000003
1915-10-26,3.084833333333333
1915-10-27,3.084041666666667
1915-10-28,3.0832500000000005
1915-10-29,3.0824583333333337
1915-11-01,3.081666666666667
1915-11-03,3.0808750000000003
1915-11-04,3.080083333333333
1915-11-05,3.0792916666666668
1915-11-08,3.0785
1915-11-09,3.0777083333333337
1915-11-10,3.076916666666667
1915-11-11,3.076125
1915-11-12,3.075333333333333
1915-11-15,3.0745416666666667
1915-11-16,3.07375
1915-11-17,3.072958333333333
1915-11-18,3.0721666666666665
1915-11-19,3.071375
1915-11-22,3.070583333333333
1915-11-23,3.0697916666666663
1915-11-24,3.069
1915-11-26,3.068208333333333
1915-11-29,3.0674166666666665
1915-11-30,3.066625
1915-12-01,3.065833333333333
1915-12-02,3.065113636363636
1915-12-03,3.064393939393939
1915-12-06,3.0636742424242422
1915-12-07,3.062954545454545
1915-12-08,3.0622348484848483
1915-12-09,3.061515151515151
1915-12-10,3.0607954545454543
1915-12-13,3.060075757575757
1915-12-14,3.0593560606060604
1915-12-15,3.058636363636363
1915-12-16,3.0579166666666664
1915-12-17,3.0571969696969696
1915-12-20,3.0564772727272724
1915-12-21,3.055757575757576
1915-12-22,3.0550378787878785
1915-12-23,3.0543181818181817
1915-12-24,3.0535984848484845
1915-12-27,3.052878787878788
1915-12-28,3.0521590909090905
1915-12-29,3.051439393939394
1915-12-30,3.0507196969696966
1916-01-03,3.05
1916-01-04,3.0507142857142857
1916-01-05,3.051428571428571
1916-01-06,3.052142857142857
1916-01-07,3.0528571428571425
1916-01-10,3.0535714285714284
1916-01-11,3.054285714285714
1916-01-12,3.055
1916-01-13,3.0557142857142856
1916-01-14,3.056428571428571
1916-01-17,3.057142857142857
1916-01-18,3.0578571428571424
1916-01-19,3.0585714285714283
1916-01-20,3.0592857142857137
1916-01-21,3.06
1916-01-24,3.060714285714285
1916-01-25,3.061428571428571
1916-01-26,3.062142857142857
1916-01-27,3.0628571428571423
1916-01-28,3.063571428571428
1916-01-31,3.0642857142857136
1916-02-01,3.0649999999999995
1916-02-02,3.0657499999999995
1916-02-03,3.0665
1916-02-04,3.06725
1916-02-07,3.068
1916-02-08,3.06875
1916-02-09,3.0695
1916-02-10,3.07025
1916-02-11,3.071
1916-02-14,3.07175
1916-02-15,3.0725
1916-02-16,3.07325
1916-02-17,3.074
1916-02-18,3.07475
1916-02-21,3.0755
1916-02-23,3.07625
1916-02-24,3.077
1916-02-25,3.07775
1916-02-28,3.0785
1916-02-29,3.07925
1916-03-01,3.08
1916-03-02,3.080652173913044
1916-03-03,3.081304347826087
1916-03-06,3.0819565217391305
1916-03-07,3.082608695652174
1916-03-08,3.0832608695652173
1916-03-09,3.083913043478261
1916-03-10,3.0845652173913045
1916-03-13,3.085217391304348
1916-03-14,3.085869565217392
1916-03-15,3.086521739130435
1916-03-16,3.087173913043478
1916-03-17,3.0878260869565217
1916-03-20,3.088478260869565
1916-03-21,3.0891304347826085
1916-03-22,3.089782608695652
1916-03-23,3.090434782608696
1916-03-24,3.091086956521739
1916-03-27,3.0917391304347825
1916-03-28,3.0923913043478257
1916-03-29,3.0930434782608693
1916-03-30,3.093695652173913
1916-03-31,3.094347826086956
1916-04-03,3.095
1916-04-04,3.0957894736842104
1916-04-05,3.0965789473684207
1916-04-06,3.097368421052632
1916-04-07,3.098157894736842
1916-04-10,3.098947368421052
1916-04-11,3.099736842105263
1916-04-12,3.100526315789473
1916-04-13,3.101315789473684
1916-04-14,3.1021052631578945
1916-04-17,3.1028947368421047
1916-04-18,3.1036842105263154
1916-04-19,3.104473684210526
1916-04-20,3.1052631578947363
1916-04-24,3.106052631578947
1916-04-25,3.106842105263157
1916-04-26,3.107631578947368
1916-04-27,3.1084210526315785
1916-04-28,3.1092105263157888
1916-05-01,3.1099999999999994
1916-05-02,3.110681818181817
1916-05-03,3.111363636363636
1916-05-04,3.112045454545454
1916-05-05,3.1127272727272723
1916-05-08,3.1134090909090903
1916-05-09,3.114090909090909
1916-05-10,3.114772727272727
1916-05-11,3.1154545454545453
1916-05-12,3.116136363636364
1916-05-15,3.1168181818181817
1916-05-16,3.1175
1916-05-17,3.1181818181818177
1916-05-18,3.118863636363636
1916-05-19,3.119545454545454
1916-05-22,3.1202272727272726
1916-05-23,3.12090909090909
1916-05-24,3.121590909090909
1916-05-25,3.122272727272727
1916-05-26,3.122954545454545
1916-05-29,3.1236363636363635
1916-05-31,3.124318181818182
1916-06-01,3.125
1916-06-02,3.125681818181818
1916-06-05,3.1263636363636365
1916-06-06,3.1270454545454545
1916-06-07,3.127727272727273
1916-06-08,3.128409090909091
1916-06-09,3.1290909090909094
1916-06-12,3.129772727272728
1916-06-13,3.130454545454546
1916-06-14,3.131136363636364
1916-06-15,3.1318181818181823
1916-06-16,3.1325000000000003
1916-06-19,3.1331818181818183
1916-06-20,3.1338636363636367
1916-06-21,3.1345454545454547
1916-06-22,3.135227272727273
1916-06-23,3.135909090909091
1916-06-26,3.1365909090909097
1916-06-27,3.137272727272728
1916-06-28,3.137954545454546
1916-06-29,3.138636363636364
1916-06-30,3.1393181818181826
1916-07-03,3.140000000000001
1916-07-05,3.1407500000000006
1916-07-06,3.1415000000000006
1916-07-07,3.1422500000000007
1916-07-10,3.1430000000000007
1916-07-11,3.1437500000000007
1916-07-12,3.1445000000000003
1916-07-13,3.1452500000000003
1916-07-14,3.1460000000000004
1916-07-17,3.1467500000000004
1916-07-18,3.1475000000000004
1916-07-19,3.1482500000000004
1916-07-20,3.1490000000000005
1916-07-21,3.1497500000000005
1916-07-24,3.1505000000000005
1916-07-25,3.15125
1916-07-26,3.152
1916-07-27,3.15275
1916-07-28,3.1535
1916-07-31,3.15425
1916-08-01,3.155
1916-08-02,3.155652173913044
1916-08-03,3.156304347826087
1916-08-04,3.1569565217391307
1916-08-07,3.1576086956521743
1916-08-08,3.158260869565217
1916-08-09,3.158913043478261
1916-08-10,3.1595652173913047
1916-08-11,3.160217391304348
1916-08-14,3.1608695652173915
1916-08-15,3.161521739130435
1916-08-16,3.1621739130434783
1916-08-17,3.162826086956522
1916-08-18,3.163478260869565
1916-08-21,3.1641304347826087
1916-08-22,3.1647826086956523
1916-08-23,3.1654347826086955
1916-08-24,3.166086956521739
1916-08-25,3.1667391304347827
1916-08-28,3.167391304347826
1916-08-29,3.168043478260869
1916-08-30,3.168695652173913
1916-08-31,3.1693478260869563
1916-09-01,3.17
1916-09-05,3.17075
1916-09-06,3.1715
1916-09-07,3.17225
1916-09-08,3.173
1916-09-11,3.17375
1916-09-12,3.1745
1916-09-13,3.17525
1916-09-14,3.176
1916-09-15,3.17675
1916-09-18,3.1775
1916-09-19,3.17825
1916-09-20,3.1790000000000003
1916-09-21,3.1797500000000003
1916-09-22,3.1805000000000003
1916-09-25,3.1812500000000004
1916-09-26,3.1820000000000004
1916-09-27,3.1827500000000004
1916-09-28,3.1835000000000004
1916-09-29,3.1842500000000005
1916-10-02,3.1850000000000005
1916-10-03,3.1857142857142864
1916-10-04,3.186428571428572
1916-10-05,3.1871428571428577
1916-10-06,3.187857142857143
1916-10-09,3.188571428571429
1916-10-10,3.1892857142857145
1916-10-11,3.1900000000000004
1916-10-13,3.1907142857142863
1916-10-16,3.191428571428572
1916-10-17,3.1921428571428576
1916-10-18,3.192857142857143
1916-10-19,3.193571428571429
1916-10-20,3.1942857142857144
1916-10-23,3.1950000000000003
1916-10-24,3.195714285714286
1916-10-25,3.196428571428572
1916-10-26,3.197142857142857
1916-10-27,3.197857142857143
1916-10-30,3.198571428571429
1916-10-31,3.1992857142857143
1916-11-01,3.2
1916-11-02,3.20075
1916-11-03,3.2015
1916-11-06,3.2022500000000003
1916-11-08,3.2030000000000003
1916-11-09,3.2037500000000003
1916-11-10,3.2045
1916-11-13,3.20525
1916-11-14,3.206
1916-11-15,3.20675
1916-11-16,3.2075
1916-11-17,3.20825
1916-11-20,3.209
1916-11-21,3.20975
1916-11-22,3.2105
1916-11-23,3.21125
1916-11-24,3.212
1916-11-27,3.21275
1916-11-28,3.2135
1916-11-29,3.21425
1916-12-01,3.215
1916-12-04,3.21575
1916-12-05,3.2165
1916-12-06,3.21725
1916-12-07,3.218
1916-12-08,3.21875
1916-12-11,3.2195
1916-12-12,3.22025
1916-12-13,3.221
1916-12-14,3.22175
1916-12-15,3.2225
1916-12-18,3.22325
1916-12-19,3.224
1916-12-20,3.22475
1916-12-21,3.2255000000000003
1916-12-22,3.2262500000000003
1916-12-26,3.2270000000000003
1916-12-27,3.2277500000000003
1916-12-28,3.2285000000000004
1916-12-29,3.2292500000000004
1917-01-02,3.2300000000000004
1917-01-03,3.23128787878788
1917-01-04,3.232575757575758
1917-01-05,3.233863636363637
1917-01-08,3.235151515151516
1917-01-09,3.2364393939393943
1917-01-10,3.237727272727273
1917-01-11,3.239015151515152
1917-01-12,3.2403030303030302
1917-01-15,3.241590909090909
1917-01-16,3.242878787878788
1917-01-17,3.244166666666666
1917-01-18,3.2454545454545456
1917-01-19,3.246742424242424
1917-01-22,3.248030303030303
1917-01-23,3.2493181818181816
1917-01-24,3.2506060606060605
1917-01-25,3.251893939393939
1917-01-26,3.253181818181818
1917-01-29,3.2544696969696965
1917-01-30,3.2557575757575754
1917-01-31,3.257045454545454
1917-02-01,3.258333333333333
1917-02-02,3.259907407407407
1917-02-05,3.261481481481481
1917-02-06,3.263055555555556
1917-02-07,3.264629629629629
1917-02-08,3.266203703703704
1917-02-09,3.267777777777777
1917-02-13,3.269351851851852
1917-02-14,3.270925925925926
1917-02-15,3.2725
1917-02-16,3.274074074074074
1917-02-19,3.2756481481481483
1917-02-20,3.2772222222222225
1917-02-21,3.2787962962962967
1917-02-23,3.2803703703703704
1917-02-26,3.281944444444445
1917-02-27,3.2835185185185187
1917-02-28,3.285092592592593
1917-03-01,3.286666666666667
1917-03-02,3.287954545454546
1917-03-05,3.2892424242424245
1917-03-06,3.2905303030303035
1917-03-07,3.2918181818181824
1917-03-08,3.2931060606060614
1917-03-09,3.29439393939394
1917-03-12,3.295681818181819
1917-03-13,3.2969696969696978
1917-03-14,3.2982575757575767
1917-03-15,3.2995454545454552
1917-03-16,3.300833333333334
1917-03-19,3.302121212121213
1917-03-20,3.303409090909092
1917-03-21,3.3046969696969706
1917-03-22,3.305984848484849
1917-03-23,3.3072727272727285
1917-03-26,3.308560606060607
1917-03-27,3.309848484848486
1917-03-28,3.311136363636365
1917-03-29,3.312424242424244
1917-03-30,3.3137121212121223
1917-04-02,3.3150000000000013
1917-04-03,3.316416666666668
1917-04-04,3.3178333333333345
1917-04-05,3.319250000000001
1917-04-09,3.320666666666668
1917-04-10,3.3220833333333344
1917-04-11,3.323500000000001
1917-04-12,3.324916666666668
1917-04-13,3.3263333333333343
1917-04-16,3.327750000000001
1917-04-17,3.3291666666666675
1917-04-18,3.330583333333334
1917-04-19,3.3320000000000007
1917-04-20,3.333416666666668
1917-04-23,3.334833333333334
1917-04-24,3.3362500000000006
1917-04-25,3.3376666666666672
1917-04-26,3.339083333333334
1917-04-27,3.3405000000000005
1917-04-30,3.341916666666667
1917-05-01,3.3433333333333337
1917-05-02,3.3446212121212127
1917-05-03,3.345909090909091
1917-05-04,3.34719696969697
1917-05-07,3.348484848484849
1917-05-08,3.349772727272728
1917-05-09,3.3510606060606065
1917-05-10,3.352348484848485
1917-05-11,3.353636363636364
1917-05-14,3.354924242424243
1917-05-15,3.356212121212121
1917-05-16,3.3575000000000004
1917-05-17,3.35878787878788
1917-05-18,3.360075757575758
1917-05-21,3.3613636363636368
1917-05-22,3.362651515151516
1917-05-23,3.3639393939393942
1917-05-24,3.365227272727273
1917-05-25,3.366515151515152
1917-05-28,3.36780303030303
1917-05-29,3.3690909090909096
1917-05-31,3.370378787878788
1917-06-01,3.371666666666667
1917-06-04,3.3730833333333337
1917-06-06,3.3745000000000003
1917-06-07,3.375916666666667
1917-06-08,3.377333333333333
1917-06-11,3.37875
1917-06-12,3.380166666666667
1917-06-13,3.381583333333334
1917-06-14,3.3830000000000005
1917-06-15,3.384416666666667
1917-06-18,3.3858333333333337
1917-06-19,3.3872500000000003
1917-06-20,3.388666666666667
1917-06-21,3.3900833333333336
1917-06-22,3.3915
1917-06-25,3.3929166666666672
1917-06-26,3.394333333333334
1917-06-27,3.3957500000000005
1917-06-28,3.397166666666667
1917-06-29,3.3985833333333337
1917-07-02,3.4000000000000004
1917-07-03,3.401349206349207
1917-07-05,3.402698412698413
1917-07-06,3.404047619047619
1917-07-09,3.4053968253968256
1917-07-10,3.406746031746032
1917-07-11,3.4080952380952385
1917-07-12,3.409444444444445
1917-07-13,3.410793650793651
1917-07-16,3.4121428571428574
1917-07-17,3.413492063492064
1917-07-18,3.4148412698412702
1917-07-19,3.4161904761904767
1917-07-20,3.417539682539683
1917-07-23,3.418888888888889
1917-07-24,3.4202380952380955
1917-07-25,3.421587301587302
1917-07-26,3.4229365079365084
1917-07-27,3.424285714285715
1917-07-30,3.425634920634921
1917-07-31,3.4269841269841272
1917-08-01,3.4283333333333337
1917-08-02,3.4295652173913047
1917-08-03,3.430797101449276
1917-08-06,3.4320289855072468
1917-08-07,3.433260869565218
1917-08-08,3.434492753623189
1917-08-09,3.43572463768116
1917-08-10,3.436956521739131
1917-08-13,3.438188405797102
1917-08-14,3.439420289855073
1917-08-15,3.440652173913044
1917-08-16,3.441884057971015
1917-08-17,3.4431159420289856
1917-08-20,3.4443478260869567
1917-08-21,3.445579710144928
1917-08-22,3.4468115942028987
1917-08-23,3.4480434782608698
1917-08-24,3.449275362318841
1917-08-27,3.450507246376812
1917-08-28,3.451739130434783
1917-08-29,3.452971014492754
1917-08-30,3.454202898550725
1917-08-31,3.455434782608696
1917-09-04,3.456666666666667
1917-09-05,3.4581578947368423
1917-09-06,3.459649122807018
1917-09-07,3.4611403508771934
1917-09-10,3.4626315789473687
1917-09-11,3.464122807017544
1917-09-12,3.46561403508772
1917-09-13,3.467105263157895
1917-09-14,3.4685964912280705
1917-09-17,3.4700877192982458
1917-09-18,3.471578947368421
1917-09-19,3.473070175438597
1917-09-20,3.474561403508772
1917-09-21,3.4760526315789475
1917-09-24,3.477543859649124
1917-09-25,3.4790350877192986
1917-09-26,3.480526315789474
1917-09-27,3.482017543859649
1917-09-28,3.483508771929825
1917-10-01,3.4850000000000003
1917-10-02,3.48628787878788
1917-10-03,3.4875757575757578
1917-10-04,3.4888636363636367
1917-10-05,3.490151515151516
1917-10-08,3.491439393939394
1917-10-09,3.492727272727273
1917-10-10,3.494015151515152
1917-10-11,3.4953030303030306
1917-10-15,3.496590909090909
1917-10-16,3.497878787878788
1917-10-17,3.499166666666667
1917-10-18,3.500454545454546
1917-10-19,3.5017424242424244
1917-10-22,3.5030303030303034
1917-10-23,3.5043181818181823
1917-10-24,3.505606060606061
1917-10-25,3.50689393939394
1917-10-26,3.5081818181818183
1917-10-29,3.509469696969697
1917-10-30,3.510757575757576
1917-10-31,3.5120454545454547
1917-11-01,3.5133333333333336
1917-11-02,3.5147500000000003
1917-11-05,3.516166666666667
1917-11-07,3.517583333333333
1917-11-08,3.519
1917-11-09,3.5204166666666667
1917-11-12,3.521833333333334
1917-11-13,3.5232500000000004
1917-11-14,3.524666666666667
1917-11-15,3.5260833333333337
1917-11-16,3.5275000000000003
1917-11-19,3.528916666666667
1917-11-20,3.530333333333333
1917-11-21,3.53175
1917-11-22,3.533166666666667
1917-11-23,3.534583333333334
1917-11-26,3.5360000000000005
1917-11-27,3.537416666666667
1917-11-28,3.5388333333333337
1917-11-30,3.5402500000000003
1917-12-03,3.541666666666667
1917-12-04,3.5430833333333336
1917-12-05,3.5445
1917-12-06,3.545916666666667
1917-12-07,3.547333333333333
1917-12-10,3.54875
1917-12-11,3.550166666666667
1917-12-12,3.5515833333333338
1917-12-13,3.5530000000000004
1917-12-14,3.554416666666667
1917-12-17,3.5558333333333336
1917-12-18,3.55725
1917-12-19,3.558666666666667
1917-12-20,3.560083333333333
1917-12-21,3.5615
1917-12-24,3.562916666666667
1917-12-26,3.564333333333334
1917-12-27,3.5657500000000004
1917-12-28,3.567166666666667
1917-12-31,3.5685833333333337
1918-01-02,3.5700000000000003
1918-01-03,3.5697222222222225
1918-01-04,3.5694444444444446
1918-01-07,3.569166666666667
1918-01-08,3.568888888888889
1918-01-09,3.568611111111111
1918-01-10,3.568333333333334
1918-01-11,3.568055555555556
1918-01-14,3.567777777777778
1918-01-15,3.5675000000000003
1918-01-16,3.5672222222222225
1918-01-17,3.5669444444444447
1918-01-18,3.566666666666667
1918-01-21,3.566388888888889
1918-01-22,3.5661111111111112
1918-01-23,3.5658333333333334
1918-01-24,3.565555555555556
1918-01-25,3.565277777777778
1918-01-29,3.5650000000000004
1918-01-30,3.5647222222222226
1918-01-31,3.5644444444444447
1918-02-01,3.564166666666667
1918-02-05,3.563802083333333
1918-02-06,3.5634375
1918-02-07,3.563072916666667
1918-02-08,3.5627083333333336
1918-02-13,3.56234375
1918-02-14,3.561979166666667
1918-02-15,3.5616145833333337
1918-02-18,3.56125
1918-02-19,3.560885416666667
1918-02-20,3.5605208333333334
1918-02-21,3.5601562500000004
1918-02-25,3.559791666666667
1918-02-26,3.559427083333333
1918-02-27,3.5590625000000005
1918-02-28,3.558697916666667
1918-03-01,3.5583333333333336
1918-03-04,3.558041666666667
1918-03-05,3.5577500000000004
1918-03-06,3.5574583333333334
1918-03-07,3.557166666666667
1918-03-08,3.556875
1918-03-11,3.5565833333333337
1918-03-12,3.556291666666667
1918-03-13,3.556
1918-03-14,3.555708333333333
1918-03-15,3.555416666666667
1918-03-18,3.5551250000000003
1918-03-19,3.5548333333333337
1918-03-20,3.5545416666666667
1918-03-21,3.55425
1918-03-22,3.5539583333333336
1918-03-25,3.553666666666667
1918-03-26,3.5533750000000004
1918-03-27,3.5530833333333334
1918-03-28,3.552791666666667
1918-04-01,3.5525
1918-04-02,3.5522348484848485
1918-04-03,3.551969696969697
1918-04-04,3.551704545454545
1918-04-05,3.5514393939393942
1918-04-08,3.5511742424242425
1918-04-09,3.5509090909090912
1918-04-10,3.5506439393939395
1918-04-11,3.550378787878788
1918-04-12,3.5501136363636365
1918-04-15,3.5498484848484853
1918-04-16,3.549583333333333
1918-04-17,3.549318181818182
1918-04-18,3.5490530303030305
1918-04-19,3.548787878787879
1918-04-22,3.548522727272728
1918-04-23,3.548257575757576
1918-04-24,3.547992424242425
1918-04-25,3.547727272727273
1918-04-26,3.5474621212121216
1918-04-29,3.54719696969697
1918-04-30,3.5469318181818186
1918-05-01,3.546666666666667
1918-05-02,3.546401515151515
1918-05-03,3.546136363636364
1918-05-06,3.545871212121212
1918-05-07,3.545606060606061
1918-05-08,3.545340909090909
1918-05-09,3.545075757575758
1918-05-10,3.544810606060606
1918-05-13,3.544545454545455
1918-05-14,3.544280303030303
1918-05-15,3.544015151515152
1918-05-16,3.54375
1918-05-17,3.5434848484848485
1918-05-20,3.543219696969697
1918-05-21,3.542954545454545
1918-05-22,3.542689393939394
1918-05-23,3.5424242424242425
1918-05-24,3.542159090909091
1918-05-27,3.5418939393939395
1918-05-28,3.541628787878788
1918-05-29,3.5413636363636365
1918-05-31,3.541098484848485
1918-06-03,3.540833333333333
1918-06-04,3.540541666666667
1918-06-05,3.5402500000000003
1918-06-06,3.5399583333333333
1918-06-07,3.5396666666666667
1918-06-10,3.539375
1918-06-11,3.5390833333333336
1918-06-12,3.538791666666667
1918-06-13,3.5385
1918-06-14,3.5382083333333334
1918-06-17,3.537916666666667
1918-06-18,3.537625
1918-06-19,3.5373333333333337
1918-06-20,3.537041666666666
1918-06-21,3.53675
1918-06-24,3.536458333333333
1918-06-25,3.536166666666667
1918-06-26,3.5358750000000003
1918-06-27,3.5355833333333333
1918-06-28,3.5352916666666667
1918-07-01,3.535
1918-07-02,3.5347348484848484
1918-07-03,3.534469696969697
1918-07-05,3.534204545454545
1918-07-08,3.533939393939394
1918-07-09,3.5336742424242424
1918-07-10,3.533409090909091
1918-07-11,3.5331439393939394
1918-07-12,3.532878787878788
1918-07-15,3.5326136363636365
1918-07-16,3.532348484848485
1918-07-17,3.532083333333333
1918-07-18,3.5318181818181817
1918-07-19,3.5315530303030305
1918-07-22,3.5312878787878788
1918-07-23,3.5310227272727275
1918-07-24,3.530757575757576
1918-07-25,3.5304924242424245
1918-07-26,3.5302272727272728
1918-07-29,3.529962121212121
1918-07-30,3.5296969696969698
1918-07-31,3.5294318181818185
1918-08-01,3.529166666666667
1918-08-02,3.528901515151515
1918-08-05,3.528636363636364
1918-08-06,3.528371212121212
1918-08-07,3.528106060606061
1918-08-08,3.527840909090909
1918-08-09,3.527575757575758
1918-08-12,3.527310606060606
1918-08-13,3.527045454545455
1918-08-14,3.526780303030303
1918-08-15,3.526515151515152
1918-08-16,3.52625
1918-08-19,3.5259848484848484
1918-08-20,3.525719696969697
1918-08-21,3.5254545454545454
1918-08-22,3.525189393939394
1918-08-23,3.5249242424242424
1918-08-26,3.524659090909091
1918-08-27,3.5243939393939394
1918-08-28,3.524128787878788
1918-08-29,3.5238636363636364
1918-08-30,3.523598484848485
1918-09-03,3.523333333333333
1918-09-04,3.523026315789474
1918-09-05,3.522719298245614
1918-09-06,3.5224122807017544
1918-09-09,3.522105263157895
1918-09-10,3.521798245614036
1918-09-11,3.521491228070176
1918-09-13,3.521184210526316
1918-09-16,3.5208771929824563
1918-09-17,3.5205701754385967
1918-09-18,3.5202631578947368
1918-09-19,3.519956140350877
1918-09-20,3.5196491228070177
1918-09-23,3.519342105263158
1918-09-24,3.519035087719298
1918-09-25,3.518728070175438
1918-09-26,3.518421052631579
1918-09-27,3.51811403508772
1918-09-30,3.51780701754386
1918-10-01,3.5175
1918-10-02,3.5172463768115945
1918-10-03,3.5169927536231884
1918-10-04,3.516739130434783
1918-10-07,3.5164855072463768
1918-10-08,3.516231884057971
1918-10-09,3.515978260869565
1918-10-10,3.5157246376811595
1918-10-11,3.515471014492754
1918-10-14,3.515217391304348
1918-10-15,3.5149637681159422
1918-10-16,3.514710144927536
1918-10-17,3.5144565217391306
1918-10-18,3.5142028985507245
1918-10-21,3.513949275362319
1918-10-22,3.513695652173913
1918-10-23,3.513442028985508
1918-10-24,3.5131884057971017
1918-10-25,3.512934782608696
1918-10-28,3.51268115942029
1918-10-29,3.512427536231884
1918-10-30,3.5121739130434784
1918-10-31,3.5119202898550723
1918-11-01,3.5116666666666667
1918-11-04,3.5113425925925927
1918-11-06,3.5110185185185188
1918-11-07,3.5106944444444443
1918-11-08,3.5103703703703704
1918-11-12,3.5100462962962964
1918-11-13,3.5097222222222224
1918-11-14,3.509398148148148
1918-11-15,3.509074074074074
1918-11-18,3.50875
1918-11-19,3.508425925925926
1918-11-20,3.508101851851852
1918-11-21,3.5077777777777777
1918-11-22,3.507453703703704
1918-11-25,3.5071296296296297
1918-11-26,3.506805555555556
1918-11-27,3.5064814814814813
1918-11-29,3.506157407407408
1918-12-02,3.5058333333333334
1918-12-03,3.5055555555555555
1918-12-04,3.5052777777777777
1918-12-05,3.505
1918-12-06,3.504722222222222
1918-12-09,3.5044444444444443
1918-12-10,3.504166666666667
1918-12-11,3.503888888888889
1918-12-12,3.5036111111111112
1918-12-13,3.5033333333333334
1918-12-16,3.503055555555556
1918-12-17,3.5027777777777778
1918-12-18,3.5025
1918-12-19,3.502222222222222
1918-12-20,3.5019444444444443
1918-12-23,3.5016666666666665
1918-12-24,3.501388888888889
1918-12-26,3.501111111111112
1918-12-27,3.500833333333333
1918-12-30,3.500555555555556
1918-12-31,3.500277777777778
1919-01-02,3.5
1919-01-03,3.501780303030303
1919-01-06,3.503560606060606
1919-01-07,3.505340909090909
1919-01-08,3.5071212121212123
1919-01-09,3.508901515151515
1919-01-10,3.5106818181818182
1919-01-13,3.512462121212121
1919-01-14,3.514242424242424
1919-01-15,3.516022727272728
1919-01-16,3.51780303030303
1919-01-17,3.5195833333333333
1919-01-20,3.5213636363636365
1919-01-21,3.523143939393939
1919-01-22,3.5249242424242424
1919-01-23,3.5267045454545456
1919-01-24,3.5284848484848483
1919-01-27,3.5302651515151515
1919-01-28,3.5320454545454543
1919-01-29,3.533825757575757
1919-01-30,3.5356060606060606
1919-01-31,3.5373863636363634
1919-02-03,3.5391666666666666
1919-02-04,3.5412280701754386
1919-02-05,3.54328947368421
1919-02-06,3.5453508771929823
1919-02-07,3.5474122807017543
1919-02-10,3.5494736842105263
1919-02-11,3.551535087719298
1919-02-13,3.55359649122807
1919-02-14,3.555657894736842
1919-02-17,3.557719298245614
1919-02-18,3.5597807017543857
1919-02-19,3.5618421052631577
1919-02-20,3.5639035087719297
1919-02-21,3.565964912280702
1919-02-24,3.5680263157894734
1919-02-25,3.5700877192982454
1919-02-26,3.572149122807017
1919-02-27,3.574210526315789
1919-02-28,3.576271929824561
1919-03-03,3.578333333333333
1919-03-04,3.5802916666666667
1919-03-05,3.58225
1919-03-06,3.584208333333333
1919-03-07,3.5861666666666663
1919-03-10,3.588125
1919-03-11,3.5900833333333333
1919-03-12,3.5920416666666664
1919-03-13,3.594
1919-03-14,3.595958333333333
1919-03-17,3.5979166666666664
1919-03-18,3.599875
1919-03-19,3.601833333333333
1919-03-20,3.6037916666666665
1919-03-21,3.60575
1919-03-24,3.607708333333333
1919-03-26,3.6096666666666666
1919-03-27,3.611625
1919-03-28,3.613583333333333
1919-03-31,3.615541666666666
1919-04-01,3.6175
1919-04-02,3.619365079365079
1919-04-03,3.62123015873016
1919-04-04,3.623095238095238
1919-04-07,3.624960317460317
1919-04-08,3.6268253968253967
1919-04-09,3.628690476190476
1919-04-10,3.630555555555555
1919-04-11,3.6324206349206345
1919-04-14,3.634285714285714
1919-04-15,3.636150793650793
1919-04-16,3.6380158730158727
1919-04-17,3.639880952380952
1919-04-21,3.641746031746032
1919-04-22,3.643611111111111
1919-04-23,3.6454761904761903
1919-04-24,3.647341269841269
1919-04-25,3.6492063492063487
1919-04-28,3.651071428571428
1919-04-29,3.652936507936508
1919-04-30,3.654801587301587
1919-05-01,3.6566666666666654
1919-05-02,3.658625
1919-05-05,3.660583333333333
1919-05-07,3.6625416666666655
1919-05-08,3.6645
1919-05-09,3.666458333333333
1919-05-12,3.6684166666666655
1919-05-13,3.670375
1919-05-14,3.672333333333333
1919-05-15,3.674291666666666
1919-05-16,3.67625
1919-05-19,3.678208333333333
1919-05-20,3.680166666666666
1919-05-21,3.682125
1919-05-22,3.6840833333333327
1919-05-23,3.686041666666666
1919-05-26,3.688
1919-05-27,3.689958333333333
1919-05-28,3.6919166666666654
1919-05-29,3.693875
1919-06-02,3.695833333333333
1919-06-03,3.697698412698412
1919-06-04,3.699563492063492
1919-06-05,3.701428571428571
1919-06-06,3.7032936507936505
1919-06-09,3.70515873015873
1919-06-10,3.707023809523809
1919-06-11,3.708888888888888
1919-06-12,3.710753968253968
1919-06-13,3.712619047619047
1919-06-16,3.7144841269841264
1919-06-17,3.716349206349206
1919-06-18,3.718214285714285
1919-06-19,3.7200793650793647
1919-06-20,3.721944444444444
1919-06-23,3.723809523809524
1919-06-24,3.7256746031746015
1919-06-25,3.727539682539682
1919-06-26,3.729404761904761
1919-06-27,3.7312698412698406
1919-06-30,3.73313492063492
1919-07-01,3.735
1919-07-02,3.736780303030303
1919-07-03,3.738560606060605
1919-07-07,3.740340909090909
1919-07-08,3.742121212121212
1919-07-09,3.7439015151515145
1919-07-10,3.7456818181818177
1919-07-11,3.74746212121212
1919-07-14,3.749242424242424
1919-07-15,3.751022727272727
1919-07-16,3.7528030303030295
1919-07-17,3.7545833333333327
1919-07-18,3.756363636363636
1919-07-21,3.758143939393938
1919-07-22,3.759924242424242
1919-07-23,3.761704545454545
1919-07-24,3.763484848484848
1919-07-25,3.765265151515151
1919-07-28,3.7670454545454537
1919-07-29,3.768825757575757
1919-07-30,3.77060606060606
1919-07-31,3.772386363636363
1919-08-01,3.774166666666666
1919-08-04,3.7760317460317454
1919-08-05,3.777896825396825
1919-08-06,3.779761904761904
1919-08-07,3.781626984126984
1919-08-08,3.783492063492063
1919-08-11,3.785357142857142
1919-08-12,3.787222222222221
1919-08-13,3.789087301587301
1919-08-14,3.79095238095238
1919-08-15,3.79281746031746
1919-08-18,3.794682539682539
1919-08-19,3.7965476190476175
1919-08-20,3.798412698412698
1919-08-21,3.800277777777777
1919-08-22,3.8021428571428566
1919-08-25,3.804007936507936
1919-08-26,3.805873015873015
1919-08-27,3.8077380952380944
1919-08-28,3.8096031746031738
1919-08-29,3.811468253968253
1919-09-02,3.813333333333333
1919-09-03,3.815291666666666
1919-09-04,3.817249999999999
1919-09-05,3.8192083333333327
1919-09-08,3.8211666666666657
1919-09-09,3.823124999999999
1919-09-11,3.8250833333333327
1919-09-12,3.827041666666666
1919-09-15,3.8289999999999993
1919-09-16,3.830958333333333
1919-09-17,3.832916666666666
1919-09-18,3.834875
1919-09-19,3.836833333333333
1919-09-22,3.838791666666666
1919-09-23,3.840749999999999
1919-09-24,3.842708333333333
1919-09-25,3.844666666666666
1919-09-26,3.846624999999999
1919-09-29,3.8485833333333326
1919-09-30,3.8505416666666656
1919-10-01,3.852499999999999
1919-10-02,3.8542803030303023
1919-10-03,3.856060606060605
1919-10-06,3.857840909090908
1919-10-07,3.859621212121212
1919-10-08,3.861401515151514
1919-10-09,3.8631818181818174
1919-10-10,3.864962121212121
1919-10-14,3.866742424242424
1919-10-15,3.868522727272727
1919-10-16,3.8703030303030297
1919-10-17,3.872083333333333
1919-10-20,3.873863636363636
1919-10-21,3.875643939393939
1919-10-22,3.877424242424242
1919-10-23,3.879204545454545
1919-10-24,3.880984848484848
1919-10-27,3.882765151515151
1919-10-28,3.8845454545454543
1919-10-29,3.8863257575757575
1919-10-30,3.8881060606060607
1919-10-31,3.8898863636363634
1919-11-03,3.8916666666666666
1919-11-05,3.893842592592593
1919-11-06,3.896018518518519
1919-11-07,3.898194444444445
1919-11-10,3.9003703703703705
1919-11-11,3.902546296296296
1919-11-12,3.904722222222222
1919-11-13,3.906898148148148
1919-11-14,3.909074074074074
1919-11-17,3.91125
1919-11-18,3.913425925925926
1919-11-19,3.915601851851852
1919-11-20,3.917777777777778
1919-11-21,3.919953703703704
1919-11-24,3.922129629629629
1919-11-25,3.9243055555555553
1919-11-26,3.926481481481481
1919-11-28,3.928657407407407
1919-12-01,3.930833333333333
1919-12-02,3.932613636363637
1919-12-03,3.934393939393939
1919-12-04,3.9361742424242414
1919-12-05,3.9379545454545455
1919-12-08,3.939734848484848
1919-12-09,3.941515151515152
1919-12-10,3.943295454545454
1919-12-11,3.945075757575757
1919-12-12,3.946856060606061
1919-12-15,3.9486363636363633
1919-12-16,3.9504166666666665
1919-12-17,3.9521969696969697
1919-12-18,3.953977272727272
1919-12-19,3.955757575757576
1919-12-22,3.957537878787879
1919-12-23,3.9593181818181815
1919-12-24,3.9610984848484847
1919-12-26,3.962878787878787
1919-12-29,3.96465909090909
1919-12-30,3.966439393939394
1919-12-31,3.968219696969697
1920-01-02,3.97
1920-01-05,3.97047619047619
1920-01-06,3.970952380952381
1920-01-07,3.971428571428571
1920-01-08,3.971904761904762
1920-01-09,3.972380952380952
1920-01-12,3.9728571428571424
1920-01-13,3.973333333333333
1920-01-14,3.973809523809524
1920-01-15,3.9742857142857138
1920-01-16,3.974761904761905
1920-01-19,3.975238095238095
1920-01-20,3.9757142857142855
1920-01-21,3.976190476190476
1920-01-22,3.976666666666666
1920-01-23,3.977142857142857
1920-01-26,3.977619047619047
1920-01-27,3.9780952380952375
1920-01-28,3.978571428571428
1920-01-29,3.9790476190476185
1920-01-30,3.979523809523809
1920-02-02,3.98
1920-02-03,3.980555555555555
1920-02-04,3.981111111111111
1920-02-05,3.9816666666666665
1920-02-06,3.982222222222222
1920-02-09,3.982777777777777
1920-02-10,3.983333333333333
1920-02-11,3.9838888888888886
1920-02-13,3.984444444444444
1920-02-16,3.985
1920-02-17,3.985555555555556
1920-02-18,3.986111111111111
1920-02-19,3.986666666666667
1920-02-20,3.9872222222222224
1920-02-24,3.9877777777777776
1920-02-25,3.988333333333333
1920-02-26,3.988888888888889
1920-02-27,3.989444444444445
1920-03-01,3.99
1920-03-02,3.990434782608696
1920-03-03,3.990869565217392
1920-03-04,3.991304347826087
1920-03-05,3.991739130434783
1920-03-08,3.9921739130434784
1920-03-09,3.9926086956521742
1920-03-10,3.9930434782608697
1920-03-11,3.993478260869565
1920-03-12,3.993913043478261
1920-03-15,3.994347826086957
1920-03-16,3.994782608695653
1920-03-17,3.995217391304348
1920-03-18,3.995652173913044
1920-03-19,3.996086956521739
1920-03-22,3.996521739130435
1920-03-23,3.9969565217391305
1920-03-24,3.997391304347826
1920-03-25,3.997826086956522
1920-03-26,3.998260869565217
1920-03-29,3.998695652173913
1920-03-30,3.9991304347826087
1920-03-31,3.999565217391305
1920-04-01,4.0
1920-04-05,4.00047619047619
1920-04-06,4.000952380952381
1920-04-07,4.001428571428572
1920-04-08,4.001904761904762
1920-04-09,4.002380952380952
1920-04-12,4.002857142857143
1920-04-13,4.003333333333333
1920-04-14,4.003809523809524
1920-04-15,4.004285714285714
1920-04-16,4.004761904761905
1920-04-19,4.005238095238095
1920-04-20,4.005714285714285
1920-04-21,4.006190476190476
1920-04-22,4.006666666666667
1920-04-23,4.007142857142857
1920-04-26,4.007619047619047
1920-04-27,4.008095238095238
1920-04-28,4.008571428571428
1920-04-29,4.009047619047619
1920-04-30,4.0095238095238095
1920-05-03,4.01
1920-05-04,4.0105
1920-05-05,4.011
1920-05-06,4.0115
1920-05-07,4.012
1920-05-10,4.012499999999999
1920-05-11,4.013
1920-05-12,4.0135
1920-05-13,4.013999999999999
1920-05-14,4.0145
1920-05-17,4.015
1920-05-18,4.015499999999999
1920-05-19,4.016
1920-05-20,4.0165
1920-05-21,4.017
1920-05-24,4.0175
1920-05-25,4.018
1920-05-26,4.0185
1920-05-27,4.018999999999999
1920-05-28,4.0195
1920-06-01,4.02
1920-06-02,4.020454545454545
1920-06-03,4.0209090909090905
1920-06-04,4.021363636363636
1920-06-07,4.0218181818181815
1920-06-08,4.022272727272727
1920-06-09,4.0227272727272725
1920-06-10,4.0231818181818175
1920-06-11,4.023636363636364
1920-06-14,4.0240909090909085
1920-06-15,4.024545454545454
1920-06-16,4.025
1920-06-17,4.0254545454545445
1920-06-18,4.02590909090909
1920-06-21,4.026363636363636
1920-06-22,4.026818181818181
1920-06-23,4.0272727272727264
1920-06-24,4.027727272727272
1920-06-25,4.028181818181817
1920-06-28,4.028636363636363
1920-06-29,4.029090909090908
1920-06-30,4.029545454545454
1920-07-01,4.029999999999999
1920-07-02,4.03047619047619
1920-07-06,4.03095238095238
1920-07-07,4.031428571428571
1920-07-08,4.031904761904761
1920-07-09,4.032380952380952
1920-07-12,4.032857142857142
1920-07-13,4.033333333333332
1920-07-14,4.033809523809524
1920-07-15,4.034285714285714
1920-07-16,4.034761904761904
1920-07-19,4.035238095238094
1920-07-20,4.035714285714285
1920-07-21,4.036190476190475
1920-07-22,4.036666666666666
1920-07-23,4.0371428571428565
1920-07-26,4.037619047619047
1920-07-27,4.038095238095237
1920-07-28,4.038571428571427
1920-07-29,4.0390476190476186
1920-07-30,4.039523809523809
1920-08-02,4.039999999999999
1920-08-03,4.040454545454544
1920-08-04,4.04090909090909
1920-08-05,4.041363636363636
1920-08-06,4.041818181818181
1920-08-09,4.042272727272726
1920-08-10,4.042727272727272
1920-08-11,4.043181818181818
1920-08-12,4.043636363636363
1920-08-13,4.044090909090908
1920-08-16,4.044545454545454
1920-08-17,4.045
1920-08-18,4.045454545454545
1920-08-19,4.04590909090909
1920-08-20,4.046363636363636
1920-08-23,4.046818181818182
1920-08-24,4.047272727272727
1920-08-25,4.047727272727272
1920-08-26,4.048181818181818
1920-08-27,4.048636363636364
1920-08-30,4.049090909090909
1920-08-31,4.049545454545454
1920-09-01,4.05
1920-09-02,4.05047619047619
1920-09-03,4.05095238095238
1920-09-07,4.051428571428572
1920-09-08,4.051904761904762
1920-09-09,4.052380952380952
1920-09-10,4.052857142857143
1920-09-13,4.053333333333334
1920-09-14,4.053809523809524
1920-09-15,4.054285714285714
1920-09-16,4.054761904761905
1920-09-17,4.055238095238096
1920-09-20,4.055714285714286
1920-09-21,4.056190476190476
1920-09-22,4.056666666666667
1920-09-23,4.057142857142858
1920-09-24,4.057619047619048
1920-09-27,4.058095238095238
1920-09-28,4.058571428571429
1920-09-29,4.05904761904762
1920-09-30,4.05952380952381
1920-10-01,4.0600000000000005
1920-10-04,4.0605
1920-10-05,4.061
1920-10-06,4.0615000000000006
1920-10-07,4.062
1920-10-08,4.0625
1920-10-11,4.063000000000001
1920-10-13,4.0635
1920-10-14,4.064
1920-10-15,4.0645
1920-10-18,4.065
1920-10-19,4.0655
1920-10-20,4.066
1920-10-21,4.0665
1920-10-22,4.067
1920-10-25,4.0675
1920-10-26,4.068
1920-10-27,4.068499999999999
1920-10-28,4.068999999999999
1920-10-29,4.0695
1920-11-01,4.069999999999999
1920-11-03,4.070499999999999
1920-11-04,4.071
1920-11-05,4.0715
1920-11-08,4.071999999999999
1920-11-09,4.0725
1920-11-10,4.073
1920-11-11,4.073499999999999
1920-11-12,4.073999999999999
1920-11-15,4.0745
1920-11-16,4.074999999999999
1920-11-17,4.075499999999999
1920-11-18,4.076
1920-11-19,4.076499999999999
1920-11-22,4.076999999999999
1920-11-23,4.0775
1920-11-24,4.077999999999999
1920-11-26,4.078499999999999
1920-11-29,4.078999999999999
1920-11-30,4.0795
1920-12-01,4.079999999999999
1920-12-02,4.080434782608695
1920-12-03,4.080869565217391
1920-12-06,4.081304347826086
1920-12-07,4.081739130434782
1920-12-08,4.082173913043477
1920-12-09,4.082608695652174
1920-12-10,4.083043478260869
1920-12-13,4.083478260869565
1920-12-14,4.08391304347826
1920-12-15,4.084347826086956
1920-12-16,4.084782608695652
1920-12-17,4.085217391304347
1920-12-20,4.085652173913043
1920-12-21,4.086086956521739
1920-12-22,4.0865217391304345
1920-12-23,4.08695652173913
1920-12-24,4.087391304347825
1920-12-27,4.087826086956522
1920-12-28,4.088260869565217
1920-12-29,4.088695652173913
1920-12-30,4.089130434782608
1920-12-31,4.089565217391304
1921-01-03,4.09
1921-01-04,4.086865079365079
1921-01-05,4.083730158730159
1921-01-06,4.0805952380952375
1921-01-07,4.077460317460317
1921-01-10,4.0743253968253965
1921-01-11,4.071190476190476
1921-01-12,4.068055555555556
1921-01-13,4.064920634920634
1921-01-14,4.061785714285714
1921-01-17,4.058650793650793
1921-01-18,4.055515873015873
1921-01-19,4.052380952380952
1921-01-20,4.049246031746032
1921-01-21,4.04611111111111
1921-01-24,4.04297619047619
1921-01-25,4.039841269841269
1921-01-26,4.036706349206349
1921-01-27,4.033571428571428
1921-01-28,4.030436507936507
1921-01-31,4.0273015873015865
1921-02-01,4.024166666666666
1921-02-02,4.020701754385964
1921-02-03,4.017236842105262
1921-02-04,4.013771929824561
1921-02-07,4.010307017543859
1921-02-08,4.006842105263157
1921-02-09,4.003377192982455
1921-02-10,3.999912280701754
1921-02-11,3.996447368421052
1921-02-14,3.9929824561403504
1921-02-15,3.9895175438596486
1921-02-16,3.986052631578947
1921-02-17,3.982587719298245
1921-02-18,3.9791228070175433
1921-02-21,3.9756578947368415
1921-02-23,3.97219298245614
1921-02-24,3.9687280701754384
1921-02-25,3.9652631578947366
1921-02-28,3.961798245614035
1921-03-01,3.958333333333333
1921-03-02,3.955340909090909
1921-03-03,3.9523484848484847
1921-03-04,3.949356060606061
1921-03-07,3.946363636363636
1921-03-08,3.943371212121212
1921-03-09,3.940378787878788
1921-03-10,3.9373863636363633
1921-03-11,3.934393939393939
1921-03-14,3.931401515151515
1921-03-15,3.9284090909090894
1921-03-16,3.9254166666666666
1921-03-17,3.9224242424242415
1921-03-18,3.919431818181818
1921-03-21,3.916439393939394
1921-03-22,3.91344696969697
1921-03-23,3.9104545454545456
1921-03-24,3.907462121212121
1921-03-28,3.904469696969697
1921-03-29,3.9014772727272726
1921-03-30,3.898484848484848
1921-03-31,3.895492424242424
1921-04-01,3.8925
1921-04-04,3.88936507936508
1921-04-05,3.886230158730159
1921-04-06,3.883095238095238
1921-04-07,3.879960317460317
1921-04-08,3.8768253968253967
1921-04-11,3.873690476190476
1921-04-12,3.8705555555555553
1921-04-13,3.867420634920635
1921-04-14,3.8642857142857134
1921-04-15,3.8611507936507934
1921-04-18,3.858015873015873
1921-04-19,3.854880952380952
1921-04-20,3.851746031746032
1921-04-21,3.848611111111111
1921-04-22,3.84547619047619
1921-04-25,3.8423412698412696
1921-04-26,3.839206349206349
1921-04-27,3.836071428571428
1921-04-28,3.832936507936508
1921-04-29,3.829801587301586
1921-05-02,3.826666666666666
1921-05-03,3.8235317460317457
1921-05-04,3.820396825396825
1921-05-05,3.817261904761904
1921-05-06,3.814126984126984
1921-05-09,3.8109920634920633
1921-05-10,3.8078571428571424
1921-05-11,3.804722222222222
1921-05-12,3.801587301587301
1921-05-13,3.798452380952381
1921-05-16,3.79531746031746
1921-05-17,3.79218253968254
1921-05-18,3.789047619047619
1921-05-19,3.785912698412698
1921-05-20,3.7827777777777776
1921-05-23,3.779642857142857
1921-05-24,3.776507936507936
1921-05-25,3.773373015873016
1921-05-26,3.770238095238095
1921-05-27,3.767103174603175
1921-05-31,3.7639682539682537
1921-06-01,3.760833333333333
1921-06-02,3.757840909090909
1921-06-03,3.754848484848485
1921-06-06,3.7518560606060607
1921-06-07,3.748863636363637
1921-06-08,3.745871212121212
1921-06-09,3.742878787878788
1921-06-10,3.739886363636364
1921-06-13,3.7368939393939393
1921-06-14,3.733901515151515
1921-06-15,3.730909090909091
1921-06-16,3.7279166666666654
1921-06-17,3.7249242424242426
1921-06-20,3.7219318181818175
1921-06-21,3.718939393939394
1921-06-22,3.71594696969697
1921-06-23,3.712954545454546
1921-06-24,3.709962121212121
1921-06-27,3.706969696969697
1921-06-28,3.703977272727273
1921-06-29,3.7009848484848487
1921-06-30,3.697992424242425
1921-07-01,3.695
1921-07-05,3.6917083333333336
1921-07-06,3.688416666666667
1921-07-07,3.685125
1921-07-08,3.6818333333333335
1921-07-11,3.678541666666667
1921-07-12,3.67525
1921-07-13,3.671958333333333
1921-07-14,3.6686666666666654
1921-07-15,3.665375
1921-07-18,3.662083333333333
1921-07-19,3.658791666666666
1921-07-20,3.6555
1921-07-21,3.652208333333333
1921-07-22,3.6489166666666666
1921-07-25,3.645625
1921-07-26,3.642333333333333
1921-07-27,3.6390416666666665
1921-07-28,3.63575
1921-07-29,3.632458333333333
1921-08-01,3.6291666666666655
1921-08-02,3.626304347826087
1921-08-03,3.623442028985507
1921-08-04,3.620579710144928
1921-08-05,3.617717391304347
1921-08-08,3.614855072463768
1921-08-09,3.611992753623188
1921-08-10,3.609130434782609
1921-08-11,3.606268115942029
1921-08-12,3.603405797101449
1921-08-15,3.6005434782608696
1921-08-16,3.59768115942029
1921-08-17,3.59481884057971
1921-08-18,3.5919565217391303
1921-08-19,3.58909420289855
1921-08-22,3.586231884057971
1921-08-23,3.583369565217392
1921-08-24,3.580507246376812
1921-08-25,3.577644927536232
1921-08-26,3.5747826086956525
1921-08-29,3.5719202898550724
1921-08-30,3.5690579710144927
1921-08-31,3.566195652173913
1921-09-01,3.563333333333333
1921-09-02,3.560198412698413
1921-09-06,3.557063492063492
1921-09-07,3.5539285714285715
1921-09-08,3.5507936507936506
1921-09-09,3.54765873015873
1921-09-12,3.5445238095238096
1921-09-13,3.5413888888888887
1921-09-14,3.538253968253968
1921-09-15,3.535119047619048
1921-09-16,3.531984126984127
1921-09-19,3.5288492063492063
1921-09-20,3.5257142857142854
1921-09-21,3.522579365079365
1921-09-22,3.5194444444444444
1921-09-23,3.5163095238095234
1921-09-26,3.513174603174603
1921-09-27,3.5100396825396825
1921-09-28,3.506904761904761
1921-09-29,3.503769841269841
1921-09-30,3.50063492063492
1921-10-03,3.4975
1921-10-04,3.494208333333333
1921-10-05,3.4909166666666662
1921-10-06,3.4876249999999995
1921-10-07,3.484333333333333
1921-10-10,3.481041666666666
1921-10-11,3.47775
1921-10-13,3.474458333333333
1921-10-14,3.4711666666666665
1921-10-17,3.467875
1921-10-18,3.464583333333333
1921-10-19,3.4612916666666664
1921-10-20,3.458
1921-10-21,3.454708333333333
1921-10-24,3.4514166666666664
1921-10-25,3.448125
1921-10-26,3.4448333333333334
1921-10-27,3.4415416666666667
1921-10-28,3.43825
1921-10-31,3.4349583333333333
1921-11-01,3.431666666666666
1921-11-02,3.428201754385965
1921-11-03,3.424736842105263
1921-11-04,3.4212719298245613
1921-11-07,3.4178070175438595
1921-11-09,3.4143421052631577
1921-11-10,3.410877192982456
1921-11-14,3.407412280701754
1921-11-15,3.4039473684210524
1921-11-16,3.4004824561403506
1921-11-17,3.397017543859649
1921-11-18,3.393552631578947
1921-11-21,3.3900877192982453
1921-11-22,3.3866228070175435
1921-11-23,3.3831578947368417
1921-11-25,3.37969298245614
1921-11-28,3.376228070175438
1921-11-29,3.3727631578947364
1921-11-30,3.3692982456140346
1921-12-01,3.365833333333333
1921-12-02,3.3626984126984123
1921-12-05,3.359563492063492
1921-12-06,3.356428571428571
1921-12-07,3.3532936507936504
1921-12-08,3.35015873015873
1921-12-09,3.347023809523809
1921-12-12,3.3438888888888885
1921-12-13,3.340753968253968
1921-12-14,3.337619047619047
1921-12-15,3.3344841269841266
1921-12-16,3.331349206349206
1921-12-19,3.3282142857142856
1921-12-20,3.3250793650793646
1921-12-21,3.321944444444444
1921-12-22,3.318809523809524
1921-12-23,3.3156746031746027
1921-12-27,3.3125396825396822
1921-12-28,3.3094047619047617
1921-12-29,3.306269841269841
1921-12-30,3.3031349206349203
1922-01-03,3.3
1922-01-04,3.300238095238095
1922-01-05,3.30047619047619
1922-01-06,3.3007142857142857
1922-01-09,3.300952380952381
1922-01-10,3.301190476190476
1922-01-11,3.301428571428571
1922-01-12,3.3016666666666663
1922-01-13,3.301904761904762
1922-01-16,3.302142857142857
1922-01-17,3.302380952380952
1922-01-18,3.302619047619048
1922-01-19,3.3028571428571425
1922-01-20,3.3030952380952376
1922-01-23,3.303333333333333
1922-01-24,3.3035714285714284
1922-01-25,3.3038095238095235
1922-01-26,3.3040476190476187
1922-01-27,3.304285714285714
1922-01-30,3.3045238095238094
1922-01-31,3.304761904761905
1922-02-01,3.305
1922-02-02,3.305277777777777
1922-02-03,3.305555555555556
1922-02-06,3.305833333333333
1922-02-07,3.306111111111111
1922-02-08,3.306388888888889
1922-02-09,3.306666666666666
1922-02-10,3.3069444444444445
1922-02-14,3.3072222222222223
1922-02-15,3.3075
1922-02-16,3.307777777777778
1922-02-17,3.308055555555556
1922-02-20,3.3083333333333336
1922-02-21,3.3086111111111114
1922-02-23,3.308888888888889
1922-02-24,3.309166666666667
1922-02-27,3.309444444444445
1922-02-28,3.3097222222222227
1922-03-01,3.3100000000000005
1922-03-02,3.310217391304348
1922-03-03,3.310434782608696
1922-03-06,3.310652173913044
1922-03-07,3.310869565217392
1922-03-08,3.31108695652174
1922-03-09,3.311304347826088
1922-03-10,3.311521739130435
1922-03-13,3.3117391304347827
1922-03-14,3.3119565217391305
1922-03-15,3.312173913043478
1922-03-16,3.312391304347826
1922-03-17,3.312608695652174
1922-03-20,3.312826086956522
1922-03-21,3.313043478260869
1922-03-22,3.3132608695652173
1922-03-23,3.313478260869565
1922-03-24,3.3136956521739127
1922-03-27,3.3139130434782604
1922-03-28,3.314130434782608
1922-03-29,3.3143478260869563
1922-03-30,3.314565217391304
1922-03-31,3.314782608695652
1922-04-03,3.3149999999999995
1922-04-04,3.315263157894736
1922-04-05,3.315526315789473
1922-04-06,3.31578947368421
1922-04-07,3.316052631578947
1922-04-10,3.316315789473684
1922-04-11,3.316578947368421
1922-04-12,3.3168421052631576
1922-04-13,3.317105263157895
1922-04-17,3.3173684210526315
1922-04-18,3.3176315789473683
1922-04-19,3.317894736842105
1922-04-20,3.318157894736842
1922-04-21,3.318421052631579
1922-04-24,3.318684210526316
1922-04-25,3.318947368421053
1922-04-26,3.3192105263157896
1922-04-27,3.3194736842105264
1922-04-28,3.3197368421052635
1922-05-01,3.3200000000000003
1922-05-02,3.320227272727273
1922-05-03,3.3204545454545458
1922-05-04,3.3206818181818183
1922-05-05,3.320909090909092
1922-05-08,3.321136363636364
1922-05-09,3.3213636363636367
1922-05-10,3.3215909090909093
1922-05-11,3.3218181818181822
1922-05-12,3.3220454545454547
1922-05-15,3.322272727272728
1922-05-16,3.3225
1922-05-17,3.3227272727272728
1922-05-18,3.3229545454545457
1922-05-19,3.3231818181818182
1922-05-22,3.323409090909091
1922-05-23,3.323636363636364
1922-05-24,3.3238636363636367
1922-05-25,3.324090909090909
1922-05-26,3.324318181818182
1922-05-29,3.3245454545454547
1922-05-31,3.324772727272728
1922-06-01,3.325
1922-06-02,3.3252272727272727
1922-06-05,3.3254545454545457
1922-06-06,3.325681818181818
1922-06-07,3.325909090909091
1922-06-08,3.326136363636364
1922-06-09,3.3263636363636366
1922-06-12,3.326590909090909
1922-06-13,3.326818181818182
1922-06-14,3.327045454545454
1922-06-15,3.327272727272728
1922-06-16,3.3275
1922-06-19,3.3277272727272726
1922-06-20,3.3279545454545456
1922-06-21,3.328181818181818
1922-06-22,3.328409090909091
1922-06-23,3.328636363636364
1922-06-26,3.3288636363636366
1922-06-27,3.329090909090909
1922-06-28,3.329318181818182
1922-06-29,3.3295454545454546
1922-06-30,3.329772727272728
1922-07-03,3.33
1922-07-05,3.33025
1922-07-06,3.3305
1922-07-07,3.33075
1922-07-10,3.331
1922-07-11,3.33125
1922-07-12,3.3315
1922-07-13,3.33175
1922-07-14,3.332
1922-07-17,3.33225
1922-07-18,3.3325
1922-07-19,3.33275
1922-07-20,3.333
1922-07-21,3.33325
1922-07-24,3.3335
1922-07-25,3.33375
1922-07-26,3.334
1922-07-27,3.33425
1922-07-28,3.3345
1922-07-31,3.33475
1922-08-01,3.335
1922-08-02,3.335217391304348
1922-08-03,3.3354347826086954
1922-08-04,3.335652173913044
1922-08-07,3.335869565217392
1922-08-08,3.336086956521739
1922-08-09,3.3363043478260868
1922-08-10,3.336521739130435
1922-08-11,3.3367391304347827
1922-08-14,3.3369565217391304
1922-08-15,3.337173913043478
1922-08-16,3.337391304347826
1922-08-17,3.337608695652174
1922-08-18,3.3378260869565217
1922-08-21,3.338043478260869
1922-08-22,3.338260869565217
1922-08-23,3.338478260869565
1922-08-24,3.338695652173913
1922-08-25,3.338913043478261
1922-08-28,3.3391304347826085
1922-08-29,3.339347826086956
1922-08-30,3.3395652173913044
1922-08-31,3.339782608695652
1922-09-01,3.34
1922-09-05,3.34025
1922-09-06,3.3405
1922-09-07,3.34075
1922-09-08,3.341
1922-09-11,3.34125
1922-09-12,3.3415
1922-09-13,3.34175
1922-09-14,3.342
1922-09-15,3.34225
1922-09-18,3.3425
1922-09-19,3.34275
1922-09-20,3.343
1922-09-21,3.34325
1922-09-22,3.3435
1922-09-25,3.34375
1922-09-26,3.344
1922-09-27,3.34425
1922-09-28,3.3445
1922-09-29,3.34475
1922-10-02,3.345
1922-10-03,3.345238095238095
1922-10-04,3.34547619047619
1922-10-05,3.3457142857142856
1922-10-06,3.345952380952381
1922-10-09,3.346190476190476
1922-10-10,3.346428571428571
1922-10-11,3.3466666666666662
1922-10-13,3.346904761904762
1922-10-16,3.347142857142857
1922-10-17,3.347380952380952
1922-10-18,3.347619047619048
1922-10-19,3.3478571428571424
1922-10-20,3.3480952380952376
1922-10-23,3.348333333333333
1922-10-24,3.3485714285714283
1922-10-25,3.3488095238095235
1922-10-26,3.3490476190476186
1922-10-27,3.3492857142857138
1922-10-30,3.3495238095238093
1922-10-31,3.3497619047619045
1922-11-01,3.35
1922-11-02,3.3502499999999995
1922-11-03,3.3505
1922-11-06,3.35075
1922-11-08,3.3509999999999995
1922-11-09,3.3512499999999994
1922-11-10,3.3515
1922-11-13,3.35175
1922-11-14,3.3519999999999994
1922-11-15,3.35225
1922-11-16,3.3525
1922-11-17,3.3527499999999995
1922-11-20,3.353
1922-11-21,3.35325
1922-11-22,3.3534999999999995
1922-11-23,3.35375
1922-11-24,3.354
1922-11-27,3.3542499999999995
1922-11-28,3.3545
1922-11-29,3.35475
1922-12-01,3.3549999999999995
1922-12-04,3.3552499999999994
1922-12-05,3.3555
1922-12-06,3.35575
1922-12-07,3.356
1922-12-08,3.35625
1922-12-11,3.3565
1922-12-12,3.35675
1922-12-13,3.357
1922-12-14,3.35725
1922-12-15,3.3575
1922-12-18,3.35775
1922-12-19,3.358
1922-12-20,3.35825
1922-12-21,3.3585000000000003
1922-12-22,3.35875
1922-12-26,3.359
1922-12-27,3.3592500000000003
1922-12-28,3.3595
1922-12-29,3.3597500000000005
1923-01-02,3.3600000000000003
1923-01-03,3.358863636363637
1923-01-04,3.357727272727273
1923-01-05,3.3565909090909094
1923-01-08,3.355454545454546
1923-01-09,3.354318181818182
1923-01-10,3.3531818181818185
1923-01-11,3.3520454545454546
1923-01-12,3.350909090909091
1923-01-15,3.349772727272728
1923-01-16,3.348636363636364
1923-01-17,3.3475
1923-01-18,3.3463636363636367
1923-01-19,3.3452272727272727
1923-01-22,3.344090909090909
1923-01-23,3.3429545454545457
1923-01-24,3.341818181818182
1923-01-25,3.3406818181818183
1923-01-26,3.3395454545454544
1923-01-29,3.338409090909091
1923-01-30,3.3372727272727274
1923-01-31,3.3361363636363635
1923-02-01,3.335
1923-02-02,3.333611111111111
1923-02-05,3.332222222222222
1923-02-06,3.330833333333333
1923-02-07,3.3294444444444444
1923-02-08,3.328055555555556
1923-02-09,3.3266666666666667
1923-02-13,3.3252777777777776
1923-02-14,3.323888888888889
1923-02-15,3.3225
1923-02-16,3.3211111111111107
1923-02-19,3.319722222222222
1923-02-20,3.318333333333333
1923-02-21,3.3169444444444443
1923-02-23,3.315555555555555
1923-02-26,3.3141666666666665
1923-02-27,3.3127777777777774
1923-02-28,3.3113888888888887
1923-03-01,3.31
1923-03-02,3.3088095238095234
1923-03-05,3.3076190476190472
1923-03-06,3.306428571428571
1923-03-07,3.305238095238095
1923-03-08,3.3040476190476187
1923-03-09,3.3028571428571425
1923-03-12,3.3016666666666663
1923-03-13,3.30047619047619
1923-03-14,3.299285714285714
1923-03-15,3.2980952380952377
1923-03-16,3.296904761904762
1923-03-19,3.295714285714286
1923-03-20,3.2945238095238096
1923-03-21,3.293333333333333
1923-03-22,3.2921428571428573
1923-03-23,3.290952380952381
1923-03-26,3.289761904761905
1923-03-27,3.2885714285714287
1923-03-28,3.2873809523809525
1923-03-29,3.2861904761904763
1923-04-02,3.285
1923-04-03,3.283809523809524
1923-04-04,3.282619047619048
1923-04-05,3.281428571428572
1923-04-06,3.2802380952380954
1923-04-09,3.279047619047619
1923-04-10,3.277857142857143
1923-04-11,3.276666666666667
1923-04-12,3.2754761904761907
1923-04-13,3.2742857142857145
1923-04-16,3.2730952380952383
1923-04-17,3.2719047619047616
1923-04-18,3.270714285714285
1923-04-19,3.2695238095238093
1923-04-20,3.268333333333333
1923-04-23,3.267142857142857
1923-04-24,3.2659523809523807
1923-04-25,3.2647619047619045
1923-04-26,3.2635714285714283
1923-04-27,3.262380952380952
1923-04-30,3.261190476190476
1923-05-01,3.26
1923-05-02,3.2588636363636363
1923-05-03,3.2577272727272724
1923-05-04,3.256590909090909
1923-05-07,3.2554545454545454
1923-05-08,3.254318181818181
1923-05-09,3.253181818181818
1923-05-10,3.252045454545454
1923-05-11,3.2509090909090905
1923-05-14,3.249772727272727
1923-05-15,3.248636363636363
1923-05-16,3.2475
1923-05-17,3.246363636363636
1923-05-18,3.245227272727272
1923-05-21,3.2440909090909087
1923-05-22,3.242954545454545
1923-05-23,3.2418181818181813
1923-05-24,3.2406818181818178
1923-05-25,3.239545454545454
1923-05-28,3.2384090909090903
1923-05-29,3.237272727272727
1923-05-31,3.236136363636363
1923-06-01,3.2349999999999994
1923-06-04,3.2338095238095232
1923-06-05,3.232619047619047
1923-06-06,3.231428571428571
1923-06-07,3.2302380952380947
1923-06-08,3.2290476190476185
1923-06-11,3.2278571428571423
1923-06-12,3.226666666666666
1923-06-13,3.22547619047619
1923-06-14,3.2242857142857138
1923-06-15,3.2230952380952376
1923-06-18,3.221904761904762
1923-06-19,3.2207142857142856
1923-06-20,3.219523809523809
1923-06-21,3.2183333333333333
1923-06-22,3.217142857142857
1923-06-25,3.215952380952381
1923-06-26,3.2147619047619047
1923-06-27,3.2135714285714285
1923-06-28,3.2123809523809523
1923-06-29,3.211190476190476
1923-07-02,3.21
1923-07-03,3.208809523809524
1923-07-05,3.207619047619048
1923-07-06,3.2064285714285714
1923-07-09,3.205238095238095
1923-07-10,3.204047619047619
1923-07-11,3.202857142857143
1923-07-12,3.2016666666666667
1923-07-13,3.2004761904761905
1923-07-16,3.1992857142857143
1923-07-17,3.198095238095238
1923-07-18,3.196904761904761
1923-07-19,3.1957142857142853
1923-07-20,3.194523809523809
1923-07-23,3.193333333333333
1923-07-24,3.1921428571428567
1923-07-25,3.1909523809523805
1923-07-26,3.1897619047619044
1923-07-27,3.188571428571428
1923-07-30,3.187380952380952
1923-07-31,3.186190476190476
1923-08-01,3.185
1923-08-02,3.1838095238095234
1923-08-06,3.1826190476190472
1923-08-07,3.181428571428571
1923-08-08,3.180238095238095
1923-08-09,3.1790476190476187
1923-08-13,3.1778571428571425
1923-08-14,3.1766666666666663
1923-08-15,3.17547619047619
1923-08-16,3.174285714285714
1923-08-17,3.1730952380952377
1923-08-20,3.171904761904762
1923-08-21,3.170714285714286
1923-08-22,3.1695238095238096
1923-08-23,3.168333333333333
1923-08-24,3.1671428571428573
1923-08-27,3.165952380952381
1923-08-28,3.164761904761905
1923-08-29,3.1635714285714287
1923-08-30,3.1623809523809525
1923-08-31,3.1611904761904763
1923-09-04,3.16
1923-09-05,3.158684210526316
1923-09-06,3.157368421052632
1923-09-07,3.156052631578948
1923-09-10,3.154736842105263
1923-09-11,3.153421052631579
1923-09-12,3.1521052631578947
1923-09-13,3.1507894736842106
1923-09-14,3.1494736842105264
1923-09-17,3.1481578947368423
1923-09-18,3.1468421052631577
1923-09-19,3.145526315789473
1923-09-20,3.1442105263157893
1923-09-21,3.142894736842105
1923-09-24,3.141578947368421
1923-09-25,3.140263157894737
1923-09-26,3.1389473684210523
1923-09-27,3.137631578947368
1923-09-28,3.136315789473684
1923-10-01,3.135
1923-10-02,3.1338636363636363
1923-10-03,3.1327272727272724
1923-10-04,3.131590909090909
1923-10-05,3.1304545454545454
1923-10-08,3.129318181818181
1923-10-09,3.128181818181818
1923-10-10,3.127045454545454
1923-10-11,3.1259090909090905
1923-10-15,3.124772727272727
1923-10-16,3.123636363636363
1923-10-17,3.1225
1923-10-18,3.121363636363636
1923-10-19,3.120227272727272
1923-10-22,3.1190909090909087
1923-10-23,3.117954545454545
1923-10-24,3.1168181818181813
1923-10-25,3.1156818181818178
1923-10-26,3.114545454545454
1923-10-29,3.1134090909090903
1923-10-30,3.112272727272727
1923-10-31,3.111136363636363
1923-11-01,3.1099999999999994
1923-11-02,3.10875
1923-11-05,3.1074999999999995
1923-11-07,3.10625
1923-11-08,3.1049999999999995
1923-11-09,3.10375
1923-11-12,3.1025
1923-11-13,3.1012499999999994
1923-11-14,3.1
1923-11-15,3.09875
1923-11-16,3.0975
1923-11-19,3.0962499999999995
1923-11-20,3.095
1923-11-21,3.09375
1923-11-22,3.0925
1923-11-23,3.09125
1923-11-26,3.09
1923-11-27,3.08875
1923-11-28,3.0875
1923-11-30,3.08625
1923-12-03,3.085
1923-12-04,3.08375
1923-12-05,3.0825
1923-12-06,3.08125
1923-12-07,3.08
1923-12-10,3.07875
1923-12-11,3.0775
1923-12-12,3.07625
1923-12-13,3.075
1923-12-14,3.07375
1923-12-17,3.0725
1923-12-18,3.07125
1923-12-19,3.07
1923-12-20,3.06875
1923-12-21,3.0675
1923-12-24,3.06625
1923-12-26,3.0649999999999995
1923-12-27,3.06375
1923-12-28,3.0625
1923-12-31,3.06125
1924-01-02,3.06
1924-01-03,3.059242424242424
1924-01-04,3.058484848484848
1924-01-07,3.057727272727272
1924-01-08,3.0569696969696967
1924-01-09,3.0562121212121207
1924-01-10,3.055454545454545
1924-01-11,3.054696969696969
1924-01-14,3.0539393939393937
1924-01-15,3.0531818181818178
1924-01-16,3.0524242424242423
1924-01-17,3.0516666666666663
1924-01-18,3.0509090909090903
1924-01-21,3.050151515151515
1924-01-22,3.049393939393939
1924-01-23,3.048636363636364
1924-01-24,3.0478787878787874
1924-01-25,3.047121212121212
1924-01-28,3.046363636363636
1924-01-29,3.0456060606060604
1924-01-30,3.0448484848484845
1924-01-31,3.044090909090909
1924-02-01,3.043333333333333
1924-02-04,3.0424561403508767
1924-02-05,3.041578947368421
1924-02-06,3.0407017543859647
1924-02-07,3.0398245614035084
1924-02-08,3.038947368421052
1924-02-11,3.0380701754385964
1924-02-13,3.03719298245614
1924-02-14,3.036315789473684
1924-02-15,3.035438596491228
1924-02-18,3.034561403508772
1924-02-19,3.0336842105263155
1924-02-20,3.03280701754386
1924-02-21,3.031929824561403
1924-02-25,3.031052631578947
1924-02-26,3.030175438596491
1924-02-27,3.0292982456140347
1924-02-28,3.0284210526315785
1924-02-29,3.027543859649122
1924-03-03,3.0266666666666664
1924-03-04,3.025873015873016
1924-03-05,3.025079365079365
1924-03-06,3.024285714285714
1924-03-07,3.0234920634920632
1924-03-10,3.0226984126984124
1924-03-11,3.0219047619047616
1924-03-12,3.021111111111111
1924-03-13,3.02031746031746
1924-03-14,3.0195238095238093
1924-03-17,3.0187301587301585
1924-03-18,3.017936507936508
1924-03-19,3.017142857142857
1924-03-20,3.016349206349206
1924-03-21,3.015555555555556
1924-03-24,3.0147619047619045
1924-03-25,3.0139682539682537
1924-03-26,3.013174603174603
1924-03-27,3.012380952380952
1924-03-28,3.0115873015873014
1924-03-31,3.0107936507936506
1924-04-01,3.01
1924-04-02,3.009206349206349
1924-04-03,3.008412698412698
1924-04-04,3.0076190476190474
1924-04-07,3.0068253968253966
1924-04-08,3.006031746031746
1924-04-09,3.005238095238095
1924-04-10,3.0044444444444443
1924-04-11,3.003650793650793
1924-04-14,3.0028571428571427
1924-04-15,3.002063492063492
1924-04-16,3.001269841269841
1924-04-17,3.0004761904761903
1924-04-21,2.9996825396825395
1924-04-22,2.9988888888888887
1924-04-23,2.998095238095238
1924-04-24,2.997301587301587
1924-04-25,2.9965079365079363
1924-04-28,2.9957142857142856
1924-04-29,2.9949206349206348
1924-04-30,2.994126984126984
1924-05-01,2.993333333333333
1924-05-02,2.9925396825396824
1924-05-05,2.991746031746032
1924-05-06,2.990952380952381
1924-05-07,2.99015873015873
1924-05-08,2.9893650793650792
1924-05-09,2.9885714285714284
1924-05-12,2.9877777777777776
1924-05-13,2.986984126984127
1924-05-14,2.986190476190476
1924-05-15,2.9853968253968253
1924-05-16,2.9846031746031745
1924-05-19,2.983809523809524
1924-05-20,2.983015873015873
1924-05-21,2.982222222222222
1924-05-22,2.981428571428572
1924-05-23,2.9806349206349205
1924-05-26,2.9798412698412697
1924-05-27,2.979047619047619
1924-05-28,2.978253968253968
1924-05-29,2.9774603174603174
1924-06-02,2.9766666666666666
1924-06-03,2.975873015873016
1924-06-04,2.975079365079365
1924-06-05,2.974285714285714
1924-06-06,2.9734920634920634
1924-06-09,2.9726984126984126
1924-06-10,2.971904761904762
1924-06-11,2.971111111111111
1924-06-12,2.97031746031746
1924-06-13,2.969523809523809
1924-06-16,2.9687301587301587
1924-06-17,2.967936507936508
1924-06-18,2.967142857142857
1924-06-19,2.9663492063492063
1924-06-20,2.9655555555555555
1924-06-23,2.9647619047619047
1924-06-24,2.963968253968254
1924-06-25,2.963174603174603
1924-06-26,2.9623809523809523
1924-06-27,2.961587301587301
1924-06-30,2.9607936507936508
1924-07-01,2.96
1924-07-02,2.959242424242424
1924-07-03,2.9584848484848485
1924-07-07,2.9577272727272725
1924-07-08,2.956969696969697
1924-07-09,2.956212121212121
1924-07-10,2.955454545454545
1924-07-11,2.9546969696969696
1924-07-14,2.9539393939393936
1924-07-15,2.953181818181818
1924-07-16,2.952424242424242
1924-07-17,2.951666666666666
1924-07-18,2.9509090909090907
1924-07-21,2.9501515151515147
1924-07-22,2.9493939393939392
1924-07-23,2.948636363636364
1924-07-24,2.947878787878788
1924-07-25,2.947121212121212
1924-07-28,2.946363636363636
1924-07-29,2.9456060606060603
1924-07-30,2.9448484848484844
1924-07-31,2.944090909090909
1924-08-01,2.943333333333333
1924-08-04,2.942539682539682
1924-08-05,2.941746031746032
1924-08-06,2.9409523809523805
1924-08-07,2.9401587301587297
1924-08-08,2.939365079365079
1924-08-11,2.938571428571428
1924-08-12,2.9377777777777774
1924-08-13,2.9369841269841266
1924-08-14,2.936190476190476
1924-08-15,2.935396825396825
1924-08-18,2.9346031746031747
1924-08-19,2.933809523809524
1924-08-20,2.933015873015873
1924-08-21,2.9322222222222223
1924-08-22,2.9314285714285715
1924-08-25,2.9306349206349207
1924-08-26,2.92984126984127
1924-08-27,2.929047619047619
1924-08-28,2.9282539682539683
1924-08-29,2.927460317460317
1924-09-02,2.9266666666666667
1924-09-03,2.925873015873016
1924-09-04,2.925079365079365
1924-09-05,2.9242857142857144
1924-09-08,2.923492063492064
1924-09-09,2.922698412698413
1924-09-10,2.921904761904762
1924-09-11,2.921111111111111
1924-09-12,2.9203174603174604
1924-09-15,2.9195238095238096
1924-09-16,2.918730158730159
1924-09-17,2.917936507936508
1924-09-18,2.9171428571428573
1924-09-19,2.9163492063492065
1924-09-22,2.915555555555556
1924-09-23,2.914761904761905
1924-09-24,2.913968253968254
1924-09-25,2.913174603174604
1924-09-26,2.9123809523809525
1924-09-29,2.9115873015873017
1924-09-30,2.910793650793651
1924-10-01,2.91
1924-10-02,2.909242424242424
1924-10-03,2.9084848484848487
1924-10-06,2.9077272727272727
1924-10-07,2.906969696969697
1924-10-08,2.906212121212121
1924-10-09,2.9054545454545457
1924-10-10,2.9046969696969698
1924-10-14,2.9039393939393943
1924-10-15,2.9031818181818183
1924-10-16,2.902424242424243
1924-10-17,2.901666666666667
1924-10-20,2.900909090909091
1924-10-21,2.900151515151516
1924-10-22,2.8993939393939394
1924-10-23,2.898636363636364
1924-10-24,2.897878787878788
1924-10-27,2.8971212121212124
1924-10-28,2.8963636363636365
1924-10-29,2.895606060606061
1924-10-30,2.894848484848485
1924-10-31,2.894090909090909
1924-11-03,2.893333333333333
1924-11-05,2.892407407407408
1924-11-06,2.891481481481481
1924-11-07,2.890555555555556
1924-11-10,2.88962962962963
1924-11-11,2.888703703703704
1924-11-12,2.887777777777778
1924-11-13,2.886851851851852
1924-11-14,2.885925925925926
1924-11-17,2.885
1924-11-18,2.8840740740740745
1924-11-19,2.883148148148148
1924-11-20,2.8822222222222225
1924-11-21,2.8812962962962967
1924-11-24,2.8803703703703705
1924-11-25,2.8794444444444447
1924-11-26,2.878518518518519
1924-11-28,2.8775925925925927
1924-12-01,2.876666666666667
1924-12-02,2.875909090909091
1924-12-03,2.8751515151515155
1924-12-04,2.8743939393939395
1924-12-05,2.873636363636364
1924-12-08,2.872878787878788
1924-12-09,2.872121212121212
1924-12-10,2.871363636363637
1924-12-11,2.8706060606060606
1924-12-12,2.869848484848485
1924-12-15,2.869090909090909
1924-12-16,2.868333333333333
1924-12-17,2.8675757575757577
1924-12-18,2.8668181818181817
1924-12-19,2.866060606060606
1924-12-22,2.8653030303030302
1924-12-23,2.8645454545454547
1924-12-24,2.8637878787878788
1924-12-26,2.863030303030303
1924-12-29,2.862272727272728
1924-12-30,2.861515151515152
1924-12-31,2.860757575757576
1925-01-02,2.86
1925-01-05,2.859285714285714
1925-01-06,2.8585714285714285
1925-01-07,2.8578571428571427
1925-01-08,2.857142857142857
1925-01-09,2.856428571428572
1925-01-12,2.855714285714286
1925-01-13,2.855
1925-01-14,2.854285714285714
1925-01-15,2.8535714285714286
1925-01-16,2.8528571428571428
1925-01-19,2.8521428571428573
1925-01-20,2.8514285714285714
1925-01-21,2.850714285714286
1925-01-22,2.85
1925-01-23,2.849285714285714
1925-01-26,2.8485714285714288
1925-01-27,2.847857142857143
1925-01-28,2.8471428571428574
1925-01-29,2.8464285714285715
1925-01-30,2.845714285714286
1925-02-02,2.845
1925-02-03,2.8441666666666667
1925-02-04,2.8433333333333337
1925-02-05,2.8425
1925-02-06,2.841666666666667
1925-02-09,2.8408333333333333
1925-02-10,2.8400000000000003
1925-02-11,2.839166666666667
1925-02-13,2.8383333333333334
1925-02-16,2.8375000000000004
1925-02-17,2.836666666666667
1925-02-18,2.835833333333333
1925-02-19,2.835
1925-02-20,2.834166666666667
1925-02-24,2.833333333333333
1925-02-25,2.8325
1925-02-26,2.8316666666666666
1925-02-27,2.830833333333333
1925-03-02,2.83
1925-03-03,2.829318181818182
1925-03-04,2.828636363636364
1925-03-05,2.8279545454545456
1925-03-06,2.827272727272727
1925-03-09,2.826590909090909
1925-03-10,2.825909090909091
1925-03-11,2.8252272727272727
1925-03-12,2.8245454545454547
1925-03-13,2.823863636363636
1925-03-16,2.8231818181818182
1925-03-17,2.8225
1925-03-18,2.821818181818182
1925-03-19,2.821136363636364
1925-03-20,2.8204545454545453
1925-03-23,2.819772727272728
1925-03-24,2.819090909090909
1925-03-25,2.818409090909091
1925-03-26,2.817727272727273
1925-03-27,2.8170454545454544
1925-03-30,2.8163636363636364
1925-03-31,2.815681818181818
1925-04-01,2.815
1925-04-02,2.814285714285714
1925-04-03,2.8135714285714286
1925-04-06,2.8128571428571427
1925-04-07,2.8121428571428573
1925-04-08,2.8114285714285714
1925-04-09,2.810714285714285
1925-04-13,2.81
1925-04-14,2.809285714285714
1925-04-15,2.8085714285714283
1925-04-16,2.807857142857143
1925-04-17,2.807142857142857
1925-04-20,2.8064285714285715
1925-04-21,2.8057142857142856
1925-04-22,2.805
1925-04-23,2.8042857142857143
1925-04-24,2.8035714285714284
1925-04-27,2.8028571428571425
1925-04-28,2.802142857142857
1925-04-29,2.801428571428571
1925-04-30,2.8007142857142857
1925-05-01,2.8
1925-05-04,2.799285714285714
1925-05-05,2.7985714285714285
1925-05-06,2.7978571428571426
1925-05-07,2.797142857142857
1925-05-08,2.796428571428572
1925-05-11,2.795714285714286
1925-05-12,2.795
1925-05-13,2.794285714285714
1925-05-14,2.7935714285714286
1925-05-15,2.7928571428571427
1925-05-18,2.7921428571428573
1925-05-19,2.791428571428572
1925-05-20,2.790714285714286
1925-05-21,2.79
1925-05-22,2.789285714285714
1925-05-25,2.7885714285714287
1925-05-26,2.787857142857143
1925-05-27,2.7871428571428574
1925-05-28,2.7864285714285715
1925-05-29,2.785714285714286
1925-06-01,2.785
1925-06-02,2.784318181818182
1925-06-03,2.783636363636364
1925-06-04,2.7829545454545457
1925-06-05,2.7822727272727272
1925-06-08,2.781590909090909
1925-06-09,2.780909090909091
1925-06-10,2.7802272727272728
1925-06-11,2.7795454545454548
1925-06-12,2.7788636363636363
1925-06-15,2.7781818181818183
1925-06-16,2.7775
1925-06-17,2.776818181818182
1925-06-18,2.776136363636364
1925-06-19,2.7754545454545454
1925-06-22,2.7747727272727274
1925-06-23,2.774090909090909
1925-06-24,2.773409090909091
1925-06-25,2.772727272727273
1925-06-26,2.7720454545454545
1925-06-29,2.7713636363636365
1925-06-30,2.770681818181818
1925-07-01,2.77
1925-07-02,2.7693478260869564
1925-07-03,2.768695652173913
1925-07-06,2.7680434782608696
1925-07-07,2.767391304347826
1925-07-08,2.766739130434783
1925-07-09,2.766086956521739
1925-07-10,2.765434782608696
1925-07-13,2.7647826086956524
1925-07-14,2.764130434782609
1925-07-15,2.763478260869565
1925-07-16,2.762826086956522
1925-07-17,2.7621739130434784
1925-07-20,2.761521739130435
1925-07-21,2.760869565217392
1925-07-22,2.760217391304348
1925-07-23,2.759565217391305
1925-07-24,2.758913043478261
1925-07-27,2.758260869565217
1925-07-28,2.7576086956521744
1925-07-29,2.7569565217391307
1925-07-30,2.756304347826087
1925-07-31,2.755652173913044
1925-08-03,2.7550000000000003
1925-08-04,2.7542857142857144
1925-08-05,2.753571428571429
1925-08-06,2.752857142857143
1925-08-07,2.7521428571428577
1925-08-10,2.751428571428572
1925-08-11,2.750714285714286
1925-08-12,2.7500000000000004
1925-08-13,2.7492857142857146
1925-08-14,2.7485714285714287
1925-08-17,2.747857142857143
1925-08-18,2.7471428571428573
1925-08-19,2.746428571428572
1925-08-20,2.745714285714286
1925-08-21,2.745
1925-08-24,2.7442857142857147
1925-08-25,2.7435714285714288
1925-08-26,2.742857142857143
1925-08-27,2.742142857142857
1925-08-28,2.7414285714285715
1925-08-31,2.740714285714286
1925-09-01,2.74
1925-09-02,2.7392857142857143
1925-09-03,2.738571428571429
1925-09-04,2.737857142857143
1925-09-08,2.737142857142857
1925-09-09,2.736428571428572
1925-09-10,2.7357142857142858
1925-09-11,2.7350000000000003
1925-09-14,2.7342857142857144
1925-09-15,2.7335714285714285
1925-09-16,2.732857142857143
1925-09-17,2.732142857142857
1925-09-18,2.731428571428572
1925-09-21,2.730714285714286
1925-09-22,2.73
1925-09-23,2.7292857142857145
1925-09-24,2.7285714285714286
1925-09-25,2.7278571428571428
1925-09-28,2.7271428571428573
1925-09-29,2.7264285714285714
1925-09-30,2.725714285714286
1925-10-01,2.725
1925-10-02,2.724285714285714
1925-10-05,2.7235714285714288
1925-10-06,2.722857142857143
1925-10-07,2.7221428571428574
1925-10-08,2.7214285714285715
1925-10-09,2.7207142857142856
1925-10-13,2.72
1925-10-14,2.7192857142857143
1925-10-15,2.7185714285714284
1925-10-16,2.717857142857143
1925-10-19,2.717142857142857
1925-10-20,2.716428571428572
1925-10-21,2.7157142857142857
1925-10-22,2.715
1925-10-23,2.7142857142857144
1925-10-26,2.7135714285714285
1925-10-27,2.712857142857142
1925-10-28,2.712142857142857
1925-10-29,2.711428571428572
1925-10-30,2.710714285714286
1925-11-02,2.71
1925-11-04,2.7092105263157893
1925-11-05,2.708421052631579
1925-11-06,2.7076315789473684
1925-11-09,2.7068421052631577
1925-11-10,2.7060526315789475
1925-11-11,2.705263157894737
1925-11-12,2.7044736842105266
1925-11-13,2.703684210526316
1925-11-16,2.702894736842105
1925-11-17,2.702105263157895
1925-11-18,2.7013157894736843
1925-11-19,2.7005263157894737
1925-11-20,2.6997368421052634
1925-11-23,2.6989473684210528
1925-11-24,2.6981578947368425
1925-11-25,2.697368421052632
1925-11-27,2.696578947368421
1925-11-30,2.695789473684211
1925-12-01,2.6950000000000003
1925-12-02,2.6943181818181823
1925-12-03,2.693636363636364
1925-12-04,2.692954545454546
1925-12-07,2.692272727272728
1925-12-08,2.6915909090909094
1925-12-09,2.690909090909092
1925-12-10,2.690227272727273
1925-12-11,2.689545454545455
1925-12-14,2.6888636363636365
1925-12-15,2.6881818181818184
1925-12-16,2.6875
1925-12-17,2.686818181818182
1925-12-18,2.686136363636364
1925-12-21,2.685454545454545
1925-12-22,2.6847727272727275
1925-12-23,2.684090909090909
1925-12-24,2.683409090909091
1925-12-28,2.682727272727273
1925-12-29,2.6820454545454546
1925-12-30,2.6813636363636366
1925-12-31,2.680681818181818
1926-01-04,2.68
1926-01-05,2.678583333333333
1926-01-06,2.677166666666667
1926-01-07,2.6757500000000003
1926-01-08,2.6743333333333337
1926-01-11,2.6729166666666666
1926-01-12,2.6715
1926-01-13,2.6700833333333334
1926-01-14,2.6686666666666667
1926-01-15,2.66725
1926-01-18,2.665833333333333
1926-01-19,2.664416666666667
1926-01-20,2.6630000000000003
1926-01-21,2.6615833333333336
1926-01-22,2.660166666666667
1926-01-25,2.6587500000000004
1926-01-26,2.6573333333333333
1926-01-27,2.6559166666666667
1926-01-28,2.6545
1926-01-29,2.653083333333333
1926-02-01,2.651666666666667
1926-02-02,2.6500925925925927
1926-02-03,2.6485185185185185
1926-02-04,2.6469444444444448
1926-02-05,2.6453703703703706
1926-02-08,2.6437962962962964
1926-02-09,2.6422222222222222
1926-02-10,2.6406481481481485
1926-02-11,2.6390740740740743
1926-02-15,2.6375
1926-02-16,2.635925925925926
1926-02-17,2.634351851851852
1926-02-18,2.632777777777778
1926-02-19,2.631203703703704
1926-02-23,2.6296296296296298
1926-02-24,2.628055555555556
1926-02-25,2.626481481481482
1926-02-26,2.624907407407408
1926-03-01,2.623333333333333
1926-03-02,2.6221014492753625
1926-03-03,2.6208695652173915
1926-03-04,2.6196376811594204
1926-03-05,2.6184057971014494
1926-03-08,2.6171739130434784
1926-03-09,2.615942028985508
1926-03-10,2.6147101449275363
1926-03-11,2.6134782608695653
1926-03-12,2.612246376811594
1926-03-15,2.611014492753623
1926-03-16,2.609782608695652
1926-03-17,2.6085507246376816
1926-03-18,2.6073188405797105
1926-03-19,2.6060869565217395
1926-03-22,2.6048550724637685
1926-03-23,2.603623188405797
1926-03-24,2.6023913043478264
1926-03-25,2.601159420289856
1926-03-26,2.5999275362318843
1926-03-29,2.5986956521739133
1926-03-30,2.5974637681159423
1926-03-31,2.5962318840579712
1926-04-01,2.595
1926-04-05,2.5936507936507938
1926-04-06,2.592301587301588
1926-04-07,2.5909523809523813
1926-04-08,2.589603174603175
1926-04-09,2.5882539682539685
1926-04-12,2.586904761904762
1926-04-13,2.585555555555556
1926-04-14,2.5842063492063496
1926-04-15,2.582857142857143
1926-04-16,2.5815079365079368
1926-04-19,2.5801587301587303
1926-04-20,2.578809523809524
1926-04-21,2.577460317460317
1926-04-22,2.5761111111111115
1926-04-23,2.574761904761905
1926-04-26,2.5734126984126986
1926-04-27,2.572063492063492
1926-04-28,2.5707142857142857
1926-04-29,2.56936507936508
1926-04-30,2.5680158730158733
1926-05-03,2.566666666666667
1926-05-04,2.5652500000000003
1926-05-05,2.5638333333333336
1926-05-06,2.562416666666667
1926-05-07,2.5610000000000004
1926-05-10,2.5595833333333333
1926-05-11,2.5581666666666667
1926-05-12,2.55675
1926-05-13,2.555333333333333
1926-05-14,2.553916666666667
1926-05-17,2.5525
1926-05-18,2.5510833333333336
1926-05-19,2.549666666666667
1926-05-20,2.5482500000000003
1926-05-21,2.5468333333333337
1926-05-24,2.545416666666667
1926-05-25,2.544
1926-05-26,2.5425833333333334
1926-05-27,2.541166666666667
1926-05-28,2.53975
1926-06-01,2.5383333333333336
1926-06-02,2.5370454545454546
1926-06-03,2.535757575757576
1926-06-04,2.534469696969697
1926-06-07,2.533181818181818
1926-06-08,2.53189393939394
1926-06-09,2.5306060606060607
1926-06-10,2.529318181818182
1926-06-11,2.528030303030304
1926-06-14,2.5267424242424243
1926-06-15,2.5254545454545454
1926-06-16,2.524166666666667
1926-06-17,2.522878787878788
1926-06-18,2.521590909090909
1926-06-21,2.52030303030303
1926-06-22,2.5190151515151515
1926-06-23,2.5177272727272726
1926-06-24,2.5164393939393936
1926-06-25,2.515151515151515
1926-06-28,2.513863636363636
1926-06-29,2.512575757575757
1926-06-30,2.5112878787878787
1926-07-01,2.52
1926-07-02,2.52
1926-07-06,2.52
1926-07-07,2.52
1926-07-08,2.52
1926-07-09,2.52
1926-07-12,2.52
1926-07-13,2.52
1926-07-14,2.52
1926-07-15,2.52
1926-07-16,2.52
1926-07-19,2.52
1926-07-20,2.52
1926-07-21,2.52
1926-07-22,2.52
1926-07-23,2.52
1926-07-26,2.52
1926-07-27,2.52
1926-07-28,2.52
1926-07-29,2.52
1926-07-30,2.52
1926-08-02,2.52
1926-08-03,2.52
1926-08-04,2.52
1926-08-05,2.52
1926-08-06,2.52
1926-08-09,2.52
1926-08-10,2.52
1926-08-11,2.52
1926-08-12,2.52
1926-08-13,2.52
1926-08-16,2.52
1926-08-17,2.52
1926-08-18,2.52
1926-08-19,2.52
1926-08-20,2.52
1926-08-23,2.52
1926-08-24,2.52
1926-08-25,2.52
1926-08-26,2.52
1926-08-27,2.52
1926-08-30,2.52
1926-08-31,2.52
1926-09-01,2.52
1926-09-02,2.52
1926-09-03,2.52
1926-09-07,2.52
1926-09-08,2.52
1926-09-09,2.52
1926-09-10,2.52
1926-09-13,2.52
1926-09-14,2.52
1926-09-15,2.52
1926-09-16,2.52
1926-09-17,2.52
1926-09-20,2.52
1926-09-21,2.52
1926-09-22,2.52
1926-09-23,2.52
1926-09-24,2.52
1926-09-27,2.52
1926-09-28,2.52
1926-09-29,2.52
1926-09-30,2.52
1926-10-01,2.52
1926-10-04,2.52
1926-10-05,2.52
1926-10-06,2.52
1926-10-07,2.52
1926-10-08,2.52
1926-10-11,2.52
1926-10-13,2.52
1926-10-14,2.52
1926-10-15,2.52
1926-10-18,2.52
1926-10-19,2.52
1926-10-20,2.52
1926-10-21,2.52
1926-10-22,2.52
1926-10-25,2.52
1926-10-26,2.52
1926-10-27,2.52
1926-10-28,2.52
1926-10-29,2.52
1926-11-01,2.52
1926-11-03,2.52
1926-11-04,2.52
1926-11-05,2.52
1926-11-08,2.52
1926-11-09,2.52
1926-11-10,2.52
1926-11-11,2.52
1926-11-12,2.52
1926-11-15,2.52
1926-11-16,2.52
1926-11-17,2.52
1926-11-18,2.52
1926-11-19,2.52
1926-11-22,2.52
1926-11-23,2.52
1926-11-24,2.52
1926-11-26,2.52
1926-11-29,2.52
1926-11-30,2.52
1926-12-01,2.52
1926-12-02,2.52
1926-12-03,2.52
1926-12-06,2.52
1926-12-07,2.52
1926-12-08,2.52
1926-12-09,2.52
1926-12-10,2.52
1926-12-13,2.52
1926-12-14,2.52
1926-12-15,2.52
1926-12-16,2.52
1926-12-17,2.52
1926-12-20,2.52
1926-12-21,2.52
1926-12-22,2.52
1926-12-23,2.52
1926-12-24,2.52
1926-12-27,2.52
1926-12-28,2.52
1926-12-29,2.52
1926-12-30,2.52
1926-12-31,2.52
1927-01-03,2.52
1927-01-04,2.52
1927-01-05,2.52
1927-01-06,2.52
1927-01-07,2.52
1927-01-10,2.52
1927-01-11,2.52
1927-01-12,2.52
1927-01-13,2.52
1927-01-14,2.52
1927-01-17,2.52
1927-01-18,2.52
1927-01-19,2.52
1927-01-20,2.52
1927-01-21,2.52
1927-01-24,2.52
1927-01-25,2.52
1927-01-26,2.52
1927-01-27,2.52
1927-01-28,2.52
1927-01-31,2.52
1927-02-01,2.52
1927-02-02,2.52
1927-02-03,2.52
1927-02-04,2.52
1927-02-07,2.52
1927-02-08,2.52
1927-02-09,2.52
1927-02-10,2.52
1927-02-11,2.52
1927-02-14,2.52
1927-02-15,2.52
1927-02-16,2.52
1927-02-17,2.52
1927-02-18,2.52
1927-02-21,2.52
1927-02-23,2.52
1927-02-24,2.52
1927-02-25,2.52
1927-02-28,2.52
1927-03-01,2.52
1927-03-02,2.52
1927-03-03,2.52
1927-03-04,2.52
1927-03-07,2.52
1927-03-08,2.52
1927-03-09,2.52
1927-03-10,2.52
1927-03-11,2.52
1927-03-14,2.52
1927-03-15,2.52
1927-03-16,2.52
1927-03-17,2.52
1927-03-18,2.52
1927-03-21,2.52
1927-03-22,2.52
1927-03-23,2.52
1927-03-24,2.52
1927-03-25,2.52
1927-03-28,2.52
1927-03-29,2.52
1927-03-30,2.52
1927-03-31,2.52
1927-04-01,2.52
1927-04-04,2.52
1927-04-05,2.52
1927-04-06,2.52
1927-04-07,2.52
1927-04-08,2.52
1927-04-11,2.52
1927-04-12,2.52
1927-04-13,2.52
1927-04-14,2.52
1927-04-18,2.52
1927-04-19,2.52
1927-04-20,2.52
1927-04-21,2.52
1927-04-22,2.52
1927-04-25,2.52
1927-04-26,2.52
1927-04-27,2.52
1927-04-28,2.52
1927-04-29,2.52
1927-05-02,2.52
1927-05-03,2.52
1927-05-04,2.52
1927-05-05,2.52
1927-05-06,2.52
1927-05-09,2.52
1927-05-10,2.52
1927-05-11,2.52
1927-05-12,2.52
1927-05-13,2.52
1927-05-16,2.52
1927-05-17,2.52
1927-05-18,2.52
1927-05-19,2.52
1927-05-20,2.52
1927-05-23,2.52
1927-05-24,2.52
1927-05-25,2.52
1927-05-26,2.52
1927-05-27,2.52
1927-05-31,2.52
1927-06-01,2.52
1927-06-02,2.52
1927-06-03,2.52
1927-06-06,2.52
1927-06-07,2.52
1927-06-08,2.52
1927-06-09,2.52
1927-06-10,2.52
1927-06-14,2.52
1927-06-15,2.52
1927-06-16,2.52
1927-06-17,2.52
1927-06-20,2.52
1927-06-21,2.52
1927-06-22,2.52
1927-06-23,2.52
1927-06-24,2.52
1927-06-27,2.52
1927-06-28,2.52
1927-06-29,2.52
1927-06-30,2.52
1927-07-01,2.52
1927-07-05,2.52
1927-07-06,2.52
1927-07-07,2.52
1927-07-08,2.52
1927-07-11,2.52
1927-07-12,2.52
1927-07-13,2.52
1927-07-14,2.52
1927-07-15,2.52
1927-07-18,2.52
1927-07-19,2.52
1927-07-20,2.52
1927-07-21,2.52
1927-07-22,2.52
1927-07-25,2.52
1927-07-26,2.52
1927-07-27,2.52
1927-07-28,2.52
1927-07-29,2.52
1927-08-01,2.52
1927-08-02,2.52
1927-08-03,2.52
1927-08-04,2.52
1927-08-05,2.52
1927-08-08,2.52
1927-08-09,2.52
1927-08-10,2.52
1927-08-11,2.52
1927-08-12,2.52
1927-08-15,2.52
1927-08-16,2.52
1927-08-17,2.52
1927-08-18,2.52
1927-08-19,2.52
1927-08-22,2.52
1927-08-23,2.52
1927-08-24,2.52
1927-08-25,2.52
1927-08-26,2.52
1927-08-29,2.52
1927-08-30,2.52
1927-08-31,2.52
1927-09-01,2.52
1927-09-02,2.52
1927-09-06,2.52
1927-09-07,2.52
1927-09-08,2.52
1927-09-09,2.52
1927-09-12,2.52
1927-09-13,2.52
1927-09-14,2.52
1927-09-15,2.52
1927-09-16,2.52
1927-09-19,2.52
1927-09-20,2.52
1927-09-21,2.52
1927-09-22,2.52
1927-09-23,2.52
1927-09-26,2.52
1927-09-27,2.52
1927-09-28,2.52
1927-09-29,2.52
1927-09-30,2.52
1927-10-03,2.52
1927-10-04,2.52
1927-10-05,2.52
1927-10-06,2.52
1927-10-07,2.52
1927-10-10,2.52
1927-10-11,2.52
1927-10-13,2.52
1927-10-14,2.52
1927-10-17,2.52
1927-10-18,2.52
1927-10-19,2.52
1927-10-20,2.52
1927-10-21,2.52
1927-10-24,2.52
1927-10-25,2.52
1927-10-26,2.52
1927-10-27,2.52
1927-10-28,2.52
1927-10-31,2.52
1927-11-01,2.52
1927-11-02,2.52
1927-11-03,2.52
1927-11-04,2.52
1927-11-07,2.52
1927-11-09,2.52
1927-11-10,2.52
1927-11-11,2.52
1927-11-14,2.52
1927-11-15,2.52
1927-11-16,2.52
1927-11-17,2.52
1927-11-18,2.52
1927-11-21,2.52
1927-11-22,2.52
1927-11-23,2.52
1927-11-25,2.52
1927-11-28,2.52
1927-11-29,2.52
1927-11-30,2.52
1927-12-01,2.52
1927-12-02,2.52
1927-12-05,2.52
1927-12-06,2.52
1927-12-07,2.52
1927-12-08,2.52
1927-12-09,2.52
1927-12-12,2.52
1927-12-13,2.52
1927-12-14,2.52
1927-12-15,2.52
1927-12-16,2.52
1927-12-19,2.52
1927-12-20,2.52
1927-12-21,2.52
1927-12-22,2.52
1927-12-23,2.52
1927-12-27,2.52
1927-12-28,2.52
1927-12-29,2.52
1927-12-30,2.52
1928-01-03,2.52
1928-01-04,2.52
1928-01-05,2.52
1928-01-06,2.52
1928-01-09,2.52
1928-01-10,2.52
1928-01-11,2.52
1928-01-12,2.52
1928-01-13,2.52
1928-01-16,2.52
1928-01-17,2.52
1928-01-18,2.52
1928-01-19,2.52
1928-01-20,2.52
1928-01-23,2.52
1928-01-24,2.52
1928-01-25,2.52
1928-01-26,2.52
1928-01-27,2.52
1928-01-30,2.52
1928-01-31,2.52
1928-02-01,2.52
1928-02-02,2.52
1928-02-03,2.52
1928-02-06,2.52
1928-02-07,2.52
1928-02-08,2.52
1928-02-09,2.52
1928-02-10,2.52
1928-02-14,2.52
1928-02-15,2.52
1928-02-16,2.52
1928-02-17,2.52
1928-02-20,2.52
1928-02-21,2.52
1928-02-23,2.52
1928-02-24,2.52
1928-02-27,2.52
1928-02-28,2.52
1928-02-29,2.52
1928-03-01,2.52
1928-03-02,2.52
1928-03-05,2.52
1928-03-06,2.52
1928-03-07,2.52
1928-03-08,2.52
1928-03-09,2.52
1928-03-12,2.52
1928-03-13,2.52
1928-03-14,2.52
1928-03-15,2.52
1928-03-16,2.52
1928-03-19,2.52
1928-03-20,2.52
1928-03-21,2.52
1928-03-22,2.52
1928-03-23,2.52
1928-03-26,2.52
1928-03-27,2.52
1928-03-28,2.52
1928-03-29,2.52
1928-03-30,2.52
1928-04-02,2.52
1928-04-03,2.52
1928-04-04,2.52
1928-04-05,2.52
1928-04-09,2.52
1928-04-10,2.52
1928-04-11,2.52
1928-04-12,2.52
1928-04-13,2.52
1928-04-16,2.52
1928-04-17,2.52
1928-04-18,2.52
1928-04-19,2.52
1928-04-20,2.52
1928-04-23,2.52
1928-04-24,2.52
1928-04-25,2.52
1928-04-26,2.52
1928-04-27,2.52
1928-04-30,2.52
1928-05-01,2.52
1928-05-02,2.52
1928-05-03,2.52
1928-05-04,2.52
1928-05-07,2.52
1928-05-08,2.52
1928-05-09,2.52
1928-05-10,2.52
1928-05-11,2.52
1928-05-14,2.52
1928-05-15,2.52
1928-05-16,2.52
1928-05-17,2.52
1928-05-18,2.52
1928-05-21,2.52
1928-05-22,2.52
1928-05-23,2.52
1928-05-24,2.52
1928-05-25,2.52
1928-05-28,2.52
1928-05-29,2.52
1928-05-31,2.52
1928-06-01,2.52
1928-06-04,2.52
1928-06-05,2.52
1928-06-06,2.52
1928-06-07,2.52
1928-06-08,2.52
1928-06-11,2.52
1928-06-12,2.52
1928-06-13,2.52
1928-06-14,2.52
1928-06-15,2.52
1928-06-18,2.52
1928-06-19,2.52
1928-06-20,2.52
1928-06-21,2.52
1928-06-22,2.52
1928-06-25,2.52
1928-06-26,2.52
1928-06-27,2.52
1928-06-28,2.52
1928-06-29,2.52
1928-07-02,2.52
1928-07-03,2.52
1928-07-05,2.52
1928-07-06,2.52
1928-07-09,2.52
1928-07-10,2.52
1928-07-11,2.52
1928-07-12,2.52
1928-07-13,2.52
1928-07-16,2.52
1928-07-17,2.52
1928-07-18,2.52
1928-07-19,2.52
1928-07-20,2.52
1928-07-23,2.52
1928-07-24,2.52
1928-07-25,2.52
1928-07-26,2.52
1928-07-27,2.52
1928-07-30,2.52
1928-07-31,2.52
1928-08-01,2.52
1928-08-02,2.52
1928-08-03,2.52
1928-08-06,2.52
1928-08-07,2.52
1928-08-08,2.52
1928-08-09,2.52
1928-08-10,2.52
1928-08-13,2.52
1928-08-14,2.52
1928-08-15,2.52
1928-08-16,2.52
1928-08-17,2.52
1928-08-20,2.52
1928-08-21,2.52
1928-08-22,2.52
1928-08-23,2.52
1928-08-24,2.52
1928-08-27,2.52
1928-08-28,2.52
1928-08-29,2.52
1928-08-30,2.52
1928-08-31,2.52
1928-09-04,2.52
1928-09-05,2.52
1928-09-06,2.52
1928-09-07,2.52
1928-09-10,2.52
1928-09-11,2.52
1928-09-12,2.52
1928-09-13,2.52
1928-09-14,2.52
1928-09-17,2.52
1928-09-18,2.52
1928-09-19,2.52
1928-09-20,2.52
1928-09-21,2.52
1928-09-24,2.52
1928-09-25,2.52
1928-09-26,2.52
1928-09-27,2.52
1928-09-28,2.52
1928-10-01,5.04
1928-10-02,5.04
1928-10-03,5.04
1928-10-04,5.04
1928-10-05,5.04
1928-10-08,5.04
1928-10-09,5.04
1928-10-10,5.04
1928-10-11,5.04
1928-10-15,5.04
1928-10-16,5.04
1928-10-17,5.04
1928-10-18,5.04
1928-10-19,5.04
1928-10-22,5.04
1928-10-23,5.04
1928-10-24,5.04
1928-10-25,5.04
1928-10-26,5.04
1928-10-29,5.04
1928-10-30,5.04
1928-10-31,5.04
1928-11-01,5.04
1928-11-02,5.04
1928-11-05,5.04
1928-11-07,5.04
1928-11-08,5.04
1928-11-09,5.04
1928-11-12,5.04
1928-11-13,5.04
1928-11-14,5.04
1928-11-15,5.04
1928-11-16,5.04
1928-11-19,5.04
1928-11-20,5.04
1928-11-21,5.04
1928-11-22,5.04
1928-11-23,5.04
1928-11-26,5.04
1928-11-27,5.04
1928-11-28,5.04
1928-11-30,5.04
1928-12-03,0.0
1928-12-04,0.0
1928-12-05,0.0
1928-12-06,0.0
1928-12-07,0.0
1928-12-10,0.0
1928-12-11,0.0
1928-12-12,0.0
1928-12-13,0.0
1928-12-14,0.0
1928-12-17,0.0
1928-12-18,0.0
1928-12-19,0.0
1928-12-20,0.0
1928-12-21,0.0
1928-12-24,0.0
1928-12-26,0.0
1928-12-27,0.0
1928-12-28,0.0
1928-12-31,0.0
1929-01-02,2.52
1929-01-03,2.52
1929-01-04,2.52
1929-01-07,2.52
1929-01-08,2.52
1929-01-09,2.52
1929-01-10,2.52
1929-01-11,2.52
1929-01-14,2.52
1929-01-15,2.52
1929-01-16,2.52
1929-01-17,2.52
1929-01-18,2.52
1929-01-21,2.52
1929-01-22,2.52
1929-01-23,2.52
1929-01-24,2.52
1929-01-25,2.52
1929-01-28,2.52
1929-01-29,2.52
1929-01-30,2.52
1929-01-31,2.52
1929-02-01,5.04
1929-02-04,5.04
1929-02-05,5.04
1929-02-06,5.04
1929-02-07,5.04
1929-02-08,5.04
1929-02-11,5.04
1929-02-13,5.04
1929-02-14,5.04
1929-02-15,5.04
1929-02-18,5.04
1929-02-19,5.04
1929-02-20,5.04
1929-02-21,5.04
1929-02-25,5.04
1929-02-26,5.04
1929-02-27,5.04
1929-02-28,5.04
1929-03-01,2.52
1929-03-04,2.52
1929-03-05,2.52
1929-03-06,2.52
1929-03-07,2.52
1929-03-08,2.52
1929-03-11,2.52
1929-03-12,2.52
1929-03-13,2.52
1929-03-14,2.52
1929-03-15,2.52
1929-03-18,2.52
1929-03-19,2.52
1929-03-20,2.52
1929-03-21,2.52
1929-03-22,2.52
1929-03-25,2.52
1929-03-26,2.52
1929-03-27,2.52
1929-03-28,2.52
1929-04-01,2.52
1929-04-02,2.52
1929-04-03,2.52
1929-04-04,2.52
1929-04-05,2.52
1929-04-08,2.52
1929-04-09,2.52
1929-04-10,2.52
1929-04-11,2.52
1929-04-12,2.52
1929-04-15,2.52
1929-04-16,2.52
1929-04-17,2.52
1929-04-18,2.52
1929-04-19,2.52
1929-04-22,2.52
1929-04-23,2.52
1929-04-24,2.52
1929-04-25,2.52
1929-04-26,2.52
1929-04-29,2.52
1929-04-30,2.52
1929-05-01,5.04
1929-05-02,5.04
1929-05-03,5.04
1929-05-06,5.04
1929-05-07,5.04
1929-05-08,5.04
1929-05-09,5.04
1929-05-10,5.04
1929-05-13,5.04
1929-05-14,5.04
1929-05-15,5.04
1929-05-16,5.04
1929-05-17,5.04
1929-05-20,5.04
1929-05-21,5.04
1929-05-22,5.04
1929-05-23,5.04
1929-05-24,5.04
1929-05-27,5.04
1929-05-28,5.04
1929-05-29,5.04
1929-05-31,5.04
1929-06-03,5.04
1929-06-04,5.04
1929-06-05,5.04
1929-06-06,5.04
1929-06-07,5.04
1929-06-10,5.04
1929-06-11,5.04
1929-06-12,5.04
1929-06-13,5.04
1929-06-14,5.04
1929-06-17,5.04
1929-06-18,5.04
1929-06-19,5.04
1929-06-20,5.04
1929-06-21,5.04
1929-06-24,5.04
1929-06-25,5.04
1929-06-26,5.04
1929-06-27,5.04
1929-06-28,5.04
1929-07-01,2.52
1929-07-02,2.52
1929-07-03,2.52
1929-07-05,2.52
1929-07-08,2.52
1929-07-09,2.52
1929-07-10,2.52
1929-07-11,2.52
1929-07-12,2.52
1929-07-15,2.52
1929-07-16,2.52
1929-07-17,2.52
1929-07-18,2.52
1929-07-19,2.52
1929-07-22,2.52
1929-07-23,2.52
1929-07-24,2.52
1929-07-25,2.52
1929-07-26,2.52
1929-07-29,2.52
1929-07-30,2.52
1929-07-31,2.52
1929-08-01,5.04
1929-08-02,5.04
1929-08-05,5.04
1929-08-06,5.04
1929-08-07,5.04
1929-08-08,5.04
1929-08-09,5.04
1929-08-12,5.04
1929-08-13,5.04
1929-08-14,5.04
1929-08-15,5.04
1929-08-16,5.04
1929-08-19,5.04
1929-08-20,5.04
1929-08-21,5.04
1929-08-22,5.04
1929-08-23,5.04
1929-08-26,5.04
1929-08-27,5.04
1929-08-28,5.04
1929-08-29,5.04
1929-08-30,5.04
1929-09-03,2.52
1929-09-04,2.52
1929-09-05,2.52
1929-09-06,2.52
1929-09-09,2.52
1929-09-10,2.52
1929-09-11,2.52
1929-09-12,2.52
1929-09-13,2.52
1929-09-16,2.52
1929-09-17,2.52
1929-09-18,2.52
1929-09-19,2.52
1929-09-20,2.52
1929-09-23,2.52
1929-09-24,2.52
1929-09-25,2.52
1929-09-26,2.52
1929-09-27,2.52
1929-09-30,2.52
1929-10-01,5.04
1929-10-02,5.04
1929-10-03,5.04
1929-10-04,5.04
1929-10-07,5.04
1929-10-08,5.04
1929-10-09,5.04
1929-10-10,5.04
1929-10-11,5.04
1929-10-14,5.04
1929-10-15,5.04
1929-10-16,5.04
1929-10-17,5.04
1929-10-18,5.04
1929-10-21,5.04
1929-10-22,5.04
1929-10-23,5.04
1929-10-24,5.04
1929-10-25,5.04
1929-10-28,5.04
1929-10-29,5.04
1929-10-30,5.04
1929-10-31,5.04
1929-11-04,5.04
1929-11-06,5.04
1929-11-07,5.04
1929-11-08,5.04
1929-11-11,5.04
1929-11-12,5.04
1929-11-13,5.04
1929-11-14,5.04
1929-11-15,5.04
1929-11-18,5.04
1929-11-19,5.04
1929-11-20,5.04
1929-11-21,5.04
1929-11-22,5.04
1929-11-25,5.04
1929-11-26,5.04
1929-11-27,5.04
1929-12-02,2.52
1929-12-03,2.52
1929-12-04,2.52
1929-12-05,2.52
1929-12-06,2.52
1929-12-09,2.52
1929-12-10,2.52
1929-12-11,2.52
1929-12-12,2.52
1929-12-13,2.52
1929-12-16,2.52
1929-12-17,2.52
1929-12-18,2.52
1929-12-19,2.52
1929-12-20,2.52
1929-12-23,2.52
1929-12-24,2.52
1929-12-26,2.52
1929-12-27,2.52
1929-12-30,2.52
1929-12-31,2.52
1930-01-02,2.52
1930-01-03,2.52
1930-01-06,2.52
1930-01-07,2.52
1930-01-08,2.52
1930-01-09,2.52
1930-01-10,2.52
1930-01-13,2.52
1930-01-14,2.52
1930-01-15,2.52
1930-01-16,2.52
1930-01-17,2.52
1930-01-20,2.52
1930-01-21,2.52
1930-01-22,2.52
1930-01-23,2.52
1930-01-24,2.52
1930-01-27,2.52
1930-01-28,2.52
1930-01-29,2.52
1930-01-30,2.52
1930-01-31,2.52
1930-02-03,2.52
1930-02-04,2.52
1930-02-05,2.52
1930-02-06,2.52
1930-02-07,2.52
1930-02-10,2.52
1930-02-11,2.52
1930-02-13,2.52
1930-02-14,2.52
1930-02-17,2.52
1930-02-18,2.52
1930-02-19,2.52
1930-02-20,2.52
1930-02-21,2.52
1930-02-24,2.52
1930-02-25,2.52
1930-02-26,2.52
1930-02-27,2.52
1930-02-28,2.52
1930-03-03,2.52
1930-03-04,2.52
1930-03-05,2.52
1930-03-06,2.52
1930-03-07,2.52
1930-03-10,2.52
1930-03-11,2.52
1930-03-12,2.52
1930-03-13,2.52
1930-03-14,2.52
1930-03-17,2.52
1930-03-18,2.52
1930-03-19,2.52
1930-03-20,2.52
1930-03-21,2.52
1930-03-24,2.52
1930-03-25,2.52
1930-03-26,2.52
1930-03-27,2.52
1930-03-28,2.52
1930-03-31,2.52
1930-04-01,2.52
1930-04-02,2.52
1930-04-03,2.52
1930-04-04,2.52
1930-04-07,2.52
1930-04-08,2.52
1930-04-09,2.52
1930-04-10,2.52
1930-04-11,2.52
1930-04-14,2.52
1930-04-15,2.52
1930-04-16,2.52
1930-04-17,2.52
1930-04-21,2.52
1930-04-22,2.52
1930-04-23,2.52
1930-04-24,2.52
1930-04-25,2.52
1930-04-28,2.52
1930-04-29,2.52
1930-04-30,2.52
1930-05-01,2.52
1930-05-02,2.52
1930-05-05,2.52
1930-05-06,2.52
1930-05-07,2.52
1930-05-08,2.52
1930-05-09,2.52
1930-05-12,2.52
1930-05-13,2.52
1930-05-14,2.52
1930-05-15,2.52
1930-05-16,2.52
1930-05-19,2.52
1930-05-20,2.52
1930-05-21,2.52
1930-05-22,2.52
1930-05-23,2.52
1930-05-26,2.52
1930-05-27,2.52
1930-05-28,2.52
1930-05-29,2.52
1930-06-02,2.52
1930-06-03,2.52
1930-06-04,2.52
1930-06-05,2.52
1930-06-06,2.52
1930-06-09,2.52
1930-06-10,2.52
1930-06-11,2.52
1930-06-12,2.52
1930-06-13,2.52
1930-06-16,2.52
1930-06-17,2.52
1930-06-18,2.52
1930-06-19,2.52
1930-06-20,2.52
1930-06-23,2.52
1930-06-24,2.52
1930-06-25,2.52
1930-06-26,2.52
1930-06-27,2.52
1930-06-30,2.52
1930-07-01,2.52
1930-07-02,2.52
1930-07-03,2.52
1930-07-07,2.52
1930-07-08,2.52
1930-07-09,2.52
1930-07-10,2.52
1930-07-11,2.52
1930-07-14,2.52
1930-07-15,2.52
1930-07-16,2.52
1930-07-17,2.52
1930-07-18,2.52
1930-07-21,2.52
1930-07-22,2.52
1930-07-23,2.52
1930-07-24,2.52
1930-07-25,2.52
1930-07-28,2.52
1930-07-29,2.52
1930-07-30,2.52
1930-07-31,2.52
1930-08-01,0.0
1930-08-04,0.0
1930-08-05,0.0
1930-08-06,0.0
1930-08-07,0.0
1930-08-08,0.0
1930-08-11,0.0
1930-08-12,0.0
1930-08-13,0.0
1930-08-14,0.0
1930-08-15,0.0
1930-08-18,0.0
1930-08-19,0.0
1930-08-20,0.0
1930-08-21,0.0
1930-08-22,0.0
1930-08-25,0.0
1930-08-26,0.0
1930-08-27,0.0
1930-08-28,0.0
1930-08-29,0.0
1930-09-02,2.52
1930-09-03,2.52
1930-09-04,2.52
1930-09-05,2.52
1930-09-08,2.52
1930-09-09,2.52
1930-09-10,2.52
1930-09-11,2.52
1930-09-12,2.52
1930-09-15,2.52
1930-09-16,2.52
1930-09-17,2.52
1930-09-18,2.52
1930-09-19,2.52
1930-09-22,2.52
1930-09-23,2.52
1930-09-24,2.52
1930-09-25,2.52
1930-09-26,2.52
1930-09-29,2.52
1930-09-30,2.52
1930-10-01,0.0
1930-10-02,0.0
1930-10-03,0.0
1930-10-06,0.0
1930-10-07,0.0
1930-10-08,0.0
1930-10-09,0.0
1930-10-10,0.0
1930-10-14,0.0
1930-10-15,0.0
1930-10-16,0.0
1930-10-17,0.0
1930-10-20,0.0
1930-10-21,0.0
1930-10-22,0.0
1930-10-23,0.0
1930-10-24,0.0
1930-10-27,0.0
1930-10-28,0.0
1930-10-29,0.0
1930-10-30,0.0
1930-10-31,0.0
1930-11-03,2.52
1930-11-05,2.52
1930-11-06,2.52
1930-11-07,2.52
1930-11-10,2.52
1930-11-11,2.52
1930-11-12,2.52
1930-11-13,2.52
1930-11-14,2.52
1930-11-17,2.52
1930-11-18,2.52
1930-11-19,2.52
1930-11-20,2.52
1930-11-21,2.52
1930-11-24,2.52
1930-11-25,2.52
1930-11-26,2.52
1930-11-28,2.52
1930-12-01,2.52
1930-12-02,2.52
1930-12-03,2.52
1930-12-04,2.52
1930-12-05,2.52
1930-12-08,2.52
1930-12-09,2.52
1930-12-10,2.52
1930-12-11,2.52
1930-12-12,2.52
1930-12-15,2.52
1930-12-16,2.52
1930-12-17,2.52
1930-12-18,2.52
1930-12-19,2.52
1930-12-22,2.52
1930-12-23,2.52
1930-12-24,2.52
1930-12-26,2.52
1930-12-29,2.52
1930-12-30,2.52
1930-12-31,2.52
1931-01-02,2.52
1931-01-05,2.52
1931-01-06,2.52
1931-01-07,2.52
1931-01-08,2.52
1931-01-09,2.52
1931-01-12,2.52
1931-01-13,2.52
1931-01-14,2.52
1931-01-15,2.52
1931-01-16,2.52
1931-01-19,2.52
1931-01-20,2.52
1931-01-21,2.52
1931-01-22,2.52
1931-01-23,2.52
1931-01-26,2.52
1931-01-27,2.52
1931-01-28,2.52
1931-01-29,2.52
1931-01-30,2.52
1931-02-02,0.0
1931-02-03,0.0
1931-02-04,0.0
1931-02-05,0.0
1931-02-06,0.0
1931-02-09,0.0
1931-02-10,0.0
1931-02-11,0.0
1931-02-13,0.0
1931-02-16,0.0
1931-02-17,0.0
1931-02-18,0.0
1931-02-19,0.0
1931-02-20,0.0
1931-02-24,0.0
1931-02-25,0.0
1931-02-26,0.0
1931-02-27,0.0
1931-03-02,0.0
1931-03-03,0.0
1931-03-04,0.0
1931-03-05,0.0
1931-03-06,0.0
1931-03-09,0.0
1931-03-10,0.0
1931-03-11,0.0
1931-03-12,0.0
1931-03-13,0.0
1931-03-16,0.0
1931-03-17,0.0
1931-03-18,0.0
1931-03-19,0.0
1931-03-20,0.0
1931-03-23,0.0
1931-03-24,0.0
1931-03-25,0.0
1931-03-26,0.0
1931-03-27,0.0
1931-03-30,0.0
1931-03-31,0.0
1931-04-01,0.0
1931-04-02,0.0
1931-04-06,0.0
1931-04-07,0.0
1931-04-08,0.0
1931-04-09,0.0
1931-04-10,0.0
1931-04-13,0.0
1931-04-14,0.0
1931-04-15,0.0
1931-04-16,0.0
1931-04-17,0.0
1931-04-20,0.0
1931-04-21,0.0
1931-04-22,0.0
1931-04-23,0.0
1931-04-24,0.0
1931-04-27,0.0
1931-04-28,0.0
1931-04-29,0.0
1931-04-30,0.0
1931-05-01,0.0
1931-05-04,0.0
1931-05-05,0.0
1931-05-06,0.0
1931-05-07,0.0
1931-05-08,0.0
1931-05-11,0.0
1931-05-12,0.0
1931-05-13,0.0
1931-05-14,0.0
1931-05-15,0.0
1931-05-18,0.0
1931-05-19,0.0
1931-05-20,0.0
1931-05-21,0.0
1931-05-22,0.0
1931-05-25,0.0
1931-05-26,0.0
1931-05-27,0.0
1931-05-28,0.0
1931-05-29,0.0
1931-06-01,0.0
1931-06-02,0.0
1931-06-03,0.0
1931-06-04,0.0
1931-06-05,0.0
1931-06-08,0.0
1931-06-09,0.0
1931-06-10,0.0
1931-06-11,0.0
1931-06-12,0.0
1931-06-15,0.0
1931-06-16,0.0
1931-06-17,0.0
1931-06-18,0.0
1931-06-19,0.0
1931-06-22,0.0
1931-06-23,0.0
1931-06-24,0.0
1931-06-25,0.0
1931-06-26,0.0
1931-06-29,0.0
1931-06-30,0.0
1931-07-01,0.0
1931-07-02,0.0
1931-07-03,0.0
1931-07-06,0.0
1931-07-07,0.0
1931-07-08,0.0
1931-07-09,0.0
1931-07-10,0.0
1931-07-13,0.0
1931-07-14,0.0
1931-07-15,0.0
1931-07-16,0.0
1931-07-17,0.0
1931-07-20,0.0
1931-07-21,0.0
1931-07-22,0.0
1931-07-23,0.0
1931-07-24,0.0
1931-07-27,0.0
1931-07-28,0.0
1931-07-29,0.0
1931-07-30,0.0
1931-07-31,0.0
1931-08-03,0.0
1931-08-04,0.0
1931-08-05,0.0
1931-08-06,0.0
1931-08-07,0.0
1931-08-10,0.0
1931-08-11,0.0
1931-08-12,0.0
1931-08-13,0.0
1931-08-14,0.0
1931-08-17,0.0
1931-08-18,0.0
1931-08-19,0.0
1931-08-20,0.0
1931-08-21,0.0
1931-08-24,0.0
1931-08-25,0.0
1931-08-26,0.0
1931-08-27,0.0
1931-08-28,0.0
1931-08-31,0.0
1931-09-01,0.0
1931-09-02,0.0
1931-09-03,0.0
1931-09-04,0.0
1931-09-08,0.0
1931-09-09,0.0
1931-09-10,0.0
1931-09-11,0.0
1931-09-14,0.0
1931-09-15,0.0
1931-09-16,0.0
1931-09-17,0.0
1931-09-18,0.0
1931-09-21,0.0
1931-09-22,0.0
1931-09-23,0.0
1931-09-24,0.0
1931-09-25,0.0
1931-09-28,0.0
1931-09-29,0.0
1931-09-30,0.0
1931-10-01,0.0
1931-10-02,0.0
1931-10-05,0.0
1931-10-06,0.0
1931-10-07,0.0
1931-10-08,0.0
1931-10-09,0.0
1931-10-13,0.0
1931-10-14,0.0
1931-10-15,0.0
1931-10-16,0.0
1931-10-19,0.0
1931-10-20,0.0
1931-10-21,0.0
1931-10-22,0.0
1931-10-23,0.0
1931-10-26,0.0
1931-10-27,0.0
1931-10-28,0.0
1931-10-29,0.0
1931-10-30,0.0
1931-11-02,2.52
1931-11-04,2.52
1931-11-05,2.52
1931-11-06,2.52
1931-11-09,2.52
1931-11-10,2.52
1931-11-11,2.52
1931-11-12,2.52
1931-11-13,2.52
1931-11-16,2.52
1931-11-17,2.52
1931-11-18,2.52
1931-11-19,2.52
1931-11-20,2.52
1931-11-23,2.52
1931-11-24,2.52
1931-11-25,2.52
1931-11-27,2.52
1931-11-30,2.52
1931-12-01,0.0
1931-12-02,0.0
1931-12-03,0.0
1931-12-04,0.0
1931-12-07,0.0
1931-12-08,0.0
1931-12-09,0.0
1931-12-10,0.0
1931-12-11,0.0
1931-12-14,0.0
1931-12-15,0.0
1931-12-16,0.0
1931-12-17,0.0
1931-12-18,0.0
1931-12-21,0.0
1931-12-22,0.0
1931-12-23,0.0
1931-12-24,0.0
1931-12-28,0.0
1931-12-29,0.0
1931-12-30,0.0
1931-12-31,0.0
1932-01-04,2.52
1932-01-05,2.52
1932-01-06,2.52
1932-01-07,2.52
1932-01-08,2.52
1932-01-11,2.52
1932-01-12,2.52
1932-01-13,2.52
1932-01-14,2.52
1932-01-15,2.52
1932-01-18,2.52
1932-01-19,2.52
1932-01-20,2.52
1932-01-21,2.52
1932-01-22,2.52
1932-01-25,2.52
1932-01-26,2.52
1932-01-27,2.52
1932-01-28,2.52
1932-01-29,2.52
1932-02-01,2.52
1932-02-02,2.52
1932-02-03,2.52
1932-02-04,2.52
1932-02-05,2.52
1932-02-08,2.52
1932-02-09,2.52
1932-02-10,2.52
1932-02-11,2.52
1932-02-15,2.52
1932-02-16,2.52
1932-02-17,2.52
1932-02-18,2.52
1932-02-19,2.52
1932-02-23,2.52
1932-02-24,2.52
1932-02-25,2.52
1932-02-26,2.52
1932-02-29,2.52
1932-03-01,2.52
1932-03-02,2.52
1932-03-03,2.52
1932-03-04,2.52
1932-03-07,2.52
1932-03-08,2.52
1932-03-09,2.52
1932-03-10,2.52
1932-03-11,2.52
1932-03-14,2.52
1932-03-15,2.52
1932-03-16,2.52
1932-03-17,2.52
1932-03-18,2.52
1932-03-21,2.52
1932-03-22,2.52
1932-03-23,2.52
1932-03-24,2.52
1932-03-28,2.52
1932-03-29,2.52
1932-03-30,2.52
1932-03-31,2.52
1932-04-01,0.0
1932-04-04,0.0
1932-04-05,0.0
1932-04-06,0.0
1932-04-07,0.0
1932-04-08,0.0
1932-04-11,0.0
1932-04-12,0.0
1932-04-13,0.0
1932-04-14,0.0
1932-04-15,0.0
1932-04-18,0.0
1932-04-19,0.0
1932-04-20,0.0
1932-04-21,0.0
1932-04-22,0.0
1932-04-25,0.0
1932-04-26,0.0
1932-04-27,0.0
1932-04-28,0.0
1932-04-29,0.0
1932-05-02,0.0
1932-05-03,0.0
1932-05-04,0.0
1932-05-05,0.0
1932-05-06,0.0
1932-05-09,0.0
1932-05-10,0.0
1932-05-11,0.0
1932-05-12,0.0
1932-05-13,0.0
1932-05-16,0.0
1932-05-17,0.0
1932-05-18,0.0
1932-05-19,0.0
1932-05-20,0.0
1932-05-23,0.0
1932-05-24,0.0
1932-05-25,0.0
1932-05-26,0.0
1932-05-27,0.0
1932-05-31,0.0
1932-06-01,0.0
1932-06-02,0.0
1932-06-03,0.0
1932-06-06,0.0
1932-06-07,0.0
1932-06-08,0.0
1932-06-09,0.0
1932-06-10,0.0
1932-06-13,0.0
1932-06-14,0.0
1932-06-15,0.0
1932-06-16,0.0
1932-06-17,0.0
1932-06-20,0.0
1932-06-21,0.0
1932-06-22,0.0
1932-06-23,0.0
1932-06-24,0.0
1932-06-27,0.0
1932-06-28,0.0
1932-06-29,0.0
1932-06-30,0.0
1932-07-01,0.0
1932-07-05,0.0
1932-07-06,0.0
1932-07-07,0.0
1932-07-08,0.0
1932-07-11,0.0
1932-07-12,0.0
1932-07-13,0.0
1932-07-14,0.0
1932-07-15,0.0
1932-07-18,0.0
1932-07-19,0.0
1932-07-20,0.0
1932-07-21,0.0
1932-07-22,0.0
1932-07-25,0.0
1932-07-26,0.0
1932-07-27,0.0
1932-07-28,0.0
1932-07-29,0.0
1932-08-01,0.0
1932-08-02,0.0
1932-08-03,0.0
1932-08-04,0.0
1932-08-05,0.0
1932-08-08,0.0
1932-08-09,0.0
1932-08-10,0.0
1932-08-11,0.0
1932-08-12,0.0
1932-08-15,0.0
1932-08-16,0.0
1932-08-17,0.0
1932-08-18,0.0
1932-08-19,0.0
1932-08-22,0.0
1932-08-23,0.0
1932-08-24,0.0
1932-08-25,0.0
1932-08-26,0.0
1932-08-29,0.0
1932-08-30,0.0
1932-08-31,0.0
1932-09-01,0.0
1932-09-02,0.0
1932-09-06,0.0
1932-09-07,0.0
1932-09-08,0.0
1932-09-09,0.0
1932-09-12,0.0
1932-09-13,0.0
1932-09-14,0.0
1932-09-15,0.0
1932-09-16,0.0
1932-09-19,0.0
1932-09-20,0.0
1932-09-21,0.0
1932-09-22,0.0
1932-09-23,0.0
1932-09-26,0.0
1932-09-27,0.0
1932-09-28,0.0
1932-09-29,0.0
1932-09-30,0.0
1932-10-03,0.0
1932-10-04,0.0
1932-10-05,0.0
1932-10-06,0.0
1932-10-07,0.0
1932-10-10,0.0
1932-10-11,0.0
1932-10-13,0.0
1932-10-14,0.0
1932-10-17,0.0
1932-10-18,0.0
1932-10-19,0.0
1932-10-20,0.0
1932-10-21,0.0
1932-10-24,0.0
1932-10-25,0.0
1932-10-26,0.0
1932-10-27,0.0
1932-10-28,0.0
1932-10-31,0.0
1932-11-01,0.0
1932-11-02,0.0
1932-11-03,0.0
1932-11-04,0.0
1932-11-07,0.0
1932-11-09,0.0
1932-11-10,0.0
1932-11-11,0.0
1932-11-14,0.0
1932-11-15,0.0
1932-11-16,0.0
1932-11-17,0.0
1932-11-18,0.0
1932-11-21,0.0
1932-11-22,0.0
1932-11-23,0.0
1932-11-25,0.0
1932-11-28,0.0
1932-11-29,0.0
1932-11-30,0.0
1932-12-01,0.0
1932-12-02,0.0
1932-12-05,0.0
1932-12-06,0.0
1932-12-07,0.0
1932-12-08,0.0
1932-12-09,0.0
1932-12-12,0.0
1932-12-13,0.0
1932-12-14,0.0
1932-12-15,0.0
1932-12-16,0.0
1932-12-19,0.0
1932-12-20,0.0
1932-12-21,0.0
1932-12-22,0.0
1932-12-23,0.0
1932-12-27,0.0
1932-12-28,0.0
1932-12-29,0.0
1932-12-30,0.0
1933-01-03,0.0
1933-01-04,0.0
1933-01-05,0.0
1933-01-06,0.0
1933-01-09,0.0
1933-01-10,0.0
1933-01-11,0.0
1933-01-12,0.0
1933-01-13,0.0
1933-01-16,0.0
1933-01-17,0.0
1933-01-18,0.0
1933-01-19,0.0
1933-01-20,0.0
1933-01-23,0.0
1933-01-24,0.0
1933-01-25,0.0
1933-01-26,0.0
1933-01-27,0.0
1933-01-30,0.0
1933-01-31,0.0
1933-02-01,0.0
1933-02-02,0.0
1933-02-03,0.0
1933-02-06,0.0
1933-02-07,0.0
1933-02-08,0.0
1933-02-09,0.0
1933-02-10,0.0
1933-02-14,0.0
1933-02-15,0.0
1933-02-16,0.0
1933-02-17,0.0
1933-02-20,0.0
1933-02-21,0.0
1933-02-23,0.0
1933-02-24,0.0
1933-02-27,0.0
1933-02-28,0.0
1933-03-01,0.0
1933-03-02,0.0
1933-03-03,0.0
1933-03-15,0.0
1933-03-16,0.0
1933-03-17,0.0
1933-03-20,0.0
1933-03-21,0.0
1933-03-22,0.0
1933-03-23,0.0
1933-03-24,0.0
1933-03-27,0.0
1933-03-28,0.0
1933-03-29,0.0
1933-03-30,0.0
1933-03-31,0.0
1933-04-03,0.0
1933-04-04,0.0
1933-04-05,0.0
1933-04-06,0.0
1933-04-07,0.0
1933-04-10,0.0
1933-04-11,0.0
1933-04-12,0.0
1933-04-13,0.0
1933-04-17,0.0
1933-04-18,0.0
1933-04-19,0.0
1933-04-20,0.0
1933-04-21,0.0
1933-04-24,0.0
1933-04-25,0.0
1933-04-26,0.0
1933-04-27,0.0
1933-04-28,0.0
1933-05-01,0.0
1933-05-02,0.0
1933-05-03,0.0
1933-05-04,0.0
1933-05-05,0.0
1933-05-08,0.0
1933-05-09,0.0
1933-05-10,0.0
1933-05-11,0.0
1933-05-12,0.0
1933-05-15,0.0
1933-05-16,0.0
1933-05-17,0.0
1933-05-18,0.0
1933-05-19,0.0
1933-05-22,0.0
1933-05-23,0.0
1933-05-24,0.0
1933-05-25,0.0
1933-05-26,0.0
1933-05-29,0.0
1933-05-31,0.0
1933-06-01,0.0
1933-06-02,0.0
1933-06-05,0.0
1933-06-06,0.0
1933-06-07,0.0
1933-06-08,0.0
1933-06-09,0.0
1933-06-12,0.0
1933-06-13,0.0
1933-06-14,0.0
1933-06-15,0.0
1933-06-16,0.0
1933-06-19,0.0
1933-06-20,0.0
1933-06-21,0.0
1933-06-22,0.0
1933-06-23,0.0
1933-06-26,0.0
1933-06-27,0.0
1933-06-28,0.0
1933-06-29,0.0
1933-06-30,0.0
1933-07-03,0.0
1933-07-05,0.0
1933-07-06,0.0
1933-07-07,0.0
1933-07-10,0.0
1933-07-11,0.0
1933-07-12,0.0
1933-07-13,0.0
1933-07-14,0.0
1933-07-17,0.0
1933-07-18,0.0
1933-07-19,0.0
1933-07-20,0.0
1933-07-21,0.0
1933-07-24,0.0
1933-07-25,0.0
1933-07-26,0.0
1933-07-27,0.0
1933-07-28,0.0
1933-07-31,0.0
1933-08-01,0.0
1933-08-02,0.0
1933-08-03,0.0
1933-08-04,0.0
1933-08-07,0.0
1933-08-08,0.0
1933-08-09,0.0
1933-08-10,0.0
1933-08-11,0.0
1933-08-14,0.0
1933-08-15,0.0
1933-08-16,0.0
1933-08-17,0.0
1933-08-18,0.0
1933-08-21,0.0
1933-08-22,0.0
1933-08-23,0.0
1933-08-24,0.0
1933-08-25,0.0
1933-08-28,0.0
1933-08-29,0.0
1933-08-30,0.0
1933-08-31,0.0
1933-09-01,0.0
1933-09-05,0.0
1933-09-06,0.0
1933-09-07,0.0
1933-09-08,0.0
1933-09-11,0.0
1933-09-12,0.0
1933-09-13,0.0
1933-09-14,0.0
1933-09-15,0.0
1933-09-18,0.0
1933-09-19,0.0
1933-09-20,0.0
1933-09-21,0.0
1933-09-22,0.0
1933-09-25,0.0
1933-09-26,0.0
1933-09-27,0.0
1933-09-28,0.0
1933-09-29,0.0
1933-10-02,0.0
1933-10-03,0.0
1933-10-04,0.0
1933-10-05,0.0
1933-10-06,0.0
1933-10-09,0.0
1933-10-10,0.0
1933-10-11,0.0
1933-10-13,0.0
1933-10-16,0.0
1933-10-17,0.0
1933-10-18,0.0
1933-10-19,0.0
1933-10-20,0.0
1933-10-23,0.0
1933-10-24,0.0
1933-10-25,0.0
1933-10-26,0.0
1933-10-27,0.0
1933-10-30,0.0
1933-10-31,0.0
1933-11-01,0.0
1933-11-02,0.0
1933-11-03,0.0
1933-11-06,0.0
1933-11-08,0.0
1933-11-09,0.0
1933-11-10,0.0
1933-11-13,0.0
1933-11-14,0.0
1933-11-15,0.0
1933-11-16,0.0
1933-11-17,0.0
1933-11-20,0.0
1933-11-21,0.0
1933-11-22,0.0
1933-11-23,0.0
1933-11-24,0.0
1933-11-27,0.0
1933-11-28,0.0
1933-11-29,0.0
1933-12-01,0.0
1933-12-04,0.0
1933-12-05,0.0
1933-12-06,0.0
1933-12-07,0.0
1933-12-08,0.0
1933-12-11,0.0
1933-12-12,0.0
1933-12-13,0.0
1933-12-14,0.0
1933-12-15,0.0
1933-12-18,0.0
1933-12-19,0.0
1933-12-20,0.0
1933-12-21,0.0
1933-12-22,0.0
1933-12-26,0.0
1933-12-27,0.0
1933-12-28,0.0
1933-12-29,0.0
1934-01-02,0.0
1934-01-03,0.0
1934-01-04,0.0
1934-01-05,0.0
1934-01-08,0.0
1934-01-09,0.0
1934-01-10,0.0
1934-01-11,0.0
1934-01-12,0.0
1934-01-15,0.0
1934-01-16,0.0
1934-01-17,0.0
1934-01-18,0.0
1934-01-19,0.0
1934-01-22,0.0
1934-01-23,0.0
1934-01-24,0.0
1934-01-25,0.0
1934-01-26,0.0
1934-01-29,0.0
1934-01-30,0.0
1934-01-31,0.0
1934-02-01,0.0
1934-02-02,0.0
1934-02-05,0.0
1934-02-06,0.0
1934-02-07,0.0
1934-02-08,0.0
1934-02-09,0.0
1934-02-13,0.0
1934-02-14,0.0
1934-02-15,0.0
1934-02-16,0.0
1934-02-19,0.0
1934-02-20,0.0
1934-02-21,0.0
1934-02-23,0.0
1934-02-26,0.0
1934-02-27,0.0
1934-02-28,0.0
1934-03-01,0.0
1934-03-02,0.0
1934-03-05,0.0
1934-03-06,0.0
1934-03-07,0.0
1934-03-08,0.0
1934-03-09,0.0
1934-03-12,0.0
1934-03-13,0.0
1934-03-14,0.0
1934-03-15,0.0
1934-03-16,0.0
1934-03-19,0.0
1934-03-20,0.0
1934-03-21,0.0
1934-03-22,0.0
1934-03-23,0.0
1934-03-26,0.0
1934-03-27,0.0
1934-03-28,0.0
1934-03-29,0.0
1934-04-02,0.0
1934-04-03,0.0
1934-04-04,0.0
1934-04-05,0.0
1934-04-06,0.0
1934-04-09,0.0
1934-04-10,0.0
1934-04-11,0.0
1934-04-12,0.0
1934-04-13,0.0
1934-04-16,0.0
1934-04-17,0.0
1934-04-18,0.0
1934-04-19,0.0
1934-04-20,0.0
1934-04-23,0.0
1934-04-24,0.0
1934-04-25,0.0
1934-04-26,0.0
1934-04-27,0.0
1934-04-30,0.0
1934-05-01,0.0
1934-05-02,0.0
1934-05-03,0.0
1934-05-04,0.0
1934-05-07,0.0
1934-05-08,0.0
1934-05-09,0.0
1934-05-10,0.0
1934-05-11,0.0
1934-05-14,0.0
1934-05-15,0.0
1934-05-16,0.0
1934-05-17,0.0
1934-05-18,0.0
1934-05-21,0.0
1934-05-22,0.0
1934-05-23,0.0
1934-05-24,0.0
1934-05-25,0.0
1934-05-28,0.0
1934-05-29,0.0
1934-05-31,0.0
1934-06-01,0.0
1934-06-04,0.0
1934-06-05,0.0
1934-06-06,0.0
1934-06-07,0.0
1934-06-08,0.0
1934-06-11,0.0
1934-06-12,0.0
1934-06-13,0.0
1934-06-14,0.0
1934-06-15,0.0
1934-06-18,0.0
1934-06-19,0.0
1934-06-20,0.0
1934-06-21,0.0
1934-06-22,0.0
1934-06-25,0.0
1934-06-26,0.0
1934-06-27,0.0
1934-06-28,0.0
1934-06-29,0.0
1934-07-02,0.0
1934-07-03,0.0
1934-07-05,0.0
1934-07-06,0.0
1934-07-09,0.0
1934-07-10,0.0
1934-07-11,0.0
1934-07-12,0.0
1934-07-13,0.0
1934-07-16,0.0
1934-07-17,0.0
1934-07-18,0.0
1934-07-19,0.0
1934-07-20,0.0
1934-07-23,0.0
1934-07-24,0.0
1934-07-25,0.0
1934-07-26,0.0
1934-07-27,0.0
1934-07-30,0.0
1934-07-31,0.0
1934-08-01,0.0
1934-08-02,0.0
1934-08-03,0.0
1934-08-06,0.0
1934-08-07,0.0
1934-08-08,0.0
1934-08-09,0.0
1934-08-10,0.0
1934-08-13,0.0
1934-08-14,0.0
1934-08-15,0.0
1934-08-16,0.0
1934-08-17,0.0
1934-08-20,0.0
1934-08-21,0.0
1934-08-22,0.0
1934-08-23,0.0
1934-08-24,0.0
1934-08-27,0.0
1934-08-28,0.0
1934-08-29,0.0
1934-08-30,0.0
1934-08-31,0.0
1934-09-04,0.0
1934-09-05,0.0
1934-09-06,0.0
1934-09-07,0.0
1934-09-10,0.0
1934-09-11,0.0
1934-09-12,0.0
1934-09-13,0.0
1934-09-14,0.0
1934-09-17,0.0
1934-09-18,0.0
1934-09-19,0.0
1934-09-20,0.0
1934-09-21,0.0
1934-09-24,0.0
1934-09-25,0.0
1934-09-26,0.0
1934-09-27,0.0
1934-09-28,0.0
1934-10-01,0.0
1934-10-02,0.0
1934-10-03,0.0
1934-10-04,0.0
1934-10-05,0.0
1934-10-08,0.0
1934-10-09,0.0
1934-10-10,0.0
1934-10-11,0.0
1934-10-15,0.0
1934-10-16,0.0
1934-10-17,0.0
1934-10-18,0.0
1934-10-19,0.0
1934-10-22,0.0
1934-10-23,0.0
1934-10-24,0.0
1934-10-25,0.0
1934-10-26,0.0
1934-10-29,0.0
1934-10-30,0.0
1934-10-31,0.0
1934-11-01,0.0
1934-11-02,0.0
1934-11-05,0.0
1934-11-07,0.0
1934-11-08,0.0
1934-11-09,0.0
1934-11-13,0.0
1934-11-14,0.0
1934-11-15,0.0
1934-11-16,0.0
1934-11-19,0.0
1934-11-20,0.0
1934-11-21,0.0
1934-11-22,0.0
1934-11-23,0.0
1934-11-26,0.0
1934-11-27,0.0
1934-11-28,0.0
1934-11-30,0.0
1934-12-03,0.0
1934-12-04,0.0
1934-12-05,0.0
1934-12-06,0.0
1934-12-07,0.0
1934-12-10,0.0
1934-12-11,0.0
1934-12-12,0.0
1934-12-13,0.0
1934-12-14,0.0
1934-12-17,0.0
1934-12-18,0.0
1934-12-19,0.0
1934-12-20,0.0
1934-12-21,0.0
1934-12-24,0.0
1934-12-26,0.0
1934-12-27,0.0
1934-12-28,0.0
1934-12-31,0.0
1935-01-02,0.0
1935-01-03,0.0
1935-01-04,0.0
1935-01-07,0.0
1935-01-08,0.0
1935-01-09,0.0
1935-01-10,0.0
1935-01-11,0.0
1935-01-14,0.0
1935-01-15,0.0
1935-01-16,0.0
1935-01-17,0.0
1935-01-18,0.0
1935-01-21,0.0
1935-01-22,0.0
1935-01-23,0.0
1935-01-24,0.0
1935-01-25,0.0
1935-01-28,0.0
1935-01-29,0.0
1935-01-30,0.0
1935-01-31,0.0
1935-02-01,0.0
1935-02-04,0.0
1935-02-05,0.0
1935-02-06,0.0
1935-02-07,0.0
1935-02-08,0.0
1935-02-11,0.0
1935-02-13,0.0
1935-02-14,0.0
1935-02-15,0.0
1935-02-18,0.0
1935-02-19,0.0
1935-02-20,0.0
1935-02-21,0.0
1935-02-25,0.0
1935-02-26,0.0
1935-02-27,0.0
1935-02-28,0.0
1935-03-01,0.0
1935-03-04,0.0
1935-03-05,0.0
1935-03-06,0.0
1935-03-07,0.0
1935-03-08,0.0
1935-03-11,0.0
1935-03-12,0.0
1935-03-13,0.0
1935-03-14,0.0
1935-03-15,0.0
1935-03-18,0.0
1935-03-19,0.0
1935-03-20,0.0
1935-03-21,0.0
1935-03-22,0.0
1935-03-25,0.0
1935-03-26,0.0
1935-03-27,0.0
1935-03-28,0.0
1935-03-29,0.0
1935-04-01,0.0
1935-04-02,0.0
1935-04-03,0.0
1935-04-04,0.0
1935-04-05,0.0
1935-04-08,0.0
1935-04-09,0.0
1935-04-10,0.0
1935-04-11,0.0
1935-04-12,0.0
1935-04-15,0.0
1935-04-16,0.0
1935-04-17,0.0
1935-04-18,0.0
1935-04-22,0.0
1935-04-23,0.0
1935-04-24,0.0
1935-04-25,0.0
1935-04-26,0.0
1935-04-29,0.0
1935-04-30,0.0
1935-05-01,0.0
1935-05-02,0.0
1935-05-03,0.0
1935-05-06,0.0
1935-05-07,0.0
1935-05-08,0.0
1935-05-09,0.0
1935-05-10,0.0
1935-05-13,0.0
1935-05-14,0.0
1935-05-15,0.0
1935-05-16,0.0
1935-05-17,0.0
1935-05-20,0.0
1935-05-21,0.0
1935-05-22,0.0
1935-05-23,0.0
1935-05-24,0.0
1935-05-27,0.0
1935-05-28,0.0
1935-05-29,0.0
1935-05-31,0.0
1935-06-03,0.0
1935-06-04,0.0
1935-06-05,0.0
1935-06-06,0.0
1935-06-07,0.0
1935-06-10,0.0
1935-06-11,0.0
1935-06-12,0.0
1935-06-13,0.0
1935-06-14,0.0
1935-06-17,0.0
1935-06-18,0.0
1935-06-19,0.0
1935-06-20,0.0
1935-06-21,0.0
1935-06-24,0.0
1935-06-25,0.0
1935-06-26,0.0
1935-06-27,0.0
1935-06-28,0.0
1935-07-01,0.0
1935-07-02,0.0
1935-07-03,0.0
1935-07-05,0.0
1935-07-08,0.0
1935-07-09,0.0
1935-07-10,0.0
1935-07-11,0.0
1935-07-12,0.0
1935-07-15,0.0
1935-07-16,0.0
1935-07-17,0.0
1935-07-18,0.0
1935-07-19,0.0
1935-07-22,0.0
1935-07-23,0.0
1935-07-24,0.0
1935-07-25,0.0
1935-07-26,0.0
1935-07-29,0.0
1935-07-30,0.0
1935-07-31,0.0
1935-08-01,0.0
1935-08-02,0.0
1935-08-05,0.0
1935-08-06,0.0
1935-08-07,0.0
1935-08-08,0.0
1935-08-09,0.0
1935-08-12,0.0
1935-08-13,0.0
1935-08-14,0.0
1935-08-15,0.0
1935-08-16,0.0
1935-08-19,0.0
1935-08-20,0.0
1935-08-21,0.0
1935-08-22,0.0
1935-08-23,0.0
1935-08-26,0.0
1935-08-27,0.0
1935-08-28,0.0
1935-08-29,0.0
1935-08-30,0.0
1935-09-03,0.0
1935-09-04,0.0
1935-09-05,0.0
1935-09-06,0.0
1935-09-09,0.0
1935-09-10,0.0
1935-09-11,0.0
1935-09-12,0.0
1935-09-13,0.0
1935-09-16,0.0
1935-09-17,0.0
1935-09-18,0.0
1935-09-19,0.0
1935-09-20,0.0
1935-09-23,0.0
1935-09-24,0.0
1935-09-25,0.0
1935-09-26,0.0
1935-09-27,0.0
1935-09-30,0.0
1935-10-01,0.0
1935-10-02,0.0
1935-10-03,0.0
1935-10-04,0.0
1935-10-07,0.0
1935-10-08,0.0
1935-10-09,0.0
1935-10-10,0.0
1935-10-11,0.0
1935-10-14,0.0
1935-10-15,0.0
1935-10-16,0.0
1935-10-17,0.0
1935-10-18,0.0
1935-10-21,0.0
1935-10-22,0.0
1935-10-23,0.0
1935-10-24,0.0
1935-10-25,0.0
1935-10-28,0.0
1935-10-29,0.0
1935-10-30,0.0
1935-10-31,0.0
1935-11-01,0.0
1935-11-04,0.0
1935-11-06,0.0
1935-11-07,0.0
1935-11-08,0.0
1935-11-12,0.0
1935-11-13,0.0
1935-11-14,0.0
1935-11-15,0.0
1935-11-18,0.0
1935-11-19,0.0
1935-11-20,0.0
1935-11-21,0.0
1935-11-22,0.0
1935-11-25,0.0
1935-11-26,0.0
1935-11-27,0.0
1935-11-29,0.0
1935-12-02,0.0
1935-12-03,0.0
1935-12-04,0.0
1935-12-05,0.0
1935-12-06,0.0
1935-12-09,0.0
1935-12-10,0.0
1935-12-11,0.0
1935-12-12,0.0
1935-12-13,0.0
1935-12-16,0.0
1935-12-17,0.0
1935-12-18,0.0
1935-12-19,0.0
1935-12-20,0.0
1935-12-23,0.0
1935-12-24,0.0
1935-12-26,0.0
1935-12-27,0.0
1935-12-30,0.0
1935-12-31,0.0
1936-01-02,0.0
1936-01-03,0.0
1936-01-06,0.0
1936-01-07,0.0
1936-01-08,0.0
1936-01-09,0.0
1936-01-10,0.0
1936-01-13,0.0
1936-01-14,0.0
1936-01-15,0.0
1936-01-16,0.0
1936-01-17,0.0
1936-01-20,0.0
1936-01-21,0.0
1936-01-22,0.0
1936-01-23,0.0
1936-01-24,0.0
1936-01-27,0.0
1936-01-28,0.0
1936-01-29,0.0
1936-01-30,0.0
1936-01-31,0.0
1936-02-03,0.0
1936-02-04,0.0
1936-02-05,0.0
1936-02-06,0.0
1936-02-07,0.0
1936-02-10,0.0
1936-02-11,0.0
1936-02-13,0.0
1936-02-14,0.0
1936-02-17,0.0
1936-02-18,0.0
1936-02-19,0.0
1936-02-20,0.0
1936-02-21,0.0
1936-02-24,0.0
1936-02-25,0.0
1936-02-26,0.0
1936-02-27,0.0
1936-02-28,0.0
1936-03-02,0.0
1936-03-03,0.0
1936-03-04,0.0
1936-03-05,0.0
1936-03-06,0.0
1936-03-09,0.0
1936-03-10,0.0
1936-03-11,0.0
1936-03-12,0.0
1936-03-13,0.0
1936-03-16,0.0
1936-03-17,0.0
1936-03-18,0.0
1936-03-19,0.0
1936-03-20,0.0
1936-03-23,0.0
1936-03-24,0.0
1936-03-25,0.0
1936-03-26,0.0
1936-03-27,0.0
1936-03-30,0.0
1936-03-31,0.0
1936-04-01,0.0
1936-04-02,0.0
1936-04-03,0.0
1936-04-06,0.0
1936-04-07,0.0
1936-04-08,0.0
1936-04-09,0.0
1936-04-13,0.0
1936-04-14,0.0
1936-04-15,0.0
1936-04-16,0.0
1936-04-17,0.0
1936-04-20,0.0
1936-04-21,0.0
1936-04-22,0.0
1936-04-23,0.0
1936-04-24,0.0
1936-04-27,0.0
1936-04-28,0.0
1936-04-29,0.0
1936-04-30,0.0
1936-05-01,0.0
1936-05-04,0.0
1936-05-05,0.0
1936-05-06,0.0
1936-05-07,0.0
1936-05-08,0.0
1936-05-11,0.0
1936-05-12,0.0
1936-05-13,0.0
1936-05-14,0.0
1936-05-15,0.0
1936-05-18,0.0
1936-05-19,0.0
1936-05-20,0.0
1936-05-21,0.0
1936-05-22,0.0
1936-05-25,0.0
1936-05-26,0.0
1936-05-27,0.0
1936-05-28,0.0
1936-05-29,0.0
1936-06-01,0.0
1936-06-02,0.0
1936-06-03,0.0
1936-06-04,0.0
1936-06-05,0.0
1936-06-08,0.0
1936-06-09,0.0
1936-06-10,0.0
1936-06-11,0.0
1936-06-12,0.0
1936-06-15,0.0
1936-06-16,0.0
1936-06-17,0.0
1936-06-18,0.0
1936-06-19,0.0
1936-06-22,0.0
1936-06-23,0.0
1936-06-24,0.0
1936-06-25,0.0
1936-06-26,0.0
1936-06-29,0.0
1936-06-30,0.0
1936-07-01,0.0
1936-07-02,0.0
1936-07-03,0.0
1936-07-06,0.0
1936-07-07,0.0
1936-07-08,0.0
1936-07-09,0.0
1936-07-10,0.0
1936-07-13,0.0
1936-07-14,0.0
1936-07-15,0.0
1936-07-16,0.0
1936-07-17,0.0
1936-07-20,0.0
1936-07-21,0.0
1936-07-22,0.0
1936-07-23,0.0
1936-07-24,0.0
1936-07-27,0.0
1936-07-28,0.0
1936-07-29,0.0
1936-07-30,0.0
1936-07-31,0.0
1936-08-03,0.0
1936-08-04,0.0
1936-08-05,0.0
1936-08-06,0.0
1936-08-07,0.0
1936-08-10,0.0
1936-08-11,0.0
1936-08-12,0.0
1936-08-13,0.0
1936-08-14,0.0
1936-08-17,0.0
1936-08-18,0.0
1936-08-19,0.0
1936-08-20,0.0
1936-08-21,0.0
1936-08-24,0.0
1936-08-25,0.0
1936-08-26,0.0
1936-08-27,0.0
1936-08-28,0.0
1936-08-31,0.0
1936-09-01,0.0
1936-09-02,0.0
1936-09-03,0.0
1936-09-04,0.0
1936-09-08,0.0
1936-09-09,0.0
1936-09-10,0.0
1936-09-11,0.0
1936-09-14,0.0
1936-09-15,0.0
1936-09-16,0.0
1936-09-17,0.0
1936-09-18,0.0
1936-09-21,0.0
1936-09-22,0.0
1936-09-23,0.0
1936-09-24,0.0
1936-09-25,0.0
1936-09-28,0.0
1936-09-29,0.0
1936-09-30,0.0
1936-10-01,0.0
1936-10-02,0.0
1936-10-05,0.0
1936-10-06,0.0
1936-10-07,0.0
1936-10-08,0.0
1936-10-09,0.0
1936-10-13,0.0
1936-10-14,0.0
1936-10-15,0.0
1936-10-16,0.0
1936-10-19,0.0
1936-10-20,0.0
1936-10-21,0.0
1936-10-22,0.0
1936-10-23,0.0
1936-10-26,0.0
1936-10-27,0.0
1936-10-28,0.0
1936-10-29,0.0
1936-10-30,0.0
1936-11-02,0.0
1936-11-04,0.0
1936-11-05,0.0
1936-11-06,0.0
1936-11-09,0.0
1936-11-10,0.0
1936-11-12,0.0
1936-11-13,0.0
1936-11-16,0.0
1936-11-17,0.0
1936-11-18,0.0
1936-11-19,0.0
1936-11-20,0.0
1936-11-23,0.0
1936-11-24,0.0
1936-11-25,0.0
1936-11-27,0.0
1936-11-30,0.0
1936-12-01,0.0
1936-12-02,0.0
1936-12-03,0.0
1936-12-04,0.0
1936-12-07,0.0
1936-12-08,0.0
1936-12-09,0.0
1936-12-10,0.0
1936-12-11,0.0
1936-12-14,0.0
1936-12-15,0.0
1936-12-16,0.0
1936-12-17,0.0
1936-12-18,0.0
1936-12-21,0.0
1936-12-22,0.0
1936-12-23,0.0
1936-12-24,0.0
1936-12-28,0.0
1936-12-29,0.0
1936-12-30,0.0
1936-12-31,0.0
1937-01-04,0.0
1937-01-05,0.0
1937-01-06,0.0
1937-01-07,0.0
1937-01-08,0.0
1937-01-11,0.0
1937-01-12,0.0
1937-01-13,0.0
1937-01-14,0.0
1937-01-15,0.0
1937-01-18,0.0
1937-01-19,0.0
1937-01-20,0.0
1937-01-21,0.0
1937-01-22,0.0
1937-01-25,0.0
1937-01-26,0.0
1937-01-27,0.0
1937-01-28,0.0
1937-01-29,0.0
1937-02-01,0.0
1937-02-02,0.0
1937-02-03,0.0
1937-02-04,0.0
1937-02-05,0.0
1937-02-08,0.0
1937-02-09,0.0
1937-02-10,0.0
1937-02-11,0.0
1937-02-15,0.0
1937-02-16,0.0
1937-02-17,0.0
1937-02-18,0.0
1937-02-19,0.0
1937-02-23,0.0
1937-02-24,0.0
1937-02-25,0.0
1937-02-26,0.0
1937-03-01,0.0
1937-03-02,0.0
1937-03-03,0.0
1937-03-04,0.0
1937-03-05,0.0
1937-03-08,0.0
1937-03-09,0.0
1937-03-10,0.0
1937-03-11,0.0
1937-03-12,0.0
1937-03-15,0.0
1937-03-16,0.0
1937-03-17,0.0
1937-03-18,0.0
1937-03-19,0.0
1937-03-22,0.0
1937-03-23,0.0
1937-03-24,0.0
1937-03-25,0.0
1937-03-29,0.0
1937-03-30,0.0
1937-03-31,0.0
1937-04-01,0.0
1937-04-02,0.0
1937-04-05,0.0
1937-04-06,0.0
1937-04-07,0.0
1937-04-08,0.0
1937-04-09,0.0
1937-04-12,0.0
1937-04-13,0.0
1937-04-14,0.0
1937-04-15,0.0
1937-04-16,0.0
1937-04-19,0.0
1937-04-20,0.0
1937-04-21,0.0
1937-04-22,0.0
1937-04-23,0.0
1937-04-26,0.0
1937-04-27,0.0
1937-04-28,0.0
1937-04-29,0.0
1937-04-30,0.0
1937-05-03,0.0
1937-05-04,0.0
1937-05-05,0.0
1937-05-06,0.0
1937-05-07,0.0
1937-05-10,0.0
1937-05-11,0.0
1937-05-12,0.0
1937-05-13,0.0
1937-05-14,0.0
1937-05-17,0.0
1937-05-18,0.0
1937-05-19,0.0
1937-05-20,0.0
1937-05-21,0.0
1937-05-24,0.0
1937-05-25,0.0
1937-05-26,0.0
1937-05-27,0.0
1937-05-28,0.0
1937-06-01,0.0
1937-06-02,0.0
1937-06-03,0.0
1937-06-04,0.0
1937-06-07,0.0
1937-06-08,0.0
1937-06-09,0.0
1937-06-10,0.0
1937-06-11,0.0
1937-06-14,0.0
1937-06-15,0.0
1937-06-16,0.0
1937-06-17,0.0
1937-06-18,0.0
1937-06-21,0.0
1937-06-22,0.0
1937-06-23,0.0
1937-06-24,0.0
1937-06-25,0.0
1937-06-28,0.0
1937-06-29,0.0
1937-06-30,0.0
1937-07-01,0.0
1937-07-02,0.0
1937-07-06,0.0
1937-07-07,0.0
1937-07-08,0.0
1937-07-09,0.0
1937-07-12,0.0
1937-07-13,0.0
1937-07-14,0.0
1937-07-15,0.0
1937-07-16,0.0
1937-07-19,0.0
1937-07-20,0.0
1937-07-21,0.0
1937-07-22,0.0
1937-07-23,0.0
1937-07-26,0.0
1937-07-27,0.0
1937-07-28,0.0
1937-07-29,0.0
1937-07-30,0.0
1937-08-02,0.0
1937-08-03,0.0
1937-08-04,0.0
1937-08-05,0.0
1937-08-06,0.0
1937-08-09,0.0
1937-08-10,0.0
1937-08-11,0.0
1937-08-12,0.0
1937-08-13,0.0
1937-08-16,0.0
1937-08-17,0.0
1937-08-18,0.0
1937-08-19,0.0
1937-08-20,0.0
1937-08-23,0.0
1937-08-24,0.0
1937-08-25,0.0
1937-08-26,0.0
1937-08-27,0.0
1937-08-30,0.0
1937-08-31,0.0
1937-09-01,0.0
1937-09-02,0.0
1937-09-03,0.0
1937-09-07,0.0
1937-09-08,0.0
1937-09-09,0.0
1937-09-10,0.0
1937-09-13,0.0
1937-09-14,0.0
1937-09-15,0.0
1937-09-16,0.0
1937-09-17,0.0
1937-09-20,0.0
1937-09-21,0.0
1937-09-22,0.0
1937-09-23,0.0
1937-09-24,0.0
1937-09-27,0.0
1937-09-28,0.0
1937-09-29,0.0
1937-09-30,0.0
1937-10-01,0.0
1937-10-04,0.0
1937-10-05,0.0
1937-10-06,0.0
1937-10-07,0.0
1937-10-08,0.0
1937-10-11,0.0
1937-10-13,0.0
1937-10-14,0.0
1937-10-15,0.0
1937-10-18,0.0
1937-10-19,0.0
1937-10-20,0.0
1937-10-21,0.0
1937-10-22,0.0
1937-10-25,0.0
1937-10-26,0.0
1937-10-27,0.0
1937-10-28,0.0
1937-10-29,0.0
1937-11-01,0.0
1937-11-03,0.0
1937-11-04,0.0
1937-11-05,0.0
1937-11-08,0.0
1937-11-09,0.0
1937-11-10,0.0
1937-11-12,0.0
1937-11-15,0.0
1937-11-16,0.0
1937-11-17,0.0
1937-11-18,0.0
1937-11-19,0.0
1937-11-22,0.0
1937-11-23,0.0
1937-11-24,0.0
1937-11-26,0.0
1937-11-29,0.0
1937-11-30,0.0
1937-12-01,0.0
1937-12-02,0.0
1937-12-03,0.0
1937-12-06,0.0
1937-12-07,0.0
1937-12-08,0.0
1937-12-09,0.0
1937-12-10,0.0
1937-12-13,0.0
1937-12-14,0.0
1937-12-15,0.0
1937-12-16,0.0
1937-12-17,0.0
1937-12-20,0.0
1937-12-21,0.0
1937-12-22,0.0
1937-12-23,0.0
1937-12-24,0.0
1937-12-27,0.0
1937-12-28,0.0
1937-12-29,0.0
1937-12-30,0.0
1937-12-31,0.0
1938-01-03,0.0
1938-01-04,0.0
1938-01-05,0.0
1938-01-06,0.0
1938-01-07,0.0
1938-01-10,0.0
1938-01-11,0.0
1938-01-12,0.0
1938-01-13,0.0
1938-01-14,0.0
1938-01-17,0.0
1938-01-18,0.0
1938-01-19,0.0
1938-01-20,0.0
1938-01-21,0.0
1938-01-24,0.0
1938-01-25,0.0
1938-01-26,0.0
1938-01-27,0.0
1938-01-28,0.0
1938-01-31,0.0
1938-02-01,0.0
1938-02-02,0.0
1938-02-03,0.0
1938-02-04,0.0
1938-02-07,0.0
1938-02-08,0.0
1938-02-09,0.0
1938-02-10,0.0
1938-02-11,0.0
1938-02-14,0.0
1938-02-15,0.0
1938-02-16,0.0
1938-02-17,0.0
1938-02-18,0.0
1938-02-21,0.0
1938-02-23,0.0
1938-02-24,0.0
1938-02-25,0.0
1938-02-28,0.0
1938-03-01,0.0
1938-03-02,0.0
1938-03-03,0.0
1938-03-04,0.0
1938-03-07,0.0
1938-03-08,0.0
1938-03-09,0.0
1938-03-10,0.0
1938-03-11,0.0
1938-03-14,0.0
1938-03-15,0.0
1938-03-16,0.0
1938-03-17,0.0
1938-03-18,0.0
1938-03-21,0.0
1938-03-22,0.0
1938-03-23,0.0
1938-03-24,0.0
1938-03-25,0.0
1938-03-28,0.0
1938-03-29,0.0
1938-03-30,0.0
1938-03-31,0.0
1938-04-01,0.0
1938-04-04,0.0
1938-04-05,0.0
1938-04-06,0.0
1938-04-07,0.0
1938-04-08,0.0
1938-04-11,0.0
1938-04-12,0.0
1938-04-13,0.0
1938-04-14,0.0
1938-04-18,0.0
1938-04-19,0.0
1938-04-20,0.0
1938-04-21,0.0
1938-04-22,0.0
1938-04-25,0.0
1938-04-26,0.0
1938-04-27,0.0
1938-04-28,0.0
1938-04-29,0.0
1938-05-02,0.0
1938-05-03,0.0
1938-05-04,0.0
1938-05-05,0.0
1938-05-06,0.0
1938-05-09,0.0
1938-05-10,0.0
1938-05-11,0.0
1938-05-12,0.0
1938-05-13,0.0
1938-05-16,0.0
1938-05-17,0.0
1938-05-18,0.0
1938-05-19,0.0
1938-05-20,0.0
1938-05-23,0.0
1938-05-24,0.0
1938-05-25,0.0
1938-05-26,0.0
1938-05-27,0.0
1938-05-31,0.0
1938-06-01,0.0
1938-06-02,0.0
1938-06-03,0.0
1938-06-06,0.0
1938-06-07,0.0
1938-06-08,0.0
1938-06-09,0.0
1938-06-10,0.0
1938-06-13,0.0
1938-06-14,0.0
1938-06-15,0.0
1938-06-16,0.0
1938-06-17,0.0
1938-06-20,0.0
1938-06-21,0.0
1938-06-22,0.0
1938-06-23,0.0
1938-06-24,0.0
1938-06-27,0.0
1938-06-28,0.0
1938-06-29,0.0
1938-06-30,0.0
1938-07-01,0.0
1938-07-05,0.0
1938-07-06,0.0
1938-07-07,0.0
1938-07-08,0.0
1938-07-11,0.0
1938-07-12,0.0
1938-07-13,0.0
1938-07-14,0.0
1938-07-15,0.0
1938-07-18,0.0
1938-07-19,0.0
1938-07-20,0.0
1938-07-21,0.0
1938-07-22,0.0
1938-07-25,0.0
1938-07-26,0.0
1938-07-27,0.0
1938-07-28,0.0
1938-07-29,0.0
1938-08-01,0.0
1938-08-02,0.0
1938-08-03,0.0
1938-08-04,0.0
1938-08-05,0.0
1938-08-08,0.0
1938-08-09,0.0
1938-08-10,0.0
1938-08-11,0.0
1938-08-12,0.0
1938-08-15,0.0
1938-08-16,0.0
1938-08-17,0.0
1938-08-18,0.0
1938-08-19,0.0
1938-08-22,0.0
1938-08-23,0.0
1938-08-24,0.0
1938-08-25,0.0
1938-08-26,0.0
1938-08-29,0.0
1938-08-30,0.0
1938-08-31,0.0
1938-09-01,0.0
1938-09-02,0.0
1938-09-06,0.0
1938-09-07,0.0
1938-09-08,0.0
1938-09-09,0.0
1938-09-12,0.0
1938-09-13,0.0
1938-09-14,0.0
1938-09-15,0.0
1938-09-16,0.0
1938-09-19,0.0
1938-09-20,0.0
1938-09-21,0.0
1938-09-22,0.0
1938-09-23,0.0
1938-09-26,0.0
1938-09-27,0.0
1938-09-28,0.0
1938-09-29,0.0
1938-09-30,0.0
1938-10-03,0.0
1938-10-04,0.0
1938-10-05,0.0
1938-10-06,0.0
1938-10-07,0.0
1938-10-10,0.0
1938-10-11,0.0
1938-10-13,0.0
1938-10-14,0.0
1938-10-17,0.0
1938-10-18,0.0
1938-10-19,0.0
1938-10-20,0.0
1938-10-21,0.0
1938-10-24,0.0
1938-10-25,0.0
1938-10-26,0.0
1938-10-27,0.0
1938-10-28,0.0
1938-10-31,0.0
1938-11-01,0.0
1938-11-02,0.0
1938-11-03,0.0
1938-11-04,0.0
1938-11-07,0.0
1938-11-09,0.0
1938-11-10,0.0
1938-11-14,0.0
1938-11-15,0.0
1938-11-16,0.0
1938-11-17,0.0
1938-11-18,0.0
1938-11-21,0.0
1938-11-22,0.0
1938-11-23,0.0
1938-11-25,0.0
1938-11-28,0.0
1938-11-29,0.0
1938-11-30,0.0
1938-12-01,0.0
1938-12-02,0.0
1938-12-05,0.0
1938-12-06,0.0
1938-12-07,0.0
1938-12-08,0.0
1938-12-09,0.0
1938-12-12,0.0
1938-12-13,0.0
1938-12-14,0.0
1938-12-15,0.0
1938-12-16,0.0
1938-12-19,0.0
1938-12-20,0.0
1938-12-21,0.0
1938-12-22,0.0
1938-12-23,0.0
1938-12-27,0.0
1938-12-28,0.0
1938-12-29,0.0
1938-12-30,0.0
1939-01-03,0.0
1939-01-04,0.0
1939-01-05,0.0
1939-01-06,0.0
1939-01-09,0.0
1939-01-10,0.0
1939-01-11,0.0
1939-01-12,0.0
1939-01-13,0.0
1939-01-16,0.0
1939-01-17,0.0
1939-01-18,0.0
1939-01-19,0.0
1939-01-20,0.0
1939-01-23,0.0
1939-01-24,0.0
1939-01-25,0.0
1939-01-26,0.0
1939-01-27,0.0
1939-01-30,0.0
1939-01-31,0.0
1939-02-01,0.0
1939-02-02,0.0
1939-02-03,0.0
1939-02-06,0.0
1939-02-07,0.0
1939-02-08,0.0
1939-02-09,0.0
1939-02-10,0.0
1939-02-14,0.0
1939-02-15,0.0
1939-02-16,0.0
1939-02-17,0.0
1939-02-20,0.0
1939-02-21,0.0
1939-02-23,0.0
1939-02-24,0.0
1939-02-27,0.0
1939-02-28,0.0
1939-03-01,0.0
1939-03-02,0.0
1939-03-03,0.0
1939-03-06,0.0
1939-03-07,0.0
1939-03-08,0.0
1939-03-09,0.0
1939-03-10,0.0
1939-03-13,0.0
1939-03-14,0.0
1939-03-15,0.0
1939-03-16,0.0
1939-03-17,0.0
1939-03-20,0.0
1939-03-21,0.0
1939-03-22,0.0
1939-03-23,0.0
1939-03-24,0.0
1939-03-27,0.0
1939-03-28,0.0
1939-03-29,0.0
1939-03-30,0.0
1939-03-31,0.0
1939-04-03,0.0
1939-04-04,0.0
1939-04-05,0.0
1939-04-06,0.0
1939-04-10,0.0
1939-04-11,0.0
1939-04-12,0.0
1939-04-13,0.0
1939-04-14,0.0
1939-04-17,0.0
1939-04-18,0.0
1939-04-19,0.0
1939-04-20,0.0
1939-04-21,0.0
1939-04-24,0.0
1939-04-25,0.0
1939-04-26,0.0
1939-04-27,0.0
1939-04-28,0.0
1939-05-01,0.0
1939-05-02,0.0
1939-05-03,0.0
1939-05-04,0.0
1939-05-05,0.0
1939-05-08,0.0
1939-05-09,0.0
1939-05-10,0.0
1939-05-11,0.0
1939-05-12,0.0
1939-05-15,0.0
1939-05-16,0.0
1939-05-17,0.0
1939-05-18,0.0
1939-05-19,0.0
1939-05-22,0.0
1939-05-23,0.0
1939-05-24,0.0
1939-05-25,0.0
1939-05-26,0.0
1939-05-29,0.0
1939-05-31,0.0
1939-06-01,0.0
1939-06-02,0.0
1939-06-05,0.0
1939-06-06,0.0
1939-06-07,0.0
1939-06-08,0.0
1939-06-09,0.0
1939-06-12,0.0
1939-06-13,0.0
1939-06-14,0.0
1939-06-15,0.0
1939-06-16,0.0
1939-06-19,0.0
1939-06-20,0.0
1939-06-21,0.0
1939-06-22,0.0
1939-06-23,0.0
1939-06-26,0.0
1939-06-27,0.0
1939-06-28,0.0
1939-06-29,0.0
1939-06-30,0.0
1939-07-03,0.0
1939-07-05,0.0
1939-07-06,0.0
1939-07-07,0.0
1939-07-10,0.0
1939-07-11,0.0
1939-07-12,0.0
1939-07-13,0.0
1939-07-14,0.0
1939-07-17,0.0
1939-07-18,0.0
1939-07-19,0.0
1939-07-20,0.0
1939-07-21,0.0
1939-07-24,0.0
1939-07-25,0.0
1939-07-26,0.0
1939-07-27,0.0
1939-07-28,0.0
1939-07-31,0.0
1939-08-01,0.0
1939-08-02,0.0
1939-08-03,0.0
1939-08-04,0.0
1939-08-07,0.0
1939-08-08,0.0
1939-08-09,0.0
1939-08-10,0.0
1939-08-11,0.0
1939-08-14,0.0
1939-08-15,0.0
1939-08-16,0.0
1939-08-17,0.0
1939-08-18,0.0
1939-08-21,0.0
1939-08-22,0.0
1939-08-23,0.0
1939-08-24,0.0
1939-08-25,0.0
1939-08-28,0.0
1939-08-29,0.0
1939-08-30,0.0
1939-08-31,0.0
1939-09-01,0.0
1939-09-05,0.0
1939-09-06,0.0
1939-09-07,0.0
1939-09-08,0.0
1939-09-11,0.0
1939-09-12,0.0
1939-09-13,0.0
1939-09-14,0.0
1939-09-15,0.0
1939-09-18,0.0
1939-09-19,0.0
1939-09-20,0.0
1939-09-21,0.0
1939-09-22,0.0
1939-09-25,0.0
1939-09-26,0.0
1939-09-27,0.0
1939-09-28,0.0
1939-09-29,0.0
1939-10-02,0.0
1939-10-03,0.0
1939-10-04,0.0
1939-10-05,0.0
1939-10-06,0.0
1939-10-09,0.0
1939-10-10,0.0
1939-10-11,0.0
1939-10-13,0.0
1939-10-16,0.0
1939-10-17,0.0
1939-10-18,0.0
1939-10-19,0.0
1939-10-20,0.0
1939-10-23,0.0
1939-10-24,0.0
1939-10-25,0.0
1939-10-26,0.0
1939-10-27,0.0
1939-10-30,0.0
1939-10-31,0.0
1939-11-01,0.0
1939-11-02,0.0
1939-11-03,0.0
1939-11-06,0.0
1939-11-08,0.0
1939-11-09,0.0
1939-11-10,0.0
1939-11-13,0.0
1939-11-14,0.0
1939-11-15,0.0
1939-11-16,0.0
1939-11-17,0.0
1939-11-20,0.0
1939-11-21,0.0
1939-11-22,0.0
1939-11-24,0.0
1939-11-27,0.0
1939-11-28,0.0
1939-11-29,0.0
1939-11-30,0.0
1939-12-01,0.0
1939-12-04,0.0
1939-12-05,0.0
1939-12-06,0.0
1939-12-07,0.0
1939-12-08,0.0
1939-12-11,0.0
1939-12-12,0.0
1939-12-13,0.0
1939-12-14,0.0
1939-12-15,0.0
1939-12-18,0.0
1939-12-19,0.0
1939-12-20,0.0
1939-12-21,0.0
1939-12-22,0.0
1939-12-26,0.0
1939-12-27,0.0
1939-12-28,0.0
1939-12-29,0.0
1940-01-02,0.0
1940-01-03,0.0
1940-01-04,0.0
1940-01-05,0.0
1940-01-08,0.0
1940-01-09,0.0
1940-01-10,0.0
1940-01-11,0.0
1940-01-12,0.0
1940-01-15,0.0
1940-01-16,0.0
1940-01-17,0.0
1940-01-18,0.0
1940-01-19,0.0
1940-01-22,0.0
1940-01-23,0.0
1940-01-24,0.0
1940-01-25,0.0
1940-01-26,0.0
1940-01-29,0.0
1940-01-30,0.0
1940-01-31,0.0
1940-02-01,0.0
1940-02-02,0.0
1940-02-05,0.0
1940-02-06,0.0
1940-02-07,0.0
1940-02-08,0.0
1940-02-09,0.0
1940-02-13,0.0
1940-02-14,0.0
1940-02-15,0.0
1940-02-16,0.0
1940-02-19,0.0
1940-02-20,0.0
1940-02-21,0.0
1940-02-23,0.0
1940-02-26,0.0
1940-02-27,0.0
1940-02-28,0.0
1940-02-29,0.0
1940-03-01,0.0
1940-03-04,0.0
1940-03-05,0.0
1940-03-06,0.0
1940-03-07,0.0
1940-03-08,0.0
1940-03-11,0.0
1940-03-12,0.0
1940-03-13,0.0
1940-03-14,0.0
1940-03-15,0.0
1940-03-18,0.0
1940-03-19,0.0
1940-03-20,0.0
1940-03-21,0.0
1940-03-25,0.0
1940-03-26,0.0
1940-03-27,0.0
1940-03-28,0.0
1940-03-29,0.0
1940-04-01,0.0
1940-04-02,0.0
1940-04-03,0.0
1940-04-04,0.0
1940-04-05,0.0
1940-04-08,0.0
1940-04-09,0.0
1940-04-10,0.0
1940-04-11,0.0
1940-04-12,0.0
1940-04-15,0.0
1940-04-16,0.0
1940-04-17,0.0
1940-04-18,0.0
1940-04-19,0.0
1940-04-22,0.0
1940-04-23,0.0
1940-04-24,0.0
1940-04-25,0.0
1940-04-26,0.0
1940-04-29,0.0
1940-04-30,0.0
1940-05-01,0.0
1940-05-02,0.0
1940-05-03,0.0
1940-05-06,0.0
1940-05-07,0.0
1940-05-08,0.0
1940-05-09,0.0
1940-05-10,0.0
1940-05-13,0.0
1940-05-14,0.0
1940-05-15,0.0
1940-05-16,0.0
1940-05-17,0.0
1940-05-20,0.0
1940-05-21,0.0
1940-05-22,0.0
1940-05-23,0.0
1940-05-24,0.0
1940-05-27,0.0
1940-05-28,0.0
1940-05-29,0.0
1940-05-31,0.0
1940-06-03,0.0
1940-06-04,0.0
1940-06-05,0.0
1940-06-06,0.0
1940-06-07,0.0
1940-06-10,0.0
1940-06-11,0.0
1940-06-12,0.0
1940-06-13,0.0
1940-06-14,0.0
1940-06-17,0.0
1940-06-18,0.0
1940-06-19,0.0
1940-06-20,0.0
1940-06-21,0.0
1940-06-24,0.0
1940-06-25,0.0
1940-06-26,0.0
1940-06-27,0.0
1940-06-28,0.0
1940-07-01,0.0
1940-07-02,0.0
1940-07-03,0.0
1940-07-05,0.0
1940-07-08,0.0
1940-07-09,0.0
1940-07-10,0.0
1940-07-11,0.0
1940-07-12,0.0
1940-07-15,0.0
1940-07-16,0.0
1940-07-17,0.0
1940-07-18,0.0
1940-07-19,0.0
1940-07-22,0.0
1940-07-23,0.0
1940-07-24,0.0
1940-07-25,0.0
1940-07-26,0.0
1940-07-29,0.0
1940-07-30,0.0
1940-07-31,0.0
1940-08-01,0.0
1940-08-02,0.0
1940-08-05,0.0
1940-08-06,0.0
1940-08-07,0.0
1940-08-08,0.0
1940-08-09,0.0
1940-08-12,0.0
1940-08-13,0.0
1940-08-14,0.0
1940-08-15,0.0
1940-08-16,0.0
1940-08-19,0.0
1940-08-20,0.0
1940-08-21,0.0
1940-08-22,0.0
1940-08-23,0.0
1940-08-26,0.0
1940-08-27,0.0
1940-08-28,0.0
1940-08-29,0.0
1940-08-30,0.0
1940-09-03,0.0
1940-09-04,0.0
1940-09-05,0.0
1940-09-06,0.0
1940-09-09,0.0
1940-09-10,0.0
1940-09-11,0.0
1940-09-12,0.0
1940-09-13,0.0
1940-09-16,0.0
1940-09-17,0.0
1940-09-18,0.0
1940-09-19,0.0
1940-09-20,0.0
1940-09-23,0.0
1940-09-24,0.0
1940-09-25,0.0
1940-09-26,0.0
1940-09-27,0.0
1940-09-30,0.0
1940-10-01,0.0
1940-10-02,0.0
1940-10-03,0.0
1940-10-04,0.0
1940-10-07,0.0
1940-10-08,0.0
1940-10-09,0.0
1940-10-10,0.0
1940-10-11,0.0
1940-10-14,0.0
1940-10-15,0.0
1940-10-16,0.0
1940-10-17,0.0
1940-10-18,0.0
1940-10-21,0.0
1940-10-22,0.0
1940-10-23,0.0
1940-10-24,0.0
1940-10-25,0.0
1940-10-28,0.0
1940-10-29,0.0
1940-10-30,0.0
1940-10-31,0.0
1940-11-01,0.0
1940-11-04,0.0
1940-11-06,0.0
1940-11-07,0.0
1940-11-08,0.0
1940-11-12,0.0
1940-11-13,0.0
1940-11-14,0.0
1940-11-15,0.0
1940-11-18,0.0
1940-11-19,0.0
1940-11-20,0.0
1940-11-22,0.0
1940-11-25,0.0
1940-11-26,0.0
1940-11-27,0.0
1940-11-28,0.0
1940-11-29,0.0
1940-12-02,0.0
1940-12-03,0.0
1940-12-04,0.0
1940-12-05,0.0
1940-12-06,0.0
1940-12-09,0.0
1940-12-10,0.0
1940-12-11,0.0
1940-12-12,0.0
1940-12-13,0.0
1940-12-16,0.0
1940-12-17,0.0
1940-12-18,0.0
1940-12-19,0.0
1940-12-20,0.0
1940-12-23,0.0
1940-12-24,0.0
1940-12-26,0.0
1940-12-27,0.0
1940-12-30,0.0
1940-12-31,0.0
1941-01-02,0.0
1941-01-03,0.0
1941-01-06,0.0
1941-01-07,0.0
1941-01-08,0.0
1941-01-09,0.0
1941-01-10,0.0
1941-01-13,0.0
1941-01-14,0.0
1941-01-15,0.0
1941-01-16,0.0
1941-01-17,0.0
1941-01-20,0.0
1941-01-21,0.0
1941-01-22,0.0
1941-01-23,0.0
1941-01-24,0.0
1941-01-27,0.0
1941-01-28,0.0
1941-01-29,0.0
1941-01-30,0.0
1941-01-31,0.0
1941-02-03,0.0
1941-02-04,0.0
1941-02-05,0.0
1941-02-06,0.0
1941-02-07,0.0
1941-02-10,0.0
1941-02-11,0.0
1941-02-13,0.0
1941-02-14,0.0
1941-02-17,0.0
1941-02-18,0.0
1941-02-19,0.0
1941-02-20,0.0
1941-02-21,0.0
1941-02-24,0.0
1941-02-25,0.0
1941-02-26,0.0
1941-02-27,0.0
1941-02-28,0.0
1941-03-03,0.0
1941-03-04,0.0
1941-03-05,0.0
1941-03-06,0.0
1941-03-07,0.0
1941-03-10,0.0
1941-03-11,0.0
1941-03-12,0.0
1941-03-13,0.0
1941-03-14,0.0
1941-03-17,0.0
1941-03-18,0.0
1941-03-19,0.0
1941-03-20,0.0
1941-03-21,0.0
1941-03-24,0.0
1941-03-25,0.0
1941-03-26,0.0
1941-03-27,0.0
1941-03-28,0.0
1941-03-31,0.0
1941-04-01,0.0
1941-04-02,0.0
1941-04-03,0.0
1941-04-04,0.0
1941-04-07,0.0
1941-04-08,0.0
1941-04-09,0.0
1941-04-10,0.0
1941-04-14,0.0
1941-04-15,0.0
1941-04-16,0.0
1941-04-17,0.0
1941-04-18,0.0
1941-04-21,0.0
1941-04-22,0.0
1941-04-23,0.0
1941-04-24,0.0
1941-04-25,0.0
1941-04-28,0.0
1941-04-29,0.0
1941-04-30,0.0
1941-05-01,0.0
1941-05-02,0.0
1941-05-05,0.0
1941-05-06,0.0
1941-05-07,0.0
1941-05-08,0.0
1941-05-09,0.0
1941-05-12,0.0
1941-05-13,0.0
1941-05-14,0.0
1941-05-15,0.0
1941-05-16,0.0
1941-05-19,0.0
1941-05-20,0.0
1941-05-21,0.0
1941-05-22,0.0
1941-05-23,0.0
1941-05-26,0.0
1941-05-27,0.0
1941-05-28,0.0
1941-05-29,0.0
1941-06-02,0.0
1941-06-03,0.0
1941-06-04,0.0
1941-06-05,0.0
1941-06-06,0.0
1941-06-09,0.0
1941-06-10,0.0
1941-06-11,0.0
1941-06-12,0.0
1941-06-13,0.0
1941-06-16,0.0
1941-06-17,0.0
1941-06-18,0.0
1941-06-19,0.0
1941-06-20,0.0
1941-06-23,0.0
1941-06-24,0.0
1941-06-25,0.0
1941-06-26,0.0
1941-06-27,0.0
1941-06-30,0.0
1941-07-01,0.0
1941-07-02,0.0
1941-07-03,0.0
1941-07-07,0.0
1941-07-08,0.0
1941-07-09,0.0
1941-07-10,0.0
1941-07-11,0.0
1941-07-14,0.0
1941-07-15,0.0
1941-07-16,0.0
1941-07-17,0.0
1941-07-18,0.0
1941-07-21,0.0
1941-07-22,0.0
1941-07-23,0.0
1941-07-24,0.0
1941-07-25,0.0
1941-07-28,0.0
1941-07-29,0.0
1941-07-30,0.0
1941-07-31,0.0
1941-08-01,0.0
1941-08-04,0.0
1941-08-05,0.0
1941-08-06,0.0
1941-08-07,0.0
1941-08-08,0.0
1941-08-11,0.0
1941-08-12,0.0
1941-08-13,0.0
1941-08-14,0.0
1941-08-15,0.0
1941-08-18,0.0
1941-08-19,0.0
1941-08-20,0.0
1941-08-21,0.0
1941-08-22,0.0
1941-08-25,0.0
1941-08-26,0.0
1941-08-27,0.0
1941-08-28,0.0
1941-08-29,0.0
1941-09-02,0.0
1941-09-03,0.0
1941-09-04,0.0
1941-09-05,0.0
1941-09-08,0.0
1941-09-09,0.0
1941-09-10,0.0
1941-09-11,0.0
1941-09-12,0.0
1941-09-15,0.0
1941-09-16,0.0
1941-09-17,0.0
1941-09-18,0.0
1941-09-19,0.0
1941-09-22,0.0
1941-09-23,0.0
1941-09-24,0.0
1941-09-25,0.0
1941-09-26,0.0
1941-09-29,0.0
1941-09-30,0.0
1941-10-01,0.0
1941-10-02,0.0
1941-10-03,0.0
1941-10-06,0.0
1941-10-07,0.0
1941-10-08,0.0
1941-10-09,0.0
1941-10-10,0.0
1941-10-14,0.0
1941-10-15,0.0
1941-10-16,0.0
1941-10-17,0.0
1941-10-20,0.0
1941-10-21,0.0
1941-10-22,0.0
1941-10-23,0.0
1941-10-24,0.0
1941-10-27,0.0
1941-10-28,0.0
1941-10-29,0.0
1941-10-30,0.0
1941-10-31,0.0
1941-11-03,0.0
1941-11-05,0.0
1941-11-06,0.0
1941-11-07,0.0
1941-11-10,0.0
1941-11-12,0.0
1941-11-13,0.0
1941-11-14,0.0
1941-11-17,0.0
1941-11-18,0.0
1941-11-19,0.0
1941-11-21,0.0
1941-11-24,0.0
1941-11-25,0.0
1941-11-26,0.0
1941-11-27,0.0
1941-11-28,0.0
1941-12-01,0.0
1941-12-02,0.0
1941-12-03,0.0
1941-12-04,0.0
1941-12-05,0.0
1941-12-08,0.0
1941-12-09,0.0
1941-12-10,0.0
1941-12-11,0.0
1941-12-12,0.0
1941-12-15,0.0
1941-12-16,0.0
1941-12-17,0.0
1941-12-18,0.0
1941-12-19,0.0
1941-12-22,0.0
1941-12-23,0.0
1941-12-24,0.0
1941-12-26,0.0
1941-12-29,0.0
1941-12-30,0.0
1941-12-31,0.0
1942-01-02,0.0
1942-01-05,0.0
1942-01-06,0.0
1942-01-07,0.0
1942-01-08,0.0
1942-01-09,0.0
1942-01-12,0.0
1942-01-13,0.0
1942-01-14,0.0
1942-01-15,0.0
1942-01-16,0.0
1942-01-19,0.0
1942-01-20,0.0
1942-01-21,0.0
1942-01-22,0.0
1942-01-23,0.0
1942-01-26,0.0
1942-01-27,0.0
1942-01-28,0.0
1942-01-29,0.0
1942-01-30,0.0
1942-02-02,0.0
1942-02-03,0.0
1942-02-04,0.0
1942-02-05,0.0
1942-02-06,0.0
1942-02-09,0.0
1942-02-10,0.0
1942-02-11,0.0
1942-02-13,0.0
1942-02-16,0.0
1942-02-17,0.0
1942-02-18,0.0
1942-02-19,0.0
1942-02-20,0.0
1942-02-24,0.0
1942-02-25,0.0
1942-02-26,0.0
1942-02-27,0.0
1942-03-02,0.0
1942-03-03,0.0
1942-03-04,0.0
1942-03-05,0.0
1942-03-06,0.0
1942-03-09,0.0
1942-03-10,0.0
1942-03-11,0.0
1942-03-12,0.0
1942-03-13,0.0
1942-03-16,0.0
1942-03-17,0.0
1942-03-18,0.0
1942-03-19,0.0
1942-03-20,0.0
1942-03-23,0.0
1942-03-24,0.0
1942-03-25,0.0
1942-03-26,0.0
1942-03-27,0.0
1942-03-30,0.0
1942-03-31,0.0
1942-04-01,0.0
1942-04-02,0.0
1942-04-06,0.0
1942-04-07,0.0
1942-04-08,0.0
1942-04-09,0.0
1942-04-10,0.0
1942-04-13,0.0
1942-04-14,0.0
1942-04-15,0.0
1942-04-16,0.0
1942-04-17,0.0
1942-04-20,0.0
1942-04-21,0.0
1942-04-22,0.0
1942-04-23,0.0
1942-04-24,0.0
1942-04-27,0.0
1942-04-28,0.0
1942-04-29,0.0
1942-04-30,0.0
1942-05-01,0.0
1942-05-04,0.0
1942-05-05,0.0
1942-05-06,0.0
1942-05-07,0.0
1942-05-08,0.0
1942-05-11,0.0
1942-05-12,0.0
1942-05-13,0.0
1942-05-14,0.0
1942-05-15,0.0
1942-05-18,0.0
1942-05-19,0.0
1942-05-20,0.0
1942-05-21,0.0
1942-05-22,0.0
1942-05-25,0.0
1942-05-26,0.0
1942-05-27,0.0
1942-05-28,0.0
1942-05-29,0.0
1942-06-01,0.0
1942-06-02,0.0
1942-06-03,0.0
1942-06-04,0.0
1942-06-05,0.0
1942-06-08,0.0
1942-06-09,0.0
1942-06-10,0.0
1942-06-11,0.0
1942-06-12,0.0
1942-06-15,0.0
1942-06-16,0.0
1942-06-17,0.0
1942-06-18,0.0
1942-06-19,0.0
1942-06-22,0.0
1942-06-23,0.0
1942-06-24,0.0
1942-06-25,0.0
1942-06-26,0.0
1942-06-29,0.0
1942-06-30,0.0
1942-07-01,0.0
1942-07-02,0.0
1942-07-03,0.0
1942-07-06,0.0
1942-07-07,0.0
1942-07-08,0.0
1942-07-09,0.0
1942-07-10,0.0
1942-07-13,0.0
1942-07-14,0.0
1942-07-15,0.0
1942-07-16,0.0
1942-07-17,0.0
1942-07-20,0.0
1942-07-21,0.0
1942-07-22,0.0
1942-07-23,0.0
1942-07-24,0.0
1942-07-27,0.0
1942-07-28,0.0
1942-07-29,0.0
1942-07-30,0.0
1942-07-31,0.0
1942-08-03,0.0
1942-08-04,0.0
1942-08-05,0.0
1942-08-06,0.0
1942-08-07,0.0
1942-08-10,0.0
1942-08-11,0.0
1942-08-12,0.0
1942-08-13,0.0
1942-08-14,0.0
1942-08-17,0.0
1942-08-18,0.0
1942-08-19,0.0
1942-08-20,0.0
1942-08-21,0.0
1942-08-24,0.0
1942-08-25,0.0
1942-08-26,0.0
1942-08-27,0.0
1942-08-28,0.0
1942-08-31,0.0
1942-09-01,0.0
1942-09-02,0.0
1942-09-03,0.0
1942-09-04,0.0
1942-09-08,0.0
1942-09-09,0.0
1942-09-10,0.0
1942-09-11,0.0
1942-09-14,0.0
1942-09-15,0.0
1942-09-16,0.0
1942-09-17,0.0
1942-09-18,0.0
1942-09-21,0.0
1942-09-22,0.0
1942-09-23,0.0
1942-09-24,0.0
1942-09-25,0.0
1942-09-28,0.0
1942-09-29,0.0
1942-09-30,0.0
1942-10-01,0.0
1942-10-02,0.0
1942-10-05,0.0
1942-10-06,0.0
1942-10-07,0.0
1942-10-08,0.0
1942-10-09,0.0
1942-10-13,0.0
1942-10-14,0.0
1942-10-15,0.0
1942-10-16,0.0
1942-10-19,0.0
1942-10-20,0.0
1942-10-21,0.0
1942-10-22,0.0
1942-10-23,0.0
1942-10-26,0.0
1942-10-27,0.0
1942-10-28,0.0
1942-10-29,0.0
1942-10-30,0.0
1942-11-02,0.0
1942-11-04,0.0
1942-11-05,0.0
1942-11-06,0.0
1942-11-09,0.0
1942-11-10,0.0
1942-11-12,0.0
1942-11-13,0.0
1942-11-16,0.0
1942-11-17,0.0
1942-11-18,0.0
1942-11-19,0.0
1942-11-20,0.0
1942-11-23,0.0
1942-11-24,0.0
1942-11-25,0.0
1942-11-27,0.0
1942-11-30,0.0
1942-12-01,0.0
1942-12-02,0.0
1942-12-03,0.0
1942-12-04,0.0
1942-12-07,0.0
1942-12-08,0.0
1942-12-09,0.0
1942-12-10,0.0
1942-12-11,0.0
1942-12-14,0.0
1942-12-15,0.0
1942-12-16,0.0
1942-12-17,0.0
1942-12-18,0.0
1942-12-21,0.0
1942-12-22,0.0
1942-12-23,0.0
1942-12-24,0.0
1942-12-28,0.0
1942-12-29,0.0
1942-12-30,0.0
1942-12-31,0.0
1943-01-04,0.0
1943-01-05,0.0
1943-01-06,0.0
1943-01-07,0.0
1943-01-08,0.0
1943-01-11,0.0
1943-01-12,0.0
1943-01-13,0.0
1943-01-14,0.0
1943-01-15,0.0
1943-01-18,0.0
1943-01-19,0.0
1943-01-20,0.0
1943-01-21,0.0
1943-01-22,0.0
1943-01-25,0.0
1943-01-26,0.0
1943-01-27,0.0
1943-01-28,0.0
1943-01-29,0.0
1943-02-01,0.0
1943-02-02,0.0
1943-02-03,0.0
1943-02-04,0.0
1943-02-05,0.0
1943-02-08,0.0
1943-02-09,0.0
1943-02-10,0.0
1943-02-11,0.0
1943-02-15,0.0
1943-02-16,0.0
1943-02-17,0.0
1943-02-18,0.0
1943-02-19,0.0
1943-02-23,0.0
1943-02-24,0.0
1943-02-25,0.0
1943-02-26,0.0
1943-03-01,0.0
1943-03-02,0.0
1943-03-03,0.0
1943-03-04,0.0
1943-03-05,0.0
1943-03-08,0.0
1943-03-09,0.0
1943-03-10,0.0
1943-03-11,0.0
1943-03-12,0.0
1943-03-15,0.0
1943-03-16,0.0
1943-03-17,0.0
1943-03-18,0.0
1943-03-19,0.0
1943-03-22,0.0
1943-03-23,0.0
1943-03-24,0.0
1943-03-25,0.0
1943-03-26,0.0
1943-03-29,0.0
1943-03-30,0.0
1943-03-31,0.0
1943-04-01,0.0
1943-04-02,0.0
1943-04-05,0.0
1943-04-06,0.0
1943-04-07,0.0
1943-04-08,0.0
1943-04-09,0.0
1943-04-12,0.0
1943-04-13,0.0
1943-04-14,0.0
1943-04-15,0.0
1943-04-16,0.0
1943-04-19,0.0
1943-04-20,0.0
1943-04-21,0.0
1943-04-22,0.0
1943-04-26,0.0
1943-04-27,0.0
1943-04-28,0.0
1943-04-29,0.0
1943-04-30,0.0
1943-05-03,0.0
1943-05-04,0.0
1943-05-05,0.0
1943-05-06,0.0
1943-05-07,0.0
1943-05-10,0.0
1943-05-11,0.0
1943-05-12,0.0
1943-05-13,0.0
1943-05-14,0.0
1943-05-17,0.0
1943-05-18,0.0
1943-05-19,0.0
1943-05-20,0.0
1943-05-21,0.0
1943-05-24,0.0
1943-05-25,0.0
1943-05-26,0.0
1943-05-27,0.0
1943-05-28,0.0
1943-06-01,0.0
1943-06-02,0.0
1943-06-03,0.0
1943-06-04,0.0
1943-06-07,0.0
1943-06-08,0.0
1943-06-09,0.0
1943-06-10,0.0
1943-06-11,0.0
1943-06-14,0.0
1943-06-15,0.0
1943-06-16,0.0
1943-06-17,0.0
1943-06-18,0.0
1943-06-21,0.0
1943-06-22,0.0
1943-06-23,0.0
1943-06-24,0.0
1943-06-25,0.0
1943-06-28,0.0
1943-06-29,0.0
1943-06-30,0.0
1943-07-01,0.0
1943-07-02,0.0
1943-07-06,0.0
1943-07-07,0.0
1943-07-08,0.0
1943-07-09,0.0
1943-07-12,0.0
1943-07-13,0.0
1943-07-14,0.0
1943-07-15,0.0
1943-07-16,0.0
1943-07-19,0.0
1943-07-20,0.0
1943-07-21,0.0
1943-07-22,0.0
1943-07-23,0.0
1943-07-26,0.0
1943-07-27,0.0
1943-07-28,0.0
1943-07-29,0.0
1943-07-30,0.0
1943-08-02,0.0
1943-08-03,0.0
1943-08-04,0.0
1943-08-05,0.0
1943-08-06,0.0
1943-08-09,0.0
1943-08-10,0.0
1943-08-11,0.0
1943-08-12,0.0
1943-08-13,0.0
1943-08-16,0.0
1943-08-17,0.0
1943-08-18,0.0
1943-08-19,0.0
1943-08-20,0.0
1943-08-23,0.0
1943-08-24,0.0
1943-08-25,0.0
1943-08-26,0.0
1943-08-27,0.0
1943-08-30,0.0
1943-08-31,0.0
1943-09-01,0.0
1943-09-02,0.0
1943-09-03,0.0
1943-09-07,0.0
1943-09-08,0.0
1943-09-09,0.0
1943-09-10,0.0
1943-09-13,0.0
1943-09-14,0.0
1943-09-15,0.0
1943-09-16,0.0
1943-09-17,0.0
1943-09-20,0.0
1943-09-21,0.0
1943-09-22,0.0
1943-09-23,0.0
1943-09-24,0.0
1943-09-27,0.0
1943-09-28,0.0
1943-09-29,0.0
1943-09-30,0.0
1943-10-01,0.0
1943-10-04,0.0
1943-10-05,0.0
1943-10-06,0.0
1943-10-07,0.0
1943-10-08,0.0
1943-10-11,0.0
1943-10-13,0.0
1943-10-14,0.0
1943-10-15,0.0
1943-10-18,0.0
1943-10-19,0.0
1943-10-20,0.0
1943-10-21,0.0
1943-10-22,0.0
1943-10-25,0.0
1943-10-26,0.0
1943-10-27,0.0
1943-10-28,0.0
1943-10-29,0.0
1943-11-01,0.0
1943-11-03,0.0
1943-11-04,0.0
1943-11-05,0.0
1943-11-08,0.0
1943-11-09,0.0
1943-11-10,0.0
1943-11-12,0.0
1943-11-15,0.0
1943-11-16,0.0
1943-11-17,0.0
1943-11-18,0.0
1943-11-19,0.0
1943-11-22,0.0
1943-11-23,0.0
1943-11-24,0.0
1943-11-26,0.0
1943-11-29,0.0
1943-11-30,0.0
1943-12-01,0.0
1943-12-02,0.0
1943-12-03,0.0
1943-12-06,0.0
1943-12-07,0.0
1943-12-08,0.0
1943-12-09,0.0
1943-12-10,0.0
1943-12-13,0.0
1943-12-14,0.0
1943-12-15,0.0
1943-12-16,0.0
1943-12-17,0.0
1943-12-20,0.0
1943-12-21,0.0
1943-12-22,0.0
1943-12-23,0.0
1943-12-24,0.0
1943-12-27,0.0
1943-12-28,0.0
1943-12-29,0.0
1943-12-30,0.0
1943-12-31,0.0
1944-01-03,0.0
1944-01-04,0.0
1944-01-05,0.0
1944-01-06,0.0
1944-01-07,0.0
1944-01-10,0.0
1944-01-11,0.0
1944-01-12,0.0
1944-01-13,0.0
1944-01-14,0.0
1944-01-17,0.0
1944-01-18,0.0
1944-01-19,0.0
1944-01-20,0.0
1944-01-21,0.0
1944-01-24,0.0
1944-01-25,0.0
1944-01-26,0.0
1944-01-27,0.0
1944-01-28,0.0
1944-01-31,0.0
1944-02-01,0.0
1944-02-02,0.0
1944-02-03,0.0
1944-02-04,0.0
1944-02-07,0.0
1944-02-08,0.0
1944-02-09,0.0
1944-02-10,0.0
1944-02-11,0.0
1944-02-14,0.0
1944-02-15,0.0
1944-02-16,0.0
1944-02-17,0.0
1944-02-18,0.0
1944-02-21,0.0
1944-02-23,0.0
1944-02-24,0.0
1944-02-25,0.0
1944-02-28,0.0
1944-02-29,0.0
1944-03-01,0.0
1944-03-02,0.0
1944-03-03,0.0
1944-03-06,0.0
1944-03-07,0.0
1944-03-08,0.0
1944-03-09,0.0
1944-03-10,0.0
1944-03-13,0.0
1944-03-14,0.0
1944-03-15,0.0
1944-03-16,0.0
1944-03-17,0.0
1944-03-20,0.0
1944-03-21,0.0
1944-03-22,0.0
1944-03-23,0.0
1944-03-24,0.0
1944-03-27,0.0
1944-03-28,0.0
1944-03-29,0.0
1944-03-30,0.0
1944-03-31,0.0
1944-04-03,0.0
1944-04-04,0.0
1944-04-05,0.0
1944-04-06,0.0
1944-04-10,0.0
1944-04-11,0.0
1944-04-12,0.0
1944-04-13,0.0
1944-04-14,0.0
1944-04-17,0.0
1944-04-18,0.0
1944-04-19,0.0
1944-04-20,0.0
1944-04-21,0.0
1944-04-24,0.0
1944-04-25,0.0
1944-04-26,0.0
1944-04-27,0.0
1944-04-28,0.0
1944-05-01,0.0
1944-05-02,0.0
1944-05-03,0.0
1944-05-04,0.0
1944-05-05,0.0
1944-05-08,0.0
1944-05-09,0.0
1944-05-10,0.0
1944-05-11,0.0
1944-05-12,0.0
1944-05-15,0.0
1944-05-16,0.0
1944-05-17,0.0
1944-05-18,0.0
1944-05-19,0.0
1944-05-22,0.0
1944-05-23,0.0
1944-05-24,0.0
1944-05-25,0.0
1944-05-26,0.0
1944-05-29,0.0
1944-05-31,0.0
1944-06-01,0.0
1944-06-02,0.0
1944-06-05,0.0
1944-06-06,0.0
1944-06-07,0.0
1944-06-08,0.0
1944-06-09,0.0
1944-06-12,0.0
1944-06-13,0.0
1944-06-14,0.0
1944-06-15,0.0
1944-06-16,0.0
1944-06-19,0.0
1944-06-20,0.0
1944-06-21,0.0
1944-06-22,0.0
1944-06-23,0.0
1944-06-26,0.0
1944-06-27,0.0
1944-06-28,0.0
1944-06-29,0.0
1944-06-30,0.0
1944-07-03,0.0
1944-07-05,0.0
1944-07-06,0.0
1944-07-07,0.0
1944-07-10,0.0
1944-07-11,0.0
1944-07-12,0.0
1944-07-13,0.0
1944-07-14,0.0
1944-07-17,0.0
1944-07-18,0.0
1944-07-19,0.0
1944-07-20,0.0
1944-07-21,0.0
1944-07-24,0.0
1944-07-25,0.0
1944-07-26,0.0
1944-07-27,0.0
1944-07-28,0.0
1944-07-31,0.0
1944-08-01,0.0
1944-08-02,0.0
1944-08-03,0.0
1944-08-04,0.0
1944-08-07,0.0
1944-08-08,0.0
1944-08-09,0.0
1944-08-10,0.0
1944-08-11,0.0
1944-08-14,0.0
1944-08-15,0.0
1944-08-16,0.0
1944-08-17,0.0
1944-08-18,0.0
1944-08-21,0.0
1944-08-22,0.0
1944-08-23,0.0
1944-08-24,0.0
1944-08-25,0.0
1944-08-28,0.0
1944-08-29,0.0
1944-08-30,0.0
1944-08-31,0.0
1944-09-01,0.0
1944-09-05,0.0
1944-09-06,0.0
1944-09-07,0.0
1944-09-08,0.0
1944-09-11,0.0
1944-09-12,0.0
1944-09-13,0.0
1944-09-14,0.0
1944-09-15,0.0
1944-09-18,0.0
1944-09-19,0.0
1944-09-20,0.0
1944-09-21,0.0
1944-09-22,0.0
1944-09-25,0.0
1944-09-26,0.0
1944-09-27,0.0
1944-09-28,0.0
1944-09-29,0.0
1944-10-02,0.0
1944-10-03,0.0
1944-10-04,0.0
1944-10-05,0.0
1944-10-06,0.0
1944-10-09,0.0
1944-10-10,0.0
1944-10-11,0.0
1944-10-13,0.0
1944-10-16,0.0
1944-10-17,0.0
1944-10-18,0.0
1944-10-19,0.0
1944-10-20,0.0
1944-10-23,0.0
1944-10-24,0.0
1944-10-25,0.0
1944-10-26,0.0
1944-10-27,0.0
1944-10-30,0.0
1944-10-31,0.0
1944-11-01,0.0
1944-11-02,0.0
1944-11-03,0.0
1944-11-06,0.0
1944-11-08,0.0
1944-11-09,0.0
1944-11-10,0.0
1944-11-13,0.0
1944-11-14,0.0
1944-11-15,0.0
1944-11-16,0.0
1944-11-17,0.0
1944-11-20,0.0
1944-11-21,0.0
1944-11-22,0.0
1944-11-24,0.0
1944-11-27,0.0
1944-11-28,0.0
1944-11-29,0.0
1944-11-30,0.0
1944-12-01,0.0
1944-12-04,0.0
1944-12-05,0.0
1944-12-06,0.0
1944-12-07,0.0
1944-12-08,0.0
1944-12-11,0.0
1944-12-12,0.0
1944-12-13,0.0
1944-12-14,0.0
1944-12-15,0.0
1944-12-18,0.0
1944-12-19,0.0
1944-12-20,0.0
1944-12-21,0.0
1944-12-22,0.0
1944-12-26,0.0
1944-12-27,0.0
1944-12-28,0.0
1944-12-29,0.0
1945-01-02,0.0
1945-01-03,0.0
1945-01-04,0.0
1945-01-05,0.0
1945-01-08,0.0
1945-01-09,0.0
1945-01-10,0.0
1945-01-11,0.0
1945-01-12,0.0
1945-01-15,0.0
1945-01-16,0.0
1945-01-17,0.0
1945-01-18,0.0
1945-01-19,0.0
1945-01-22,0.0
1945-01-23,0.0
1945-01-24,0.0
1945-01-25,0.0
1945-01-26,0.0
1945-01-29,0.0
1945-01-30,0.0
1945-01-31,0.0
1945-02-01,0.0
1945-02-02,0.0
1945-02-05,0.0
1945-02-06,0.0
1945-02-07,0.0
1945-02-08,0.0
1945-02-09,0.0
1945-02-13,0.0
1945-02-14,0.0
1945-02-15,0.0
1945-02-16,0.0
1945-02-19,0.0
1945-02-20,0.0
1945-02-21,0.0
1945-02-23,0.0
1945-02-26,0.0
1945-02-27,0.0
1945-02-28,0.0
1945-03-01,0.0
1945-03-02,0.0
1945-03-05,0.0
1945-03-06,0.0
1945-03-07,0.0
1945-03-08,0.0
1945-03-09,0.0
1945-03-12,0.0
1945-03-13,0.0
1945-03-14,0.0
1945-03-15,0.0
1945-03-16,0.0
1945-03-19,0.0
1945-03-20,0.0
1945-03-21,0.0
1945-03-22,0.0
1945-03-23,0.0
1945-03-26,0.0
1945-03-27,0.0
1945-03-28,0.0
1945-03-29,0.0
1945-04-02,0.0
1945-04-03,0.0
1945-04-04,0.0
1945-04-05,0.0
1945-04-06,0.0
1945-04-09,0.0
1945-04-10,0.0
1945-04-11,0.0
1945-04-12,0.0
1945-04-13,0.0
1945-04-16,0.0
1945-04-17,0.0
1945-04-18,0.0
1945-04-19,0.0
1945-04-20,0.0
1945-04-23,0.0
1945-04-24,0.0
1945-04-25,0.0
1945-04-26,0.0
1945-04-27,0.0
1945-04-30,0.0
1945-05-01,0.0
1945-05-02,0.0
1945-05-03,0.0
1945-05-04,0.0
1945-05-07,0.0
1945-05-08,0.0
1945-05-09,0.0
1945-05-10,0.0
1945-05-11,0.0
1945-05-14,0.0
1945-05-15,0.0
1945-05-16,0.0
1945-05-17,0.0
1945-05-18,0.0
1945-05-21,0.0
1945-05-22,0.0
1945-05-23,0.0
1945-05-24,0.0
1945-05-25,0.0
1945-05-28,0.0
1945-05-29,0.0
1945-05-31,0.0
1945-06-01,0.0
1945-06-04,0.0
1945-06-05,0.0
1945-06-06,0.0
1945-06-07,0.0
1945-06-08,0.0
1945-06-11,0.0
1945-06-12,0.0
1945-06-13,0.0
1945-06-14,0.0
1945-06-15,0.0
1945-06-18,0.0
1945-06-19,0.0
1945-06-20,0.0
1945-06-21,0.0
1945-06-22,0.0
1945-06-25,0.0
1945-06-26,0.0
1945-06-27,0.0
1945-06-28,0.0
1945-06-29,0.0
1945-07-02,0.0
1945-07-03,0.0
1945-07-05,0.0
1945-07-06,0.0
1945-07-09,0.0
1945-07-10,0.0
1945-07-11,0.0
1945-07-12,0.0
1945-07-13,0.0
1945-07-16,0.0
1945-07-17,0.0
1945-07-18,0.0
1945-07-19,0.0
1945-07-20,0.0
1945-07-23,0.0
1945-07-24,0.0
1945-07-25,0.0
1945-07-26,0.0
1945-07-27,0.0
1945-07-30,0.0
1945-07-31,0.0
1945-08-01,0.0
1945-08-02,0.0
1945-08-03,0.0
1945-08-06,0.0
1945-08-07,0.0
1945-08-08,0.0
1945-08-09,0.0
1945-08-10,0.0
1945-08-13,0.0
1945-08-14,0.0
1945-08-17,0.0
1945-08-20,0.0
1945-08-21,0.0
1945-08-22,0.0
1945-08-23,0.0
1945-08-24,0.0
1945-08-27,0.0
1945-08-28,0.0
1945-08-29,0.0
1945-08-30,0.0
1945-08-31,0.0
1945-09-04,0.0
1945-09-05,0.0
1945-09-06,0.0
1945-09-07,0.0
1945-09-10,0.0
1945-09-11,0.0
1945-09-12,0.0
1945-09-13,0.0
1945-09-14,0.0
1945-09-17,0.0
1945-09-18,0.0
1945-09-19,0.0
1945-09-20,0.0
1945-09-21,0.0
1945-09-24,0.0
1945-09-25,0.0
1945-09-26,0.0
1945-09-27,0.0
1945-09-28,0.0
1945-10-01,0.0
1945-10-02,0.0
1945-10-03,0.0
1945-10-04,0.0
1945-10-05,0.0
1945-10-08,0.0
1945-10-09,0.0
1945-10-10,0.0
1945-10-11,0.0
1945-10-15,0.0
1945-10-16,0.0
1945-10-17,0.0
1945-10-18,0.0
1945-10-19,0.0
1945-10-22,0.0
1945-10-23,0.0
1945-10-24,0.0
1945-10-25,0.0
1945-10-26,0.0
1945-10-29,0.0
1945-10-30,0.0
1945-10-31,0.0
1945-11-01,0.0
1945-11-02,0.0
1945-11-05,0.0
1945-11-07,0.0
1945-11-08,0.0
1945-11-09,0.0
1945-11-13,0.0
1945-11-14,0.0
1945-11-15,0.0
1945-11-16,0.0
1945-11-19,0.0
1945-11-20,0.0
1945-11-21,0.0
1945-11-23,0.0
1945-11-26,0.0
1945-11-27,0.0
1945-11-28,0.0
1945-11-29,0.0
1945-11-30,0.0
1945-12-03,0.0
1945-12-04,0.0
1945-12-05,0.0
1945-12-06,0.0
1945-12-07,0.0
1945-12-10,0.0
1945-12-11,0.0
1945-12-12,0.0
1945-12-13,0.0
1945-12-14,0.0
1945-12-17,0.0
1945-12-18,0.0
1945-12-19,0.0
1945-12-20,0.0
1945-12-21,0.0
1945-12-26,0.0
1945-12-27,0.0
1945-12-28,0.0
1945-12-31,0.0
1946-01-02,0.0
1946-01-03,0.0
1946-01-04,0.0
1946-01-07,0.0
1946-01-08,0.0
1946-01-09,0.0
1946-01-10,0.0
1946-01-11,0.0
1946-01-14,0.0
1946-01-15,0.0
1946-01-16,0.0
1946-01-17,0.0
1946-01-18,0.0
1946-01-21,0.0
1946-01-22,0.0
1946-01-23,0.0
1946-01-24,0.0
1946-01-25,0.0
1946-01-28,0.0
1946-01-29,0.0
1946-01-30,0.0
1946-01-31,0.0
1946-02-01,0.0
1946-02-04,0.0
1946-02-05,0.0
1946-02-06,0.0
1946-02-07,0.0
1946-02-08,0.0
1946-02-11,0.0
1946-02-13,0.0
1946-02-14,0.0
1946-02-15,0.0
1946-02-18,0.0
1946-02-19,0.0
1946-02-20,0.0
1946-02-21,0.0
1946-02-25,0.0
1946-02-26,0.0
1946-02-27,0.0
1946-02-28,0.0
1946-03-01,0.0
1946-03-04,0.0
1946-03-05,0.0
1946-03-06,0.0
1946-03-07,0.0
1946-03-08,0.0
1946-03-11,0.0
1946-03-12,0.0
1946-03-13,0.0
1946-03-14,0.0
1946-03-15,0.0
1946-03-18,0.0
1946-03-19,0.0
1946-03-20,0.0
1946-03-21,0.0
1946-03-22,0.0
1946-03-25,0.0
1946-03-26,0.0
1946-03-27,0.0
1946-03-28,0.0
1946-03-29,0.0
1946-04-01,0.0
1946-04-02,0.0
1946-04-03,0.0
1946-04-04,0.0
1946-04-05,0.0
1946-04-08,0.0
1946-04-09,0.0
1946-04-10,0.0
1946-04-11,0.0
1946-04-12,0.0
1946-04-15,0.0
1946-04-16,0.0
1946-04-17,0.0
1946-04-18,0.0
1946-04-22,0.0
1946-04-23,0.0
1946-04-24,0.0
1946-04-25,0.0
1946-04-26,0.0
1946-04-29,0.0
1946-04-30,0.0
1946-05-01,0.0
1946-05-02,0.0
1946-05-03,0.0
1946-05-06,0.0
1946-05-07,0.0
1946-05-08,0.0
1946-05-09,0.0
1946-05-10,0.0
1946-05-13,0.0
1946-05-14,0.0
1946-05-15,0.0
1946-05-16,0.0
1946-05-17,0.0
1946-05-20,0.0
1946-05-21,0.0
1946-05-22,0.0
1946-05-23,0.0
1946-05-24,0.0
1946-05-27,0.0
1946-05-28,0.0
1946-05-29,0.0
1946-05-31,0.0
1946-06-03,0.0
1946-06-04,0.0
1946-06-05,0.0
1946-06-06,0.0
1946-06-07,0.0
1946-06-10,0.0
1946-06-11,0.0
1946-06-12,0.0
1946-06-13,0.0
1946-06-14,0.0
1946-06-17,0.0
1946-06-18,0.0
1946-06-19,0.0
1946-06-20,0.0
1946-06-21,0.0
1946-06-24,0.0
1946-06-25,0.0
1946-06-26,0.0
1946-06-27,0.0
1946-06-28,0.0
1946-07-01,0.0
1946-07-02,0.0
1946-07-03,0.0
1946-07-05,0.0
1946-07-08,0.0
1946-07-09,0.0
1946-07-10,0.0
1946-07-11,0.0
1946-07-12,0.0
1946-07-15,0.0
1946-07-16,0.0
1946-07-17,0.0
1946-07-18,0.0
1946-07-19,0.0
1946-07-22,0.0
1946-07-23,0.0
1946-07-24,0.0
1946-07-25,0.0
1946-07-26,0.0
1946-07-29,0.0
1946-07-30,0.0
1946-07-31,0.0
1946-08-01,0.0
1946-08-02,0.0
1946-08-05,0.0
1946-08-06,0.0
1946-08-07,0.0
1946-08-08,0.0
1946-08-09,0.0
1946-08-12,0.0
1946-08-13,0.0
1946-08-14,0.0
1946-08-15,0.0
1946-08-16,0.0
1946-08-19,0.0
1946-08-20,0.0
1946-08-21,0.0
1946-08-22,0.0
1946-08-23,0.0
1946-08-26,0.0
1946-08-27,0.0
1946-08-28,0.0
1946-08-29,0.0
1946-08-30,0.0
1946-09-03,0.0
1946-09-04,0.0
1946-09-05,0.0
1946-09-06,0.0
1946-09-09,0.0
1946-09-10,0.0
1946-09-11,0.0
1946-09-12,0.0
1946-09-13,0.0
1946-09-16,0.0
1946-09-17,0.0
1946-09-18,0.0
1946-09-19,0.0
1946-09-20,0.0
1946-09-23,0.0
1946-09-24,0.0
1946-09-25,0.0
1946-09-26,0.0
1946-09-27,0.0
1946-09-30,0.0
1946-10-01,0.0
1946-10-02,0.0
1946-10-03,0.0
1946-10-04,0.0
1946-10-07,0.0
1946-10-08,0.0
1946-10-09,0.0
1946-10-10,0.0
1946-10-11,0.0
1946-10-14,0.0
1946-10-15,0.0
1946-10-16,0.0
1946-10-17,0.0
1946-10-18,0.0
1946-10-21,0.0
1946-10-22,0.0
1946-10-23,0.0
1946-10-24,0.0
1946-10-25,0.0
1946-10-28,0.0
1946-10-29,0.0
1946-10-30,0.0
1946-10-31,0.0
1946-11-01,0.0
1946-11-04,0.0
1946-11-06,0.0
1946-11-07,0.0
1946-11-08,0.0
1946-11-12,0.0
1946-11-13,0.0
1946-11-14,0.0
1946-11-15,0.0
1946-11-18,0.0
1946-11-19,0.0
1946-11-20,0.0
1946-11-21,0.0
1946-11-22,0.0
1946-11-25,0.0
1946-11-26,0.0
1946-11-27,0.0
1946-11-29,0.0
1946-12-02,0.0
1946-12-03,0.0
1946-12-04,0.0
1946-12-05,0.0
1946-12-06,0.0
1946-12-09,0.0
1946-12-10,0.0
1946-12-11,0.0
1946-12-12,0.0
1946-12-13,0.0
1946-12-16,0.0
1946-12-17,0.0
1946-12-18,0.0
1946-12-19,0.0
1946-12-20,0.0
1946-12-23,0.0
1946-12-24,0.0
1946-12-26,0.0
1946-12-27,0.0
1946-12-30,0.0
1946-12-31,0.0
1947-01-02,0.0
1947-01-03,0.0
1947-01-06,0.0
1947-01-07,0.0
1947-01-08,0.0
1947-01-09,0.0
1947-01-10,0.0
1947-01-13,0.0
1947-01-14,0.0
1947-01-15,0.0
1947-01-16,0.0
1947-01-17,0.0
1947-01-20,0.0
1947-01-21,0.0
1947-01-22,0.0
1947-01-23,0.0
1947-01-24,0.0
1947-01-27,0.0
1947-01-28,0.0
1947-01-29,0.0
1947-01-30,0.0
1947-01-31,0.0
1947-02-03,0.0
1947-02-04,0.0
1947-02-05,0.0
1947-02-06,0.0
1947-02-07,0.0
1947-02-10,0.0
1947-02-11,0.0
1947-02-13,0.0
1947-02-14,0.0
1947-02-17,0.0
1947-02-18,0.0
1947-02-19,0.0
1947-02-20,0.0
1947-02-21,0.0
1947-02-24,0.0
1947-02-25,0.0
1947-02-26,0.0
1947-02-27,0.0
1947-02-28,0.0
1947-03-03,0.0
1947-03-04,0.0
1947-03-05,0.0
1947-03-06,0.0
1947-03-07,0.0
1947-03-10,0.0
1947-03-11,0.0
1947-03-12,0.0
1947-03-13,0.0
1947-03-14,0.0
1947-03-17,0.0
1947-03-18,0.0
1947-03-19,0.0
1947-03-20,0.0
1947-03-21,0.0
1947-03-24,0.0
1947-03-25,0.0
1947-03-26,0.0
1947-03-27,0.0
1947-03-28,0.0
1947-03-31,0.0
1947-04-01,0.0
1947-04-02,0.0
1947-04-03,0.0
1947-04-07,0.0
1947-04-08,0.0
1947-04-09,0.0
1947-04-10,0.0
1947-04-11,0.0
1947-04-14,0.0
1947-04-15,0.0
1947-04-16,0.0
1947-04-17,0.0
1947-04-18,0.0
1947-04-21,0.0
1947-04-22,0.0
1947-04-23,0.0
1947-04-24,0.0
1947-04-25,0.0
1947-04-28,0.0
1947-04-29,0.0
1947-04-30,0.0
1947-05-01,0.0
1947-05-02,0.0
1947-05-05,0.0
1947-05-06,0.0
1947-05-07,0.0
1947-05-08,0.0
1947-05-09,0.0
1947-05-12,0.0
1947-05-13,0.0
1947-05-14,0.0
1947-05-15,0.0
1947-05-16,0.0
1947-05-19,0.0
1947-05-20,0.0
1947-05-21,0.0
1947-05-22,0.0
1947-05-23,0.0
1947-05-26,0.0
1947-05-27,0.0
1947-05-28,0.0
1947-05-29,0.0
1947-06-02,0.0
1947-06-03,0.0
1947-06-04,0.0
1947-06-05,0.0
1947-06-06,0.0
1947-06-09,0.0
1947-06-10,0.0
1947-06-11,0.0
1947-06-12,0.0
1947-06-13,0.0
1947-06-16,0.0
1947-06-17,0.0
1947-06-18,0.0
1947-06-19,0.0
1947-06-20,0.0
1947-06-23,0.0
1947-06-24,0.0
1947-06-25,0.0
1947-06-26,0.0
1947-06-27,0.0
1947-06-30,0.0
1947-07-01,0.0
1947-07-02,0.0
1947-07-03,0.0
1947-07-07,0.0
1947-07-08,0.0
1947-07-09,0.0
1947-07-10,0.0
1947-07-11,0.0
1947-07-14,0.0
1947-07-15,0.0
1947-07-16,0.0
1947-07-17,0.0
1947-07-18,0.0
1947-07-21,0.0
1947-07-22,0.0
1947-07-23,0.0
1947-07-24,0.0
1947-07-25,0.0
1947-07-28,0.0
1947-07-29,0.0
1947-07-30,0.0
1947-07-31,0.0
1947-08-01,0.0
1947-08-04,0.0
1947-08-05,0.0
1947-08-06,0.0
1947-08-07,0.0
1947-08-08,0.0
1947-08-11,0.0
1947-08-12,0.0
1947-08-13,0.0
1947-08-14,0.0
1947-08-15,0.0
1947-08-18,0.0
1947-08-19,0.0
1947-08-20,0.0
1947-08-21,0.0
1947-08-22,0.0
1947-08-25,0.0
1947-08-26,0.0
1947-08-27,0.0
1947-08-28,0.0
1947-08-29,0.0
1947-09-02,0.0
1947-09-03,0.0
1947-09-04,0.0
1947-09-05,0.0
1947-09-08,0.0
1947-09-09,0.0
1947-09-10,0.0
1947-09-11,0.0
1947-09-12,0.0
1947-09-15,0.0
1947-09-16,0.0
1947-09-17,0.0
1947-09-18,0.0
1947-09-19,0.0
1947-09-22,0.0
1947-09-23,0.0
1947-09-24,0.0
1947-09-25,0.0
1947-09-26,0.0
1947-09-29,0.0
1947-09-30,0.0
1947-10-01,0.0
1947-10-02,0.0
1947-10-03,0.0
1947-10-06,0.0
1947-10-07,0.0
1947-10-08,0.0
1947-10-09,0.0
1947-10-10,0.0
1947-10-14,0.0
1947-10-15,0.0
1947-10-16,0.0
1947-10-17,0.0
1947-10-20,0.0
1947-10-21,0.0
1947-10-22,0.0
1947-10-23,0.0
1947-10-24,0.0
1947-10-27,0.0
1947-10-28,0.0
1947-10-29,0.0
1947-10-30,0.0
1947-10-31,0.0
1947-11-03,0.0
1947-11-05,0.0
1947-11-06,0.0
1947-11-07,0.0
1947-11-10,0.0
1947-11-12,0.0
1947-11-13,0.0
1947-11-14,0.0
1947-11-17,0.0
1947-11-18,0.0
1947-11-19,0.0
1947-11-20,0.0
1947-11-21,0.0
1947-11-24,0.0
1947-11-25,0.0
1947-11-26,0.0
1947-11-28,0.0
1947-12-01,0.0
1947-12-02,0.0
1947-12-03,0.0
1947-12-04,0.0
1947-12-05,0.0
1947-12-08,0.0
1947-12-09,0.0
1947-12-10,0.0
1947-12-11,0.0
1947-12-12,0.0
1947-12-15,0.0
1947-12-16,0.0
1947-12-17,0.0
1947-12-18,0.0
1947-12-19,0.0
1947-12-22,0.0
1947-12-23,0.0
1947-12-24,0.0
1947-12-26,0.0
1947-12-29,0.0
1947-12-30,0.0
1947-12-31,0.0
1948-01-02,0.0
1948-01-05,0.0
1948-01-06,0.0
1948-01-07,0.0
1948-01-08,0.0
1948-01-09,0.0
1948-01-12,0.0
1948-01-13,0.0
1948-01-14,0.0
1948-01-15,0.0
1948-01-16,0.0
1948-01-19,0.0
1948-01-20,0.0
1948-01-21,0.0
1948-01-22,0.0
1948-01-23,0.0
1948-01-26,0.0
1948-01-27,0.0
1948-01-28,0.0
1948-01-29,0.0
1948-01-30,0.0
1948-02-02,0.0
1948-02-03,0.0
1948-02-04,0.0
1948-02-05,0.0
1948-02-06,0.0
1948-02-09,0.0
1948-02-10,0.0
1948-02-11,0.0
1948-02-13,0.0
1948-02-16,0.0
1948-02-17,0.0
1948-02-18,0.0
1948-02-19,0.0
1948-02-20,0.0
1948-02-24,0.0
1948-02-25,0.0
1948-02-26,0.0
1948-02-27,0.0
1948-03-01,0.0
1948-03-02,0.0
1948-03-03,0.0
1948-03-04,0.0
1948-03-05,0.0
1948-03-08,0.0
1948-03-09,0.0
1948-03-10,0.0
1948-03-11,0.0
1948-03-12,0.0
1948-03-15,0.0
1948-03-16,0.0
1948-03-17,0.0
1948-03-18,0.0
1948-03-19,0.0
1948-03-22,0.0
1948-03-23,0.0
1948-03-24,0.0
1948-03-25,0.0
1948-03-29,0.0
1948-03-30,0.0
1948-03-31,0.0
1948-04-01,0.0
1948-04-02,0.0
1948-04-05,0.0
1948-04-06,0.0
1948-04-07,0.0
1948-04-08,0.0
1948-04-09,0.0
1948-04-12,0.0
1948-04-13,0.0
1948-04-14,0.0
1948-04-15,0.0
1948-04-16,0.0
1948-04-19,0.0
1948-04-20,0.0
1948-04-21,0.0
1948-04-22,0.0
1948-04-23,0.0
1948-04-26,0.0
1948-04-27,0.0
1948-04-28,0.0
1948-04-29,0.0
1948-04-30,0.0
1948-05-03,0.0
1948-05-04,0.0
1948-05-05,0.0
1948-05-06,0.0
1948-05-07,0.0
1948-05-10,0.0
1948-05-11,0.0
1948-05-12,0.0
1948-05-13,0.0
1948-05-14,0.0
1948-05-17,0.0
1948-05-18,0.0
1948-05-19,0.0
1948-05-20,0.0
1948-05-21,0.0
1948-05-24,0.0
1948-05-25,0.0
1948-05-26,0.0
1948-05-27,0.0
1948-05-28,0.0
1948-06-01,0.0
1948-06-02,0.0
1948-06-03,0.0
1948-06-04,0.0
1948-06-07,0.0
1948-06-08,0.0
1948-06-09,0.0
1948-06-10,0.0
1948-06-11,0.0
1948-06-14,0.0
1948-06-15,0.0
1948-06-16,0.0
1948-06-17,0.0
1948-06-18,0.0
1948-06-21,0.0
1948-06-22,0.0
1948-06-23,0.0
1948-06-24,0.0
1948-06-25,0.0
1948-06-28,0.0
1948-06-29,0.0
1948-06-30,0.0
1948-07-01,0.0
1948-07-02,0.0
1948-07-06,0.0
1948-07-07,0.0
1948-07-08,0.0
1948-07-09,0.0
1948-07-12,0.0
1948-07-13,0.0
1948-07-14,0.0
1948-07-15,0.0
1948-07-16,0.0
1948-07-19,0.0
1948-07-20,0.0
1948-07-21,0.0
1948-07-22,0.0
1948-07-23,0.0
1948-07-26,0.0
1948-07-27,0.0
1948-07-28,0.0
1948-07-29,0.0
1948-07-30,0.0
1948-08-02,0.0
1948-08-03,0.0
1948-08-04,0.0
1948-08-05,0.0
1948-08-06,0.0
1948-08-09,0.0
1948-08-10,0.0
1948-08-11,0.0
1948-08-12,0.0
1948-08-13,0.0
1948-08-16,0.0
1948-08-17,0.0
1948-08-18,0.0
1948-08-19,0.0
1948-08-20,0.0
1948-08-23,0.0
1948-08-24,0.0
1948-08-25,0.0
1948-08-26,0.0
1948-08-27,0.0
1948-08-30,0.0
1948-08-31,0.0
1948-09-01,0.0
1948-09-02,0.0
1948-09-03,0.0
1948-09-07,0.0
1948-09-08,0.0
1948-09-09,0.0
1948-09-10,0.0
1948-09-13,0.0
1948-09-14,0.0
1948-09-15,0.0
1948-09-16,0.0
1948-09-17,0.0
1948-09-20,0.0
1948-09-21,0.0
1948-09-22,0.0
1948-09-23,0.0
1948-09-24,0.0
1948-09-27,0.0
1948-09-28,0.0
1948-09-29,0.0
1948-09-30,0.0
1948-10-01,0.0
1948-10-04,0.0
1948-10-05,0.0
1948-10-06,0.0
1948-10-07,0.0
1948-10-08,0.0
1948-10-11,0.0
1948-10-13,0.0
1948-10-14,0.0
1948-10-15,0.0
1948-10-18,0.0
1948-10-19,0.0
1948-10-20,0.0
1948-10-21,0.0
1948-10-22,0.0
1948-10-25,0.0
1948-10-26,0.0
1948-10-27,0.0
1948-10-28,0.0
1948-10-29,0.0
1948-11-01,0.0
1948-11-03,0.0
1948-11-04,0.0
1948-11-05,0.0
1948-11-08,0.0
1948-11-09,0.0
1948-11-10,0.0
1948-11-12,0.0
1948-11-15,0.0
1948-11-16,0.0
1948-11-17,0.0
1948-11-18,0.0
1948-11-19,0.0
1948-11-22,0.0
1948-11-23,0.0
1948-11-24,0.0
1948-11-26,0.0
1948-11-29,0.0
1948-11-30,0.0
1948-12-01,0.0
1948-12-02,0.0
1948-12-03,0.0
1948-12-06,0.0
1948-12-07,0.0
1948-12-08,0.0
1948-12-09,0.0
1948-12-10,0.0
1948-12-13,0.0
1948-12-14,0.0
1948-12-15,0.0
1948-12-16,0.0
1948-12-17,0.0
1948-12-20,0.0
1948-12-21,0.0
1948-12-22,0.0
1948-12-23,0.0
1948-12-24,0.0
1948-12-27,0.0
1948-12-28,0.0
1948-12-29,0.0
1948-12-30,0.0
1948-12-31,0.0
1949-01-03,0.0
1949-01-04,0.0
1949-01-05,0.0
1949-01-06,0.0
1949-01-07,0.0
1949-01-10,0.0
1949-01-11,0.0
1949-01-12,0.0
1949-01-13,0.0
1949-01-14,0.0
1949-01-17,0.0
1949-01-18,0.0
1949-01-19,0.0
1949-01-20,0.0
1949-01-21,0.0
1949-01-24,0.0
1949-01-25,0.0
1949-01-26,0.0
1949-01-27,0.0
1949-01-28,0.0
1949-01-31,0.0
1949-02-01,0.0
1949-02-02,0.0
1949-02-03,0.0
1949-02-04,0.0
1949-02-07,0.0
1949-02-08,0.0
1949-02-09,0.0
1949-02-10,0.0
1949-02-11,0.0
1949-02-14,0.0
1949-02-15,0.0
1949-02-16,0.0
1949-02-17,0.0
1949-02-18,0.0
1949-02-21,0.0
1949-02-23,0.0
1949-02-24,0.0
1949-02-25,0.0
1949-02-28,0.0
1949-03-01,0.0
1949-03-02,0.0
1949-03-03,0.0
1949-03-04,0.0
1949-03-07,0.0
1949-03-08,0.0
1949-03-09,0.0
1949-03-10,0.0
1949-03-11,0.0
1949-03-14,0.0
1949-03-15,0.0
1949-03-16,0.0
1949-03-17,0.0
1949-03-18,0.0
1949-03-21,0.0
1949-03-22,0.0
1949-03-23,0.0
1949-03-24,0.0
1949-03-25,0.0
1949-03-28,0.0
1949-03-29,0.0
1949-03-30,0.0
1949-03-31,0.0
1949-04-01,0.0
1949-04-04,0.0
1949-04-05,0.0
1949-04-06,0.0
1949-04-07,0.0
1949-04-08,0.0
1949-04-11,0.0
1949-04-12,0.0
1949-04-13,0.0
1949-04-14,0.0
1949-04-18,0.0
1949-04-19,0.0
1949-04-20,0.0
1949-04-21,0.0
1949-04-22,0.0
1949-04-25,0.0
1949-04-26,0.0
1949-04-27,0.0
1949-04-28,0.0
1949-04-29,0.0
1949-05-02,0.0
1949-05-03,0.0
1949-05-04,0.0
1949-05-05,0.0
1949-05-06,0.0
1949-05-09,0.0
1949-05-10,0.0
1949-05-11,0.0
1949-05-12,0.0
1949-05-13,0.0
1949-05-16,0.0
1949-05-17,0.0
1949-05-18,0.0
1949-05-19,0.0
1949-05-20,0.0
1949-05-23,0.0
1949-05-24,0.0
1949-05-25,0.0
1949-05-26,0.0
1949-05-27,0.0
1949-05-31,0.0
1949-06-01,0.0
1949-06-02,0.0
1949-06-03,0.0
1949-06-06,0.0
1949-06-07,0.0
1949-06-08,0.0
1949-06-09,0.0
1949-06-10,0.0
1949-06-13,0.0
1949-06-14,0.0
1949-06-15,0.0
1949-06-16,0.0
1949-06-17,0.0
1949-06-20,0.0
1949-06-21,0.0
1949-06-22,0.0
1949-06-23,0.0
1949-06-24,0.0
1949-06-27,0.0
1949-06-28,0.0
1949-06-29,0.0
1949-06-30,0.0
1949-07-01,0.0
1949-07-05,0.0
1949-07-06,0.0
1949-07-07,0.0
1949-07-08,0.0
1949-07-11,0.0
1949-07-12,0.0
1949-07-13,0.0
1949-07-14,0.0
1949-07-15,0.0
1949-07-18,0.0
1949-07-19,0.0
1949-07-20,0.0
1949-07-21,0.0
1949-07-22,0.0
1949-07-25,0.0
1949-07-26,0.0
1949-07-27,0.0
1949-07-28,0.0
1949-07-29,0.0
1949-08-01,0.0
1949-08-02,0.0
1949-08-03,0.0
1949-08-04,0.0
1949-08-05,0.0
1949-08-08,0.0
1949-08-09,0.0
1949-08-10,0.0
1949-08-11,0.0
1949-08-12,0.0
1949-08-15,0.0
1949-08-16,0.0
1949-08-17,0.0
1949-08-18,0.0
1949-08-19,0.0
1949-08-22,0.0
1949-08-23,0.0
1949-08-24,0.0
1949-08-25,0.0
1949-08-26,0.0
1949-08-29,0.0
1949-08-30,0.0
1949-08-31,0.0
1949-09-01,0.0
1949-09-02,0.0
1949-09-06,0.0
1949-09-07,0.0
1949-09-08,0.0
1949-09-09,0.0
1949-09-12,0.0
1949-09-13,0.0
1949-09-14,0.0
1949-09-15,0.0
1949-09-16,0.0
1949-09-19,0.0
1949-09-20,0.0
1949-09-21,0.0
1949-09-22,0.0
1949-09-23,0.0
1949-09-26,0.0
1949-09-27,0.0
1949-09-28,0.0
1949-09-29,0.0
1949-09-30,0.0
1949-10-03,0.0
1949-10-04,0.0
1949-10-05,0.0
1949-10-06,0.0
1949-10-07,0.0
1949-10-10,0.0
1949-10-11,0.0
1949-10-13,0.0
1949-10-14,0.0
1949-10-17,0.0
1949-10-18,0.0
1949-10-19,0.0
1949-10-20,0.0
1949-10-21,0.0
1949-10-24,0.0
1949-10-25,0.0
1949-10-26,0.0
1949-10-27,0.0
1949-10-28,0.0
1949-10-31,0.0
1949-11-01,0.0
1949-11-02,0.0
1949-11-03,0.0
1949-11-04,0.0
1949-11-07,0.0
1949-11-09,0.0
1949-11-10,0.0
1949-11-14,0.0
1949-11-15,0.0
1949-11-16,0.0
1949-11-17,0.0
1949-11-18,0.0
1949-11-21,0.0
1949-11-22,0.0
1949-11-23,0.0
1949-11-25,0.0
1949-11-28,0.0
1949-11-29,0.0
1949-11-30,0.0
1949-12-01,0.0
1949-12-02,0.0
1949-12-05,0.0
1949-12-06,0.0
1949-12-07,0.0
1949-12-08,0.0
1949-12-09,0.0
1949-12-12,0.0
1949-12-13,0.0
1949-12-14,0.0
1949-12-15,0.0
1949-12-16,0.0
1949-12-19,0.0
1949-12-20,0.0
1949-12-21,0.0
1949-12-22,0.0
1949-12-23,0.0
1949-12-27,0.0
1949-12-28,0.0
1949-12-29,0.0
1949-12-30,0.0
1950-01-03,0.0
1950-01-04,0.0
1950-01-05,0.0
1950-01-06,0.0
1950-01-09,0.0
1950-01-10,0.0
1950-01-11,0.0
1950-01-12,0.0
1950-01-13,0.0
1950-01-16,0.0
1950-01-17,0.0
1950-01-18,0.0
1950-01-19,0.0
1950-01-20,0.0
1950-01-23,0.0
1950-01-24,0.0
1950-01-25,0.0
1950-01-26,0.0
1950-01-27,0.0
1950-01-30,0.0
1950-01-31,0.0
1950-02-01,0.0
1950-02-02,0.0
1950-02-03,0.0
1950-02-06,0.0
1950-02-07,0.0
1950-02-08,0.0
1950-02-09,0.0
1950-02-10,0.0
1950-02-14,0.0
1950-02-15,0.0
1950-02-16,0.0
1950-02-17,0.0
1950-02-20,0.0
1950-02-21,0.0
1950-02-23,0.0
1950-02-24,0.0
1950-02-27,0.0
1950-02-28,0.0
1950-03-01,0.0
1950-03-02,0.0
1950-03-03,0.0
1950-03-06,0.0
1950-03-07,0.0
1950-03-08,0.0
1950-03-09,0.0
1950-03-10,0.0
1950-03-13,0.0
1950-03-14,0.0
1950-03-15,0.0
1950-03-16,0.0
1950-03-17,0.0
1950-03-20,0.0
1950-03-21,0.0
1950-03-22,0.0
1950-03-23,0.0
1950-03-24,0.0
1950-03-27,0.0
1950-03-28,0.0
1950-03-29,0.0
1950-03-30,0.0
1950-03-31,0.0
1950-04-03,0.0
1950-04-04,0.0
1950-04-05,0.0
1950-04-06,0.0
1950-04-10,0.0
1950-04-11,0.0
1950-04-12,0.0
1950-04-13,0.0
1950-04-14,0.0
1950-04-17,0.0
1950-04-18,0.0
1950-04-19,0.0
1950-04-20,0.0
1950-04-21,0.0
1950-04-24,0.0
1950-04-25,0.0
1950-04-26,0.0
1950-04-27,0.0
1950-04-28,0.0
1950-05-01,0.0
1950-05-02,0.0
1950-05-03,0.0
1950-05-04,0.0
1950-05-05,0.0
1950-05-08,0.0
1950-05-09,0.0
1950-05-10,0.0
1950-05-11,0.0
1950-05-12,0.0
1950-05-15,0.0
1950-05-16,0.0
1950-05-17,0.0
1950-05-18,0.0
1950-05-19,0.0
1950-05-22,0.0
1950-05-23,0.0
1950-05-24,0.0
1950-05-25,0.0
1950-05-26,0.0
1950-05-29,0.0
1950-05-31,0.0
1950-06-01,0.0
1950-06-02,0.0
1950-06-05,0.0
1950-06-06,0.0
1950-06-07,0.0
1950-06-08,0.0
1950-06-09,0.0
1950-06-12,0.0
1950-06-13,0.0
1950-06-14,0.0
1950-06-15,0.0
1950-06-16,0.0
1950-06-19,0.0
1950-06-20,0.0
1950-06-21,0.0
1950-06-22,0.0
1950-06-23,0.0
1950-06-26,0.0
1950-06-27,0.0
1950-06-28,0.0
1950-06-29,0.0
1950-06-30,0.0
1950-07-03,0.0
1950-07-05,0.0
1950-07-06,0.0
1950-07-07,0.0
1950-07-10,0.0
1950-07-11,0.0
1950-07-12,0.0
1950-07-13,0.0
1950-07-14,0.0
1950-07-17,0.0
1950-07-18,0.0
1950-07-19,0.0
1950-07-20,0.0
1950-07-21,0.0
1950-07-24,0.0
1950-07-25,0.0
1950-07-26,0.0
1950-07-27,0.0
1950-07-28,0.0
1950-07-31,0.0
1950-08-01,0.0
1950-08-02,0.0
1950-08-03,0.0
1950-08-04,0.0
1950-08-07,0.0
1950-08-08,0.0
1950-08-09,0.0
1950-08-10,0.0
1950-08-11,0.0
1950-08-14,0.0
1950-08-15,0.0
1950-08-16,0.0
1950-08-17,0.0
1950-08-18,0.0
1950-08-21,0.0
1950-08-22,0.0
1950-08-23,0.0
1950-08-24,0.0
1950-08-25,0.0
1950-08-28,0.0
1950-08-29,0.0
1950-08-30,0.0
1950-08-31,0.0
1950-09-01,2.52
1950-09-05,2.52
1950-09-06,2.52
1950-09-07,2.52
1950-09-08,2.52
1950-09-11,2.52
1950-09-12,2.52
1950-09-13,2.52
1950-09-14,2.52
1950-09-15,2.52
1950-09-18,2.52
1950-09-19,2.52
1950-09-20,2.52
1950-09-21,2.52
1950-09-22,2.52
1950-09-25,2.52
1950-09-26,2.52
1950-09-27,2.52
1950-09-28,2.52
1950-09-29,2.52
1950-10-02,0.0
1950-10-03,0.0
1950-10-04,0.0
1950-10-05,0.0
1950-10-06,0.0
1950-10-09,0.0
1950-10-10,0.0
1950-10-11,0.0
1950-10-13,0.0
1950-10-16,0.0
1950-10-17,0.0
1950-10-18,0.0
1950-10-19,0.0
1950-10-20,0.0
1950-10-23,0.0
1950-10-24,0.0
1950-10-25,0.0
1950-10-26,0.0
1950-10-27,0.0
1950-10-30,0.0
1950-10-31,0.0
1950-11-01,0.0
1950-11-02,0.0
1950-11-03,0.0
1950-11-06,0.0
1950-11-08,0.0
1950-11-09,0.0
1950-11-10,0.0
1950-11-13,0.0
1950-11-14,0.0
1950-11-15,0.0
1950-11-16,0.0
1950-11-17,0.0
1950-11-20,0.0
1950-11-21,0.0
1950-11-22,0.0
1950-11-24,0.0
1950-11-27,0.0
1950-11-28,0.0
1950-11-29,0.0
1950-11-30,0.0
1950-12-01,0.0
1950-12-04,0.0
1950-12-05,0.0
1950-12-06,0.0
1950-12-07,0.0
1950-12-08,0.0
1950-12-11,0.0
1950-12-12,0.0
1950-12-13,0.0
1950-12-14,0.0
1950-12-15,0.0
1950-12-18,0.0
1950-12-19,0.0
1950-12-20,0.0
1950-12-21,0.0
1950-12-22,0.0
1950-12-26,0.0
1950-12-27,0.0
1950-12-28,0.0
1950-12-29,0.0
1951-01-02,0.0
1951-01-03,0.0
1951-01-04,0.0
1951-01-05,0.0
1951-01-08,0.0
1951-01-09,0.0
1951-01-10,0.0
1951-01-11,0.0
1951-01-12,0.0
1951-01-15,0.0
1951-01-16,0.0
1951-01-17,0.0
1951-01-18,0.0
1951-01-19,0.0
1951-01-22,0.0
1951-01-23,0.0
1951-01-24,0.0
1951-01-25,0.0
1951-01-26,0.0
1951-01-29,0.0
1951-01-30,0.0
1951-01-31,0.0
1951-02-01,0.0
1951-02-02,0.0
1951-02-05,0.0
1951-02-06,0.0
1951-02-07,0.0
1951-02-08,0.0
1951-02-09,0.0
1951-02-13,0.0
1951-02-14,0.0
1951-02-15,0.0
1951-02-16,0.0
1951-02-19,0.0
1951-02-20,0.0
1951-02-21,0.0
1951-02-23,0.0
1951-02-26,0.0
1951-02-27,0.0
1951-02-28,0.0
1951-03-01,0.0
1951-03-02,0.0
1951-03-05,0.0
1951-03-06,0.0
1951-03-07,0.0
1951-03-08,0.0
1951-03-09,0.0
1951-03-12,0.0
1951-03-13,0.0
1951-03-14,0.0
1951-03-15,0.0
1951-03-16,0.0
1951-03-19,0.0
1951-03-20,0.0
1951-03-21,0.0
1951-03-22,0.0
1951-03-26,0.0
1951-03-27,0.0
1951-03-28,0.0
1951-03-29,0.0
1951-03-30,0.0
1951-04-02,2.52
1951-04-03,2.52
1951-04-04,2.52
1951-04-05,2.52
1951-04-06,2.52
1951-04-09,2.52
1951-04-10,2.52
1951-04-11,2.52
1951-04-12,2.52
1951-04-13,2.52
1951-04-16,2.52
1951-04-17,2.52
1951-04-18,2.52
1951-04-19,2.52
1951-04-20,2.52
1951-04-23,2.52
1951-04-24,2.52
1951-04-25,2.52
1951-04-26,2.52
1951-04-27,2.52
1951-04-30,2.52
1951-05-01,0.0
1951-05-02,0.0
1951-05-03,0.0
1951-05-04,0.0
1951-05-07,0.0
1951-05-08,0.0
1951-05-09,0.0
1951-05-10,0.0
1951-05-11,0.0
1951-05-14,0.0
1951-05-15,0.0
1951-05-16,0.0
1951-05-17,0.0
1951-05-18,0.0
1951-05-21,0.0
1951-05-22,0.0
1951-05-23,0.0
1951-05-24,0.0
1951-05-25,0.0
1951-05-28,0.0
1951-05-29,0.0
1951-05-31,0.0
1951-06-01,2.52
1951-06-04,2.52
1951-06-05,2.52
1951-06-06,2.52
1951-06-07,2.52
1951-06-08,2.52
1951-06-11,2.52
1951-06-12,2.52
1951-06-13,2.52
1951-06-14,2.52
1951-06-15,2.52
1951-06-18,2.52
1951-06-19,2.52
1951-06-20,2.52
1951-06-21,2.52
1951-06-22,2.52
1951-06-25,2.52
1951-06-26,2.52
1951-06-27,2.52
1951-06-28,2.52
1951-06-29,2.52
1951-07-02,2.52
1951-07-03,2.52
1951-07-05,2.52
1951-07-06,2.52
1951-07-09,2.52
1951-07-10,2.52
1951-07-11,2.52
1951-07-12,2.52
1951-07-13,2.52
1951-07-16,2.52
1951-07-17,2.52
1951-07-18,2.52
1951-07-19,2.52
1951-07-20,2.52
1951-07-23,2.52
1951-07-24,2.52
1951-07-25,2.52
1951-07-26,2.52
1951-07-27,2.52
1951-07-30,2.52
1951-07-31,2.52
1951-08-01,2.52
1951-08-02,2.52
1951-08-03,2.52
1951-08-06,2.52
1951-08-07,2.52
1951-08-08,2.52
1951-08-09,2.52
1951-08-10,2.52
1951-08-13,2.52
1951-08-14,2.52
1951-08-15,2.52
1951-08-16,2.52
1951-08-17,2.52
1951-08-20,2.52
1951-08-21,2.52
1951-08-22,2.52
1951-08-23,2.52
1951-08-24,2.52
1951-08-27,2.52
1951-08-28,2.52
1951-08-29,2.52
1951-08-30,2.52
1951-08-31,2.52
1951-09-04,2.52
1951-09-05,2.52
1951-09-06,2.52
1951-09-07,2.52
1951-09-10,2.52
1951-09-11,2.52
1951-09-12,2.52
1951-09-13,2.52
1951-09-14,2.52
1951-09-17,2.52
1951-09-18,2.52
1951-09-19,2.52
1951-09-20,2.52
1951-09-21,2.52
1951-09-24,2.52
1951-09-25,2.52
1951-09-26,2.52
1951-09-27,2.52
1951-09-28,2.52
1951-10-01,2.52
1951-10-02,2.52
1951-10-03,2.52
1951-10-04,2.52
1951-10-05,2.52
1951-10-08,2.52
1951-10-09,2.52
1951-10-10,2.52
1951-10-11,2.52
1951-10-15,2.52
1951-10-16,2.52
1951-10-17,2.52
1951-10-18,2.52
1951-10-19,2.52
1951-10-22,2.52
1951-10-23,2.52
1951-10-24,2.52
1951-10-25,2.52
1951-10-26,2.52
1951-10-29,2.52
1951-10-30,2.52
1951-10-31,2.52
1951-11-01,0.0
1951-11-02,0.0
1951-11-05,0.0
1951-11-07,0.0
1951-11-08,0.0
1951-11-09,0.0
1951-11-13,0.0
1951-11-14,0.0
1951-11-15,0.0
1951-11-16,0.0
1951-11-19,0.0
1951-11-20,0.0
1951-11-21,0.0
1951-11-23,0.0
1951-11-26,0.0
1951-11-27,0.0
1951-11-28,0.0
1951-11-29,0.0
1951-11-30,0.0
1951-12-03,0.0
1951-12-04,0.0
1951-12-05,0.0
1951-12-06,0.0
1951-12-07,0.0
1951-12-10,0.0
1951-12-11,0.0
1951-12-12,0.0
1951-12-13,0.0
1951-12-14,0.0
1951-12-17,0.0
1951-12-18,0.0
1951-12-19,0.0
1951-12-20,0.0
1951-12-21,0.0
1951-12-24,0.0
1951-12-26,0.0
1951-12-27,0.0
1951-12-28,0.0
1951-12-31,0.0
1952-01-02,2.52
1952-01-03,2.52
1952-01-04,2.52
1952-01-07,2.52
1952-01-08,2.52
1952-01-09,2.52
1952-01-10,2.52
1952-01-11,2.52
1952-01-14,2.52
1952-01-15,2.52
1952-01-16,2.52
1952-01-17,2.52
1952-01-18,2.52
1952-01-21,2.52
1952-01-22,2.52
1952-01-23,2.52
1952-01-24,2.52
1952-01-25,2.52
1952-01-28,2.52
1952-01-29,2.52
1952-01-30,2.52
1952-01-31,2.52
1952-02-01,2.52
1952-02-04,2.52
1952-02-05,2.52
1952-02-06,2.52
1952-02-07,2.52
1952-02-08,2.52
1952-02-11,2.52
1952-02-13,2.52
1952-02-14,2.52
1952-02-15,2.52
1952-02-18,2.52
1952-02-19,2.52
1952-02-20,2.52
1952-02-21,2.52
1952-02-25,2.52
1952-02-26,2.52
1952-02-27,2.52
1952-02-28,2.52
1952-02-29,2.52
1952-03-03,0.0
1952-03-04,0.0
1952-03-05,0.0
1952-03-06,0.0
1952-03-07,0.0
1952-03-10,0.0
1952-03-11,0.0
1952-03-12,0.0
1952-03-13,0.0
1952-03-14,0.0
1952-03-17,0.0
1952-03-18,0.0
1952-03-19,0.0
1952-03-20,0.0
1952-03-21,0.0
1952-03-24,0.0
1952-03-25,0.0
1952-03-26,0.0
1952-03-27,0.0
1952-03-28,0.0
1952-03-31,0.0
1952-04-01,0.0
1952-04-02,0.0
1952-04-03,0.0
1952-04-04,0.0
1952-04-07,0.0
1952-04-08,0.0
1952-04-09,0.0
1952-04-10,0.0
1952-04-14,0.0
1952-04-15,0.0
1952-04-16,0.0
1952-04-17,0.0
1952-04-18,0.0
1952-04-21,0.0
1952-04-22,0.0
1952-04-23,0.0
1952-04-24,0.0
1952-04-25,0.0
1952-04-28,0.0
1952-04-29,0.0
1952-04-30,0.0
1952-05-01,2.52
1952-05-02,2.52
1952-05-05,2.52
1952-05-06,2.52
1952-05-07,2.52
1952-05-08,2.52
1952-05-09,2.52
1952-05-12,2.52
1952-05-13,2.52
1952-05-14,2.52
1952-05-15,2.52
1952-05-16,2.52
1952-05-19,2.52
1952-05-20,2.52
1952-05-21,2.52
1952-05-22,2.52
1952-05-23,2.52
1952-05-26,2.52
1952-05-27,2.52
1952-05-28,2.52
1952-05-29,2.52
1952-06-02,2.52
1952-06-03,2.52
1952-06-04,2.52
1952-06-05,2.52
1952-06-06,2.52
1952-06-09,2.52
1952-06-10,2.52
1952-06-11,2.52
1952-06-12,2.52
1952-06-13,2.52
1952-06-16,2.52
1952-06-17,2.52
1952-06-18,2.52
1952-06-19,2.52
1952-06-20,2.52
1952-06-23,2.52
1952-06-24,2.52
1952-06-25,2.52
1952-06-26,2.52
1952-06-27,2.52
1952-06-30,2.52
1952-07-01,2.52
1952-07-02,2.52
1952-07-03,2.52
1952-07-07,2.52
1952-07-08,2.52
1952-07-09,2.52
1952-07-10,2.52
1952-07-11,2.52
1952-07-14,2.52
1952-07-15,2.52
1952-07-16,2.52
1952-07-17,2.52
1952-07-18,2.52
1952-07-21,2.52
1952-07-22,2.52
1952-07-23,2.52
1952-07-24,2.52
1952-07-25,2.52
1952-07-28,2.52
1952-07-29,2.52
1952-07-30,2.52
1952-07-31,2.52
1952-08-01,2.52
1952-08-04,2.52
1952-08-05,2.52
1952-08-06,2.52
1952-08-07,2.52
1952-08-08,2.52
1952-08-11,2.52
1952-08-12,2.52
1952-08-13,2.52
1952-08-14,2.52
1952-08-15,2.52
1952-08-18,2.52
1952-08-19,2.52
1952-08-20,2.52
1952-08-21,2.52
1952-08-22,2.52
1952-08-25,2.52
1952-08-26,2.52
1952-08-27,2.52
1952-08-28,2.52
1952-08-29,2.52
1952-09-02,2.52
1952-09-03,2.52
1952-09-04,2.52
1952-09-05,2.52
1952-09-08,2.52
1952-09-09,2.52
1952-09-10,2.52
1952-09-11,2.52
1952-09-12,2.52
1952-09-15,2.52
1952-09-16,2.52
1952-09-17,2.52
1952-09-18,2.52
1952-09-19,2.52
1952-09-22,2.52
1952-09-23,2.52
1952-09-24,2.52
1952-09-25,2.52
1952-09-26,2.52
1952-09-29,2.52
1952-09-30,2.52
1952-10-01,2.52
1952-10-02,2.52
1952-10-03,2.52
1952-10-06,2.52
1952-10-07,2.52
1952-10-08,2.52
1952-10-09,2.52
1952-10-10,2.52
1952-10-14,2.52
1952-10-15,2.52
1952-10-16,2.52
1952-10-17,2.52
1952-10-20,2.52
1952-10-21,2.52
1952-10-22,2.52
1952-10-23,2.52
1952-10-24,2.52
1952-10-27,2.52
1952-10-28,2.52
1952-10-29,2.52
1952-10-30,2.52
1952-10-31,2.52
1952-11-03,2.52
1952-11-05,2.52
1952-11-06,2.52
1952-11-07,2.52
1952-11-10,2.52
1952-11-12,2.52
1952-11-13,2.52
1952-11-14,2.52
1952-11-17,2.52
1952-11-18,2.52
1952-11-19,2.52
1952-11-20,2.52
1952-11-21,2.52
1952-11-24,2.52
1952-11-25,2.52
1952-11-26,2.52
1952-11-28,2.52
1952-12-01,2.52
1952-12-02,2.52
1952-12-03,2.52
1952-12-04,2.52
1952-12-05,2.52
1952-12-08,2.52
1952-12-09,2.52
1952-12-10,2.52
1952-12-11,2.52
1952-12-12,2.52
1952-12-15,2.52
1952-12-16,2.52
1952-12-17,2.52
1952-12-18,2.52
1952-12-19,2.52
1952-12-22,2.52
1952-12-23,2.52
1952-12-24,2.52
1952-12-26,2.52
1952-12-29,2.52
1952-12-30,2.52
1952-12-31,2.52
1953-01-02,2.52
1953-01-05,2.52
1953-01-06,2.52
1953-01-07,2.52
1953-01-08,2.52
1953-01-09,2.52
1953-01-12,2.52
1953-01-13,2.52
1953-01-14,2.52
1953-01-15,2.52
1953-01-16,2.52
1953-01-19,2.52
1953-01-20,2.52
1953-01-21,2.52
1953-01-22,2.52
1953-01-23,2.52
1953-01-26,2.52
1953-01-27,2.52
1953-01-28,2.52
1953-01-29,2.52
1953-01-30,2.52
1953-02-02,2.52
1953-02-03,2.52
1953-02-04,2.52
1953-02-05,2.52
1953-02-06,2.52
1953-02-09,2.52
1953-02-10,2.52
1953-02-11,2.52
1953-02-13,2.52
1953-02-16,2.52
1953-02-17,2.52
1953-02-18,2.52
1953-02-19,2.52
1953-02-20,2.52
1953-02-24,2.52
1953-02-25,2.52
1953-02-26,2.52
1953-02-27,2.52
1953-03-02,2.52
1953-03-03,2.52
1953-03-04,2.52
1953-03-05,2.52
1953-03-06,2.52
1953-03-09,2.52
1953-03-10,2.52
1953-03-11,2.52
1953-03-12,2.52
1953-03-13,2.52
1953-03-16,2.52
1953-03-17,2.52
1953-03-18,2.52
1953-03-19,2.52
1953-03-20,2.52
1953-03-23,2.52
1953-03-24,2.52
1953-03-25,2.52
1953-03-26,2.52
1953-03-27,2.52
1953-03-30,2.52
1953-03-31,2.52
1953-04-01,2.52
1953-04-02,2.52
1953-04-06,2.52
1953-04-07,2.52
1953-04-08,2.52
1953-04-09,2.52
1953-04-10,2.52
1953-04-13,2.52
1953-04-14,2.52
1953-04-15,2.52
1953-04-16,2.52
1953-04-17,2.52
1953-04-20,2.52
1953-04-21,2.52
1953-04-22,2.52
1953-04-23,2.52
1953-04-24,2.52
1953-04-27,2.52
1953-04-28,2.52
1953-04-29,2.52
1953-04-30,2.52
1953-05-01,2.52
1953-05-04,2.52
1953-05-05,2.52
1953-05-06,2.52
1953-05-07,2.52
1953-05-08,2.52
1953-05-11,2.52
1953-05-12,2.52
1953-05-13,2.52
1953-05-14,2.52
1953-05-15,2.52
1953-05-18,2.52
1953-05-19,2.52
1953-05-20,2.52
1953-05-21,2.52
1953-05-22,2.52
1953-05-25,2.52
1953-05-26,2.52
1953-05-27,2.52
1953-05-28,2.52
1953-05-29,2.52
1953-06-01,2.52
1953-06-02,2.52
1953-06-03,2.52
1953-06-04,2.52
1953-06-05,2.52
1953-06-08,2.52
1953-06-09,2.52
1953-06-10,2.52
1953-06-11,2.52
1953-06-12,2.52
1953-06-15,2.52
1953-06-16,2.52
1953-06-17,2.52
1953-06-18,2.52
1953-06-19,2.52
1953-06-22,2.52
1953-06-23,2.52
1953-06-24,2.52
1953-06-25,2.52
1953-06-26,2.52
1953-06-29,2.52
1953-06-30,2.52
1953-07-01,2.52
1953-07-02,2.52
1953-07-03,2.52
1953-07-06,2.52
1953-07-07,2.52
1953-07-08,2.52
1953-07-09,2.52
1953-07-10,2.52
1953-07-13,2.52
1953-07-14,2.52
1953-07-15,2.52
1953-07-16,2.52
1953-07-17,2.52
1953-07-20,2.52
1953-07-21,2.52
1953-07-22,2.52
1953-07-23,2.52
1953-07-24,2.52
1953-07-27,2.52
1953-07-28,2.52
1953-07-29,2.52
1953-07-30,2.52
1953-07-31,2.52
1953-08-03,2.52
1953-08-04,2.52
1953-08-05,2.52
1953-08-06,2.52
1953-08-07,2.52
1953-08-10,2.52
1953-08-11,2.52
1953-08-12,2.52
1953-08-13,2.52
1953-08-14,2.52
1953-08-17,2.52
1953-08-18,2.52
1953-08-19,2.52
1953-08-20,2.52
1953-08-21,2.52
1953-08-24,2.52
1953-08-25,2.52
1953-08-26,2.52
1953-08-27,2.52
1953-08-28,2.52
1953-08-31,2.52
1953-09-01,2.52
1953-09-02,2.52
1953-09-03,2.52
1953-09-04,2.52
1953-09-08,2.52
1953-09-09,2.52
1953-09-10,2.52
1953-09-11,2.52
1953-09-14,2.52
1953-09-15,2.52
1953-09-16,2.52
1953-09-17,2.52
1953-09-18,2.52
1953-09-21,2.52
1953-09-22,2.52
1953-09-23,2.52
1953-09-24,2.52
1953-09-25,2.52
1953-09-28,2.52
1953-09-29,2.52
1953-09-30,2.52
1953-10-01,2.52
1953-10-02,2.52
1953-10-05,2.52
1953-10-06,2.52
1953-10-07,2.52
1953-10-08,2.52
1953-10-09,2.52
1953-10-13,2.52
1953-10-14,2.52
1953-10-15,2.52
1953-10-16,2.52
1953-10-19,2.52
1953-10-20,2.52
1953-10-21,2.52
1953-10-22,2.52
1953-10-23,2.52
1953-10-26,2.52
1953-10-27,2.52
1953-10-28,2.52
1953-10-29,2.52
1953-10-30,2.52
1953-11-02,0.0
1953-11-04,0.0
1953-11-05,0.0
1953-11-06,0.0
1953-11-09,0.0
1953-11-10,0.0
1953-11-12,0.0
1953-11-13,0.0
1953-11-16,0.0
1953-11-17,0.0
1953-11-18,0.0
1953-11-19,0.0
1953-11-20,0.0
1953-11-23,0.0
1953-11-24,0.0
1953-11-25,0.0
1953-11-27,0.0
1953-11-30,0.0
1953-12-01,2.52
1953-12-02,2.52
1953-12-03,2.52
1953-12-04,2.52
1953-12-07,2.52
1953-12-08,2.52
1953-12-09,2.52
1953-12-10,2.52
1953-12-11,2.52
1953-12-14,2.52
1953-12-15,2.52
1953-12-16,2.52
1953-12-17,2.52
1953-12-18,2.52
1953-12-21,2.52
1953-12-22,2.52
1953-12-23,2.52
1953-12-24,2.52
1953-12-28,2.52
1953-12-29,2.52
1953-12-30,2.52
1953-12-31,2.52
1954-01-04,1.33
1954-01-05,1.28
1954-01-06,1.28
1954-01-07,1.31
1954-01-08,1.31
1954-01-11,1.33
1954-01-12,1.3
1954-01-13,1.3
1954-01-14,1.28
1954-01-15,1.2
1954-01-18,1.2
1954-01-19,1.18
1954-01-20,1.16
1954-01-21,1.08
1954-01-22,1.0
1954-01-25,1.0
1954-01-26,1.0
1954-01-27,1.08
1954-01-28,0.96
1954-01-29,1.02
1954-02-01,1.04
1954-02-02,1.0
1954-02-03,1.02
1954-02-04,1.01
1954-02-05,0.9
1954-02-08,0.89
1954-02-09,0.88
1954-02-10,0.93
1954-02-11,0.94
1954-02-12,0.96
1954-02-15,0.98
1954-02-16,0.98
1954-02-17,1.02
1954-02-18,0.97
1954-02-19,0.96
1954-02-23,0.95
1954-02-24,0.97
1954-02-25,1.0
1954-02-26,1.0
1954-03-01,1.03
1954-03-02,1.03
1954-03-03,1.05
1954-03-04,1.03
1954-03-05,1.02
1954-03-08,1.03
1954-03-09,1.03
1954-03-10,1.06
1954-03-11,1.05
1954-03-12,1.04
1954-03-15,1.04
1954-03-16,1.02
1954-03-17,1.01
1954-03-18,1.01
1954-03-19,1.0
1954-03-22,1.0
1954-03-23,1.0
1954-03-24,1.05
1954-03-25,1.07
1954-03-26,1.05
1954-03-29,1.05
1954-03-30,1.04
1954-03-31,1.03
1954-04-01,1.02
1954-04-02,1.0
1954-04-05,0.98
1954-04-06,0.97
1954-04-07,1.0
1954-04-08,1.0
1954-04-09,1.03
1954-04-12,1.04
1954-04-13,1.06
1954-04-14,1.04
1954-04-15,1.03
1954-04-19,1.02
1954-04-20,1.0
1954-04-21,1.0
1954-04-22,0.98
1954-04-23,0.94
1954-04-26,0.85
1954-04-27,0.83
1954-04-28,0.82
1954-04-29,0.81
1954-04-30,0.81
1954-05-03,0.77
1954-05-04,0.72
1954-05-05,0.72
1954-05-06,0.75
1954-05-07,0.79
1954-05-10,0.8
1954-05-11,0.78
1954-05-12,0.82
1954-05-13,0.82
1954-05-14,0.8
1954-05-17,0.8
1954-05-18,0.81
1954-05-19,0.79
1954-05-20,0.78
1954-05-21,0.76
1954-05-24,0.73
1954-05-25,0.7
1954-05-26,0.7
1954-05-27,0.7
1954-05-28,0.72
1954-06-01,0.71
1954-06-02,0.71
1954-06-03,0.68
1954-06-04,0.66
1954-06-07,0.61
1954-06-08,0.61
1954-06-09,0.62
1954-06-10,0.61
1954-06-11,0.62
1954-06-14,0.64
1954-06-15,0.63
1954-06-16,0.63
1954-06-17,0.61
1954-06-18,0.63
1954-06-21,0.63
1954-06-22,0.61
1954-06-23,0.62
1954-06-24,0.62
1954-06-25,0.64
1954-06-28,0.64
1954-06-29,0.64
1954-06-30,0.64
1954-07-01,0.65
1954-07-02,0.66
1954-07-06,0.66
1954-07-07,0.65
1954-07-08,0.65
1954-07-09,0.67
1954-07-12,0.69
1954-07-13,0.7
1954-07-14,0.73
1954-07-15,0.75
1954-07-16,0.73
1954-07-19,0.73
1954-07-20,0.72
1954-07-21,0.74
1954-07-22,0.75
1954-07-23,0.77
1954-07-26,0.78
1954-07-27,0.77
1954-07-28,0.79
1954-07-29,0.79
1954-07-30,0.79
1954-08-02,0.78
1954-08-03,0.77
1954-08-04,0.79
1954-08-05,0.8
1954-08-06,0.83
1954-08-09,0.9
1954-08-10,0.88
1954-08-11,0.93
1954-08-12,0.93
1954-08-13,0.93
1954-08-16,0.91
1954-08-17,0.91
1954-08-18,0.92
1954-08-19,0.93
1954-08-20,0.94
1954-08-23,1.0
1954-08-24,1.0
1954-08-25,0.98
1954-08-26,0.99
1954-08-27,1.0
1954-08-30,1.04
1954-08-31,1.05
1954-09-01,1.03
1954-09-02,1.02
1954-09-03,1.02
1954-09-07,1.03
1954-09-08,1.02
1954-09-09,1.02
1954-09-10,1.02
1954-09-13,1.03
1954-09-14,1.04
1954-09-15,1.02
1954-09-16,1.0
1954-09-17,1.0
1954-09-20,0.98
1954-09-21,0.98
1954-09-22,0.99
1954-09-23,0.99
1954-09-24,0.99
1954-09-27,1.0
1954-09-28,0.99
1954-09-29,1.0
1954-09-30,0.99
1954-10-01,0.97
1954-10-04,0.96
1954-10-05,0.94
1954-10-06,0.94
1954-10-07,0.94
1954-10-08,0.94
1954-10-11,0.96
1954-10-12,0.97
1954-10-13,0.98
1954-10-14,0.99
1954-10-15,1.0
1954-10-18,1.0
1954-10-19,0.99
1954-10-20,1.01
1954-10-21,1.0
1954-10-22,1.0
1954-10-25,1.0
1954-10-26,1.0
1954-10-27,1.01
1954-10-28,1.01
1954-10-29,1.0
1954-11-01,1.0
1954-11-03,1.01
1954-11-04,1.01
1954-11-05,0.97
1954-11-08,0.94
1954-11-09,0.87
1954-11-10,0.88
1954-11-11,0.89
1954-11-12,0.9
1954-11-15,0.9
1954-11-16,0.89
1954-11-17,0.9
1954-11-18,0.88
1954-11-19,0.87
1954-11-22,0.87
1954-11-23,0.89
1954-11-24,0.93
1954-11-26,0.97
1954-11-29,1.0
1954-11-30,1.01
1954-12-01,1.03
1954-12-02,1.03
1954-12-03,1.03
1954-12-06,1.05
1954-12-07,1.06
1954-12-08,1.1
1954-12-09,1.11
1954-12-10,1.14
1954-12-13,1.26
1954-12-14,1.28
1954-12-15,1.23
1954-12-16,1.24
1954-12-17,1.25
1954-12-20,1.29
1954-12-21,1.26
1954-12-22,1.22
1954-12-23,1.2
1954-12-27,1.15
1954-12-28,1.12
1954-12-29,1.08
1954-12-30,1.03
1954-12-31,1.02
1955-01-03,1.07
1955-01-04,1.07
1955-01-05,1.08
1955-01-06,1.1
1955-01-07,1.11
1955-01-10,1.2
1955-01-11,1.23
1955-01-12,1.28
1955-01-13,1.35
1955-01-14,1.36
1955-01-17,1.36
1955-01-18,1.33
1955-01-19,1.3050000000000002
1955-01-20,1.28
1955-01-21,1.29
1955-01-24,1.31
1955-01-25,1.3
1955-01-26,1.26
1955-01-27,1.2
1955-01-28,1.14
1955-01-31,1.12
1955-02-01,1.1
1955-02-02,1.12
1955-02-03,1.13
1955-02-04,1.08
1955-02-07,1.04
1955-02-08,1.03
1955-02-09,1.07
1955-02-10,1.07
1955-02-11,1.06
1955-02-14,1.1
1955-02-15,1.1
1955-02-16,1.17
1955-02-17,1.2
1955-02-18,1.23
1955-02-21,1.3
1955-02-23,1.35
1955-02-24,1.37
1955-02-25,1.37
1955-02-28,1.37
1955-03-01,1.36
1955-03-02,1.33
1955-03-03,1.24
1955-03-04,1.17
1955-03-07,1.2
1955-03-08,1.19
1955-03-09,1.25
1955-03-10,1.27
1955-03-11,1.24
1955-03-14,1.25
1955-03-15,1.23
1955-03-16,1.26
1955-03-17,1.28
1955-03-18,1.3
1955-03-21,1.32
1955-03-22,1.27
1955-03-23,1.31
1955-03-24,1.31
1955-03-25,1.29
1955-03-28,1.32
1955-03-29,1.33
1955-03-30,1.4
1955-03-31,1.41
1955-04-01,1.4
1955-04-04,1.43
1955-04-05,1.46
1955-04-06,1.52
1955-04-07,1.55
1955-04-11,1.63
1955-04-12,1.62
1955-04-13,1.65
1955-04-14,1.62
1955-04-15,1.62
1955-04-18,1.64
1955-04-19,1.64
1955-04-20,1.65
1955-04-21,1.65
1955-04-22,1.65
1955-04-25,1.66
1955-04-26,1.62
1955-04-27,1.62
1955-04-28,1.63
1955-04-29,1.59
1955-05-02,1.61
1955-05-03,1.59
1955-05-04,1.54
1955-05-05,1.49
1955-05-06,1.51
1955-05-09,1.44
1955-05-10,1.39
1955-05-11,1.42
1955-05-12,1.44
1955-05-13,1.43
1955-05-16,1.41
1955-05-17,1.39
1955-05-18,1.41
1955-05-19,1.44
1955-05-20,1.42
1955-05-23,1.43
1955-05-24,1.44
1955-05-25,1.47
1955-05-26,1.43
1955-05-27,1.41
1955-05-31,1.39
1955-06-01,1.4
1955-06-02,1.36
1955-06-03,1.32
1955-06-06,1.35
1955-06-07,1.36
1955-06-08,1.43
1955-06-09,1.44
1955-06-10,1.47
1955-06-13,1.47
1955-06-14,1.44
1955-06-15,1.49
1955-06-16,1.5
1955-06-17,1.45
1955-06-20,1.41
1955-06-21,1.36
1955-06-22,1.37
1955-06-23,1.37
1955-06-24,1.33
1955-06-27,1.37
1955-06-28,1.4
1955-06-29,1.45
1955-06-30,1.47
1955-07-01,1.46
1955-07-05,1.48
1955-07-06,1.53
1955-07-07,1.52
1955-07-08,1.51
1955-07-11,1.55
1955-07-12,1.55
1955-07-13,1.6
1955-07-14,1.57
1955-07-15,1.57
1955-07-18,1.55
1955-07-19,1.55
1955-07-20,1.64
1955-07-21,1.66
1955-07-22,1.66
1955-07-25,1.68
1955-07-26,1.68
1955-07-27,1.72
1955-07-28,1.73
1955-07-29,1.75
1955-08-01,1.83
1955-08-02,1.86
1955-08-03,1.9
1955-08-04,1.91
1955-08-05,1.89
1955-08-08,1.88
1955-08-09,1.88
1955-08-10,1.89
1955-08-11,1.87
1955-08-12,1.84
1955-08-15,1.86
1955-08-16,1.86
1955-08-17,1.88
1955-08-18,1.82
1955-08-19,1.8
1955-08-22,1.84
1955-08-23,1.86
1955-08-24,1.92
1955-08-25,1.93
1955-08-26,1.95
1955-08-29,2.04
1955-08-30,2.07
1955-08-31,2.09
1955-09-01,2.1
1955-09-02,2.09
1955-09-06,2.09
1955-09-07,2.11
1955-09-08,2.1
1955-09-09,2.11
1955-09-12,2.09
1955-09-13,2.08
1955-09-14,2.06
1955-09-15,2.04
1955-09-16,2.02
1955-09-19,1.98
1955-09-20,1.96
1955-09-21,1.98
1955-09-22,2.01
1955-09-23,2.04
1955-09-26,2.08
1955-09-27,2.08
1955-09-28,2.12
1955-09-29,2.12
1955-09-30,2.15
1955-10-03,2.18
1955-10-04,2.2
1955-10-05,2.23
1955-10-06,2.22
1955-10-07,2.22
1955-10-10,2.23
1955-10-11,2.24
1955-10-12,2.255
1955-10-13,2.27
1955-10-14,2.3
1955-10-17,2.29
1955-10-18,2.27
1955-10-19,2.27
1955-10-20,2.23
1955-10-21,2.21
1955-10-24,2.21
1955-10-25,2.2
1955-10-26,2.23
1955-10-27,2.22
1955-10-28,2.19
1955-10-31,2.15
1955-11-01,2.1
1955-11-02,2.06
1955-11-03,2.01
1955-11-04,1.96
1955-11-07,2.0
1955-11-09,2.08
1955-11-10,2.12
1955-11-11,2.16
1955-11-14,2.2
1955-11-15,2.3
1955-11-16,2.34
1955-11-17,2.27
1955-11-18,2.35
1955-11-21,2.4
1955-11-22,2.38
1955-11-23,2.44
1955-11-25,2.42
1955-11-28,2.42
1955-11-29,2.42
1955-11-30,2.44
1955-12-01,2.42
1955-12-02,2.36
1955-12-05,2.4
1955-12-06,2.45
1955-12-07,2.51
1955-12-08,2.5
1955-12-09,2.52
1955-12-12,2.52
1955-12-13,2.52
1955-12-14,2.57
1955-12-15,2.56
1955-12-16,2.55
1955-12-19,2.58
1955-12-20,2.6
1955-12-21,2.65
1955-12-22,2.66
1955-12-23,2.67
1955-12-27,2.65
1955-12-28,2.63
1955-12-29,2.54
1955-12-30,2.5
1956-01-03,2.5
1956-01-04,2.5
1956-01-05,2.52
1956-01-06,2.52
1956-01-09,2.58
1956-01-10,2.51
1956-01-11,2.55
1956-01-12,2.53
1956-01-13,2.5
1956-01-16,2.46
1956-01-17,2.42
1956-01-18,2.41
1956-01-19,2.35
1956-01-20,2.3
1956-01-23,2.26
1956-01-24,2.26
1956-01-25,2.28
1956-01-26,2.28
1956-01-27,2.3
1956-01-30,2.34
1956-01-31,2.32
1956-02-01,2.3
1956-02-02,2.25
1956-02-03,2.26
1956-02-06,2.22
1956-02-07,2.2
1956-02-08,2.25
1956-02-09,2.28
1956-02-10,2.33
1956-02-13,2.33
1956-02-14,2.32
1956-02-15,2.37
1956-02-16,2.38
1956-02-17,2.37
1956-02-20,2.36
1956-02-21,2.41
1956-02-23,2.42
1956-02-24,2.41
1956-02-27,2.36
1956-02-28,2.28
1956-02-29,2.3
1956-03-01,2.18
1956-03-02,2.06
1956-03-05,2.15
1956-03-06,2.18
1956-03-07,2.29
1956-03-08,2.29
1956-03-09,2.28
1956-03-12,2.32
1956-03-13,2.33
1956-03-14,2.4
1956-03-15,2.37
1956-03-16,2.38
1956-03-19,2.37
1956-03-20,2.27
1956-03-21,2.25
1956-03-22,2.22
1956-03-23,2.17
1956-03-26,2.13
1956-03-27,2.12
1956-03-28,2.2
1956-03-29,2.3
1956-04-02,2.35
1956-04-03,2.36
1956-04-04,2.43
1956-04-05,2.38
1956-04-06,2.38
1956-04-09,2.46
1956-04-10,2.48
1956-04-11,2.57
1956-04-12,2.56
1956-04-13,2.68
1956-04-16,2.75
1956-04-17,2.7
1956-04-18,2.75
1956-04-19,2.75
1956-04-20,2.75
1956-04-23,2.73
1956-04-24,2.7
1956-04-25,2.73
1956-04-26,2.7
1956-04-27,2.68
1956-04-30,2.69
1956-05-01,2.65
1956-05-02,2.62
1956-05-03,2.56
1956-05-04,2.54
1956-05-07,2.49
1956-05-08,2.51
1956-05-09,2.56
1956-05-10,2.6
1956-05-11,2.61
1956-05-14,2.65
1956-05-15,2.65
1956-05-16,2.71
1956-05-17,2.67
1956-05-18,2.65
1956-05-21,2.65
1956-05-22,2.65
1956-05-23,2.68
1956-05-24,2.65
1956-05-25,2.61
1956-05-28,2.54
1956-05-29,2.53
1956-05-31,2.57
1956-06-01,2.55
1956-06-04,2.52
1956-06-05,2.5
1956-06-06,2.54
1956-06-07,2.54
1956-06-08,2.54
1956-06-11,2.55
1956-06-12,2.51
1956-06-13,2.52
1956-06-14,2.5
1956-06-15,2.49
1956-06-18,2.43
1956-06-19,2.38
1956-06-20,2.42
1956-06-21,2.41
1956-06-22,2.43
1956-06-25,2.49
1956-06-26,2.52
1956-06-27,2.54
1956-06-28,2.44
1956-06-29,2.42
1956-07-02,2.38
1956-07-03,2.34
1956-07-05,2.29
1956-07-06,2.33
1956-07-09,2.34
1956-07-10,2.3
1956-07-11,2.37
1956-07-12,2.36
1956-07-13,2.3
1956-07-16,2.24
1956-07-17,2.24
1956-07-18,2.29
1956-07-19,2.29
1956-07-20,2.26
1956-07-23,2.28
1956-07-24,2.29
1956-07-25,2.37
1956-07-26,2.34
1956-07-27,2.31
1956-07-30,2.33
1956-07-31,2.3
1956-08-01,2.31
1956-08-02,2.27
1956-08-03,2.24
1956-08-06,2.33
1956-08-07,2.36
1956-08-08,2.43
1956-08-09,2.41
1956-08-10,2.48
1956-08-13,2.56
1956-08-14,2.59
1956-08-15,2.65
1956-08-16,2.69
1956-08-17,2.7
1956-08-20,2.78
1956-08-21,2.8
1956-08-22,2.86
1956-08-23,2.84
1956-08-24,2.8
1956-08-27,2.77
1956-08-28,2.7
1956-08-29,2.73
1956-08-30,2.74
1956-08-31,2.66
1956-09-04,2.64
1956-09-05,2.7
1956-09-06,2.7
1956-09-07,2.7
1956-09-10,2.73
1956-09-11,2.75
1956-09-12,2.82
1956-09-13,2.82
1956-09-14,2.82
1956-09-17,2.87
1956-09-18,2.86
1956-09-19,2.95
1956-09-20,2.93
1956-09-21,2.92
1956-09-24,2.93
1956-09-25,2.93
1956-09-26,2.97
1956-09-27,2.96
1956-09-28,2.91
1956-10-01,2.85
1956-10-02,2.84
1956-10-03,2.88
1956-10-04,2.88
1956-10-05,2.92
1956-10-08,2.96
1956-10-09,2.95
1956-10-10,3.01
1956-10-11,2.93
1956-10-12,2.93
1956-10-15,2.93
1956-10-16,2.89
1956-10-17,2.97
1956-10-18,2.97
1956-10-19,2.93
1956-10-22,2.88
1956-10-23,2.86
1956-10-24,2.85
1956-10-25,2.86
1956-10-26,2.86
1956-10-29,2.86
1956-10-30,2.82
1956-10-31,2.86
1956-11-01,2.85
1956-11-02,2.86
1956-11-05,2.87
1956-11-07,2.9
1956-11-08,2.94
1956-11-09,2.94
1956-11-12,2.94
1956-11-13,2.94
1956-11-14,3.0
1956-11-15,3.01
1956-11-16,3.0
1956-11-19,3.0
1956-11-20,3.01
1956-11-21,3.07
1956-11-23,3.1
1956-11-26,3.16
1956-11-27,3.12
1956-11-28,3.03
1956-11-29,3.03
1956-11-30,3.04
1956-12-03,3.06
1956-12-04,3.07
1956-12-05,3.14
1956-12-06,3.14
1956-12-07,3.19
1956-12-10,3.22
1956-12-11,3.22
1956-12-12,3.25
1956-12-13,3.24
1956-12-14,3.25
1956-12-17,3.29
1956-12-18,3.26
1956-12-19,3.32
1956-12-20,3.27
1956-12-21,3.19
1956-12-26,3.22
1956-12-27,3.23
1956-12-28,3.22
1956-12-31,3.22
1957-01-02,3.17
1957-01-03,3.1
1957-01-04,3.07
1957-01-07,3.1
1957-01-08,3.05
1957-01-09,3.12
1957-01-10,3.06
1957-01-11,3.06
1957-01-14,3.14
1957-01-15,3.1
1957-01-16,3.12
1957-01-17,3.06
1957-01-18,3.02
1957-01-21,3.02
1957-01-22,3.02
1957-01-23,3.11
1957-01-24,3.16
1957-01-25,3.17
1957-01-28,3.23
1957-01-29,3.18
1957-01-30,3.17
1957-01-31,3.12
1957-02-01,3.08
1957-02-04,3.09
1957-02-05,3.05
1957-02-06,3.08
1957-02-07,3.03
1957-02-08,3.0
1957-02-11,3.0
1957-02-12,3.0
1957-02-13,2.98
1957-02-14,3.0
1957-02-15,3.04
1957-02-18,3.1
1957-02-19,3.1
1957-02-20,3.19
1957-02-21,3.2
1957-02-25,3.22
1957-02-26,3.24
1957-02-27,3.29
1957-02-28,3.28
1957-03-01,3.24
1957-03-04,3.18
1957-03-05,3.15
1957-03-06,3.19
1957-03-07,3.19
1957-03-08,3.2
1957-03-11,3.19
1957-03-12,3.16
1957-03-13,3.17
1957-03-14,3.14
1957-03-15,3.1
1957-03-18,3.02
1957-03-19,3.02
1957-03-20,3.0
1957-03-21,2.97
1957-03-22,2.97
1957-03-25,2.98
1957-03-26,2.94
1957-03-27,2.99
1957-03-28,2.96
1957-03-29,2.96
1957-04-01,2.96
1957-04-02,2.97
1957-04-03,3.06
1957-04-04,3.08
1957-04-05,3.08
1957-04-08,3.1
1957-04-09,3.09
1957-04-10,3.14
1957-04-11,3.16
1957-04-12,3.16
1957-04-15,3.14
1957-04-16,3.11
1957-04-17,3.12
1957-04-18,3.08
1957-04-22,3.04
1957-04-23,3.02
1957-04-24,3.02
1957-04-25,3.02
1957-04-26,3.02
1957-04-29,3.0
1957-04-30,3.01
1957-05-01,3.03
1957-05-02,3.0
1957-05-03,2.95
1957-05-06,2.92
1957-05-07,2.92
1957-05-08,2.97
1957-05-09,2.94
1957-05-10,2.92
1957-05-13,2.9
1957-05-14,2.92
1957-05-15,2.99
1957-05-16,3.02
1957-05-17,3.07
1957-05-20,3.08
1957-05-21,3.09
1957-05-22,3.14
1957-05-23,3.16
1957-05-24,3.21
1957-05-27,3.22
1957-05-28,3.23
1957-05-29,3.29
1957-05-31,3.31
1957-06-03,3.32
1957-06-04,3.32
1957-06-05,3.34
1957-06-06,3.29
1957-06-07,3.24
1957-06-10,3.24
1957-06-11,3.24
1957-06-12,3.27
1957-06-13,3.3
1957-06-14,3.32
1957-06-17,3.36
1957-06-18,3.36
1957-06-19,3.37
1957-06-20,3.38
1957-06-21,3.32
1957-06-24,3.22
1957-06-25,3.2
1957-06-26,3.23
1957-06-27,3.27
1957-06-28,3.22
1957-07-01,3.18
1957-07-02,3.14
1957-07-03,3.23
1957-07-05,3.21
1957-07-08,3.12
1957-07-09,3.1
1957-07-10,3.18
1957-07-11,3.15
1957-07-12,3.11
1957-07-15,3.06
1957-07-16,3.06
1957-07-17,3.06
1957-07-18,3.02
1957-07-19,3.0
1957-07-22,3.08
1957-07-23,3.12
1957-07-24,3.22
1957-07-25,3.24
1957-07-26,3.26
1957-07-29,3.3
1957-07-30,3.33
1957-07-31,3.38
1957-08-01,3.37
1957-08-02,3.3
1957-08-05,3.26
1957-08-06,3.24
1957-08-07,3.3
1957-08-08,3.31
1957-08-09,3.36
1957-08-12,3.4
1957-08-13,3.4
1957-08-14,3.47
1957-08-15,3.4
1957-08-16,3.34
1957-08-19,3.28
1957-08-20,3.26
1957-08-21,3.34
1957-08-22,3.33
1957-08-23,3.37
1957-08-26,3.42
1957-08-27,3.42
1957-08-28,3.51
1957-08-29,3.51
1957-08-30,3.5
1957-09-03,3.53
1957-09-04,3.56
1957-09-05,3.55
1957-09-06,3.54
1957-09-09,3.52
1957-09-10,3.51
1957-09-11,3.56
1957-09-12,3.57
1957-09-13,3.57
1957-09-16,3.58
1957-09-17,3.57
1957-09-18,3.59
1957-09-19,3.6
1957-09-20,3.54
1957-09-23,3.5
1957-09-24,3.45
1957-09-25,3.5
1957-09-26,3.49
1957-09-27,3.45
1957-09-30,3.46
1957-10-01,3.44
1957-10-02,3.54
1957-10-03,3.53
1957-10-04,3.5
1957-10-07,3.49
1957-10-08,3.52
1957-10-09,3.56
1957-10-10,3.56
1957-10-11,3.57
1957-10-14,3.62
1957-10-15,3.65
1957-10-16,3.67
1957-10-17,3.67
1957-10-18,3.6
1957-10-21,3.58
1957-10-22,3.58
1957-10-23,3.61
1957-10-24,3.58
1957-10-25,3.6
1957-10-28,3.6
1957-10-29,3.58
1957-10-30,3.6
1957-10-31,3.6
1957-11-01,3.59
1957-11-04,3.54
1957-11-06,3.52
1957-11-07,3.5
1957-11-08,3.46
1957-11-11,3.455
1957-11-12,3.45
1957-11-13,3.45
1957-11-14,3.44
1957-11-15,3.16
1957-11-18,3.12
1957-11-19,3.1
1957-11-20,3.12
1957-11-21,3.13
1957-11-22,3.13
1957-11-25,3.14
1957-11-26,3.14
1957-11-27,3.15
1957-11-29,3.14
1957-12-02,3.09
1957-12-03,3.05
1957-12-04,3.07
1957-12-05,3.07
1957-12-06,3.06
1957-12-09,2.99
1957-12-10,2.97
1957-12-11,3.0
1957-12-12,3.05
1957-12-13,3.06
1957-12-16,3.1
1957-12-17,3.08
1957-12-18,3.11
1957-12-19,3.15
1957-12-20,3.15
1957-12-23,3.16
1957-12-24,3.11
1957-12-26,3.1
1957-12-27,3.04
1957-12-30,2.75
1957-12-31,2.75
1958-01-02,2.78
1958-01-03,2.8
1958-01-06,2.82
1958-01-07,2.79
1958-01-08,2.78
1958-01-09,2.73
1958-01-10,2.65
1958-01-13,2.59
1958-01-14,2.56
1958-01-15,2.59
1958-01-16,2.56
1958-01-17,2.56
1958-01-20,2.51
1958-01-21,2.42
1958-01-22,2.39
1958-01-23,2.28
1958-01-24,2.26
1958-01-27,2.19
1958-01-28,2.11
1958-01-29,2.02
1958-01-30,1.75
1958-01-31,1.55
1958-02-03,1.6
1958-02-04,1.62
1958-02-05,1.67
1958-02-06,1.68
1958-02-07,1.67
1958-02-10,1.66
1958-02-11,1.66
1958-02-12,1.69
1958-02-13,1.72
1958-02-14,1.72
1958-02-17,1.69
1958-02-18,1.6949999999999998
1958-02-19,1.7
1958-02-20,1.62
1958-02-21,1.42
1958-02-24,1.2
1958-02-25,1.2
1958-02-26,1.21
1958-02-27,1.22
1958-02-28,1.27
1958-03-03,1.3
1958-03-04,1.4
1958-03-05,1.41
1958-03-06,1.42
1958-03-07,1.43
1958-03-10,1.48
1958-03-11,1.42
1958-03-12,1.36
1958-03-13,1.34
1958-03-14,1.34
1958-03-17,1.32
1958-03-18,1.35
1958-03-19,1.34
1958-03-20,1.35
1958-03-21,1.31
1958-03-24,1.16
1958-03-25,1.12
1958-03-26,1.13
1958-03-27,1.06
1958-03-28,1.06
1958-03-31,1.1
1958-04-01,1.1
1958-04-02,1.12
1958-04-03,1.02
1958-04-07,1.04
1958-04-08,1.09
1958-04-09,1.12
1958-04-10,1.12
1958-04-11,1.15
1958-04-14,1.18
1958-04-15,1.14
1958-04-16,1.14
1958-04-17,1.14
1958-04-18,1.04
1958-04-21,1.04
1958-04-22,1.05
1958-04-23,1.09
1958-04-24,1.2
1958-04-25,1.25
1958-04-28,1.33
1958-04-29,1.2
1958-04-30,1.2
1958-05-01,1.22
1958-05-02,1.2
1958-05-05,1.16
1958-05-06,1.1
1958-05-07,1.13
1958-05-08,1.1
1958-05-09,1.06
1958-05-12,1.06
1958-05-13,1.05
1958-05-14,1.04
1958-05-15,0.99
1958-05-16,0.94
1958-05-19,0.85
1958-05-20,0.8
1958-05-21,0.73
1958-05-22,0.7
1958-05-23,0.64
1958-05-26,0.6
1958-05-27,0.55
1958-05-28,0.6
1958-05-29,0.58
1958-06-02,0.67
1958-06-03,0.68
1958-06-04,0.74
1958-06-05,0.74
1958-06-06,0.74
1958-06-09,0.78
1958-06-10,0.8
1958-06-11,0.85
1958-06-12,0.85
1958-06-13,0.86
1958-06-16,0.89
1958-06-17,0.86
1958-06-18,0.92
1958-06-19,0.96
1958-06-20,0.95
1958-06-23,0.98
1958-06-24,0.96
1958-06-25,0.92
1958-06-26,0.85
1958-06-27,0.77
1958-06-30,0.75
1958-07-01,0.78
1958-07-02,0.82
1958-07-03,0.8
1958-07-07,0.92
1958-07-08,0.95
1958-07-09,0.94
1958-07-10,0.95
1958-07-11,0.98
1958-07-14,1.06
1958-07-15,0.98
1958-07-16,0.9
1958-07-17,0.85
1958-07-18,0.91
1958-07-21,0.93
1958-07-22,0.88
1958-07-23,0.88
1958-07-24,0.88
1958-07-25,0.82
1958-07-28,0.92
1958-07-29,0.92
1958-07-30,0.96
1958-07-31,0.91
1958-08-01,0.97
1958-08-04,1.1
1958-08-05,1.1
1958-08-06,1.15
1958-08-07,1.32
1958-08-08,1.32
1958-08-11,1.48
1958-08-12,1.47
1958-08-13,1.59
1958-08-14,1.61
1958-08-15,1.75
1958-08-18,1.84
1958-08-19,1.82
1958-08-20,1.9
1958-08-21,1.99
1958-08-22,1.99
1958-08-25,2.12
1958-08-26,2.14
1958-08-27,2.26
1958-08-28,2.3
1958-08-29,2.33
1958-09-02,2.3
1958-09-03,2.39
1958-09-04,2.33
1958-09-05,2.26
1958-09-08,2.28
1958-09-09,2.28
1958-09-10,2.43
1958-09-11,2.41
1958-09-12,2.44
1958-09-15,2.54
1958-09-16,2.54
1958-09-17,2.52
1958-09-18,2.33
1958-09-19,2.33
1958-09-22,2.38
1958-09-23,2.36
1958-09-24,2.5
1958-09-25,2.52
1958-09-26,2.62
1958-09-29,2.82
1958-09-30,2.7
1958-10-01,2.86
1958-10-02,2.62
1958-10-03,2.48
1958-10-06,2.54
1958-10-07,2.54
1958-10-08,2.67
1958-10-09,2.74
1958-10-10,2.7
1958-10-13,2.68
1958-10-14,2.66
1958-10-15,2.69
1958-10-16,2.69
1958-10-17,2.65
1958-10-20,2.64
1958-10-21,2.6
1958-10-22,2.8
1958-10-23,2.75
1958-10-24,2.66
1958-10-27,2.48
1958-10-28,2.46
1958-10-29,2.6
1958-10-30,2.57
1958-10-31,2.55
1958-11-03,2.55
1958-11-05,2.51
1958-11-06,2.45
1958-11-07,2.46
1958-11-10,2.62
1958-11-11,2.655
1958-11-12,2.69
1958-11-13,2.74
1958-11-14,2.78
1958-11-17,2.77
1958-11-18,2.72
1958-11-19,2.79
1958-11-20,2.69
1958-11-21,2.66
1958-11-24,2.64
1958-11-25,2.7
1958-11-26,2.78
1958-11-28,2.78
1958-12-01,2.75
1958-12-02,2.78
1958-12-03,2.82
1958-12-04,2.82
1958-12-05,2.78
1958-12-08,2.77
1958-12-09,2.82
1958-12-10,2.84
1958-12-11,2.84
1958-12-12,2.84
1958-12-15,2.83
1958-12-16,2.83
1958-12-17,2.87
1958-12-18,2.83
1958-12-19,2.76
1958-12-22,2.7
1958-12-23,2.7
1958-12-24,2.71
1958-12-29,2.67
1958-12-30,2.67
1958-12-31,2.68
1959-01-02,2.67
1959-01-05,2.66
1959-01-06,2.68
1959-01-07,2.77
1959-01-08,2.76
1959-01-09,2.71
1959-01-12,2.76
1959-01-13,2.79
1959-01-14,2.92
1959-01-15,2.94
1959-01-16,2.91
1959-01-19,3.01
1959-01-20,3.01
1959-01-21,2.93
1959-01-22,2.92
1959-01-23,2.96
1959-01-26,2.94
1959-01-27,2.84
1959-01-28,2.76
1959-01-29,2.69
1959-01-30,2.64
1959-02-02,2.75
1959-02-03,2.8
1959-02-04,2.75
1959-02-05,2.59
1959-02-06,2.6
1959-02-09,2.78
1959-02-10,2.7
1959-02-11,2.7
1959-02-12,2.7
1959-02-13,2.7
1959-02-16,2.66
1959-02-17,2.58
1959-02-18,2.68
1959-02-19,2.64
1959-02-20,2.58
1959-02-24,2.64
1959-02-25,2.82
1959-02-26,2.82
1959-02-27,2.76
1959-03-02,2.77
1959-03-03,2.78
1959-03-04,2.85
1959-03-05,2.82
1959-03-06,2.98
1959-03-09,2.97
1959-03-10,2.84
1959-03-11,2.85
1959-03-12,2.81
1959-03-13,2.8
1959-03-16,2.72
1959-03-17,2.76
1959-03-18,2.8
1959-03-19,2.79
1959-03-20,2.77
1959-03-23,2.74
1959-03-24,2.74
1959-03-25,2.77
1959-03-26,2.77
1959-03-30,2.78
1959-03-31,2.78
1959-04-01,2.87
1959-04-02,2.88
1959-04-03,2.88
1959-04-06,2.92
1959-04-07,2.91
1959-04-08,2.96
1959-04-09,2.98
1959-04-10,3.02
1959-04-13,3.0
1959-04-14,3.02
1959-04-15,3.14
1959-04-16,3.15
1959-04-17,3.12
1959-04-20,3.02
1959-04-21,2.99
1959-04-22,3.0
1959-04-23,2.98
1959-04-24,2.9
1959-04-27,2.78
1959-04-28,2.75
1959-04-29,2.8
1959-04-30,2.85
1959-05-01,2.87
1959-05-04,2.9
1959-05-05,2.86
1959-05-06,2.85
1959-05-07,2.78
1959-05-08,2.77
1959-05-11,2.71
1959-05-12,2.73
1959-05-13,2.82
1959-05-14,2.75
1959-05-15,2.8
1959-05-18,2.83
1959-05-19,2.84
1959-05-20,2.88
1959-05-21,2.85
1959-05-22,2.85
1959-05-25,2.85
1959-05-26,2.86
1959-05-27,2.89
1959-05-28,2.91
1959-05-29,3.08
1959-06-01,3.09
1959-06-02,3.12
1959-06-03,3.18
1959-06-04,3.2
1959-06-05,3.18
1959-06-08,3.23
1959-06-09,3.25
1959-06-10,3.3
1959-06-11,3.28
1959-06-12,3.28
1959-06-15,3.23
1959-06-16,3.22
1959-06-17,3.26
1959-06-18,3.22
1959-06-19,3.25
1959-06-22,3.22
1959-06-23,3.21
1959-06-24,3.27
1959-06-25,3.27
1959-06-26,3.12
1959-06-29,3.1
1959-06-30,3.14
1959-07-01,3.2
1959-07-02,3.19
1959-07-06,3.2
1959-07-07,3.22
1959-07-08,3.33
1959-07-09,3.32
1959-07-10,3.31
1959-07-13,3.34
1959-07-14,3.38
1959-07-15,3.39
1959-07-16,3.38
1959-07-17,3.34
1959-07-20,3.32
1959-07-21,3.24
1959-07-22,3.14
1959-07-23,3.04
1959-07-24,3.0
1959-07-27,3.02
1959-07-28,2.98
1959-07-29,3.03
1959-07-30,3.01
1959-07-31,3.0
1959-08-03,2.99
1959-08-04,2.97
1959-08-05,3.01
1959-08-06,3.03
1959-08-07,3.01
1959-08-10,3.04
1959-08-11,3.08
1959-08-12,3.24
1959-08-13,3.24
1959-08-14,3.26
1959-08-17,3.36
1959-08-18,3.44
1959-08-19,3.52
1959-08-20,3.54
1959-08-21,3.66
1959-08-24,3.78
1959-08-25,3.75
1959-08-26,3.77
1959-08-27,3.65
1959-08-28,3.7
1959-08-31,3.88
1959-09-01,3.92
1959-09-02,4.01
1959-09-03,3.99
1959-09-04,3.93
1959-09-08,4.0
1959-09-09,4.02
1959-09-10,4.02
1959-09-11,4.02
1959-09-14,4.15
1959-09-15,4.18
1959-09-16,4.17
1959-09-17,4.18
1959-09-18,3.98
1959-09-21,3.89
1959-09-22,3.94
1959-09-23,4.03
1959-09-24,4.0
1959-09-25,4.03
1959-09-28,4.2
1959-09-29,4.16
1959-09-30,4.1
1959-10-01,4.08
1959-10-02,3.94
1959-10-05,3.9
1959-10-06,3.9
1959-10-07,4.06
1959-10-08,4.06
1959-10-09,4.17
1959-10-12,4.205
1959-10-13,4.24
1959-10-14,4.3
1959-10-15,4.25
1959-10-16,4.18
1959-10-19,4.06
1959-10-20,4.0
1959-10-21,3.97
1959-10-22,3.99
1959-10-23,3.92
1959-10-26,3.99
1959-10-27,3.99
1959-10-28,4.02
1959-10-29,4.01
1959-10-30,4.0
1959-11-02,4.14
1959-11-04,4.06
1959-11-05,4.0
1959-11-06,3.93
1959-11-09,4.04
1959-11-10,4.0
1959-11-11,4.025
1959-11-12,4.05
1959-11-13,4.05
1959-11-16,4.26
1959-11-17,4.18
1959-11-18,4.24
1959-11-19,4.18
1959-11-20,4.13
1959-11-23,4.18
1959-11-24,4.2
1959-11-25,4.28
1959-11-27,4.32
1959-11-30,4.44
1959-12-01,4.44
1959-12-02,4.56
1959-12-03,4.55
1959-12-04,4.53
1959-12-07,4.52
1959-12-08,4.48
1959-12-09,4.46
1959-12-10,4.47
1959-12-11,4.48
1959-12-14,4.45
1959-12-15,4.44
1959-12-16,4.48
1959-12-17,4.55
1959-12-18,4.55
1959-12-21,4.61
1959-12-22,4.6
1959-12-23,4.63
1959-12-24,4.46
1959-12-28,4.44
1959-12-29,4.37
1959-12-30,4.37
1959-12-31,4.4
1960-01-04,4.52
1960-01-05,4.55
1960-01-06,4.68
1960-01-07,4.63
1960-01-08,4.59
1960-01-11,4.54
1960-01-12,4.54
1960-01-13,4.56
1960-01-14,4.51
1960-01-15,4.49
1960-01-18,4.37
1960-01-19,4.31
1960-01-20,4.3
1960-01-21,4.27
1960-01-22,4.12
1960-01-25,4.12
1960-01-26,4.04
1960-01-27,3.99
1960-01-28,3.92
1960-01-29,3.99
1960-02-01,4.0
1960-02-02,3.96
1960-02-03,4.0
1960-02-04,3.95
1960-02-05,3.8
1960-02-08,3.55
1960-02-09,3.58
1960-02-10,3.7
1960-02-11,3.85
1960-02-12,3.905
1960-02-15,3.96
1960-02-16,4.04
1960-02-17,4.07
1960-02-18,4.04
1960-02-19,4.08
1960-02-23,4.06
1960-02-24,4.13
1960-02-25,4.17
1960-02-26,4.19
1960-02-29,4.19
1960-03-01,4.09
1960-03-02,3.98
1960-03-03,3.7
1960-03-04,3.64
1960-03-07,3.54
1960-03-08,3.56
1960-03-09,3.64
1960-03-10,3.66
1960-03-11,3.59
1960-03-14,3.44
1960-03-15,3.46
1960-03-16,3.43
1960-03-17,3.44
1960-03-18,3.3
1960-03-21,3.05
1960-03-22,2.9
1960-03-23,2.77
1960-03-24,2.82
1960-03-25,2.68
1960-03-28,2.78
1960-03-29,2.83
1960-03-30,2.92
1960-03-31,3.02
1960-04-01,2.84
1960-04-04,2.72
1960-04-05,2.8
1960-04-06,2.92
1960-04-07,3.05
1960-04-08,3.3
1960-04-11,3.55
1960-04-12,3.6
1960-04-13,3.57
1960-04-14,3.52
1960-04-18,3.28
1960-04-19,3.34
1960-04-20,3.34
1960-04-21,3.35
1960-04-22,3.37
1960-04-25,3.26
1960-04-26,3.25
1960-04-27,3.25
1960-04-28,3.16
1960-04-29,3.04
1960-05-02,3.03
1960-05-03,3.14
1960-05-04,3.12
1960-05-05,3.09
1960-05-06,3.04
1960-05-09,3.22
1960-05-10,3.25
1960-05-11,3.31
1960-05-12,3.36
1960-05-13,3.44
1960-05-16,3.62
1960-05-17,3.54
1960-05-18,3.67
1960-05-19,3.42
1960-05-20,3.25
1960-05-23,3.42
1960-05-24,3.36
1960-05-25,3.32
1960-05-26,3.26
1960-05-27,3.09
1960-05-31,3.12
1960-06-01,3.06
1960-06-02,2.92
1960-06-03,2.65
1960-06-06,2.62
1960-06-07,2.68
1960-06-08,2.75
1960-06-09,2.63
1960-06-10,2.38
1960-06-13,2.29
1960-06-14,2.29
1960-06-15,2.27
1960-06-16,2.32
1960-06-17,2.37
1960-06-20,2.55
1960-06-21,2.32
1960-06-22,2.36
1960-06-23,2.39
1960-06-24,2.35
1960-06-27,2.31
1960-06-28,2.2
1960-06-29,2.14
1960-06-30,2.19
1960-07-01,2.05
1960-07-05,2.1
1960-07-06,2.25
1960-07-07,2.34
1960-07-08,2.39
1960-07-11,2.49
1960-07-12,2.42
1960-07-13,2.46
1960-07-14,2.37
1960-07-15,2.31
1960-07-18,2.26
1960-07-19,2.28
1960-07-20,2.34
1960-07-21,2.34
1960-07-22,2.35
1960-07-25,2.31
1960-07-26,2.23
1960-07-27,2.23
1960-07-28,2.23
1960-07-29,2.19
1960-08-01,2.1
1960-08-02,2.12
1960-08-03,2.17
1960-08-04,2.15
1960-08-05,2.13
1960-08-08,2.18
1960-08-09,2.16
1960-08-10,2.19
1960-08-11,2.24
1960-08-12,2.15
1960-08-15,2.2
1960-08-16,2.22
1960-08-17,2.33
1960-08-18,2.38
1960-08-19,2.4
1960-08-22,2.37
1960-08-23,2.35
1960-08-24,2.46
1960-08-25,2.49
1960-08-26,2.46
1960-08-29,2.48
1960-08-30,2.53
1960-08-31,2.57
1960-09-01,2.58
1960-09-02,2.49
1960-09-06,2.54
1960-09-07,2.54
1960-09-08,2.55
1960-09-09,2.59
1960-09-12,2.61
1960-09-13,2.63
1960-09-14,2.63
1960-09-15,2.53
1960-09-16,2.48
1960-09-19,2.4
1960-09-20,2.39
1960-09-21,2.46
1960-09-22,2.5
1960-09-23,2.4
1960-09-26,2.34
1960-09-27,2.4
1960-09-28,2.37
1960-09-29,2.33
1960-09-30,2.3
1960-10-03,2.31
1960-10-04,2.27
1960-10-05,2.45
1960-10-06,2.47
1960-10-07,2.53
1960-10-10,2.61
1960-10-11,2.53
1960-10-12,2.565
1960-10-13,2.6
1960-10-14,2.44
1960-10-17,2.33
1960-10-18,2.25
1960-10-19,2.3
1960-10-20,2.12
1960-10-21,2.15
1960-10-24,2.11
1960-10-25,2.12
1960-10-26,2.17
1960-10-27,2.1
1960-10-28,2.07
1960-10-31,2.12
1960-11-01,2.25
1960-11-02,2.2
1960-11-03,2.21
1960-11-04,2.22
1960-11-07,2.34
1960-11-09,2.41
1960-11-10,2.45
1960-11-11,2.4850000000000003
1960-11-14,2.52
1960-11-15,2.52
1960-11-16,2.49
1960-11-17,2.4
1960-11-18,2.37
1960-11-21,2.35
1960-11-22,2.38
1960-11-23,2.41
1960-11-25,2.39
1960-11-28,2.32
1960-11-29,2.4
1960-11-30,2.4
1960-12-01,2.33
1960-12-02,2.3
1960-12-05,2.28
1960-12-06,2.3
1960-12-07,2.32
1960-12-08,2.26
1960-12-09,2.26
1960-12-12,2.28
1960-12-13,2.26
1960-12-14,2.23
1960-12-15,2.25
1960-12-16,2.24
1960-12-19,2.23
1960-12-20,2.3
1960-12-21,2.26
1960-12-22,2.22
1960-12-23,2.18
1960-12-27,2.21
1960-12-28,2.16
1960-12-29,2.17
1960-12-30,2.2
1961-01-03,2.3
1961-01-04,2.26
1961-01-05,2.27
1961-01-06,2.28
1961-01-09,2.31
1961-01-10,2.27
1961-01-11,2.26
1961-01-12,2.27
1961-01-13,2.27
1961-01-16,2.25
1961-01-17,2.2
1961-01-18,2.29
1961-01-19,2.27
1961-01-20,2.22
1961-01-23,2.16
1961-01-24,2.15
1961-01-25,2.2
1961-01-26,2.17
1961-01-27,2.18
1961-01-30,2.24
1961-01-31,2.28
1961-02-01,2.35
1961-02-02,2.31
1961-02-03,2.28
1961-02-06,2.32
1961-02-07,2.33
1961-02-08,2.36
1961-02-09,2.36
1961-02-10,2.39
1961-02-13,2.395
1961-02-14,2.4
1961-02-15,2.44
1961-02-16,2.38
1961-02-17,2.4
1961-02-20,2.45
1961-02-21,2.52
1961-02-23,2.54
1961-02-24,2.52
1961-02-27,2.56
1961-02-28,2.58
1961-03-01,2.6
1961-03-02,2.54
1961-03-03,2.51
1961-03-06,2.45
1961-03-07,2.46
1961-03-08,2.44
1961-03-09,2.43
1961-03-10,2.42
1961-03-13,2.38
1961-03-14,2.37
1961-03-15,2.36
1961-03-16,2.33
1961-03-17,2.3
1961-03-20,2.29
1961-03-21,2.27
1961-03-22,2.24
1961-03-23,2.29
1961-03-24,2.32
1961-03-27,2.32
1961-03-28,2.35
1961-03-29,2.41
1961-03-30,2.42
1961-04-03,2.4
1961-04-04,2.39
1961-04-05,2.39
1961-04-06,2.32
1961-04-07,2.3
1961-04-10,2.3
1961-04-11,2.3
1961-04-12,2.34
1961-04-13,2.33
1961-04-14,2.3
1961-04-17,2.28
1961-04-18,2.26
1961-04-19,2.26
1961-04-20,2.22
1961-04-21,2.23
1961-04-24,2.18
1961-04-25,2.2
1961-04-26,2.24
1961-04-27,2.27
1961-04-28,2.27
1961-05-01,2.27
1961-05-02,2.25
1961-05-03,2.21
1961-05-04,2.19
1961-05-05,2.18
1961-05-08,2.21
1961-05-09,2.24
1961-05-10,2.23
1961-05-11,2.23
1961-05-12,2.22
1961-05-15,2.24
1961-05-16,2.25
1961-05-17,2.33
1961-05-18,2.32
1961-05-19,2.29
1961-05-22,2.32
1961-05-23,2.36
1961-05-24,2.44
1961-05-25,2.42
1961-05-26,2.39
1961-05-31,2.34
1961-06-01,2.37
1961-06-02,2.47
1961-06-05,2.49
1961-06-06,2.42
1961-06-07,2.39
1961-06-08,2.36
1961-06-09,2.35
1961-06-12,2.31
1961-06-13,2.33
1961-06-14,2.32
1961-06-15,2.32
1961-06-16,2.33
1961-06-19,2.33
1961-06-20,2.31
1961-06-21,2.32
1961-06-22,2.31
1961-06-23,2.28
1961-06-26,2.24
1961-06-27,2.28
1961-06-28,2.29
1961-06-29,2.27
1961-06-30,2.27
1961-07-03,2.3
1961-07-05,2.32
1961-07-06,2.31
1961-07-07,2.3
1961-07-10,2.28
1961-07-11,2.25
1961-07-12,2.26
1961-07-13,2.24
1961-07-14,2.2
1961-07-17,2.18
1961-07-18,2.2
1961-07-19,2.2
1961-07-20,2.19
1961-07-21,2.16
1961-07-24,2.19
1961-07-25,2.21
1961-07-26,2.25
1961-07-27,2.2
1961-07-28,2.24
1961-07-31,2.26
1961-08-01,2.25
1961-08-02,2.3
1961-08-03,2.29
1961-08-04,2.29
1961-08-07,2.31
1961-08-08,2.34
1961-08-09,2.39
1961-08-10,2.42
1961-08-11,2.44
1961-08-14,2.48
1961-08-15,2.49
1961-08-16,2.54
1961-08-17,2.5
1961-08-18,2.47
1961-08-21,2.46
1961-08-22,2.46
1961-08-23,2.49
1961-08-24,2.39
1961-08-25,2.34
1961-08-28,2.3
1961-08-29,2.36
1961-08-30,2.36
1961-08-31,2.35
1961-09-01,2.35
1961-09-05,2.35
1961-09-06,2.33
1961-09-07,2.3
1961-09-08,2.31
1961-09-11,2.29
1961-09-12,2.29
1961-09-13,2.31
1961-09-14,2.29
1961-09-15,2.27
1961-09-18,2.25
1961-09-19,2.26
1961-09-20,2.29
1961-09-21,2.26
1961-09-22,2.25
1961-09-25,2.25
1961-09-26,2.25
1961-09-27,2.26
1961-09-28,2.25
1961-09-29,2.23
1961-10-02,2.24
1961-10-03,2.24
1961-10-04,2.33
1961-10-05,2.29
1961-10-06,2.31
1961-10-09,2.33
1961-10-10,2.31
1961-10-11,2.37
1961-10-12,2.37
1961-10-13,2.37
1961-10-16,2.32
1961-10-17,2.26
1961-10-18,2.29
1961-10-19,2.29
1961-10-20,2.3
1961-10-23,2.3
1961-10-24,2.28
1961-10-25,2.3
1961-10-26,2.3
1961-10-27,2.29
1961-10-30,2.27
1961-10-31,2.28
1961-11-01,2.28
1961-11-02,2.27
1961-11-03,2.28
1961-11-06,2.32
1961-11-08,2.39
1961-11-09,2.41
1961-11-10,2.47
1961-11-13,2.49
1961-11-14,2.52
1961-11-15,2.58
1961-11-16,2.54
1961-11-17,2.53
1961-11-20,2.52
1961-11-21,2.52
1961-11-22,2.56
1961-11-24,2.55
1961-11-27,2.58
1961-11-28,2.57
1961-11-29,2.59
1961-11-30,2.55
1961-12-01,2.53
1961-12-04,2.56
1961-12-05,2.58
1961-12-06,2.61
1961-12-07,2.58
1961-12-08,2.57
1961-12-11,2.56
1961-12-12,2.57
1961-12-13,2.6
1961-12-14,2.61
1961-12-15,2.63
1961-12-18,2.63
1961-12-19,2.6
1961-12-20,2.6
1961-12-21,2.6
1961-12-22,2.6
1961-12-26,2.64
1961-12-27,2.66
1961-12-28,2.66
1961-12-29,2.67
1962-01-02,2.7
1962-01-03,2.73
1962-01-04,2.72
1962-01-05,2.74
1962-01-08,2.78
1962-01-09,2.78
1962-01-10,2.81
1962-01-11,2.78
1962-01-12,2.76
1962-01-15,2.74
1962-01-16,2.73
1962-01-17,2.74
1962-01-18,2.71
1962-01-19,2.71
1962-01-22,2.68
1962-01-23,2.66
1962-01-24,2.66
1962-01-25,2.66
1962-01-26,2.67
1962-01-29,2.67
1962-01-30,2.67
1962-01-31,2.73
1962-02-01,2.69
1962-02-02,2.67
1962-02-05,2.67
1962-02-06,2.68
1962-02-07,2.73
1962-02-08,2.72
1962-02-09,2.72
1962-02-12,2.74
1962-02-13,2.76
1962-02-14,2.82
1962-02-15,2.84
1962-02-16,2.83
1962-02-19,2.8
1962-02-20,2.75
1962-02-21,2.73
1962-02-23,2.69
1962-02-26,2.66
1962-02-27,2.72
1962-02-28,2.71
1962-03-01,2.68
1962-03-02,2.69
1962-03-05,2.7
1962-03-06,2.72
1962-03-07,2.75
1962-03-08,2.75
1962-03-09,2.76
1962-03-12,2.75
1962-03-13,2.75
1962-03-14,2.75
1962-03-15,2.73
1962-03-16,2.72
1962-03-19,2.7
1962-03-20,2.7
1962-03-21,2.71
1962-03-22,2.69
1962-03-23,2.7
1962-03-26,2.71
1962-03-27,2.72
1962-03-28,2.73
1962-03-29,2.75
1962-03-30,2.75
1962-04-02,2.74
1962-04-03,2.73
1962-04-04,2.7
1962-04-05,2.72
1962-04-06,2.7
1962-04-09,2.71
1962-04-10,2.74
1962-04-11,2.78
1962-04-12,2.73
1962-04-13,2.74
1962-04-16,2.71
1962-04-17,2.72
1962-04-18,2.73
1962-04-19,2.73
1962-04-23,2.73
1962-04-24,2.73
1962-04-25,2.74
1962-04-26,2.73
1962-04-27,2.74
1962-04-30,2.74
1962-05-01,2.74
1962-05-02,2.74
1962-05-03,2.73
1962-05-04,2.73
1962-05-07,2.7
1962-05-08,2.68
1962-05-09,2.67
1962-05-10,2.66
1962-05-11,2.63
1962-05-14,2.64
1962-05-15,2.66
1962-05-16,2.67
1962-05-17,2.68
1962-05-18,2.68
1962-05-21,2.68
1962-05-22,2.68
1962-05-23,2.7
1962-05-24,2.7
1962-05-25,2.69
1962-05-28,2.65
1962-05-29,2.66
1962-05-31,2.7
1962-06-01,2.69
1962-06-04,2.66
1962-06-05,2.65
1962-06-06,2.66
1962-06-07,2.64
1962-06-08,2.65
1962-06-11,2.65
1962-06-12,2.67
1962-06-13,2.71
1962-06-14,2.73
1962-06-15,2.71
1962-06-18,2.72
1962-06-19,2.75
1962-06-20,2.73
1962-06-21,2.72
1962-06-22,2.74
1962-06-25,2.79
1962-06-26,2.83
1962-06-27,2.83
1962-06-28,2.86
1962-06-29,2.9
1962-07-02,2.92
1962-07-03,2.9
1962-07-05,2.92
1962-07-06,2.93
1962-07-09,2.96
1962-07-10,2.96
1962-07-11,2.97
1962-07-12,2.98
1962-07-13,2.96
1962-07-16,2.97
1962-07-17,2.97
1962-07-18,2.97
1962-07-19,2.93
1962-07-20,2.91
1962-07-23,2.87
1962-07-24,2.86
1962-07-25,2.89
1962-07-26,2.89
1962-07-27,2.88
1962-07-30,2.86
1962-07-31,2.86
1962-08-01,2.87
1962-08-02,2.83
1962-08-03,2.82
1962-08-06,2.8
1962-08-07,2.83
1962-08-08,2.84
1962-08-09,2.83
1962-08-10,2.83
1962-08-13,2.82
1962-08-14,2.83
1962-08-15,2.86
1962-08-16,2.83
1962-08-17,2.84
1962-08-20,2.82
1962-08-21,2.82
1962-08-22,2.82
1962-08-23,2.82
1962-08-24,2.82
1962-08-27,2.8
1962-08-28,2.78
1962-08-29,2.81
1962-08-30,2.8
1962-08-31,2.81
1962-09-04,2.83
1962-09-05,2.85
1962-09-06,2.79
1962-09-07,2.79
1962-09-10,2.77
1962-09-11,2.77
1962-09-12,2.78
1962-09-13,2.78
1962-09-14,2.78
1962-09-17,2.78
1962-09-18,2.77
1962-09-19,2.77
1962-09-20,2.75
1962-09-21,2.76
1962-09-24,2.75
1962-09-25,2.76
1962-09-26,2.76
1962-09-27,2.76
1962-09-28,2.74
1962-10-01,2.73
1962-10-02,2.74
1962-10-03,2.77
1962-10-04,2.76
1962-10-05,2.76
1962-10-08,2.76
1962-10-09,2.75
1962-10-10,2.76
1962-10-11,2.77
1962-10-12,2.76
1962-10-15,2.75
1962-10-16,2.74
1962-10-17,2.75
1962-10-18,2.74
1962-10-19,2.72
1962-10-22,2.73
1962-10-23,2.74
1962-10-24,2.74
1962-10-25,2.74
1962-10-26,2.73
1962-10-29,2.69
1962-10-30,2.72
1962-10-31,2.72
1962-11-01,2.72
1962-11-02,2.83
1962-11-05,2.84
1962-11-07,2.84
1962-11-08,2.8
1962-11-09,2.8
1962-11-12,2.805
1962-11-13,2.81
1962-11-14,2.82
1962-11-15,2.84
1962-11-16,2.83
1962-11-19,2.83
1962-11-20,2.83
1962-11-21,2.84
1962-11-23,2.84
1962-11-26,2.85
1962-11-27,2.87
1962-11-28,2.87
1962-11-29,2.86
1962-11-30,2.86
1962-12-03,2.86
1962-12-04,2.86
1962-12-05,2.85
1962-12-06,2.84
1962-12-07,2.83
1962-12-10,2.82
1962-12-11,2.84
1962-12-12,2.85
1962-12-13,2.85
1962-12-14,2.85
1962-12-17,2.86
1962-12-18,2.87
1962-12-19,2.88
1962-12-20,2.89
1962-12-21,2.88
1962-12-24,2.88
1962-12-26,2.86
1962-12-27,2.9
1962-12-28,2.93
1962-12-31,2.92
1963-01-02,2.88
1963-01-03,2.86
1963-01-04,2.9
1963-01-07,2.91
1963-01-08,2.9
1963-01-09,2.89
1963-01-10,2.89
1963-01-11,2.89
1963-01-14,2.88
1963-01-15,2.88
1963-01-16,2.89
1963-01-17,2.91
1963-01-18,2.92
1963-01-21,2.92
1963-01-22,2.93
1963-01-23,2.95
1963-01-24,2.94
1963-01-25,2.93
1963-01-28,2.92
1963-01-29,2.93
1963-01-30,2.93
1963-01-31,2.93
1963-02-01,2.94
1963-02-04,2.94
1963-02-05,2.96
1963-02-06,2.96
1963-02-07,2.95
1963-02-08,2.95
1963-02-11,2.94
1963-02-12,2.935
1963-02-13,2.93
1963-02-14,2.92
1963-02-15,2.92
1963-02-18,2.91
1963-02-19,2.9
1963-02-20,2.9
1963-02-21,2.87
1963-02-25,2.88
1963-02-26,2.9
1963-02-27,2.91
1963-02-28,2.9
1963-03-01,2.9
1963-03-04,2.89
1963-03-05,2.9
1963-03-06,2.9
1963-03-07,2.88
1963-03-08,2.86
1963-03-11,2.87
1963-03-12,2.87
1963-03-13,2.88
1963-03-14,2.88
1963-03-15,2.88
1963-03-18,2.89
1963-03-19,2.89
1963-03-20,2.91
1963-03-21,2.9
1963-03-22,2.9
1963-03-25,2.9
1963-03-26,2.9
1963-03-27,2.92
1963-03-28,2.92
1963-03-29,2.91
1963-04-01,2.9
1963-04-02,2.9
1963-04-03,2.91
1963-04-04,2.91
1963-04-05,2.91
1963-04-08,2.9
1963-04-09,2.89
1963-04-10,2.9
1963-04-11,2.92
1963-04-15,2.91
1963-04-16,2.9
1963-04-17,2.9
1963-04-18,2.89
1963-04-19,2.88
1963-04-22,2.88
1963-04-23,2.89
1963-04-24,2.89
1963-04-25,2.89
1963-04-26,2.89
1963-04-29,2.89
1963-04-30,2.9
1963-05-01,2.9
1963-05-02,2.9
1963-05-03,2.9
1963-05-06,2.9
1963-05-07,2.9
1963-05-08,2.91
1963-05-09,2.91
1963-05-10,2.91
1963-05-13,2.9
1963-05-14,2.89
1963-05-15,2.9
1963-05-16,2.9
1963-05-17,2.91
1963-05-20,2.92
1963-05-21,2.92
1963-05-22,2.94
1963-05-23,2.95
1963-05-24,2.96
1963-05-27,2.97
1963-05-28,2.97
1963-05-29,2.99
1963-05-31,3.0
1963-06-03,3.03
1963-06-04,3.02
1963-06-05,3.0
1963-06-06,2.99
1963-06-07,2.98
1963-06-10,2.97
1963-06-11,2.98
1963-06-12,2.99
1963-06-13,2.98
1963-06-14,2.99
1963-06-17,2.98
1963-06-18,2.98
1963-06-19,2.98
1963-06-20,2.98
1963-06-21,2.98
1963-06-24,2.98
1963-06-25,2.99
1963-06-26,2.99
1963-06-27,2.99
1963-06-28,2.99
1963-07-01,3.0
1963-07-02,3.02
1963-07-03,3.04
1963-07-05,3.07
1963-07-08,3.21
1963-07-09,3.22
1963-07-10,3.23
1963-07-11,3.24
1963-07-12,3.18
1963-07-15,3.17
1963-07-16,3.17
1963-07-17,3.24
1963-07-18,3.2
1963-07-19,3.18
1963-07-22,3.17
1963-07-23,3.15
1963-07-24,3.22
1963-07-25,3.21
1963-07-26,3.2
1963-07-29,3.24
1963-07-30,3.25
1963-07-31,3.27
1963-08-01,3.25
1963-08-02,3.21
1963-08-05,3.21
1963-08-06,3.22
1963-08-07,3.28
1963-08-08,3.29
1963-08-09,3.3
1963-08-12,3.3
1963-08-13,3.31
1963-08-14,3.32
1963-08-15,3.33
1963-08-16,3.34
1963-08-19,3.33
1963-08-20,3.33
1963-08-21,3.37
1963-08-22,3.37
1963-08-23,3.38
1963-08-26,3.38
1963-08-27,3.39
1963-08-28,3.4
1963-08-29,3.39
1963-08-30,3.39
1963-09-03,3.38
1963-09-04,3.37
1963-09-05,3.35
1963-09-06,3.34
1963-09-09,3.34
1963-09-10,3.36
1963-09-11,3.36
1963-09-12,3.37
1963-09-13,3.38
1963-09-16,3.41
1963-09-17,3.4
1963-09-18,3.41
1963-09-19,3.41
1963-09-20,3.4
1963-09-23,3.39
1963-09-24,3.39
1963-09-25,3.37
1963-09-26,3.37
1963-09-27,3.36
1963-09-30,3.37
1963-10-01,3.37
1963-10-02,3.43
1963-10-03,3.44
1963-10-04,3.45
1963-10-07,3.46
1963-10-08,3.45
1963-10-09,3.44
1963-10-10,3.44
1963-10-11,3.44
1963-10-14,3.45
1963-10-15,3.46
1963-10-16,3.46
1963-10-17,3.49
1963-10-18,3.48
1963-10-21,3.46
1963-10-22,3.43
1963-10-23,3.44
1963-10-24,3.45
1963-10-25,3.44
1963-10-28,3.44
1963-10-29,3.46
1963-10-30,3.48
1963-10-31,3.48
1963-11-01,3.49
1963-11-04,3.51
1963-11-06,3.54
1963-11-07,3.55
1963-11-08,3.55
1963-11-11,3.55
1963-11-12,3.55
1963-11-13,3.58
1963-11-14,3.54
1963-11-15,3.53
1963-11-18,3.52
1963-11-19,3.52
1963-11-20,3.51
1963-11-21,3.5
1963-11-22,3.49
1963-11-26,3.46
1963-11-27,3.49
1963-11-29,3.5
1963-12-02,3.53
1963-12-03,3.54
1963-12-04,3.53
1963-12-05,3.52
1963-12-06,3.5
1963-12-09,3.49
1963-12-10,3.49
1963-12-11,3.51
1963-12-12,3.51
1963-12-13,3.52
1963-12-16,3.53
1963-12-17,3.53
1963-12-18,3.53
1963-12-19,3.53
1963-12-20,3.52
1963-12-23,3.52
1963-12-24,3.52
1963-12-26,3.53
1963-12-27,3.52
1963-12-30,3.52
1963-12-31,3.51
1964-01-02,3.53
1964-01-03,3.53
1964-01-06,3.53
1964-01-07,3.53
1964-01-08,3.54
1964-01-09,3.53
1964-01-10,3.53
1964-01-13,3.54
1964-01-14,3.54
1964-01-15,3.55
1964-01-16,3.54
1964-01-17,3.54
1964-01-20,3.52
1964-01-21,3.52
1964-01-22,3.52
1964-01-23,3.51
1964-01-24,3.51
1964-01-27,3.5
1964-01-28,3.5
1964-01-29,3.5
1964-01-30,3.5
1964-01-31,3.5
1964-02-03,3.5
1964-02-04,3.51
1964-02-05,3.51
1964-02-06,3.5
1964-02-07,3.52
1964-02-10,3.53
1964-02-11,3.52
1964-02-12,3.52
1964-02-13,3.52
1964-02-14,3.52
1964-02-17,3.52
1964-02-18,3.52
1964-02-19,3.54
1964-02-20,3.54
1964-02-24,3.53
1964-02-25,3.53
1964-02-26,3.55
1964-02-27,3.59
1964-02-28,3.6
1964-03-02,3.58
1964-03-03,3.56
1964-03-04,3.57
1964-03-05,3.55
1964-03-06,3.54
1964-03-09,3.53
1964-03-10,3.54
1964-03-11,3.56
1964-03-12,3.55
1964-03-13,3.54
1964-03-16,3.53
1964-03-17,3.53
1964-03-18,3.55
1964-03-19,3.55
1964-03-20,3.55
1964-03-23,3.54
1964-03-24,3.53
1964-03-25,3.55
1964-03-26,3.54
1964-03-30,3.52
1964-03-31,3.51
1964-04-01,3.53
1964-04-02,3.53
1964-04-03,3.52
1964-04-06,3.5
1964-04-07,3.49
1964-04-08,3.48
1964-04-09,3.46
1964-04-10,3.46
1964-04-13,3.47
1964-04-14,3.48
1964-04-15,3.49
1964-04-16,3.47
1964-04-17,3.46
1964-04-20,3.45
1964-04-21,3.44
1964-04-22,3.46
1964-04-23,3.45
1964-04-24,3.45
1964-04-27,3.44
1964-04-28,3.44
1964-04-29,3.45
1964-04-30,3.45
1964-05-01,3.46
1964-05-04,3.47
1964-05-05,3.48
1964-05-06,3.5
1964-05-07,3.49
1964-05-08,3.49
1964-05-11,3.47
1964-05-12,3.47
1964-05-13,3.48
1964-05-14,3.48
1964-05-15,3.47
1964-05-18,3.46
1964-05-19,3.47
1964-05-20,3.49
1964-05-21,3.48
1964-05-22,3.47
1964-05-25,3.46
1964-05-26,3.46
1964-05-27,3.48
1964-05-28,3.47
1964-06-01,3.47
1964-06-02,3.47
1964-06-03,3.48
1964-06-04,3.47
1964-06-05,3.47
1964-06-08,3.46
1964-06-09,3.46
1964-06-10,3.47
1964-06-11,3.48
1964-06-12,3.48
1964-06-15,3.49
1964-06-16,3.49
1964-06-17,3.5
1964-06-18,3.49
1964-06-19,3.48
1964-06-22,3.48
1964-06-23,3.47
1964-06-24,3.47
1964-06-25,3.47
1964-06-26,3.47
1964-06-29,3.47
1964-06-30,3.47
1964-07-01,3.48
1964-07-02,3.48
1964-07-06,3.48
1964-07-07,3.49
1964-07-08,3.5
1964-07-09,3.48
1964-07-10,3.43
1964-07-13,3.43
1964-07-14,3.44
1964-07-15,3.44
1964-07-16,3.42
1964-07-17,3.44
1964-07-20,3.46
1964-07-21,3.46
1964-07-22,3.48
1964-07-23,3.45
1964-07-24,3.45
1964-07-27,3.45
1964-07-28,3.46
1964-07-29,3.47
1964-07-30,3.47
1964-07-31,3.47
1964-08-03,3.47
1964-08-04,3.47
1964-08-05,3.5
1964-08-06,3.49
1964-08-07,3.49
1964-08-10,3.5
1964-08-11,3.5
1964-08-12,3.51
1964-08-13,3.51
1964-08-14,3.51
1964-08-17,3.5
1964-08-18,3.49
1964-08-19,3.5
1964-08-20,3.5
1964-08-21,3.5
1964-08-24,3.5
1964-08-25,3.5
1964-08-26,3.51
1964-08-27,3.49
1964-08-28,3.49
1964-08-31,3.5
1964-09-01,3.5
1964-09-02,3.51
1964-09-03,3.5
1964-09-04,3.51
1964-09-08,3.51
1964-09-09,3.53
1964-09-10,3.52
1964-09-11,3.52
1964-09-14,3.53
1964-09-15,3.54
1964-09-16,3.55
1964-09-17,3.54
1964-09-18,3.54
1964-09-21,3.54
1964-09-22,3.54
1964-09-23,3.55
1964-09-24,3.55
1964-09-25,3.54
1964-09-28,3.55
1964-09-29,3.55
1964-09-30,3.55
1964-10-01,3.55
1964-10-02,3.56
1964-10-05,3.56
1964-10-06,3.56
1964-10-07,3.58
1964-10-08,3.58
1964-10-09,3.58
1964-10-12,3.575
1964-10-13,3.57
1964-10-14,3.59
1964-10-15,3.59
1964-10-16,3.59
1964-10-19,3.59
1964-10-20,3.59
1964-10-21,3.59
1964-10-22,3.58
1964-10-23,3.57
1964-10-26,3.56
1964-10-27,3.56
1964-10-28,3.56
1964-10-29,3.55
1964-10-30,3.55
1964-11-02,3.55
1964-11-04,3.57
1964-11-05,3.57
1964-11-06,3.57
1964-11-09,3.57
1964-11-10,3.56
1964-11-11,3.5700000000000003
1964-11-12,3.58
1964-11-13,3.59
1964-11-16,3.6
1964-11-17,3.6
1964-11-18,3.61
1964-11-19,3.61
1964-11-20,3.62
1964-11-23,3.73
1964-11-24,3.78
1964-11-25,3.82
1964-11-27,3.81
1964-11-30,3.84
1964-12-01,3.85
1964-12-02,3.84
1964-12-03,3.79
1964-12-04,3.78
1964-12-07,3.76
1964-12-08,3.8
1964-12-09,3.84
1964-12-10,3.83
1964-12-11,3.82
1964-12-14,3.84
1964-12-15,3.85
1964-12-16,3.87
1964-12-17,3.87
1964-12-18,3.86
1964-12-21,3.86
1964-12-22,3.86
1964-12-23,3.86
1964-12-24,3.86
1964-12-28,3.85
1964-12-29,3.82
1964-12-30,3.84
1964-12-31,3.82
1965-01-04,3.81
1965-01-05,3.8
1965-01-06,3.82
1965-01-07,3.8
1965-01-08,3.78
1965-01-11,3.77
1965-01-12,3.76
1965-01-13,3.77
1965-01-14,3.77
1965-01-15,3.77
1965-01-18,3.77
1965-01-19,3.77
1965-01-20,3.83
1965-01-21,3.83
1965-01-22,3.83
1965-01-25,3.84
1965-01-26,3.84
1965-01-27,3.85
1965-01-28,3.86
1965-01-29,3.87
1965-02-01,3.88
1965-02-02,3.88
1965-02-03,3.89
1965-02-04,3.9
1965-02-05,3.91
1965-02-08,3.89
1965-02-09,3.89
1965-02-10,3.91
1965-02-11,3.92
1965-02-12,3.915
1965-02-15,3.91
1965-02-16,3.92
1965-02-17,3.96
1965-02-18,3.96
1965-02-19,3.96
1965-02-23,3.98
1965-02-24,4.0
1965-02-25,4.0
1965-02-26,3.99
1965-03-01,3.97
1965-03-02,3.96
1965-03-03,3.97
1965-03-04,3.96
1965-03-05,3.95
1965-03-08,3.94
1965-03-09,3.94
1965-03-10,3.95
1965-03-11,3.94
1965-03-12,3.93
1965-03-15,3.92
1965-03-16,3.91
1965-03-17,3.92
1965-03-18,3.92
1965-03-19,3.92
1965-03-22,3.92
1965-03-23,3.91
1965-03-24,3.91
1965-03-25,3.89
1965-03-26,3.9
1965-03-29,3.9
1965-03-30,3.92
1965-03-31,3.93
1965-04-01,3.93
1965-04-02,3.94
1965-04-05,3.93
1965-04-06,3.92
1965-04-07,3.94
1965-04-08,3.92
1965-04-09,3.93
1965-04-12,3.93
1965-04-13,3.92
1965-04-14,3.94
1965-04-15,3.94
1965-04-19,3.94
1965-04-20,3.93
1965-04-21,3.94
1965-04-22,3.94
1965-04-23,3.92
1965-04-26,3.9
1965-04-27,3.9
1965-04-28,3.92
1965-04-29,3.92
1965-04-30,3.91
1965-05-03,3.9
1965-05-04,3.88
1965-05-05,3.9
1965-05-06,3.89
1965-05-07,3.89
1965-05-10,3.88
1965-05-11,3.88
1965-05-12,3.9
1965-05-13,3.9
1965-05-14,3.9
1965-05-17,3.89
1965-05-18,3.89
1965-05-19,3.9
1965-05-20,3.9
1965-05-21,3.9
1965-05-24,3.88
1965-05-25,3.88
1965-05-26,3.89
1965-05-27,3.88
1965-05-28,3.87
1965-06-01,3.88
1965-06-02,3.87
1965-06-03,3.84
1965-06-04,3.81
1965-06-07,3.78
1965-06-08,3.81
1965-06-09,3.82
1965-06-10,3.81
1965-06-11,3.81
1965-06-14,3.8
1965-06-15,3.8
1965-06-16,3.79
1965-06-17,3.8
1965-06-18,3.8
1965-06-21,3.78
1965-06-22,3.78
1965-06-23,3.78
1965-06-24,3.77
1965-06-25,3.77
1965-06-28,3.78
1965-06-29,3.81
1965-06-30,3.81
1965-07-01,3.82
1965-07-02,3.83
1965-07-06,3.87
1965-07-07,3.86
1965-07-08,3.87
1965-07-09,3.87
1965-07-12,3.87
1965-07-13,3.88
1965-07-14,3.87
1965-07-15,3.85
1965-07-16,3.84
1965-07-19,3.82
1965-07-20,3.82
1965-07-21,3.82
1965-07-22,3.81
1965-07-23,3.81
1965-07-26,3.8
1965-07-27,3.81
1965-07-28,3.81
1965-07-29,3.8
1965-07-30,3.81
1965-08-02,3.82
1965-08-03,3.85
1965-08-04,3.85
1965-08-05,3.85
1965-08-06,3.84
1965-08-09,3.83
1965-08-10,3.85
1965-08-11,3.84
1965-08-12,3.83
1965-08-13,3.8
1965-08-16,3.8
1965-08-17,3.83
1965-08-18,3.83
1965-08-19,3.83
1965-08-20,3.83
1965-08-23,3.84
1965-08-24,3.87
1965-08-25,3.87
1965-08-26,3.86
1965-08-27,3.86
1965-08-30,3.86
1965-08-31,3.9
1965-09-01,3.89
1965-09-02,3.86
1965-09-03,3.87
1965-09-07,3.91
1965-09-08,3.91
1965-09-09,3.9
1965-09-10,3.88
1965-09-13,3.88
1965-09-14,3.88
1965-09-15,3.88
1965-09-16,3.88
1965-09-17,3.88
1965-09-20,3.89
1965-09-21,3.93
1965-09-22,3.94
1965-09-23,3.96
1965-09-24,3.98
1965-09-27,3.99
1965-09-28,4.02
1965-09-29,4.05
1965-09-30,4.02
1965-10-01,4.0
1965-10-04,3.98
1965-10-05,4.05
1965-10-06,4.04
1965-10-07,4.0
1965-10-08,4.0
1965-10-11,3.98
1965-10-12,3.995
1965-10-13,4.01
1965-10-14,4.01
1965-10-15,4.02
1965-10-18,4.02
1965-10-19,4.04
1965-10-20,4.04
1965-10-21,4.04
1965-10-22,4.04
1965-10-25,4.03
1965-10-26,4.05
1965-10-27,4.05
1965-10-28,4.06
1965-10-29,4.06
1965-11-01,4.07
1965-11-03,4.09
1965-11-04,4.07
1965-11-05,4.04
1965-11-08,4.04
1965-11-09,4.07
1965-11-10,4.08
1965-11-11,4.075
1965-11-12,4.07
1965-11-15,4.08
1965-11-16,4.09
1965-11-17,4.09
1965-11-18,4.1
1965-11-19,4.1
1965-11-22,4.1
1965-11-23,4.12
1965-11-24,4.12
1965-11-26,4.11
1965-11-29,4.1
1965-11-30,4.13
1965-12-01,4.13
1965-12-02,4.12
1965-12-03,4.12
1965-12-06,4.3
1965-12-07,4.36
1965-12-08,4.36
1965-12-09,4.34
1965-12-10,4.33
1965-12-13,4.36
1965-12-14,4.41
1965-12-15,4.4
1965-12-16,4.42
1965-12-17,4.46
1965-12-20,4.5
1965-12-21,4.48
1965-12-22,4.47
1965-12-23,4.47
1965-12-27,4.47
1965-12-28,4.47
1965-12-29,4.48
1965-12-30,4.48
1965-12-31,4.49
1966-01-03,4.51
1966-01-04,4.56
1966-01-05,4.56
1966-01-06,4.54
1966-01-07,4.54
1966-01-10,4.55
1966-01-11,4.6
1966-01-12,4.61
1966-01-13,4.6
1966-01-14,4.63
1966-01-17,4.63
1966-01-18,4.66
1966-01-19,4.62
1966-01-20,4.59
1966-01-21,4.59
1966-01-24,4.57
1966-01-25,4.6
1966-01-26,4.6
1966-01-27,4.56
1966-01-28,4.57
1966-01-31,4.63
1966-02-01,4.66
1966-02-02,4.64
1966-02-03,4.63
1966-02-04,4.62
1966-02-07,4.61
1966-02-08,4.64
1966-02-09,4.64
1966-02-10,4.65
1966-02-11,4.65
1966-02-14,4.65
1966-02-15,4.68
1966-02-16,4.7
1966-02-17,4.66
1966-02-18,4.66
1966-02-21,4.66
1966-02-23,4.69
1966-02-24,4.67
1966-02-25,4.63
1966-02-28,4.64
1966-03-01,4.65
1966-03-02,4.64
1966-03-03,4.61
1966-03-04,4.57
1966-03-07,4.57
1966-03-08,4.63
1966-03-09,4.63
1966-03-10,4.65
1966-03-11,4.69
1966-03-14,4.67
1966-03-15,4.65
1966-03-16,4.65
1966-03-17,4.64
1966-03-18,4.59
1966-03-21,4.52
1966-03-22,4.55
1966-03-23,4.49
1966-03-24,4.46
1966-03-25,4.53
1966-03-28,4.5
1966-03-29,4.55
1966-03-30,4.53
1966-03-31,4.52
1966-04-01,4.5
1966-04-04,4.48
1966-04-05,4.54
1966-04-06,4.56
1966-04-07,4.58
1966-04-11,4.59
1966-04-12,4.66
1966-04-13,4.67
1966-04-14,4.66
1966-04-15,4.66
1966-04-18,4.65
1966-04-19,4.66
1966-04-20,4.67
1966-04-21,4.66
1966-04-22,4.63
1966-04-25,4.63
1966-04-26,4.64
1966-04-27,4.64
1966-04-28,4.63
1966-04-29,4.65
1966-05-02,4.65
1966-05-03,4.68
1966-05-04,4.67
1966-05-05,4.67
1966-05-06,4.66
1966-05-09,4.61
1966-05-10,4.61
1966-05-11,4.61
1966-05-12,4.61
1966-05-13,4.61
1966-05-16,4.6
1966-05-17,4.64
1966-05-18,4.65
1966-05-19,4.65
1966-05-20,4.64
1966-05-23,4.62
1966-05-24,4.65
1966-05-25,4.65
1966-05-26,4.64
1966-05-27,4.62
1966-05-31,4.64
1966-06-01,4.63
1966-06-02,4.56
1966-06-03,4.54
1966-06-06,4.54
1966-06-07,4.6
1966-06-08,4.59
1966-06-09,4.58
1966-06-10,4.57
1966-06-13,4.56
1966-06-14,4.58
1966-06-15,4.54
1966-06-16,4.5
1966-06-17,4.46
1966-06-20,4.43
1966-06-21,4.47
1966-06-22,4.4
1966-06-23,4.34
1966-06-24,4.38
1966-06-27,4.33
1966-06-28,4.38
1966-06-29,4.43
1966-06-30,4.58
1966-07-01,4.64
1966-07-05,4.77
1966-07-06,4.66
1966-07-07,4.66
1966-07-08,4.68
1966-07-11,4.74
1966-07-12,4.89
1966-07-13,4.88
1966-07-14,4.92
1966-07-15,4.93
1966-07-18,4.93
1966-07-19,4.96
1966-07-20,4.9
1966-07-21,4.88
1966-07-22,4.84
1966-07-25,4.78
1966-07-26,4.77
1966-07-27,4.66
1966-07-28,4.69
1966-07-29,4.77
1966-08-01,4.75
1966-08-02,4.84
1966-08-03,4.87
1966-08-04,4.84
1966-08-05,4.79
1966-08-08,4.78
1966-08-09,4.86
1966-08-10,4.89
1966-08-11,4.91
1966-08-12,4.94
1966-08-15,5.0
1966-08-16,5.09
1966-08-17,5.08
1966-08-18,5.09
1966-08-19,5.06
1966-08-22,4.97
1966-08-23,5.05
1966-08-24,5.02
1966-08-25,5.03
1966-08-26,5.03
1966-08-29,5.04
1966-08-30,5.09
1966-08-31,5.06
1966-09-01,5.08
1966-09-02,5.09
1966-09-06,5.17
1966-09-07,5.19
1966-09-08,5.21
1966-09-09,5.22
1966-09-12,5.29
1966-09-13,5.43
1966-09-14,5.45
1966-09-15,5.46
1966-09-16,5.46
1966-09-19,5.47
1966-09-20,5.57
1966-09-21,5.59
1966-09-22,5.55
1966-09-23,5.51
1966-09-26,5.45
1966-09-27,5.44
1966-09-28,5.41
1966-09-29,5.34
1966-09-30,5.34
1966-10-03,5.33
1966-10-04,5.44
1966-10-05,5.42
1966-10-06,5.38
1966-10-07,5.36
1966-10-10,5.4
1966-10-11,5.47
1966-10-12,5.475
1966-10-13,5.48
1966-10-14,5.44
1966-10-17,5.39
1966-10-18,5.41
1966-10-19,5.4
1966-10-20,5.38
1966-10-21,5.27
1966-10-24,5.19
1966-10-25,5.23
1966-10-26,5.24
1966-10-27,5.25
1966-10-28,5.23
1966-10-31,5.22
1966-11-01,5.27
1966-11-02,5.33
1966-11-03,5.33
1966-11-04,5.36
1966-11-07,5.37
1966-11-09,5.42
1966-11-10,5.45
1966-11-11,5.43
1966-11-14,5.41
1966-11-15,5.45
1966-11-16,5.44
1966-11-17,5.36
1966-11-18,5.29
1966-11-21,5.21
1966-11-22,5.28
1966-11-23,5.28
1966-11-25,5.27
1966-11-28,5.2
1966-11-29,5.19
1966-11-30,5.16
1966-12-01,5.16
1966-12-02,5.16
1966-12-05,5.17
1966-12-06,5.15
1966-12-07,5.19
1966-12-08,5.18
1966-12-09,5.11
1966-12-12,5.03
1966-12-13,5.04
1966-12-14,5.01
1966-12-15,4.92
1966-12-16,4.85
1966-12-19,4.85
1966-12-20,4.82
1966-12-21,4.82
1966-12-22,4.81
1966-12-23,4.78
1966-12-27,4.78
1966-12-28,4.8
1966-12-29,4.82
1966-12-30,4.81
1967-01-03,4.84
1967-01-04,4.81
1967-01-05,4.78
1967-01-06,4.78
1967-01-09,4.79
1967-01-10,4.85
1967-01-11,4.79
1967-01-12,4.83
1967-01-13,4.79
1967-01-16,4.72
1967-01-17,4.69
1967-01-18,4.7
1967-01-19,4.72
1967-01-20,4.71
1967-01-23,4.68
1967-01-24,4.69
1967-01-25,4.7
1967-01-26,4.64
1967-01-27,4.59
1967-01-30,4.51
1967-01-31,4.51
1967-02-01,4.5
1967-02-02,4.47
1967-02-03,4.46
1967-02-06,4.53
1967-02-07,4.55
1967-02-08,4.53
1967-02-09,4.52
1967-02-10,4.56
1967-02-13,4.58
1967-02-14,4.6
1967-02-15,4.62
1967-02-16,4.61
1967-02-17,4.62
1967-02-20,4.6
1967-02-21,4.62
1967-02-23,4.64
1967-02-24,4.59
1967-02-27,4.54
1967-02-28,4.54
1967-03-01,4.45
1967-03-02,4.41
1967-03-03,4.37
1967-03-06,4.36
1967-03-07,4.38
1967-03-08,4.39
1967-03-09,4.37
1967-03-10,4.36
1967-03-13,4.33
1967-03-14,4.31
1967-03-15,4.28
1967-03-16,4.24
1967-03-17,4.24
1967-03-20,4.1
1967-03-21,4.16
1967-03-22,4.17
1967-03-23,4.15
1967-03-27,4.17
1967-03-28,4.17
1967-03-29,4.17
1967-03-30,4.11
1967-03-31,4.01
1967-04-03,3.97
1967-04-04,4.0
1967-04-05,3.98
1967-04-06,3.95
1967-04-07,3.87
1967-04-10,3.81
1967-04-11,3.82
1967-04-12,3.84
1967-04-13,3.87
1967-04-14,3.89
1967-04-17,3.89
1967-04-18,3.88
1967-04-19,3.82
1967-04-20,3.79
1967-04-21,3.75
1967-04-24,3.73
1967-04-25,3.73
1967-04-26,3.72
1967-04-27,3.71
1967-04-28,3.73
1967-05-01,3.75
1967-05-02,3.74
1967-05-03,3.74
1967-05-04,3.69
1967-05-05,3.69
1967-05-08,3.65
1967-05-09,3.66
1967-05-10,3.67
1967-05-11,3.65
1967-05-12,3.65
1967-05-15,3.6
1967-05-16,3.63
1967-05-17,3.63
1967-05-18,3.55
1967-05-19,3.54
1967-05-22,3.5
1967-05-23,3.53
1967-05-24,3.51
1967-05-25,3.49
1967-05-26,3.48
1967-05-29,3.46
1967-05-31,3.46
1967-06-01,3.4
1967-06-02,3.39
1967-06-05,3.37
1967-06-06,3.4
1967-06-07,3.41
1967-06-08,3.43
1967-06-09,3.45
1967-06-12,3.5
1967-06-13,3.55
1967-06-14,3.61
1967-06-15,3.59
1967-06-16,3.61
1967-06-19,3.58
1967-06-20,3.55
1967-06-21,3.49
1967-06-22,3.38
1967-06-23,3.33
1967-06-26,3.44
1967-06-27,3.67
1967-06-28,3.76
1967-06-29,3.88
1967-06-30,4.0
1967-07-03,4.1
1967-07-05,4.29
1967-07-06,4.21
1967-07-07,4.21
1967-07-10,4.18
1967-07-11,4.22
1967-07-12,4.18
1967-07-13,4.16
1967-07-14,4.18
1967-07-17,4.17
1967-07-18,4.2
1967-07-19,4.19
1967-07-20,4.21
1967-07-21,4.22
1967-07-24,4.35
1967-07-25,4.32
1967-07-26,4.28
1967-07-27,4.17
1967-07-28,4.15
1967-07-31,4.12
1967-08-01,4.16
1967-08-02,4.18
1967-08-03,4.15
1967-08-04,4.19
1967-08-07,4.15
1967-08-08,4.2
1967-08-09,4.18
1967-08-10,4.17
1967-08-11,4.17
1967-08-14,4.16
1967-08-15,4.2
1967-08-16,4.21
1967-08-17,4.21
1967-08-18,4.25
1967-08-21,4.29
1967-08-22,4.36
1967-08-23,4.39
1967-08-24,4.37
1967-08-25,4.4
1967-08-28,4.45
1967-08-29,4.45
1967-08-30,4.44
1967-08-31,4.38
1967-09-01,4.34
1967-09-05,4.29
1967-09-06,4.31
1967-09-07,4.3
1967-09-08,4.31
1967-09-11,4.34
1967-09-12,4.37
1967-09-13,4.36
1967-09-14,4.39
1967-09-15,4.4
1967-09-18,4.47
1967-09-19,4.5
1967-09-20,4.57
1967-09-21,4.58
1967-09-22,4.6
1967-09-25,4.59
1967-09-26,4.54
1967-09-27,4.44
1967-09-28,4.4
1967-09-29,4.39
1967-10-02,4.4
1967-10-03,4.52
1967-10-04,4.54
1967-10-05,4.51
1967-10-06,4.5
1967-10-09,4.52
1967-10-10,4.54
1967-10-11,4.6
1967-10-12,4.605
1967-10-13,4.61
1967-10-16,4.64
1967-10-17,4.67
1967-10-18,4.62
1967-10-19,4.57
1967-10-20,4.58
1967-10-23,4.58
1967-10-24,4.57
1967-10-25,4.58
1967-10-26,4.54
1967-10-27,4.53
1967-10-30,4.53
1967-10-31,4.56
1967-11-01,4.58
1967-11-02,4.57
1967-11-03,4.61
1967-11-06,4.64
1967-11-08,4.66
1967-11-09,4.63
1967-11-10,4.61
1967-11-13,4.62
1967-11-14,4.64
1967-11-15,4.63
1967-11-16,4.6
1967-11-17,4.67
1967-11-20,4.9
1967-11-21,4.87
1967-11-22,4.77
1967-11-24,4.91
1967-11-27,4.9
1967-11-28,4.88
1967-11-29,4.9
1967-11-30,4.95
1967-12-01,5.01
1967-12-04,4.92
1967-12-05,4.96
1967-12-06,4.9
1967-12-07,4.91
1967-12-08,4.89
1967-12-11,4.9
1967-12-12,4.95
1967-12-13,4.96
1967-12-14,4.98
1967-12-15,5.07
1967-12-18,5.05
1967-12-19,5.02
1967-12-20,4.97
1967-12-21,4.91
1967-12-22,4.96
1967-12-26,4.98
1967-12-27,4.99
1967-12-28,5.01
1967-12-29,5.04
1968-01-02,5.04
1968-01-03,5.04
1968-01-04,4.99
1968-01-05,4.96
1968-01-08,5.02
1968-01-09,5.1
1968-01-10,5.08
1968-01-11,5.07
1968-01-12,5.08
1968-01-15,5.02
1968-01-16,5.01
1968-01-17,4.99
1968-01-18,5.01
1968-01-19,5.07
1968-01-22,5.03
1968-01-23,5.03
1968-01-24,5.01
1968-01-25,4.91
1968-01-26,4.88
1968-01-29,4.82
1968-01-30,4.87
1968-01-31,4.88
1968-02-01,4.84
1968-02-02,4.86
1968-02-05,4.91
1968-02-06,5.02
1968-02-07,5.03
1968-02-08,5.03
1968-02-09,5.01
1968-02-13,5.01
1968-02-14,5.0
1968-02-15,4.96
1968-02-16,4.92
1968-02-19,4.9
1968-02-20,4.97
1968-02-21,4.99
1968-02-23,5.01
1968-02-26,5.04
1968-02-27,5.06
1968-02-28,5.02
1968-02-29,5.02
1968-03-01,5.01
1968-03-04,4.99
1968-03-05,5.0
1968-03-06,5.03
1968-03-07,5.09
1968-03-08,5.09
1968-03-11,5.09
1968-03-12,5.14
1968-03-13,5.25
1968-03-14,5.45
1968-03-15,5.37
1968-03-18,5.26
1968-03-19,5.31
1968-03-20,5.26
1968-03-21,5.25
1968-03-22,5.19
1968-03-25,5.15
1968-03-26,5.1
1968-03-27,5.13
1968-03-28,5.15
1968-03-29,5.17
1968-04-01,5.13
1968-04-02,5.19
1968-04-03,5.19
1968-04-04,5.27
1968-04-05,5.24
1968-04-08,5.26
1968-04-10,5.34
1968-04-11,5.44
1968-04-15,5.41
1968-04-16,5.37
1968-04-17,5.33
1968-04-18,5.34
1968-04-19,5.53
1968-04-22,5.51
1968-04-23,5.49
1968-04-24,5.5
1968-04-25,5.5
1968-04-26,5.51
1968-04-29,5.48
1968-04-30,5.51
1968-05-01,5.48
1968-05-02,5.48
1968-05-03,5.54
1968-05-06,5.48
1968-05-07,5.52
1968-05-08,5.53
1968-05-09,5.55
1968-05-10,5.55
1968-05-13,5.53
1968-05-14,5.6
1968-05-15,5.67
1968-05-16,5.78
1968-05-17,5.8
1968-05-20,5.82
1968-05-21,5.92
1968-05-22,5.86
1968-05-23,5.8
1968-05-24,5.72
1968-05-27,5.67
1968-05-28,5.72
1968-05-29,5.73
1968-05-31,5.68
1968-06-03,5.65
1968-06-04,5.66
1968-06-05,5.65
1968-06-06,5.66
1968-06-07,5.66
1968-06-10,5.68
1968-06-11,5.72
1968-06-13,5.69
1968-06-14,5.63
1968-06-17,5.58
1968-06-18,5.6
1968-06-20,5.4
1968-06-21,5.2
1968-06-24,5.2
1968-06-25,5.34
1968-06-27,5.32
1968-06-28,5.3
1968-07-01,5.3
1968-07-02,5.34
1968-07-03,5.39
1968-07-08,5.33
1968-07-09,5.38
1968-07-11,5.39
1968-07-12,5.38
1968-07-15,5.42
1968-07-16,5.47
1968-07-18,5.34
1968-07-19,5.29
1968-07-22,5.27
1968-07-23,5.26
1968-07-25,5.2
1968-07-26,5.2
1968-07-29,5.19
1968-07-30,5.2
1968-08-01,4.97
1968-08-02,4.9
1968-08-05,4.89
1968-08-06,4.98
1968-08-08,4.96
1968-08-09,4.99
1968-08-12,5.05
1968-08-13,5.11
1968-08-15,5.17
1968-08-16,5.11
1968-08-19,5.11
1968-08-20,5.14
1968-08-22,5.17
1968-08-23,5.15
1968-08-26,5.16
1968-08-27,5.19
1968-08-29,5.21
1968-08-30,5.18
1968-09-03,5.18
1968-09-04,5.19
1968-09-05,5.22
1968-09-06,5.23
1968-09-09,5.24
1968-09-10,5.3
1968-09-12,5.3
1968-09-13,5.24
1968-09-16,5.22
1968-09-17,5.2
1968-09-19,5.16
1968-09-20,5.17
1968-09-23,5.17
1968-09-24,5.13
1968-09-26,5.09
1968-09-27,5.12
1968-09-30,5.16
1968-10-01,5.16
1968-10-03,5.21
1968-10-04,5.23
1968-10-07,5.26
1968-10-08,5.35
1968-10-10,5.34
1968-10-11,5.26
1968-10-14,5.32
1968-10-15,5.38
1968-10-17,5.33
1968-10-18,5.33
1968-10-21,5.36
1968-10-22,5.42
1968-10-24,5.4
1968-10-25,5.42
1968-10-28,5.46
1968-10-29,5.51
1968-10-31,5.48
1968-11-01,5.46
1968-11-04,5.52
1968-11-06,5.51
1968-11-07,5.45
1968-11-08,5.46
1968-11-12,5.46
1968-11-13,5.41
1968-11-14,5.4
1968-11-15,5.42
1968-11-18,5.44
1968-11-19,5.45
1968-11-21,5.42
1968-11-22,5.42
1968-11-25,5.42
1968-11-26,5.46
1968-11-27,5.49
1968-11-29,5.52
1968-12-02,5.61
1968-12-03,5.67
1968-12-05,5.66
1968-12-06,5.66
1968-12-09,5.73
1968-12-10,5.84
1968-12-12,5.89
1968-12-13,5.88
1968-12-16,5.94
1968-12-17,5.96
1968-12-19,6.08
1968-12-20,6.19
1968-12-23,6.28
1968-12-24,6.29
1968-12-26,6.19
1968-12-27,6.12
1968-12-30,6.26
1968-12-31,6.25
1969-01-02,6.14
1969-01-03,6.13
1969-01-06,6.18
1969-01-07,6.25
1969-01-08,6.19
1969-01-09,6.15
1969-01-10,6.11
1969-01-13,6.13
1969-01-14,6.18
1969-01-15,6.13
1969-01-16,6.05
1969-01-17,6.07
1969-01-20,6.01
1969-01-21,6.09
1969-01-22,6.13
1969-01-23,6.16
1969-01-24,6.17
1969-01-27,6.13
1969-01-28,6.16
1969-01-29,6.16
1969-01-30,6.17
1969-01-31,6.19
1969-02-03,6.19
1969-02-04,6.2
1969-02-05,6.2
1969-02-06,6.2
1969-02-07,6.15
1969-02-11,6.08
1969-02-12,6.08
1969-02-13,6.08
1969-02-14,6.05
1969-02-17,6.06
1969-02-18,6.15
1969-02-19,6.14
1969-02-20,6.07
1969-02-24,6.0
1969-02-25,6.09
1969-02-26,6.1
1969-02-27,6.19
1969-02-28,6.19
1969-03-03,6.17
1969-03-04,6.16
1969-03-05,6.09
1969-03-06,6.08
1969-03-07,6.06
1969-03-10,6.01
1969-03-11,6.01
1969-03-12,5.99
1969-03-13,6.03
1969-03-14,6.02
1969-03-17,6.08
1969-03-18,5.99
1969-03-19,5.99
1969-03-20,5.99
1969-03-21,5.96
1969-03-24,5.91
1969-03-25,5.92
1969-03-26,5.94
1969-03-27,5.94
1969-03-28,5.99
1969-04-01,5.99
1969-04-02,6.08
1969-04-03,6.09
1969-04-07,6.15
1969-04-08,6.16
1969-04-09,6.13
1969-04-10,6.16
1969-04-11,6.17
1969-04-14,6.16
1969-04-15,6.23
1969-04-16,6.22
1969-04-17,6.2
1969-04-18,6.19
1969-04-21,6.17
1969-04-22,6.17
1969-04-23,6.15
1969-04-24,6.1
1969-04-25,6.08
1969-04-28,6.0
1969-04-29,5.92
1969-04-30,5.87
1969-05-01,5.92
1969-05-02,5.96
1969-05-05,5.94
1969-05-06,6.02
1969-05-07,6.01
1969-05-08,5.96
1969-05-09,5.96
1969-05-12,6.04
1969-05-13,6.09
1969-05-14,6.07
1969-05-15,6.09
1969-05-16,6.1
1969-05-19,6.09
1969-05-20,6.12
1969-05-21,6.08
1969-05-22,6.02
1969-05-23,6.01
1969-05-26,6.07
1969-05-27,6.14
1969-05-28,6.12
1969-05-29,6.08
1969-06-02,6.12
1969-06-03,6.18
1969-06-04,6.26
1969-06-05,6.39
1969-06-06,6.34
1969-06-09,6.45
1969-06-10,6.62
1969-06-11,6.69
1969-06-12,6.81
1969-06-13,6.76
1969-06-16,6.63
1969-06-17,6.52
1969-06-18,6.55
1969-06-19,6.6
1969-06-20,6.52
1969-06-23,6.37
1969-06-24,6.5
1969-06-25,6.4
1969-06-26,6.07
1969-06-27,6.15
1969-06-30,6.29
1969-07-01,6.67
1969-07-02,6.74
1969-07-03,6.81
1969-07-07,6.88
1969-07-08,6.98
1969-07-09,7.04
1969-07-10,7.0
1969-07-11,6.89
1969-07-14,6.94
1969-07-15,7.09
1969-07-16,6.99
1969-07-17,7.04
1969-07-18,7.05
1969-07-22,7.08
1969-07-23,7.13
1969-07-24,7.12
1969-07-25,7.13
1969-07-28,7.12
1969-07-29,7.14
1969-07-30,7.11
1969-07-31,7.06
1969-08-01,7.0
1969-08-04,6.93
1969-08-05,6.98
1969-08-06,6.99
1969-08-07,6.97
1969-08-08,7.02
1969-08-11,7.01
1969-08-12,7.1
1969-08-13,7.08
1969-08-14,6.97
1969-08-15,6.85
1969-08-18,6.78
1969-08-19,6.84
1969-08-20,6.86
1969-08-21,6.93
1969-08-22,6.96
1969-08-25,7.0
1969-08-26,7.16
1969-08-27,7.15
1969-08-28,7.09
1969-08-29,6.95
1969-09-02,7.03
1969-09-03,7.0
1969-09-04,7.04
1969-09-05,7.06
1969-09-08,7.09
1969-09-09,7.16
1969-09-10,7.12
1969-09-11,7.09
1969-09-12,7.1
1969-09-15,7.1
1969-09-16,7.13
1969-09-17,7.13
1969-09-18,7.14
1969-09-19,7.16
1969-09-22,7.14
1969-09-23,7.1
1969-09-24,7.1
1969-09-25,7.09
1969-09-26,7.06
1969-09-29,6.91
1969-09-30,7.14
1969-10-01,7.17
1969-10-02,7.08
1969-10-03,7.0
1969-10-06,6.94
1969-10-07,6.99
1969-10-08,7.0
1969-10-09,7.03
1969-10-10,6.98
1969-10-13,7.01
1969-10-14,7.04
1969-10-15,7.04
1969-10-16,7.02
1969-10-17,6.97
1969-10-20,6.91
1969-10-21,6.9
1969-10-22,6.91
1969-10-23,6.98
1969-10-24,7.0
1969-10-27,6.99
1969-10-28,7.0
1969-10-29,7.01
1969-10-30,7.02
1969-10-31,6.99
1969-11-03,6.97
1969-11-04,7.02
1969-11-05,7.07
1969-11-06,7.12
1969-11-07,7.13
1969-11-10,7.12
1969-11-11,7.145
1969-11-12,7.17
1969-11-13,7.2
1969-11-14,7.09
1969-11-17,7.07
1969-11-18,7.2
1969-11-19,7.23
1969-11-20,7.35
1969-11-21,7.38
1969-11-24,7.42
1969-11-25,7.52
1969-11-26,7.55
1969-11-28,7.51
1969-12-01,7.5
1969-12-02,7.55
1969-12-03,7.62
1969-12-04,7.64
1969-12-05,7.67
1969-12-08,7.68
1969-12-09,7.84
1969-12-10,7.91
1969-12-11,7.85
1969-12-12,7.81
1969-12-15,7.92
1969-12-16,7.91
1969-12-17,7.92
1969-12-18,7.88
1969-12-19,7.79
1969-12-22,7.82
1969-12-23,7.82
1969-12-24,7.85
1969-12-26,7.86
1969-12-29,8.08
1969-12-30,8.05
1969-12-31,8.01
1970-01-02,7.92
1970-01-05,7.91
1970-01-06,7.93
1970-01-07,7.9
1970-01-08,7.91
1970-01-09,7.89
1970-01-12,7.8
1970-01-13,7.82
1970-01-14,7.87
1970-01-15,7.84
1970-01-16,7.8
1970-01-19,7.79
1970-01-20,7.82
1970-01-21,7.83
1970-01-22,7.87
1970-01-23,7.86
1970-01-26,7.88
1970-01-27,7.91
1970-01-28,7.91
1970-01-29,7.91
1970-01-30,7.86
1970-02-02,7.72
1970-02-03,7.7
1970-02-04,7.66
1970-02-05,7.56
1970-02-06,7.42
1970-02-09,7.3
1970-02-10,7.28
1970-02-11,7.25
1970-02-12,7.1
1970-02-13,6.95
1970-02-16,6.83
1970-02-17,6.77
1970-02-18,6.77
1970-02-19,6.79
1970-02-20,6.8
1970-02-24,6.88
1970-02-25,6.89
1970-02-26,6.88
1970-02-27,6.85
1970-03-02,6.87
1970-03-03,6.92
1970-03-04,6.93
1970-03-05,6.88
1970-03-06,6.85
1970-03-09,6.86
1970-03-10,6.71
1970-03-11,6.72
1970-03-12,6.75
1970-03-13,6.77
1970-03-16,6.82
1970-03-17,6.81
1970-03-18,6.75
1970-03-19,6.65
1970-03-20,6.52
1970-03-23,6.15
1970-03-24,6.08
1970-03-25,6.15
1970-03-26,6.26
1970-03-30,6.32
1970-03-31,6.38
1970-04-01,6.34
1970-04-02,6.35
1970-04-03,6.36
1970-04-06,6.39
1970-04-07,6.44
1970-04-08,6.43
1970-04-09,6.38
1970-04-10,6.36
1970-04-13,6.34
1970-04-14,6.32
1970-04-15,6.38
1970-04-16,6.4
1970-04-17,6.4
1970-04-20,6.48
1970-04-21,6.54
1970-04-22,6.74
1970-04-23,6.58
1970-04-24,6.6
1970-04-27,6.65
1970-04-28,6.96
1970-04-29,6.91
1970-04-30,6.93
1970-05-01,6.84
1970-05-04,6.91
1970-05-05,7.09
1970-05-06,6.91
1970-05-07,6.64
1970-05-08,6.56
1970-05-11,6.74
1970-05-12,6.92
1970-05-13,6.82
1970-05-14,6.76
1970-05-15,6.76
1970-05-18,6.68
1970-05-19,6.72
1970-05-20,6.67
1970-05-21,6.71
1970-05-22,6.86
1970-05-25,7.01
1970-05-26,7.08
1970-05-27,7.04
1970-05-28,6.95
1970-05-29,6.93
1970-06-01,6.85
1970-06-02,6.82
1970-06-03,6.81
1970-06-04,6.81
1970-06-05,6.8
1970-06-08,6.75
1970-06-09,6.77
1970-06-10,6.76
1970-06-11,6.74
1970-06-12,6.79
1970-06-15,6.71
1970-06-16,6.71
1970-06-17,6.72
1970-06-18,6.73
1970-06-19,6.7
1970-06-22,6.54
1970-06-23,6.6
1970-06-24,6.62
1970-06-25,6.41
1970-06-26,6.38
1970-06-29,6.37
1970-06-30,6.49
1970-07-01,6.48
1970-07-02,6.48
1970-07-06,6.58
1970-07-07,6.71
1970-07-08,6.67
1970-07-09,6.61
1970-07-10,6.52
1970-07-13,6.5
1970-07-14,6.51
1970-07-15,6.49
1970-07-16,6.38
1970-07-17,6.4
1970-07-20,6.37
1970-07-21,6.38
1970-07-22,6.35
1970-07-23,6.28
1970-07-24,6.32
1970-07-27,6.34
1970-07-28,6.38
1970-07-29,6.38
1970-07-30,6.39
1970-07-31,6.38
1970-08-03,6.4
1970-08-04,6.46
1970-08-05,6.5
1970-08-06,6.49
1970-08-07,6.47
1970-08-10,6.48
1970-08-11,6.54
1970-08-12,6.55
1970-08-13,6.53
1970-08-14,6.54
1970-08-17,6.53
1970-08-18,6.47
1970-08-19,6.41
1970-08-20,6.38
1970-08-21,6.29
1970-08-24,6.23
1970-08-25,6.23
1970-08-26,6.25
1970-08-27,6.27
1970-08-28,6.28
1970-08-31,6.33
1970-09-01,6.39
1970-09-02,6.4
1970-09-03,6.39
1970-09-04,6.32
1970-09-08,6.38
1970-09-09,6.4
1970-09-10,6.41
1970-09-11,6.39
1970-09-14,6.33
1970-09-15,6.32
1970-09-16,6.2
1970-09-17,6.15
1970-09-18,6.08
1970-09-21,5.96
1970-09-22,5.74
1970-09-23,5.71
1970-09-24,5.76
1970-09-25,5.82
1970-09-28,5.81
1970-09-29,5.82
1970-09-30,5.84
1970-10-01,5.86
1970-10-02,5.86
1970-10-05,5.9
1970-10-06,6.05
1970-10-07,6.06
1970-10-08,6.07
1970-10-09,6.05
1970-10-12,6.029999999999999
1970-10-13,6.01
1970-10-14,5.96
1970-10-15,5.91
1970-10-16,5.93
1970-10-19,5.94
1970-10-20,5.86
1970-10-21,5.82
1970-10-22,5.78
1970-10-23,5.76
1970-10-26,5.8
1970-10-27,5.85
1970-10-28,5.88
1970-10-29,5.85
1970-10-30,5.84
1970-11-02,5.69
1970-11-03,5.625
1970-11-04,5.56
1970-11-05,5.49
1970-11-06,5.5
1970-11-09,5.49
1970-11-10,5.48
1970-11-11,5.485
1970-11-12,5.49
1970-11-13,5.44
1970-11-16,5.3
1970-11-17,5.22
1970-11-18,5.24
1970-11-19,5.17
1970-11-20,5.02
1970-11-23,4.8
1970-11-24,4.93
1970-11-25,5.06
1970-11-27,5.16
1970-11-30,5.04
1970-12-01,4.98
1970-12-02,4.97
1970-12-03,4.94
1970-12-04,4.91
1970-12-07,4.92
1970-12-08,4.96
1970-12-09,4.96
1970-12-10,4.9
1970-12-11,4.86
1970-12-14,4.8
1970-12-15,4.78
1970-12-16,4.76
1970-12-17,4.74
1970-12-18,4.75
1970-12-21,4.8
1970-12-22,4.81
1970-12-23,4.86
1970-12-24,4.83
1970-12-28,4.84
1970-12-29,4.93
1970-12-30,4.89
1970-12-31,4.85
1971-01-04,4.89
1971-01-05,4.89
1971-01-06,4.84
1971-01-07,4.81
1971-01-08,4.75
1971-01-11,4.66
1971-01-12,4.63
1971-01-13,4.56
1971-01-14,4.38
1971-01-15,4.32
1971-01-18,4.26
1971-01-19,4.25
1971-01-20,4.18
1971-01-21,4.12
1971-01-22,4.18
1971-01-25,4.18
1971-01-26,4.25
1971-01-27,4.22
1971-01-28,4.18
1971-01-29,4.15
1971-02-01,4.12
1971-02-02,4.1
1971-02-03,4.09
1971-02-04,4.03
1971-02-05,3.96
1971-02-08,3.82
1971-02-09,3.64
1971-02-10,3.7
1971-02-11,3.64
1971-02-12,3.635
1971-02-16,3.63
1971-02-17,3.6
1971-02-18,3.52
1971-02-19,3.49
1971-02-22,3.48
1971-02-23,3.48
1971-02-24,3.41
1971-02-25,3.4
1971-02-26,3.4
1971-03-01,3.36
1971-03-02,3.36
1971-03-03,3.34
1971-03-04,3.34
1971-03-05,3.33
1971-03-08,3.32
1971-03-09,3.32
1971-03-10,3.3
1971-03-11,3.22
1971-03-12,3.24
1971-03-15,3.3
1971-03-16,3.34
1971-03-17,3.52
1971-03-18,3.45
1971-03-19,3.35
1971-03-22,3.3
1971-03-23,3.36
1971-03-24,3.39
1971-03-25,3.39
1971-03-26,3.43
1971-03-29,3.48
1971-03-30,3.6
1971-03-31,3.64
1971-04-01,3.65
1971-04-02,3.67
1971-04-05,3.69
1971-04-06,3.73
1971-04-07,3.82
1971-04-08,3.9
1971-04-12,4.03
1971-04-13,4.04
1971-04-14,4.0
1971-04-15,3.9
1971-04-16,3.82
1971-04-19,3.8
1971-04-20,3.82
1971-04-21,3.86
1971-04-22,3.79
1971-04-23,3.8
1971-04-26,3.82
1971-04-27,3.96
1971-04-28,4.04
1971-04-29,4.02
1971-04-30,3.93
1971-05-03,3.84
1971-05-04,3.88
1971-05-05,3.92
1971-05-06,3.82
1971-05-07,3.78
1971-05-10,3.83
1971-05-11,3.86
1971-05-12,3.94
1971-05-13,4.06
1971-05-14,4.12
1971-05-17,4.3
1971-05-18,4.43
1971-05-19,4.38
1971-05-20,4.37
1971-05-21,4.38
1971-05-24,4.41
1971-05-25,4.45
1971-05-26,4.4
1971-05-27,4.35
1971-05-28,4.34
1971-06-01,4.36
1971-06-02,4.26
1971-06-03,4.24
1971-06-04,4.32
1971-06-07,4.44
1971-06-08,4.56
1971-06-09,4.6
1971-06-10,4.62
1971-06-11,4.71
1971-06-14,4.93
1971-06-15,5.02
1971-06-16,4.97
1971-06-17,4.9
1971-06-18,4.93
1971-06-21,4.89
1971-06-22,4.96
1971-06-23,4.82
1971-06-24,4.8
1971-06-25,4.88
1971-06-28,4.96
1971-06-29,5.19
1971-06-30,5.22
1971-07-01,5.21
1971-07-02,5.36
1971-07-06,5.48
1971-07-07,5.42
1971-07-08,5.41
1971-07-09,5.36
1971-07-12,5.32
1971-07-13,5.33
1971-07-14,5.35
1971-07-15,5.39
1971-07-16,5.5
1971-07-19,5.53
1971-07-20,5.5
1971-07-21,5.44
1971-07-22,5.34
1971-07-23,5.47
1971-07-26,5.46
1971-07-27,5.46
1971-07-28,5.43
1971-07-29,5.34
1971-07-30,5.31
1971-08-02,5.24
1971-08-03,5.32
1971-08-04,5.33
1971-08-05,5.3
1971-08-06,5.28
1971-08-09,5.32
1971-08-10,5.37
1971-08-11,5.22
1971-08-12,5.21
1971-08-13,5.15
1971-08-16,4.83
1971-08-17,4.77
1971-08-18,4.78
1971-08-19,4.54
1971-08-20,4.65
1971-08-23,4.75
1971-08-24,4.6
1971-08-25,4.73
1971-08-26,4.68
1971-08-27,4.63
1971-08-30,4.44
1971-08-31,4.44
1971-09-01,4.5
1971-09-02,4.53
1971-09-03,4.54
1971-09-07,4.58
1971-09-08,4.6
1971-09-09,4.65
1971-09-10,4.68
1971-09-13,4.76
1971-09-14,4.87
1971-09-15,4.85
1971-09-16,4.82
1971-09-17,4.72
1971-09-20,4.72
1971-09-21,4.78
1971-09-22,4.77
1971-09-23,4.75
1971-09-24,4.73
1971-09-27,4.72
1971-09-28,4.67
1971-09-29,4.67
1971-09-30,4.6
1971-10-01,4.55
1971-10-04,4.46
1971-10-05,4.57
1971-10-06,4.54
1971-10-07,4.56
1971-10-08,4.53
1971-10-11,4.495
1971-10-12,4.46
1971-10-13,4.44
1971-10-14,4.43
1971-10-15,4.44
1971-10-18,4.45
1971-10-19,4.5
1971-10-20,4.46
1971-10-21,4.48
1971-10-22,4.46
1971-10-25,4.42
1971-10-26,4.38
1971-10-27,4.37
1971-10-28,4.36
1971-10-29,4.31
1971-11-01,4.26
1971-11-02,4.21
1971-11-03,4.16
1971-11-04,4.14
1971-11-05,4.15
1971-11-08,4.18
1971-11-09,4.17
1971-11-10,4.19
1971-11-11,4.18
1971-11-12,4.17
1971-11-15,4.16
1971-11-16,4.1
1971-11-17,4.14
1971-11-18,4.14
1971-11-19,4.17
1971-11-22,4.24
1971-11-23,4.32
1971-11-24,4.4
1971-11-26,4.4
1971-11-29,4.34
1971-11-30,4.34
1971-12-01,4.31
1971-12-02,4.28
1971-12-03,4.15
1971-12-06,4.1
1971-12-07,4.13
1971-12-08,4.1
1971-12-09,4.11
1971-12-10,4.09
1971-12-13,3.96
1971-12-14,4.06
1971-12-15,4.12
1971-12-16,4.06
1971-12-17,4.0
1971-12-20,4.12
1971-12-21,4.08
1971-12-22,4.04
1971-12-23,3.83
1971-12-27,3.78
1971-12-28,3.75
1971-12-29,3.76
1971-12-30,3.7
1971-12-31,3.68
1972-01-03,3.69
1972-01-04,3.72
1972-01-05,3.69
1972-01-06,3.55
1972-01-07,3.33
1972-01-10,3.02
1972-01-11,3.22
1972-01-12,3.23
1972-01-13,3.2
1972-01-14,3.19
1972-01-17,3.24
1972-01-18,3.26
1972-01-19,3.3
1972-01-20,3.35
1972-01-21,3.43
1972-01-24,3.52
1972-01-25,3.52
1972-01-26,3.46
1972-01-27,3.44
1972-01-28,3.36
1972-01-31,3.35
1972-02-01,3.43
1972-02-02,3.4
1972-02-03,3.37
1972-02-04,3.24
1972-02-07,3.1
1972-02-08,3.19
1972-02-09,3.16
1972-02-10,3.06
1972-02-11,2.99
1972-02-14,3.0
1972-02-15,3.06
1972-02-16,3.06
1972-02-17,3.04
1972-02-18,3.1
1972-02-22,3.17
1972-02-23,3.18
1972-02-24,3.2
1972-02-25,3.36
1972-02-28,3.37
1972-02-29,3.46
1972-03-01,3.47
1972-03-02,3.48
1972-03-03,3.49
1972-03-06,3.5
1972-03-07,3.56
1972-03-08,3.56
1972-03-09,3.59
1972-03-10,3.64
1972-03-13,3.75
1972-03-14,3.89
1972-03-15,3.94
1972-03-16,3.9
1972-03-17,3.88
1972-03-20,3.87
1972-03-21,3.87
1972-03-22,3.77
1972-03-23,3.78
1972-03-24,3.8
1972-03-27,3.77
1972-03-28,3.84
1972-03-29,3.87
1972-03-30,3.83
1972-04-03,3.79
1972-04-04,3.84
1972-04-05,3.82
1972-04-06,3.8
1972-04-07,3.8
1972-04-10,3.75
1972-04-11,3.82
1972-04-12,3.82
1972-04-13,3.86
1972-04-14,3.84
1972-04-17,3.85
1972-04-18,3.68
1972-04-19,3.64
1972-04-20,3.57
1972-04-21,3.47
1972-04-24,3.46
1972-04-25,3.55
1972-04-26,3.58
1972-04-27,3.54
1972-04-28,3.63
1972-05-01,3.62
1972-05-02,3.65
1972-05-03,3.6
1972-05-04,3.54
1972-05-05,3.42
1972-05-08,3.44
1972-05-09,3.65
1972-05-10,3.62
1972-05-11,3.62
1972-05-12,3.6
1972-05-15,3.65
1972-05-16,3.76
1972-05-17,3.78
1972-05-18,3.79
1972-05-19,3.8
1972-05-22,3.79
1972-05-23,3.84
1972-05-24,3.84
1972-05-25,3.76
1972-05-26,3.75
1972-05-30,3.8
1972-05-31,3.81
1972-06-01,3.83
1972-06-02,3.86
1972-06-05,3.83
1972-06-06,3.89
1972-06-07,3.88
1972-06-08,3.86
1972-06-09,3.86
1972-06-12,3.82
1972-06-13,3.84
1972-06-14,3.86
1972-06-15,3.9
1972-06-16,3.95
1972-06-19,3.92
1972-06-20,3.95
1972-06-21,3.97
1972-06-22,4.02
1972-06-23,4.0
1972-06-26,3.98
1972-06-27,3.99
1972-06-28,3.87
1972-06-29,3.96
1972-06-30,4.06
1972-07-03,4.14
1972-07-05,4.08
1972-07-06,4.02
1972-07-07,4.02
1972-07-10,4.04
1972-07-11,4.13
1972-07-12,4.07
1972-07-13,4.04
1972-07-14,3.95
1972-07-17,3.92
1972-07-18,3.97
1972-07-19,3.91
1972-07-20,3.91
1972-07-21,3.94
1972-07-24,3.97
1972-07-25,4.03
1972-07-26,3.96
1972-07-27,3.91
1972-07-28,3.85
1972-07-31,3.8
1972-08-01,3.79
1972-08-02,3.77
1972-08-03,3.79
1972-08-04,3.82
1972-08-07,3.85
1972-08-08,3.88
1972-08-09,3.86
1972-08-10,3.86
1972-08-11,3.84
1972-08-14,3.87
1972-08-15,3.93
1972-08-16,3.91
1972-08-17,3.88
1972-08-18,3.92
1972-08-21,3.97
1972-08-22,4.12
1972-08-23,4.18
1972-08-24,4.14
1972-08-25,4.23
1972-08-28,4.26
1972-08-29,4.45
1972-08-30,4.55
1972-08-31,4.55
1972-09-01,4.54
1972-09-05,4.68
1972-09-06,4.71
1972-09-07,4.7
1972-09-08,4.73
1972-09-11,4.74
1972-09-12,4.72
1972-09-13,4.71
1972-09-14,4.7
1972-09-15,4.68
1972-09-18,4.65
1972-09-19,4.64
1972-09-20,4.63
1972-09-21,4.66
1972-09-22,4.7
1972-09-25,4.67
1972-09-26,4.63
1972-09-27,4.61
1972-09-28,4.56
1972-09-29,4.55
1972-10-02,4.51
1972-10-03,4.67
1972-10-04,4.69
1972-10-05,4.73
1972-10-06,4.71
1972-10-09,4.725
1972-10-10,4.74
1972-10-11,4.76
1972-10-12,4.81
1972-10-13,4.84
1972-10-16,4.8
1972-10-17,4.82
1972-10-18,4.79
1972-10-19,4.75
1972-10-20,4.74
1972-10-23,4.74
1972-10-24,4.74
1972-10-25,4.74
1972-10-26,4.72
1972-10-27,4.72
1972-10-30,4.74
1972-10-31,4.76
1972-11-01,4.75
1972-11-02,4.72
1972-11-03,4.71
1972-11-06,4.66
1972-11-08,4.75
1972-11-09,4.72
1972-11-10,4.72
1972-11-13,4.74
1972-11-14,4.78
1972-11-15,4.74
1972-11-16,4.76
1972-11-17,4.76
1972-11-20,4.76
1972-11-21,4.82
1972-11-22,4.84
1972-11-24,4.85
1972-11-27,4.88
1972-11-28,4.88
1972-11-29,4.87
1972-11-30,4.88
1972-12-01,4.9
1972-12-04,4.92
1972-12-05,5.0
1972-12-06,5.0
1972-12-07,5.03
1972-12-08,5.06
1972-12-11,5.1
1972-12-12,5.05
1972-12-13,5.0
1972-12-14,5.02
1972-12-15,5.07
1972-12-18,5.17
1972-12-19,5.19
1972-12-20,5.15
1972-12-21,5.12
1972-12-22,5.12
1972-12-26,5.15
1972-12-27,5.11
1972-12-29,5.14
1973-01-02,5.22
1973-01-03,5.16
1973-01-04,5.12
1973-01-05,5.13
1973-01-08,5.13
1973-01-09,5.17
1973-01-10,5.19
1973-01-11,5.23
1973-01-12,5.24
1973-01-15,5.27
1973-01-16,5.36
1973-01-17,5.36
1973-01-18,5.46
1973-01-19,5.56
1973-01-22,5.59
1973-01-23,5.61
1973-01-24,5.67
1973-01-26,5.74
1973-01-29,5.66
1973-01-30,5.69
1973-01-31,5.68
1973-02-01,5.76
1973-02-02,5.73
1973-02-05,5.69
1973-02-06,5.65
1973-02-07,5.57
1973-02-08,5.44
1973-02-09,5.44
1973-02-12,5.470000000000001
1973-02-13,5.5
1973-02-14,5.43
1973-02-15,5.37
1973-02-16,5.4
1973-02-20,5.57
1973-02-21,5.62
1973-02-22,5.56
1973-02-23,5.55
1973-02-26,5.76
1973-02-27,5.9
1973-02-28,5.85
1973-03-01,5.79
1973-03-02,5.75
1973-03-05,5.79
1973-03-06,5.94
1973-03-07,5.87
1973-03-08,5.83
1973-03-09,5.84
1973-03-12,5.88
1973-03-13,6.0
1973-03-14,6.06
1973-03-15,6.11
1973-03-16,6.21
1973-03-19,6.22
1973-03-20,6.34
1973-03-21,6.35
1973-03-22,6.31
1973-03-23,6.31
1973-03-26,6.23
1973-03-27,6.26
1973-03-28,6.28
1973-03-29,6.29
1973-03-30,6.4
1973-04-02,6.46
1973-04-03,6.55
1973-04-04,6.51
1973-04-05,6.48
1973-04-06,6.25
1973-04-09,6.16
1973-04-10,6.21
1973-04-11,6.22
1973-04-12,6.2
1973-04-13,6.21
1973-04-16,6.19
1973-04-17,6.19
1973-04-18,6.11
1973-04-19,6.13
1973-04-23,6.19
1973-04-24,6.28
1973-04-25,6.28
1973-04-26,6.2
1973-04-27,6.21
1973-04-30,6.23
1973-05-01,6.29
1973-05-02,6.26
1973-05-03,6.21
1973-05-04,6.19
1973-05-07,6.13
1973-05-08,6.02
1973-05-09,5.97
1973-05-10,6.0
1973-05-11,6.23
1973-05-14,6.17
1973-05-15,6.17
1973-05-16,6.19
1973-05-17,6.28
1973-05-18,6.3
1973-05-21,6.38
1973-05-22,6.6
1973-05-23,6.63
1973-05-24,6.55
1973-05-25,6.64
1973-05-29,6.84
1973-05-30,6.91
1973-05-31,6.92
1973-06-01,6.97
1973-06-04,7.07
1973-06-05,7.13
1973-06-06,7.06
1973-06-07,7.08
1973-06-08,7.0
1973-06-11,7.08
1973-06-12,7.14
1973-06-13,7.16
1973-06-14,7.17
1973-06-15,7.18
1973-06-18,7.2
1973-06-19,7.27
1973-06-20,7.29
1973-06-21,7.24
1973-06-22,7.24
1973-06-25,7.2
1973-06-26,7.26
1973-06-27,7.28
1973-06-28,7.35
1973-06-29,7.52
1973-07-02,7.9
1973-07-03,7.98
1973-07-05,7.95
1973-07-06,7.92
1973-07-09,7.92
1973-07-10,7.89
1973-07-11,7.68
1973-07-12,7.63
1973-07-13,7.78
1973-07-16,7.85
1973-07-17,7.96
1973-07-18,8.03
1973-07-19,8.13
1973-07-20,8.17
1973-07-23,8.03
1973-07-24,8.18
1973-07-25,8.17
1973-07-26,8.23
1973-07-27,8.25
1973-07-30,8.23
1973-07-31,8.32
1973-08-01,8.38
1973-08-02,8.28
1973-08-03,8.27
1973-08-06,8.32
1973-08-07,8.75
1973-08-08,8.77
1973-08-09,8.81
1973-08-10,8.84
1973-08-13,8.82
1973-08-14,9.05
1973-08-15,8.95
1973-08-16,8.86
1973-08-17,8.72
1973-08-20,8.79
1973-08-21,8.92
1973-08-22,8.78
1973-08-23,8.62
1973-08-24,8.46
1973-08-27,8.53
1973-08-28,8.72
1973-08-29,8.62
1973-08-30,8.57
1973-08-31,8.66
1973-09-04,8.78
1973-09-05,8.76
1973-09-06,8.84
1973-09-07,8.8
1973-09-10,9.03
1973-09-11,9.04
1973-09-12,9.02
1973-09-13,8.86
1973-09-14,8.75
1973-09-17,8.7
1973-09-18,8.68
1973-09-19,8.55
1973-09-20,8.28
1973-09-21,7.69
1973-09-24,7.38
1973-09-25,7.2
1973-09-26,7.12
1973-09-27,6.96
1973-09-28,6.98
1973-10-01,7.06
1973-10-02,7.64
1973-10-03,7.48
1973-10-04,7.58
1973-10-05,7.36
1973-10-08,7.245
1973-10-09,7.13
1973-10-10,7.14
1973-10-11,7.15
1973-10-12,7.14
1973-10-15,7.19
1973-10-16,7.28
1973-10-17,7.19
1973-10-18,7.13
1973-10-19,7.03
1973-10-22,7.035
1973-10-23,7.04
1973-10-24,7.02
1973-10-25,7.05
1973-10-26,7.18
1973-10-29,7.2
1973-10-30,7.22
1973-10-31,7.36
1973-11-01,7.48
1973-11-02,7.66
1973-11-05,8.0
1973-11-06,8.1
1973-11-07,8.2
1973-11-08,8.12
1973-11-09,8.14
1973-11-12,8.51
1973-11-13,8.62
1973-11-14,8.3
1973-11-15,7.53
1973-11-16,7.61
1973-11-19,7.5
1973-11-20,7.77
1973-11-21,7.78
1973-11-23,7.82
1973-11-26,7.76
1973-11-27,7.58
1973-11-28,7.52
1973-11-29,7.45
1973-11-30,7.3
1973-12-03,7.12
1973-12-04,7.25
1973-12-05,7.68
1973-12-06,7.64
1973-12-07,7.65
1973-12-10,7.44
1973-12-11,7.52
1973-12-12,7.48
1973-12-13,7.58
1973-12-14,7.53
1973-12-17,7.47
1973-12-18,7.34
1973-12-19,7.3
1973-12-20,7.31
1973-12-21,7.33
1973-12-24,7.45
1973-12-26,7.57
1973-12-27,7.47
1973-12-28,7.47
1973-12-31,7.46
1974-01-02,7.52
1974-01-03,7.47
1974-01-04,7.49
1974-01-07,7.6
1974-01-08,7.64
1974-01-09,7.67
1974-01-10,7.83
1974-01-11,7.87
1974-01-14,7.96
1974-01-15,7.89
1974-01-16,7.9
1974-01-17,7.86
1974-01-18,7.86
1974-01-21,7.97
1974-01-22,7.96
1974-01-23,8.01
1974-01-24,8.01
1974-01-25,7.98
1974-01-28,7.84
1974-01-29,7.62
1974-01-30,7.51
1974-01-31,7.48
1974-02-01,7.31
1974-02-04,7.13
1974-02-05,6.93
1974-02-06,6.93
1974-02-07,7.11
1974-02-08,7.04
1974-02-11,7.12
1974-02-12,7.08
1974-02-13,7.04
1974-02-14,7.03
1974-02-15,7.06
1974-02-19,7.03
1974-02-20,7.04
1974-02-21,7.09
1974-02-22,7.1
1974-02-25,7.15
1974-02-26,7.3
1974-02-27,7.35
1974-02-28,7.46
1974-03-01,7.54
1974-03-04,7.56
1974-03-05,7.73
1974-03-06,7.71
1974-03-07,7.7
1974-03-08,7.84
1974-03-11,7.87
1974-03-12,7.83
1974-03-13,7.83
1974-03-14,7.72
1974-03-15,7.84
1974-03-18,7.95
1974-03-19,8.06
1974-03-20,8.1
1974-03-21,8.11
1974-03-22,8.07
1974-03-25,8.12
1974-03-26,8.33
1974-03-27,8.45
1974-03-28,8.55
1974-03-29,8.28
1974-04-01,8.31
1974-04-02,8.44
1974-04-03,8.49
1974-04-04,8.65
1974-04-05,8.65
1974-04-08,8.56
1974-04-09,8.62
1974-04-10,8.52
1974-04-11,8.24
1974-04-15,7.95
1974-04-16,8.18
1974-04-17,8.16
1974-04-18,8.15
1974-04-19,7.81
1974-04-22,7.76
1974-04-23,8.05
1974-04-24,8.02
1974-04-25,8.21
1974-04-26,8.48
1974-04-29,8.88
1974-04-30,8.9
1974-05-01,8.77
1974-05-02,8.7
1974-05-03,8.82
1974-05-06,8.82
1974-05-07,8.86
1974-05-08,8.7
1974-05-09,8.49
1974-05-10,8.15
1974-05-13,8.03
1974-05-14,8.13
1974-05-15,7.96
1974-05-16,7.94
1974-05-17,7.93
1974-05-20,7.94
1974-05-21,8.21
1974-05-22,8.14
1974-05-23,7.54
1974-05-24,7.68
1974-05-28,8.02
1974-05-29,8.13
1974-05-30,7.93
1974-05-31,8.08
1974-06-03,8.09
1974-06-04,8.11
1974-06-05,7.95
1974-06-06,7.93
1974-06-07,8.15
1974-06-10,8.14
1974-06-11,8.13
1974-06-12,8.2
1974-06-13,8.36
1974-06-14,8.31
1974-06-17,8.17
1974-06-18,8.13
1974-06-19,7.99
1974-06-20,7.82
1974-06-21,7.3
1974-06-24,7.46
1974-06-25,7.63
1974-06-26,7.3
1974-06-27,7.53
1974-06-28,7.34
1974-07-01,7.28
1974-07-02,7.34
1974-07-03,7.75
1974-07-05,7.74
1974-07-08,7.62
1974-07-09,7.56
1974-07-10,7.39
1974-07-11,7.32
1974-07-12,7.36
1974-07-15,7.62
1974-07-16,7.53
1974-07-17,7.72
1974-07-18,7.92
1974-07-19,7.82
1974-07-22,7.56
1974-07-23,7.45
1974-07-24,7.42
1974-07-25,7.3
1974-07-26,7.4
1974-07-29,7.42
1974-07-30,7.84
1974-07-31,7.67
1974-08-01,7.94
1974-08-02,8.33
1974-08-05,8.33
1974-08-06,8.65
1974-08-07,8.84
1974-08-08,9.02
1974-08-09,8.93
1974-08-12,8.75
1974-08-13,8.73
1974-08-14,8.76
1974-08-15,8.76
1974-08-16,8.74
1974-08-19,8.84
1974-08-20,9.05
1974-08-21,9.31
1974-08-22,9.49
1974-08-23,9.74
1974-08-26,9.61
1974-08-27,9.72
1974-08-28,9.59
1974-08-29,9.02
1974-08-30,8.93
1974-09-03,9.41
1974-09-04,9.36
1974-09-05,9.33
1974-09-06,9.26
1974-09-09,9.15
1974-09-10,9.07
1974-09-11,9.06
1974-09-12,9.25
1974-09-13,8.96
1974-09-16,8.11
1974-09-17,8.09
1974-09-18,7.83
1974-09-19,7.12
1974-09-20,7.07
1974-09-23,6.93
1974-09-24,6.99
1974-09-25,7.07
1974-09-26,6.89
1974-09-27,6.17
1974-09-30,6.12
1974-10-01,6.69
1974-10-02,6.79
1974-10-03,7.06
1974-10-04,6.52
1974-10-07,6.52
1974-10-08,6.91
1974-10-09,7.34
1974-10-10,7.8
1974-10-11,7.63
1974-10-14,7.685
1974-10-15,7.74
1974-10-16,7.72
1974-10-17,7.82
1974-10-18,7.63
1974-10-21,7.59
1974-10-22,7.43
1974-10-23,7.55
1974-10-24,7.63
1974-10-25,7.82
1974-10-28,8.14
1974-10-29,8.03
1974-10-30,7.98
1974-10-31,7.8
1974-11-01,7.78
1974-11-04,7.82
1974-11-05,7.720000000000001
1974-11-06,7.62
1974-11-07,7.62
1974-11-08,7.58
1974-11-11,7.465
1974-11-12,7.35
1974-11-13,7.18
1974-11-14,7.17
1974-11-15,7.32
1974-11-18,7.52
1974-11-19,7.46
1974-11-20,7.41
1974-11-21,7.51
1974-11-22,7.4
1974-11-25,7.31
1974-11-26,7.42
1974-11-27,7.6
1974-11-29,7.47
1974-12-02,7.31
1974-12-03,7.53
1974-12-04,7.47
1974-12-05,7.48
1974-12-06,7.42
1974-12-09,7.24
1974-12-10,7.15
1974-12-11,7.12
1974-12-12,7.38
1974-12-13,7.31
1974-12-16,7.14
1974-12-17,6.77
1974-12-18,6.81
1974-12-19,6.89
1974-12-20,6.97
1974-12-23,7.13
1974-12-24,6.98
1974-12-26,6.95
1974-12-27,6.96
1974-12-30,7.11
1974-12-31,7.06
1975-01-02,6.9
1975-01-03,6.76
1975-01-06,6.7
1975-01-07,6.51
1975-01-08,6.54
1975-01-09,6.55
1975-01-10,6.64
1975-01-13,6.74
1975-01-14,6.55
1975-01-15,6.65
1975-01-16,6.49
1975-01-17,6.29
1975-01-20,6.42
1975-01-21,6.24
1975-01-22,6.17
1975-01-23,5.59
1975-01-24,5.49
1975-01-27,5.57
1975-01-28,5.66
1975-01-29,5.77
1975-01-30,5.73
1975-01-31,5.68
1975-02-03,5.66
1975-02-04,5.6
1975-02-05,5.45
1975-02-06,5.6
1975-02-07,5.74
1975-02-10,5.83
1975-02-11,5.7
1975-02-12,5.66
1975-02-13,5.62
1975-02-14,5.45
1975-02-18,5.32
1975-02-19,5.3
1975-02-20,5.23
1975-02-21,5.16
1975-02-24,5.32
1975-02-25,5.44
1975-02-26,5.62
1975-02-27,5.56
1975-02-28,5.4
1975-03-03,5.59
1975-03-04,5.62
1975-03-05,5.53
1975-03-06,5.53
1975-03-07,5.58
1975-03-10,5.64
1975-03-11,5.48
1975-03-12,5.41
1975-03-13,5.4
1975-03-14,5.38
1975-03-17,5.41
1975-03-18,5.42
1975-03-19,5.49
1975-03-20,5.35
1975-03-21,5.4
1975-03-24,5.55
1975-03-25,5.54
1975-03-26,5.52
1975-03-27,5.49
1975-03-31,5.53
1975-04-01,5.64
1975-04-02,5.64
1975-04-03,5.6
1975-04-04,5.68
1975-04-07,6.01
1975-04-08,5.7
1975-04-09,5.7
1975-04-10,5.71
1975-04-11,5.56
1975-04-14,5.53
1975-04-15,5.48
1975-04-16,5.34
1975-04-17,5.4
1975-04-18,5.44
1975-04-21,5.55
1975-04-22,5.75
1975-04-23,5.69
1975-04-24,5.67
1975-04-25,5.63
1975-04-28,5.62
1975-04-29,5.6
1975-04-30,5.5
1975-05-01,5.5
1975-05-02,5.31
1975-05-05,5.34
1975-05-06,5.44
1975-05-07,5.47
1975-05-08,5.43
1975-05-09,5.38
1975-05-12,5.16
1975-05-13,5.0
1975-05-14,4.94
1975-05-15,5.05
1975-05-16,5.06
1975-05-19,5.11
1975-05-20,5.11
1975-05-21,5.16
1975-05-22,5.2
1975-05-23,5.21
1975-05-27,5.27
1975-05-28,5.21
1975-05-29,5.22
1975-05-30,5.2
1975-06-02,5.25
1975-06-03,5.24
1975-06-04,5.24
1975-06-05,5.22
1975-06-06,5.21
1975-06-09,5.12
1975-06-10,5.08
1975-06-11,4.95
1975-06-12,4.89
1975-06-13,4.94
1975-06-16,4.88
1975-06-17,5.03
1975-06-18,5.36
1975-06-19,5.22
1975-06-20,5.7
1975-06-23,5.65
1975-06-24,5.75
1975-06-25,5.82
1975-06-26,6.0
1975-06-27,5.78
1975-06-30,5.86
1975-07-01,6.02
1975-07-02,6.02
1975-07-03,6.0
1975-07-07,6.06
1975-07-08,6.06
1975-07-09,6.1
1975-07-10,6.04
1975-07-11,6.02
1975-07-14,6.03
1975-07-15,6.05
1975-07-16,6.07
1975-07-17,6.03
1975-07-18,6.05
1975-07-21,6.2
1975-07-22,6.34
1975-07-23,6.34
1975-07-24,6.19
1975-07-25,6.27
1975-07-28,6.3
1975-07-29,6.3
1975-07-30,6.2
1975-07-31,6.25
1975-08-01,6.35
1975-08-04,6.4
1975-08-05,6.45
1975-08-06,6.41
1975-08-07,6.44
1975-08-08,6.41
1975-08-11,6.37
1975-08-12,6.4
1975-08-13,6.45
1975-08-14,6.45
1975-08-15,6.42
1975-08-18,6.42
1975-08-19,6.47
1975-08-20,6.46
1975-08-21,6.48
1975-08-22,6.46
1975-08-25,6.53
1975-08-26,6.58
1975-08-27,6.55
1975-08-28,6.42
1975-08-29,6.36
1975-09-02,6.42
1975-09-03,6.39
1975-09-04,6.33
1975-09-05,6.39
1975-09-08,6.41
1975-09-09,6.41
1975-09-10,6.42
1975-09-11,6.46
1975-09-12,6.45
1975-09-15,6.5
1975-09-16,6.54
1975-09-17,6.45
1975-09-18,6.38
1975-09-19,6.36
1975-09-22,6.34
1975-09-23,6.36
1975-09-24,6.35
1975-09-25,6.4
1975-09-26,6.43
1975-09-29,6.43
1975-09-30,6.58
1975-10-01,6.53
1975-10-02,6.48
1975-10-03,6.29
1975-10-06,6.24
1975-10-07,6.33
1975-10-08,6.27
1975-10-09,6.22
1975-10-10,6.09
1975-10-13,6.09
1975-10-14,6.09
1975-10-15,6.1
1975-10-16,5.97
1975-10-17,5.89
1975-10-20,5.9
1975-10-21,5.66
1975-10-22,5.73
1975-10-23,5.72
1975-10-24,5.66
1975-10-27,5.72
1975-10-28,5.63
1975-10-29,5.56
1975-10-30,5.46
1975-10-31,5.51
1975-11-03,5.57
1975-11-04,5.550000000000001
1975-11-05,5.53
1975-11-06,5.51
1975-11-07,5.38
1975-11-10,5.3
1975-11-11,5.33
1975-11-12,5.36
1975-11-13,5.37
1975-11-14,5.45
1975-11-17,5.45
1975-11-18,5.47
1975-11-19,5.47
1975-11-20,5.46
1975-11-21,5.6
1975-11-24,5.52
1975-11-25,5.56
1975-11-26,5.55
1975-11-28,5.54
1975-12-01,5.55
1975-12-02,5.57
1975-12-03,5.56
1975-12-04,5.61
1975-12-05,5.58
1975-12-08,5.58
1975-12-09,5.68
1975-12-10,5.64
1975-12-11,5.56
1975-12-12,5.56
1975-12-15,5.51
1975-12-16,5.51
1975-12-17,5.45
1975-12-18,5.44
1975-12-19,5.28
1975-12-22,5.34
1975-12-23,5.33
1975-12-24,5.27
1975-12-26,5.17
1975-12-29,5.18
1975-12-30,5.18
1975-12-31,5.2
1976-01-02,5.2
1976-01-05,5.23
1976-01-06,5.15
1976-01-07,5.08
1976-01-08,5.0
1976-01-09,4.87
1976-01-12,4.83
1976-01-13,4.83
1976-01-14,4.85
1976-01-15,4.84
1976-01-16,4.87
1976-01-19,4.79
1976-01-20,4.83
1976-01-21,4.79
1976-01-22,4.79
1976-01-23,4.68
1976-01-26,4.74
1976-01-27,4.75
1976-01-28,4.71
1976-01-29,4.68
1976-01-30,4.73
1976-02-02,4.8
1976-02-03,4.91
1976-02-04,4.96
1976-02-05,4.92
1976-02-06,4.9
1976-02-09,4.84
1976-02-10,4.87
1976-02-11,4.83
1976-02-12,4.84
1976-02-13,4.85
1976-02-17,4.88
1976-02-18,4.92
1976-02-19,4.88
1976-02-20,4.81
1976-02-23,4.84
1976-02-24,4.9
1976-02-25,4.87
1976-02-26,4.88
1976-02-27,5.0
1976-03-01,5.2
1976-03-02,5.25
1976-03-03,5.2
1976-03-04,5.22
1976-03-05,5.13
1976-03-08,5.07
1976-03-09,5.0
1976-03-10,4.97
1976-03-11,4.99
1976-03-12,4.9
1976-03-15,4.94
1976-03-16,5.01
1976-03-17,5.0
1976-03-18,4.98
1976-03-19,4.96
1976-03-22,4.86
1976-03-23,4.89
1976-03-24,4.86
1976-03-25,4.85
1976-03-26,4.88
1976-03-29,4.9
1976-03-30,4.99
1976-03-31,4.97
1976-04-01,5.01
1976-04-02,4.96
1976-04-05,4.91
1976-04-06,4.9
1976-04-07,4.93
1976-04-08,4.9
1976-04-09,4.89
1976-04-12,4.84
1976-04-13,4.78
1976-04-14,4.79
1976-04-15,4.78
1976-04-19,4.77
1976-04-20,4.73
1976-04-21,4.69
1976-04-22,4.78
1976-04-23,4.92
1976-04-26,4.9
1976-04-27,4.89
1976-04-28,4.85
1976-04-29,4.86
1976-04-30,4.91
1976-05-03,4.88
1976-05-04,4.87
1976-05-05,4.86
1976-05-06,4.92
1976-05-07,5.0
1976-05-10,5.06
1976-05-11,5.08
1976-05-12,5.14
1976-05-13,5.1
1976-05-14,5.16
1976-05-17,5.22
1976-05-18,5.28
1976-05-19,5.31
1976-05-20,5.39
1976-05-21,5.44
1976-05-24,5.45
1976-05-25,5.46
1976-05-26,5.46
1976-05-27,5.49
1976-05-28,5.49
1976-06-01,5.55
1976-06-02,5.57
1976-06-03,5.52
1976-06-04,5.46
1976-06-07,5.45
1976-06-08,5.45
1976-06-09,5.44
1976-06-10,5.43
1976-06-11,5.42
1976-06-14,5.4
1976-06-15,5.37
1976-06-16,5.4
1976-06-17,5.38
1976-06-18,5.35
1976-06-21,5.36
1976-06-22,5.38
1976-06-23,5.33
1976-06-24,5.31
1976-06-25,5.31
1976-06-28,5.35
1976-06-29,5.37
1976-06-30,5.37
1976-07-01,5.36
1976-07-02,5.35
1976-07-06,5.39
1976-07-07,5.4
1976-07-08,5.33
1976-07-09,5.25
1976-07-12,5.16
1976-07-13,5.15
1976-07-14,5.15
1976-07-15,5.11
1976-07-16,5.2
1976-07-19,5.23
1976-07-20,5.24
1976-07-21,5.23
1976-07-22,5.23
1976-07-23,5.21
1976-07-26,5.19
1976-07-27,5.15
1976-07-28,5.17
1976-07-29,5.16
1976-07-30,5.17
1976-08-02,5.11
1976-08-03,5.14
1976-08-04,5.19
1976-08-05,5.19
1976-08-06,5.18
1976-08-09,5.18
1976-08-10,5.18
1976-08-11,5.17
1976-08-12,5.16
1976-08-13,5.16
1976-08-16,5.14
1976-08-17,5.15
1976-08-18,5.15
1976-08-19,5.15
1976-08-20,5.17
1976-08-23,5.14
1976-08-24,5.11
1976-08-25,5.1
1976-08-26,5.08
1976-08-27,5.13
1976-08-30,5.07
1976-08-31,5.09
1976-09-01,5.09
1976-09-02,5.1
1976-09-03,5.09
1976-09-07,5.09
1976-09-08,5.1
1976-09-09,5.12
1976-09-10,5.11
1976-09-13,5.12
1976-09-14,5.12
1976-09-15,5.11
1976-09-16,5.1
1976-09-17,5.06
1976-09-20,5.06
1976-09-21,5.03
1976-09-22,5.03
1976-09-23,5.04
1976-09-24,5.11
1976-09-27,5.08
1976-09-28,5.06
1976-09-29,5.07
1976-09-30,5.06
1976-10-01,5.04
1976-10-04,5.08
1976-10-05,5.1
1976-10-06,5.07
1976-10-07,5.03
1976-10-08,4.92
1976-10-11,4.904999999999999
1976-10-12,4.89
1976-10-13,4.9
1976-10-14,4.85
1976-10-15,4.79
1976-10-18,4.79
1976-10-19,4.84
1976-10-20,4.84
1976-10-21,4.85
1976-10-22,4.89
1976-10-25,4.94
1976-10-26,4.9
1976-10-27,4.88
1976-10-28,4.88
1976-10-29,4.89
1976-11-01,4.84
1976-11-03,4.85
1976-11-04,4.79
1976-11-05,4.84
1976-11-08,4.89
1976-11-09,4.93
1976-11-10,4.92
1976-11-11,4.92
1976-11-12,4.92
1976-11-15,4.9
1976-11-16,4.83
1976-11-17,4.81
1976-11-18,4.81
1976-11-19,4.67
1976-11-22,4.61
1976-11-23,4.64
1976-11-24,4.63
1976-11-26,4.51
1976-11-29,4.49
1976-11-30,4.42
1976-12-01,4.41
1976-12-02,4.4
1976-12-03,4.38
1976-12-06,4.38
1976-12-07,4.4
1976-12-08,4.44
1976-12-09,4.44
1976-12-10,4.37
1976-12-13,4.38
1976-12-14,4.34
1976-12-15,4.33
1976-12-16,4.33
1976-12-17,4.25
1976-12-20,4.24
1976-12-21,4.27
1976-12-22,4.28
1976-12-23,4.28
1976-12-27,4.3
1976-12-28,4.35
1976-12-29,4.37
1976-12-30,4.34
1976-12-31,4.34
1977-01-03,4.39
1977-01-04,4.49
1977-01-05,4.47
1977-01-06,4.5
1977-01-07,4.62
1977-01-10,4.61
1977-01-11,4.6
1977-01-12,4.57
1977-01-13,4.52
1977-01-14,4.61
1977-01-17,4.65
1977-01-18,4.69
1977-01-19,4.63
1977-01-20,4.63
1977-01-21,4.65
1977-01-24,4.71
1977-01-25,4.7
1977-01-26,4.71
1977-01-27,4.77
1977-01-28,4.73
1977-01-31,4.72
1977-02-01,4.74
1977-02-02,4.76
1977-02-03,4.73
1977-02-04,4.62
1977-02-07,4.62
1977-02-08,4.63
1977-02-09,4.62
1977-02-10,4.63
1977-02-11,4.61
1977-02-14,4.63
1977-02-15,4.63
1977-02-16,4.62
1977-02-17,4.61
1977-02-18,4.66
1977-02-22,4.69
1977-02-23,4.7
1977-02-24,4.73
1977-02-25,4.71
1977-02-28,4.7
1977-03-01,4.7
1977-03-02,4.64
1977-03-03,4.61
1977-03-04,4.63
1977-03-07,4.65
1977-03-08,4.66
1977-03-09,4.63
1977-03-10,4.62
1977-03-11,4.59
1977-03-14,4.57
1977-03-15,4.57
1977-03-16,4.62
1977-03-17,4.62
1977-03-18,4.59
1977-03-21,4.56
1977-03-22,4.56
1977-03-23,4.54
1977-03-24,4.59
1977-03-25,4.62
1977-03-28,4.59
1977-03-29,4.59
1977-03-30,4.57
1977-03-31,4.54
1977-04-01,4.54
1977-04-04,4.55
1977-04-05,4.6
1977-04-06,4.58
1977-04-07,4.58
1977-04-11,4.56
1977-04-12,4.59
1977-04-13,4.57
1977-04-14,4.52
1977-04-15,4.52
1977-04-18,4.51
1977-04-19,4.52
1977-04-20,4.5
1977-04-21,4.48
1977-04-22,4.53
1977-04-25,4.53
1977-04-26,4.5
1977-04-27,4.45
1977-04-28,4.39
1977-04-29,4.69
1977-05-02,4.75
1977-05-03,4.75
1977-05-04,4.69
1977-05-05,4.74
1977-05-06,4.8
1977-05-09,4.81
1977-05-10,4.94
1977-05-11,5.04
1977-05-12,5.0
1977-05-13,4.99
1977-05-16,4.99
1977-05-17,5.0
1977-05-18,4.98
1977-05-19,5.09
1977-05-20,5.17
1977-05-23,5.13
1977-05-24,5.1
1977-05-25,5.06
1977-05-26,5.03
1977-05-27,4.99
1977-05-31,5.03
1977-06-01,5.04
1977-06-02,5.04
1977-06-03,5.02
1977-06-06,5.04
1977-06-07,5.05
1977-06-08,5.06
1977-06-09,5.08
1977-06-10,5.06
1977-06-13,5.03
1977-06-14,5.01
1977-06-15,5.02
1977-06-16,5.02
1977-06-17,4.99
1977-06-20,5.01
1977-06-21,5.03
1977-06-22,5.02
1977-06-23,5.02
1977-06-24,4.98
1977-06-27,4.93
1977-06-28,4.96
1977-06-29,4.97
1977-06-30,4.98
1977-07-01,5.02
1977-07-05,5.12
1977-07-06,5.12
1977-07-07,5.11
1977-07-08,5.13
1977-07-11,5.14
1977-07-12,5.16
1977-07-13,5.16
1977-07-15,5.18
1977-07-18,5.18
1977-07-19,5.22
1977-07-20,5.23
1977-07-21,5.23
1977-07-22,5.17
1977-07-25,5.16
1977-07-26,5.16
1977-07-27,5.25
1977-07-28,5.39
1977-07-29,5.4
1977-08-01,5.35
1977-08-02,5.4
1977-08-03,5.33
1977-08-04,5.35
1977-08-05,5.34
1977-08-08,5.32
1977-08-09,5.53
1977-08-10,5.46
1977-08-11,5.52
1977-08-12,5.51
1977-08-15,5.54
1977-08-16,5.67
1977-08-17,5.6
1977-08-18,5.53
1977-08-19,5.48
1977-08-22,5.47
1977-08-23,5.55
1977-08-24,5.55
1977-08-25,5.53
1977-08-26,5.54
1977-08-29,5.57
1977-08-30,5.59
1977-08-31,5.56
1977-09-01,5.56
1977-09-02,5.53
1977-09-06,5.58
1977-09-07,5.6
1977-09-08,5.61
1977-09-09,5.8
1977-09-12,5.82
1977-09-13,5.9
1977-09-14,5.87
1977-09-15,5.87
1977-09-16,5.86
1977-09-19,5.86
1977-09-20,5.87
1977-09-21,5.87
1977-09-22,5.96
1977-09-23,5.95
1977-09-26,5.97
1977-09-27,5.92
1977-09-28,5.86
1977-09-29,5.83
1977-09-30,5.89
1977-10-03,5.95
1977-10-04,6.1
1977-10-05,6.13
1977-10-06,6.13
1977-10-07,6.12
1977-10-10,6.195
1977-10-11,6.27
1977-10-12,6.36
1977-10-13,6.36
1977-10-14,6.29
1977-10-17,6.28
1977-10-18,6.28
1977-10-19,6.14
1977-10-20,6.09
1977-10-21,6.08
1977-10-24,6.13
1977-10-25,6.15
1977-10-26,6.1
1977-10-27,6.05
1977-10-28,6.01
1977-10-31,6.18
1977-11-01,6.22
1977-11-02,6.22
1977-11-03,6.2
1977-11-04,6.17
1977-11-07,6.16
1977-11-08,6.155
1977-11-09,6.15
1977-11-10,6.13
1977-11-11,6.109999999999999
1977-11-14,6.09
1977-11-15,6.1
1977-11-16,6.09
1977-11-17,6.05
1977-11-18,6.04
1977-11-21,6.07
1977-11-22,6.08
1977-11-23,6.05
1977-11-25,6.04
1977-11-28,6.04
1977-11-29,6.05
1977-11-30,6.04
1977-12-01,6.03
1977-12-02,6.02
1977-12-05,6.01
1977-12-06,6.07
1977-12-07,6.1
1977-12-08,6.08
1977-12-09,6.07
1977-12-12,6.07
1977-12-13,6.05
1977-12-14,6.05
1977-12-15,6.01
1977-12-16,5.99
1977-12-19,5.95
1977-12-20,6.01
1977-12-21,6.0
1977-12-22,6.11
1977-12-23,6.1
1977-12-27,6.16
1977-12-28,6.19
1977-12-29,6.17
1977-12-30,6.13
1978-01-03,6.18
1978-01-04,6.16
1978-01-05,6.2
1978-01-06,6.25
1978-01-09,6.64
1978-01-10,6.65
1978-01-11,6.68
1978-01-12,6.56
1978-01-13,6.48
1978-01-16,6.46
1978-01-17,6.5
1978-01-18,6.5
1978-01-19,6.48
1978-01-20,6.48
1978-01-23,6.43
1978-01-24,6.44
1978-01-25,6.46
1978-01-26,6.43
1978-01-27,6.42
1978-01-30,6.43
1978-01-31,6.42
1978-02-01,6.41
1978-02-02,6.42
1978-02-03,6.42
1978-02-06,6.45
1978-02-07,6.46
1978-02-08,6.44
1978-02-09,6.43
1978-02-10,6.44
1978-02-13,6.455
1978-02-14,6.47
1978-02-15,6.5
1978-02-16,6.51
1978-02-17,6.45
1978-02-21,6.5
1978-02-22,6.47
1978-02-23,6.43
1978-02-24,6.4
1978-02-27,6.4
1978-02-28,6.42
1978-03-01,6.42
1978-03-02,6.39
1978-03-03,6.34
1978-03-06,6.32
1978-03-07,6.32
1978-03-08,6.29
1978-03-09,6.25
1978-03-10,6.28
1978-03-13,6.27
1978-03-14,6.3
1978-03-15,6.27
1978-03-16,6.25
1978-03-17,6.24
1978-03-20,6.16
1978-03-21,6.22
1978-03-22,6.22
1978-03-23,6.24
1978-03-27,6.28
1978-03-28,6.28
1978-03-29,6.28
1978-03-30,6.37
1978-03-31,6.47
1978-04-03,6.31
1978-04-04,6.39
1978-04-05,6.42
1978-04-06,6.41
1978-04-07,6.34
1978-04-10,6.34
1978-04-11,6.35
1978-04-12,6.33
1978-04-13,6.29
1978-04-14,6.14
1978-04-17,6.1
1978-04-18,6.15
1978-04-19,6.32
1978-04-20,6.3
1978-04-21,6.25
1978-04-24,6.09
1978-04-25,6.22
1978-04-26,6.25
1978-04-27,6.37
1978-04-28,6.35
1978-05-01,6.31
1978-05-02,6.46
1978-05-03,6.39
1978-05-04,6.33
1978-05-05,6.43
1978-05-08,6.36
1978-05-09,6.45
1978-05-10,6.39
1978-05-11,6.32
1978-05-12,6.33
1978-05-15,6.25
1978-05-16,6.34
1978-05-17,6.28
1978-05-18,6.35
1978-05-19,6.39
1978-05-22,6.42
1978-05-23,6.48
1978-05-24,6.51
1978-05-25,6.5
1978-05-26,6.63
1978-05-30,6.640000000000001
1978-05-31,6.65
1978-06-01,6.61
1978-06-02,6.59
1978-06-05,6.59
1978-06-06,6.61
1978-06-07,6.64
1978-06-08,6.63
1978-06-09,6.65
1978-06-12,6.62
1978-06-13,6.63
1978-06-14,6.63
1978-06-15,6.66
1978-06-16,6.72
1978-06-19,6.69
1978-06-20,6.74
1978-06-21,6.84
1978-06-22,6.81
1978-06-23,6.86
1978-06-26,6.88
1978-06-27,6.94
1978-06-28,6.88
1978-06-29,6.92
1978-06-30,7.01
1978-07-03,6.95
1978-07-05,7.07
1978-07-06,7.06
1978-07-07,7.13
1978-07-10,7.16
1978-07-11,7.2
1978-07-12,7.19
1978-07-13,7.18
1978-07-14,7.07
1978-07-17,6.99
1978-07-18,7.09
1978-07-19,7.06
1978-07-20,7.07
1978-07-21,7.02
1978-07-24,6.83
1978-07-25,6.92
1978-07-26,6.9
1978-07-27,6.76
1978-07-28,6.74
1978-07-31,6.76
1978-08-01,6.88
1978-08-02,6.76
1978-08-03,6.8
1978-08-04,6.78
1978-08-07,6.76
1978-08-08,6.72
1978-08-09,6.74
1978-08-10,6.85
1978-08-11,6.86
1978-08-14,6.88
1978-08-15,6.99
1978-08-16,7.24
1978-08-17,7.19
1978-08-18,7.3
1978-08-21,7.26
1978-08-22,7.28
1978-08-23,7.22
1978-08-24,7.24
1978-08-25,7.24
1978-08-28,7.33
1978-08-29,7.45
1978-08-30,7.48
1978-08-31,7.54
1978-09-01,7.7
1978-09-05,7.57
1978-09-06,7.58
1978-09-07,7.59
1978-09-08,7.67
1978-09-11,7.71
1978-09-12,7.75
1978-09-13,7.76
1978-09-14,7.77
1978-09-15,7.88
1978-09-18,7.9
1978-09-19,7.95
1978-09-20,8.08
1978-09-21,8.04
1978-09-22,8.15
1978-09-25,8.09
1978-09-26,8.01
1978-09-27,7.89
1978-09-28,7.83
1978-09-29,7.98
1978-10-02,7.98
1978-10-03,8.16
1978-10-04,8.18
1978-10-05,8.19
1978-10-06,8.19
1978-10-09,8.2
1978-10-10,8.21
1978-10-11,8.09
1978-10-12,7.78
1978-10-13,7.82
1978-10-16,7.88
1978-10-17,8.15
1978-10-18,7.94
1978-10-19,7.75
1978-10-20,7.75
1978-10-23,7.52
1978-10-24,7.77
1978-10-25,7.54
1978-10-26,7.76
1978-10-27,7.93
1978-10-30,8.47
1978-10-31,8.75
1978-11-01,8.85
1978-11-02,8.76
1978-11-03,8.8
1978-11-06,8.84
1978-11-07,8.915
1978-11-08,8.99
1978-11-09,8.82
1978-11-10,8.51
1978-11-13,8.23
1978-11-14,8.3
1978-11-15,8.02
1978-11-16,8.17
1978-11-17,7.98
1978-11-20,8.21
1978-11-21,8.83
1978-11-22,8.63
1978-11-24,8.86
1978-11-27,8.96
1978-11-28,9.12
1978-11-29,8.98
1978-11-30,9.01
1978-12-01,8.85
1978-12-04,8.95
1978-12-05,8.95
1978-12-06,8.89
1978-12-07,8.9
1978-12-08,8.95
1978-12-11,8.93
1978-12-12,8.86
1978-12-13,8.88
1978-12-14,8.9
1978-12-15,9.08
1978-12-18,9.26
1978-12-19,9.21
1978-12-20,9.25
1978-12-21,9.29
1978-12-22,9.37
1978-12-26,9.36
1978-12-27,9.19
1978-12-28,9.2
1978-12-29,9.26
1979-01-02,9.41
1979-01-03,9.31
1979-01-04,9.31
1979-01-05,9.34
1979-01-08,9.36
1979-01-09,9.27
1979-01-10,9.25
1979-01-11,9.28
1979-01-12,9.35
1979-01-15,9.44
1979-01-16,9.44
1979-01-17,9.44
1979-01-18,9.46
1979-01-19,9.4
1979-01-22,9.34
1979-01-23,9.36
1979-01-24,9.35
1979-01-25,9.33
1979-01-26,9.34
1979-01-29,9.35
1979-01-30,9.27
1979-01-31,9.29
1979-02-01,9.25
1979-02-02,9.25
1979-02-05,9.18
1979-02-06,9.21
1979-02-07,9.25
1979-02-08,9.24
1979-02-09,9.31
1979-02-12,9.3
1979-02-13,9.29
1979-02-14,9.27
1979-02-15,9.26
1979-02-16,9.29
1979-02-20,9.38
1979-02-21,9.42
1979-02-22,9.41
1979-02-23,9.44
1979-02-26,9.46
1979-02-27,9.47
1979-02-28,9.45
1979-03-01,9.4
1979-03-02,9.41
1979-03-05,9.4
1979-03-06,9.42
1979-03-07,9.42
1979-03-08,9.42
1979-03-09,9.52
1979-03-12,9.51
1979-03-13,9.51
1979-03-14,9.52
1979-03-15,9.49
1979-03-16,9.52
1979-03-19,9.5
1979-03-20,9.52
1979-03-21,9.56
1979-03-22,9.56
1979-03-23,9.55
1979-03-26,9.54
1979-03-27,9.49
1979-03-28,9.43
1979-03-29,9.39
1979-03-30,9.44
1979-04-02,9.54
1979-04-03,9.52
1979-04-04,9.49
1979-04-05,9.49
1979-04-06,9.6
1979-04-09,9.62
1979-04-10,9.75
1979-04-11,9.72
1979-04-12,9.69
1979-04-16,9.66
1979-04-17,9.5
1979-04-18,9.29
1979-04-19,9.3
1979-04-20,9.31
1979-04-23,9.2
1979-04-24,9.1
1979-04-25,9.07
1979-04-26,9.14
1979-04-27,9.66
1979-04-30,9.56
1979-05-01,9.5
1979-05-02,9.55
1979-05-03,9.61
1979-05-04,9.68
1979-05-07,9.66
1979-05-08,9.66
1979-05-09,9.64
1979-05-10,9.64
1979-05-11,9.56
1979-05-14,9.55
1979-05-15,9.6
1979-05-16,9.57
1979-05-17,9.57
1979-05-18,9.72
1979-05-21,9.77
1979-05-22,9.7
1979-05-23,9.67
1979-05-24,9.53
1979-05-25,9.54
1979-05-29,9.55
1979-05-30,9.56
1979-05-31,9.57
1979-06-01,9.52
1979-06-04,9.54
1979-06-05,9.44
1979-06-06,9.35
1979-06-07,9.29
1979-06-08,9.18
1979-06-11,9.06
1979-06-12,8.88
1979-06-13,8.87
1979-06-14,8.9
1979-06-15,9.15
1979-06-18,8.95
1979-06-19,8.97
1979-06-20,8.94
1979-06-21,8.96
1979-06-22,8.99
1979-06-25,8.75
1979-06-26,8.76
1979-06-27,8.81
1979-06-28,8.9
1979-06-29,8.95
1979-07-02,8.93
1979-07-03,9.06
1979-07-05,9.19
1979-07-06,9.2
1979-07-09,9.26
1979-07-10,9.32
1979-07-11,9.27
1979-07-12,9.26
1979-07-13,9.3
1979-07-16,9.36
1979-07-17,9.28
1979-07-18,9.25
1979-07-19,9.26
1979-07-20,9.42
1979-07-23,9.44
1979-07-24,9.38
1979-07-25,9.22
1979-07-26,9.13
1979-07-27,9.23
1979-07-30,9.09
1979-07-31,9.18
1979-08-01,9.16
1979-08-02,9.33
1979-08-03,9.38
1979-08-06,9.34
1979-08-07,9.4
1979-08-08,9.4
1979-08-09,9.4
1979-08-10,9.46
1979-08-13,9.47
1979-08-14,9.49
1979-08-15,9.55
1979-08-16,9.52
1979-08-17,9.58
1979-08-20,9.5
1979-08-21,9.54
1979-08-22,9.56
1979-08-23,9.53
1979-08-24,9.64
1979-08-27,9.65
1979-08-28,9.74
1979-08-29,9.77
1979-08-30,9.75
1979-08-31,9.81
1979-09-04,10.02
1979-09-05,10.07
1979-09-06,10.27
1979-09-07,10.42
1979-09-10,10.55
1979-09-11,10.45
1979-09-12,10.45
1979-09-13,10.5
1979-09-14,10.29
1979-09-17,10.37
1979-09-18,10.4
1979-09-19,10.2
1979-09-20,10.21
1979-09-21,10.1
1979-09-24,10.03
1979-09-25,10.06
1979-09-26,10.22
1979-09-27,10.28
1979-09-28,10.12
1979-10-01,10.15
1979-10-02,10.37
1979-10-03,10.39
1979-10-04,10.56
1979-10-05,10.7
1979-10-08,11.26
1979-10-09,11.82
1979-10-10,11.74
1979-10-11,11.57
1979-10-12,11.35
1979-10-15,11.6
1979-10-16,11.84
1979-10-17,11.69
1979-10-18,12.05
1979-10-19,12.37
1979-10-22,12.84
1979-10-23,13.01
1979-10-24,12.72
1979-10-25,12.53
1979-10-26,11.91
1979-10-29,12.02
1979-10-30,12.08
1979-10-31,12.12
1979-11-01,12.06
1979-11-02,12.05
1979-11-05,12.06
1979-11-06,12.27
1979-11-07,12.48
1979-11-08,12.44
1979-11-09,12.0
1979-11-12,12.03
1979-11-13,12.06
1979-11-14,11.94
1979-11-15,11.7
1979-11-16,11.91
1979-11-19,11.99
1979-11-20,11.92
1979-11-21,11.81
1979-11-23,11.34
1979-11-26,11.05
1979-11-27,11.09
1979-11-28,11.4
1979-11-29,11.27
1979-11-30,11.49
1979-12-03,11.83
1979-12-04,11.68
1979-12-05,11.64
1979-12-06,11.65
1979-12-07,11.93
1979-12-10,12.09
1979-12-11,12.29
1979-12-12,12.6
1979-12-13,12.42
1979-12-14,12.3
1979-12-17,12.24
1979-12-18,12.17
1979-12-19,11.91
1979-12-20,11.9
1979-12-21,12.08
1979-12-24,12.05
1979-12-26,12.0
1979-12-27,11.97
1979-12-28,11.92
1979-12-31,12.04
1980-01-02,12.17
1980-01-03,12.1
1980-01-04,12.1
1980-01-07,11.86
1980-01-08,11.78
1980-01-09,11.76
1980-01-10,11.45
1980-01-11,11.76
1980-01-14,11.84
1980-01-15,11.87
1980-01-16,11.82
1980-01-17,11.94
1980-01-18,12.07
1980-01-21,12.23
1980-01-22,12.16
1980-01-23,12.02
1980-01-24,12.17
1980-01-25,12.29
1980-01-28,12.18
1980-01-29,12.26
1980-01-30,12.13
1980-01-31,12.0
1980-02-01,12.17
1980-02-04,11.98
1980-02-05,12.22
1980-02-06,12.06
1980-02-07,11.92
1980-02-08,12.07
1980-02-11,12.22
1980-02-12,12.2
1980-02-13,12.18
1980-02-14,12.23
1980-02-15,12.8
1980-02-19,13.4
1980-02-20,13.3
1980-02-21,13.42
1980-02-22,13.38
1980-02-25,13.65
1980-02-26,13.85
1980-02-27,13.84
1980-02-28,13.57
1980-02-29,14.01
1980-03-03,15.0
1980-03-04,15.15
1980-03-05,15.37
1980-03-06,15.7
1980-03-07,15.63
1980-03-10,15.26
1980-03-11,15.38
1980-03-12,15.6
1980-03-13,15.12
1980-03-14,15.25
1980-03-17,14.67
1980-03-18,14.62
1980-03-19,14.33
1980-03-20,15.02
1980-03-21,15.15
1980-03-24,15.93
1980-03-25,16.0
1980-03-26,15.93
1980-03-27,15.12
1980-03-28,14.75
1980-03-31,14.24
1980-04-01,15.03
1980-04-02,14.88
1980-04-03,14.97
1980-04-07,14.41
1980-04-08,14.48
1980-04-09,14.31
1980-04-10,14.3
1980-04-11,13.99
1980-04-14,13.84
1980-04-15,13.82
1980-04-16,13.5
1980-04-17,13.5
1980-04-18,13.2
1980-04-21,12.93
1980-04-22,12.25
1980-04-23,12.01
1980-04-24,11.91
1980-04-25,11.81
1980-04-28,11.0
1980-04-29,10.74
1980-04-30,10.39
1980-05-01,10.36
1980-05-02,9.85
1980-05-05,9.66
1980-05-06,9.5
1980-05-07,8.98
1980-05-08,8.75
1980-05-09,8.81
1980-05-12,8.6
1980-05-13,8.28
1980-05-14,8.14
1980-05-15,8.61
1980-05-16,9.04
1980-05-19,8.89
1980-05-20,8.29
1980-05-21,8.06
1980-05-22,7.95
1980-05-23,7.54
1980-05-27,7.52
1980-05-28,7.66
1980-05-29,7.88
1980-05-30,7.75
1980-06-02,7.9
1980-06-03,7.61
1980-06-04,7.41
1980-06-05,7.36
1980-06-06,7.29
1980-06-09,6.87
1980-06-10,6.64
1980-06-11,6.3
1980-06-12,6.2
1980-06-13,6.18
1980-06-16,6.37
1980-06-17,6.74
1980-06-18,6.97
1980-06-19,6.98
1980-06-20,6.74
1980-06-23,7.14
1980-06-24,7.3
1980-06-25,7.42
1980-06-26,7.56
1980-06-27,7.7
1980-06-30,7.88
1980-07-01,8.04
1980-07-02,7.94
1980-07-03,7.81
1980-07-07,8.24
1980-07-08,8.06
1980-07-09,7.97
1980-07-10,7.96
1980-07-11,8.17
1980-07-14,8.18
1980-07-15,8.05
1980-07-16,7.76
1980-07-17,7.96
1980-07-18,7.96
1980-07-21,7.86
1980-07-22,7.88
1980-07-23,7.83
1980-07-24,8.01
1980-07-25,8.05
1980-07-28,8.21
1980-07-29,8.3
1980-07-30,8.38
1980-07-31,8.62
1980-08-01,8.7
1980-08-04,8.64
1980-08-05,8.72
1980-08-06,8.55
1980-08-07,8.38
1980-08-08,8.62
1980-08-11,8.83
1980-08-12,8.64
1980-08-13,8.55
1980-08-14,8.45
1980-08-15,8.54
1980-08-18,9.11
1980-08-19,9.38
1980-08-20,9.31
1980-08-21,9.7
1980-08-22,9.54
1980-08-25,9.78
1980-08-26,9.94
1980-08-27,10.07
1980-08-28,10.32
1980-08-29,9.96
1980-09-02,9.87
1980-09-03,9.74
1980-09-04,9.75
1980-09-05,9.77
1980-09-08,10.1
1980-09-09,10.04
1980-09-10,9.94
1980-09-11,10.14
1980-09-12,10.22
1980-09-15,10.47
1980-09-16,10.29
1980-09-17,10.34
1980-09-18,10.15
1980-09-19,10.03
1980-09-22,10.56
1980-09-23,10.33
1980-09-24,10.16
1980-09-25,10.36
1980-09-26,10.82
1980-09-29,11.18
1980-09-30,11.44
1980-10-01,11.45
1980-10-02,11.53
1980-10-03,11.33
1980-10-06,11.14
1980-10-07,11.3
1980-10-08,11.38
1980-10-09,11.14
1980-10-10,11.25
1980-10-13,11.215
1980-10-14,11.18
1980-10-15,10.91
1980-10-16,10.98
1980-10-17,11.2
1980-10-20,11.31
1980-10-21,11.64
1980-10-22,11.81
1980-10-23,11.79
1980-10-24,11.74
1980-10-27,12.31
1980-10-28,12.49
1980-10-29,12.52
1980-10-30,12.54
1980-10-31,12.71
1980-11-03,13.17
1980-11-05,13.4
1980-11-06,13.5
1980-11-07,13.04
1980-11-10,13.48
1980-11-11,13.33
1980-11-12,13.18
1980-11-13,13.09
1980-11-14,13.39
1980-11-17,14.19
1980-11-18,13.69
1980-11-19,13.72
1980-11-20,13.96
1980-11-21,14.32
1980-11-24,14.41
1980-11-25,14.16
1980-11-26,14.2
1980-11-28,14.48
1980-12-01,14.71
1980-12-02,14.82
1980-12-03,14.66
1980-12-04,14.86
1980-12-05,15.84
1980-12-08,16.53
1980-12-09,16.72
1980-12-10,16.88
1980-12-11,17.14
1980-12-12,16.55
1980-12-15,16.77
1980-12-16,16.7
1980-12-17,16.47
1980-12-18,16.2
1980-12-19,14.93
1980-12-22,14.84
1980-12-23,14.49
1980-12-24,14.71
1980-12-26,14.45
1980-12-29,14.18
1980-12-30,14.12
1980-12-31,14.3
1981-01-02,14.65
1981-01-05,13.52
1981-01-06,13.58
1981-01-07,14.5
1981-01-08,14.76
1981-01-09,15.2
1981-01-12,15.22
1981-01-13,15.24
1981-01-14,15.08
1981-01-15,15.25
1981-01-16,15.15
1981-01-19,15.79
1981-01-20,15.32
1981-01-21,15.71
1981-01-22,15.72
1981-01-23,15.7
1981-01-26,15.35
1981-01-27,15.2
1981-01-28,15.06
1981-01-29,14.87
1981-01-30,14.59
1981-02-02,14.9
1981-02-03,14.85
1981-02-04,14.67
1981-02-05,14.74
1981-02-06,15.32
1981-02-09,15.52
1981-02-10,15.46
1981-02-11,15.54
1981-02-12,15.525
1981-02-13,15.51
1981-02-17,15.14
1981-02-18,15.02
1981-02-19,14.48
1981-02-20,14.09
1981-02-23,14.23
1981-02-24,14.15
1981-02-25,14.2
1981-02-26,14.14
1981-02-27,14.22
1981-03-02,14.52
1981-03-03,14.39
1981-03-04,14.49
1981-03-05,14.51
1981-03-06,14.29
1981-03-09,14.16
1981-03-10,13.99
1981-03-11,13.92
1981-03-12,13.66
1981-03-13,13.21
1981-03-16,13.02
1981-03-17,12.95
1981-03-18,12.45
1981-03-19,12.36
1981-03-20,12.36
1981-03-23,12.83
1981-03-24,12.84
1981-03-25,12.83
1981-03-26,12.97
1981-03-27,13.08
1981-03-30,12.6
1981-03-31,12.46
1981-04-01,12.37
1981-04-02,12.58
1981-04-03,12.97
1981-04-06,14.0
1981-04-07,13.63
1981-04-08,13.66
1981-04-09,13.49
1981-04-10,13.59
1981-04-13,13.78
1981-04-14,13.37
1981-04-15,13.68
1981-04-16,13.79
1981-04-20,13.75
1981-04-21,13.66
1981-04-22,13.58
1981-04-23,13.64
1981-04-24,14.05
1981-04-27,14.28
1981-04-28,14.39
1981-04-29,14.42
1981-04-30,14.86
1981-05-01,14.67
1981-05-04,16.01
1981-05-05,16.61
1981-05-06,16.52
1981-05-07,16.58
1981-05-08,16.48
1981-05-11,16.59
1981-05-12,16.94
1981-05-13,17.01
1981-05-14,16.67
1981-05-15,16.55
1981-05-18,16.2
1981-05-19,16.56
1981-05-20,16.6
1981-05-21,17.0
1981-05-22,16.68
1981-05-26,15.93
1981-05-27,16.01
1981-05-28,15.38
1981-05-29,15.1
1981-06-01,15.5
1981-06-02,15.69
1981-06-03,15.64
1981-06-04,15.81
1981-06-05,15.83
1981-06-08,15.18
1981-06-09,15.01
1981-06-10,14.69
1981-06-11,14.56
1981-06-12,14.53
1981-06-15,13.72
1981-06-16,13.73
1981-06-17,14.24
1981-06-18,15.0
1981-06-19,14.87
1981-06-22,14.36
1981-06-23,14.5
1981-06-24,14.7
1981-06-25,14.24
1981-06-26,14.13
1981-06-29,13.94
1981-06-30,14.28
1981-07-01,14.65
1981-07-02,14.48
1981-07-06,14.35
1981-07-07,14.89
1981-07-08,14.98
1981-07-09,15.13
1981-07-10,14.75
1981-07-13,14.6
1981-07-14,14.78
1981-07-15,14.45
1981-07-16,14.52
1981-07-17,14.43
1981-07-20,15.5
1981-07-21,15.72
1981-07-22,15.68
1981-07-23,15.5
1981-07-24,15.08
1981-07-27,15.11
1981-07-28,15.3
1981-07-29,15.18
1981-07-30,14.87
1981-07-31,14.87
1981-08-03,15.5
1981-08-04,15.48
1981-08-05,15.35
1981-08-06,15.36
1981-08-07,15.44
1981-08-10,15.22
1981-08-11,14.85
1981-08-12,15.28
1981-08-13,15.42
1981-08-14,15.5
1981-08-17,15.74
1981-08-18,15.72
1981-08-19,15.67
1981-08-20,15.62
1981-08-21,15.4
1981-08-24,15.85
1981-08-25,15.78
1981-08-26,15.83
1981-08-27,15.72
1981-08-28,15.38
1981-08-31,15.52
1981-09-01,15.59
1981-09-02,15.66
1981-09-03,15.63
1981-09-04,15.56
1981-09-08,15.65
1981-09-09,15.36
1981-09-10,15.01
1981-09-11,14.52
1981-09-14,14.45
1981-09-15,14.29
1981-09-16,14.34
1981-09-17,14.32
1981-09-18,14.34
1981-09-21,14.27
1981-09-22,14.48
1981-09-23,14.2
1981-09-24,14.21
1981-09-25,14.3
1981-09-28,14.12
1981-09-29,14.16
1981-09-30,14.34
1981-10-01,14.57
1981-10-02,14.65
1981-10-05,14.27
1981-10-06,13.9
1981-10-07,13.85
1981-10-08,13.7
1981-10-09,13.33
1981-10-12,13.415
1981-10-13,13.5
1981-10-14,13.24
1981-10-15,13.36
1981-10-16,13.52
1981-10-19,13.52
1981-10-20,13.46
1981-10-21,13.29
1981-10-22,13.32
1981-10-23,13.24
1981-10-26,13.32
1981-10-27,13.36
1981-10-28,13.22
1981-10-29,13.04
1981-10-30,12.75
1981-11-02,12.69
1981-11-03,12.495
1981-11-04,12.3
1981-11-05,12.18
1981-11-06,11.68
1981-11-09,11.19
1981-11-10,11.15
1981-11-11,10.875
1981-11-12,10.6
1981-11-13,10.78
1981-11-16,10.63
1981-11-17,10.63
1981-11-18,10.07
1981-11-19,10.12
1981-11-20,10.11
1981-11-23,10.49
1981-11-24,10.17
1981-11-25,10.1
1981-11-27,10.17
1981-11-30,10.37
1981-12-01,10.49
1981-12-02,10.62
1981-12-03,10.52
1981-12-04,9.94
1981-12-07,10.22
1981-12-08,10.26
1981-12-09,10.38
1981-12-10,10.68
1981-12-11,10.82
1981-12-14,10.95
1981-12-15,10.89
1981-12-16,10.87
1981-12-17,11.14
1981-12-18,10.87
1981-12-21,11.1
1981-12-22,11.03
1981-12-23,11.32
1981-12-24,11.1
1981-12-28,11.27
1981-12-29,11.7
1981-12-30,11.36
1981-12-31,11.08
1982-01-04,11.39
1982-01-05,11.72
1982-01-06,11.64
1982-01-07,11.66
1982-01-08,11.52
1982-01-11,11.97
1982-01-12,11.96
1982-01-13,12.14
1982-01-14,12.06
1982-01-15,12.21
1982-01-18,12.25
1982-01-19,12.56
1982-01-20,12.72
1982-01-21,12.77
1982-01-22,13.02
1982-01-25,13.32
1982-01-26,13.02
1982-01-27,12.8
1982-01-28,12.28
1982-01-29,12.52
1982-02-01,13.68
1982-02-02,13.61
1982-02-03,13.77
1982-02-04,13.69
1982-02-05,13.63
1982-02-08,13.96
1982-02-09,14.18
1982-02-10,14.15
1982-02-11,14.19
1982-02-12,14.38
1982-02-16,14.57
1982-02-17,14.47
1982-02-18,13.7
1982-02-19,13.49
1982-02-22,12.55
1982-02-23,12.35
1982-02-24,12.0
1982-02-25,12.23
1982-02-26,12.44
1982-03-01,12.27
1982-03-02,12.37
1982-03-03,12.28
1982-03-04,12.18
1982-03-05,12.19
1982-03-08,12.12
1982-03-09,12.36
1982-03-10,12.41
1982-03-11,12.64
1982-03-12,12.81
1982-03-15,12.89
1982-03-16,12.73
1982-03-17,12.76
1982-03-18,12.83
1982-03-19,13.04
1982-03-22,12.65
1982-03-23,12.53
1982-03-24,12.68
1982-03-25,12.75
1982-03-26,13.0
1982-03-29,13.41
1982-03-30,13.43
1982-03-31,13.26
1982-04-01,13.24
1982-04-02,13.26
1982-04-05,13.05
1982-04-06,13.13
1982-04-07,13.18
1982-04-08,13.03
1982-04-12,12.81
1982-04-13,12.73
1982-04-14,12.81
1982-04-15,12.86
1982-04-16,12.64
1982-04-19,12.48
1982-04-20,12.46
1982-04-21,12.19
1982-04-22,12.42
1982-04-23,12.39
1982-04-26,12.44
1982-04-27,12.43
1982-04-28,12.44
1982-04-29,12.44
1982-04-30,12.34
1982-05-03,12.74
1982-05-04,12.73
1982-05-05,12.62
1982-05-06,12.34
1982-05-07,12.25
1982-05-10,12.33
1982-05-11,12.3
1982-05-12,12.4
1982-05-13,12.5
1982-05-14,12.36
1982-05-17,12.32
1982-05-18,12.23
1982-05-19,11.94
1982-05-20,11.5
1982-05-21,11.51
1982-05-24,11.5
1982-05-25,11.57
1982-05-26,11.55
1982-05-27,11.57
1982-05-28,11.5
1982-06-01,12.01
1982-06-02,12.06
1982-06-03,12.07
1982-06-04,12.22
1982-06-07,12.09
1982-06-08,12.17
1982-06-09,12.08
1982-06-10,11.98
1982-06-11,11.99
1982-06-14,12.34
1982-06-15,12.36
1982-06-16,12.31
1982-06-17,12.56
1982-06-18,12.73
1982-06-21,12.56
1982-06-22,12.78
1982-06-23,12.87
1982-06-24,12.99
1982-06-25,13.19
1982-06-28,13.11
1982-06-29,13.02
1982-06-30,12.76
1982-07-01,12.55
1982-07-02,12.59
1982-07-06,12.62
1982-07-07,12.58
1982-07-08,11.95
1982-07-09,11.77
1982-07-12,11.73
1982-07-13,11.95
1982-07-14,12.0
1982-07-15,11.64
1982-07-16,11.21
1982-07-19,11.06
1982-07-20,10.66
1982-07-21,10.75
1982-07-22,10.41
1982-07-23,10.33
1982-07-26,10.45
1982-07-27,10.66
1982-07-28,10.72
1982-07-29,10.53
1982-07-30,10.17
1982-08-02,9.36
1982-08-03,9.8
1982-08-04,9.73
1982-08-05,9.8
1982-08-06,10.31
1982-08-09,9.86
1982-08-10,10.02
1982-08-11,9.97
1982-08-12,9.38
1982-08-13,9.25
1982-08-16,8.67
1982-08-17,8.05
1982-08-18,8.06
1982-08-19,7.52
1982-08-20,7.08
1982-08-23,7.5
1982-08-24,7.61
1982-08-25,7.42
1982-08-26,7.14
1982-08-27,7.84
1982-08-30,8.16
1982-08-31,8.42
1982-09-01,8.42
1982-09-02,8.36
1982-09-03,8.17
1982-09-07,8.39
1982-09-08,8.3
1982-09-09,8.28
1982-09-10,8.37
1982-09-13,8.12
1982-09-14,7.89
1982-09-15,8.14
1982-09-16,8.03
1982-09-17,7.96
1982-09-20,7.78
1982-09-21,7.63
1982-09-22,7.35
1982-09-23,7.28
1982-09-24,7.6
1982-09-27,7.58
1982-09-28,7.48
1982-09-29,7.58
1982-09-30,7.62
1982-10-01,7.35
1982-10-04,7.94
1982-10-05,8.14
1982-10-06,8.05
1982-10-07,7.76
1982-10-08,7.75
1982-10-11,7.564999999999999
1982-10-12,7.38
1982-10-13,7.42
1982-10-14,7.54
1982-10-15,7.56
1982-10-18,7.43
1982-10-19,7.48
1982-10-20,7.56
1982-10-21,7.57
1982-10-22,7.64
1982-10-25,7.87
1982-10-26,7.96
1982-10-27,8.0
1982-10-28,7.91
1982-10-29,7.9
1982-11-01,7.81
1982-11-02,7.8
1982-11-03,7.79
1982-11-04,7.73
1982-11-05,7.78
1982-11-08,7.92
1982-11-09,8.0
1982-11-10,8.08
1982-11-11,8.18
1982-11-12,8.28
1982-11-15,8.43
1982-11-16,8.4
1982-11-17,8.36
1982-11-18,8.27
1982-11-19,8.1
1982-11-22,7.96
1982-11-23,7.95
1982-11-24,7.93
1982-11-26,7.93
1982-11-29,8.26
1982-11-30,8.28
1982-12-01,8.28
1982-12-02,8.04
1982-12-03,7.84
1982-12-06,7.88
1982-12-07,7.93
1982-12-08,7.97
1982-12-09,7.96
1982-12-10,8.04
1982-12-13,8.0
1982-12-14,7.68
1982-12-15,7.63
1982-12-16,7.83
1982-12-17,7.87
1982-12-20,7.88
1982-12-21,7.9
1982-12-22,7.92
1982-12-23,7.92
1982-12-27,7.91
1982-12-28,8.05
1982-12-29,8.14
1982-12-30,8.02
1982-12-31,7.92
1983-01-03,7.92
1983-01-04,8.0
1983-01-05,7.98
1983-01-06,7.94
1983-01-07,7.76
1983-01-10,7.72
1983-01-11,7.69
1983-01-12,7.68
1983-01-13,7.66
1983-01-14,7.55
1983-01-17,7.6
1983-01-18,7.64
1983-01-19,7.68
1983-01-20,7.78
1983-01-21,8.03
1983-01-24,8.1
1983-01-25,8.05
1983-01-26,8.08
1983-01-27,8.02
1983-01-28,8.0
1983-01-31,8.1
1983-02-01,8.16
1983-02-02,8.16
1983-02-03,8.15
1983-02-04,8.25
1983-02-07,8.23
1983-02-08,8.29
1983-02-09,8.28
1983-02-10,8.17
1983-02-11,8.14
1983-02-14,8.24
1983-02-15,8.25
1983-02-16,8.2
1983-02-17,8.1
1983-02-18,7.99
1983-02-22,7.91
1983-02-23,7.96
1983-02-24,7.93
1983-02-25,7.82
1983-02-28,7.93
1983-03-01,7.96
1983-03-02,8.0
1983-03-03,7.95
1983-03-04,8.01
1983-03-07,8.18
1983-03-08,8.3
1983-03-09,8.26
1983-03-10,8.24
1983-03-11,8.27
1983-03-14,8.23
1983-03-15,8.25
1983-03-16,8.3
1983-03-17,8.34
1983-03-18,8.44
1983-03-21,8.5
1983-03-22,8.61
1983-03-23,8.47
1983-03-24,8.51
1983-03-25,8.65
1983-03-28,8.65
1983-03-29,8.63
1983-03-30,8.63
1983-03-31,8.64
1983-04-04,8.64
1983-04-05,8.51
1983-04-06,8.4
1983-04-07,8.36
1983-04-08,8.33
1983-04-11,8.17
1983-04-12,8.2
1983-04-13,8.18
1983-04-14,8.12
1983-04-15,8.14
1983-04-18,8.07
1983-04-19,8.16
1983-04-20,8.1
1983-04-21,8.14
1983-04-22,8.15
1983-04-25,8.15
1983-04-26,8.14
1983-04-27,8.1
1983-04-28,8.1
1983-04-29,8.08
1983-05-02,8.05
1983-05-03,8.04
1983-05-04,8.01
1983-05-05,8.06
1983-05-06,7.98
1983-05-09,8.13
1983-05-10,8.0
1983-05-11,7.96
1983-05-12,8.05
1983-05-13,8.02
1983-05-16,8.15
1983-05-17,8.13
1983-05-18,8.11
1983-05-19,8.14
1983-05-20,8.18
1983-05-23,8.42
1983-05-24,8.47
1983-05-25,8.49
1983-05-26,8.53
1983-05-27,8.48
1983-05-31,8.63
1983-06-01,8.58
1983-06-02,8.5
1983-06-03,8.55
1983-06-06,8.64
1983-06-07,8.82
1983-06-08,8.83
1983-06-09,8.74
1983-06-10,8.78
1983-06-13,8.7
1983-06-14,8.73
1983-06-15,8.72
1983-06-16,8.65
1983-06-17,8.69
1983-06-20,8.96
1983-06-21,8.95
1983-06-22,8.97
1983-06-23,8.93
1983-06-24,9.04
1983-06-27,9.03
1983-06-28,8.98
1983-06-29,8.85
1983-06-30,8.79
1983-07-01,8.73
1983-07-05,9.02
1983-07-06,9.02
1983-07-07,9.1
1983-07-08,9.12
1983-07-11,9.04
1983-07-12,9.14
1983-07-13,9.1
1983-07-14,9.08
1983-07-15,9.14
1983-07-18,9.11
1983-07-19,9.14
1983-07-20,9.07
1983-07-21,9.07
1983-07-22,9.09
1983-07-25,9.07
1983-07-26,9.11
1983-07-27,9.07
1983-07-28,9.17
1983-07-29,9.22
1983-08-01,9.27
1983-08-02,9.49
1983-08-03,9.39
1983-08-04,9.43
1983-08-05,9.45
1983-08-08,9.5
1983-08-09,9.53
1983-08-10,9.56
1983-08-11,9.52
1983-08-12,9.49
1983-08-15,9.4
1983-08-16,9.4
1983-08-17,9.32
1983-08-18,9.3
1983-08-19,9.31
1983-08-22,9.16
1983-08-23,9.19
1983-08-24,9.12
1983-08-25,9.1
1983-08-26,9.16
1983-08-29,9.25
1983-08-30,9.3
1983-08-31,9.26
1983-09-01,9.22
1983-09-02,9.27
1983-09-06,9.18
1983-09-07,9.1
1983-09-08,9.11
1983-09-09,9.13
1983-09-12,9.05
1983-09-13,9.08
1983-09-14,9.11
1983-09-15,9.1
1983-09-16,9.07
1983-09-19,8.99
1983-09-20,8.97
1983-09-21,8.95
1983-09-22,8.93
1983-09-23,8.88
1983-09-26,8.73
1983-09-27,8.73
1983-09-28,8.78
1983-09-29,8.81
1983-09-30,8.71
1983-10-03,8.74
1983-10-04,8.65
1983-10-05,8.54
1983-10-06,8.56
1983-10-07,8.6
1983-10-10,8.705
1983-10-11,8.81
1983-10-12,8.78
1983-10-13,8.81
1983-10-14,8.77
1983-10-17,8.55
1983-10-18,8.52
1983-10-19,8.5
1983-10-20,8.54
1983-10-21,8.54
1983-10-24,8.68
1983-10-25,8.66
1983-10-26,8.66
1983-10-27,8.65
1983-10-28,8.63
1983-10-31,8.51
1983-11-01,8.47
1983-11-02,8.49
1983-11-03,8.64
1983-11-04,8.81
1983-11-07,8.77
1983-11-08,8.774999999999999
1983-11-09,8.78
1983-11-10,8.76
1983-11-11,8.765
1983-11-14,8.77
1983-11-15,8.78
1983-11-16,8.8
1983-11-17,8.84
1983-11-18,8.85
1983-11-21,8.78
1983-11-22,8.77
1983-11-23,8.81
1983-11-25,8.78
1983-11-28,8.87
1983-11-29,8.87
1983-11-30,8.88
1983-12-01,8.87
1983-12-02,8.93
1983-12-05,8.93
1983-12-06,8.94
1983-12-07,8.95
1983-12-08,9.02
1983-12-09,9.0
1983-12-12,8.96
1983-12-13,9.09
1983-12-14,9.12
1983-12-15,9.17
1983-12-16,9.11
1983-12-19,9.09
1983-12-20,9.04
1983-12-21,9.0
1983-12-22,8.89
1983-12-23,8.96
1983-12-27,8.92
1983-12-28,8.98
1983-12-29,8.98
1983-12-30,8.97
1984-01-03,9.0
1984-01-04,8.98
1984-01-05,8.93
1984-01-06,8.87
1984-01-09,8.9
1984-01-10,8.9
1984-01-11,8.93
1984-01-12,8.92
1984-01-13,8.74
1984-01-16,8.78
1984-01-17,8.83
1984-01-18,8.91
1984-01-19,8.9
1984-01-20,8.97
1984-01-23,8.94
1984-01-24,8.92
1984-01-25,8.93
1984-01-26,8.93
1984-01-27,8.91
1984-01-30,8.89
1984-01-31,8.89
1984-02-01,8.89
1984-02-02,8.91
1984-02-03,8.96
1984-02-06,9.09
1984-02-07,9.06
1984-02-08,9.06
1984-02-09,9.03
1984-02-10,9.06
1984-02-13,9.065
1984-02-14,9.07
1984-02-15,9.06
1984-02-16,9.07
1984-02-17,9.17
1984-02-21,9.13
1984-02-22,9.13
1984-02-23,9.26
1984-02-24,9.18
1984-02-27,9.19
1984-02-28,9.21
1984-02-29,9.14
1984-03-01,9.19
1984-03-02,9.16
1984-03-05,9.2
1984-03-06,9.23
1984-03-07,9.31
1984-03-08,9.34
1984-03-09,9.35
1984-03-12,9.34
1984-03-13,9.38
1984-03-14,9.46
1984-03-15,9.48
1984-03-16,9.5
1984-03-19,9.64
1984-03-20,9.8
1984-03-21,9.81
1984-03-22,9.79
1984-03-23,9.77
1984-03-26,9.73
1984-03-27,9.78
1984-03-28,9.71
1984-03-29,9.68
1984-03-30,9.72
1984-04-02,9.68
1984-04-03,9.78
1984-04-04,9.79
1984-04-05,9.79
1984-04-06,9.68
1984-04-09,9.59
1984-04-10,9.63
1984-04-11,9.63
1984-04-12,9.64
1984-04-13,9.74
1984-04-16,9.79
1984-04-17,9.76
1984-04-18,9.75
1984-04-19,9.73
1984-04-23,9.65
1984-04-24,9.65
1984-04-25,9.63
1984-04-26,9.54
1984-04-27,9.71
1984-04-30,9.72
1984-05-01,9.7
1984-05-02,9.68
1984-05-03,9.67
1984-05-04,9.87
1984-05-07,9.93
1984-05-08,10.04
1984-05-09,10.0
1984-05-10,9.86
1984-05-11,10.01
1984-05-14,9.97
1984-05-15,10.11
1984-05-16,9.75
1984-05-17,9.78
1984-05-18,9.81
1984-05-21,9.7
1984-05-22,10.04
1984-05-23,9.91
1984-05-24,9.71
1984-05-25,9.58
1984-05-29,9.72
1984-05-30,9.76
1984-05-31,9.75
1984-06-01,9.8
1984-06-04,9.85
1984-06-05,9.75
1984-06-06,9.76
1984-06-07,9.84
1984-06-08,9.87
1984-06-11,10.03
1984-06-12,10.07
1984-06-13,9.89
1984-06-14,9.88
1984-06-15,9.88
1984-06-18,9.96
1984-06-19,9.91
1984-06-20,9.91
1984-06-21,9.93
1984-06-22,9.84
1984-06-25,9.75
1984-06-26,9.8
1984-06-27,9.75
1984-06-28,9.84
1984-06-29,9.92
1984-07-02,9.74
1984-07-03,9.98
1984-07-05,9.96
1984-07-06,10.0
1984-07-09,10.0
1984-07-10,10.09
1984-07-11,10.1
1984-07-12,10.03
1984-07-13,9.96
1984-07-16,10.0
1984-07-17,10.18
1984-07-18,10.11
1984-07-19,10.12
1984-07-20,10.15
1984-07-23,10.21
1984-07-24,10.27
1984-07-25,10.26
1984-07-26,10.24
1984-07-27,10.28
1984-07-30,10.34
1984-07-31,10.4
1984-08-01,10.43
1984-08-02,10.46
1984-08-03,10.46
1984-08-06,10.54
1984-08-07,10.53
1984-08-08,10.47
1984-08-09,10.41
1984-08-10,10.43
1984-08-13,10.45
1984-08-14,10.3
1984-08-15,10.2
1984-08-16,10.26
1984-08-17,10.33
1984-08-20,10.44
1984-08-21,10.42
1984-08-22,10.41
1984-08-23,10.45
1984-08-24,10.48
1984-08-27,10.67
1984-08-28,10.65
1984-08-29,10.66
1984-08-30,10.65
1984-08-31,10.63
1984-09-04,10.67
1984-09-05,10.63
1984-09-06,10.6
1984-09-07,10.55
1984-09-10,10.42
1984-09-11,10.39
1984-09-12,10.4
1984-09-13,10.33
1984-09-14,10.37
1984-09-17,10.38
1984-09-18,10.32
1984-09-19,10.27
1984-09-20,10.24
1984-09-21,10.25
1984-09-24,10.3
1984-09-25,10.29
1984-09-26,10.22
1984-09-27,10.16
1984-09-28,10.22
1984-10-01,10.23
1984-10-02,10.25
1984-10-03,10.18
1984-10-04,10.15
1984-10-05,10.14
1984-10-08,10.115
1984-10-09,10.09
1984-10-10,10.07
1984-10-11,9.96
1984-10-12,9.9
1984-10-15,9.98
1984-10-16,9.95
1984-10-17,9.87
1984-10-18,9.71
1984-10-19,9.56
1984-10-22,9.55
1984-10-23,9.45
1984-10-24,9.16
1984-10-25,9.17
1984-10-26,9.34
1984-10-29,9.29
1984-10-30,9.19
1984-10-31,9.01
1984-11-01,9.01
1984-11-02,9.0
1984-11-05,8.67
1984-11-06,8.61
1984-11-07,8.55
1984-11-08,8.75
1984-11-09,8.64
1984-11-12,8.675
1984-11-13,8.71
1984-11-14,8.76
1984-11-15,8.66
1984-11-16,8.59
1984-11-19,8.59
1984-11-20,8.62
1984-11-21,8.54
1984-11-23,8.44
1984-11-26,8.48
1984-11-27,8.38
1984-11-28,8.38
1984-11-29,8.35
1984-11-30,8.44
1984-12-03,8.41
1984-12-04,8.49
1984-12-05,8.47
1984-12-06,8.48
1984-12-07,8.35
1984-12-10,8.34
1984-12-11,8.35
1984-12-12,8.27
1984-12-13,8.29
1984-12-14,8.11
1984-12-17,7.96
1984-12-18,7.81
1984-12-19,7.71
1984-12-20,7.8
1984-12-21,7.77
1984-12-24,7.64
1984-12-26,7.63
1984-12-27,7.67
1984-12-28,7.74
1984-12-31,7.85
1985-01-02,7.83
1985-01-03,7.8
1985-01-04,7.82
1985-01-07,7.78
1985-01-08,7.79
1985-01-09,7.69
1985-01-10,7.74
1985-01-11,7.76
1985-01-14,7.7
1985-01-15,7.73
1985-01-16,7.74
1985-01-17,7.74
1985-01-18,7.74
1985-01-21,7.720000000000001
1985-01-22,7.7
1985-01-23,7.64
1985-01-24,7.62
1985-01-25,7.64
1985-01-28,7.72
1985-01-29,7.82
1985-01-30,7.83
1985-01-31,8.05
1985-02-01,8.19
1985-02-04,8.18
1985-02-05,8.14
1985-02-06,8.12
1985-02-07,8.17
1985-02-08,8.23
1985-02-11,8.21
1985-02-12,8.225000000000001
1985-02-13,8.24
1985-02-14,8.19
1985-02-15,8.19
1985-02-19,8.17
1985-02-20,8.24
1985-02-21,8.43
1985-02-22,8.39
1985-02-25,8.38
1985-02-26,8.35
1985-02-27,8.45
1985-02-28,8.5
1985-03-01,8.66
1985-03-04,8.7
1985-03-05,8.68
1985-03-06,8.69
1985-03-07,8.8
1985-03-08,8.58
1985-03-11,8.47
1985-03-12,8.54
1985-03-13,8.6
1985-03-14,8.72
1985-03-15,8.41
1985-03-18,8.51
1985-03-19,8.55
1985-03-20,8.53
1985-03-21,8.44
1985-03-22,8.51
1985-03-25,8.42
1985-03-26,8.34
1985-03-27,8.33
1985-03-28,8.19
1985-03-29,8.18
1985-04-01,8.15
1985-04-02,8.22
1985-04-03,8.16
1985-04-04,8.13
1985-04-08,8.12
1985-04-09,8.09
1985-04-10,8.1
1985-04-11,8.04
1985-04-12,8.05
1985-04-15,8.07
1985-04-16,7.93
1985-04-17,7.79
1985-04-18,7.71
1985-04-19,7.79
1985-04-22,7.67
1985-04-23,7.78
1985-04-24,7.75
1985-04-25,7.83
1985-04-26,7.81
1985-04-29,7.84
1985-04-30,7.85
1985-05-01,7.75
1985-05-02,7.76
1985-05-03,7.72
1985-05-06,7.73
1985-05-07,7.76
1985-05-08,7.82
1985-05-09,7.74
1985-05-10,7.73
1985-05-13,7.71
1985-05-14,7.6
1985-05-15,7.43
1985-05-16,7.37
1985-05-17,7.4
1985-05-20,7.26
1985-05-21,7.3
1985-05-22,7.29
1985-05-23,7.24
1985-05-24,7.18
1985-05-28,7.2
1985-05-29,7.24
1985-05-30,7.18
1985-05-31,7.14
1985-06-03,7.02
1985-06-04,6.96
1985-06-05,6.92
1985-06-06,6.98
1985-06-07,7.15
1985-06-10,7.23
1985-06-11,7.15
1985-06-12,7.09
1985-06-13,6.97
1985-06-14,6.7
1985-06-17,6.77
1985-06-18,6.66
1985-06-19,6.74
1985-06-20,6.83
1985-06-21,7.04
1985-06-24,7.06
1985-06-25,7.09
1985-06-26,6.99
1985-06-27,6.9
1985-06-28,6.83
1985-07-01,6.87
1985-07-02,6.95
1985-07-03,7.02
1985-07-05,6.77
1985-07-08,6.92
1985-07-09,6.96
1985-07-10,6.94
1985-07-11,7.05
1985-07-12,7.09
1985-07-15,7.04
1985-07-16,7.0
1985-07-17,6.99
1985-07-18,7.15
1985-07-19,7.16
1985-07-22,7.24
1985-07-23,7.26
1985-07-24,7.24
1985-07-25,7.17
1985-07-26,7.19
1985-07-29,7.25
1985-07-30,7.28
1985-07-31,7.28
1985-08-01,7.27
1985-08-02,7.31
1985-08-05,7.27
1985-08-06,7.26
1985-08-07,7.18
1985-08-08,7.17
1985-08-09,7.16
1985-08-12,7.1
1985-08-13,7.14
1985-08-14,7.09
1985-08-15,7.19
1985-08-16,7.11
1985-08-19,7.13
1985-08-20,7.12
1985-08-21,7.04
1985-08-22,7.03
1985-08-23,7.04
1985-08-26,7.07
1985-08-27,7.05
1985-08-28,7.06
1985-08-29,7.04
1985-08-30,7.14
1985-09-03,7.11
1985-09-04,7.05
1985-09-05,7.13
1985-09-06,7.26
1985-09-09,7.25
1985-09-10,7.23
1985-09-11,7.24
1985-09-12,7.24
1985-09-13,7.21
1985-09-16,7.18
1985-09-17,7.2
1985-09-18,7.11
1985-09-19,7.09
1985-09-20,7.01
1985-09-23,6.89
1985-09-24,6.84
1985-09-25,6.87
1985-09-26,6.94
1985-09-30,7.04
1985-10-01,7.03
1985-10-02,7.02
1985-10-03,6.98
1985-10-04,6.99
1985-10-07,7.08
1985-10-08,7.16
1985-10-09,7.19
1985-10-10,7.22
1985-10-11,7.19
1985-10-14,7.2
1985-10-15,7.21
1985-10-16,7.21
1985-10-17,7.19
1985-10-18,7.2
1985-10-21,7.21
1985-10-22,7.16
1985-10-23,7.22
1985-10-24,7.25
1985-10-25,7.24
1985-10-28,7.21
1985-10-29,7.21
1985-10-30,7.19
1985-10-31,7.19
1985-11-01,7.2
1985-11-04,7.23
1985-11-05,7.24
1985-11-06,7.25
1985-11-07,7.3
1985-11-08,7.23
1985-11-11,7.225
1985-11-12,7.22
1985-11-13,7.28
1985-11-14,7.32
1985-11-15,7.35
1985-11-18,7.24
1985-11-19,7.21
1985-11-20,7.25
1985-11-21,7.23
1985-11-22,7.23
1985-11-25,7.19
1985-11-26,7.2
1985-11-27,7.18
1985-11-29,7.16
1985-12-02,7.26
1985-12-03,7.23
1985-12-04,7.22
1985-12-05,7.26
1985-12-06,7.25
1985-12-09,7.2
1985-12-10,7.17
1985-12-11,7.05
1985-12-12,7.08
1985-12-13,6.98
1985-12-16,7.03
1985-12-17,7.0
1985-12-18,7.13
1985-12-19,7.1
1985-12-20,7.05
1985-12-23,7.07
1985-12-24,7.05
1985-12-26,7.01
1985-12-27,6.96
1985-12-30,6.94
1985-12-31,7.05
1986-01-02,7.1
1986-01-03,7.07
1986-01-06,7.06
1986-01-07,7.03
1986-01-08,7.17
1986-01-09,7.18
1986-01-10,7.21
1986-01-13,7.24
1986-01-14,7.24
1986-01-15,7.19
1986-01-16,7.08
1986-01-17,7.11
1986-01-20,7.065
1986-01-21,7.02
1986-01-22,7.0
1986-01-23,6.97
1986-01-24,6.97
1986-01-27,6.95
1986-01-28,6.92
1986-01-29,7.03
1986-01-30,7.04
1986-01-31,6.97
1986-02-03,7.0
1986-02-04,6.98
1986-02-05,7.01
1986-02-06,7.1
1986-02-07,7.21
1986-02-10,7.2
1986-02-11,7.11
1986-02-12,7.11
1986-02-13,7.1
1986-02-14,7.02
1986-02-18,7.02
1986-02-19,7.08
1986-02-20,7.11
1986-02-21,6.98
1986-02-24,7.02
1986-02-25,7.05
1986-02-26,7.07
1986-02-27,7.03
1986-02-28,7.02
1986-03-03,6.97
1986-03-04,6.84
1986-03-05,6.85
1986-03-06,6.69
1986-03-07,6.61
1986-03-10,6.61
1986-03-11,6.57
1986-03-12,6.62
1986-03-13,6.59
1986-03-14,6.54
1986-03-17,6.56
1986-03-18,6.54
1986-03-19,6.49
1986-03-20,6.44
1986-03-21,6.41
1986-03-24,6.41
1986-03-25,6.38
1986-03-26,6.41
1986-03-27,6.34
1986-03-31,6.34
1986-04-01,6.33
1986-04-02,6.34
1986-04-03,6.33
1986-04-04,6.23
1986-04-07,6.24
1986-04-08,6.13
1986-04-09,6.01
1986-04-10,6.02
1986-04-11,5.96
1986-04-14,5.91
1986-04-15,5.81
1986-04-16,5.77
1986-04-17,5.84
1986-04-18,5.87
1986-04-21,5.87
1986-04-22,5.95
1986-04-23,6.09
1986-04-24,6.11
1986-04-25,6.14
1986-04-28,6.1
1986-04-29,6.09
1986-04-30,6.1
1986-05-01,6.11
1986-05-02,6.15
1986-05-05,6.06
1986-05-06,6.05
1986-05-07,6.04
1986-05-08,6.04
1986-05-09,6.05
1986-05-12,6.13
1986-05-13,6.09
1986-05-14,6.09
1986-05-15,6.17
1986-05-16,6.21
1986-05-19,6.2
1986-05-20,6.23
1986-05-21,6.2
1986-05-22,6.2
1986-05-23,6.18
1986-05-27,6.16
1986-05-28,6.19
1986-05-29,6.3
1986-05-30,6.3
1986-06-02,6.36
1986-06-03,6.41
1986-06-04,6.52
1986-06-05,6.51
1986-06-06,6.32
1986-06-09,6.36
1986-06-10,6.28
1986-06-11,6.34
1986-06-12,6.28
1986-06-13,6.17
1986-06-16,6.12
1986-06-17,6.09
1986-06-18,6.09
1986-06-19,6.11
1986-06-20,6.1
1986-06-23,6.11
1986-06-24,6.08
1986-06-25,6.08
1986-06-26,6.08
1986-06-27,6.02
1986-06-30,5.96
1986-07-01,5.99
1986-07-02,6.0
1986-07-03,5.91
1986-07-07,5.87
1986-07-08,5.94
1986-07-09,5.88
1986-07-10,5.85
1986-07-11,5.75
1986-07-14,5.77
1986-07-15,5.77
1986-07-16,5.77
1986-07-17,5.75
1986-07-18,5.71
1986-07-21,5.72
1986-07-22,5.73
1986-07-23,5.81
1986-07-24,5.81
1986-07-25,5.81
1986-07-28,5.89
1986-07-29,5.86
1986-07-30,5.85
1986-07-31,5.79
1986-08-01,5.77
1986-08-04,5.71
1986-08-05,5.71
1986-08-06,5.72
1986-08-07,5.72
1986-08-08,5.7
1986-08-11,5.67
1986-08-12,5.61
1986-08-13,5.57
1986-08-14,5.59
1986-08-15,5.56
1986-08-18,5.61
1986-08-19,5.56
1986-08-20,5.5
1986-08-21,5.37
1986-08-22,5.36
1986-08-25,5.27
1986-08-26,5.29
1986-08-27,5.32
1986-08-28,5.29
1986-08-29,5.17
1986-09-02,5.19
1986-09-03,5.24
1986-09-04,5.19
1986-09-05,5.23
1986-09-08,5.24
1986-09-09,5.2
1986-09-10,5.16
1986-09-11,5.21
1986-09-12,5.17
1986-09-15,5.17
1986-09-16,5.13
1986-09-17,5.12
1986-09-18,5.23
1986-09-19,5.25
1986-09-22,5.25
1986-09-23,5.25
1986-09-24,5.24
1986-09-25,5.23
1986-09-26,5.24
1986-09-29,5.26
1986-09-30,5.2
1986-10-01,5.19
1986-10-02,5.19
1986-10-03,5.09
1986-10-06,5.05
1986-10-07,5.06
1986-10-08,5.04
1986-10-09,5.06
1986-10-10,5.06
1986-10-13,5.1
1986-10-14,5.14
1986-10-15,5.18
1986-10-16,5.2
1986-10-17,5.27
1986-10-20,5.31
1986-10-21,5.31
1986-10-22,5.3
1986-10-23,5.26
1986-10-24,5.27
1986-10-27,5.19
1986-10-28,5.2
1986-10-29,5.2
1986-10-30,5.18
1986-10-31,5.2
1986-11-03,5.21
1986-11-04,5.25
1986-11-05,5.26
1986-11-06,5.26
1986-11-07,5.32
1986-11-10,5.42
1986-11-11,5.41
1986-11-12,5.4
1986-11-13,5.4
1986-11-14,5.4
1986-11-17,5.4
1986-11-18,5.35
1986-11-19,5.33
1986-11-20,5.38
1986-11-21,5.36
1986-11-24,5.38
1986-11-25,5.39
1986-11-26,5.39
1986-11-28,5.39
1986-12-01,5.42
1986-12-02,5.41
1986-12-03,5.41
1986-12-04,5.4
1986-12-05,5.44
1986-12-08,5.51
1986-12-09,5.48
1986-12-10,5.49
1986-12-11,5.49
1986-12-12,5.49
1986-12-15,5.5
1986-12-16,5.58
1986-12-17,5.64
1986-12-18,5.6
1986-12-19,5.51
1986-12-22,5.53
1986-12-23,5.55
1986-12-24,5.57
1986-12-26,5.57
1986-12-29,5.67
1986-12-30,5.69
1986-12-31,5.67
1987-01-02,5.55
1987-01-05,5.55
1987-01-06,5.51
1987-01-07,5.43
1987-01-08,5.43
1987-01-09,5.38
1987-01-12,5.37
1987-01-13,5.36
1987-01-14,5.35
1987-01-15,5.36
1987-01-16,5.33
1987-01-19,5.315
1987-01-20,5.3
1987-01-21,5.31
1987-01-22,5.38
1987-01-23,5.4
1987-01-26,5.49
1987-01-27,5.49
1987-01-28,5.47
1987-01-29,5.48
1987-01-30,5.6
1987-02-02,5.61
1987-02-03,5.59
1987-02-04,5.63
1987-02-05,5.59
1987-02-06,5.66
1987-02-09,5.72
1987-02-10,5.82
1987-02-11,5.86
1987-02-12,5.72
1987-02-13,5.65
1987-02-17,5.72
1987-02-18,5.6
1987-02-19,5.45
1987-02-20,5.43
1987-02-23,5.44
1987-02-24,5.44
1987-02-25,5.45
1987-02-26,5.45
1987-02-27,5.45
1987-03-02,5.48
1987-03-03,5.54
1987-03-04,5.51
1987-03-05,5.52
1987-03-06,5.64
1987-03-09,5.64
1987-03-10,5.68
1987-03-11,5.69
1987-03-12,5.67
1987-03-13,5.62
1987-03-16,5.65
1987-03-17,5.57
1987-03-18,5.52
1987-03-19,5.5
1987-03-20,5.52
1987-03-23,5.62
1987-03-24,5.61
1987-03-25,5.57
1987-03-26,5.57
1987-03-27,5.63
1987-03-30,5.66
1987-03-31,5.61
1987-04-01,5.54
1987-04-02,5.51
1987-04-03,5.5
1987-04-06,5.47
1987-04-07,5.51
1987-04-08,5.5
1987-04-09,5.75
1987-04-10,5.85
1987-04-13,6.02
1987-04-14,5.92
1987-04-15,5.68
1987-04-16,5.56
1987-04-20,5.54
1987-04-21,5.5
1987-04-22,5.42
1987-04-23,5.49
1987-04-24,5.76
1987-04-27,5.78
1987-04-28,5.82
1987-04-29,5.71
1987-04-30,5.53
1987-05-01,5.6
1987-05-04,5.67
1987-05-05,5.81
1987-05-06,5.5
1987-05-07,5.53
1987-05-08,5.53
1987-05-11,5.65
1987-05-12,5.6
1987-05-13,5.53
1987-05-14,5.73
1987-05-15,5.95
1987-05-18,5.87
1987-05-19,5.78
1987-05-20,5.69
1987-05-21,5.53
1987-05-22,5.55
1987-05-26,5.61
1987-05-27,5.76
1987-05-28,5.63
1987-05-29,5.68
1987-06-01,5.7
1987-06-02,5.76
1987-06-03,5.69
1987-06-04,5.66
1987-06-05,5.68
1987-06-08,5.66
1987-06-09,5.51
1987-06-10,5.48
1987-06-11,5.54
1987-06-12,5.55
1987-06-15,5.65
1987-06-16,5.63
1987-06-17,5.65
1987-06-18,5.65
1987-06-19,5.66
1987-06-22,5.66
1987-06-23,5.72
1987-06-24,5.83
1987-06-25,5.84
1987-06-26,5.78
1987-06-29,5.67
1987-06-30,5.73
1987-07-01,5.64
1987-07-02,5.66
1987-07-06,5.67
1987-07-07,5.6
1987-07-08,5.57
1987-07-09,5.61
1987-07-10,5.59
1987-07-13,5.61
1987-07-14,5.55
1987-07-15,5.58
1987-07-16,5.58
1987-07-17,5.56
1987-07-20,5.55
1987-07-21,5.69
1987-07-22,5.66
1987-07-23,5.67
1987-07-24,5.75
1987-07-27,5.81
1987-07-28,5.86
1987-07-29,5.88
1987-07-30,6.07
1987-07-31,6.07
1987-08-03,6.05
1987-08-04,5.85
1987-08-05,5.85
1987-08-06,5.74
1987-08-07,5.85
1987-08-10,5.91
1987-08-11,5.94
1987-08-12,5.95
1987-08-13,5.96
1987-08-14,5.96
1987-08-17,5.98
1987-08-18,6.02
1987-08-19,6.04
1987-08-20,6.11
1987-08-21,6.1
1987-08-24,6.17
1987-08-25,6.18
1987-08-26,6.25
1987-08-27,6.29
1987-08-28,6.31
1987-08-31,6.25
1987-09-01,6.12
1987-09-02,6.09
1987-09-03,6.19
1987-09-04,6.38
1987-09-08,6.44
1987-09-09,6.43
1987-09-10,6.33
1987-09-11,6.35
1987-09-14,6.34
1987-09-15,6.34
1987-09-16,6.34
1987-09-17,6.38
1987-09-18,6.42
1987-09-21,6.51
1987-09-22,6.49
1987-09-23,6.47
1987-09-24,6.41
1987-09-25,6.5
1987-09-28,6.53
1987-09-29,6.69
1987-09-30,6.61
1987-10-01,6.63
1987-10-02,6.66
1987-10-05,6.68
1987-10-06,6.55
1987-10-07,6.56
1987-10-08,6.69
1987-10-09,6.75
1987-10-12,6.745
1987-10-13,6.74
1987-10-14,7.19
1987-10-15,7.07
1987-10-16,6.93
1987-10-19,6.39
1987-10-20,5.86
1987-10-21,5.6
1987-10-22,5.36
1987-10-23,5.29
1987-10-26,5.22
1987-10-27,5.23
1987-10-28,5.1
1987-10-29,5.03
1987-10-30,5.27
1987-11-02,5.62
1987-11-03,5.63
1987-11-04,5.54
1987-11-05,5.58
1987-11-06,5.73
1987-11-09,5.7
1987-11-10,5.67
1987-11-11,5.75
1987-11-12,5.83
1987-11-13,5.91
1987-11-16,5.87
1987-11-17,5.88
1987-11-18,5.77
1987-11-19,5.66
1987-11-20,5.72
1987-11-23,5.78
1987-11-24,5.77
1987-11-25,5.7
1987-11-27,5.63
1987-11-30,5.21
1987-12-01,5.55
1987-12-02,5.49
1987-12-03,5.36
1987-12-04,5.43
1987-12-07,5.82
1987-12-08,5.86
1987-12-09,5.83
1987-12-10,5.92
1987-12-11,5.86
1987-12-14,5.85
1987-12-15,5.93
1987-12-16,5.94
1987-12-17,5.93
1987-12-18,5.87
1987-12-21,5.87
1987-12-22,5.93
1987-12-23,5.78
1987-12-24,5.74
1987-12-28,5.7
1987-12-29,5.84
1987-12-30,5.71
1987-12-31,5.68
1988-01-04,5.88
1988-01-05,5.93
1988-01-06,5.84
1988-01-07,5.78
1988-01-08,5.87
1988-01-11,5.69
1988-01-12,5.81
1988-01-13,5.79
1988-01-14,5.88
1988-01-15,5.88
1988-01-18,5.92
1988-01-19,5.96
1988-01-20,5.81
1988-01-21,5.82
1988-01-22,5.81
1988-01-25,5.83
1988-01-26,5.82
1988-01-27,5.74
1988-01-28,5.68
1988-01-29,5.64
1988-02-01,5.66
1988-02-02,5.71
1988-02-03,5.71
1988-02-04,5.65
1988-02-05,5.64
1988-02-08,5.64
1988-02-09,5.6
1988-02-10,5.61
1988-02-11,5.63
1988-02-12,5.75
1988-02-16,5.75
1988-02-17,5.74
1988-02-18,5.69
1988-02-19,5.68
1988-02-22,5.66
1988-02-23,5.63
1988-02-24,5.62
1988-02-25,5.63
1988-02-26,5.59
1988-02-29,5.62
1988-03-01,5.62
1988-03-02,5.61
1988-03-03,5.6
1988-03-04,5.71
1988-03-07,5.72
1988-03-08,5.74
1988-03-09,5.73
1988-03-10,5.75
1988-03-11,5.73
1988-03-14,5.7
1988-03-15,5.61
1988-03-16,5.61
1988-03-17,5.6
1988-03-18,5.66
1988-03-21,5.74
1988-03-22,5.78
1988-03-23,5.83
1988-03-24,5.79
1988-03-25,5.7
1988-03-28,5.74
1988-03-29,5.74
1988-03-30,5.75
1988-03-31,5.71
1988-04-04,5.85
1988-04-05,6.0
1988-04-06,6.05
1988-04-07,6.05
1988-04-08,6.02
1988-04-11,6.04
1988-04-12,5.93
1988-04-13,5.86
1988-04-14,5.74
1988-04-15,5.88
1988-04-18,5.85
1988-04-19,5.81
1988-04-20,5.84
1988-04-21,5.83
1988-04-22,5.83
1988-04-25,5.85
1988-04-26,5.9
1988-04-27,5.87
1988-04-28,5.96
1988-04-29,5.98
1988-05-02,6.08
1988-05-03,6.13
1988-05-04,6.14
1988-05-05,6.18
1988-05-06,6.29
1988-05-09,6.31
1988-05-10,6.34
1988-05-11,6.26
1988-05-12,6.21
1988-05-13,6.18
1988-05-16,6.2
1988-05-17,6.3
1988-05-18,6.21
1988-05-19,6.15
1988-05-20,6.24
1988-05-23,6.25
1988-05-24,6.31
1988-05-25,6.33
1988-05-26,6.42
1988-05-27,6.44
1988-05-31,6.43
1988-06-01,6.47
1988-06-02,6.44
1988-06-03,6.46
1988-06-06,6.46
1988-06-07,6.43
1988-06-08,6.39
1988-06-09,6.44
1988-06-10,6.45
1988-06-13,6.44
1988-06-14,6.35
1988-06-15,6.34
1988-06-16,6.29
1988-06-17,6.37
1988-06-20,6.37
1988-06-21,6.56
1988-06-22,6.52
1988-06-23,6.52
1988-06-24,6.51
1988-06-27,6.56
1988-06-28,6.6
1988-06-29,6.58
1988-06-30,6.56
1988-07-01,6.55
1988-07-05,6.56
1988-07-06,6.53
1988-07-07,6.55
1988-07-08,6.66
1988-07-11,6.61
1988-07-12,6.73
1988-07-13,6.72
1988-07-14,6.73
1988-07-15,6.72
1988-07-18,6.66
1988-07-19,6.69
1988-07-20,6.71
1988-07-21,6.78
1988-07-22,6.74
1988-07-25,6.8
1988-07-26,6.89
1988-07-27,7.0
1988-07-28,6.99
1988-07-29,6.95
1988-08-01,6.91
1988-08-02,6.9
1988-08-03,6.9
1988-08-04,6.84
1988-08-05,6.92
1988-08-08,6.84
1988-08-09,7.06
1988-08-10,6.99
1988-08-11,7.01
1988-08-12,7.01
1988-08-15,6.99
1988-08-16,7.06
1988-08-17,7.03
1988-08-18,7.02
1988-08-19,7.06
1988-08-22,7.06
1988-08-23,7.16
1988-08-24,7.18
1988-08-25,7.25
1988-08-26,7.33
1988-08-29,7.32
1988-08-30,7.3
1988-08-31,7.3
1988-09-01,7.28
1988-09-02,7.22
1988-09-06,7.26
1988-09-07,7.33
1988-09-08,7.32
1988-09-09,7.28
1988-09-12,7.23
1988-09-13,7.17
1988-09-14,7.16
1988-09-15,7.17
1988-09-16,7.15
1988-09-19,7.13
1988-09-20,7.2
1988-09-21,7.19
1988-09-22,7.2
1988-09-23,7.23
1988-09-26,7.3
1988-09-27,7.33
1988-09-28,7.34
1988-09-29,7.29
1988-09-30,7.25
1988-10-03,7.24
1988-10-04,7.23
1988-10-05,7.22
1988-10-06,7.3
1988-10-07,7.27
1988-10-10,7.279999999999999
1988-10-11,7.29
1988-10-12,7.28
1988-10-13,7.34
1988-10-14,7.32
1988-10-17,7.33
1988-10-18,7.36
1988-10-19,7.43
1988-10-20,7.45
1988-10-21,7.44
1988-10-24,7.51
1988-10-25,7.44
1988-10-26,7.41
1988-10-27,7.38
1988-10-28,7.37
1988-10-31,7.36
1988-11-01,7.34
1988-11-02,7.37
1988-11-03,7.4
1988-11-04,7.45
1988-11-07,7.48
1988-11-08,7.59
1988-11-09,7.57
1988-11-10,7.64
1988-11-11,7.71
1988-11-14,7.78
1988-11-15,7.95
1988-11-16,7.94
1988-11-17,7.92
1988-11-18,7.94
1988-11-21,7.99
1988-11-22,8.0
1988-11-23,8.01
1988-11-25,8.03
1988-11-28,7.98
1988-11-29,7.99
1988-11-30,7.83
1988-12-01,7.85
1988-12-02,8.07
1988-12-05,8.01
1988-12-06,7.95
1988-12-07,7.99
1988-12-08,7.98
1988-12-09,7.88
1988-12-12,7.9
1988-12-13,8.1
1988-12-14,8.12
1988-12-15,8.19
1988-12-16,8.16
1988-12-19,8.19
1988-12-20,8.18
1988-12-21,8.1
1988-12-22,8.05
1988-12-23,8.05
1988-12-27,8.15
1988-12-28,8.26
1988-12-29,8.13
1988-12-30,8.1
1989-01-03,8.14
1989-01-04,8.25
1989-01-05,8.27
1989-01-06,8.29
1989-01-09,8.28
1989-01-10,8.3
1989-01-11,8.24
1989-01-12,8.26
1989-01-13,8.21
1989-01-16,8.225000000000001
1989-01-17,8.24
1989-01-18,8.26
1989-01-19,8.23
1989-01-20,8.24
1989-01-23,8.27
1989-01-24,8.21
1989-01-25,8.29
1989-01-26,8.34
1989-01-27,8.33
1989-01-30,8.28
1989-01-31,8.39
1989-02-01,8.37
1989-02-02,8.38
1989-02-03,8.48
1989-02-06,8.53
1989-02-07,8.53
1989-02-08,8.53
1989-02-09,8.48
1989-02-10,8.55
1989-02-13,8.55
1989-02-14,8.56
1989-02-15,8.49
1989-02-16,8.5
1989-02-17,8.48
1989-02-21,8.47
1989-02-22,8.53
1989-02-23,8.61
1989-02-24,8.65
1989-02-27,8.68
1989-02-28,8.71
1989-03-01,8.66
1989-03-02,8.66
1989-03-03,8.63
1989-03-06,8.57
1989-03-07,8.62
1989-03-08,8.61
1989-03-09,8.66
1989-03-10,8.74
1989-03-13,8.76
1989-03-14,8.7
1989-03-15,8.67
1989-03-16,8.7
1989-03-17,8.85
1989-03-20,8.99
1989-03-21,9.09
1989-03-22,9.01
1989-03-23,9.04
1989-03-27,9.1
1989-03-28,9.07
1989-03-29,8.96
1989-03-30,8.95
1989-03-31,8.9
1989-04-03,8.82
1989-04-04,8.81
1989-04-05,8.82
1989-04-06,8.84
1989-04-07,8.8
1989-04-10,8.73
1989-04-11,8.68
1989-04-12,8.66
1989-04-13,8.77
1989-04-14,8.61
1989-04-17,8.61
1989-04-18,8.43
1989-04-19,8.43
1989-04-20,8.64
1989-04-21,8.64
1989-04-24,8.67
1989-04-25,8.63
1989-04-26,8.53
1989-04-27,8.41
1989-04-28,8.41
1989-05-01,8.62
1989-05-02,8.58
1989-05-03,8.53
1989-05-04,8.53
1989-05-05,8.43
1989-05-08,8.49
1989-05-09,8.5
1989-05-10,8.52
1989-05-11,8.42
1989-05-12,8.21
1989-05-15,8.24
1989-05-16,8.23
1989-05-17,8.28
1989-05-18,8.38
1989-05-19,8.35
1989-05-22,8.32
1989-05-23,8.28
1989-05-24,8.37
1989-05-25,8.54
1989-05-26,8.52
1989-05-30,8.58
1989-05-31,8.61
1989-06-01,8.61
1989-06-02,8.36
1989-06-05,8.26
1989-06-06,8.16
1989-06-07,8.14
1989-06-08,8.12
1989-06-09,8.22
1989-06-12,8.19
1989-06-13,8.16
1989-06-14,8.12
1989-06-15,8.09
1989-06-16,8.14
1989-06-19,8.15
1989-06-20,8.15
1989-06-21,8.13
1989-06-22,8.15
1989-06-23,8.05
1989-06-26,8.1
1989-06-27,8.05
1989-06-28,8.04
1989-06-29,7.95
1989-06-30,7.99
1989-07-03,7.97
1989-07-05,7.78
1989-07-06,7.77
1989-07-07,7.73
1989-07-10,7.75
1989-07-11,7.76
1989-07-12,7.73
1989-07-13,7.77
1989-07-14,7.84
1989-07-17,7.92
1989-07-18,7.91
1989-07-19,7.93
1989-07-20,7.97
1989-07-21,8.12
1989-07-24,8.1
1989-07-25,8.03
1989-07-26,8.02
1989-07-27,7.9
1989-07-28,7.86
1989-07-31,7.8
1989-08-01,7.63
1989-08-02,7.63
1989-08-03,7.64
1989-08-04,7.87
1989-08-07,7.95
1989-08-08,7.94
1989-08-09,7.91
1989-08-10,7.86
1989-08-11,7.96
1989-08-14,8.06
1989-08-15,8.03
1989-08-16,7.94
1989-08-17,7.88
1989-08-18,7.86
1989-08-21,7.92
1989-08-22,8.05
1989-08-23,8.0
1989-08-24,7.96
1989-08-25,7.96
1989-08-28,7.98
1989-08-29,7.9
1989-08-30,7.87
1989-08-31,7.89
1989-09-01,7.86
1989-09-05,7.88
1989-09-06,7.82
1989-09-07,7.8
1989-09-08,7.78
1989-09-11,7.69
1989-09-12,7.62
1989-09-13,7.59
1989-09-14,7.58
1989-09-15,7.53
1989-09-18,7.61
1989-09-19,7.66
1989-09-20,7.81
1989-09-21,7.83
1989-09-22,7.76
1989-09-25,7.82
1989-09-26,7.76
1989-09-27,7.83
1989-09-28,7.87
1989-09-29,7.91
1989-10-02,7.89
1989-10-03,7.78
1989-10-04,7.78
1989-10-05,7.76
1989-10-06,7.58
1989-10-09,7.605
1989-10-10,7.63
1989-10-11,7.7
1989-10-12,7.7
1989-10-13,7.61
1989-10-16,7.44
1989-10-17,7.43
1989-10-18,7.5
1989-10-19,7.57
1989-10-20,7.55
1989-10-23,7.57
1989-10-24,7.5
1989-10-25,7.56
1989-10-26,7.6
1989-10-27,7.76
1989-10-30,7.75
1989-10-31,7.77
1989-11-01,7.78
1989-11-02,7.73
1989-11-03,7.84
1989-11-06,7.87
1989-11-07,7.75
1989-11-08,7.69
1989-11-09,7.7
1989-11-10,7.71
1989-11-13,7.7
1989-11-14,7.66
1989-11-15,7.64
1989-11-16,7.66
1989-11-17,7.68
1989-11-20,7.68
1989-11-21,7.63
1989-11-22,7.59
1989-11-24,7.51
1989-11-27,7.66
1989-11-28,7.71
1989-11-29,7.66
1989-11-30,7.59
1989-12-01,7.53
1989-12-04,7.55
1989-12-05,7.56
1989-12-06,7.64
1989-12-07,7.69
1989-12-08,7.61
1989-12-11,7.64
1989-12-12,7.66
1989-12-13,7.69
1989-12-14,7.62
1989-12-15,7.62
1989-12-18,7.6
1989-12-19,7.67
1989-12-20,7.57
1989-12-21,7.56
1989-12-22,7.59
1989-12-26,7.76
1989-12-27,7.73
1989-12-28,7.68
1989-12-29,7.55
1990-01-02,7.58
1990-01-03,7.63
1990-01-04,7.59
1990-01-05,7.54
1990-01-08,7.54
1990-01-09,7.55
1990-01-10,7.5
1990-01-11,7.55
1990-01-12,7.5
1990-01-15,7.564999999999999
1990-01-16,7.63
1990-01-17,7.71
1990-01-18,7.78
1990-01-19,7.74
1990-01-22,7.73
1990-01-23,7.67
1990-01-24,7.67
1990-01-25,7.69
1990-01-26,7.68
1990-01-29,7.74
1990-01-30,7.74
1990-01-31,7.74
1990-02-01,7.76
1990-02-02,7.81
1990-02-05,7.82
1990-02-06,7.82
1990-02-07,7.81
1990-02-08,7.81
1990-02-09,7.76
1990-02-12,7.73
1990-02-13,7.58
1990-02-14,7.61
1990-02-15,7.71
1990-02-16,7.69
1990-02-20,7.8
1990-02-21,7.75
1990-02-22,7.73
1990-02-23,7.68
1990-02-26,7.71
1990-02-27,7.73
1990-02-28,7.77
1990-03-01,7.81
1990-03-02,7.76
1990-03-05,7.82
1990-03-06,7.9
1990-03-07,7.91
1990-03-08,7.91
1990-03-09,7.99
1990-03-12,7.99
1990-03-13,7.98
1990-03-14,7.95
1990-03-15,7.94
1990-03-16,7.92
1990-03-19,7.94
1990-03-20,7.97
1990-03-21,7.95
1990-03-22,7.9
1990-03-23,7.88
1990-03-26,7.86
1990-03-27,7.9
1990-03-28,7.85
1990-03-29,7.83
1990-03-30,7.8
1990-04-02,7.78
1990-04-03,7.82
1990-04-04,7.75
1990-04-05,7.76
1990-04-06,7.76
1990-04-09,7.82
1990-04-10,7.78
1990-04-11,7.76
1990-04-12,7.76
1990-04-16,7.74
1990-04-17,7.76
1990-04-18,7.81
1990-04-19,7.79
1990-04-20,7.69
1990-04-23,7.73
1990-04-24,7.76
1990-04-25,7.79
1990-04-26,7.82
1990-04-27,7.79
1990-04-30,7.79
1990-05-01,7.92
1990-05-02,7.9
1990-05-03,7.88
1990-05-04,7.76
1990-05-07,7.82
1990-05-08,7.79
1990-05-09,7.75
1990-05-10,7.71
1990-05-11,7.62
1990-05-14,7.63
1990-05-15,7.65
1990-05-16,7.67
1990-05-17,7.67
1990-05-18,7.75
1990-05-21,7.75
1990-05-22,7.73
1990-05-23,7.65
1990-05-24,7.69
1990-05-25,7.75
1990-05-29,7.75
1990-05-30,7.76
1990-05-31,7.75
1990-06-01,7.68
1990-06-04,7.7
1990-06-05,7.7
1990-06-06,7.7
1990-06-07,7.7
1990-06-08,7.7
1990-06-11,7.73
1990-06-12,7.73
1990-06-13,7.67
1990-06-14,7.66
1990-06-15,7.69
1990-06-18,7.67
1990-06-19,7.74
1990-06-20,7.76
1990-06-21,7.77
1990-06-22,7.78
1990-06-25,7.79
1990-06-26,7.8
1990-06-27,7.78
1990-06-28,7.74
1990-06-29,7.74
1990-07-02,7.74
1990-07-03,7.7
1990-07-05,7.66
1990-07-06,7.75
1990-07-09,7.8
1990-07-10,7.8
1990-07-11,7.78
1990-07-12,7.68
1990-07-13,7.6
1990-07-16,7.61
1990-07-17,7.61
1990-07-18,7.55
1990-07-19,7.54
1990-07-20,7.54
1990-07-23,7.48
1990-07-24,7.53
1990-07-25,7.56
1990-07-26,7.58
1990-07-27,7.52
1990-07-30,7.5
1990-07-31,7.49
1990-08-01,7.42
1990-08-02,7.43
1990-08-03,7.29
1990-08-06,7.3
1990-08-07,7.37
1990-08-08,7.38
1990-08-09,7.41
1990-08-10,7.4
1990-08-13,7.42
1990-08-14,7.43
1990-08-15,7.45
1990-08-16,7.48
1990-08-17,7.47
1990-08-20,7.52
1990-08-21,7.57
1990-08-22,7.59
1990-08-23,7.54
1990-08-24,7.49
1990-08-27,7.53
1990-08-28,7.48
1990-08-29,7.47
1990-08-30,7.45
1990-08-31,7.39
1990-09-04,7.39
1990-09-05,7.37
1990-09-06,7.38
1990-09-07,7.39
1990-09-10,7.43
1990-09-11,7.42
1990-09-12,7.37
1990-09-13,7.35
1990-09-14,7.35
1990-09-17,7.37
1990-09-18,7.37
1990-09-19,7.39
1990-09-20,7.39
1990-09-21,7.36
1990-09-24,7.38
1990-09-25,7.35
1990-09-26,7.33
1990-09-27,7.23
1990-09-28,7.14
1990-10-01,7.13
1990-10-02,7.18
1990-10-03,7.15
1990-10-04,7.13
1990-10-05,7.04
1990-10-08,7.105
1990-10-09,7.17
1990-10-10,7.2
1990-10-11,7.12
1990-10-12,7.14
1990-10-15,7.16
1990-10-16,7.16
1990-10-17,7.2
1990-10-18,7.25
1990-10-19,7.25
1990-10-22,7.23
1990-10-23,7.21
1990-10-24,7.22
1990-10-25,7.18
1990-10-26,7.13
1990-10-29,7.15
1990-10-30,7.14
1990-10-31,7.11
1990-11-01,7.05
1990-11-02,7.08
1990-11-05,7.08
1990-11-06,7.08
1990-11-07,7.09
1990-11-08,7.09
1990-11-09,7.05
1990-11-12,7.045
1990-11-13,7.04
1990-11-14,7.07
1990-11-15,7.09
1990-11-16,7.08
1990-11-19,7.1
1990-11-20,7.09
1990-11-21,7.04
1990-11-23,7.03
1990-11-26,7.03
1990-11-27,7.04
1990-11-28,7.06
1990-11-29,7.03
1990-11-30,7.02
1990-12-03,7.05
1990-12-04,7.01
1990-12-05,7.0
1990-12-06,7.0
1990-12-07,6.89
1990-12-10,6.86
1990-12-11,6.84
1990-12-12,6.79
1990-12-13,6.83
1990-12-14,6.85
1990-12-17,6.81
1990-12-18,6.73
1990-12-19,6.62
1990-12-20,6.55
1990-12-21,6.59
1990-12-24,6.53
1990-12-26,6.48
1990-12-27,6.47
1990-12-28,6.45
1990-12-31,6.44
1991-01-02,6.46
1991-01-03,6.44
1991-01-04,6.53
1991-01-07,6.51
1991-01-08,6.44
1991-01-09,6.25
1991-01-10,6.21
1991-01-11,6.16
1991-01-14,6.05
1991-01-15,6.05
1991-01-16,6.04
1991-01-17,6.12
1991-01-18,6.07
1991-01-21,6.0600000000000005
1991-01-22,6.05
1991-01-23,6.14
1991-01-24,6.13
1991-01-25,6.17
1991-01-28,6.25
1991-01-29,6.22
1991-01-30,6.2
1991-01-31,6.19
1991-02-01,6.0
1991-02-04,5.98
1991-02-05,5.97
1991-02-06,5.91
1991-02-07,5.94
1991-02-08,5.92
1991-02-11,5.88
1991-02-12,5.85
1991-02-13,5.86
1991-02-14,5.85
1991-02-15,5.91
1991-02-19,5.96
1991-02-20,5.94
1991-02-21,5.92
1991-02-22,5.95
1991-02-25,5.99
1991-02-26,6.04
1991-02-27,6.03
1991-02-28,6.04
1991-03-01,6.09
1991-03-04,6.06
1991-03-05,6.05
1991-03-06,6.08
1991-03-07,6.07
1991-03-08,5.97
1991-03-11,5.89
1991-03-12,5.86
1991-03-13,5.83
1991-03-14,5.76
1991-03-15,5.8
1991-03-18,5.84
1991-03-19,5.89
1991-03-20,5.88
1991-03-21,5.87
1991-03-22,5.87
1991-03-25,5.88
1991-03-26,5.86
1991-03-27,5.81
1991-03-28,5.74
1991-04-01,5.76
1991-04-02,5.77
1991-04-03,5.77
1991-04-04,5.74
1991-04-05,5.71
1991-04-08,5.65
1991-04-09,5.61
1991-04-10,5.61
1991-04-11,5.57
1991-04-12,5.51
1991-04-15,5.59
1991-04-16,5.61
1991-04-17,5.56
1991-04-18,5.66
1991-04-19,5.75
1991-04-22,5.69
1991-04-23,5.71
1991-04-24,5.66
1991-04-25,5.61
1991-04-26,5.62
1991-04-29,5.59
1991-04-30,5.51
1991-05-01,5.54
1991-05-02,5.46
1991-05-03,5.47
1991-05-06,5.46
1991-05-07,5.5
1991-05-08,5.5
1991-05-09,5.48
1991-05-10,5.48
1991-05-13,5.47
1991-05-14,5.49
1991-05-15,5.45
1991-05-16,5.4
1991-05-17,5.4
1991-05-20,5.45
1991-05-21,5.5
1991-05-22,5.46
1991-05-23,5.4
1991-05-24,5.4
1991-05-28,5.4
1991-05-29,5.45
1991-05-30,5.45
1991-05-31,5.53
1991-06-03,5.6
1991-06-04,5.57
1991-06-05,5.59
1991-06-06,5.56
1991-06-07,5.56
1991-06-10,5.58
1991-06-11,5.57
1991-06-12,5.56
1991-06-13,5.58
1991-06-14,5.59
1991-06-17,5.59
1991-06-18,5.62
1991-06-19,5.57
1991-06-20,5.56
1991-06-21,5.57
1991-06-24,5.56
1991-06-25,5.58
1991-06-26,5.56
1991-06-27,5.55
1991-06-28,5.54
1991-07-01,5.58
1991-07-02,5.58
1991-07-03,5.56
1991-07-05,5.58
1991-07-08,5.57
1991-07-09,5.59
1991-07-10,5.58
1991-07-11,5.56
1991-07-12,5.55
1991-07-15,5.57
1991-07-16,5.59
1991-07-17,5.61
1991-07-18,5.59
1991-07-19,5.58
1991-07-22,5.57
1991-07-23,5.59
1991-07-24,5.58
1991-07-25,5.58
1991-07-26,5.58
1991-07-29,5.57
1991-07-30,5.56
1991-07-31,5.53
1991-08-01,5.55
1991-08-02,5.46
1991-08-05,5.5
1991-08-06,5.41
1991-08-07,5.38
1991-08-08,5.37
1991-08-09,5.32
1991-08-12,5.31
1991-08-13,5.29
1991-08-14,5.29
1991-08-15,5.3
1991-08-16,5.26
1991-08-19,5.11
1991-08-20,5.11
1991-08-21,5.28
1991-08-22,5.31
1991-08-23,5.39
1991-08-26,5.41
1991-08-27,5.38
1991-08-28,5.3
1991-08-29,5.27
1991-08-30,5.33
1991-09-03,5.34
1991-09-04,5.33
1991-09-05,5.32
1991-09-06,5.29
1991-09-09,5.28
1991-09-10,5.24
1991-09-11,5.26
1991-09-12,5.22
1991-09-13,5.16
1991-09-16,5.18
1991-09-17,5.19
1991-09-18,5.18
1991-09-19,5.2
1991-09-20,5.19
1991-09-23,5.21
1991-09-24,5.17
1991-09-25,5.17
1991-09-26,5.13
1991-09-27,5.13
1991-09-30,5.11
1991-10-01,5.1
1991-10-02,5.09
1991-10-03,5.04
1991-10-04,5.02
1991-10-07,5.02
1991-10-08,5.02
1991-10-09,5.01
1991-10-10,5.03
1991-10-11,4.99
1991-10-14,4.975
1991-10-15,4.96
1991-10-16,4.97
1991-10-17,5.03
1991-10-18,5.03
1991-10-21,5.04
1991-10-22,5.06
1991-10-23,5.04
1991-10-24,4.97
1991-10-25,4.96
1991-10-28,4.94
1991-10-29,4.89
1991-10-30,4.84
1991-10-31,4.82
1991-11-01,4.75
1991-11-04,4.74
1991-11-05,4.76
1991-11-06,4.63
1991-11-07,4.63
1991-11-08,4.62
1991-11-11,4.62
1991-11-12,4.62
1991-11-13,4.63
1991-11-14,4.63
1991-11-15,4.59
1991-11-18,4.58
1991-11-19,4.53
1991-11-20,4.49
1991-11-21,4.43
1991-11-22,4.42
1991-11-25,4.43
1991-11-26,4.4
1991-11-27,4.39
1991-11-29,4.35
1991-12-02,4.38
1991-12-03,4.36
1991-12-04,4.31
1991-12-05,4.31
1991-12-06,4.24
1991-12-09,4.15
1991-12-10,4.2
1991-12-11,4.15
1991-12-12,4.15
1991-12-13,4.15
1991-12-16,4.14
1991-12-17,4.11
1991-12-18,4.12
1991-12-19,4.04
1991-12-20,3.74
1991-12-23,3.76
1991-12-24,3.81
1991-12-26,3.82
1991-12-27,3.86
1991-12-30,3.87
1991-12-31,3.88
1992-01-02,3.86
1992-01-03,3.85
1992-01-06,3.81
1992-01-07,3.75
1992-01-08,3.72
1992-01-09,3.77
1992-01-10,3.82
1992-01-13,3.81
1992-01-14,3.82
1992-01-15,3.84
1992-01-16,3.79
1992-01-17,3.79
1992-01-20,3.76
1992-01-21,3.73
1992-01-22,3.75
1992-01-23,3.77
1992-01-24,3.81
1992-01-27,3.85
1992-01-28,3.83
1992-01-29,3.86
1992-01-30,3.83
1992-01-31,3.84
1992-02-03,3.84
1992-02-04,3.84
1992-02-05,3.84
1992-02-06,3.81
1992-02-07,3.74
1992-02-10,3.73
1992-02-11,3.75
1992-02-12,3.75
1992-02-13,3.79
1992-02-14,3.79
1992-02-18,3.81
1992-02-19,3.85
1992-02-20,3.88
1992-02-21,3.93
1992-02-24,3.93
1992-02-25,3.96
1992-02-26,3.94
1992-02-27,3.93
1992-02-28,3.93
1992-03-02,4.03
1992-03-03,4.04
1992-03-04,4.03
1992-03-05,4.04
1992-03-06,4.04
1992-03-09,4.01
1992-03-10,4.01
1992-03-11,4.01
1992-03-12,4.02
1992-03-13,4.06
1992-03-16,4.06
1992-03-17,4.06
1992-03-18,4.05
1992-03-19,4.05
1992-03-20,4.06
1992-03-23,4.08
1992-03-24,4.05
1992-03-25,4.01
1992-03-26,4.01
1992-03-27,4.01
1992-03-30,4.01
1992-03-31,4.05
1992-04-01,4.01
1992-04-02,4.02
1992-04-03,3.96
1992-04-06,3.96
1992-04-07,3.87
1992-04-08,3.87
1992-04-09,3.66
1992-04-10,3.65
1992-04-13,3.62
1992-04-14,3.62
1992-04-15,3.62
1992-04-16,3.65
1992-04-20,3.69
1992-04-21,3.68
1992-04-22,3.68
1992-04-23,3.67
1992-04-24,3.67
1992-04-27,3.71
1992-04-28,3.71
1992-04-29,3.71
1992-04-30,3.7
1992-05-01,3.63
1992-05-04,3.64
1992-05-05,3.64
1992-05-06,3.62
1992-05-07,3.62
1992-05-08,3.63
1992-05-11,3.64
1992-05-12,3.62
1992-05-13,3.59
1992-05-14,3.57
1992-05-15,3.58
1992-05-18,3.6
1992-05-19,3.54
1992-05-20,3.57
1992-05-21,3.67
1992-05-22,3.68
1992-05-26,3.74
1992-05-27,3.7
1992-05-28,3.68
1992-05-29,3.7
1992-06-01,3.75
1992-06-02,3.74
1992-06-03,3.71
1992-06-04,3.69
1992-06-05,3.68
1992-06-08,3.68
1992-06-09,3.68
1992-06-10,3.68
1992-06-11,3.66
1992-06-12,3.66
1992-06-15,3.65
1992-06-16,3.64
1992-06-17,3.62
1992-06-18,3.61
1992-06-19,3.65
1992-06-22,3.64
1992-06-23,3.68
1992-06-24,3.64
1992-06-25,3.62
1992-06-26,3.62
1992-06-29,3.57
1992-06-30,3.57
1992-07-01,3.55
1992-07-02,3.24
1992-07-06,3.22
1992-07-07,3.21
1992-07-08,3.22
1992-07-09,3.21
1992-07-10,3.22
1992-07-13,3.21
1992-07-14,3.21
1992-07-15,3.18
1992-07-16,3.17
1992-07-17,3.16
1992-07-20,3.18
1992-07-21,3.19
1992-07-22,3.17
1992-07-23,3.16
1992-07-24,3.16
1992-07-27,3.19
1992-07-28,3.19
1992-07-29,3.18
1992-07-30,3.18
1992-07-31,3.18
1992-08-03,3.17
1992-08-04,3.17
1992-08-05,3.17
1992-08-06,3.16
1992-08-07,3.14
1992-08-10,3.13
1992-08-11,3.13
1992-08-12,3.12
1992-08-13,3.09
1992-08-14,3.06
1992-08-17,3.07
1992-08-18,3.07
1992-08-19,3.08
1992-08-20,3.08
1992-08-21,3.07
1992-08-24,3.15
1992-08-25,3.17
1992-08-26,3.16
1992-08-27,3.16
1992-08-28,3.16
1992-08-31,3.16
1992-09-01,3.15
1992-09-02,3.14
1992-09-03,3.14
1992-09-04,2.92
1992-09-08,2.9
1992-09-09,2.91
1992-09-10,2.91
1992-09-11,2.92
1992-09-14,2.89
1992-09-15,2.92
1992-09-16,2.9
1992-09-17,2.88
1992-09-18,2.88
1992-09-21,2.91
1992-09-22,2.92
1992-09-23,2.92
1992-09-24,2.89
1992-09-25,2.8
1992-09-28,2.78
1992-09-29,2.73
1992-09-30,2.69
1992-10-01,2.61
1992-10-02,2.63
1992-10-05,2.64
1992-10-06,2.73
1992-10-07,2.83
1992-10-08,2.79
1992-10-09,2.83
1992-10-12,2.845
1992-10-13,2.86
1992-10-14,2.93
1992-10-15,2.92
1992-10-16,2.9
1992-10-19,2.97
1992-10-20,3.02
1992-10-21,2.93
1992-10-22,2.91
1992-10-23,2.93
1992-10-26,2.92
1992-10-27,2.94
1992-10-28,2.94
1992-10-29,2.95
1992-10-30,2.96
1992-11-02,3.01
1992-11-03,3.03
1992-11-04,3.02
1992-11-05,3.01
1992-11-06,3.06
1992-11-09,3.08
1992-11-10,3.08
1992-11-11,3.0700000000000003
1992-11-12,3.06
1992-11-13,3.08
1992-11-16,3.12
1992-11-17,3.17
1992-11-18,3.15
1992-11-19,3.15
1992-11-20,3.2
1992-11-23,3.24
1992-11-24,3.22
1992-11-25,3.24
1992-11-27,3.25
1992-11-30,3.27
1992-12-01,3.33
1992-12-02,3.34
1992-12-03,3.3
1992-12-04,3.25
1992-12-07,3.25
1992-12-08,3.26
1992-12-09,3.23
1992-12-10,3.22
1992-12-11,3.25
1992-12-14,3.26
1992-12-15,3.22
1992-12-16,3.21
1992-12-17,3.2
1992-12-18,3.16
1992-12-21,3.17
1992-12-22,3.2
1992-12-23,3.18
1992-12-24,3.16
1992-12-28,3.18
1992-12-29,3.2
1992-12-30,3.12
1992-12-31,3.08
1993-01-04,3.08
1993-01-05,3.11
1993-01-06,3.1
1993-01-07,3.12
1993-01-08,3.06
1993-01-11,3.05
1993-01-12,3.02
1993-01-13,3.0
1993-01-14,2.98
1993-01-15,2.94
1993-01-18,2.965
1993-01-19,2.99
1993-01-20,3.01
1993-01-21,2.99
1993-01-22,2.97
1993-01-25,2.95
1993-01-26,2.95
1993-01-27,2.91
1993-01-28,2.9
1993-01-29,2.9
1993-02-01,2.9
1993-02-02,2.96
1993-02-03,2.93
1993-02-04,2.9
1993-02-05,2.9
1993-02-08,2.92
1993-02-09,2.93
1993-02-10,2.94
1993-02-11,2.92
1993-02-12,2.93
1993-02-16,2.93
1993-02-17,2.91
1993-02-18,2.89
1993-02-19,2.93
1993-02-22,2.95
1993-02-23,2.94
1993-02-24,2.96
1993-02-25,2.95
1993-02-26,2.95
1993-03-01,2.95
1993-03-02,2.97
1993-03-03,2.94
1993-03-04,2.91
1993-03-05,3.0
1993-03-08,3.0
1993-03-09,2.99
1993-03-10,2.98
1993-03-11,2.96
1993-03-12,2.97
1993-03-15,2.99
1993-03-16,2.98
1993-03-17,2.98
1993-03-18,2.95
1993-03-19,2.96
1993-03-22,2.94
1993-03-23,2.92
1993-03-24,2.92
1993-03-25,2.91
1993-03-26,2.93
1993-03-29,2.94
1993-03-30,2.91
1993-03-31,2.89
1993-04-01,2.9
1993-04-02,2.91
1993-04-05,2.9
1993-04-06,2.91
1993-04-07,2.92
1993-04-08,2.9
1993-04-12,2.89
1993-04-13,2.85
1993-04-14,2.82
1993-04-15,2.84
1993-04-16,2.84
1993-04-19,2.81
1993-04-20,2.79
1993-04-21,2.8
1993-04-22,2.82
1993-04-23,2.84
1993-04-26,2.89
1993-04-27,2.91
1993-04-28,2.92
1993-04-29,2.9
1993-04-30,2.91
1993-05-03,2.87
1993-05-04,2.87
1993-05-05,2.89
1993-05-06,2.86
1993-05-07,2.87
1993-05-10,2.87
1993-05-11,2.89
1993-05-12,2.9
1993-05-13,2.93
1993-05-14,2.96
1993-05-17,3.0
1993-05-18,3.01
1993-05-19,2.97
1993-05-20,2.96
1993-05-21,3.0
1993-05-24,3.04
1993-05-25,3.07
1993-05-26,3.05
1993-05-27,3.06
1993-05-28,3.06
1993-06-01,3.04
1993-06-02,3.07
1993-06-03,3.03
1993-06-04,3.11
1993-06-07,3.1
1993-06-08,3.13
1993-06-09,3.11
1993-06-10,3.11
1993-06-11,3.05
1993-06-14,3.05
1993-06-15,3.05
1993-06-16,3.04
1993-06-17,3.03
1993-06-18,3.06
1993-06-21,3.06
1993-06-22,3.09
1993-06-23,3.12
1993-06-24,3.1
1993-06-25,3.08
1993-06-28,3.07
1993-06-29,3.03
1993-06-30,3.03
1993-07-01,2.99
1993-07-02,2.95
1993-07-06,3.01
1993-07-07,3.04
1993-07-08,3.02
1993-07-09,3.02
1993-07-12,3.01
1993-07-13,3.04
1993-07-14,3.01
1993-07-15,3.01
1993-07-16,3.01
1993-07-19,3.03
1993-07-20,3.06
1993-07-21,3.07
1993-07-22,3.09
1993-07-23,3.09
1993-07-26,3.08
1993-07-27,3.1
1993-07-28,3.08
1993-07-29,3.02
1993-07-30,3.03
1993-08-02,3.07
1993-08-03,3.08
1993-08-04,3.08
1993-08-05,3.05
1993-08-06,3.04
1993-08-09,3.02
1993-08-10,3.03
1993-08-11,3.02
1993-08-12,3.01
1993-08-13,3.02
1993-08-16,3.02
1993-08-17,3.01
1993-08-18,2.99
1993-08-19,2.98
1993-08-20,2.99
1993-08-23,2.99
1993-08-24,2.99
1993-08-25,2.98
1993-08-26,3.0
1993-08-27,3.02
1993-08-30,3.02
1993-08-31,3.01
1993-09-01,3.01
1993-09-02,2.99
1993-09-03,2.94
1993-09-07,2.93
1993-09-08,2.96
1993-09-09,2.98
1993-09-10,2.96
1993-09-13,2.97
1993-09-14,2.99
1993-09-15,2.96
1993-09-16,2.95
1993-09-17,2.95
1993-09-20,2.95
1993-09-21,2.92
1993-09-22,2.92
1993-09-23,2.93
1993-09-24,2.93
1993-09-27,2.91
1993-09-28,2.9
1993-09-29,2.93
1993-09-30,2.92
1993-10-01,2.92
1993-10-04,2.93
1993-10-05,3.0
1993-10-06,2.98
1993-10-07,2.98
1993-10-08,2.98
1993-10-11,2.995
1993-10-12,3.01
1993-10-13,3.03
1993-10-14,3.01
1993-10-15,3.01
1993-10-18,3.02
1993-10-19,3.06
1993-10-20,3.04
1993-10-21,3.05
1993-10-22,3.04
1993-10-25,3.04
1993-10-26,3.09
1993-10-27,3.09
1993-10-28,3.04
1993-10-29,3.03
1993-11-01,3.06
1993-11-02,3.12
1993-11-03,3.09
1993-11-04,3.08
1993-11-05,3.06
1993-11-08,3.06
1993-11-09,3.11
1993-11-10,3.12
1993-11-11,3.115
1993-11-12,3.11
1993-11-15,3.11
1993-11-16,3.09
1993-11-17,3.09
1993-11-18,3.11
1993-11-19,3.13
1993-11-22,3.13
1993-11-23,3.12
1993-11-24,3.12
1993-11-26,3.11
1993-11-29,3.12
1993-11-30,3.14
1993-12-01,3.12
1993-12-02,3.11
1993-12-03,3.11
1993-12-06,3.09
1993-12-07,3.09
1993-12-08,3.08
1993-12-09,3.06
1993-12-10,3.05
1993-12-13,3.05
1993-12-14,3.04
1993-12-15,3.03
1993-12-16,3.03
1993-12-17,3.03
1993-12-20,3.05
1993-12-21,3.07
1993-12-22,3.06
1993-12-23,3.06
1993-12-27,3.06
1993-12-28,3.06
1993-12-29,3.01
1993-12-30,2.98
1993-12-31,3.01
1994-01-03,3.03
1994-01-04,3.08
1994-01-05,3.07
1994-01-06,3.05
1994-01-07,3.01
1994-01-10,2.99
1994-01-11,2.98
1994-01-12,2.96
1994-01-13,2.95
1994-01-14,2.97
1994-01-17,2.965
1994-01-18,2.96
1994-01-19,2.97
1994-01-20,2.95
1994-01-21,2.95
1994-01-24,2.93
1994-01-25,2.93
1994-01-26,2.92
1994-01-27,2.92
1994-01-28,2.93
1994-01-31,2.96
1994-02-01,3.03
1994-02-02,3.06
1994-02-03,3.13
1994-02-04,3.23
1994-02-07,3.22
1994-02-08,3.25
1994-02-09,3.25
1994-02-10,3.26
1994-02-11,3.26
1994-02-14,3.26
1994-02-15,3.27
1994-02-16,3.27
1994-02-17,3.28
1994-02-18,3.29
1994-02-22,3.29
1994-02-23,3.38
1994-02-24,3.36
1994-02-25,3.37
1994-02-28,3.36
1994-03-01,3.5
1994-03-02,3.47
1994-03-03,3.48
1994-03-04,3.53
1994-03-07,3.52
1994-03-08,3.55
1994-03-09,3.53
1994-03-10,3.49
1994-03-11,3.49
1994-03-14,3.54
1994-03-15,3.58
1994-03-16,3.53
1994-03-17,3.47
1994-03-18,3.48
1994-03-21,3.52
1994-03-22,3.52
1994-03-23,3.46
1994-03-24,3.45
1994-03-25,3.48
1994-03-28,3.5
1994-03-29,3.51
1994-03-30,3.49
1994-03-31,3.48
1994-04-04,3.65
1994-04-05,3.66
1994-04-06,3.59
1994-04-07,3.53
1994-04-08,3.56
1994-04-11,3.54
1994-04-12,3.56
1994-04-13,3.56
1994-04-14,3.58
1994-04-15,3.59
1994-04-18,3.7
1994-04-19,3.74
1994-04-20,3.74
1994-04-21,3.74
1994-04-22,3.75
1994-04-25,3.76
1994-04-26,3.88
1994-04-28,3.89
1994-04-29,3.87
1994-05-02,3.92
1994-05-03,4.02
1994-05-04,4.05
1994-05-05,4.03
1994-05-06,4.18
1994-05-09,4.25
1994-05-10,4.24
1994-05-11,4.22
1994-05-12,4.13
1994-05-13,4.12
1994-05-16,4.15
1994-05-17,4.2
1994-05-18,4.19
1994-05-19,4.13
1994-05-20,4.15
1994-05-23,4.16
1994-05-24,4.22
1994-05-25,4.18
1994-05-26,4.16
1994-05-27,4.18
1994-05-31,4.16
1994-06-01,4.18
1994-06-02,4.13
1994-06-03,4.12
1994-06-06,4.09
1994-06-07,4.12
1994-06-08,4.11
1994-06-09,4.12
1994-06-10,4.11
1994-06-13,4.12
1994-06-14,4.11
1994-06-15,4.13
1994-06-16,4.11
1994-06-17,4.12
1994-06-20,4.12
1994-06-21,4.2
1994-06-22,4.18
1994-06-23,4.15
1994-06-24,4.17
1994-06-27,4.14
1994-06-28,4.18
1994-06-29,4.15
1994-06-30,4.15
1994-07-01,4.2
1994-07-05,4.21
1994-07-06,4.28
1994-07-07,4.25
1994-07-08,4.37
1994-07-11,4.43
1994-07-12,4.45
1994-07-13,4.41
1994-07-14,4.3
1994-07-15,4.26
1994-07-18,4.24
1994-07-19,4.26
1994-07-20,4.3
1994-07-21,4.33
1994-07-22,4.38
1994-07-25,4.38
1994-07-26,4.41
1994-07-27,4.46
1994-07-28,4.42
1994-07-29,4.27
1994-08-01,4.28
1994-08-02,4.33
1994-08-03,4.33
1994-08-04,4.32
1994-08-05,4.46
1994-08-08,4.47
1994-08-09,4.45
1994-08-10,4.38
1994-08-11,4.34
1994-08-12,4.38
1994-08-15,4.45
1994-08-16,4.62
1994-08-17,4.57
1994-08-18,4.59
1994-08-19,4.56
1994-08-22,4.54
1994-08-23,4.57
1994-08-24,4.54
1994-08-25,4.56
1994-08-26,4.56
1994-08-29,4.57
1994-08-30,4.59
1994-08-31,4.56
1994-09-01,4.55
1994-09-02,4.55
1994-09-06,4.55
1994-09-07,4.54
1994-09-08,4.55
1994-09-09,4.58
1994-09-12,4.59
1994-09-13,4.6
1994-09-14,4.58
1994-09-15,4.58
1994-09-16,4.61
1994-09-19,4.58
1994-09-20,4.62
1994-09-21,4.79
1994-09-22,4.79
1994-09-23,4.78
1994-09-26,4.78
1994-09-27,4.71
1994-09-28,4.54
1994-09-29,4.58
1994-09-30,4.67
1994-10-03,4.73
1994-10-04,4.96
1994-10-05,4.96
1994-10-06,4.97
1994-10-07,4.88
1994-10-10,4.885
1994-10-11,4.89
1994-10-12,4.99
1994-10-13,4.91
1994-10-14,4.86
1994-10-17,4.85
1994-10-18,4.91
1994-10-19,4.92
1994-10-20,5.0
1994-10-21,5.0
1994-10-24,5.02
1994-10-25,5.06
1994-10-26,5.0
1994-10-27,4.98
1994-10-28,5.01
1994-10-31,5.03
1994-11-01,5.08
1994-11-02,5.09
1994-11-03,5.1
1994-11-04,5.18
1994-11-07,5.22
1994-11-08,5.23
1994-11-09,5.2
1994-11-10,5.23
1994-11-11,5.255000000000001
1994-11-14,5.28
1994-11-15,5.38
1994-11-16,5.37
1994-11-17,5.35
1994-11-18,5.34
1994-11-21,5.33
1994-11-22,5.34
1994-11-23,5.29
1994-11-25,5.29
1994-11-28,5.39
1994-11-29,5.53
1994-11-30,5.56
1994-12-01,5.55
1994-12-02,5.63
1994-12-05,5.76
1994-12-06,5.77
1994-12-07,5.66
1994-12-08,5.67
1994-12-09,5.66
1994-12-12,5.72
1994-12-13,5.78
1994-12-14,5.68
1994-12-15,5.54
1994-12-16,5.56
1994-12-19,5.56
1994-12-20,5.48
1994-12-21,5.41
1994-12-22,5.46
1994-12-23,5.53
1994-12-27,5.53
1994-12-28,5.52
1994-12-29,5.51
1994-12-30,5.53
1995-01-03,5.53
1995-01-04,5.69
1995-01-05,5.72
1995-01-06,5.74
1995-01-09,5.75
1995-01-10,5.74
1995-01-11,5.63
1995-01-12,5.62
1995-01-13,5.57
1995-01-16,5.595000000000001
1995-01-17,5.62
1995-01-18,5.71
1995-01-19,5.71
1995-01-20,5.75
1995-01-23,5.76
1995-01-24,5.81
1995-01-25,5.77
1995-01-26,5.77
1995-01-27,5.76
1995-01-30,5.73
1995-01-31,5.83
1995-02-01,5.9
1995-02-02,5.85
1995-02-03,5.8
1995-02-06,5.8
1995-02-07,5.81
1995-02-08,5.77
1995-02-09,5.78
1995-02-10,5.81
1995-02-13,5.8
1995-02-14,5.79
1995-02-15,5.77
1995-02-16,5.69
1995-02-17,5.7
1995-02-21,5.74
1995-02-22,5.69
1995-02-23,5.72
1995-02-24,5.72
1995-02-27,5.72
1995-02-28,5.76
1995-03-01,5.76
1995-03-02,5.75
1995-03-03,5.72
1995-03-06,5.74
1995-03-07,5.78
1995-03-08,5.77
1995-03-09,5.73
1995-03-10,5.77
1995-03-13,5.76
1995-03-14,5.75
1995-03-15,5.74
1995-03-16,5.74
1995-03-17,5.74
1995-03-20,5.73
1995-03-21,5.74
1995-03-22,5.73
1995-03-23,5.71
1995-03-24,5.67
1995-03-27,5.66
1995-03-28,5.71
1995-03-29,5.66
1995-03-30,5.7
1995-03-31,5.7
1995-04-03,5.7
1995-04-04,5.73
1995-04-05,5.7
1995-04-06,5.67
1995-04-07,5.68
1995-04-10,5.65
1995-04-11,5.66
1995-04-12,5.64
1995-04-13,5.58
1995-04-17,5.62
1995-04-18,5.61
1995-04-19,5.62
1995-04-20,5.6
1995-04-21,5.62
1995-04-24,5.62
1995-04-25,5.67
1995-04-26,5.67
1995-04-27,5.69
1995-04-28,5.69
1995-05-01,5.71
1995-05-02,5.71
1995-05-03,5.66
1995-05-04,5.6
1995-05-05,5.57
1995-05-08,5.58
1995-05-09,5.63
1995-05-10,5.64
1995-05-11,5.66
1995-05-12,5.69
1995-05-15,5.7
1995-05-16,5.69
1995-05-17,5.68
1995-05-18,5.69
1995-05-19,5.69
1995-05-22,5.71
1995-05-23,5.73
1995-05-24,5.69
1995-05-25,5.66
1995-05-26,5.66
1995-05-30,5.65
1995-05-31,5.63
1995-06-01,5.5
1995-06-02,5.42
1995-06-05,5.51
1995-06-06,5.52
1995-06-07,5.57
1995-06-08,5.59
1995-06-09,5.6
1995-06-12,5.56
1995-06-13,5.44
1995-06-14,5.44
1995-06-15,5.48
1995-06-16,5.49
1995-06-19,5.46
1995-06-20,5.48
1995-06-21,5.43
1995-06-22,5.37
1995-06-23,5.38
1995-06-26,5.39
1995-06-27,5.42
1995-06-28,5.4
1995-06-29,5.5
1995-06-30,5.44
1995-07-03,5.46
1995-07-05,5.51
1995-07-06,5.37
1995-07-07,5.38
1995-07-10,5.36
1995-07-11,5.39
1995-07-12,5.38
1995-07-13,5.39
1995-07-14,5.43
1995-07-17,5.45
1995-07-18,5.44
1995-07-19,5.41
1995-07-20,5.43
1995-07-21,5.44
1995-07-24,5.44
1995-07-25,5.45
1995-07-26,5.46
1995-07-27,5.41
1995-07-28,5.42
1995-07-31,5.42
1995-08-01,5.44
1995-08-02,5.42
1995-08-03,5.42
1995-08-04,5.41
1995-08-07,5.4
1995-08-08,5.38
1995-08-09,5.39
1995-08-10,5.4
1995-08-11,5.42
1995-08-14,5.43
1995-08-15,5.45
1995-08-16,5.43
1995-08-17,5.44
1995-08-18,5.44
1995-08-21,5.45
1995-08-22,5.46
1995-08-23,5.43
1995-08-24,5.36
1995-08-25,5.34
1995-08-28,5.31
1995-08-29,5.34
1995-08-30,5.3
1995-08-31,5.29
1995-09-01,5.29
1995-09-05,5.31
1995-09-06,5.32
1995-09-07,5.34
1995-09-08,5.36
1995-09-11,5.35
1995-09-12,5.31
1995-09-13,5.31
1995-09-14,5.28
1995-09-15,5.3
1995-09-18,5.29
1995-09-19,5.2
1995-09-20,5.18
1995-09-21,5.24
1995-09-22,5.19
1995-09-25,5.24
1995-09-26,5.29
1995-09-27,5.26
1995-09-28,5.28
1995-09-29,5.24
1995-10-02,5.26
1995-10-03,5.35
1995-10-04,5.31
1995-10-05,5.28
1995-10-06,5.31
1995-10-09,5.3
1995-10-10,5.29
1995-10-11,5.31
1995-10-12,5.3
1995-10-13,5.29
1995-10-16,5.32
1995-10-17,5.27
1995-10-18,5.25
1995-10-19,5.25
1995-10-20,5.27
1995-10-23,5.27
1995-10-24,5.22
1995-10-25,5.23
1995-10-26,5.22
1995-10-27,5.25
1995-10-30,5.28
1995-10-31,5.32
1995-11-01,5.32
1995-11-02,5.31
1995-11-03,5.31
1995-11-06,5.34
1995-11-07,5.37
1995-11-08,5.36
1995-11-09,5.39
1995-11-10,5.42
1995-11-13,5.42
1995-11-14,5.38
1995-11-15,5.39
1995-11-16,5.36
1995-11-17,5.35
1995-11-20,5.35
1995-11-21,5.36
1995-11-22,5.36
1995-11-24,5.32
1995-11-27,5.34
1995-11-28,5.37
1995-11-29,5.34
1995-11-30,5.32
1995-12-01,5.29
1995-12-04,5.31
1995-12-05,5.31
1995-12-06,5.32
1995-12-07,5.34
1995-12-08,5.34
1995-12-11,5.33
1995-12-12,5.25
1995-12-13,5.26
1995-12-14,5.26
1995-12-15,5.2
1995-12-18,5.2
1995-12-19,5.09
1995-12-20,5.0
1995-12-21,4.91
1995-12-22,4.9
1995-12-26,4.86
1995-12-27,4.9
1995-12-28,4.84
1995-12-29,4.96
1996-01-02,4.97
1996-01-03,5.05
1996-01-04,5.04
1996-01-05,5.03
1996-01-08,5.03
1996-01-09,5.01
1996-01-10,5.04
1996-01-11,5.04
1996-01-12,5.05
1996-01-15,5.025
1996-01-16,5.0
1996-01-17,4.99
1996-01-18,4.96
1996-01-19,4.96
1996-01-22,4.98
1996-01-23,4.97
1996-01-24,4.97
1996-01-25,4.97
1996-01-26,4.97
1996-01-29,5.0
1996-01-30,4.99
1996-01-31,4.91
1996-02-01,4.89
1996-02-02,4.85
1996-02-05,4.86
1996-02-06,4.84
1996-02-07,4.8
1996-02-08,4.78
1996-02-09,4.79
1996-02-12,4.8
1996-02-13,4.79
1996-02-14,4.8
1996-02-15,4.78
1996-02-16,4.76
1996-02-20,4.83
1996-02-21,4.82
1996-02-22,4.81
1996-02-23,4.83
1996-02-26,4.85
1996-02-27,4.88
1996-02-28,4.88
1996-02-29,4.89
1996-03-01,4.86
1996-03-04,4.89
1996-03-05,4.89
1996-03-06,4.9
1996-03-07,4.9
1996-03-08,4.88
1996-03-11,4.96
1996-03-12,4.96
1996-03-13,4.96
1996-03-14,4.98
1996-03-15,5.01
1996-03-18,5.03
1996-03-19,5.05
1996-03-20,5.02
1996-03-21,4.94
1996-03-22,4.97
1996-03-25,4.93
1996-03-26,5.0
1996-03-27,5.03
1996-03-28,5.05
1996-03-29,5.0
1996-04-01,5.03
1996-04-02,5.02
1996-04-03,5.01
1996-04-04,4.98
1996-04-08,5.02
1996-04-09,4.97
1996-04-10,4.95
1996-04-11,4.95
1996-04-12,4.94
1996-04-15,4.87
1996-04-16,4.82
1996-04-17,4.83
1996-04-18,4.85
1996-04-19,4.88
1996-04-22,4.88
1996-04-23,4.97
1996-04-24,5.0
1996-04-25,4.96
1996-04-26,4.98
1996-04-29,5.0
1996-04-30,5.01
1996-05-01,4.98
1996-05-02,4.99
1996-05-03,5.0
1996-05-06,4.99
1996-05-07,5.01
1996-05-08,5.0
1996-05-09,4.99
1996-05-10,4.99
1996-05-13,5.02
1996-05-14,5.01
1996-05-15,5.0
1996-05-16,5.01
1996-05-17,5.01
1996-05-20,5.02
1996-05-21,5.04
1996-05-22,5.04
1996-05-23,5.04
1996-05-24,5.04
1996-05-28,5.04
1996-05-29,5.04
1996-05-30,5.04
1996-05-31,5.04
1996-06-03,5.08
1996-06-04,5.08
1996-06-05,5.08
1996-06-06,5.07
1996-06-07,5.12
1996-06-10,5.15
1996-06-11,5.13
1996-06-12,5.12
1996-06-13,5.1
1996-06-14,5.07
1996-06-17,5.05
1996-06-18,5.07
1996-06-19,5.09
1996-06-20,5.12
1996-06-21,5.12
1996-06-24,5.13
1996-06-25,5.1
1996-06-26,5.1
1996-06-27,5.06
1996-06-28,5.04
1996-07-01,5.08
1996-07-02,5.18
1996-07-03,5.1
1996-07-05,5.16
1996-07-08,5.16
1996-07-09,5.2
1996-07-10,5.15
1996-07-11,5.12
1996-07-12,5.14
1996-07-15,5.15
1996-07-16,5.13
1996-07-17,5.12
1996-07-18,5.11
1996-07-19,5.14
1996-07-22,5.15
1996-07-23,5.16
1996-07-24,5.17
1996-07-25,5.15
1996-07-26,5.15
1996-07-29,5.21
1996-07-30,5.2
1996-07-31,5.18
1996-08-01,5.11
1996-08-02,5.07
1996-08-05,5.05
1996-08-06,5.05
1996-08-07,5.04
1996-08-08,5.01
1996-08-09,5.01
1996-08-12,5.01
1996-08-13,5.03
1996-08-14,5.02
1996-08-15,5.05
1996-08-16,5.04
1996-08-19,5.05
1996-08-20,5.04
1996-08-21,5.01
1996-08-22,5.0
1996-08-23,5.01
1996-08-26,5.06
1996-08-27,5.06
1996-08-28,5.06
1996-08-29,5.1
1996-08-30,5.15
1996-09-03,5.17
1996-09-04,5.18
1996-09-05,5.2
1996-09-06,5.19
1996-09-09,5.13
1996-09-10,5.15
1996-09-11,5.17
1996-09-12,5.14
1996-09-13,5.07
1996-09-16,5.05
1996-09-17,5.17
1996-09-18,5.14
1996-09-19,5.11
1996-09-20,5.15
1996-09-23,5.15
1996-09-24,5.03
1996-09-25,4.94
1996-09-26,4.87
1996-09-27,4.91
1996-09-30,4.91
1996-10-01,4.97
1996-10-02,4.9
1996-10-03,4.91
1996-10-04,4.88
1996-10-07,4.93
1996-10-08,4.99
1996-10-09,4.99
1996-10-10,5.01
1996-10-11,5.0
1996-10-14,5.015000000000001
1996-10-15,5.03
1996-10-16,5.01
1996-10-17,4.98
1996-10-18,4.98
1996-10-21,4.99
1996-10-22,5.02
1996-10-23,5.0
1996-10-24,5.0
1996-10-25,5.0
1996-10-28,5.05
1996-10-29,5.01
1996-10-30,5.01
1996-10-31,5.03
1996-11-01,5.03
1996-11-04,5.02
1996-11-05,5.03
1996-11-06,5.03
1996-11-07,5.02
1996-11-08,5.04
1996-11-11,5.04
1996-11-12,5.04
1996-11-13,5.03
1996-11-14,5.03
1996-11-15,5.02
1996-11-18,5.03
1996-11-19,5.03
1996-11-20,5.03
1996-11-21,5.04
1996-11-22,5.04
1996-11-25,5.03
1996-11-26,5.03
1996-11-27,5.02
1996-11-29,5.0
1996-12-02,4.95
1996-12-03,4.92
1996-12-04,4.9
1996-12-05,4.91
1996-12-06,4.9
1996-12-09,4.86
1996-12-10,4.83
1996-12-11,4.83
1996-12-12,4.84
1996-12-13,4.8
1996-12-16,4.86
1996-12-17,4.87
1996-12-18,4.9
1996-12-19,4.88
1996-12-20,4.89
1996-12-23,4.97
1996-12-24,4.96
1996-12-26,4.97
1996-12-27,4.98
1996-12-30,5.04
1996-12-31,5.07
1997-01-02,5.05
1997-01-03,5.04
1997-01-06,5.05
1997-01-07,5.02
1997-01-08,5.02
1997-01-09,5.0
1997-01-10,5.04
1997-01-13,5.04
1997-01-14,5.05
1997-01-15,5.02
1997-01-16,5.03
1997-01-17,5.01
1997-01-20,5.02
1997-01-21,5.03
1997-01-22,5.04
1997-01-23,5.04
1997-01-24,5.03
1997-01-27,5.06
1997-01-28,5.04
1997-01-29,5.04
1997-01-30,5.04
1997-01-31,5.02
1997-02-03,4.98
1997-02-04,4.97
1997-02-05,5.0
1997-02-06,5.01
1997-02-07,5.01
1997-02-10,5.01
1997-02-11,5.01
1997-02-12,5.02
1997-02-13,5.0
1997-02-14,4.97
1997-02-18,4.98
1997-02-19,4.98
1997-02-20,4.97
1997-02-21,4.96
1997-02-24,4.99
1997-02-25,5.0
1997-02-26,5.08
1997-02-27,5.08
1997-02-28,5.09
1997-03-03,5.1
1997-03-04,5.11
1997-03-05,5.07
1997-03-06,5.09
1997-03-07,5.08
1997-03-10,5.06
1997-03-11,5.04
1997-03-12,5.07
1997-03-13,5.12
1997-03-14,5.1
1997-03-17,5.13
1997-03-18,5.11
1997-03-19,5.15
1997-03-20,5.2
1997-03-21,5.26
1997-03-24,5.25
1997-03-25,5.29
1997-03-26,5.21
1997-03-27,5.23
1997-03-31,5.21
1997-04-01,5.18
1997-04-02,5.16
1997-04-03,5.13
1997-04-04,5.15
1997-04-07,5.15
1997-04-08,5.11
1997-04-09,5.1
1997-04-10,5.15
1997-04-11,5.17
1997-04-14,5.17
1997-04-15,5.17
1997-04-16,5.15
1997-04-17,5.15
1997-04-18,5.15
1997-04-21,5.15
1997-04-22,5.22
1997-04-23,5.23
1997-04-24,5.18
1997-04-25,5.17
1997-04-28,5.19
1997-04-29,5.2
1997-04-30,5.14
1997-05-01,5.1
1997-05-02,5.1
1997-05-05,5.05
1997-05-06,5.07
1997-05-07,5.08
1997-05-08,5.07
1997-05-09,5.05
1997-05-12,5.04
1997-05-13,5.1
1997-05-14,5.05
1997-05-15,4.99
1997-05-16,5.06
1997-05-19,5.16
1997-05-20,5.25
1997-05-21,4.99
1997-05-22,5.04
1997-05-23,5.04
1997-05-27,5.02
1997-05-28,5.04
1997-05-29,4.89
1997-05-30,4.82
1997-06-02,4.79
1997-06-03,4.92
1997-06-04,4.96
1997-06-05,4.97
1997-06-06,4.93
1997-06-09,4.92
1997-06-10,4.92
1997-06-11,4.85
1997-06-12,4.84
1997-06-13,4.86
1997-06-16,4.85
1997-06-17,4.92
1997-06-18,4.9
1997-06-19,4.95
1997-06-20,4.94
1997-06-23,5.04
1997-06-24,4.94
1997-06-25,4.94
1997-06-26,5.03
1997-06-27,5.02
1997-06-30,5.06
1997-07-01,5.04
1997-07-02,5.06
1997-07-03,5.01
1997-07-07,4.96
1997-07-08,4.99
1997-07-09,4.98
1997-07-10,5.01
1997-07-11,5.0
1997-07-14,5.02
1997-07-15,5.08
1997-07-16,5.03
1997-07-17,5.04
1997-07-18,5.1
1997-07-21,5.13
1997-07-22,5.04
1997-07-23,5.06
1997-07-24,5.09
1997-07-25,5.1
1997-07-28,5.1
1997-07-29,5.1
1997-07-30,5.1
1997-07-31,5.11
1997-08-01,5.14
1997-08-04,5.14
1997-08-05,5.15
1997-08-06,5.15
1997-08-07,5.16
1997-08-08,5.15
1997-08-11,5.17
1997-08-12,5.17
1997-08-13,5.18
1997-08-14,5.2
1997-08-15,5.15
1997-08-18,5.13
1997-08-19,5.11
1997-08-20,5.1
1997-08-21,5.13
1997-08-22,5.11
1997-08-25,5.16
1997-08-26,5.14
1997-08-27,5.14
1997-08-28,5.1
1997-08-29,5.1
1997-09-02,5.07
1997-09-03,5.01
1997-09-04,5.01
1997-09-05,5.03
1997-09-08,5.02
1997-09-09,5.02
1997-09-10,4.98
1997-09-11,5.0
1997-09-12,4.97
1997-09-15,5.0
1997-09-16,4.96
1997-09-17,4.97
1997-09-18,4.97
1997-09-19,4.93
1997-09-22,4.91
1997-09-23,4.89
1997-09-24,4.81
1997-09-25,4.8
1997-09-26,4.86
1997-09-29,4.87
1997-09-30,4.93
1997-10-01,4.97
1997-10-02,4.94
1997-10-03,4.9
1997-10-06,4.87
1997-10-07,4.93
1997-10-08,4.96
1997-10-09,5.0
1997-10-10,5.0
1997-10-13,4.975
1997-10-14,4.95
1997-10-15,4.93
1997-10-16,4.94
1997-10-17,4.92
1997-10-20,4.91
1997-10-21,4.94
1997-10-22,5.02
1997-10-23,4.99
1997-10-24,5.01
1997-10-27,4.96
1997-10-28,5.11
1997-10-29,5.05
1997-10-30,5.03
1997-10-31,5.07
1997-11-03,5.11
1997-11-04,5.11
1997-11-05,5.13
1997-11-06,5.17
1997-11-07,5.17
1997-11-10,5.21
1997-11-11,5.1850000000000005
1997-11-12,5.16
1997-11-13,5.13
1997-11-14,5.13
1997-11-17,5.18
1997-11-18,5.17
1997-11-19,5.14
1997-11-20,5.14
1997-11-21,5.11
1997-11-24,5.16
1997-11-25,5.16
1997-11-26,5.12
1997-11-28,5.08
1997-12-01,5.1
1997-12-02,5.12
1997-12-03,5.12
1997-12-04,5.13
1997-12-05,5.16
1997-12-08,5.2
1997-12-09,5.13
1997-12-10,5.07
1997-12-11,5.06
1997-12-12,5.05
1997-12-15,5.1
1997-12-16,5.09
1997-12-17,5.11
1997-12-18,5.1
1997-12-19,5.19
1997-12-22,5.3
1997-12-23,5.31
1997-12-24,5.24
1997-12-26,5.21
1997-12-29,5.26
1997-12-30,5.3
1997-12-31,5.22
1998-01-02,5.18
1998-01-05,5.09
1998-01-06,5.08
1998-01-07,5.09
1998-01-08,5.0
1998-01-09,4.92
1998-01-12,4.91
1998-01-13,5.03
1998-01-14,5.04
1998-01-15,5.0
1998-01-16,5.02
1998-01-20,5.02
1998-01-21,5.0
1998-01-22,5.0
1998-01-23,5.04
1998-01-26,5.01
1998-01-27,5.1
1998-01-28,5.09
1998-01-29,5.06
1998-01-30,5.06
1998-02-02,5.1
1998-02-03,5.12
1998-02-04,4.98
1998-02-05,5.01
1998-02-06,5.04
1998-02-09,5.01
1998-02-10,5.07
1998-02-11,5.08
1998-02-12,5.08
1998-02-13,5.09
1998-02-17,5.04
1998-02-18,5.06
1998-02-19,5.07
1998-02-20,5.08
1998-02-23,5.12
1998-02-24,5.13
1998-02-25,5.17
1998-02-26,5.2
1998-02-27,5.18
1998-03-02,5.18
1998-03-03,5.09
1998-03-04,5.05
1998-03-05,5.04
1998-03-06,5.02
1998-03-09,5.03
1998-03-10,4.96
1998-03-11,4.96
1998-03-12,4.95
1998-03-13,4.96
1998-03-16,4.97
1998-03-17,5.01
1998-03-18,5.03
1998-03-19,5.04
1998-03-20,5.05
1998-03-23,5.02
1998-03-24,5.03
1998-03-25,5.04
1998-03-26,5.08
1998-03-27,5.08
1998-03-30,5.09
1998-03-31,5.02
1998-04-01,4.99
1998-04-02,4.97
1998-04-03,4.95
1998-04-06,4.97
1998-04-07,4.94
1998-04-08,4.93
1998-04-09,4.94
1998-04-13,5.05
1998-04-14,5.02
1998-04-15,4.95
1998-04-16,4.91
1998-04-17,4.92
1998-04-20,4.91
1998-04-21,4.94
1998-04-22,4.96
1998-04-23,4.96
1998-04-24,4.95
1998-04-27,4.94
1998-04-28,4.93
1998-04-29,4.94
1998-04-30,4.87
1998-05-01,4.89
1998-05-04,4.91
1998-05-05,4.98
1998-05-06,4.98
1998-05-07,4.98
1998-05-08,5.0
1998-05-11,5.0
1998-05-12,4.99
1998-05-13,4.99
1998-05-14,5.04
1998-05-15,5.04
1998-05-18,5.05
1998-05-19,5.09
1998-05-20,5.07
1998-05-21,5.1
1998-05-22,5.08
1998-05-26,5.0
1998-05-27,4.96
1998-05-28,4.93
1998-05-29,4.89
1998-06-01,4.85
1998-06-02,4.95
1998-06-03,5.0
1998-06-04,4.98
1998-06-05,4.98
1998-06-08,5.0
1998-06-09,5.03
1998-06-10,5.01
1998-06-11,4.97
1998-06-12,4.99
1998-06-15,4.98
1998-06-16,5.06
1998-06-17,5.09
1998-06-18,5.05
1998-06-19,5.03
1998-06-22,4.99
1998-06-23,4.97
1998-06-24,4.91
1998-06-25,4.89
1998-06-26,4.87
1998-06-29,4.89
1998-06-30,4.97
1998-07-01,4.96
1998-07-02,4.94
1998-07-06,4.93
1998-07-07,4.95
1998-07-08,4.96
1998-07-09,4.94
1998-07-10,4.93
1998-07-13,4.96
1998-07-14,5.02
1998-07-15,5.01
1998-07-16,5.03
1998-07-17,5.01
1998-07-20,5.0
1998-07-21,4.96
1998-07-22,4.94
1998-07-23,4.96
1998-07-24,4.95
1998-07-27,4.96
1998-07-28,4.94
1998-07-29,4.94
1998-07-30,4.94
1998-07-31,4.97
1998-08-03,4.98
1998-08-04,4.97
1998-08-05,4.95
1998-08-06,4.9
1998-08-07,4.86
1998-08-10,4.86
1998-08-11,4.9
1998-08-12,4.89
1998-08-13,4.91
1998-08-14,4.9
1998-08-17,4.93
1998-08-18,4.93
1998-08-19,4.94
1998-08-20,4.91
1998-08-21,4.88
1998-08-24,4.94
1998-08-25,4.96
1998-08-26,4.93
1998-08-27,4.86
1998-08-28,4.78
1998-08-31,4.77
1998-09-01,4.79
1998-09-02,4.78
1998-09-03,4.71
1998-09-04,4.74
1998-09-08,4.74
1998-09-09,4.76
1998-09-10,4.66
1998-09-11,4.75
1998-09-14,4.72
1998-09-15,4.67
1998-09-16,4.62
1998-09-17,4.58
1998-09-18,4.51
1998-09-21,4.56
1998-09-22,4.69
1998-09-23,4.55
1998-09-24,4.44
1998-09-25,4.41
1998-09-28,4.36
1998-09-29,4.43
1998-09-30,4.26
1998-10-01,4.13
1998-10-02,4.12
1998-10-05,4.06
1998-10-06,4.08
1998-10-07,4.05
1998-10-08,3.8
1998-10-09,3.79
1998-10-12,3.795
1998-10-13,3.8
1998-10-14,3.93
1998-10-15,4.05
1998-10-16,3.56
1998-10-19,3.71
1998-10-20,3.86
1998-10-21,3.91
1998-10-22,3.88
1998-10-23,3.87
1998-10-26,4.0
1998-10-27,3.96
1998-10-28,4.18
1998-10-29,4.22
1998-10-30,4.23
1998-11-02,4.31
1998-11-03,4.39
1998-11-04,4.45
1998-11-05,4.47
1998-11-06,4.52
1998-11-09,4.52
1998-11-10,4.43
1998-11-11,4.4
1998-11-12,4.37
1998-11-13,4.36
1998-11-16,4.41
1998-11-17,4.31
1998-11-18,4.33
1998-11-19,4.35
1998-11-20,4.35
1998-11-23,4.48
1998-11-24,4.51
1998-11-25,4.46
1998-11-27,4.44
1998-11-30,4.42
1998-12-01,4.38
1998-12-02,4.37
1998-12-03,4.34
1998-12-04,4.37
1998-12-07,4.4
1998-12-08,4.32
1998-12-09,4.32
1998-12-10,4.37
1998-12-11,4.39
1998-12-14,4.4
1998-12-15,4.38
1998-12-16,4.35
1998-12-17,4.35
1998-12-18,4.38
1998-12-21,4.42
1998-12-22,4.39
1998-12-23,4.47
1998-12-24,4.46
1998-12-28,4.45
1998-12-29,4.48
1998-12-30,4.44
1998-12-31,4.37
1999-01-04,4.38
1999-01-05,4.37
1999-01-06,4.36
1999-01-07,4.33
1999-01-08,4.37
1999-01-11,4.39
1999-01-12,4.37
1999-01-13,4.34
1999-01-14,4.33
1999-01-15,4.33
1999-01-19,4.29
1999-01-20,4.26
1999-01-21,4.22
1999-01-22,4.26
1999-01-25,4.31
1999-01-26,4.35
1999-01-27,4.36
1999-01-28,4.38
1999-01-29,4.37
1999-02-01,4.42
1999-02-02,4.42
1999-02-03,4.37
1999-02-04,4.38
1999-02-05,4.39
1999-02-08,4.4
1999-02-09,4.42
1999-02-10,4.37
1999-02-11,4.39
1999-02-12,4.43
1999-02-16,4.41
1999-02-17,4.41
1999-02-18,4.42
1999-02-19,4.45
1999-02-22,4.5
1999-02-23,4.54
1999-02-24,4.55
1999-02-25,4.51
1999-02-26,4.55
1999-03-01,4.58
1999-03-02,4.53
1999-03-03,4.49
1999-03-04,4.49
1999-03-05,4.5
1999-03-08,4.51
1999-03-09,4.47
1999-03-10,4.47
1999-03-11,4.49
1999-03-12,4.47
1999-03-15,4.46
1999-03-16,4.43
1999-03-17,4.41
1999-03-18,4.39
1999-03-19,4.39
1999-03-22,4.4
1999-03-23,4.38
1999-03-24,4.38
1999-03-25,4.39
1999-03-26,4.39
1999-03-29,4.39
1999-03-30,4.36
1999-03-31,4.37
1999-04-01,4.32
1999-04-05,4.29
1999-04-06,4.3
1999-04-07,4.3
1999-04-08,4.28
1999-04-09,4.3
1999-04-12,4.22
1999-04-13,4.2
1999-04-14,4.18
1999-04-15,4.2
1999-04-16,4.22
1999-04-19,4.22
1999-04-20,4.26
1999-04-21,4.24
1999-04-22,4.28
1999-04-23,4.31
1999-04-26,4.35
1999-04-27,4.38
1999-04-28,4.39
1999-04-29,4.39
1999-04-30,4.43
1999-05-03,4.47
1999-05-04,4.5
1999-05-05,4.48
1999-05-06,4.49
1999-05-07,4.49
1999-05-10,4.47
1999-05-11,4.49
1999-05-12,4.47
1999-05-13,4.46
1999-05-14,4.51
1999-05-17,4.55
1999-05-18,4.53
1999-05-19,4.5
1999-05-20,4.48
1999-05-21,4.48
1999-05-24,4.51
1999-05-25,4.51
1999-05-26,4.53
1999-05-27,4.52
1999-05-28,4.53
1999-06-01,4.56
1999-06-02,4.61
1999-06-03,4.52
1999-06-04,4.44
1999-06-07,4.4
1999-06-08,4.49
1999-06-09,4.47
1999-06-10,4.54
1999-06-11,4.6
1999-06-14,4.57
1999-06-15,4.61
1999-06-16,4.54
1999-06-17,4.51
1999-06-18,4.55
1999-06-21,4.57
1999-06-22,4.6
1999-06-23,4.6
1999-06-24,4.6
1999-06-25,4.66
1999-06-28,4.68
1999-06-29,4.7
1999-06-30,4.65
1999-07-01,4.55
1999-07-02,4.55
1999-07-06,4.53
1999-07-07,4.54
1999-07-08,4.55
1999-07-09,4.56
1999-07-12,4.57
1999-07-13,4.58
1999-07-14,4.59
1999-07-15,4.57
1999-07-16,4.55
1999-07-19,4.52
1999-07-20,4.51
1999-07-21,4.46
1999-07-22,4.48
1999-07-23,4.52
1999-07-26,4.58
1999-07-27,4.57
1999-07-28,4.58
1999-07-29,4.59
1999-07-30,4.62
1999-08-02,4.65
1999-08-03,4.7
1999-08-04,4.65
1999-08-05,4.61
1999-08-06,4.66
1999-08-09,4.76
1999-08-10,4.81
1999-08-11,4.77
1999-08-12,4.66
1999-08-13,4.6
1999-08-16,4.62
1999-08-17,4.69
1999-08-18,4.63
1999-08-19,4.62
1999-08-20,4.7
1999-08-23,4.78
1999-08-24,4.85
1999-08-25,4.79
1999-08-26,4.79
1999-08-27,4.84
1999-08-30,4.85
1999-08-31,4.84
1999-09-01,4.83
1999-09-02,4.78
1999-09-03,4.78
1999-09-07,4.69
1999-09-08,4.69
1999-09-09,4.68
1999-09-10,4.62
1999-09-13,4.64
1999-09-14,4.69
1999-09-15,4.62
1999-09-16,4.57
1999-09-17,4.54
1999-09-20,4.56
1999-09-21,4.66
1999-09-22,4.69
1999-09-23,4.69
1999-09-24,4.65
1999-09-27,4.68
1999-09-28,4.71
1999-09-29,4.69
1999-09-30,4.74
1999-10-01,4.74
1999-10-04,4.69
1999-10-05,4.72
1999-10-06,4.68
1999-10-07,4.7
1999-10-08,4.68
1999-10-11,4.705
1999-10-12,4.73
1999-10-13,4.84
1999-10-14,4.88
1999-10-15,4.9
1999-10-18,4.94
1999-10-19,5.0
1999-10-20,5.0
1999-10-21,4.99
1999-10-22,4.92
1999-10-25,4.89
1999-10-26,5.0
1999-10-27,4.99
1999-10-28,4.96
1999-10-29,4.97
1999-11-01,4.98
1999-11-02,4.99
1999-11-03,4.97
1999-11-04,4.95
1999-11-05,4.99
1999-11-08,5.04
1999-11-09,5.04
1999-11-10,5.05
1999-11-11,5.065
1999-11-12,5.08
1999-11-15,5.12
1999-11-16,5.14
1999-11-17,5.09
1999-11-18,5.08
1999-11-19,5.08
1999-11-22,5.08
1999-11-23,5.13
1999-11-24,5.14
1999-11-26,5.14
1999-11-29,5.17
1999-11-30,5.15
1999-12-01,5.12
1999-12-02,5.1
1999-12-03,5.1
1999-12-06,5.09
1999-12-07,5.07
1999-12-08,5.07
1999-12-09,5.1
1999-12-10,5.14
1999-12-13,5.22
1999-12-14,5.23
1999-12-15,5.19
1999-12-16,5.23
1999-12-17,5.28
1999-12-20,5.39
1999-12-21,5.42
1999-12-22,5.39
1999-12-23,5.31
1999-12-27,5.3
1999-12-28,5.25
1999-12-29,5.08
1999-12-30,5.07
1999-12-31,5.17
2000-01-03,5.27
2000-01-04,5.27
2000-01-05,5.28
2000-01-06,5.25
2000-01-07,5.22
2000-01-10,5.24
2000-01-11,5.27
2000-01-12,5.29
2000-01-13,5.25
2000-01-14,5.25
2000-01-18,5.24
2000-01-19,5.35
2000-01-20,5.32
2000-01-21,5.31
2000-01-24,5.32
2000-01-25,5.4
2000-01-26,5.41
2000-01-27,5.42
2000-01-28,5.48
2000-01-31,5.53
2000-02-01,5.54
2000-02-02,5.49
2000-02-03,5.46
2000-02-04,5.5
2000-02-07,5.47
2000-02-08,5.52
2000-02-09,5.49
2000-02-10,5.5
2000-02-11,5.49
2000-02-14,5.47
2000-02-15,5.58
2000-02-16,5.56
2000-02-17,5.57
2000-02-18,5.58
2000-02-22,5.6
2000-02-23,5.64
2000-02-24,5.63
2000-02-25,5.62
2000-02-28,5.63
2000-02-29,5.62
2000-03-01,5.6
2000-03-02,5.6
2000-03-03,5.63
2000-03-06,5.66
2000-03-07,5.67
2000-03-08,5.67
2000-03-09,5.66
2000-03-10,5.7
2000-03-13,5.71
2000-03-14,5.71
2000-03-15,5.69
2000-03-16,5.7
2000-03-17,5.72
2000-03-20,5.74
2000-03-21,5.74
2000-03-22,5.74
2000-03-23,5.73
2000-03-24,5.74
2000-03-27,5.69
2000-03-28,5.72
2000-03-29,5.73
2000-03-30,5.71
2000-03-31,5.72
2000-04-03,5.69
2000-04-04,5.67
2000-04-05,5.7
2000-04-06,5.72
2000-04-07,5.73
2000-04-10,5.7
2000-04-11,5.67
2000-04-12,5.67
2000-04-13,5.65
2000-04-14,5.65
2000-04-17,5.65
2000-04-18,5.65
2000-04-19,5.65
2000-04-20,5.63
2000-04-24,5.61
2000-04-25,5.63
2000-04-26,5.59
2000-04-27,5.59
2000-04-28,5.66
2000-05-01,5.67
2000-05-02,5.75
2000-05-03,5.74
2000-05-04,5.73
2000-05-05,5.79
2000-05-08,5.87
2000-05-09,5.96
2000-05-10,5.96
2000-05-11,5.96
2000-05-12,5.96
2000-05-15,5.94
2000-05-16,6.02
2000-05-17,5.88
2000-05-18,5.75
2000-05-19,5.71
2000-05-22,5.71
2000-05-23,5.84
2000-05-24,5.75
2000-05-25,5.68
2000-05-26,5.65
2000-05-30,5.6
2000-05-31,5.48
2000-06-01,5.57
2000-06-02,5.7
2000-06-05,5.72
2000-06-06,5.82
2000-06-07,5.75
2000-06-08,5.74
2000-06-09,5.75
2000-06-12,5.69
2000-06-13,5.72
2000-06-14,5.66
2000-06-15,5.67
2000-06-16,5.66
2000-06-19,5.64
2000-06-20,5.63
2000-06-21,5.65
2000-06-22,5.67
2000-06-23,5.69
2000-06-26,5.66
2000-06-27,5.67
2000-06-28,5.65
2000-06-29,5.68
2000-06-30,5.71
2000-07-03,5.75
2000-07-05,5.82
2000-07-06,5.85
2000-07-07,5.87
2000-07-10,5.9
2000-07-11,5.93
2000-07-12,5.99
2000-07-13,6.0
2000-07-14,5.99
2000-07-17,5.98
2000-07-18,5.98
2000-07-19,6.0
2000-07-20,6.0
2000-07-21,5.95
2000-07-24,5.98
2000-07-25,6.02
2000-07-26,6.0
2000-07-27,6.04
2000-07-28,6.02
2000-07-31,6.03
2000-08-01,6.07
2000-08-02,6.07
2000-08-03,6.05
2000-08-04,6.05
2000-08-07,6.06
2000-08-08,6.08
2000-08-09,6.07
2000-08-10,6.07
2000-08-11,6.11
2000-08-14,6.09
2000-08-15,6.1
2000-08-16,6.09
2000-08-17,6.09
2000-08-18,6.09
2000-08-21,6.09
2000-08-22,6.1
2000-08-23,6.11
2000-08-24,6.11
2000-08-25,6.13
2000-08-28,6.14
2000-08-29,6.13
2000-08-30,6.14
2000-08-31,6.13
2000-09-01,6.09
2000-09-05,6.07
2000-09-06,6.03
2000-09-07,6.02
2000-09-08,5.97
2000-09-11,5.95
2000-09-12,5.92
2000-09-13,5.92
2000-09-14,5.97
2000-09-15,5.97
2000-09-18,5.97
2000-09-19,5.99
2000-09-20,5.98
2000-09-21,5.98
2000-09-22,5.99
2000-09-25,5.99
2000-09-26,6.0
2000-09-27,6.02
2000-09-28,6.07
2000-09-29,6.05
2000-10-02,6.03
2000-10-03,6.06
2000-10-04,6.06
2000-10-05,6.07
2000-10-06,6.06
2000-10-09,6.055
2000-10-10,6.05
2000-10-11,6.05
2000-10-12,6.01
2000-10-13,6.02
2000-10-16,6.06
2000-10-17,6.12
2000-10-18,6.12
2000-10-19,6.14
2000-10-20,6.13
2000-10-23,6.16
2000-10-24,6.17
2000-10-25,6.2
2000-10-26,6.18
2000-10-27,6.17
2000-10-30,6.19
2000-10-31,6.19
2000-11-01,6.18
2000-11-02,6.19
2000-11-03,6.2
2000-11-06,6.24
2000-11-07,6.23
2000-11-08,6.22
2000-11-09,6.21
2000-11-10,6.19
2000-11-13,6.19
2000-11-14,6.18
2000-11-15,6.19
2000-11-16,6.17
2000-11-17,6.17
2000-11-20,6.18
2000-11-21,6.18
2000-11-22,6.18
2000-11-24,6.18
2000-11-27,6.14
2000-11-28,6.1
2000-11-29,6.06
2000-11-30,6.03
2000-12-01,6.05
2000-12-04,6.0
2000-12-05,5.91
2000-12-06,5.92
2000-12-07,5.94
2000-12-08,5.92
2000-12-11,5.91
2000-12-12,5.89
2000-12-13,5.89
2000-12-14,5.89
2000-12-15,5.85
2000-12-18,5.78
2000-12-19,5.76
2000-12-20,5.66
2000-12-21,5.24
2000-12-22,5.13
2000-12-26,5.61
2000-12-27,5.59
2000-12-28,5.71
2000-12-29,5.73
2001-01-02,5.69
2001-01-03,5.53
2001-01-04,5.23
2001-01-05,4.99
2001-01-08,5.06
2001-01-09,5.1
2001-01-10,5.15
2001-01-11,5.17
2001-01-12,5.19
2001-01-16,5.22
2001-01-17,5.22
2001-01-18,5.14
2001-01-19,5.1
2001-01-22,5.11
2001-01-23,5.1
2001-01-24,5.14
2001-01-25,5.14
2001-01-26,5.04
2001-01-29,4.99
2001-01-30,4.89
2001-01-31,4.86
2001-02-01,4.87
2001-02-02,4.93
2001-02-05,4.96
2001-02-06,4.94
2001-02-07,4.94
2001-02-08,4.95
2001-02-09,4.93
2001-02-12,4.93
2001-02-13,4.92
2001-02-14,4.94
2001-02-15,4.95
2001-02-16,4.89
2001-02-20,4.92
2001-02-21,4.89
2001-02-22,4.88
2001-02-23,4.77
2001-02-26,4.71
2001-02-27,4.7
2001-02-28,4.73
2001-03-01,4.72
2001-03-02,4.72
2001-03-05,4.7
2001-03-06,4.67
2001-03-07,4.57
2001-03-08,4.56
2001-03-09,4.61
2001-03-12,4.54
2001-03-13,4.54
2001-03-14,4.43
2001-03-15,4.41
2001-03-16,4.43
2001-03-19,4.42
2001-03-20,4.38
2001-03-21,4.21
2001-03-22,4.16
2001-03-23,4.19
2001-03-26,4.19
2001-03-27,4.24
2001-03-28,4.23
2001-03-29,4.22
2001-03-30,4.2
2001-04-02,4.12
2001-04-03,4.05
2001-04-04,4.0
2001-04-05,4.01
2001-04-06,3.85
2001-04-09,3.84
2001-04-10,3.85
2001-04-11,3.98
2001-04-12,3.92
2001-04-16,4.05
2001-04-17,4.02
2001-04-18,3.82
2001-04-19,3.78
2001-04-20,3.68
2001-04-23,3.66
2001-04-24,3.71
2001-04-25,3.75
2001-04-26,3.74
2001-04-27,3.76
2001-04-30,3.86
2001-05-01,3.83
2001-05-02,3.8
2001-05-03,3.75
2001-05-04,3.65
2001-05-07,3.65
2001-05-08,3.62
2001-05-09,3.64
2001-05-10,3.66
2001-05-11,3.69
2001-05-14,3.63
2001-05-15,3.55
2001-05-16,3.49
2001-05-17,3.49
2001-05-18,3.53
2001-05-21,3.57
2001-05-22,3.56
2001-05-23,3.56
2001-05-24,3.62
2001-05-25,3.58
2001-05-29,3.63
2001-05-30,3.6
2001-05-31,3.55
2001-06-01,3.59
2001-06-04,3.6
2001-06-05,3.55
2001-06-06,3.54
2001-06-07,3.55
2001-06-08,3.56
2001-06-11,3.52
2001-06-12,3.48
2001-06-13,3.47
2001-06-14,3.48
2001-06-15,3.44
2001-06-18,3.44
2001-06-19,3.43
2001-06-20,3.41
2001-06-21,3.43
2001-06-22,3.37
2001-06-25,3.38
2001-06-26,3.38
2001-06-27,3.44
2001-06-28,3.56
2001-06-29,3.57
2001-07-02,3.59
2001-07-03,3.58
2001-07-05,3.57
2001-07-06,3.55
2001-07-09,3.57
2001-07-10,3.55
2001-07-11,3.5
2001-07-12,3.52
2001-07-13,3.54
2001-07-16,3.56
2001-07-17,3.53
2001-07-18,3.46
2001-07-19,3.47
2001-07-20,3.45
2001-07-23,3.48
2001-07-24,3.48
2001-07-25,3.48
2001-07-26,3.48
2001-07-27,3.47
2001-07-30,3.49
2001-07-31,3.46
2001-08-01,3.45
2001-08-02,3.45
2001-08-03,3.44
2001-08-06,3.44
2001-08-07,3.44
2001-08-08,3.41
2001-08-09,3.38
2001-08-10,3.36
2001-08-13,3.37
2001-08-14,3.35
2001-08-15,3.35
2001-08-16,3.32
2001-08-17,3.29
2001-08-20,3.34
2001-08-21,3.31
2001-08-22,3.31
2001-08-23,3.33
2001-08-24,3.35
2001-08-27,3.37
2001-08-28,3.33
2001-08-29,3.34
2001-08-30,3.29
2001-08-31,3.3
2001-09-04,3.36
2001-09-05,3.33
2001-09-06,3.27
2001-09-07,3.2
2001-09-10,3.19
2001-09-17,2.54
2001-09-18,2.43
2001-09-19,2.15
2001-09-20,2.18
2001-09-21,2.21
2001-09-24,2.33
2001-09-25,2.35
2001-09-26,2.33
2001-09-27,2.33
2001-09-28,2.35
2001-10-01,2.32
2001-10-02,2.22
2001-10-03,2.19
2001-10-04,2.17
2001-10-05,2.15
2001-10-08,2.165
2001-10-09,2.18
2001-10-10,2.18
2001-10-11,2.23
2001-10-12,2.21
2001-10-15,2.21
2001-10-16,2.18
2001-10-17,2.18
2001-10-18,2.15
2001-10-19,2.15
2001-10-22,2.18
2001-10-23,2.16
2001-10-24,2.13
2001-10-25,2.1
2001-10-26,2.1
2001-10-29,2.05
2001-10-30,2.01
2001-10-31,2.01
2001-11-01,2.02
2001-11-02,1.97
2001-11-05,1.97
2001-11-06,1.82
2001-11-07,1.77
2001-11-08,1.81
2001-11-09,1.8
2001-11-12,1.805
2001-11-13,1.81
2001-11-14,1.84
2001-11-15,1.88
2001-11-16,1.91
2001-11-19,1.9
2001-11-20,1.91
2001-11-21,1.92
2001-11-23,1.91
2001-11-26,1.94
2001-11-27,1.88
2001-11-28,1.84
2001-11-29,1.77
2001-11-30,1.75
2001-12-03,1.75
2001-12-04,1.71
2001-12-05,1.74
2001-12-06,1.72
2001-12-07,1.66
2001-12-10,1.68
2001-12-11,1.63
2001-12-12,1.64
2001-12-13,1.66
2001-12-14,1.7
2001-12-17,1.71
2001-12-18,1.68
2001-12-19,1.66
2001-12-20,1.66
2001-12-21,1.68
2001-12-24,1.69
2001-12-26,1.72
2001-12-27,1.71
2001-12-28,1.69
2001-12-31,1.71
2002-01-02,1.71
2002-01-03,1.7
2002-01-04,1.69
2002-01-07,1.66
2002-01-08,1.65
2002-01-09,1.65
2002-01-10,1.65
2002-01-11,1.55
2002-01-14,1.55
2002-01-15,1.57
2002-01-16,1.58
2002-01-17,1.61
2002-01-18,1.59
2002-01-22,1.66
2002-01-23,1.68
2002-01-24,1.69
2002-01-25,1.69
2002-01-28,1.7
2002-01-29,1.69
2002-01-30,1.72
2002-01-31,1.73
2002-02-01,1.73
2002-02-04,1.74
2002-02-05,1.73
2002-02-06,1.71
2002-02-07,1.7
2002-02-08,1.7
2002-02-11,1.7
2002-02-12,1.72
2002-02-13,1.73
2002-02-14,1.72
2002-02-15,1.71
2002-02-19,1.71
2002-02-20,1.73
2002-02-21,1.73
2002-02-22,1.73
2002-02-25,1.74
2002-02-26,1.74
2002-02-27,1.74
2002-02-28,1.76
2002-03-01,1.74
2002-03-04,1.76
2002-03-05,1.77
2002-03-06,1.75
2002-03-07,1.75
2002-03-08,1.77
2002-03-11,1.8
2002-03-12,1.81
2002-03-13,1.79
2002-03-14,1.82
2002-03-15,1.82
2002-03-18,1.83
2002-03-19,1.82
2002-03-20,1.81
2002-03-21,1.8
2002-03-22,1.8
2002-03-25,1.79
2002-03-26,1.78
2002-03-27,1.78
2002-03-28,1.76
2002-04-01,1.75
2002-04-02,1.77
2002-04-03,1.76
2002-04-04,1.75
2002-04-05,1.73
2002-04-08,1.72
2002-04-09,1.7
2002-04-10,1.68
2002-04-11,1.69
2002-04-12,1.68
2002-04-15,1.68
2002-04-16,1.71
2002-04-17,1.7
2002-04-18,1.69
2002-04-19,1.7
2002-04-22,1.69
2002-04-23,1.7
2002-04-24,1.69
2002-04-25,1.71
2002-04-26,1.72
2002-04-29,1.74
2002-04-30,1.74
2002-05-01,1.74
2002-05-02,1.74
2002-05-03,1.73
2002-05-06,1.73
2002-05-07,1.73
2002-05-08,1.73
2002-05-09,1.74
2002-05-10,1.74
2002-05-13,1.74
2002-05-14,1.75
2002-05-15,1.73
2002-05-16,1.72
2002-05-17,1.73
2002-05-20,1.72
2002-05-21,1.72
2002-05-22,1.71
2002-05-23,1.71
2002-05-24,1.71
2002-05-28,1.73
2002-05-29,1.72
2002-05-30,1.72
2002-05-31,1.71
2002-06-03,1.72
2002-06-04,1.73
2002-06-05,1.72
2002-06-06,1.71
2002-06-07,1.71
2002-06-10,1.72
2002-06-11,1.72
2002-06-12,1.71
2002-06-13,1.69
2002-06-14,1.68
2002-06-17,1.7
2002-06-18,1.7
2002-06-19,1.68
2002-06-20,1.7
2002-06-21,1.69
2002-06-24,1.7
2002-06-25,1.7
2002-06-26,1.67
2002-06-27,1.67
2002-06-28,1.67
2002-07-01,1.68
2002-07-02,1.69
2002-07-03,1.69
2002-07-05,1.69
2002-07-08,1.7
2002-07-09,1.69
2002-07-10,1.69
2002-07-11,1.69
2002-07-12,1.68
2002-07-15,1.68
2002-07-16,1.69
2002-07-17,1.69
2002-07-18,1.69
2002-07-19,1.68
2002-07-22,1.68
2002-07-23,1.67
2002-07-24,1.66
2002-07-25,1.67
2002-07-26,1.66
2002-07-29,1.69
2002-07-30,1.69
2002-07-31,1.68
2002-08-01,1.65
2002-08-02,1.6
2002-08-05,1.61
2002-08-06,1.62
2002-08-07,1.56
2002-08-08,1.59
2002-08-09,1.59
2002-08-12,1.64
2002-08-13,1.6
2002-08-14,1.61
2002-08-15,1.59
2002-08-16,1.59
2002-08-19,1.63
2002-08-20,1.59
2002-08-21,1.6
2002-08-22,1.62
2002-08-23,1.62
2002-08-26,1.64
2002-08-27,1.65
2002-08-28,1.64
2002-08-29,1.65
2002-08-30,1.66
2002-09-03,1.61
2002-09-04,1.6
2002-09-05,1.58
2002-09-06,1.63
2002-09-09,1.66
2002-09-10,1.65
2002-09-11,1.66
2002-09-12,1.66
2002-09-13,1.66
2002-09-16,1.68
2002-09-17,1.67
2002-09-18,1.65
2002-09-19,1.62
2002-09-20,1.62
2002-09-23,1.62
2002-09-24,1.62
2002-09-25,1.63
2002-09-26,1.62
2002-09-27,1.6
2002-09-30,1.54
2002-10-01,1.56
2002-10-02,1.55
2002-10-03,1.54
2002-10-04,1.58
2002-10-07,1.6
2002-10-08,1.58
2002-10-09,1.54
2002-10-10,1.55
2002-10-11,1.55
2002-10-14,1.6
2002-10-15,1.65
2002-10-16,1.63
2002-10-17,1.64
2002-10-18,1.64
2002-10-21,1.68
2002-10-22,1.66
2002-10-23,1.65
2002-10-24,1.62
2002-10-25,1.61
2002-10-28,1.56
2002-10-29,1.48
2002-10-30,1.48
2002-10-31,1.42
2002-11-01,1.41
2002-11-04,1.41
2002-11-05,1.4
2002-11-06,1.21
2002-11-07,1.2
2002-11-08,1.2
2002-11-11,1.2
2002-11-12,1.2
2002-11-13,1.19
2002-11-14,1.2
2002-11-15,1.2
2002-11-18,1.21
2002-11-19,1.19
2002-11-20,1.2
2002-11-21,1.2
2002-11-22,1.21
2002-11-25,1.22
2002-11-26,1.2
2002-11-27,1.21
2002-11-29,1.2
2002-12-02,1.22
2002-12-03,1.21
2002-12-04,1.2
2002-12-05,1.2
2002-12-06,1.19
2002-12-09,1.21
2002-12-10,1.19
2002-12-11,1.19
2002-12-12,1.19
2002-12-13,1.19
2002-12-16,1.21
2002-12-17,1.2
2002-12-18,1.19
2002-12-19,1.19
2002-12-20,1.19
2002-12-23,1.17
2002-12-24,1.17
2002-12-26,1.16
2002-12-27,1.14
2002-12-30,1.2
2002-12-31,1.2
2003-01-02,1.2
2003-01-03,1.2
2003-01-06,1.19
2003-01-07,1.17
2003-01-08,1.17
2003-01-09,1.18
2003-01-10,1.18
2003-01-13,1.19
2003-01-14,1.17
2003-01-15,1.18
2003-01-16,1.16
2003-01-17,1.16
2003-01-21,1.17
2003-01-22,1.15
2003-01-23,1.15
2003-01-24,1.14
2003-01-27,1.15
2003-01-28,1.16
2003-01-29,1.16
2003-01-30,1.16
2003-01-31,1.16
2003-02-03,1.16
2003-02-04,1.14
2003-02-05,1.16
2003-02-06,1.15
2003-02-07,1.15
2003-02-10,1.15
2003-02-11,1.16
2003-02-12,1.16
2003-02-13,1.15
2003-02-14,1.16
2003-02-18,1.17
2003-02-19,1.16
2003-02-20,1.17
2003-02-21,1.17
2003-02-24,1.19
2003-02-25,1.18
2003-02-26,1.19
2003-02-27,1.19
2003-02-28,1.18
2003-03-03,1.18
2003-03-04,1.17
2003-03-05,1.16
2003-03-06,1.16
2003-03-07,1.1
2003-03-10,1.06
2003-03-11,1.08
2003-03-12,1.08
2003-03-13,1.1
2003-03-14,1.11
2003-03-17,1.13
2003-03-18,1.12
2003-03-19,1.14
2003-03-20,1.15
2003-03-21,1.16
2003-03-24,1.15
2003-03-25,1.16
2003-03-26,1.16
2003-03-27,1.14
2003-03-28,1.12
2003-03-31,1.12
2003-04-01,1.1
2003-04-02,1.11
2003-04-03,1.09
2003-04-04,1.09
2003-04-07,1.15
2003-04-08,1.13
2003-04-09,1.11
2003-04-10,1.12
2003-04-11,1.15
2003-04-14,1.18
2003-04-15,1.16
2003-04-16,1.15
2003-04-17,1.16
2003-04-21,1.16
2003-04-22,1.16
2003-04-23,1.15
2003-04-24,1.13
2003-04-25,1.12
2003-04-28,1.12
2003-04-29,1.13
2003-04-30,1.11
2003-05-01,1.08
2003-05-02,1.1
2003-05-05,1.11
2003-05-06,1.08
2003-05-07,1.09
2003-05-08,1.07
2003-05-09,1.09
2003-05-12,1.08
2003-05-13,1.07
2003-05-14,1.04
2003-05-15,1.04
2003-05-16,1.03
2003-05-19,1.03
2003-05-20,1.02
2003-05-21,1.04
2003-05-22,1.06
2003-05-23,1.06
2003-05-27,1.07
2003-05-28,1.1
2003-05-29,1.08
2003-05-30,1.09
2003-06-02,1.12
2003-06-03,1.06
2003-06-04,1.03
2003-06-05,1.02
2003-06-06,1.03
2003-06-09,1.01
2003-06-10,0.95
2003-06-11,0.92
2003-06-12,0.9
2003-06-13,0.84
2003-06-16,0.85
2003-06-17,0.88
2003-06-18,0.87
2003-06-19,0.8
2003-06-20,0.81
2003-06-23,0.83
2003-06-24,0.81
2003-06-25,0.9
2003-06-26,0.89
2003-06-27,0.85
2003-06-30,0.89
2003-07-01,0.87
2003-07-02,0.85
2003-07-03,0.85
2003-07-07,0.9
2003-07-08,0.9
2003-07-09,0.88
2003-07-10,0.87
2003-07-11,0.87
2003-07-14,0.89
2003-07-15,0.9
2003-07-16,0.89
2003-07-17,0.88
2003-07-18,0.89
2003-07-21,0.91
2003-07-22,0.91
2003-07-23,0.91
2003-07-24,0.91
2003-07-25,0.91
2003-07-28,0.95
2003-07-29,0.97
2003-07-30,0.96
2003-07-31,0.94
2003-08-01,0.93
2003-08-04,0.95
2003-08-05,0.94
2003-08-06,0.93
2003-08-07,0.93
2003-08-08,0.94
2003-08-11,0.94
2003-08-12,0.93
2003-08-13,0.94
2003-08-14,0.94
2003-08-15,0.93
2003-08-18,0.94
2003-08-19,0.94
2003-08-20,0.94
2003-08-21,0.95
2003-08-22,0.96
2003-08-25,1.0
2003-08-26,0.99
2003-08-27,0.98
2003-08-28,0.97
2003-08-29,0.96
2003-09-02,0.96
2003-09-03,0.95
2003-09-04,0.95
2003-09-05,0.94
2003-09-08,0.95
2003-09-09,0.94
2003-09-10,0.94
2003-09-11,0.94
2003-09-12,0.94
2003-09-15,0.94
2003-09-16,0.91
2003-09-17,0.93
2003-09-18,0.94
2003-09-19,0.93
2003-09-22,0.94
2003-09-23,0.92
2003-09-24,0.93
2003-09-25,0.92
2003-09-26,0.92
2003-09-29,0.95
2003-09-30,0.93
2003-10-01,0.93
2003-10-02,0.92
2003-10-03,0.92
2003-10-06,0.92
2003-10-07,0.9
2003-10-08,0.89
2003-10-09,0.89
2003-10-10,0.9
2003-10-13,0.905
2003-10-14,0.91
2003-10-15,0.91
2003-10-16,0.91
2003-10-17,0.91
2003-10-20,0.93
2003-10-21,0.91
2003-10-22,0.94
2003-10-23,0.94
2003-10-24,0.93
2003-10-27,0.96
2003-10-28,0.94
2003-10-29,0.94
2003-10-30,0.94
2003-10-31,0.94
2003-11-03,0.94
2003-11-04,0.93
2003-11-05,0.94
2003-11-06,0.94
2003-11-07,0.94
2003-11-10,0.95
2003-11-11,0.94
2003-11-12,0.93
2003-11-13,0.92
2003-11-14,0.93
2003-11-17,0.94
2003-11-18,0.94
2003-11-19,0.93
2003-11-20,0.93
2003-11-21,0.92
2003-11-24,0.94
2003-11-25,0.93
2003-11-26,0.92
2003-11-28,0.91
2003-12-01,0.93
2003-12-02,0.92
2003-12-03,0.92
2003-12-04,0.91
2003-12-05,0.9
2003-12-08,0.91
2003-12-09,0.91
2003-12-10,0.91
2003-12-11,0.88
2003-12-12,0.89
2003-12-15,0.89
2003-12-16,0.89
2003-12-17,0.88
2003-12-18,0.87
2003-12-19,0.86
2003-12-22,0.89
2003-12-23,0.88
2003-12-24,0.88
2003-12-26,0.85
2003-12-29,0.89
2003-12-30,0.92
2003-12-31,0.93
2004-01-02,0.91
2004-01-05,0.9
2004-01-06,0.9
2004-01-07,0.89
2004-01-08,0.86
2004-01-09,0.85
2004-01-12,0.88
2004-01-13,0.87
2004-01-14,0.86
2004-01-15,0.86
2004-01-16,0.87
2004-01-20,0.88
2004-01-21,0.87
2004-01-22,0.86
2004-01-23,0.88
2004-01-26,0.89
2004-01-27,0.89
2004-01-28,0.92
2004-01-29,0.92
2004-01-30,0.9
2004-02-02,0.93
2004-02-03,0.92
2004-02-04,0.92
2004-02-05,0.92
2004-02-06,0.91
2004-02-09,0.93
2004-02-10,0.93
2004-02-11,0.91
2004-02-12,0.91
2004-02-13,0.9
2004-02-17,0.93
2004-02-18,0.92
2004-02-19,0.92
2004-02-20,0.92
2004-02-23,0.95
2004-02-24,0.95
2004-02-25,0.94
2004-02-26,0.94
2004-02-27,0.94
2004-03-01,0.95
2004-03-02,0.95
2004-03-03,0.95
2004-03-04,0.94
2004-03-05,0.93
2004-03-08,0.95
2004-03-09,0.94
2004-03-10,0.94
2004-03-11,0.95
2004-03-12,0.94
2004-03-15,0.95
2004-03-16,0.94
2004-03-17,0.92
2004-03-18,0.92
2004-03-19,0.92
2004-03-22,0.94
2004-03-23,0.93
2004-03-24,0.92
2004-03-25,0.92
2004-03-26,0.93
2004-03-29,0.95
2004-03-30,0.94
2004-03-31,0.93
2004-04-01,0.92
2004-04-02,0.93
2004-04-05,0.93
2004-04-06,0.92
2004-04-07,0.93
2004-04-08,0.92
2004-04-12,0.93
2004-04-13,0.93
2004-04-14,0.94
2004-04-15,0.93
2004-04-16,0.92
2004-04-19,0.95
2004-04-20,0.96
2004-04-21,0.98
2004-04-22,0.95
2004-04-23,0.96
2004-04-26,0.98
2004-04-27,0.97
2004-04-28,0.96
2004-04-29,0.95
2004-04-30,0.96
2004-05-03,0.99
2004-05-04,0.99
2004-05-05,0.97
2004-05-06,0.98
2004-05-07,1.05
2004-05-10,1.07
2004-05-11,1.04
2004-05-12,1.02
2004-05-13,0.98
2004-05-14,0.97
2004-05-17,1.05
2004-05-18,1.04
2004-05-19,1.02
2004-05-20,1.01
2004-05-21,1.01
2004-05-24,1.06
2004-05-25,1.06
2004-05-26,1.06
2004-05-27,1.04
2004-05-28,1.06
2004-06-01,1.15
2004-06-02,1.15
2004-06-03,1.15
2004-06-04,1.18
2004-06-07,1.23
2004-06-08,1.25
2004-06-09,1.25
2004-06-10,1.27
2004-06-14,1.4
2004-06-15,1.32
2004-06-16,1.28
2004-06-17,1.25
2004-06-18,1.26
2004-06-21,1.32
2004-06-22,1.3
2004-06-23,1.27
2004-06-24,1.26
2004-06-25,1.28
2004-06-28,1.36
2004-06-29,1.36
2004-06-30,1.31
2004-07-01,1.2
2004-07-02,1.27
2004-07-06,1.32
2004-07-07,1.28
2004-07-08,1.25
2004-07-09,1.25
2004-07-12,1.32
2004-07-13,1.32
2004-07-14,1.32
2004-07-15,1.32
2004-07-16,1.32
2004-07-19,1.33
2004-07-20,1.34
2004-07-21,1.33
2004-07-22,1.34
2004-07-23,1.35
2004-07-26,1.43
2004-07-27,1.44
2004-07-28,1.43
2004-07-29,1.42
2004-07-30,1.42
2004-08-02,1.48
2004-08-03,1.46
2004-08-04,1.46
2004-08-05,1.45
2004-08-06,1.41
2004-08-09,1.49
2004-08-10,1.48
2004-08-11,1.42
2004-08-12,1.41
2004-08-13,1.41
2004-08-16,1.47
2004-08-17,1.46
2004-08-18,1.46
2004-08-19,1.45
2004-08-20,1.46
2004-08-23,1.52
2004-08-24,1.52
2004-08-25,1.52
2004-08-26,1.52
2004-08-27,1.53
2004-08-30,1.59
2004-08-31,1.57
2004-09-01,1.55
2004-09-02,1.57
2004-09-03,1.62
2004-09-07,1.64
2004-09-08,1.62
2004-09-09,1.61
2004-09-10,1.63
2004-09-13,1.64
2004-09-14,1.63
2004-09-15,1.64
2004-09-16,1.64
2004-09-17,1.68
2004-09-20,1.7
2004-09-21,1.69
2004-09-22,1.68
2004-09-23,1.69
2004-09-24,1.7
2004-09-27,1.72
2004-09-28,1.69
2004-09-29,1.69
2004-09-30,1.68
2004-10-01,1.67
2004-10-04,1.69
2004-10-05,1.68
2004-10-06,1.68
2004-10-07,1.67
2004-10-08,1.67
2004-10-11,1.68
2004-10-12,1.69
2004-10-13,1.69
2004-10-14,1.71
2004-10-15,1.72
2004-10-18,1.78
2004-10-19,1.79
2004-10-20,1.79
2004-10-21,1.81
2004-10-22,1.81
2004-10-25,1.87
2004-10-26,1.88
2004-10-27,1.88
2004-10-28,1.87
2004-10-29,1.87
2004-11-01,1.96
2004-11-02,1.94
2004-11-03,1.92
2004-11-04,1.94
2004-11-05,1.99
2004-11-08,2.04
2004-11-09,2.04
2004-11-10,2.04
2004-11-11,2.04
2004-11-12,2.04
2004-11-15,2.09
2004-11-16,2.1
2004-11-17,2.09
2004-11-18,2.09
2004-11-19,2.1
2004-11-22,2.16
2004-11-23,2.15
2004-11-24,2.14
2004-11-26,2.16
2004-11-29,2.2
2004-11-30,2.19
2004-12-01,2.18
2004-12-02,2.18
2004-12-03,2.17
2004-12-06,2.22
2004-12-07,2.21
2004-12-08,2.2
2004-12-09,2.2
2004-12-10,2.21
2004-12-13,2.21
2004-12-14,2.18
2004-12-15,2.17
2004-12-16,2.16
2004-12-17,2.16
2004-12-20,2.19
2004-12-21,2.17
2004-12-22,2.15
2004-12-23,2.15
2004-12-27,2.24
2004-12-28,2.22
2004-12-29,2.19
2004-12-30,2.18
2004-12-31,2.18
2005-01-03,2.29
2005-01-04,2.3
2005-01-05,2.29
2005-01-06,2.27
2005-01-07,2.28
2005-01-10,2.33
2005-01-11,2.31
2005-01-12,2.3
2005-01-13,2.31
2005-01-14,2.32
2005-01-18,2.36
2005-01-19,2.33
2005-01-20,2.31
2005-01-21,2.31
2005-01-24,2.34
2005-01-25,2.36
2005-01-26,2.37
2005-01-27,2.4
2005-01-28,2.41
2005-01-31,2.48
2005-02-01,2.47
2005-02-02,2.47
2005-02-03,2.44
2005-02-04,2.43
2005-02-07,2.48
2005-02-08,2.48
2005-02-09,2.47
2005-02-10,2.47
2005-02-11,2.5
2005-02-14,2.55
2005-02-15,2.55
2005-02-16,2.53
2005-02-17,2.53
2005-02-18,2.56
2005-02-22,2.63
2005-02-23,2.63
2005-02-24,2.64
2005-02-25,2.69
2005-02-28,2.72
2005-03-01,2.7
2005-03-02,2.68
2005-03-03,2.7
2005-03-04,2.7
2005-03-07,2.71
2005-03-08,2.7
2005-03-09,2.7
2005-03-10,2.69
2005-03-11,2.7
2005-03-14,2.75
2005-03-15,2.75
2005-03-16,2.74
2005-03-17,2.73
2005-03-18,2.75
2005-03-21,2.8
2005-03-22,2.83
2005-03-23,2.77
2005-03-24,2.78
2005-03-28,2.79
2005-03-29,2.78
2005-03-30,2.77
2005-03-31,2.73
2005-04-01,2.74
2005-04-04,2.75
2005-04-05,2.74
2005-04-06,2.71
2005-04-07,2.71
2005-04-08,2.73
2005-04-11,2.71
2005-04-12,2.71
2005-04-13,2.72
2005-04-14,2.72
2005-04-15,2.73
2005-04-18,2.85
2005-04-19,2.85
2005-04-20,2.81
2005-04-21,2.82
2005-04-22,2.87
2005-04-25,2.88
2005-04-26,2.86
2005-04-27,2.83
2005-04-28,2.82
2005-04-29,2.84
2005-05-02,2.88
2005-05-03,2.85
2005-05-04,2.81
2005-05-05,2.75
2005-05-06,2.8
2005-05-09,2.86
2005-05-10,2.84
2005-05-11,2.81
2005-05-12,2.82
2005-05-13,2.76
2005-05-16,2.84
2005-05-17,2.82
2005-05-18,2.8
2005-05-19,2.81
2005-05-20,2.83
2005-05-23,2.91
2005-05-24,2.88
2005-05-25,2.89
2005-05-26,2.88
2005-05-27,2.9
2005-05-31,2.93
2005-06-01,2.91
2005-06-02,2.91
2005-06-03,2.94
2005-06-06,2.96
2005-06-07,2.96
2005-06-08,2.96
2005-06-09,2.93
2005-06-10,2.94
2005-06-13,2.97
2005-06-14,2.95
2005-06-15,2.94
2005-06-16,2.91
2005-06-17,2.92
2005-06-20,2.96
2005-06-21,2.96
2005-06-22,2.97
2005-06-23,3.0
2005-06-24,3.02
2005-06-27,3.09
2005-06-28,3.08
2005-06-29,3.06
2005-06-30,3.06
2005-07-01,3.1
2005-07-05,3.15
2005-07-06,3.12
2005-07-07,3.08
2005-07-08,3.1
2005-07-11,3.13
2005-07-12,3.14
2005-07-13,3.15
2005-07-14,3.16
2005-07-15,3.18
2005-07-18,3.23
2005-07-19,3.24
2005-07-20,3.23
2005-07-21,3.27
2005-07-22,3.3
2005-07-25,3.37
2005-07-26,3.36
2005-07-27,3.33
2005-07-28,3.33
2005-07-29,3.34
2005-08-01,3.41
2005-08-02,3.41
2005-08-03,3.38
2005-08-04,3.39
2005-08-05,3.44
2005-08-08,3.47
2005-08-09,3.44
2005-08-10,3.43
2005-08-11,3.43
2005-08-12,3.44
2005-08-15,3.47
2005-08-16,3.46
2005-08-17,3.44
2005-08-18,3.42
2005-08-19,3.44
2005-08-22,3.46
2005-08-23,3.46
2005-08-24,3.45
2005-08-25,3.46
2005-08-26,3.47
2005-08-29,3.47
2005-08-30,3.46
2005-08-31,3.44
2005-09-01,3.4
2005-09-02,3.38
2005-09-06,3.45
2005-09-07,3.41
2005-09-08,3.4
2005-09-09,3.41
2005-09-12,3.44
2005-09-13,3.4
2005-09-14,3.35
2005-09-15,3.37
2005-09-16,3.42
2005-09-19,3.51
2005-09-20,3.54
2005-09-21,3.34
2005-09-22,3.39
2005-09-23,3.4
2005-09-26,3.46
2005-09-27,3.42
2005-09-28,3.39
2005-09-29,3.46
2005-09-30,3.47
2005-10-03,3.54
2005-10-04,3.55
2005-10-05,3.5
2005-10-06,3.52
2005-10-07,3.54
2005-10-10,3.595
2005-10-11,3.65
2005-10-12,3.62
2005-10-13,3.66
2005-10-14,3.69
2005-10-17,3.78
2005-10-18,3.77
2005-10-19,3.77
2005-10-20,3.76
2005-10-21,3.77
2005-10-24,3.84
2005-10-25,3.84
2005-10-26,3.81
2005-10-27,3.79
2005-10-28,3.83
2005-10-31,3.89
2005-11-01,3.87
2005-11-02,3.85
2005-11-03,3.85
2005-11-04,3.88
2005-11-07,3.87
2005-11-08,3.87
2005-11-09,3.9
2005-11-10,3.88
2005-11-11,3.905
2005-11-14,3.93
2005-11-15,3.92
2005-11-16,3.91
2005-11-17,3.92
2005-11-18,3.91
2005-11-21,3.91
2005-11-22,3.84
2005-11-23,3.86
2005-11-25,3.86
2005-11-28,3.89
2005-11-29,3.89
2005-11-30,3.86
2005-12-01,3.88
2005-12-02,3.9
2005-12-05,3.95
2005-12-06,3.95
2005-12-07,3.94
2005-12-08,3.85
2005-12-09,3.85
2005-12-12,3.83
2005-12-13,3.83
2005-12-14,3.81
2005-12-15,3.84
2005-12-16,3.84
2005-12-19,3.89
2005-12-20,3.88
2005-12-21,3.9
2005-12-22,3.89
2005-12-23,3.9
2005-12-27,3.9
2005-12-28,3.87
2005-12-29,3.92
2005-12-30,3.99
2006-01-03,4.07
2006-01-04,4.09
2006-01-05,4.1
2006-01-06,4.12
2006-01-09,4.14
2006-01-10,4.19
2006-01-11,4.2
2006-01-12,4.22
2006-01-13,4.23
2006-01-17,4.28
2006-01-18,4.25
2006-01-19,4.25
2006-01-20,4.25
2006-01-23,4.28
2006-01-24,4.3
2006-01-25,4.32
2006-01-26,4.34
2006-01-27,4.34
2006-01-30,4.38
2006-01-31,4.37
2006-02-01,4.37
2006-02-02,4.37
2006-02-03,4.37
2006-02-06,4.38
2006-02-07,4.39
2006-02-08,4.4
2006-02-09,4.41
2006-02-10,4.42
2006-02-13,4.45
2006-02-14,4.45
2006-02-15,4.44
2006-02-16,4.44
2006-02-17,4.43
2006-02-21,4.46
2006-02-22,4.46
2006-02-23,4.48
2006-02-24,4.49
2006-02-27,4.51
2006-02-28,4.51
2006-03-01,4.49
2006-03-02,4.5
2006-03-03,4.5
2006-03-06,4.49
2006-03-07,4.49
2006-03-08,4.47
2006-03-09,4.48
2006-03-10,4.5
2006-03-13,4.5
2006-03-14,4.48
2006-03-15,4.51
2006-03-16,4.5
2006-03-17,4.52
2006-03-20,4.55
2006-03-21,4.57
2006-03-22,4.57
2006-03-23,4.55
2006-03-24,4.54
2006-03-27,4.51
2006-03-28,4.53
2006-03-29,4.51
2006-03-30,4.5
2006-03-31,4.52
2006-04-03,4.55
2006-04-04,4.56
2006-04-05,4.55
2006-04-06,4.56
2006-04-07,4.57
2006-04-10,4.58
2006-04-11,4.58
2006-04-12,4.58
2006-04-13,4.58
2006-04-17,4.61
2006-04-18,4.61
2006-04-19,4.61
2006-04-20,4.61
2006-04-21,4.63
2006-04-24,4.64
2006-04-25,4.67
2006-04-26,4.67
2006-04-27,4.66
2006-04-28,4.65
2006-05-01,4.7
2006-05-02,4.69
2006-05-03,4.7
2006-05-04,4.68
2006-05-05,4.7
2006-05-08,4.75
2006-05-09,4.76
2006-05-10,4.76
2006-05-11,4.7
2006-05-12,4.72
2006-05-15,4.74
2006-05-16,4.71
2006-05-17,4.71
2006-05-18,4.71
2006-05-19,4.7
2006-05-22,4.71
2006-05-23,4.72
2006-05-24,4.7
2006-05-25,4.7
2006-05-26,4.72
2006-05-30,4.72
2006-05-31,4.74
2006-06-01,4.71
2006-06-02,4.69
2006-06-05,4.73
2006-06-06,4.74
2006-06-07,4.74
2006-06-08,4.74
2006-06-09,4.75
2006-06-12,4.81
2006-06-13,4.77
2006-06-14,4.77
2006-06-15,4.72
2006-06-16,4.75
2006-06-19,4.81
2006-06-20,4.8
2006-06-21,4.79
2006-06-22,4.79
2006-06-23,4.84
2006-06-26,4.91
2006-06-27,4.92
2006-06-28,4.88
2006-06-29,4.88
2006-06-30,4.87
2006-07-03,4.96
2006-07-05,4.88
2006-07-06,4.87
2006-07-07,4.89
2006-07-10,4.93
2006-07-11,4.92
2006-07-12,4.93
2006-07-13,4.92
2006-07-14,4.93
2006-07-17,4.98
2006-07-18,5.0
2006-07-19,4.98
2006-07-20,4.95
2006-07-21,4.96
2006-07-24,4.97
2006-07-25,5.0
2006-07-26,4.98
2006-07-27,4.97
2006-07-28,4.94
2006-07-31,4.97
2006-08-01,4.99
2006-08-02,4.97
2006-08-03,4.98
2006-08-04,4.96
2006-08-07,4.99
2006-08-08,4.97
2006-08-09,4.94
2006-08-10,4.92
2006-08-11,4.94
2006-08-14,4.99
2006-08-15,4.97
2006-08-16,4.94
2006-08-17,4.96
2006-08-18,4.97
2006-08-21,4.98
2006-08-22,4.97
2006-08-23,4.96
2006-08-24,4.96
2006-08-25,4.98
2006-08-28,4.97
2006-08-29,4.94
2006-08-30,4.92
2006-08-31,4.92
2006-09-01,4.89
2006-09-05,4.87
2006-09-06,4.84
2006-09-07,4.84
2006-09-08,4.8
2006-09-11,4.81
2006-09-12,4.78
2006-09-13,4.79
2006-09-14,4.82
2006-09-15,4.83
2006-09-18,4.82
2006-09-19,4.82
2006-09-20,4.81
2006-09-21,4.79
2006-09-22,4.8
2006-09-25,4.76
2006-09-26,4.76
2006-09-27,4.76
2006-09-28,4.75
2006-09-29,4.77
2006-10-02,4.76
2006-10-03,4.78
2006-10-04,4.8
2006-10-05,4.81
2006-10-06,4.82
2006-10-09,4.845000000000001
2006-10-10,4.87
2006-10-11,4.89
2006-10-12,4.93
2006-10-13,4.92
2006-10-16,4.96
2006-10-17,4.96
2006-10-18,4.96
2006-10-19,4.97
2006-10-20,4.96
2006-10-23,4.99
2006-10-24,5.0
2006-10-25,4.99
2006-10-26,4.99
2006-10-27,4.98
2006-10-30,4.97
2006-10-31,4.95
2006-11-01,4.94
2006-11-02,4.94
2006-11-03,4.96
2006-11-06,4.96
2006-11-07,4.95
2006-11-08,4.97
2006-11-09,4.96
2006-11-10,4.97
2006-11-13,4.96
2006-11-14,4.96
2006-11-15,4.96
2006-11-16,4.96
2006-11-17,4.96
2006-11-20,4.95
2006-11-21,4.94
2006-11-22,4.92
2006-11-24,4.91
2006-11-27,4.92
2006-11-28,4.91
2006-11-29,4.91
2006-11-30,4.9
2006-12-01,4.9
2006-12-04,4.88
2006-12-05,4.86
2006-12-06,4.86
2006-12-07,4.85
2006-12-08,4.84
2006-12-11,4.81
2006-12-12,4.81
2006-12-13,4.82
2006-12-14,4.83
2006-12-15,4.79
2006-12-18,4.84
2006-12-19,4.84
2006-12-20,4.84
2006-12-21,4.84
2006-12-22,4.86
2006-12-26,4.87
2006-12-27,4.85
2006-12-28,4.87
2006-12-29,4.89
2007-01-03,4.92
2007-01-04,4.91
2007-01-05,4.92
2007-01-08,4.95
2007-01-09,4.95
2007-01-10,4.96
2007-01-11,4.98
2007-01-12,4.96
2007-01-16,4.98
2007-01-17,4.99
2007-01-18,4.99
2007-01-19,5.01
2007-01-22,5.0
2007-01-23,5.01
2007-01-24,5.0
2007-01-25,5.01
2007-01-26,5.0
2007-01-29,5.01
2007-01-30,5.0
2007-01-31,4.99
2007-02-01,5.0
2007-02-02,5.01
2007-02-05,5.02
2007-02-06,5.01
2007-02-07,5.02
2007-02-08,5.03
2007-02-09,5.02
2007-02-12,5.04
2007-02-13,5.03
2007-02-14,5.02
2007-02-15,5.03
2007-02-16,5.04
2007-02-20,5.05
2007-02-21,5.04
2007-02-22,5.05
2007-02-23,5.05
2007-02-26,5.05
2007-02-27,4.99
2007-02-28,5.01
2007-03-01,5.0
2007-03-02,4.98
2007-03-05,4.97
2007-03-06,4.99
2007-03-07,4.97
2007-03-08,4.95
2007-03-09,4.96
2007-03-12,4.96
2007-03-13,4.94
2007-03-14,4.92
2007-03-15,4.91
2007-03-16,4.9
2007-03-19,4.93
2007-03-20,4.92
2007-03-21,4.91
2007-03-22,4.92
2007-03-23,4.94
2007-03-26,4.93
2007-03-27,4.93
2007-03-28,4.92
2007-03-29,4.91
2007-03-30,4.9
2007-04-02,4.91
2007-04-03,4.91
2007-04-04,4.92
2007-04-05,4.9
2007-04-09,4.89
2007-04-10,4.89
2007-04-11,4.9
2007-04-12,4.89
2007-04-13,4.88
2007-04-16,4.88
2007-04-17,4.87
2007-04-18,4.86
2007-04-19,4.85
2007-04-20,4.85
2007-04-23,4.85
2007-04-24,4.84
2007-04-25,4.83
2007-04-26,4.82
2007-04-27,4.81
2007-04-30,4.79
2007-05-01,4.76
2007-05-02,4.77
2007-05-03,4.76
2007-05-04,4.76
2007-05-07,4.77
2007-05-08,4.76
2007-05-09,4.74
2007-05-10,4.73
2007-05-11,4.73
2007-05-14,4.73
2007-05-15,4.7
2007-05-16,4.62
2007-05-17,4.68
2007-05-18,4.7
2007-05-21,4.76
2007-05-22,4.79
2007-05-23,4.77
2007-05-24,4.77
2007-05-25,4.75
2007-05-29,4.76
2007-05-30,4.71
2007-05-31,4.6
2007-06-01,4.66
2007-06-04,4.68
2007-06-05,4.7
2007-06-06,4.67
2007-06-07,4.67
2007-06-08,4.64
2007-06-11,4.6
2007-06-12,4.59
2007-06-13,4.53
2007-06-14,4.52
2007-06-15,4.43
2007-06-18,4.51
2007-06-19,4.52
2007-06-20,4.61
2007-06-21,4.57
2007-06-22,4.59
2007-06-25,4.69
2007-06-26,4.69
2007-06-27,4.64
2007-06-28,4.64
2007-06-29,4.68
2007-07-02,4.81
2007-07-03,4.81
2007-07-05,4.81
2007-07-06,4.81
2007-07-09,4.83
2007-07-10,4.81
2007-07-11,4.81
2007-07-12,4.83
2007-07-13,4.83
2007-07-16,4.84
2007-07-17,4.82
2007-07-18,4.82
2007-07-19,4.84
2007-07-20,4.83
2007-07-23,4.88
2007-07-24,4.88
2007-07-25,4.85
2007-07-26,4.78
2007-07-27,4.72
2007-07-30,4.82
2007-07-31,4.82
2007-08-01,4.75
2007-08-02,4.75
2007-08-03,4.72
2007-08-06,4.74
2007-08-07,4.8
2007-08-08,4.81
2007-08-09,4.67
2007-08-10,4.44
2007-08-13,4.61
2007-08-14,4.51
2007-08-15,4.1
2007-08-16,3.69
2007-08-17,3.65
2007-08-20,3.08
2007-08-21,3.51
2007-08-22,3.58
2007-08-23,3.79
2007-08-24,4.13
2007-08-27,4.5
2007-08-28,4.28
2007-08-29,3.88
2007-08-30,3.74
2007-08-31,3.91
2007-09-04,4.35
2007-09-05,4.24
2007-09-06,4.18
2007-09-07,3.96
2007-09-10,3.86
2007-09-11,4.0
2007-09-12,3.93
2007-09-13,3.97
2007-09-14,3.9
2007-09-17,4.05
2007-09-18,3.91
2007-09-19,3.83
2007-09-20,3.69
2007-09-21,3.64
2007-09-24,3.76
2007-09-25,3.7
2007-09-26,3.64
2007-09-27,3.62
2007-09-28,3.72
2007-10-01,3.83
2007-10-02,3.86
2007-10-03,3.86
2007-10-04,3.85
2007-10-05,3.89
2007-10-08,3.925
2007-10-09,3.96
2007-10-10,3.95
2007-10-11,4.01
2007-10-12,4.09
2007-10-15,4.19
2007-10-16,4.14
2007-10-17,3.91
2007-10-18,3.66
2007-10-19,3.75
2007-10-22,3.9
2007-10-23,3.88
2007-10-24,3.75
2007-10-25,3.84
2007-10-26,3.86
2007-10-29,3.91
2007-10-30,3.86
2007-10-31,3.84
2007-11-01,3.71
2007-11-02,3.52
2007-11-05,3.62
2007-11-06,3.66
2007-11-07,3.4
2007-11-08,3.3
2007-11-09,3.19
2007-11-12,3.3
2007-11-13,3.41
2007-11-14,3.33
2007-11-15,3.22
2007-11-16,3.32
2007-11-19,3.32
2007-11-20,3.17
2007-11-21,3.02
2007-11-23,3.15
2007-11-26,3.06
2007-11-27,3.08
2007-11-28,2.98
2007-11-29,2.92
2007-11-30,3.08
2007-12-03,2.99
2007-12-04,3.0
2007-12-05,3.0
2007-12-06,3.02
2007-12-07,3.04
2007-12-10,2.98
2007-12-11,2.87
2007-12-12,2.81
2007-12-13,2.8
2007-12-14,2.81
2007-12-17,3.01
2007-12-18,2.98
2007-12-19,2.85
2007-12-20,2.85
2007-12-21,2.92
2007-12-24,3.26
2007-12-26,3.24
2007-12-27,3.09
2007-12-28,3.1
2007-12-31,3.29
2008-01-02,3.18
2008-01-03,3.16
2008-01-04,3.12
2008-01-07,3.19
2008-01-08,3.17
2008-01-09,3.14
2008-01-10,3.16
2008-01-11,3.02
2008-01-14,3.11
2008-01-15,3.09
2008-01-16,3.06
2008-01-17,3.0
2008-01-18,2.79
2008-01-22,2.3
2008-01-23,2.16
2008-01-24,2.32
2008-01-25,2.25
2008-01-28,2.29
2008-01-29,2.23
2008-01-30,2.16
2008-01-31,1.92
2008-02-01,2.06
2008-02-04,2.22
2008-02-05,2.14
2008-02-06,2.05
2008-02-07,2.12
2008-02-08,2.18
2008-02-11,2.25
2008-02-12,2.25
2008-02-13,2.22
2008-02-14,2.26
2008-02-15,2.16
2008-02-19,2.23
2008-02-20,2.2
2008-02-21,2.15
2008-02-22,2.15
2008-02-25,2.15
2008-02-26,2.09
2008-02-27,1.94
2008-02-28,1.86
2008-02-29,1.81
2008-03-03,1.67
2008-03-04,1.63
2008-03-05,1.5
2008-03-06,1.37
2008-03-07,1.42
2008-03-10,1.33
2008-03-11,1.45
2008-03-12,1.45
2008-03-13,1.33
2008-03-14,1.16
2008-03-17,1.09
2008-03-18,0.91
2008-03-19,0.6
2008-03-20,0.62
2008-03-24,1.23
2008-03-25,1.27
2008-03-26,1.27
2008-03-27,1.28
2008-03-28,1.31
2008-03-31,1.36
2008-04-01,1.38
2008-04-02,1.39
2008-04-03,1.38
2008-04-04,1.33
2008-04-07,1.43
2008-04-08,1.39
2008-04-09,1.29
2008-04-10,1.25
2008-04-11,1.17
2008-04-14,1.07
2008-04-15,1.09
2008-04-16,1.11
2008-04-17,1.21
2008-04-18,1.32
2008-04-21,1.33
2008-04-22,1.26
2008-04-23,1.24
2008-04-24,1.24
2008-04-25,1.31
2008-04-28,1.42
2008-04-29,1.44
2008-04-30,1.41
2008-05-01,1.42
2008-05-02,1.47
2008-05-05,1.51
2008-05-06,1.6
2008-05-07,1.64
2008-05-08,1.63
2008-05-09,1.66
2008-05-12,1.74
2008-05-13,1.8
2008-05-14,1.79
2008-05-15,1.8
2008-05-16,1.81
2008-05-19,1.79
2008-05-20,1.83
2008-05-21,1.83
2008-05-22,1.83
2008-05-23,1.82
2008-05-27,1.86
2008-05-28,1.86
2008-05-29,1.87
2008-05-30,1.85
2008-06-02,1.82
2008-06-03,1.82
2008-06-04,1.81
2008-06-05,1.82
2008-06-06,1.81
2008-06-09,1.86
2008-06-10,1.98
2008-06-11,1.92
2008-06-12,1.96
2008-06-13,1.95
2008-06-16,2.04
2008-06-17,1.96
2008-06-18,1.89
2008-06-19,1.87
2008-06-20,1.83
2008-06-23,1.85
2008-06-24,1.8
2008-06-25,1.78
2008-06-26,1.7
2008-06-27,1.64
2008-06-30,1.87
2008-07-01,1.84
2008-07-02,1.79
2008-07-03,1.81
2008-07-07,1.84
2008-07-08,1.83
2008-07-09,1.79
2008-07-10,1.64
2008-07-11,1.58
2008-07-14,1.5
2008-07-15,1.37
2008-07-16,1.35
2008-07-17,1.4
2008-07-18,1.45
2008-07-21,1.46
2008-07-22,1.52
2008-07-23,1.56
2008-07-24,1.62
2008-07-25,1.71
2008-07-28,1.7
2008-07-29,1.69
2008-07-30,1.67
2008-07-31,1.65
2008-08-01,1.63
2008-08-04,1.72
2008-08-05,1.72
2008-08-06,1.61
2008-08-07,1.63
2008-08-08,1.67
2008-08-11,1.84
2008-08-12,1.83
2008-08-13,1.82
2008-08-14,1.85
2008-08-15,1.81
2008-08-18,1.79
2008-08-19,1.77
2008-08-20,1.68
2008-08-21,1.69
2008-08-22,1.67
2008-08-25,1.71
2008-08-26,1.68
2008-08-27,1.64
2008-08-28,1.71
2008-08-29,1.69
2008-09-02,1.69
2008-09-03,1.67
2008-09-04,1.66
2008-09-05,1.65
2008-09-08,1.69
2008-09-09,1.63
2008-09-10,1.62
2008-09-11,1.58
2008-09-12,1.46
2008-09-15,1.03
2008-09-16,0.84
2008-09-17,0.03
2008-09-18,0.23
2008-09-19,0.97
2008-09-22,1.29
2008-09-23,0.81
2008-09-24,0.5
2008-09-25,0.75
2008-09-26,0.86
2008-09-29,0.96
2008-09-30,0.9
2008-10-01,0.84
2008-10-02,0.62
2008-10-03,0.5
2008-10-06,0.54
2008-10-07,0.81
2008-10-08,0.67
2008-10-09,0.58
2008-10-10,0.24
2008-10-13,0.29
2008-10-14,0.34
2008-10-15,0.22
2008-10-16,0.45
2008-10-17,0.8
2008-10-20,1.24
2008-10-21,1.09
2008-10-22,1.03
2008-10-23,0.96
2008-10-24,0.86
2008-10-27,0.84
2008-10-28,0.76
2008-10-29,0.61
2008-10-30,0.4
2008-10-31,0.44
2008-11-03,0.49
2008-11-04,0.48
2008-11-05,0.39
2008-11-06,0.31
2008-11-07,0.3
2008-11-10,0.29
2008-11-11,0.235
2008-11-12,0.18
2008-11-13,0.21
2008-11-14,0.14
2008-11-17,0.12
2008-11-18,0.12
2008-11-19,0.07
2008-11-20,0.03
2008-11-21,0.02
2008-11-24,0.13
2008-11-25,0.1
2008-11-26,0.05
2008-11-28,0.01
2008-12-01,0.07
2008-12-02,0.06
2008-12-03,0.02
2008-12-04,0.02
2008-12-05,0.02
2008-12-08,0.03
2008-12-09,0.03
2008-12-10,0.0
2008-12-11,0.01
2008-12-12,0.02
2008-12-15,0.04
2008-12-16,0.04
2008-12-17,0.05
2008-12-18,0.0
2008-12-19,0.02
2008-12-22,0.01
2008-12-23,0.02
2008-12-24,0.0
2008-12-26,0.03
2008-12-29,0.06
2008-12-30,0.1
2008-12-31,0.11
2009-01-02,0.08
2009-01-05,0.14
2009-01-06,0.14
2009-01-07,0.11
2009-01-08,0.09
2009-01-09,0.07
2009-01-12,0.12
2009-01-13,0.11
2009-01-14,0.12
2009-01-15,0.11
2009-01-16,0.12
2009-01-20,0.13
2009-01-21,0.11
2009-01-22,0.1
2009-01-23,0.11
2009-01-26,0.15
2009-01-27,0.13
2009-01-28,0.19
2009-01-29,0.23
2009-01-30,0.24
2009-02-02,0.27
2009-02-03,0.32
2009-02-04,0.3
2009-02-05,0.29
2009-02-06,0.28
2009-02-09,0.32
2009-02-10,0.31
2009-02-11,0.3
2009-02-12,0.29
2009-02-13,0.29
2009-02-17,0.32
2009-02-18,0.31
2009-02-19,0.3
2009-02-20,0.27
2009-02-23,0.3
2009-02-24,0.32
2009-02-25,0.3
2009-02-26,0.27
2009-02-27,0.26
2009-03-02,0.28
2009-03-03,0.27
2009-03-04,0.26
2009-03-05,0.2
2009-03-06,0.2
2009-03-09,0.23
2009-03-10,0.24
2009-03-11,0.23
2009-03-12,0.21
2009-03-13,0.19
2009-03-16,0.24
2009-03-17,0.24
2009-03-18,0.21
2009-03-19,0.2
2009-03-20,0.21
2009-03-23,0.22
2009-03-24,0.21
2009-03-25,0.19
2009-03-26,0.15
2009-03-27,0.13
2009-03-30,0.18
2009-03-31,0.21
2009-04-01,0.22
2009-04-02,0.22
2009-04-03,0.21
2009-04-06,0.2
2009-04-07,0.2
2009-04-08,0.18
2009-04-09,0.18
2009-04-13,0.18
2009-04-14,0.17
2009-04-15,0.15
2009-04-16,0.13
2009-04-17,0.14
2009-04-20,0.14
2009-04-21,0.15
2009-04-22,0.14
2009-04-23,0.1
2009-04-24,0.1
2009-04-27,0.13
2009-04-28,0.13
2009-04-29,0.11
2009-04-30,0.14
2009-05-01,0.15
2009-05-04,0.19
2009-05-05,0.19
2009-05-06,0.19
2009-05-07,0.18
2009-05-08,0.18
2009-05-11,0.19
2009-05-12,0.19
2009-05-13,0.17
2009-05-14,0.16
2009-05-15,0.17
2009-05-18,0.19
2009-05-19,0.18
2009-05-20,0.18
2009-05-21,0.19
2009-05-22,0.18
2009-05-26,0.18
2009-05-27,0.17
2009-05-28,0.15
2009-05-29,0.14
2009-06-01,0.13
2009-06-02,0.14
2009-06-03,0.14
2009-06-04,0.14
2009-06-05,0.19
2009-06-08,0.19
2009-06-09,0.19
2009-06-10,0.18
2009-06-11,0.19
2009-06-12,0.18
2009-06-15,0.17
2009-06-16,0.17
2009-06-17,0.17
2009-06-18,0.18
2009-06-19,0.18
2009-06-22,0.2
2009-06-23,0.2
2009-06-24,0.19
2009-06-25,0.18
2009-06-26,0.19
2009-06-29,0.2
2009-06-30,0.19
2009-07-01,0.17
2009-07-02,0.17
2009-07-06,0.19
2009-07-07,0.19
2009-07-08,0.18
2009-07-09,0.19
2009-07-10,0.18
2009-07-13,0.18
2009-07-14,0.18
2009-07-15,0.18
2009-07-16,0.19
2009-07-17,0.17
2009-07-20,0.19
2009-07-21,0.19
2009-07-22,0.19
2009-07-23,0.19
2009-07-24,0.18
2009-07-27,0.19
2009-07-28,0.19
2009-07-29,0.19
2009-07-30,0.18
2009-07-31,0.18
2009-08-03,0.19
2009-08-04,0.18
2009-08-05,0.18
2009-08-06,0.17
2009-08-07,0.18
2009-08-10,0.19
2009-08-11,0.18
2009-08-12,0.17
2009-08-13,0.17
2009-08-14,0.18
2009-08-17,0.18
2009-08-18,0.18
2009-08-19,0.17
2009-08-20,0.17
2009-08-21,0.17
2009-08-24,0.17
2009-08-25,0.17
2009-08-26,0.15
2009-08-27,0.15
2009-08-28,0.15
2009-08-31,0.15
2009-09-01,0.14
2009-09-02,0.14
2009-09-03,0.15
2009-09-04,0.14
2009-09-08,0.14
2009-09-09,0.14
2009-09-10,0.14
2009-09-11,0.14
2009-09-14,0.14
2009-09-15,0.13
2009-09-16,0.1
2009-09-17,0.1
2009-09-18,0.08
2009-09-21,0.11
2009-09-22,0.11
2009-09-23,0.11
2009-09-24,0.1
2009-09-25,0.1
2009-09-28,0.11
2009-09-29,0.13
2009-09-30,0.14
2009-10-01,0.1
2009-10-02,0.1
2009-10-05,0.08
2009-10-06,0.08
2009-10-07,0.09
2009-10-08,0.06
2009-10-09,0.07
2009-10-12,0.07
2009-10-13,0.07
2009-10-14,0.07
2009-10-15,0.07
2009-10-16,0.07
2009-10-19,0.08
2009-10-20,0.08
2009-10-21,0.07
2009-10-22,0.06
2009-10-23,0.07
2009-10-26,0.08
2009-10-27,0.08
2009-10-28,0.07
2009-10-29,0.06
2009-10-30,0.05
2009-11-02,0.06
2009-11-03,0.06
2009-11-04,0.05
2009-11-05,0.04
2009-11-06,0.06
2009-11-09,0.07
2009-11-10,0.07
2009-11-11,0.07
2009-11-12,0.07
2009-11-13,0.06
2009-11-16,0.07
2009-11-17,0.06
2009-11-18,0.04
2009-11-19,0.02
2009-11-20,0.02
2009-11-23,0.05
2009-11-24,0.05
2009-11-25,0.05
2009-11-27,0.03
2009-11-30,0.06
2009-12-01,0.06
2009-12-02,0.05
2009-12-03,0.06
2009-12-04,0.06
2009-12-07,0.04
2009-12-08,0.03
2009-12-09,0.03
2009-12-10,0.02
2009-12-11,0.03
2009-12-14,0.04
2009-12-15,0.05
2009-12-16,0.04
2009-12-17,0.04
2009-12-18,0.05
2009-12-21,0.08
2009-12-22,0.08
2009-12-23,0.07
2009-12-24,0.05
2009-12-28,0.11
2009-12-29,0.1
2009-12-30,0.05
2009-12-31,0.06
2010-01-04,0.08
2010-01-05,0.07
2010-01-06,0.06
2010-01-07,0.05
2010-01-08,0.05
2010-01-11,0.04
2010-01-12,0.05
2010-01-13,0.06
2010-01-14,0.05
2010-01-15,0.06
2010-01-19,0.06
2010-01-20,0.05
2010-01-21,0.06
2010-01-22,0.06
2010-01-25,0.06
2010-01-26,0.07
2010-01-27,0.08
2010-01-28,0.08
2010-01-29,0.08
2010-02-01,0.1
2010-02-02,0.1
2010-02-03,0.1
2010-02-04,0.09
2010-02-05,0.1
2010-02-08,0.12
2010-02-09,0.12
2010-02-10,0.11
2010-02-11,0.11
2010-02-12,0.1
2010-02-16,0.1
2010-02-17,0.1
2010-02-18,0.1
2010-02-19,0.11
2010-02-22,0.11
2010-02-23,0.12
2010-02-24,0.12
2010-02-25,0.13
2010-02-26,0.13
2010-03-01,0.13
2010-03-02,0.14
2010-03-03,0.14
2010-03-04,0.14
2010-03-05,0.15
2010-03-08,0.16
2010-03-09,0.16
2010-03-10,0.15
2010-03-11,0.16
2010-03-12,0.15
2010-03-15,0.17
2010-03-16,0.16
2010-03-17,0.15
2010-03-18,0.16
2010-03-19,0.16
2010-03-22,0.15
2010-03-23,0.14
2010-03-24,0.14
2010-03-25,0.14
2010-03-26,0.14
2010-03-29,0.15
2010-03-30,0.16
2010-03-31,0.16
2010-04-01,0.16
2010-04-05,0.18
2010-04-06,0.17
2010-04-07,0.17
2010-04-08,0.17
2010-04-09,0.16
2010-04-12,0.16
2010-04-13,0.16
2010-04-14,0.16
2010-04-15,0.16
2010-04-16,0.16
2010-04-19,0.16
2010-04-20,0.16
2010-04-21,0.15
2010-04-22,0.16
2010-04-23,0.16
2010-04-26,0.16
2010-04-27,0.16
2010-04-28,0.16
2010-04-29,0.17
2010-04-30,0.16
2010-05-03,0.17
2010-05-04,0.16
2010-05-05,0.15
2010-05-06,0.11
2010-05-07,0.13
2010-05-10,0.16
2010-05-11,0.16
2010-05-12,0.16
2010-05-13,0.16
2010-05-14,0.16
2010-05-17,0.16
2010-05-18,0.17
2010-05-19,0.17
2010-05-20,0.17
2010-05-21,0.17
2010-05-24,0.17
2010-05-25,0.17
2010-05-26,0.17
2010-05-27,0.17
2010-05-28,0.16
2010-06-01,0.16
2010-06-02,0.16
2010-06-03,0.14
2010-06-04,0.14
2010-06-07,0.12
2010-06-08,0.12
2010-06-09,0.1
2010-06-10,0.1
2010-06-11,0.08
2010-06-14,0.07
2010-06-15,0.09
2010-06-16,0.1
2010-06-17,0.09
2010-06-18,0.11
2010-06-21,0.12
2010-06-22,0.13
2010-06-23,0.13
2010-06-24,0.13
2010-06-25,0.13
2010-06-28,0.17
2010-06-29,0.15
2010-06-30,0.18
2010-07-01,0.17
2010-07-02,0.17
2010-07-06,0.17
2010-07-07,0.16
2010-07-08,0.15
2010-07-09,0.16
2010-07-12,0.16
2010-07-13,0.15
2010-07-14,0.15
2010-07-15,0.15
2010-07-16,0.15
2010-07-19,0.17
2010-07-20,0.16
2010-07-21,0.16
2010-07-22,0.16
2010-07-23,0.16
2010-07-26,0.16
2010-07-27,0.15
2010-07-28,0.15
2010-07-29,0.15
2010-07-30,0.15
2010-08-02,0.16
2010-08-03,0.16
2010-08-04,0.16
2010-08-05,0.15
2010-08-06,0.15
2010-08-09,0.15
2010-08-10,0.15
2010-08-11,0.15
2010-08-12,0.16
2010-08-13,0.15
2010-08-16,0.16
2010-08-17,0.17
2010-08-18,0.16
2010-08-19,0.16
2010-08-20,0.15
2010-08-23,0.16
2010-08-24,0.16
2010-08-25,0.16
2010-08-26,0.16
2010-08-27,0.15
2010-08-30,0.14
2010-08-31,0.14
2010-09-01,0.13
2010-09-02,0.14
2010-09-03,0.14
2010-09-07,0.14
2010-09-08,0.14
2010-09-09,0.14
2010-09-10,0.14
2010-09-13,0.15
2010-09-14,0.15
2010-09-15,0.15
2010-09-16,0.16
2010-09-17,0.16
2010-09-20,0.17
2010-09-21,0.17
2010-09-22,0.16
2010-09-23,0.16
2010-09-24,0.15
2010-09-27,0.16
2010-09-28,0.16
2010-09-29,0.16
2010-09-30,0.16
2010-10-01,0.16
2010-10-04,0.13
2010-10-05,0.12
2010-10-06,0.13
2010-10-07,0.13
2010-10-08,0.12
2010-10-11,0.125
2010-10-12,0.13
2010-10-13,0.13
2010-10-14,0.14
2010-10-15,0.14
2010-10-18,0.15
2010-10-19,0.14
2010-10-20,0.14
2010-10-21,0.13
2010-10-22,0.13
2010-10-25,0.14
2010-10-26,0.14
2010-10-27,0.14
2010-10-28,0.13
2010-10-29,0.12
2010-11-01,0.13
2010-11-02,0.13
2010-11-03,0.13
2010-11-04,0.13
2010-11-05,0.13
2010-11-08,0.13
2010-11-09,0.13
2010-11-10,0.13
2010-11-11,0.13
2010-11-12,0.13
2010-11-15,0.14
2010-11-16,0.15
2010-11-17,0.14
2010-11-18,0.15
2010-11-19,0.14
2010-11-22,0.15
2010-11-23,0.15
2010-11-24,0.16
2010-11-26,0.16
2010-11-29,0.18
2010-11-30,0.17
2010-12-01,0.16
2010-12-02,0.16
2010-12-03,0.14
2010-12-06,0.15
2010-12-07,0.14
2010-12-08,0.15
2010-12-09,0.14
2010-12-10,0.13
2010-12-13,0.15
2010-12-14,0.15
2010-12-15,0.14
2010-12-16,0.13
2010-12-17,0.11
2010-12-20,0.14
2010-12-21,0.14
2010-12-22,0.14
2010-12-23,0.14
2010-12-27,0.17
2010-12-28,0.15
2010-12-29,0.13
2010-12-30,0.12
2010-12-31,0.12
2011-01-03,0.15
2011-01-04,0.14
2011-01-05,0.14
2011-01-06,0.15
2011-01-07,0.14
2011-01-10,0.15
2011-01-11,0.15
2011-01-12,0.15
2011-01-13,0.15
2011-01-14,0.15
2011-01-18,0.16
2011-01-19,0.16
2011-01-20,0.16
2011-01-21,0.16
2011-01-24,0.16
2011-01-25,0.16
2011-01-26,0.16
2011-01-27,0.15
2011-01-28,0.15
2011-01-31,0.15
2011-02-01,0.15
2011-02-02,0.16
2011-02-03,0.14
2011-02-04,0.15
2011-02-07,0.16
2011-02-08,0.15
2011-02-09,0.14
2011-02-10,0.12
2011-02-11,0.12
2011-02-14,0.13
2011-02-15,0.13
2011-02-16,0.12
2011-02-17,0.09
2011-02-18,0.1
2011-02-22,0.12
2011-02-23,0.12
2011-02-24,0.13
2011-02-25,0.13
2011-02-28,0.15
2011-03-01,0.14
2011-03-02,0.13
2011-03-03,0.13
2011-03-04,0.12
2011-03-07,0.11
2011-03-08,0.11
2011-03-09,0.1
2011-03-10,0.08
2011-03-11,0.08
2011-03-14,0.09
2011-03-15,0.1
2011-03-16,0.1
2011-03-17,0.08
2011-03-18,0.07
2011-03-21,0.1
2011-03-22,0.1
2011-03-23,0.09
2011-03-24,0.09
2011-03-25,0.09
2011-03-28,0.11
2011-03-29,0.1
2011-03-30,0.1
2011-03-31,0.09
2011-04-01,0.07
2011-04-04,0.06
2011-04-05,0.07
2011-04-06,0.06
2011-04-07,0.04
2011-04-08,0.04
2011-04-11,0.05
2011-04-12,0.05
2011-04-13,0.06
2011-04-14,0.07
2011-04-15,0.07
2011-04-18,0.07
2011-04-19,0.06
2011-04-20,0.06
2011-04-21,0.06
2011-04-25,0.07
2011-04-26,0.07
2011-04-27,0.06
2011-04-28,0.04
2011-04-29,0.04
2011-05-02,0.05
2011-05-03,0.03
2011-05-04,0.03
2011-05-05,0.02
2011-05-06,0.02
2011-05-09,0.03
2011-05-10,0.03
2011-05-11,0.03
2011-05-12,0.02
2011-05-13,0.03
2011-05-16,0.04
2011-05-17,0.04
2011-05-18,0.05
2011-05-19,0.05
2011-05-20,0.05
2011-05-23,0.06
2011-05-24,0.06
2011-05-25,0.06
2011-05-26,0.05
2011-05-27,0.05
2011-05-31,0.06
2011-06-01,0.05
2011-06-02,0.04
2011-06-03,0.04
2011-06-06,0.05
2011-06-07,0.05
2011-06-08,0.04
2011-06-09,0.05
2011-06-10,0.05
2011-06-13,0.05
2011-06-14,0.05
2011-06-15,0.05
2011-06-16,0.05
2011-06-17,0.04
2011-06-20,0.03
2011-06-21,0.03
2011-06-22,0.02
2011-06-23,0.01
2011-06-24,0.02
2011-06-27,0.02
2011-06-28,0.03
2011-06-29,0.02
2011-06-30,0.03
2011-07-01,0.02
2011-07-05,0.02
2011-07-06,0.01
2011-07-07,0.03
2011-07-08,0.03
2011-07-11,0.03
2011-07-12,0.03
2011-07-13,0.01
2011-07-14,0.01
2011-07-15,0.02
2011-07-18,0.02
2011-07-19,0.03
2011-07-20,0.02
2011-07-21,0.05
2011-07-22,0.05
2011-07-25,0.05
2011-07-26,0.07
2011-07-27,0.08
2011-07-28,0.07
2011-07-29,0.1
2011-08-01,0.1
2011-08-02,0.06
2011-08-03,0.02
2011-08-04,0.02
2011-08-05,0.01
2011-08-08,0.05
2011-08-09,0.03
2011-08-10,0.02
2011-08-11,0.03
2011-08-12,0.02
2011-08-15,0.02
2011-08-16,0.03
2011-08-17,0.01
2011-08-18,0.01
2011-08-19,0.02
2011-08-22,0.01
2011-08-23,0.01
2011-08-24,0.02
2011-08-25,0.01
2011-08-26,0.01
2011-08-29,0.02
2011-08-30,0.01
2011-08-31,0.02
2011-09-01,0.02
2011-09-02,0.02
2011-09-06,0.02
2011-09-07,0.02
2011-09-08,0.02
2011-09-09,0.01
2011-09-12,0.01
2011-09-13,0.01
2011-09-14,0.01
2011-09-15,0.01
2011-09-16,0.01
2011-09-19,0.01
2011-09-20,0.01
2011-09-21,0.01
2011-09-22,0.0
2011-09-23,0.01
2011-09-26,0.02
2011-09-27,0.01
2011-09-28,0.02
2011-09-29,0.02
2011-09-30,0.02
2011-10-03,0.02
2011-10-04,0.01
2011-10-05,0.0
2011-10-06,0.01
2011-10-07,0.01
2011-10-10,0.015
2011-10-11,0.02
2011-10-12,0.02
2011-10-13,0.02
2011-10-14,0.02
2011-10-17,0.04
2011-10-18,0.04
2011-10-19,0.03
2011-10-20,0.03
2011-10-21,0.02
2011-10-24,0.02
2011-10-25,0.01
2011-10-26,0.02
2011-10-27,0.02
2011-10-28,0.01
2011-10-31,0.01
2011-11-01,0.01
2011-11-02,0.01
2011-11-03,0.01
2011-11-04,0.01
2011-11-07,0.01
2011-11-08,0.01
2011-11-09,0.01
2011-11-10,0.01
2011-11-11,0.01
2011-11-14,0.01
2011-11-15,0.01
2011-11-16,0.01
2011-11-17,0.02
2011-11-18,0.01
2011-11-21,0.02
2011-11-22,0.02
2011-11-23,0.02
2011-11-25,0.02
2011-11-28,0.03
2011-11-29,0.02
2011-11-30,0.01
2011-12-01,0.01
2011-12-02,0.02
2011-12-05,0.01
2011-12-06,0.01
2011-12-07,0.02
2011-12-08,0.01
2011-12-09,0.01
2011-12-12,0.01
2011-12-13,0.01
2011-12-14,0.01
2011-12-15,0.0
2011-12-16,0.0
2011-12-19,0.01
2011-12-20,0.01
2011-12-21,0.01
2011-12-22,0.01
2011-12-23,0.01
2011-12-27,0.02
2011-12-28,0.01
2011-12-29,0.02
2011-12-30,0.02
2012-01-03,0.02
2012-01-04,0.02
2012-01-05,0.02
2012-01-06,0.02
2012-01-09,0.01
2012-01-10,0.02
2012-01-11,0.02
2012-01-12,0.03
2012-01-13,0.03
2012-01-17,0.03
2012-01-18,0.03
2012-01-19,0.05
2012-01-20,0.05
2012-01-23,0.04
2012-01-24,0.04
2012-01-25,0.04
2012-01-26,0.05
2012-01-27,0.06
2012-01-30,0.05
2012-01-31,0.06
2012-02-01,0.06
2012-02-02,0.08
2012-02-03,0.08
2012-02-06,0.08
2012-02-07,0.08
2012-02-08,0.09
2012-02-09,0.09
2012-02-10,0.09
2012-02-13,0.11
2012-02-14,0.12
2012-02-15,0.11
2012-02-16,0.1
2012-02-17,0.09
2012-02-21,0.08
2012-02-22,0.09
2012-02-23,0.09
2012-02-24,0.1
2012-02-27,0.12
2012-02-28,0.1
2012-02-29,0.08
2012-03-01,0.08
2012-03-02,0.07
2012-03-05,0.08
2012-03-06,0.08
2012-03-07,0.08
2012-03-08,0.08
2012-03-09,0.09
2012-03-12,0.09
2012-03-13,0.08
2012-03-14,0.09
2012-03-15,0.08
2012-03-16,0.09
2012-03-19,0.1
2012-03-20,0.1
2012-03-21,0.09
2012-03-22,0.08
2012-03-23,0.08
2012-03-26,0.09
2012-03-27,0.09
2012-03-28,0.09
2012-03-29,0.07
2012-03-30,0.07
2012-04-02,0.08
2012-04-03,0.08
2012-04-04,0.08
2012-04-05,0.08
2012-04-09,0.09
2012-04-10,0.09
2012-04-11,0.09
2012-04-12,0.09
2012-04-13,0.09
2012-04-16,0.08
2012-04-17,0.08
2012-04-18,0.07
2012-04-19,0.07
2012-04-20,0.08
2012-04-23,0.08
2012-04-24,0.09
2012-04-25,0.09
2012-04-26,0.09
2012-04-27,0.09
2012-04-30,0.1
2012-05-01,0.09
2012-05-02,0.08
2012-05-03,0.09
2012-05-04,0.07
2012-05-07,0.1
2012-05-08,0.09
2012-05-09,0.09
2012-05-10,0.1
2012-05-11,0.1
2012-05-14,0.1
2012-05-15,0.09
2012-05-16,0.1
2012-05-17,0.1
2012-05-18,0.08
2012-05-21,0.09
2012-05-22,0.09
2012-05-23,0.09
2012-05-24,0.1
2012-05-25,0.09
2012-05-29,0.09
2012-05-30,0.07
2012-05-31,0.07
2012-06-01,0.07
2012-06-04,0.08
2012-06-05,0.08
2012-06-06,0.09
2012-06-07,0.09
2012-06-08,0.09
2012-06-11,0.09
2012-06-12,0.1
2012-06-13,0.1
2012-06-14,0.11
2012-06-15,0.09
2012-06-18,0.1
2012-06-19,0.09
2012-06-20,0.09
2012-06-21,0.09
2012-06-22,0.09
2012-06-25,0.1
2012-06-26,0.1
2012-06-27,0.09
2012-06-28,0.09
2012-06-29,0.09
2012-07-02,0.1
2012-07-03,0.09
2012-07-05,0.08
2012-07-06,0.08
2012-07-09,0.09
2012-07-10,0.09
2012-07-11,0.1
2012-07-12,0.1
2012-07-13,0.1
2012-07-16,0.1
2012-07-17,0.1
2012-07-18,0.09
2012-07-19,0.09
2012-07-20,0.09
2012-07-23,0.1
2012-07-24,0.1
2012-07-25,0.1
2012-07-26,0.11
2012-07-27,0.11
2012-07-30,0.11
2012-07-31,0.11
2012-08-01,0.1
2012-08-02,0.09
2012-08-03,0.09
2012-08-06,0.1
2012-08-07,0.11
2012-08-08,0.11
2012-08-09,0.11
2012-08-10,0.1
2012-08-13,0.11
2012-08-14,0.11
2012-08-15,0.09
2012-08-16,0.09
2012-08-17,0.09
2012-08-20,0.11
2012-08-21,0.11
2012-08-22,0.11
2012-08-23,0.11
2012-08-24,0.1
2012-08-27,0.11
2012-08-28,0.1
2012-08-29,0.12
2012-08-30,0.1
2012-08-31,0.09
2012-09-04,0.1
2012-09-05,0.11
2012-09-06,0.11
2012-09-07,0.11
2012-09-10,0.1
2012-09-11,0.1
2012-09-12,0.1
2012-09-13,0.1
2012-09-14,0.11
2012-09-17,0.11
2012-09-18,0.1
2012-09-19,0.11
2012-09-20,0.11
2012-09-21,0.11
2012-09-24,0.11
2012-09-25,0.11
2012-09-26,0.11
2012-09-27,0.09
2012-09-28,0.1
2012-10-01,0.09
2012-10-02,0.09
2012-10-03,0.09
2012-10-04,0.1
2012-10-05,0.11
2012-10-08,0.105
2012-10-09,0.1
2012-10-10,0.1
2012-10-11,0.1
2012-10-12,0.11
2012-10-15,0.11
2012-10-16,0.09
2012-10-17,0.11
2012-10-18,0.1
2012-10-19,0.1
2012-10-22,0.1
2012-10-23,0.11
2012-10-24,0.11
2012-10-25,0.11
2012-10-26,0.12
2012-10-31,0.11
2012-11-01,0.09
2012-11-02,0.09
2012-11-05,0.11
2012-11-06,0.1
2012-11-07,0.1
2012-11-08,0.1
2012-11-09,0.09
2012-11-12,0.1
2012-11-13,0.11
2012-11-14,0.1
2012-11-15,0.08
2012-11-16,0.06
2012-11-19,0.09
2012-11-20,0.08
2012-11-21,0.1
2012-11-23,0.1
2012-11-26,0.1
2012-11-27,0.1
2012-11-28,0.1
2012-11-29,0.09
2012-11-30,0.08
2012-12-03,0.1
2012-12-04,0.1
2012-12-05,0.1
2012-12-06,0.1
2012-12-07,0.09
2012-12-10,0.09
2012-12-11,0.08
2012-12-12,0.07
2012-12-13,0.06
2012-12-14,0.04
2012-12-17,0.05
2012-12-18,0.06
2012-12-19,0.05
2012-12-20,0.06
2012-12-21,0.06
2012-12-24,0.06
2012-12-26,0.09
2012-12-27,0.08
2012-12-28,0.01
2012-12-31,0.05
2013-01-02,0.08
2013-01-03,0.08
2013-01-04,0.07
2013-01-07,0.07
2013-01-08,0.07
2013-01-09,0.06
2013-01-10,0.06
2013-01-11,0.07
2013-01-14,0.08
2013-01-15,0.09
2013-01-16,0.08
2013-01-17,0.07
2013-01-18,0.08
2013-01-22,0.08
2013-01-23,0.08
2013-01-24,0.08
2013-01-25,0.08
2013-01-28,0.07
2013-01-29,0.07
2013-01-30,0.07
2013-01-31,0.07
2013-02-01,0.06
2013-02-04,0.07
2013-02-05,0.07
2013-02-06,0.07
2013-02-07,0.07
2013-02-08,0.07
2013-02-11,0.09
2013-02-12,0.09
2013-02-13,0.1
2013-02-14,0.11
2013-02-15,0.1
2013-02-19,0.12
2013-02-20,0.12
2013-02-21,0.13
2013-02-22,0.13
2013-02-25,0.12
2013-02-26,0.14
2013-02-27,0.11
2013-02-28,0.11
2013-03-01,0.11
2013-03-04,0.11
2013-03-05,0.08
2013-03-06,0.1
2013-03-07,0.1
2013-03-08,0.1
2013-03-11,0.1
2013-03-12,0.1
2013-03-13,0.09
2013-03-14,0.1
2013-03-15,0.09
2013-03-18,0.07
2013-03-19,0.07
2013-03-20,0.07
2013-03-21,0.07
2013-03-22,0.07
2013-03-25,0.08
2013-03-26,0.07
2013-03-27,0.09
2013-03-28,0.07
2013-04-01,0.08
2013-04-02,0.07
2013-04-03,0.06
2013-04-04,0.07
2013-04-05,0.07
2013-04-08,0.07
2013-04-09,0.06
2013-04-10,0.07
2013-04-11,0.07
2013-04-12,0.06
2013-04-15,0.06
2013-04-16,0.06
2013-04-17,0.06
2013-04-18,0.05
2013-04-19,0.05
2013-04-22,0.05
2013-04-23,0.05
2013-04-24,0.06
2013-04-25,0.05
2013-04-26,0.05
2013-04-29,0.05
2013-04-30,0.05
2013-05-01,0.06
2013-05-02,0.05
2013-05-03,0.05
2013-05-06,0.04
2013-05-07,0.04
2013-05-08,0.04
2013-05-09,0.04
2013-05-10,0.04
2013-05-13,0.05
2013-05-14,0.05
2013-05-15,0.04
2013-05-16,0.03
2013-05-17,0.04
2013-05-20,0.05
2013-05-21,0.04
2013-05-22,0.04
2013-05-23,0.05
2013-05-24,0.04
2013-05-28,0.05
2013-05-29,0.05
2013-05-30,0.04
2013-05-31,0.04
2013-06-03,0.05
2013-06-04,0.04
2013-06-05,0.05
2013-06-06,0.05
2013-06-07,0.04
2013-06-10,0.05
2013-06-11,0.05
2013-06-12,0.05
2013-06-13,0.05
2013-06-14,0.05
2013-06-17,0.05
2013-06-18,0.05
2013-06-19,0.05
2013-06-20,0.05
2013-06-21,0.05
2013-06-24,0.06
2013-06-25,0.06
2013-06-26,0.06
2013-06-27,0.06
2013-06-28,0.04
2013-07-01,0.04
2013-07-02,0.03
2013-07-03,0.05
2013-07-05,0.04
2013-07-08,0.05
2013-07-09,0.04
2013-07-10,0.04
2013-07-11,0.04
2013-07-12,0.04
2013-07-15,0.04
2013-07-16,0.03
2013-07-17,0.03
2013-07-18,0.03
2013-07-19,0.03
2013-07-22,0.04
2013-07-23,0.02
2013-07-24,0.03
2013-07-25,0.02
2013-07-26,0.03
2013-07-29,0.03
2013-07-30,0.04
2013-07-31,0.04
2013-08-01,0.04
2013-08-02,0.04
2013-08-05,0.05
2013-08-06,0.04
2013-08-07,0.05
2013-08-08,0.05
2013-08-09,0.05
2013-08-12,0.06
2013-08-13,0.06
2013-08-14,0.05
2013-08-15,0.05
2013-08-16,0.05
2013-08-19,0.06
2013-08-20,0.04
2013-08-21,0.04
2013-08-22,0.03
2013-08-23,0.03
2013-08-26,0.04
2013-08-27,0.05
2013-08-28,0.03
2013-08-29,0.02
2013-08-30,0.03
2013-09-03,0.02
2013-09-04,0.02
2013-09-05,0.02
2013-09-06,0.02
2013-09-09,0.02
2013-09-10,0.02
2013-09-11,0.02
2013-09-12,0.01
2013-09-13,0.01
2013-09-16,0.02
2013-09-17,0.01
2013-09-18,0.01
2013-09-19,0.01
2013-09-20,0.01
2013-09-23,0.02
2013-09-24,0.02
2013-09-25,0.02
2013-09-26,0.0
2013-09-27,0.02
2013-09-30,0.02
2013-10-01,0.02
2013-10-02,0.02
2013-10-03,0.03
2013-10-04,0.03
2013-10-07,0.03
2013-10-08,0.05
2013-10-09,0.05
2013-10-10,0.05
2013-10-11,0.08
2013-10-14,0.11
2013-10-15,0.14
2013-10-16,0.1
2013-10-17,0.05
2013-10-18,0.04
2013-10-21,0.04
2013-10-22,0.04
2013-10-23,0.04
2013-10-24,0.03
2013-10-25,0.04
2013-10-28,0.04
2013-10-29,0.04
2013-10-30,0.04
2013-10-31,0.04
2013-11-01,0.04
2013-11-04,0.05
2013-11-05,0.05
2013-11-06,0.05
2013-11-07,0.05
2013-11-08,0.06
2013-11-11,0.07
2013-11-12,0.08
2013-11-13,0.08
2013-11-14,0.08
2013-11-15,0.08
2013-11-18,0.09
2013-11-19,0.08
2013-11-20,0.08
2013-11-21,0.07
2013-11-22,0.07
2013-11-25,0.08
2013-11-26,0.07
2013-11-27,0.07
2013-11-29,0.06
2013-12-02,0.05
2013-12-03,0.06
2013-12-04,0.06
2013-12-05,0.06
2013-12-06,0.06
2013-12-09,0.07
2013-12-10,0.07
2013-12-11,0.07
2013-12-12,0.07
2013-12-13,0.07
2013-12-16,0.07
2013-12-17,0.07
2013-12-18,0.07
2013-12-19,0.06
2013-12-20,0.07
2013-12-23,0.07
2013-12-24,0.07
2013-12-26,0.07
2013-12-27,0.07
2013-12-30,0.07
2013-12-31,0.07
2014-01-02,0.07
2014-01-03,0.07
2014-01-06,0.05
2014-01-07,0.04
2014-01-08,0.05
2014-01-09,0.04
2014-01-10,0.05
2014-01-13,0.03
2014-01-14,0.04
2014-01-15,0.04
2014-01-16,0.04
2014-01-17,0.05
2014-01-21,0.04
2014-01-22,0.04
2014-01-23,0.04
2014-01-24,0.04
2014-01-27,0.05
2014-01-28,0.05
2014-01-29,0.04
2014-01-30,0.02
2014-01-31,0.02
2014-02-03,0.05
2014-02-04,0.06
2014-02-05,0.07
2014-02-06,0.07
2014-02-07,0.08
2014-02-10,0.07
2014-02-11,0.05
2014-02-12,0.05
2014-02-13,0.03
2014-02-14,0.02
2014-02-18,0.05
2014-02-19,0.06
2014-02-20,0.05
2014-02-21,0.05
2014-02-24,0.05
2014-02-25,0.05
2014-02-26,0.05
2014-02-27,0.04
2014-02-28,0.05
2014-03-03,0.05
2014-03-04,0.05
2014-03-05,0.06
2014-03-06,0.05
2014-03-07,0.06
2014-03-10,0.05
2014-03-11,0.05
2014-03-12,0.05
2014-03-13,0.05
2014-03-14,0.05
2014-03-17,0.06
2014-03-18,0.05
2014-03-19,0.06
2014-03-20,0.06
2014-03-21,0.06
2014-03-24,0.06
2014-03-25,0.05
2014-03-26,0.05
2014-03-27,0.04
2014-03-28,0.04
2014-03-31,0.05
2014-04-01,0.04
2014-04-02,0.02
2014-04-03,0.02
2014-04-04,0.03
2014-04-07,0.03
2014-04-08,0.03
2014-04-09,0.04
2014-04-10,0.04
2014-04-11,0.04
2014-04-14,0.04
2014-04-15,0.04
2014-04-16,0.04
2014-04-17,0.03
2014-04-21,0.04
2014-04-22,0.03
2014-04-23,0.02
2014-04-24,0.01
2014-04-25,0.03
2014-04-28,0.03
2014-04-29,0.02
2014-04-30,0.03
2014-05-01,0.03
2014-05-02,0.02
2014-05-05,0.03
2014-05-06,0.03
2014-05-07,0.03
2014-05-08,0.03
2014-05-09,0.03
2014-05-12,0.03
2014-05-13,0.03
2014-05-14,0.03
2014-05-15,0.03
2014-05-16,0.03
2014-05-19,0.03
2014-05-20,0.03
2014-05-21,0.04
2014-05-22,0.03
2014-05-23,0.04
2014-05-27,0.04
2014-05-28,0.04
2014-05-29,0.04
2014-05-30,0.04
2014-06-02,0.04
2014-06-03,0.04
2014-06-04,0.04
2014-06-05,0.04
2014-06-06,0.04
2014-06-09,0.04
2014-06-10,0.04
2014-06-11,0.04
2014-06-12,0.04
2014-06-13,0.04
2014-06-16,0.04
2014-06-17,0.04
2014-06-18,0.03
2014-06-19,0.02
2014-06-20,0.02
2014-06-23,0.03
2014-06-24,0.03
2014-06-25,0.03
2014-06-26,0.04
2014-06-27,0.03
2014-06-30,0.04
2014-07-01,0.02
2014-07-02,0.02
2014-07-03,0.01
2014-07-07,0.04
2014-07-08,0.03
2014-07-09,0.03
2014-07-10,0.02
2014-07-11,0.02
2014-07-14,0.03
2014-07-15,0.02
2014-07-16,0.02
2014-07-17,0.02
2014-07-18,0.02
2014-07-21,0.03
2014-07-22,0.03
2014-07-23,0.03
2014-07-24,0.03
2014-07-25,0.03
2014-07-28,0.04
2014-07-29,0.02
2014-07-30,0.04
2014-07-31,0.03
2014-08-01,0.03
2014-08-04,0.04
2014-08-05,0.03
2014-08-06,0.03
2014-08-07,0.03
2014-08-08,0.03
2014-08-11,0.04
2014-08-12,0.03
2014-08-13,0.04
2014-08-14,0.04
2014-08-15,0.03
2014-08-18,0.03
2014-08-19,0.03
2014-08-20,0.04
2014-08-21,0.02
2014-08-22,0.03
2014-08-25,0.04
2014-08-26,0.03
2014-08-27,0.04
2014-08-28,0.03
2014-08-29,0.03
2014-09-02,0.03
2014-09-03,0.03
2014-09-04,0.03
2014-09-05,0.03
2014-09-08,0.02
2014-09-09,0.02
2014-09-10,0.02
2014-09-11,0.02
2014-09-12,0.02
2014-09-15,0.02
2014-09-16,0.02
2014-09-17,0.02
2014-09-18,0.02
2014-09-19,0.02
2014-09-22,0.01
2014-09-23,0.01
2014-09-24,0.02
2014-09-25,0.01
2014-09-26,0.01
2014-09-29,0.02
2014-09-30,0.02
2014-10-01,0.02
2014-10-02,0.01
2014-10-03,0.01
2014-10-06,0.02
2014-10-07,0.02
2014-10-08,0.01
2014-10-09,0.01
2014-10-10,0.01
2014-10-13,0.015
2014-10-14,0.02
2014-10-15,0.02
2014-10-16,0.03
2014-10-17,0.02
2014-10-20,0.02
2014-10-21,0.02
2014-10-22,0.02
2014-10-23,0.01
2014-10-24,0.01
2014-10-27,0.02
2014-10-28,0.02
2014-10-29,0.03
2014-10-30,0.01
2014-10-31,0.01
2014-11-03,0.02
2014-11-04,0.03
2014-11-05,0.03
2014-11-06,0.03
2014-11-07,0.03
2014-11-10,0.02
2014-11-11,0.02
2014-11-12,0.02
2014-11-13,0.02
2014-11-14,0.02
2014-11-17,0.03
2014-11-18,0.02
2014-11-19,0.01
2014-11-20,0.02
2014-11-21,0.01
2014-11-24,0.02
2014-11-25,0.02
2014-11-26,0.02
2014-11-28,0.02
2014-12-01,0.03
2014-12-02,0.03
2014-12-03,0.01
2014-12-04,0.02
2014-12-05,0.02
2014-12-08,0.03
2014-12-09,0.04
2014-12-10,0.03
2014-12-11,0.03
2014-12-12,0.02
2014-12-15,0.04
2014-12-16,0.03
2014-12-17,0.03
2014-12-18,0.04
2014-12-19,0.04
2014-12-22,0.05
2014-12-23,0.03
2014-12-24,0.01
2014-12-26,0.01
2014-12-29,0.03
2014-12-30,0.03
2014-12-31,0.04
2015-01-02,0.02
2015-01-05,0.03
2015-01-06,0.03
2015-01-07,0.03
2015-01-08,0.03
2015-01-09,0.02
2015-01-12,0.03
2015-01-13,0.03
2015-01-14,0.04
2015-01-15,0.03
2015-01-16,0.03
2015-01-20,0.03
2015-01-21,0.03
2015-01-22,0.03
2015-01-23,0.02
2015-01-26,0.03
2015-01-27,0.02
2015-01-28,0.02
2015-01-29,0.03
2015-01-30,0.02
2015-02-02,0.02
2015-02-03,0.02
2015-02-04,0.01
2015-02-05,0.02
2015-02-06,0.02
2015-02-09,0.01
2015-02-10,0.01
2015-02-11,0.01
2015-02-12,0.02
2015-02-13,0.01
2015-02-17,0.02
2015-02-18,0.02
2015-02-19,0.02
2015-02-20,0.02
2015-02-23,0.02
2015-02-24,0.02
2015-02-25,0.02
2015-02-26,0.03
2015-02-27,0.02
2015-03-02,0.02
2015-03-03,0.02
2015-03-04,0.01
2015-03-05,0.02
2015-03-06,0.01
2015-03-09,0.02
2015-03-10,0.02
2015-03-11,0.03
2015-03-12,0.03
2015-03-13,0.03
2015-03-16,0.05
2015-03-17,0.05
2015-03-18,0.03
2015-03-19,0.03
2015-03-20,0.01
2015-03-23,0.03
2015-03-24,0.02
2015-03-25,0.04
2015-03-26,0.03
2015-03-27,0.04
2015-03-30,0.04
2015-03-31,0.03
2015-04-01,0.03
2015-04-02,0.02
2015-04-06,0.03
2015-04-07,0.02
2015-04-08,0.03
2015-04-09,0.03
2015-04-10,0.02
2015-04-13,0.03
2015-04-14,0.02
2015-04-15,0.02
2015-04-16,0.02
2015-04-17,0.01
2015-04-20,0.03
2015-04-21,0.03
2015-04-22,0.03
2015-04-23,0.03
2015-04-24,0.03
2015-04-27,0.02
2015-04-28,0.02
2015-04-29,0.01
2015-04-30,0.01
2015-05-01,0.01
2015-05-04,0.02
2015-05-05,0.01
2015-05-06,0.02
2015-05-07,0.01
2015-05-08,0.01
2015-05-11,0.02
2015-05-12,0.03
2015-05-13,0.02
2015-05-14,0.01
2015-05-15,0.02
2015-05-18,0.02
2015-05-19,0.02
2015-05-20,0.02
2015-05-21,0.02
2015-05-22,0.02
2015-05-26,0.02
2015-05-27,0.01
2015-05-28,0.01
2015-05-29,0.01
2015-06-01,0.02
2015-06-02,0.01
2015-06-03,0.02
2015-06-04,0.02
2015-06-05,0.03
2015-06-08,0.02
2015-06-09,0.02
2015-06-10,0.02
2015-06-11,0.01
2015-06-12,0.02
2015-06-15,0.02
2015-06-16,0.01
2015-06-17,0.01
2015-06-18,0.01
2015-06-19,0.01
2015-06-22,0.01
2015-06-23,0.01
2015-06-24,0.01
2015-06-25,0.01
2015-06-26,0.01
2015-06-29,0.02
2015-06-30,0.01
2015-07-01,0.01
2015-07-02,0.01
2015-07-06,0.02
2015-07-07,0.02
2015-07-08,0.02
2015-07-09,0.03
2015-07-10,0.01
2015-07-13,0.02
2015-07-14,0.01
2015-07-15,0.02
2015-07-16,0.02
2015-07-17,0.03
2015-07-20,0.04
2015-07-21,0.03
2015-07-22,0.04
2015-07-23,0.03
2015-07-24,0.04
2015-07-27,0.05
2015-07-28,0.05
2015-07-29,0.06
2015-07-30,0.07
2015-07-31,0.08
2015-08-03,0.08
2015-08-04,0.08
2015-08-05,0.08
2015-08-06,0.04
2015-08-07,0.06
2015-08-10,0.12
2015-08-11,0.1
2015-08-12,0.1
2015-08-13,0.1
2015-08-14,0.09
2015-08-17,0.1
2015-08-18,0.07
2015-08-19,0.05
2015-08-20,0.02
2015-08-21,0.03
2015-08-24,0.06
2015-08-25,0.07
2015-08-26,0.06
2015-08-27,0.06
2015-08-28,0.06
2015-08-31,0.08
2015-09-01,0.03
2015-09-02,0.03
2015-09-03,0.02
2015-09-04,0.02
2015-09-08,0.06
2015-09-09,0.03
2015-09-10,0.02
2015-09-11,0.04
2015-09-14,0.07
2015-09-15,0.07
2015-09-16,0.06
2015-09-17,0.01
2015-09-18,-0.01
2015-09-21,0.01
2015-09-22,-0.01
2015-09-23,0.01
2015-09-24,0.01
2015-09-25,-0.01
2015-09-28,0.01
2015-09-29,0.01
2015-09-30,-0.01
2015-10-01,-0.02
2015-10-02,0.0
2015-10-05,0.01
2015-10-06,0.0
2015-10-07,0.0
2015-10-08,-0.01
2015-10-09,0.01
2015-10-12,0.01
2015-10-13,0.01
2015-10-14,0.0
2015-10-15,0.01
2015-10-16,0.01
2015-10-19,0.02
2015-10-20,0.02
2015-10-21,0.01
2015-10-22,0.0
2015-10-23,0.01
2015-10-26,0.02
2015-10-27,0.03
2015-10-28,0.04
2015-10-29,0.07
2015-10-30,0.08
2015-11-02,0.08
2015-11-03,0.06
2015-11-04,0.05
2015-11-05,0.05
2015-11-06,0.08
2015-11-09,0.14
2015-11-10,0.13
2015-11-11,0.135
2015-11-12,0.14
2015-11-13,0.13
2015-11-16,0.15
2015-11-17,0.14
2015-11-18,0.12
2015-11-19,0.11
2015-11-20,0.11
2015-11-23,0.14
2015-11-24,0.16
2015-11-25,0.19
2015-11-27,0.17
2015-11-30,0.22
2015-12-01,0.21
2015-12-02,0.21
2015-12-03,0.21
2015-12-04,0.22
2015-12-07,0.29
2015-12-08,0.27
2015-12-09,0.26
2015-12-10,0.24
2015-12-11,0.22
2015-12-14,0.26
2015-12-15,0.25
2015-12-16,0.27
2015-12-17,0.23
2015-12-18,0.19
2015-12-21,0.24
2015-12-22,0.21
2015-12-23,0.2
2015-12-24,0.2
2015-12-28,0.23
2015-12-29,0.23
2015-12-30,0.21
2015-12-31,0.16
2016-01-04,0.22
2016-01-05,0.2
2016-01-06,0.21
2016-01-07,0.2
2016-01-08,0.2
2016-01-11,0.21
2016-01-12,0.21
2016-01-13,0.22
2016-01-14,0.25
2016-01-15,0.23
2016-01-19,0.26
2016-01-20,0.26
2016-01-21,0.28
2016-01-22,0.3
2016-01-25,0.31
2016-01-26,0.31
2016-01-27,0.32
2016-01-28,0.34
2016-01-29,0.32
2016-02-01,0.35
2016-02-02,0.34
2016-02-03,0.33
2016-02-04,0.29
2016-02-05,0.29
2016-02-08,0.32
2016-02-09,0.3
2016-02-10,0.31
2016-02-11,0.28
2016-02-12,0.29
2016-02-16,0.3
2016-02-17,0.3
2016-02-18,0.3
2016-02-19,0.3
2016-02-22,0.33
2016-02-23,0.32
2016-02-24,0.33
2016-02-25,0.32
2016-02-26,0.32
2016-02-29,0.33
2016-03-01,0.33
2016-03-02,0.35
2016-03-03,0.27
2016-03-04,0.28
2016-03-07,0.32
2016-03-08,0.29
2016-03-09,0.3
2016-03-10,0.31
2016-03-11,0.32
2016-03-14,0.34
2016-03-15,0.34
2016-03-16,0.31
2016-03-17,0.29
2016-03-18,0.29
2016-03-21,0.31
2016-03-22,0.3
2016-03-23,0.3
2016-03-24,0.29
2016-03-28,0.29
2016-03-29,0.23
2016-03-30,0.2
2016-03-31,0.21
2016-04-01,0.23
2016-04-04,0.23
2016-04-05,0.23
2016-04-06,0.23
2016-04-07,0.23
2016-04-08,0.23
2016-04-11,0.23
2016-04-12,0.22
2016-04-13,0.23
2016-04-14,0.22
2016-04-15,0.22
2016-04-18,0.22
2016-04-19,0.21
2016-04-20,0.23
2016-04-21,0.23
2016-04-22,0.23
2016-04-25,0.25
2016-04-26,0.24
2016-04-27,0.24
2016-04-28,0.22
2016-04-29,0.22
2016-05-02,0.22
2016-05-03,0.21
2016-05-04,0.19
2016-05-05,0.2
2016-05-06,0.19
2016-05-09,0.24
2016-05-10,0.24
2016-05-11,0.26
2016-05-12,0.27
2016-05-13,0.28
2016-05-16,0.28
2016-05-17,0.28
2016-05-18,0.3
2016-05-19,0.3
2016-05-20,0.32
2016-05-23,0.35
2016-05-24,0.35
2016-05-25,0.33
2016-05-26,0.3
2016-05-27,0.31
2016-05-31,0.34
2016-06-01,0.3
2016-06-02,0.28
2016-06-03,0.29
2016-06-06,0.28
2016-06-07,0.28
2016-06-08,0.24
2016-06-09,0.25
2016-06-10,0.25
2016-06-13,0.27
2016-06-14,0.27
2016-06-15,0.26
2016-06-16,0.27
2016-06-17,0.26
2016-06-20,0.28
2016-06-21,0.27
2016-06-22,0.27
2016-06-23,0.3
2016-06-24,0.26
2016-06-27,0.27
2016-06-28,0.26
2016-06-29,0.26
2016-06-30,0.26
2016-07-01,0.27
2016-07-05,0.28
2016-07-06,0.27
2016-07-07,0.29
2016-07-08,0.27
2016-07-11,0.31
2016-07-12,0.29
2016-07-13,0.31
2016-07-14,0.31
2016-07-15,0.31
2016-07-18,0.32
2016-07-19,0.31
2016-07-20,0.32
2016-07-21,0.31
2016-07-22,0.32
2016-07-25,0.32
2016-07-26,0.31
2016-07-27,0.31
2016-07-28,0.25
2016-07-29,0.27
2016-08-01,0.29
2016-08-02,0.29
2016-08-03,0.28
2016-08-04,0.26
2016-08-05,0.27
2016-08-08,0.31
2016-08-09,0.29
2016-08-10,0.28
2016-08-11,0.28
2016-08-12,0.28
2016-08-15,0.31
2016-08-16,0.27
2016-08-17,0.3
2016-08-18,0.29
2016-08-19,0.29
2016-08-22,0.29
2016-08-23,0.3
2016-08-24,0.31
2016-08-25,0.33
2016-08-26,0.33
2016-08-29,0.33
2016-08-30,0.33
2016-08-31,0.33
2016-09-01,0.33
2016-09-02,0.32
2016-09-06,0.32
2016-09-07,0.34
2016-09-08,0.34
2016-09-09,0.34
2016-09-12,0.37
2016-09-13,0.36
2016-09-14,0.33
2016-09-15,0.29
2016-09-16,0.29
2016-09-19,0.3
2016-09-20,0.3
2016-09-21,0.22
2016-09-22,0.18
2016-09-23,0.18
2016-09-26,0.25
2016-09-27,0.26
2016-09-28,0.27
2016-09-29,0.26
2016-09-30,0.28
2016-10-03,0.32
2016-10-04,0.33
2016-10-05,0.32
2016-10-06,0.32
2016-10-07,0.32
2016-10-10,0.3349999999999999
2016-10-11,0.35
2016-10-12,0.36
2016-10-13,0.29
2016-10-14,0.31
2016-10-17,0.34
2016-10-18,0.34
2016-10-19,0.34
2016-10-20,0.34
2016-10-21,0.33
2016-10-24,0.33
2016-10-25,0.34
2016-10-26,0.33
2016-10-27,0.29
2016-10-28,0.29
2016-10-31,0.34
2016-11-01,0.35
2016-11-02,0.36
2016-11-03,0.37
2016-11-04,0.37
2016-11-07,0.41
2016-11-08,0.43
2016-11-09,0.44
2016-11-10,0.47
2016-11-11,0.505
2016-11-14,0.54
2016-11-15,0.5
2016-11-16,0.46
2016-11-17,0.43
2016-11-18,0.43
2016-11-21,0.46
2016-11-22,0.48
2016-11-23,0.5
2016-11-25,0.48
2016-11-28,0.48
2016-11-29,0.48
2016-11-30,0.48
2016-12-01,0.47
2016-12-02,0.48
2016-12-05,0.49
2016-12-06,0.49
2016-12-07,0.51
2016-12-08,0.5
2016-12-09,0.53
2016-12-12,0.51
2016-12-13,0.54
2016-12-14,0.54
2016-12-15,0.5
2016-12-16,0.5
2016-12-19,0.52
2016-12-20,0.52
2016-12-21,0.51
2016-12-22,0.5
2016-12-23,0.51
2016-12-27,0.51
2016-12-28,0.52
2016-12-29,0.46
2016-12-30,0.5
2017-01-03,0.53
2017-01-04,0.52
2017-01-05,0.51
2017-01-06,0.52
2017-01-09,0.5
2017-01-10,0.51
2017-01-11,0.51
2017-01-12,0.51
2017-01-13,0.52
2017-01-17,0.54
2017-01-18,0.52
2017-01-19,0.51
2017-01-20,0.49
2017-01-23,0.51
2017-01-24,0.5
2017-01-25,0.49
2017-01-26,0.5
2017-01-27,0.51
2017-01-30,0.51
2017-01-31,0.52
2017-02-01,0.5
2017-02-02,0.51
2017-02-03,0.5
2017-02-06,0.53
2017-02-07,0.53
2017-02-08,0.53
2017-02-09,0.53
2017-02-10,0.54
2017-02-13,0.52
2017-02-14,0.54
2017-02-15,0.53
2017-02-16,0.52
2017-02-17,0.52
2017-02-21,0.53
2017-02-22,0.52
2017-02-23,0.51
2017-02-24,0.51
2017-02-27,0.5
2017-02-28,0.53
2017-03-01,0.62
2017-03-02,0.66
2017-03-03,0.7
2017-03-06,0.73
2017-03-07,0.75
2017-03-08,0.72
2017-03-09,0.72
2017-03-10,0.73
2017-03-13,0.78
2017-03-14,0.77
2017-03-15,0.72
2017-03-16,0.72
2017-03-17,0.72
2017-03-20,0.75
2017-03-21,0.76
2017-03-22,0.76
2017-03-23,0.75
2017-03-24,0.77
2017-03-27,0.77
2017-03-28,0.77
2017-03-29,0.77
2017-03-30,0.77
2017-03-31,0.75
2017-04-03,0.78
2017-04-04,0.78
2017-04-05,0.79
2017-04-06,0.78
2017-04-07,0.81
2017-04-10,0.81
2017-04-11,0.81
2017-04-12,0.8
2017-04-13,0.8
2017-04-17,0.82
2017-04-18,0.81
2017-04-19,0.8
2017-04-20,0.78
2017-04-21,0.78
2017-04-24,0.8
2017-04-25,0.81
2017-04-26,0.82
2017-04-27,0.8
2017-04-28,0.79
2017-05-01,0.82
2017-05-02,0.81
2017-05-03,0.84
2017-05-04,0.84
2017-05-05,0.88
2017-05-08,0.9
2017-05-09,0.9
2017-05-10,0.89
2017-05-11,0.87
2017-05-12,0.86
2017-05-15,0.89
2017-05-16,0.89
2017-05-17,0.89
2017-05-18,0.91
2017-05-19,0.9
2017-05-22,0.92
2017-05-23,0.91
2017-05-24,0.92
2017-05-25,0.92
2017-05-26,0.92
2017-05-30,0.92
2017-05-31,0.96
2017-06-01,0.96
2017-06-02,0.96
2017-06-05,0.95
2017-06-06,0.96
2017-06-07,0.98
2017-06-08,0.99
2017-06-09,0.99
2017-06-12,0.97
2017-06-13,0.99
2017-06-14,0.99
2017-06-15,1.0
2017-06-16,1.01
2017-06-19,1.01
2017-06-20,1.0
2017-06-21,0.97
2017-06-22,0.94
2017-06-23,0.95
2017-06-26,0.98
2017-06-27,0.99
2017-06-28,1.0
2017-06-29,1.02
2017-06-30,1.01
2017-07-03,1.04
2017-07-05,1.03
2017-07-06,1.02
2017-07-07,1.03
2017-07-10,1.03
2017-07-11,1.03
2017-07-12,1.03
2017-07-13,1.03
2017-07-14,1.02
2017-07-17,1.05
2017-07-18,1.05
2017-07-19,1.09
2017-07-20,1.13
2017-07-21,1.14
2017-07-24,1.15
2017-07-25,1.16
2017-07-26,1.11
2017-07-27,1.09
2017-07-28,1.06
2017-07-31,1.05
2017-08-01,1.06
2017-08-02,1.06
2017-08-03,1.06
2017-08-04,1.06
2017-08-07,1.01
2017-08-08,1.04
2017-08-09,1.04
2017-08-10,1.03
2017-08-11,1.01
2017-08-14,1.01
2017-08-15,1.02
2017-08-16,1.0
2017-08-17,0.98
2017-08-18,1.0
2017-08-21,0.99
2017-08-22,0.99
2017-08-23,0.98
2017-08-24,1.0
2017-08-25,1.01
2017-08-28,0.97
2017-08-29,1.01
2017-08-30,1.01
2017-08-31,0.99
2017-09-01,1.0
2017-09-05,1.01
2017-09-06,1.05
2017-09-07,1.03
2017-09-08,1.02
2017-09-11,1.04
2017-09-12,1.02
2017-09-13,1.02
2017-09-14,1.03
2017-09-15,1.03
2017-09-18,1.04
2017-09-19,1.03
2017-09-20,1.02
2017-09-21,1.02
2017-09-22,1.01
2017-09-25,1.04
2017-09-26,1.05
2017-09-27,1.05
2017-09-28,1.04
2017-09-29,1.04
2017-10-02,1.0
2017-10-03,1.05
2017-10-04,1.06
2017-10-05,1.05
2017-10-06,1.05
2017-10-09,1.0550000000000002
2017-10-10,1.06
2017-10-11,1.08
2017-10-12,1.07
2017-10-13,1.07
2017-10-16,1.09
2017-10-17,1.07
2017-10-18,1.07
2017-10-19,1.08
2017-10-20,1.09
2017-10-23,1.08
2017-10-24,1.1
2017-10-25,1.1
2017-10-26,1.09
2017-10-27,1.08
2017-10-30,1.1
2017-10-31,1.13
2017-11-01,1.16
2017-11-02,1.15
2017-11-03,1.16
2017-11-06,1.17
2017-11-07,1.2
2017-11-08,1.21
2017-11-09,1.22
2017-11-10,1.21
2017-11-13,1.22
2017-11-14,1.24
2017-11-15,1.23
2017-11-16,1.25
2017-11-17,1.26
2017-11-20,1.28
2017-11-21,1.28
2017-11-22,1.27
2017-11-24,1.26
2017-11-27,1.25
2017-11-28,1.28
2017-11-29,1.27
2017-11-30,1.25
2017-12-01,1.25
2017-12-04,1.28
2017-12-05,1.28
2017-12-06,1.28
2017-12-07,1.27
2017-12-08,1.26
2017-12-11,1.31
2017-12-12,1.32
2017-12-13,1.28
2017-12-14,1.3
2017-12-15,1.29
2017-12-18,1.36
2017-12-19,1.35
2017-12-20,1.36
2017-12-21,1.33
2017-12-22,1.31
2017-12-26,1.45
2017-12-27,1.42
2017-12-28,1.37
2017-12-29,1.37
2018-01-02,1.42
2018-01-03,1.39
2018-01-04,1.39
2018-01-05,1.37
2018-01-08,1.43
2018-01-09,1.42
2018-01-10,1.4
2018-01-11,1.41
2018-01-12,1.41
2018-01-16,1.43
2018-01-17,1.42
2018-01-18,1.43
2018-01-19,1.42
2018-01-22,1.43
2018-01-23,1.42
2018-01-24,1.41
2018-01-25,1.4
2018-01-26,1.39
2018-01-29,1.43
2018-01-30,1.42
2018-01-31,1.44
2018-02-01,1.46
2018-02-02,1.46
2018-02-05,1.49
2018-02-06,1.5
2018-02-07,1.53
2018-02-08,1.53
2018-02-09,1.53
2018-02-12,1.61
2018-02-13,1.57
2018-02-14,1.56
2018-02-15,1.56
2018-02-16,1.59
2018-02-20,1.64
2018-02-21,1.62
2018-02-22,1.61
2018-02-23,1.61
2018-02-26,1.65
2018-02-27,1.64
2018-02-28,1.63
2018-03-01,1.6
2018-03-02,1.62
2018-03-05,1.67
2018-03-06,1.65
2018-03-07,1.65
2018-03-08,1.64
2018-03-09,1.64
2018-03-12,1.68
2018-03-13,1.7
2018-03-14,1.73
2018-03-15,1.74
2018-03-16,1.75
2018-03-19,1.77
2018-03-20,1.78
2018-03-21,1.71
2018-03-22,1.69
2018-03-23,1.71
2018-03-26,1.76
2018-03-27,1.74
2018-03-28,1.7
2018-03-29,1.7
2018-04-02,1.74
2018-04-03,1.72
2018-04-04,1.68
2018-04-05,1.69
2018-04-06,1.7
2018-04-09,1.73
2018-04-10,1.71
2018-04-11,1.7
2018-04-12,1.72
2018-04-13,1.73
2018-04-16,1.76
2018-04-17,1.77
2018-04-18,1.78
2018-04-19,1.79
2018-04-20,1.78
2018-04-23,1.84
2018-04-24,1.84
2018-04-25,1.82
2018-04-26,1.79
2018-04-27,1.78
2018-04-30,1.84
2018-05-01,1.82
2018-05-02,1.81
2018-05-03,1.8
2018-05-04,1.8
2018-05-07,1.83
2018-05-08,1.84
2018-05-09,1.85
2018-05-10,1.86
2018-05-11,1.88
2018-05-14,1.9
2018-05-15,1.89
2018-05-16,1.88
2018-05-17,1.88
2018-05-18,1.87
2018-05-21,1.9
2018-05-22,1.9
2018-05-23,1.88
2018-05-24,1.87
2018-05-25,1.86
2018-05-29,1.9
2018-05-30,1.9
2018-05-31,1.89
2018-06-01,1.88
2018-06-04,1.91
2018-06-05,1.91
2018-06-06,1.91
2018-06-07,1.9
2018-06-08,1.89
2018-06-11,1.91
2018-06-12,1.89
2018-06-13,1.9
2018-06-14,1.9
2018-06-15,1.9
2018-06-18,1.91
2018-06-19,1.91
2018-06-20,1.9
2018-06-21,1.9
2018-06-22,1.89
2018-06-25,1.9
2018-06-26,1.9
2018-06-27,1.89
2018-06-28,1.89
2018-06-29,1.89
2018-07-02,1.95
2018-07-03,1.94
2018-07-05,1.92
2018-07-06,1.93
2018-07-09,1.95
2018-07-10,1.95
2018-07-11,1.93
2018-07-12,1.94
2018-07-13,1.94
2018-07-16,1.98
2018-07-17,1.98
2018-07-18,1.96
2018-07-19,1.96
2018-07-20,1.95
2018-07-23,1.96
2018-07-24,1.98
2018-07-25,1.97
2018-07-26,1.95
2018-07-27,1.96
2018-07-30,2.01
2018-07-31,1.99
2018-08-01,1.99
2018-08-02,1.98
2018-08-03,1.97
2018-08-06,2.02
2018-08-07,2.02
2018-08-08,2.02
2018-08-09,2.02
2018-08-10,2.01
2018-08-13,2.03
2018-08-14,2.04
2018-08-15,2.03
2018-08-16,2.03
2018-08-17,2.01
2018-08-20,2.03
2018-08-21,2.04
2018-08-22,2.05
2018-08-23,2.04
2018-08-24,2.05
2018-08-27,2.08
2018-08-28,2.09
2018-08-29,2.09
2018-08-30,2.07
2018-08-31,2.07
2018-09-04,2.09
2018-09-05,2.1
2018-09-06,2.09
2018-09-07,2.1
2018-09-10,2.11
2018-09-11,2.11
2018-09-12,2.12
2018-09-13,2.11
2018-09-14,2.12
2018-09-17,2.13
2018-09-18,2.13
2018-09-19,2.12
2018-09-20,2.13
2018-09-21,2.14
2018-09-24,2.18
2018-09-25,2.17
2018-09-26,2.16
2018-09-27,2.14
2018-09-28,2.15
2018-10-01,2.19
2018-10-02,2.19
2018-10-03,2.19
2018-10-04,2.18
2018-10-05,2.18
2018-10-08,2.1950000000000003
2018-10-09,2.21
2018-10-10,2.23
2018-10-11,2.22
2018-10-12,2.23
2018-10-15,2.27
2018-10-16,2.26
2018-10-17,2.27
2018-10-18,2.27
2018-10-19,2.26
2018-10-22,2.3
2018-10-23,2.29
2018-10-24,2.29
2018-10-25,2.29
2018-10-26,2.28
2018-10-29,2.3
2018-10-30,2.29
2018-10-31,2.29
2018-11-01,2.27
2018-11-02,2.28
2018-11-05,2.32
2018-11-06,2.31
2018-11-07,2.32
2018-11-08,2.3
2018-11-09,2.31
2018-11-12,2.325
2018-11-13,2.34
2018-11-14,2.33
2018-11-15,2.32
2018-11-16,2.31
2018-11-19,2.34
2018-11-20,2.34
2018-11-21,2.36
2018-11-23,2.36
2018-11-26,2.37
2018-11-27,2.36
2018-11-28,2.35
2018-11-29,2.32
2018-11-30,2.32
2018-12-03,2.34
2018-12-04,2.38
2018-12-06,2.36
2018-12-07,2.35
2018-12-10,2.37
2018-12-11,2.37
2018-12-12,2.39
2018-12-13,2.38
2018-12-14,2.37
2018-12-17,2.36
2018-12-18,2.34
2018-12-19,2.35
2018-12-20,2.34
2018-12-21,2.34
2018-12-24,2.41
2018-12-26,2.39
2018-12-27,2.36
2018-12-28,2.35
2018-12-31,2.4
2019-01-02,2.37
2019-01-03,2.36
2019-01-04,2.37
2019-01-07,2.41
2019-01-08,2.41
2019-01-09,2.4
2019-01-10,2.38
2019-01-11,2.38
2019-01-14,2.4
2019-01-15,2.4
2019-01-16,2.38
2019-01-17,2.37
2019-01-18,2.36
2019-01-22,2.38
2019-01-23,2.36
2019-01-24,2.32
2019-01-25,2.34
2019-01-28,2.37
2019-01-29,2.37
2019-01-30,2.37
2019-01-31,2.36
2019-02-01,2.35
2019-02-04,2.37
2019-02-05,2.37
2019-02-06,2.37
2019-02-07,2.37
2019-02-08,2.38
2019-02-11,2.4
2019-02-12,2.38
2019-02-13,2.39
2019-02-14,2.38
2019-02-15,2.38
2019-02-19,2.41
2019-02-20,2.4
2019-02-21,2.4
2019-02-22,2.41
2019-02-25,2.42
2019-02-26,2.4
2019-02-27,2.4
2019-02-28,2.4
2019-03-01,2.39
2019-03-04,2.41
2019-03-05,2.41
2019-03-06,2.41
2019-03-07,2.4
2019-03-08,2.41
2019-03-11,2.41
2019-03-12,2.41
2019-03-13,2.4
2019-03-14,2.4
2019-03-15,2.4
2019-03-18,2.39
2019-03-19,2.41
2019-03-20,2.42
2019-03-21,2.43
2019-03-22,2.41
2019-03-25,2.41
2019-03-26,2.41
2019-03-27,2.39
2019-03-28,2.38
2019-03-29,2.35
2019-04-01,2.38
2019-04-02,2.37
2019-04-03,2.39
2019-04-04,2.39
2019-04-05,2.39
2019-04-08,2.38
2019-04-09,2.37
2019-04-10,2.38
2019-04-11,2.38
2019-04-12,2.39
2019-04-15,2.38
2019-04-16,2.38
2019-04-17,2.39
2019-04-18,2.37
2019-04-22,2.39
2019-04-23,2.4
2019-04-24,2.39
2019-04-25,2.38
2019-04-26,2.37
2019-04-29,2.39
2019-04-30,2.38
2019-05-01,2.38
2019-05-02,2.41
2019-05-03,2.38
2019-05-06,2.39
2019-05-07,2.38
2019-05-08,2.38
2019-05-09,2.38
2019-05-10,2.38
2019-05-13,2.36
2019-05-14,2.36
2019-05-15,2.37
2019-05-16,2.35
2019-05-17,2.34
2019-05-20,2.34
2019-05-21,2.34
2019-05-22,2.33
2019-05-23,2.32
2019-05-24,2.3
2019-05-28,2.32
2019-05-29,2.32
2019-05-30,2.33
2019-05-31,2.3
2019-06-03,2.3
2019-06-04,2.3
2019-06-05,2.3
2019-06-06,2.28
2019-06-07,2.23
2019-06-10,2.24
2019-06-11,2.22
2019-06-12,2.19
2019-06-13,2.14
2019-06-14,2.15
2019-06-17,2.18
2019-06-18,2.17
2019-06-19,2.13
2019-06-20,2.09
2019-06-21,2.07
2019-06-24,2.08
2019-06-25,2.07
2019-06-26,2.1
2019-06-27,2.09
2019-06-28,2.08
2019-07-01,2.16
2019-07-02,2.15
2019-07-03,2.16
2019-07-05,2.18
2019-07-08,2.21
2019-07-09,2.21
2019-07-10,2.15
2019-07-11,2.12
2019-07-12,2.1
2019-07-15,2.11
2019-07-16,2.1
2019-07-17,2.09
2019-07-18,2.01
2019-07-19,2.02
2019-07-22,2.04
2019-07-23,2.02
2019-07-24,2.05
2019-07-25,2.06
2019-07-26,2.08
2019-07-29,2.07
2019-07-30,2.04
2019-07-31,2.04
2019-08-01,2.03
2019-08-02,2.02
2019-08-05,2.0
2019-08-06,2.01
2019-08-07,1.98
2019-08-08,1.98
2019-08-09,1.96
2019-08-12,1.96
2019-08-13,1.96
2019-08-14,1.92
2019-08-15,1.87
2019-08-16,1.83
2019-08-19,1.9
2019-08-20,1.9
2019-08-21,1.93
2019-08-22,1.96
2019-08-23,1.93
2019-08-26,1.96
2019-08-27,1.94
2019-08-28,1.95
2019-08-29,1.95
2019-08-30,1.95
2019-09-03,1.94
2019-09-04,1.93
2019-09-05,1.93
2019-09-06,1.92
2019-09-09,1.92
2019-09-10,1.91
2019-09-11,1.92
2019-09-12,1.91
2019-09-13,1.92
2019-09-16,1.95
2019-09-17,1.95
2019-09-18,1.91
2019-09-19,1.89
2019-09-20,1.87
2019-09-23,1.9
2019-09-24,1.88
2019-09-25,1.85
2019-09-26,1.79
2019-09-27,1.76
2019-09-30,1.84
2019-10-01,1.78
2019-10-02,1.75
2019-10-03,1.67
2019-10-04,1.68
2019-10-07,1.71
2019-10-08,1.68
2019-10-09,1.66
2019-10-10,1.65
2019-10-11,1.65
2019-10-14,1.645
2019-10-15,1.64
2019-10-16,1.63
2019-10-17,1.63
2019-10-18,1.63
2019-10-21,1.64
2019-10-22,1.62
2019-10-23,1.62
2019-10-24,1.64
2019-10-25,1.63
2019-10-28,1.62
2019-10-29,1.6
2019-10-30,1.59
2019-10-31,1.51
2019-11-01,1.49
2019-11-04,1.5
2019-11-05,1.53
2019-11-06,1.53
2019-11-07,1.53
2019-11-08,1.52
2019-11-11,1.54
2019-11-12,1.56
2019-11-13,1.54
2019-11-14,1.54
2019-11-15,1.54
2019-11-18,1.54
2019-11-19,1.54
2019-11-20,1.54
2019-11-21,1.55
2019-11-22,1.55
2019-11-25,1.58
2019-11-26,1.57
2019-11-27,1.59
2019-11-29,1.56
2019-12-02,1.57
2019-12-03,1.54
2019-12-04,1.52
2019-12-05,1.51
2019-12-06,1.5
2019-12-09,1.51
2019-12-10,1.53
2019-12-11,1.54
2019-12-12,1.53
2019-12-13,1.54
2019-12-16,1.54
2019-12-17,1.53
2019-12-18,1.53
2019-12-19,1.54
2019-12-20,1.55
2019-12-23,1.56
2019-12-24,1.55
2019-12-26,1.55
2019-12-27,1.54
2019-12-30,1.54
2019-12-31,1.52
2020-01-02,1.51
2020-01-03,1.49
2020-01-06,1.53
2020-01-07,1.51
2020-01-08,1.51
2020-01-09,1.51
2020-01-10,1.51
2020-01-13,1.54
2020-01-14,1.54
2020-01-15,1.54
2020-01-16,1.52
2020-01-17,1.53
2020-01-21,1.53
2020-01-22,1.52
2020-01-23,1.52
2020-01-24,1.51
2020-01-27,1.52
2020-01-28,1.54
2020-01-29,1.53
2020-01-30,1.54
2020-01-31,1.52
2020-02-03,1.54
2020-02-04,1.54
2020-02-05,1.54
2020-02-06,1.54
2020-02-07,1.53
2020-02-10,1.55
2020-02-11,1.54
2020-02-12,1.55
2020-02-13,1.56
2020-02-14,1.55
2020-02-18,1.55
2020-02-19,1.55
2020-02-20,1.55
2020-02-21,1.53
2020-02-24,1.5
2020-02-25,1.5
2020-02-26,1.5
2020-02-27,1.42
2020-02-28,1.25
2020-03-02,1.1
2020-03-03,0.93
2020-03-04,0.71
2020-03-05,0.61
2020-03-06,0.45
2020-03-09,0.32
2020-03-10,0.43
2020-03-11,0.41
2020-03-12,0.33
2020-03-13,0.27
2020-03-16,0.24
2020-03-17,0.19
2020-03-18,0.02
2020-03-19,0.04
2020-03-20,0.05
2020-03-23,0.02
2020-03-24,0.01
2020-03-25,-0.04
2020-03-26,-0.05
2020-03-27,0.03
2020-03-30,0.12
2020-03-31,0.11
2020-04-01,0.09
2020-04-02,0.09
2020-04-03,0.1
2020-04-06,0.15
2020-04-07,0.14
2020-04-08,0.22
2020-04-09,0.25
2020-04-13,0.26
2020-04-14,0.2
2020-04-15,0.14
2020-04-16,0.14
2020-04-17,0.12
2020-04-20,0.12
2020-04-21,0.11
2020-04-22,0.12
2020-04-23,0.11
2020-04-24,0.12
2020-04-27,0.12
2020-04-28,0.11
2020-04-29,0.1
2020-04-30,0.09
2020-05-01,0.12
2020-05-04,0.13
2020-05-05,0.13
2020-05-06,0.12
2020-05-07,0.11
2020-05-08,0.12
2020-05-11,0.12
2020-05-12,0.13
2020-05-13,0.13
2020-05-14,0.12
2020-05-15,0.12
2020-05-18,0.13
2020-05-19,0.13
2020-05-20,0.12
2020-05-21,0.12
2020-05-22,0.12
2020-05-26,0.14
2020-05-27,0.15
2020-05-28,0.15
2020-05-29,0.14
2020-06-01,0.14
2020-06-02,0.15
2020-06-03,0.16
2020-06-04,0.15
2020-06-05,0.15
2020-06-08,0.17
2020-06-09,0.19
2020-06-10,0.17
2020-06-11,0.17
2020-06-12,0.16
2020-06-15,0.18
2020-06-16,0.17
2020-06-17,0.17
2020-06-18,0.16
2020-06-19,0.15
2020-06-22,0.16
2020-06-23,0.16
2020-06-24,0.15
2020-06-25,0.16
2020-06-26,0.14
2020-06-29,0.14
2020-06-30,0.16
2020-07-01,0.14
2020-07-02,0.14
2020-07-06,0.15
2020-07-07,0.15
2020-07-08,0.15
2020-07-09,0.13
2020-07-10,0.13
2020-07-13,0.14
2020-07-14,0.15
2020-07-15,0.16
2020-07-16,0.11
2020-07-17,0.11
2020-07-20,0.13
2020-07-21,0.13
2020-07-22,0.13
2020-07-23,0.12
2020-07-24,0.11
2020-07-27,0.11
2020-07-28,0.11
2020-07-29,0.11
2020-07-30,0.09
2020-07-31,0.09
2020-08-03,0.1
2020-08-04,0.09
2020-08-05,0.1
2020-08-06,0.1
2020-08-07,0.1
2020-08-10,0.11
2020-08-11,0.11
2020-08-12,0.11
2020-08-13,0.1
2020-08-14,0.1
2020-08-17,0.1
2020-08-18,0.09
2020-08-19,0.11
2020-08-20,0.11
2020-08-21,0.1
2020-08-24,0.12
2020-08-25,0.11
2020-08-26,0.11
2020-08-27,0.11
2020-08-28,0.1
2020-08-31,0.11
2020-09-01,0.12
2020-09-02,0.12
2020-09-03,0.11
2020-09-04,0.11
2020-09-08,0.13
2020-09-09,0.12
2020-09-10,0.12
2020-09-11,0.11
2020-09-14,0.11
2020-09-15,0.11
2020-09-16,0.12
2020-09-17,0.09
2020-09-18,0.1
2020-09-21,0.1
2020-09-22,0.1
2020-09-23,0.11
2020-09-24,0.1
2020-09-25,0.1
2020-09-28,0.11
2020-09-29,0.09
2020-09-30,0.1
2020-10-01,0.09
2020-10-02,0.09
2020-10-05,0.1
2020-10-06,0.1
2020-10-07,0.1
2020-10-08,0.09
2020-10-09,0.1
2020-10-12,0.105
2020-10-13,0.11
2020-10-14,0.12
2020-10-15,0.11
2020-10-16,0.11
2020-10-19,0.11
2020-10-20,0.1
2020-10-21,0.1
2020-10-22,0.09
2020-10-23,0.1
2020-10-26,0.11
2020-10-27,0.1
2020-10-28,0.1
2020-10-29,0.09
2020-10-30,0.09
2020-11-02,0.09
2020-11-03,0.1
2020-11-04,0.1
2020-11-05,0.1
2020-11-06,0.1
2020-11-09,0.11
2020-11-10,0.1
2020-11-11,0.1
2020-11-12,0.1
2020-11-13,0.09
2020-11-16,0.09
2020-11-17,0.09
2020-11-18,0.09
2020-11-19,0.07
2020-11-20,0.07
2020-11-23,0.08
2020-11-24,0.09
2020-11-25,0.09
2020-11-27,0.09
2020-11-30,0.08
2020-12-01,0.09
2020-12-02,0.09
2020-12-03,0.08
2020-12-04,0.09
2020-12-07,0.08
2020-12-08,0.09
2020-12-09,0.08
2020-12-10,0.08
2020-12-11,0.08
2020-12-14,0.09
2020-12-15,0.08
2020-12-16,0.09
2020-12-17,0.08
2020-12-18,0.08
2020-12-21,0.09
2020-12-22,0.09
2020-12-23,0.09
2020-12-24,0.09
2020-12-28,0.11
2020-12-29,0.1
2020-12-30,0.08
2020-12-31,0.09
2021-01-04,0.09
2021-01-05,0.09
2021-01-06,0.09
2021-01-07,0.09
2021-01-08,0.08
2021-01-11,0.08
2021-01-12,0.09
2021-01-13,0.09
2021-01-14,0.09
2021-01-15,0.09
2021-01-19,0.09
2021-01-20,0.08
2021-01-21,0.09
2021-01-22,0.08
2021-01-25,0.09
2021-01-26,0.07
2021-01-27,0.08
2021-01-28,0.07
2021-01-29,0.06
2021-02-01,0.07
2021-02-02,0.07
2021-02-03,0.04
2021-02-04,0.04
2021-02-05,0.03
2021-02-08,0.05
2021-02-09,0.04
2021-02-10,0.05
2021-02-11,0.05
2021-02-12,0.04
2021-02-16,0.04
2021-02-17,0.04
2021-02-18,0.03
2021-02-19,0.04
2021-02-22,0.03
2021-02-23,0.04
2021-02-24,0.03
2021-02-25,0.04
2021-02-26,0.04
2021-03-01,0.05
2021-03-02,0.04
2021-03-03,0.05
2021-03-04,0.04
2021-03-05,0.04
2021-03-08,0.05
2021-03-09,0.05
2021-03-10,0.04
2021-03-11,0.04
2021-03-12,0.04
2021-03-15,0.04
2021-03-16,0.02
2021-03-17,0.02
2021-03-18,0.01
2021-03-19,0.01
2021-03-22,0.03
2021-03-23,0.01
2021-03-24,0.02
2021-03-25,0.02
2021-03-26,0.02
2021-03-29,0.03
2021-03-30,0.02
2021-03-31,0.03
2021-04-01,0.02
2021-04-05,0.03
2021-04-06,0.02
2021-04-07,0.02
2021-04-08,0.01
2021-04-09,0.02
2021-04-12,0.02
2021-04-13,0.03
2021-04-14,0.02
2021-04-15,0.02
2021-04-16,0.02
2021-04-19,0.02
2021-04-20,0.03
2021-04-21,0.03
2021-04-22,0.03
2021-04-23,0.03
2021-04-26,0.03
2021-04-27,0.01
2021-04-28,0.01
2021-04-29,0.01
2021-04-30,0.01
2021-05-03,0.04
2021-05-04,0.02
2021-05-05,0.02
2021-05-06,0.02
2021-05-07,0.02
2021-05-10,0.02
2021-05-11,0.01
2021-05-12,0.02
2021-05-13,0.02
2021-05-14,0.01
2021-05-17,0.02
2021-05-18,0.02
2021-05-19,0.01
2021-05-20,0.01
2021-05-21,0.01
2021-05-24,0.02
2021-05-25,0.02
2021-05-26,0.02
2021-05-27,0.02
2021-05-28,0.01
2021-06-01,0.02
2021-06-02,0.02
2021-06-03,0.02
2021-06-04,0.02
2021-06-07,0.02
2021-06-08,0.02
2021-06-09,0.03
2021-06-10,0.03
2021-06-11,0.03
2021-06-14,0.03
2021-06-15,0.03
2021-06-16,0.04
2021-06-17,0.04
2021-06-18,0.05
2021-06-21,0.05
2021-06-22,0.04
2021-06-23,0.05
2021-06-24,0.05
2021-06-25,0.06
2021-06-28,0.05
2021-06-29,0.04
2021-06-30,0.05
2021-07-01,0.05
2021-07-02,0.05
2021-07-06,0.05
2021-07-07,0.05
2021-07-08,0.06
2021-07-09,0.06
2021-07-12,0.05
2021-07-13,0.05
2021-07-14,0.06
2021-07-15,0.05
2021-07-16,0.05
2021-07-19,0.05
2021-07-20,0.05
2021-07-21,0.05
2021-07-22,0.05
2021-07-23,0.05
2021-07-26,0.05
2021-07-27,0.05
2021-07-28,0.05
2021-07-29,0.06
2021-07-30,0.06
2021-08-02,0.05
2021-08-03,0.05
2021-08-04,0.05
2021-08-05,0.05
2021-08-06,0.06
2021-08-09,0.06
2021-08-10,0.05
2021-08-11,0.05
2021-08-12,0.06
2021-08-13,0.06
2021-08-16,0.06
2021-08-17,0.07
2021-08-18,0.07
2021-08-19,0.06
2021-08-20,0.05
2021-08-23,0.05
2021-08-24,0.05
2021-08-25,0.06
2021-08-26,0.05
2021-08-27,0.05
2021-08-30,0.05
2021-08-31,0.04
2021-09-01,0.05
2021-09-02,0.05
2021-09-03,0.05
2021-09-07,0.05
2021-09-08,0.05
2021-09-09,0.04
2021-09-10,0.05
2021-09-13,0.06
2021-09-14,0.04
2021-09-15,0.04
2021-09-16,0.04
2021-09-17,0.04
2021-09-20,0.04
2021-09-21,0.03
2021-09-22,0.03
2021-09-23,0.03
2021-09-24,0.03
2021-09-27,0.04
2021-09-28,0.04
2021-09-29,0.04
2021-09-30,0.04
2021-10-01,0.04
2021-10-04,0.04
2021-10-05,0.04
2021-10-06,0.04
2021-10-07,0.05
2021-10-08,0.05
2021-10-11,0.055
2021-10-12,0.06
2021-10-13,0.05
2021-10-14,0.05
2021-10-15,0.05
2021-10-18,0.06
2021-10-19,0.05
2021-10-20,0.05
2021-10-21,0.06
2021-10-22,0.06
2021-10-25,0.06
2021-10-26,0.06
2021-10-27,0.06
2021-10-28,0.06
2021-10-29,0.05
2021-11-01,0.05
2021-11-02,0.05
2021-11-03,0.05
2021-11-04,0.04
2021-11-05,0.05
2021-11-08,0.06
2021-11-09,0.04
2021-11-10,0.05
2021-11-11,0.05
2021-11-12,0.05
2021-11-15,0.05
2021-11-16,0.05
2021-11-17,0.05
2021-11-18,0.05
2021-11-19,0.05
2021-11-22,0.05
2021-11-23,0.06
2021-11-24,0.06
2021-11-26,0.06
2021-11-29,0.06
2021-11-30,0.05
2021-12-01,0.06
2021-12-02,0.05
2021-12-03,0.06
2021-12-06,0.06
2021-12-07,0.06
2021-12-08,0.07
2021-12-09,0.06
2021-12-10,0.06
2021-12-13,0.05
2021-12-14,0.05
2021-12-15,0.06
2021-12-16,0.05
2021-12-17,0.05
2021-12-20,0.07
2021-12-21,0.07
2021-12-22,0.08
2021-12-23,0.08
2021-12-27,0.06
2021-12-28,0.06
2021-12-29,0.05
2021-12-30,0.05
2021-12-31,0.06
2022-01-03,0.09
2022-01-04,0.08
2022-01-05,0.09
2022-01-06,0.1
2022-01-07,0.1
2022-01-10,0.13
2022-01-11,0.12
2022-01-12,0.12
2022-01-13,0.12
2022-01-14,0.13
2022-01-18,0.17
2022-01-19,0.17
2022-01-20,0.18
2022-01-21,0.17
2022-01-24,0.2
2022-01-25,0.2
2022-01-26,0.19
2022-01-27,0.2
2022-01-28,0.19
2022-01-31,0.24
2022-02-01,0.2
2022-02-02,0.2
2022-02-03,0.21
2022-02-04,0.23
2022-02-07,0.28
2022-02-08,0.27
2022-02-09,0.27
2022-02-10,0.41
2022-02-11,0.37
2022-02-14,0.45
2022-02-15,0.41
2022-02-16,0.39
2022-02-17,0.37
2022-02-18,0.35
2022-02-22,0.39
2022-02-23,0.36
2022-02-24,0.33
2022-02-25,0.33
2022-02-28,0.37
2022-03-01,0.32
2022-03-02,0.33
2022-03-03,0.37
2022-03-04,0.33
2022-03-07,0.38
2022-03-08,0.36
2022-03-09,0.38
2022-03-10,0.38
2022-03-11,0.39
2022-03-14,0.45
2022-03-15,0.46
2022-03-16,0.43
2022-03-17,0.4
2022-03-18,0.41
2022-03-21,0.55
2022-03-22,0.51
2022-03-23,0.5
2022-03-24,0.5
2022-03-25,0.53
2022-03-28,0.6
2022-03-29,0.56
2022-03-30,0.55
2022-03-31,0.51
2022-04-01,0.52
2022-04-04,0.67
2022-04-05,0.65
2022-04-06,0.67
2022-04-07,0.68
2022-04-08,0.69
2022-04-11,0.78
2022-04-12,0.74
2022-04-13,0.75
2022-04-14,0.78
2022-04-18,0.82
2022-04-19,0.82
2022-04-20,0.82
2022-04-21,0.82
2022-04-22,0.82
2022-04-25,0.93
2022-04-26,0.84
2022-04-27,0.82
2022-04-28,0.81
2022-04-29,0.83
2022-05-02,0.9
2022-05-03,0.9
2022-05-04,0.88
2022-05-05,0.84
2022-05-06,0.84
2022-05-09,0.92
2022-05-10,0.89
2022-05-11,0.9
2022-05-12,0.95
2022-05-13,1.01
2022-05-16,1.07
2022-05-17,1.06
2022-05-18,1.02
2022-05-19,1.04
2022-05-20,1.01
2022-05-23,1.07
2022-05-24,1.05
2022-05-25,1.05
2022-05-26,1.06
2022-05-27,1.06
2022-05-31,1.13
2022-06-01,1.12
2022-06-02,1.13
2022-06-03,1.17
2022-06-06,1.23
2022-06-07,1.24
2022-06-08,1.25
2022-06-09,1.26
2022-06-10,1.34
2022-06-13,1.69
2022-06-14,1.78
2022-06-15,1.69
2022-06-16,1.54
2022-06-17,1.58
2022-06-21,1.66
2022-06-22,1.57
2022-06-23,1.59
2022-06-24,1.66
2022-06-27,1.75
2022-06-28,1.75
2022-06-29,1.73
2022-06-30,1.66
2022-07-01,1.66
2022-07-05,1.86
2022-07-06,1.85
2022-07-07,1.89
2022-07-08,1.91
2022-07-11,2.13
2022-07-12,2.16
2022-07-13,2.33
2022-07-14,2.33
2022-07-15,2.29
2022-07-18,2.44
2022-07-19,2.46
2022-07-20,2.44
2022-07-21,2.4
2022-07-22,2.41
2022-07-25,2.55
2022-07-26,2.48
2022-07-27,2.37
2022-07-28,2.35
2022-07-29,2.34
2022-08-01,2.48
2022-08-02,2.48
2022-08-03,2.44
2022-08-04,2.41
2022-08-05,2.48
2022-08-08,2.57
2022-08-09,2.58
2022-08-10,2.56
2022-08-11,2.52
2022-08-12,2.53
2022-08-15,2.63
2022-08-16,2.61
2022-08-17,2.59
2022-08-18,2.61
2022-08-19,2.64
2022-08-22,2.74
2022-08-23,2.71
2022-08-24,2.73
2022-08-25,2.78
2022-08-26,2.78
2022-08-29,2.89
2022-08-30,2.88
2022-08-31,2.87
2022-09-01,2.88
2022-09-02,2.85
2022-09-06,2.96
2022-09-07,2.98
2022-09-08,2.97
2022-09-09,2.98
2022-09-12,3.09
2022-09-13,3.19
2022-09-14,3.14
2022-09-15,3.12
2022-09-16,3.1
2022-09-19,3.29
2022-09-20,3.26
2022-09-21,3.21
2022-09-22,3.19
2022-09-23,3.12
2022-09-26,3.3
2022-09-27,3.26
2022-09-28,3.29
2022-09-29,3.26
2022-09-30,3.22
2022-10-03,3.34
2022-10-04,3.32
2022-10-05,3.33
2022-10-06,3.32
2022-10-07,3.31
2022-10-10,3.42
2022-10-11,3.53
2022-10-12,3.56
2022-10-13,3.64
2022-10-14,3.65
2022-10-17,3.82
2022-10-18,3.89
2022-10-19,3.91
2022-10-20,3.91
2022-10-21,3.9
2022-10-24,4.0
2022-10-25,3.97
2022-10-26,3.94
2022-10-27,3.95
2022-10-28,3.99
2022-10-31,4.06
2022-11-01,4.06
2022-11-02,4.04
2022-11-03,4.06
2022-11-04,4.02
2022-11-07,4.12
2022-11-08,4.1
2022-11-09,4.11
2022-11-10,4.09
2022-11-11,4.125
2022-11-14,4.16
2022-11-15,4.14
2022-11-16,4.14
2022-11-17,4.13
2022-11-18,4.15
2022-11-21,4.23
2022-11-22,4.21
2022-11-23,4.21
2022-11-25,4.22
2022-11-28,4.3
2022-11-29,4.27
2022-11-30,4.27
2022-12-01,4.22
2022-12-02,4.22
2022-12-05,4.27
2022-12-06,4.27
2022-12-07,4.2
2022-12-08,4.17
2022-12-09,4.19
2022-12-12,4.29
2022-12-13,4.26
2022-12-14,4.23
2022-12-15,4.22
2022-12-16,4.2
2022-12-19,4.28
2022-12-20,4.25
2022-12-21,4.22
2022-12-22,4.24
2022-12-23,4.23
2022-12-27,4.35
2022-12-28,4.35
2022-12-29,4.34
2022-12-30,4.3
2023-01-03,4.4
2023-01-04,4.41
2023-01-05,4.51
2023-01-06,4.51
2023-01-09,4.55
2023-01-10,4.57
2023-01-11,4.57
2023-01-12,4.5
2023-01-13,4.51
2023-01-17,4.56
2023-01-18,4.54
2023-01-19,4.55
2023-01-20,4.57
2023-01-23,4.58
2023-01-24,4.57
2023-01-25,4.56
2023-01-26,4.55
2023-01-27,4.57
2023-01-30,4.59
2023-01-31,4.58
2023-02-01,4.54
2023-02-02,4.53
2023-02-03,4.57
2023-02-06,4.59
2023-02-07,4.59
2023-02-08,4.59
2023-02-09,4.64
2023-02-10,4.66
2023-02-13,4.68
2023-02-14,4.67
2023-02-15,4.66
2023-02-16,4.7
2023-02-17,4.7
2023-02-21,4.72
2023-02-22,4.71
2023-02-23,4.71
2023-02-24,4.72
2023-02-27,4.74
2023-02-28,4.72
2023-03-01,4.73
2023-03-02,4.74
2023-03-03,4.74
2023-03-06,4.76
2023-03-07,4.87
2023-03-08,4.89
2023-03-09,4.87
2023-03-10,4.83
2023-03-13,4.7
2023-03-14,4.71
2023-03-15,4.59
2023-03-16,4.57
2023-03-17,4.36
2023-03-20,4.65
2023-03-21,4.62
2023-03-22,4.63
2023-03-23,4.57
2023-03-24,4.57
2023-03-27,4.75
2023-03-28,4.64
2023-03-29,4.64
2023-03-30,4.8
2023-03-31,4.68
2023-04-03,4.77
2023-04-04,4.74
2023-04-05,4.72
2023-04-06,4.77
2023-04-10,4.94
2023-04-11,4.89
2023-04-12,4.87
2023-04-13,4.95
2023-04-14,4.98
2023-04-17,5.06
2023-04-18,5.04
2023-04-19,5.01
2023-04-20,4.97
2023-04-21,4.98
2023-04-24,5.04
2023-04-25,4.97
2023-04-26,5.0
2023-04-27,5.03
2023-04-28,4.95
2023-05-01,5.1
2023-05-02,5.08
2023-05-03,5.09
2023-05-04,5.1
2023-05-05,5.1
2023-05-08,5.15
2023-05-09,5.13
2023-05-10,5.08
2023-05-11,5.04
2023-05-12,5.08
2023-05-15,5.06
2023-05-16,5.07
2023-05-17,5.1
2023-05-18,5.14
2023-05-19,5.12
2023-05-22,5.24
2023-05-23,5.18
2023-05-24,5.21
2023-05-25,5.21
2023-05-26,5.16
2023-05-30,5.28
2023-05-31,5.26
2023-06-01,5.24
2023-06-02,5.23
2023-06-05,5.2
2023-06-06,5.18
2023-06-07,5.16
2023-06-08,5.12
2023-06-09,5.11
2023-06-12,5.14
2023-06-13,5.11
2023-06-14,5.1
2023-06-15,5.07
2023-06-16,5.09
2023-06-20,5.14
2023-06-21,5.15
2023-06-22,5.15
2023-06-23,5.15
2023-06-26,5.24
2023-06-27,5.19
2023-06-28,5.18
2023-06-29,5.2
2023-06-30,5.17
2023-07-03,5.21
2023-07-05,5.21
2023-07-06,5.23
2023-07-07,5.22
2023-07-10,5.25
2023-07-11,5.25
2023-07-12,5.24
2023-07-13,5.24
2023-07-14,5.25
2023-07-17,5.26
2023-07-18,5.25
2023-07-19,5.26
2023-07-20,5.26
2023-07-21,5.27
2023-07-24,5.28
2023-07-25,5.28
2023-07-26,5.28
2023-07-27,5.28
2023-07-28,5.28
2023-07-31,5.28
2023-08-01,5.27
2023-08-02,5.27
2023-08-03,5.27
2023-08-04,5.28
2023-08-07,5.29
2023-08-08,5.3
2023-08-09,5.28
2023-08-10,5.28
2023-08-11,5.28
2023-08-14,5.29
2023-08-15,5.29
2023-08-16,5.29
2023-08-17,5.29
2023-08-18,5.28
2023-08-21,5.3
2023-08-22,5.3
2023-08-23,5.3
2023-08-24,5.31
2023-08-25,5.34
2023-08-28,5.34
2023-08-29,5.33
2023-08-30,5.32
2023-08-31,5.32
2023-09-01,5.3
2023-09-05,5.32
2023-09-06,5.31
2023-09-07,5.3
2023-09-08,5.31
2023-09-11,5.32
2023-09-12,5.32
2023-09-13,5.31
2023-09-14,5.31
2023-09-15,5.32
2023-09-18,5.31
2023-09-19,5.31
2023-09-20,5.33
2023-09-21,5.33
2023-09-22,5.32
2023-09-25,5.35
2023-09-26,5.34
2023-09-27,5.34
2023-09-28,5.32
2023-09-29,5.32
2023-10-02,5.35
2023-10-03,5.35
2023-10-04,5.34
2023-10-05,5.34
2023-10-06,5.36
2023-10-09,5.35
2023-10-10,5.34
2023-10-11,5.34
2023-10-12,5.35
2023-10-13,5.35
2023-10-16,5.34
2023-10-17,5.35
2023-10-18,5.34
2023-10-19,5.33
2023-10-20,5.31
2023-10-23,5.32
2023-10-24,5.31
2023-10-25,5.32
2023-10-26,5.32
2023-10-27,5.32
2023-10-30,5.33
2023-10-31,5.33
2023-11-01,5.31
2023-11-02,5.28
2023-11-03,5.27
2023-11-06,5.29
2023-11-07,5.28
2023-11-08,5.28
2023-11-09,5.27
2023-11-10,5.26
2023-11-13,5.28
2023-11-14,5.26
2023-11-15,5.26
2023-11-16,5.25
2023-11-17,5.25
2023-11-20,5.27
2023-11-21,5.26
2023-11-22,5.27
2023-11-24,5.28
2023-11-27,5.28
2023-11-28,5.27
2023-11-29,5.25
2023-11-30,5.25
2023-12-01,5.23
2023-12-04,5.26
2023-12-05,5.25
2023-12-06,5.25
2023-12-07,5.24
2023-12-08,5.24
2023-12-11,5.26
2023-12-12,5.26
2023-12-13,5.24
2023-12-14,5.23
2023-12-15,5.24
2023-12-18,5.26
2023-12-19,5.23
2023-12-20,5.24
2023-12-21,5.22
2023-12-22,5.24
2023-12-26,5.25
2023-12-27,5.24
2023-12-28,5.25
2023-12-29,5.2
2024-01-02,5.22
2024-01-03,5.24
2024-01-04,5.24
2024-01-05,5.24
2024-01-08,5.25
2024-01-09,5.24
2024-01-10,5.23
2024-01-11,5.23
2024-01-12,5.22
2024-01-16,5.22
2024-01-17,5.24
2024-01-18,5.22
2024-01-19,5.22
2024-01-22,5.22
2024-01-23,5.21
2024-01-24,5.21
2024-01-25,5.21
2024-01-26,5.21
2024-01-29,5.22
2024-01-30,5.21
2024-01-31,5.22
2024-02-01,5.22
2024-02-02,5.23
2024-02-05,5.22
2024-02-06,5.23
2024-02-07,5.23
2024-02-08,5.23
2024-02-09,5.24
2024-02-12,5.23
2024-02-13,5.25
2024-02-14,5.23
2024-02-15,5.23
2024-02-16,5.24
2024-02-20,5.24
2024-02-21,5.24
2024-02-22,5.25
2024-02-23,5.26
2024-02-26,5.26
2024-02-27,5.25
2024-02-28,5.24
2024-02-29,5.25
2024-03-01,5.23
2024-03-04,5.24
2024-03-05,5.23
2024-03-06,5.24
2024-03-07,5.24
2024-03-08,5.24
2024-03-11,5.24
2024-03-12,5.25
2024-03-13,5.25
2024-03-14,5.25
2024-03-15,5.25
2024-03-18,5.25
2024-03-19,5.24
2024-03-20,5.24
2024-03-21,5.25
2024-03-22,5.24
2024-03-25,5.23
2024-03-26,5.22
2024-03-27,5.22
2024-03-28,5.23
2024-04-01,5.23
2024-04-02,5.22
2024-04-03,5.22
2024-04-04,5.21
2024-04-05,5.23
2024-04-08,5.23
2024-04-09,5.23
2024-04-10,5.25
2024-04-11,5.25
2024-04-12,5.25
2024-04-15,5.25
2024-04-16,5.25
2024-04-17,5.25
2024-04-18,5.25
2024-04-19,5.25
2024-04-22,5.22
2024-04-23,5.25
2024-04-24,5.26
2024-04-25,5.26
2024-04-26,5.25
2024-04-29,5.25
2024-04-30,5.25
2024-05-01,5.26
2024-05-02,5.25
2024-05-03,5.25
2024-05-06,5.25
2024-05-07,5.25
2024-05-08,5.25
2024-05-09,5.25
2024-05-10,5.26
2024-05-13,5.25
2024-05-14,5.24
2024-05-15,5.25
2024-05-16,5.25
2024-05-17,5.25
2024-05-20,5.25
2024-05-21,5.25
2024-05-22,5.25
2024-05-23,5.26
2024-05-24,5.26
2024-05-28,5.26
2024-05-29,5.26
2024-05-30,5.26
2024-05-31,5.25
2024-06-03,5.26
2024-06-04,5.25
2024-06-05,5.25
2024-06-06,5.25
2024-06-07,5.26
2024-06-10,5.25
2024-06-11,5.25
2024-06-12,5.25
2024-06-13,5.25
2024-06-14,5.25
2024-06-17,5.25
2024-06-18,5.24
2024-06-20,5.24
2024-06-21,5.23
2024-06-24,5.24
2024-06-25,5.23
2024-06-26,5.24
2024-06-27,5.23
2024-06-28,5.22
2024-07-01,5.24
2024-07-02,5.24
2024-07-03,5.24
2024-07-05,5.23
2024-07-08,5.23
2024-07-09,5.23
2024-07-10,5.23
2024-07-11,5.21
2024-07-12,5.21
2024-07-15,5.2
2024-07-16,5.2
2024-07-17,5.2
2024-07-18,5.21
2024-07-19,5.2
2024-07-22,5.19
2024-07-23,5.18
2024-07-24,5.18
2024-07-25,5.17
2024-07-26,5.16
2024-07-29,5.15
2024-07-30,5.14
2024-07-31,5.15
2024-08-01,5.12
2024-08-02,5.05
2024-08-05,5.09
2024-08-06,5.09
2024-08-07,5.09
2024-08-08,5.09
2024-08-09,5.09
2024-08-12,5.07
2024-08-13,5.06
2024-08-14,5.07
2024-08-15,5.09
2024-08-16,5.08
2024-08-19,5.06
2024-08-20,5.04
2024-08-21,5.02
2024-08-22,5.04
2024-08-23,5.01
2024-08-26,4.98
2024-08-27,4.98
2024-08-28,4.96
2024-08-29,4.98
2024-08-30,4.98
2024-09-03,4.97
2024-09-04,4.96
2024-09-05,4.94
2024-09-06,4.93
2024-09-09,4.89
2024-09-10,4.85
2024-09-11,4.89
2024-09-12,4.85
2024-09-13,4.78
2024-09-16,4.75
2024-09-17,4.75
2024-09-18,4.65
2024-09-19,4.61
2024-09-20,4.56
2024-09-23,4.53
2024-09-24,4.5
2024-09-25,4.51
2024-09-26,4.5
2024-09-27,4.5
2024-09-30,4.52
2024-10-01,4.5
2024-10-02,4.48
2024-10-03,4.48
2024-10-04,4.53
2024-10-07,4.55
2024-10-08,4.53
2024-10-09,4.54
2024-10-10,4.54
2024-10-11,4.53
2024-10-14,4.525
2024-10-15,4.52
2024-10-16,4.51
2024-10-17,4.54
2024-10-18,4.53
2024-10-21,4.51
2024-10-22,4.51
2024-10-23,4.52
2024-10-24,4.5
2024-10-25,4.52
2024-10-28,4.49
2024-10-29,4.49
2024-10-30,4.47
2024-10-31,4.44
2024-11-01,4.41
2024-11-04,4.44
2024-11-05,4.43
2024-11-06,4.44
2024-11-07,4.43
2024-11-08,4.43
2024-11-11,4.43
2024-11-12,4.43
2024-11-13,4.4
2024-11-14,4.41
2024-11-15,4.41
2024-11-18,4.42
2024-11-19,4.41
2024-11-20,4.42
2024-11-21,4.43
2024-11-22,4.43
2024-11-25,4.42
2024-11-26,4.4
2024-11-27,4.4
2024-11-29,4.39
2024-12-02,4.38
2024-12-03,4.36
2024-12-04,4.35
2024-12-05,4.34
2024-12-06,4.31
2024-12-09,4.3
2024-12-10,4.29
2024-12-11,4.26
2024-12-12,4.23
2024-12-13,4.23
2024-12-16,4.25
2024-12-17,4.26
2024-12-18,4.25
2024-12-19,4.23
2024-12-20,4.23
2024-12-23,4.24
2024-12-24,4.28
2024-12-26,4.24
2024-12-27,4.19
2024-12-30,4.23
2024-12-31,4.23
2025-01-02,4.22
2025-01-03,4.2
2025-01-06,4.21
2025-01-07,4.21
2025-01-08,4.21
2025-01-10,4.22
2025-01-13,4.23
2025-01-14,4.22
2025-01-15,4.21
2025-01-16,4.21
2025-01-17,4.2
2025-01-21,4.22
2025-01-22,4.22
2025-01-23,4.22
2025-01-24,4.21
2025-01-27,4.2
2025-01-28,4.2
2025-01-29,4.2
2025-01-30,4.19
2025-01-31,4.2
2025-02-03,4.22
2025-02-04,4.22
2025-02-05,4.22
2025-02-06,4.22
2025-02-07,4.24
2025-02-10,4.23
2025-02-11,4.23
2025-02-12,4.23
2025-02-13,4.22
2025-02-14,4.22
2025-02-18,4.23
2025-02-19,4.22
2025-02-20,4.21
2025-02-21,4.21
2025-02-24,4.19
2025-02-25,4.19
2025-02-26,4.2
2025-02-27,4.2
2025-02-28,4.2
2025-03-03,4.21
2025-03-04,4.2
2025-03-05,4.21
2025-03-06,4.2
2025-03-07,4.2
2025-03-10,4.19
2025-03-11,4.2
2025-03-12,4.21
2025-03-13,4.2
2025-03-14,4.2
2025-03-17,4.2
2025-03-18,4.2
2025-03-19,4.2
2025-03-20,4.19
2025-03-21,4.19
2025-03-24,4.19
2025-03-25,4.19
2025-03-26,4.2
2025-03-27,4.2
2025-03-28,4.2
2025-03-31,4.21
2025-04-01,4.2
2025-04-02,4.21
2025-04-03,4.2
2025-04-04,4.17
2025-04-07,4.17
2025-04-08,4.19
2025-04-09,4.24
2025-04-10,4.22
2025-04-11,4.23
2025-04-14,4.22
2025-04-15,4.22
2025-04-16,4.21
2025-04-17,4.23
2025-04-21,4.22
2025-04-22,4.22
2025-04-23,4.22
2025-04-24,4.21
2025-04-25,4.21
2025-04-28,4.2
2025-04-29,4.2
2025-04-30,4.2
2025-05-01,4.2
2025-05-02,4.22
2025-05-05,4.22
2025-05-06,4.22
2025-05-07,4.22
2025-05-08,4.23
2025-05-09,4.22
2025-05-12,4.31
2025-05-13,4.29
2025-05-14,4.29
2025-05-15,4.27
2025-05-16,4.25
2025-05-19,4.28
2025-05-20,4.26
2025-05-21,4.24
2025-05-22,4.25
2025-05-23,4.24
2025-05-27,4.24
2025-05-28,4.24
2025-05-29,4.25
2025-05-30,4.25
2025-06-02,4.25
2025-06-03,4.24
2025-06-04,4.25
2025-06-05,4.25
2025-06-06,4.25
2025-06-09,4.25
2025-06-10,4.26
2025-06-11,4.26
2025-06-12,4.27
2025-06-13,4.26
2025-06-16,4.24
2025-06-17,4.23
2025-06-18,4.23
2025-06-20,4.21
2025-06-23,4.19
2025-06-24,4.19
2025-06-25,4.19
2025-06-26,4.21
2025-06-27,4.2
2025-06-30,4.24
2025-07-01,4.24
2025-07-02,4.24
2025-07-03,4.26
2025-07-07,4.26
2025-07-08,4.26
2025-07-09,4.26
2025-07-10,4.25
2025-07-11,4.25
2025-07-14,4.26
2025-07-15,4.25
2025-07-16,4.24
2025-07-17,4.24
2025-07-18,4.24
2025-07-21,4.24
2025-07-22,4.24
2025-07-23,4.25
2025-07-24,4.25
2025-07-25,4.25
2025-07-28,4.24
2025-07-29,4.24
2025-07-30,4.25
2025-07-31,4.24
2025-08-01,4.19
2025-08-04,4.16
2025-08-05,4.16
2025-08-06,4.14
2025-08-07,4.14
2025-08-08,4.14
2025-08-11,4.15
2025-08-12,4.14
2025-08-13,4.11
2025-08-14,4.12
2025-08-15,4.12
2025-08-18,4.14
2025-08-19,4.12
2025-08-20,4.12
2025-08-21,4.14
2025-08-22,4.1
2025-08-25,4.1
2025-08-26,4.1
2025-08-27,4.08
2025-08-28,4.08
2025-08-29,4.05
2025-09-02,4.05
2025-09-03,4.03
2025-09-04,4.01
2025-09-05,3.92
2025-09-08,3.95
2025-09-09,3.95
2025-09-10,3.94
2025-09-11,3.94
2025-09-12,3.94
2025-09-15,3.91
2025-09-16,3.9
2025-09-17,3.88
2025-09-18,3.89
2025-09-19,3.89
2025-09-22,3.86
2025-09-23,3.86
2025-09-24,3.87
2025-09-25,3.89
2025-09-26,3.87
2025-09-29,3.86
2025-09-30,3.86
2025-10-01,3.85
2025-10-02,3.86
2025-10-03,3.87
2025-10-06,3.86
2025-10-07,3.85
2025-10-08,3.85
2025-10-09,3.87
2025-10-10,3.86
2025-10-13,3.855
2025-10-14,3.85
2025-10-15,3.87
2025-10-16,3.86
2025-10-17,3.84
2025-10-20,3.81
2025-10-21,3.8
2025-10-22,3.8
2025-10-23,3.8
2025-10-24,3.77
2025-10-27,3.73
2025-10-28,3.73
2025-10-29,3.77
2025-10-30,3.76
2025-10-31,3.73
2025-11-03,3.82
2025-11-04,3.8
2025-11-05,3.8
2025-11-06,3.77
2025-11-07,3.77
2025-11-10,3.79
2025-11-11,3.79
2025-11-12,3.79
2025-11-13,3.8
2025-11-14,3.8
2025-11-17,3.8
2025-11-18,3.78
2025-11-19,3.79
2025-11-20,3.78
2025-11-21,3.75
2025-11-24,3.75
2025-11-25,3.74
2025-11-26,3.76
2025-11-28,3.73
2025-12-01,3.71
2025-12-02,3.68
2025-12-03,3.64
2025-12-04,3.63
2025-12-05,3.62
2025-12-08,3.64
2025-12-09,3.64
2025-12-10,3.6
2025-12-11,3.58
2025-12-12,3.54
2025-12-15,3.56
2025-12-16,3.56
2025-12-17,3.55
2025-12-18,3.53
2025-12-19,3.53
