Date,ret
1962-01-03,0.002560321349267593
1962-01-04,0.003382191791553189
1962-01-05,-0.00234110575789792
1962-01-08,-0.00048620449064780115
1962-01-09,-0.001520868809745967
1962-01-10,-0.0015187498542855692
1962-01-11,-0.0007029938512442668
1962-01-12,0.00011170431211498974
1962-01-15,-0.001292166889345126
1962-01-16,-0.002325143687323676
1962-01-17,0.0009259305917330549
1962-01-18,0.0009260481544733494
1962-01-19,0.00011252566735112938
1962-01-22,0.0019656406135810005
1962-01-23,-0.001514518489526292
1962-01-24,0.0009261659892185594
1962-01-25,-0.0007009968196210173
1962-01-26,0.00011252566735112938
1962-01-29,-0.00047528035202106385
1962-01-30,0.0009260481544733494
1962-01-31,0.0009261659892185594
1962-02-01,0.0009262840961937308
1962-02-02,0.000926402475624795
1962-02-05,0.0011499297519674786
1962-02-06,0.0009266400527577416
1962-02-07,-0.000703660073514201
1962-02-08,0.00011143052703627653
1962-02-09,0.001742634725920072
1962-02-13,0.0020763095985865537
1962-02-14,0.00011033538672142369
1962-02-15,0.0009271184864423272
1962-02-16,0.00011006160164271045
1962-02-19,0.001147361982683398
1962-02-20,-0.003152613998782634
1962-02-21,0.0017436607279500038
1962-02-23,0.0010374538731637508
1962-02-26,0.001965327042618112
1962-02-27,-0.0007076631461183955
1962-02-28,0.0009273593466218273
1962-03-01,0.0017462353244495586
1962-03-02,0.00010896646132785764
1962-03-05,-0.0013082428512788127
1962-03-06,-0.0007076631461183955
1962-03-07,0.0009273593466218273
1962-03-08,0.0017462353244495586
1962-03-09,0.0017472690091737547
1962-03-12,0.001965142679497664
1962-03-13,0.001749342992057296
1962-03-14,-0.0007130159438094845
1962-03-15,-0.002349854212275946
1962-03-16,0.0001084188911704312
1962-03-19,0.0027862724507861686
1962-03-20,0.0017498628682466844
1962-03-21,0.004222640292283933
1962-03-22,0.002578630816068102
1962-03-23,-0.003186024659422491
1962-03-26,-0.0013259898357822677
1962-03-27,-0.0007150277922074853
1962-03-28,0.00010677618069815195
1962-03-29,0.00010677618069815195
1962-03-30,0.0033992534218398665
1962-04-02,0.00031704312114989733
1962-04-03,0.002578630816068102
1962-04-04,0.004236428625958862
1962-04-05,-0.0048399918543443774
1962-04-06,0.0025804800456515854
1962-04-09,-0.0013356982254063823
1962-04-10,0.00010485968514715949
1962-04-11,-0.003186024659422491
1962-04-12,0.0009290762136830196
1962-04-13,0.0009292009223452734
1962-04-16,0.0019648563387556594
1962-04-17,0.0009295767168562241
1962-04-18,0.000929702538638151
1962-04-19,-0.000720404916564986
1962-04-23,-0.0028741336015166595
1962-04-24,-0.0007170421316457914
1962-04-25,-0.0007163704080010916
1962-04-26,-0.0007156989615983542
1962-04-27,0.0025758632338376986
1962-04-30,0.00031704312114989733
1962-05-01,0.0009292009223452734
1962-05-02,-0.0007177141327626487
1962-05-03,0.0001056810403832991
1962-05-04,-0.0007170421316457914
1962-05-07,0.0011409858646070443
1962-05-08,0.0009292009223452734
1962-05-09,0.002579555012921155
1962-05-10,-0.0007197318032524669
1962-05-11,0.0009295767168562241
1962-05-14,-0.002156798604010796
1962-05-15,-0.0015400382552608154
1962-05-16,0.0009290762136830196
1962-05-17,-0.0007170421316457914
1962-05-18,-0.004816054253947948
1962-05-21,-0.0004971508083016286
1962-05-22,0.0009282110158307293
1962-05-23,0.0017498628682466844
1962-05-24,0.000928580153756991
1962-05-25,0.0017514258172782128
1962-05-28,0.0011414090038048396
1962-05-29,-0.0015378994867062924
1962-05-31,-0.0006085253965880465
1962-06-01,0.0009287037529904618
1962-06-04,0.0011418324204748502
1962-06-05,-0.0007156989615983542
1962-06-06,0.00010650239561943874
1962-06-07,0.0017519479086420592
1962-06-08,0.0009290762136830196
1962-06-11,-0.0005056800508791931
1962-06-12,0.0009290762136830196
1962-06-13,-0.0007170421316457914
1962-06-14,-0.0023586324106535323
1962-06-15,0.0009287037529904618
1962-06-18,-0.001322758143006036
1962-06-19,-0.0015336285942013812
1962-06-20,0.0009283337854066283
1962-06-21,0.0017503832975404145
1962-06-22,0.00010677618069815195
1962-06-25,-0.003777391939436506
1962-06-26,-0.0015293665366999283
1962-06-27,0.0009278443627510507
1962-06-28,-0.0015283023993617332
1962-06-29,-0.0015261757739345279
1962-07-02,0.0003285420944558522
1962-07-03,0.00010951403148528405
1962-07-05,0.0002190280629705681
1962-07-06,-0.0015240513444697889
1962-07-09,-0.002116619435261154
1962-07-10,0.0025612289734506916
1962-07-11,0.002563956781446852
1962-07-12,-0.0007083312834995307
1962-07-13,0.00010951403148528405
1962-07-16,-0.0004886350831478272
1962-07-17,-0.0015229899520863184
1962-07-18,0.0009271184864423272
1962-07-19,0.00011006160164271045
1962-07-20,0.000927238779397977
1962-07-23,0.0011469349797498217
1962-07-24,-0.0007076631461183955
1962-07-25,-0.0007069952830053469
1962-07-26,0.000927238779397977
1962-07-27,-0.0007069952830053469
1962-07-30,-0.00048620449064780115
1962-07-31,-0.0007056603786746178
1962-08-01,0.0009269984675272621
1962-08-02,0.002563046688858153
1962-08-03,-0.0007076631461183955
1962-08-06,0.00032936344969199176
1962-08-07,-0.0007069952830053469
1962-08-08,0.000927238779397977
1962-08-09,0.001745719307168143
1962-08-10,0.00010924024640657085
1962-08-13,0.00032772073921971256
1962-08-14,0.0009276013047840002
1962-08-15,0.00010896646132785764
1962-08-16,0.0017472690091737547
1962-08-17,0.0001084188911704312
1962-08-20,0.001965142679497664
1962-08-21,0.00010787132101300478
1962-08-22,-0.0007116760923959914
1962-08-23,0.000108145106091718
1962-08-24,0.000108145106091718
1962-08-27,0.00032443531827515404
1962-08-28,-0.0007110065802578383
1962-08-29,0.0001084188911704312
1962-08-30,0.000927966304731805
1962-08-31,-0.0007110065802578383
1962-09-04,0.0004336755646817248
1962-09-05,-0.0007103373435274338
1962-09-06,-0.0015272388119252065
1962-09-07,-0.001525113284934361
1962-09-10,0.0011469349797498217
1962-09-11,0.00010951403148528405
1962-09-12,0.00010951403148528405
1962-09-13,0.0009274801883412498
1962-09-14,0.00010924024640657085
1962-09-17,0.00032772073921971256
1962-09-18,0.0009276013047840002
1962-09-19,-0.0007089996953762954
1962-09-20,0.0009276013047840002
1962-09-21,0.00010896646132785764
1962-09-24,0.0011456556188335896
1962-09-25,0.0009278443627510507
1962-09-26,0.000927966304731805
1962-09-27,0.000108145106091718
1962-09-28,0.0009280885223488547
1962-10-01,0.0011439536578567388
1962-10-02,0.0009283337854066283
1962-10-03,0.0017503832975404145
1962-10-04,0.00010677618069815195
1962-10-05,-0.001534695487900373
1962-10-08,-0.0004983684420983277
1962-10-09,-0.0015314964629069953
1962-10-10,0.0017488236685134577
1962-10-11,-0.0007123458801702117
1962-10-15,0.0004314852840520191
1962-10-16,0.00010787132101300478
1962-10-17,0.00010787132101300478
1962-10-18,0.001749342992057296
1962-10-19,0.0033966163873649408
1962-10-22,-0.002144710084664256
1962-10-23,-0.0023527769661995015
1962-10-24,0.00010787132101300478
1962-10-25,0.00010787132101300478
1962-10-26,0.0009282110158307293
1962-10-29,0.0011435288572752115
1962-10-30,0.00010732375085557837
1962-10-31,0.00010732375085557837
1962-11-01,0.00010732375085557837
1962-11-02,0.0009284568313055067
1962-11-05,0.00032114989733059553
1962-11-07,0.00021409993155373032
1962-11-08,0.000928580153756991
1962-11-09,0.0009287037529904618
1962-11-13,-0.00039552060534916913
1962-11-14,-0.0007143568995988311
1962-11-15,0.00010704996577686516
1962-11-16,-0.0015336285942013812
1962-11-19,0.0003227926078028748
1962-11-20,0.00010759753593429158
1962-11-21,0.0009283337854066283
1962-11-23,0.00021464750171115674
1962-11-26,-0.0004983684420983277
1962-11-27,0.0009283337854066283
1962-11-28,0.00010732375085557837
1962-11-29,0.00010732375085557837
1962-11-30,0.00010732375085557837
1962-12-03,-0.0004983684420983277
1962-12-04,-0.0007123458801702117
1962-12-05,0.0009282110158307293
1962-12-06,0.0009283337854066283
1962-12-07,0.0009284568313055067
1962-12-10,0.0011426800853107215
1962-12-11,0.0009287037529904618
1962-12-12,0.0009288276292359726
1962-12-13,0.00010622861054072553
1962-12-14,0.0009289517827233884
1962-12-17,0.0019649034075858974
1962-12-18,0.0017540418281464878
1962-12-19,-0.0007190589683351986
1962-12-20,0.0009294511737008731
1962-12-21,0.001755092126791881
1962-12-24,0.001964768886280436
1962-12-26,0.0002075290896646133
1962-12-27,-0.001546467894341501
1962-12-28,-0.00236744050147274
1962-12-31,-0.0005081194711305547
1963-01-02,0.002684962268225741
1963-01-03,0.000929702538638151
1963-01-04,-0.00236744050147274
1963-01-07,0.0011397181141526184
1963-01-08,0.001755092126791881
1963-01-09,-0.000720404916564986
1963-01-10,0.000929702538638151
1963-01-11,0.0009298286392784233
1963-01-14,-0.0005130016486822706
1963-01-15,0.0009298286392784233
1963-01-16,0.00010403832991101984
1963-01-17,-0.001545394896237308
1963-01-18,-0.0015432505713244738
1963-01-21,-0.0005081194711305547
1963-01-22,-0.0007177141327626487
1963-01-23,0.0001056810403832991
1963-01-24,0.0001056810403832991
1963-01-25,0.0009292009223452734
1963-01-28,-0.0005068996221534768
1963-01-29,0.0001056810403832991
1963-01-30,0.0001056810403832991
1963-01-31,-0.0007170421316457914
1963-02-01,-0.0007163704080010916
1963-02-04,-0.0005032417405169031
1963-02-05,-0.0007150277922074853
1963-02-06,-0.0007143568995988311
1963-02-07,0.00010704996577686516
1963-02-08,0.00010704996577686516
1963-02-11,-0.0004995863519888239
1963-02-13,0.00021464750171115674
1963-02-14,0.0009284568313055067
1963-02-15,0.00010704996577686516
1963-02-18,0.00032114989733059553
1963-02-19,-0.0015336285942013812
1963-02-20,-0.0007123458801702117
1963-02-21,-0.0007116760923959914
1963-02-25,0.000432580424366872
1963-02-26,0.000108145106091718
1963-02-27,0.000108145106091718
1963-02-28,0.0009280885223488547
1963-03-01,0.0009282110158307293
1963-03-04,0.0011435288572752115
1963-03-05,0.00010732375085557837
1963-03-06,0.0009284568313055067
1963-03-07,-0.0007136862835425543
1963-03-08,0.00010732375085557837
1963-03-11,0.0003219712525667351
1963-03-12,0.00010732375085557837
1963-03-13,0.00010732375085557837
1963-03-14,0.00010732375085557837
1963-03-15,0.00010732375085557837
1963-03-18,0.0003219712525667351
1963-03-19,0.00010732375085557837
1963-03-20,0.00010732375085557837
1963-03-21,0.00010732375085557837
1963-03-22,-0.0007130159438094845
1963-03-25,-0.0004971508083016286
1963-03-26,-0.0015304312243961452
1963-03-27,0.0001084188911704312
1963-03-28,0.0001084188911704312
1963-03-29,0.000927966304731805
1963-04-01,0.00032443531827515404
1963-04-02,-0.0007110065802578383
1963-04-03,0.0001084188911704312
1963-04-04,0.000927966304731805
1963-04-05,0.000108145106091718
1963-04-08,-0.0013130763245164923
1963-04-09,-0.0007096683819762747
1963-04-10,-0.0015261757739345279
1963-04-11,0.00010951403148528405
1963-04-15,-0.00037912105166254333
1963-04-16,0.0009273593466218273
1963-04-17,0.00010951403148528405
1963-04-18,0.0009274801883412498
1963-04-19,0.0017467518916327006
1963-04-22,0.00032607802874743324
1963-04-23,0.00010869267624914442
1963-04-24,0.0009278443627510507
1963-04-25,0.000927966304731805
1963-04-26,0.000108145106091718
1963-04-29,0.00032443531827515404
1963-04-30,0.000108145106091718
1963-05-01,0.0009280885223488547
1963-05-02,0.00010787132101300478
1963-05-03,0.0009282110158307293
1963-05-06,0.0011435288572752115
1963-05-07,0.0009284568313055067
1963-05-08,-0.0007136862835425543
1963-05-09,-0.0007130159438094845
1963-05-10,0.00010759753593429158
1963-05-13,0.0011435288572752115
1963-05-14,0.0009284568313055067
1963-05-15,0.00010704996577686516
1963-05-16,0.000928580153756991
1963-05-17,-0.001534695487900373
1963-05-20,-0.0004983684420983277
1963-05-21,0.0009283337854066283
1963-05-22,0.00010732375085557837
1963-05-23,-0.0007130159438094845
1963-05-24,-0.0015314964629069953
1963-05-27,0.00032443531827515404
1963-05-28,-0.0007110065802578383
1963-05-29,0.0001084188911704312
1963-05-31,0.0002168377823408624
1963-06-03,-0.0013114646170208706
1963-06-04,0.00010896646132785764
1963-06-05,0.00010896646132785764
1963-06-06,-0.0007089996953762954
1963-06-07,0.00010924024640657085
1963-06-10,0.00032772073921971256
1963-06-11,0.0009276013047840002
1963-06-12,-0.0007089996953762954
1963-06-13,0.00010924024640657085
1963-06-14,0.00010924024640657085
1963-06-17,-0.000489850790686389
1963-06-18,0.00010951403148528405
1963-06-19,0.00010951403148528405
1963-06-20,0.00010951403148528405
1963-06-21,0.00010951403148528405
1963-06-24,0.0003285420944558522
1963-06-25,0.00010951403148528405
1963-06-26,0.00010951403148528405
1963-06-27,0.00010951403148528405
1963-06-28,0.00010951403148528405
1963-07-01,-0.0004886350831478272
1963-07-02,-0.0015229899520863184
1963-07-03,0.00011033538672142369
1963-07-05,-0.0005953249919531941
1963-07-08,-0.0004837749934028034
1963-07-09,0.0009268787224261135
1963-07-10,0.0009269984675272621
1963-07-11,-0.0007056603786746178
1963-07-12,0.0009269984675272621
1963-07-15,0.0011477892598851745
1963-07-16,0.00011006160164271045
1963-07-17,-0.0007063276939332222
1963-07-18,0.0009271184864423272
1963-07-19,0.00011006160164271045
1963-07-22,0.0003301848049281314
1963-07-23,0.00011006160164271045
1963-07-24,0.000927238779397977
1963-07-25,0.00010978781656399726
1963-07-26,0.001745719307168143
1963-07-29,0.00032772073921971256
1963-07-30,-0.0007083312834995307
1963-07-31,0.00010951403148528405
1963-08-01,0.0009274801883412498
1963-08-02,0.00010924024640657085
1963-08-05,0.00032772073921971256
1963-08-06,-0.0007083312834995307
1963-08-07,-0.0007076631461183955
1963-08-08,0.0009273593466218273
1963-08-09,0.00010951403148528405
1963-08-12,-0.0004886350831478272
1963-08-13,-0.0007069952830053469
1963-08-14,0.00011006160164271045
1963-08-15,0.000927238779397977
1963-08-16,0.0009273593466218273
1963-08-19,0.001146508251311818
1963-08-20,0.00010924024640657085
1963-08-21,-0.0007083312834995307
1963-08-22,0.00010951403148528405
1963-08-23,0.00010951403148528405
1963-08-26,0.0003285420944558522
1963-08-27,0.00010951403148528405
1963-08-28,0.00010951403148528405
1963-08-29,-0.0007076631461183955
1963-08-30,-0.0007069952830053469
1963-09-03,-0.0003761428890050907
1963-09-04,-0.0007056603786746178
1963-09-05,-0.0031470801418688557
1963-09-06,-0.0007023279016558596
1963-09-09,0.00033593429158110884
1963-09-10,0.00011197809719370293
1963-09-11,0.00011197809719370293
1963-09-12,0.00011197809719370293
1963-09-13,0.00011197809719370293
1963-09-16,0.00033593429158110884
1963-09-17,0.00011197809719370293
1963-09-18,0.000926402475624795
1963-09-19,0.00011170431211498974
1963-09-20,0.000926521127737499
1963-09-23,0.0003342915811088296
1963-09-24,-0.0007029938512442668
1963-09-25,0.00011170431211498974
1963-09-26,0.00011170431211498974
1963-09-27,0.000926521127737499
1963-09-30,0.0003342915811088296
1963-10-01,0.00011143052703627653
1963-10-02,0.00011143052703627653
1963-10-03,0.00011143052703627653
1963-10-04,-0.0007029938512442668
1963-10-07,0.0003351129363449692
1963-10-08,-0.0007023279016558596
1963-10-09,-0.0007016622245232884
1963-10-10,0.00011225188227241614
1963-10-11,0.00011225188227241614
1963-10-14,0.0003367556468172484
1963-10-15,-0.0007009968196210173
1963-10-16,0.00011252566735112938
1963-10-17,-0.0007003316867233226
1963-10-18,0.00011279945242984257
1963-10-21,0.0003383983572895277
1963-10-22,0.0009260481544733494
1963-10-23,-0.0007003316867233226
1963-10-24,0.0009260481544733494
1963-10-25,-0.0007003316867233226
1963-10-28,0.0003383983572895277
1963-10-29,-0.000699666825605369
1963-10-30,-0.0006990022360421331
1963-10-31,-0.0006983379178087456
1963-11-01,0.0001136208076659822
1963-11-04,0.00034086242299794666
1963-11-06,-0.0013945669460076065
1963-11-07,0.00011416837782340862
1963-11-08,0.0009254630563195948
1963-11-12,0.00045557837097878165
1963-11-13,0.0009255795332902836
1963-11-14,0.0025521896148285876
1963-11-15,0.0009260481544733494
1963-11-18,0.00033757700205338815
1963-11-19,0.0009261659892185594
1963-11-20,0.0009262840961937308
1963-11-21,-0.0007016622245232884
1963-11-22,0.0009262840961937308
1963-11-26,0.0012623367672059038
1963-11-27,0.00011170431211498974
1963-11-29,0.00022340862422997947
1963-12-02,-0.0004789192774258801
1963-12-03,-0.0007016622245232884
1963-12-04,0.00011225188227241614
1963-12-05,-0.0007009968196210173
1963-12-06,0.00011252566735112938
1963-12-09,0.0011512173239208183
1963-12-10,0.00011225188227241614
1963-12-11,-0.0015134620094863435
1963-12-12,0.00011279945242984257
1963-12-13,-0.000699666825605369
1963-12-16,-0.0012841493539018439
1963-12-17,0.0001136208076659822
1963-12-18,0.0001136208076659822
1963-12-19,0.00092569628136644
1963-12-20,-0.0006983379178087456
1963-12-23,0.00034086242299794666
1963-12-24,0.0001136208076659822
1963-12-26,0.0002272416153319644
1963-12-27,0.0001136208076659822
1963-12-30,0.0011529378966984043
1963-12-31,0.000113347022587269
1964-01-02,0.000226694045174538
1964-01-03,-0.0006983379178087456
1964-01-06,-0.00047043225534869196
1964-01-07,0.0009255795332902836
1964-01-08,-0.002317920841312702
1964-01-09,0.00011444216290212182
1964-01-10,0.00011444216290212182
1964-01-13,0.0003433264887063655
1964-01-14,0.00011444216290212182
1964-01-15,0.00011444216290212182
1964-01-16,0.0009253468502298085
1964-01-17,0.00011416837782340862
1964-01-20,0.001153799811966412
1964-01-21,0.00011389459274469541
1964-01-22,0.00011389459274469541
1964-01-23,0.00011389459274469541
1964-01-24,-0.0015071345282447756
1964-01-27,0.0003433264887063655
1964-01-28,0.0009253468502298085
1964-01-29,0.00011416837782340862
1964-01-30,0.0009254630563195948
1964-01-31,0.0009255795332902836
1964-02-03,0.00034086242299794666
1964-02-04,0.0001136208076659822
1964-02-05,0.0001136208076659822
1964-02-06,0.00092569628136644
1964-02-07,0.000113347022587269
1964-02-10,0.000340041067761807
1964-02-11,0.000113347022587269
1964-02-13,0.001039160323359714
1964-02-14,0.00011307323750855577
1964-02-17,0.00033921971252566735
1964-02-18,-0.0006990022360421331
1964-02-19,0.000113347022587269
1964-02-20,0.000113347022587269
1964-02-24,-0.0003582968500469386
1964-02-25,0.0001136208076659822
1964-02-26,0.0001136208076659822
1964-02-27,-0.0015081877536735888
1964-02-28,-0.0006963465888435025
1964-03-02,0.0011542311760340523
1964-03-03,-0.0006963465888435025
1964-03-04,-0.0006956833536864363
1964-03-05,0.00011471594798083505
1964-03-06,0.00011471594798083505
1964-03-09,-0.00046558849277671425
1964-03-10,0.00011498973305954826
1964-03-11,-0.0006943576937761749
1964-03-12,0.00011526351813826146
1964-03-13,-0.0006936952685763923
1964-03-16,0.0011559593366354468
1964-03-17,-0.0006936952685763923
1964-03-18,-0.0006930331129160538
1964-03-19,-0.0006923712265719324
1964-03-20,-0.0006917096093217396
1964-03-23,0.00034907597535934295
1964-03-24,-0.0006910482609427194
1964-03-25,0.00011663244353182751
1964-03-26,0.000924426926376161
1964-03-30,0.00046543463381245725
1964-03-31,0.0017334986841053565
1964-04-01,0.00011581108829568789
1964-04-02,-0.0006923712265719324
1964-04-03,-0.0006917096093217396
1964-04-06,0.00034907597535934295
1964-04-07,0.00011635865845311431
1964-04-08,0.0025432317903618215
1964-04-09,0.00011553730321697466
1964-04-10,0.00011553730321697466
1964-04-13,-0.00046195850648210436
1964-04-14,-0.0006923712265719324
1964-04-15,0.0009246552896558405
1964-04-16,0.00011581108829568789
1964-04-17,-0.0006923712265719324
1964-04-20,0.0003482546201232033
1964-04-21,0.0009246552896558405
1964-04-22,0.00011581108829568789
1964-04-23,0.00011581108829568789
1964-04-24,0.00011581108829568789
1964-04-27,0.0003474332648870637
1964-04-28,0.00011581108829568789
1964-04-29,0.0009247698751591153
1964-04-30,0.00011553730321697466
1964-05-01,0.00011553730321697466
1964-05-04,0.000346611909650924
1964-05-05,0.00011553730321697466
1964-05-06,0.00011553730321697466
1964-05-07,0.00011553730321697466
1964-05-08,0.001735009168037627
1964-05-11,0.0011550947159161661
1964-05-12,0.00011471594798083505
1964-05-13,0.00011471594798083505
1964-05-14,0.00011471594798083505
1964-05-15,0.00011471594798083505
1964-05-18,0.0003441478439425052
1964-05-19,0.00011471594798083505
1964-05-20,-0.0006950203887383844
1964-05-21,0.00011498973305954826
1964-05-22,0.00011498973305954826
1964-05-25,0.0011550947159161661
1964-05-26,0.00011471594798083505
1964-05-27,-0.0006950203887383844
1964-05-28,0.0009251152497970696
1964-06-01,0.0004588637919233402
1964-06-02,0.00011471594798083505
1964-06-03,0.00011471594798083505
1964-06-04,0.00011471594798083505
1964-06-05,0.000925230914797073
1964-06-08,0.0003433264887063655
1964-06-09,0.0009253468502298085
1964-06-10,0.00011416837782340862
1964-06-11,-0.0006963465888435025
1964-06-12,0.00011444216290212182
1964-06-15,0.0003433264887063655
1964-06-16,0.00011444216290212182
1964-06-17,0.00011444216290212182
1964-06-18,0.0009253468502298085
1964-06-19,0.0009254630563195948
1964-06-22,0.0011533687187796746
1964-06-23,0.0001136208076659822
1964-06-24,0.0001136208076659822
1964-06-25,0.0001136208076659822
1964-06-26,0.0001136208076659822
1964-06-29,0.00034086242299794666
1964-06-30,0.0001136208076659822
1964-07-01,0.0001136208076659822
1964-07-02,0.0001136208076659822
1964-07-06,-0.0003568114476827098
1964-07-07,0.0009255795332902836
1964-07-08,0.0001136208076659822
1964-07-09,-0.002317920841312702
1964-07-10,-0.0006956833536864363
1964-07-13,0.0003441478439425052
1964-07-14,0.00011471594798083505
1964-07-15,0.00011471594798083505
1964-07-16,0.00011471594798083505
1964-07-17,-0.0006950203887383844
1964-07-20,-0.00046437822765707835
1964-07-21,0.0009249998550064182
1964-07-22,-0.0006943576937761749
1964-07-23,0.0009249998550064182
1964-07-24,0.00011498973305954826
1964-07-27,0.0003449691991786448
1964-07-28,0.00011498973305954826
1964-07-29,0.00011498973305954826
1964-07-30,0.0009251152497970696
1964-07-31,0.00011471594798083505
1964-08-03,0.0003441478439425052
1964-08-04,0.00011471594798083505
1964-08-05,0.00011471594798083505
1964-08-06,0.000925230914797073
1964-08-07,-0.0006956833536864363
1964-08-10,0.0003441478439425052
1964-08-11,-0.0006950203887383844
1964-08-12,0.00011498973305954826
1964-08-13,0.0009251152497970696
1964-08-14,0.00011471594798083505
1964-08-17,0.0003441478439425052
1964-08-18,0.00011471594798083505
1964-08-19,0.00011471594798083505
1964-08-20,0.00011471594798083505
1964-08-21,0.00011471594798083505
1964-08-24,0.0003441478439425052
1964-08-25,-0.0006950203887383844
1964-08-26,0.00011498973305954826
1964-08-27,0.00011498973305954826
1964-08-28,-0.0006943576937761749
1964-08-31,0.0003457905544147844
1964-09-01,0.00011526351813826146
1964-09-02,-0.0006936952685763923
1964-09-03,0.00011553730321697466
1964-09-04,0.00011553730321697466
1964-09-08,0.0004621492128678986
1964-09-09,0.00011553730321697466
1964-09-10,0.00011553730321697466
1964-09-11,0.00011553730321697466
1964-09-14,0.000346611909650924
1964-09-15,0.00011553730321697466
1964-09-16,0.0009248847302014974
1964-09-17,0.0009249998550064182
1964-09-18,0.00011498973305954826
1964-09-21,0.0011550947159161661
1964-09-22,0.00011471594798083505
1964-09-23,0.00011471594798083505
1964-09-24,0.00011471594798083505
1964-09-25,0.00011471594798083505
1964-09-28,0.001965956407671775
1964-09-29,-0.0006963465888435025
1964-09-30,0.00011444216290212182
1964-10-01,0.00011444216290212182
1964-10-02,0.00011444216290212182
1964-10-05,-0.0012761453737313968
1964-10-06,0.0009251152497970696
1964-10-07,0.00011471594798083505
1964-10-08,0.00011471594798083505
1964-10-09,0.00011471594798083505
1964-10-13,0.0004588637919233402
1964-10-14,0.00011471594798083505
1964-10-15,-0.0006950203887383844
1964-10-16,-0.0006943576937761749
1964-10-19,0.0003457905544147844
1964-10-20,0.0009249998550064182
1964-10-21,0.0009251152497970696
1964-10-22,0.00011471594798083505
1964-10-23,0.00011471594798083505
1964-10-26,0.0003441478439425052
1964-10-27,0.000925230914797073
1964-10-28,0.0009253468502298085
1964-10-29,0.0009254630563195948
1964-10-30,0.00011389459274469541
1964-11-02,0.0011533687187796746
1964-11-04,0.0002272416153319644
1964-11-05,0.0001136208076659822
1964-11-06,0.0001136208076659822
1964-11-09,0.00034086242299794666
1964-11-10,0.00092569628136644
1964-11-12,0.0018524079393339948
1964-11-13,-0.000699666825605369
1964-11-16,0.00033921971252566735
1964-11-17,-0.0006990022360421331
1964-11-18,0.000113347022587269
1964-11-19,0.000925813300772445
1964-11-20,0.00011307323750855577
1964-11-23,-0.003713338848488999
1964-11-24,0.00011444216290212182
1964-11-25,-0.0006956833536864363
1964-11-27,0.0002294318959616701
1964-11-30,-0.00046558849277671425
1964-12-01,0.00011498973305954826
1964-12-02,0.0009251152497970696
1964-12-03,0.000925230914797073
1964-12-04,0.00011444216290212182
1964-12-07,0.0011542311760340523
1964-12-08,0.0009254630563195948
1964-12-09,0.00011389459274469541
1964-12-10,0.0009255795332902836
1964-12-11,0.0001136208076659822
1964-12-14,-0.00047043225534869196
1964-12-15,-0.0006970100944336951
1964-12-16,-0.0006963465888435025
1964-12-17,0.00011444216290212182
1964-12-18,-0.0006956833536864363
1964-12-21,0.0011546628107587432
1964-12-22,0.00011444216290212182
1964-12-23,-0.0006956833536864363
1964-12-24,0.00011471594798083505
1964-12-28,0.0004588637919233402
1964-12-29,0.00011471594798083505
1964-12-30,-0.0006950203887383844
1964-12-31,-0.0006943576937761749
1965-01-04,0.0012707904094212026
1965-01-05,0.00011498973305954826
1965-01-06,0.00011498973305954826
1965-01-07,0.00011498973305954826
1965-01-08,0.00011498973305954826
1965-01-11,0.0003449691991786448
1965-01-12,0.0009251152497970696
1965-01-13,0.00011471594798083505
1965-01-14,0.00011471594798083505
1965-01-15,0.00011471594798083505
1965-01-18,0.0003441478439425052
1965-01-19,0.000925230914797073
1965-01-20,0.00011444216290212182
1965-01-21,0.0009253468502298085
1965-01-22,0.00011416837782340862
1965-01-25,-0.00046800983319668523
1965-01-26,-0.0006956833536864363
1965-01-27,0.00011471594798083505
1965-01-28,0.00011471594798083505
1965-01-29,0.00011471594798083505
1965-02-01,-0.00046558849277671425
1965-02-02,0.00011498973305954826
1965-02-03,0.00011498973305954826
1965-02-04,-0.0006943576937761749
1965-02-05,-0.0006936952685763923
1965-02-08,0.0011559593366354468
1965-02-09,0.00011526351813826146
1965-02-10,0.00011526351813826146
1965-02-11,0.00011526351813826146
1965-02-15,-0.00034790471416160784
1965-02-16,0.0009248847302014974
1965-02-17,0.00011526351813826146
1965-02-18,0.00011526351813826146
1965-02-19,-0.0006936952685763923
1965-02-23,0.0012714966398524215
1965-02-24,-0.0006936952685763923
1965-02-25,0.0009248847302014974
1965-02-26,-0.0006936952685763923
1965-03-01,0.000346611909650924
1965-03-02,-0.001500826518197363
1965-03-03,0.0009246552896558405
1965-03-04,0.0009247698751591153
1965-03-05,-0.0006930331129160538
1965-03-08,0.0003474332648870637
1965-03-09,0.00011581108829568789
1965-03-10,0.00011581108829568789
1965-03-11,0.0009247698751591153
1965-03-12,0.00011553730321697466
1965-03-15,0.0011559593366354468
1965-03-16,0.00011526351813826146
1965-03-17,0.0009249998550064182
1965-03-18,0.00011498973305954826
1965-03-19,0.00011498973305954826
1965-03-22,0.0011550947159161661
1965-03-23,0.00011471594798083505
1965-03-24,0.000925230914797073
1965-03-25,-0.0006956833536864363
1965-03-26,-0.0006950203887383844
1965-03-29,0.0003449691991786448
1965-03-30,0.00011498973305954826
1965-03-31,0.00011498973305954826
1965-04-01,0.00011498973305954826
1965-04-02,0.00011498973305954826
1965-04-05,0.0003449691991786448
1965-04-06,0.00011498973305954826
1965-04-07,0.00011498973305954826
1965-04-08,0.0009251152497970696
1965-04-09,-0.0006950203887383844
1965-04-12,0.0003449691991786448
1965-04-13,0.00011498973305954826
1965-04-14,0.0009251152497970696
1965-04-15,-0.0006950203887383844
1965-04-19,-0.0003493884945975301
1965-04-20,0.00011526351813826146
1965-04-21,0.00011526351813826146
1965-04-22,0.00011526351813826146
1965-04-23,0.00011526351813826146
1965-04-26,0.0003457905544147844
1965-04-27,0.00011526351813826146
1965-04-28,0.00011526351813826146
1965-04-29,0.00011526351813826146
1965-04-30,0.00011526351813826146
1965-05-03,0.0003457905544147844
1965-05-04,0.0009249998550064182
1965-05-05,0.00011498973305954826
1965-05-06,0.00011498973305954826
1965-05-07,0.00011498973305954826
1965-05-10,0.0003449691991786448
1965-05-11,0.00011498973305954826
1965-05-12,0.00011498973305954826
1965-05-13,-0.0006943576937761749
1965-05-14,0.00011526351813826146
1965-05-17,0.0003457905544147844
1965-05-18,-0.0006936952685763923
1965-05-19,0.00011553730321697466
1965-05-20,0.00011553730321697466
1965-05-21,0.00011553730321697466
1965-05-24,0.000346611909650924
1965-05-25,0.00011553730321697466
1965-05-26,0.00011553730321697466
1965-05-27,0.00011553730321697466
1965-05-28,-0.0006930331129160538
1965-06-01,0.00046324435318275157
1965-06-02,0.00011581108829568789
1965-06-03,0.00011581108829568789
1965-06-04,0.00011581108829568789
1965-06-07,0.0003474332648870637
1965-06-08,0.00011581108829568789
1965-06-09,0.00011581108829568789
1965-06-10,0.00011581108829568789
1965-06-11,0.00011581108829568789
1965-06-14,0.0019661273106095015
1965-06-15,0.00011526351813826146
1965-06-16,0.00011526351813826146
1965-06-17,0.00011526351813826146
1965-06-18,0.00011526351813826146
1965-06-21,0.0011555268912829412
1965-06-22,0.00011498973305954826
1965-06-23,0.00011498973305954826
1965-06-24,0.0009251152497970696
1965-06-25,0.00011471594798083505
1965-06-28,0.0003441478439425052
1965-06-29,-0.0006950203887383844
1965-06-30,0.00011498973305954826
1965-07-01,0.00011498973305954826
1965-07-02,-0.0006943576937761749
1965-07-06,0.00046105407255304584
1965-07-07,0.00011526351813826146
1965-07-08,0.0009249998550064182
1965-07-09,-0.0006943576937761749
1965-07-12,0.0003457905544147844
1965-07-13,0.00011526351813826146
1965-07-14,0.00011526351813826146
1965-07-15,0.0009249998550064182
1965-07-16,0.00011498973305954826
1965-07-19,0.0003449691991786448
1965-07-20,0.00011498973305954826
1965-07-21,0.00011498973305954826
1965-07-22,0.00011498973305954826
1965-07-23,0.00011498973305954826
1965-07-26,0.0003449691991786448
1965-07-27,0.00011498973305954826
1965-07-28,0.00011498973305954826
1965-07-29,-0.0006943576937761749
1965-07-30,-0.0006936952685763923
1965-08-02,0.000346611909650924
1965-08-03,0.00011553730321697466
1965-08-04,-0.0006930331129160538
1965-08-05,0.00011581108829568789
1965-08-06,-0.0006923712265719324
1965-08-09,0.0003482546201232033
1965-08-10,0.00011608487337440109
1965-08-11,-0.0006917096093217396
1965-08-12,0.00011635865845311431
1965-08-13,0.00011635865845311431
1965-08-16,-0.00045833094403649065
1965-08-17,-0.0006903871812127687
1965-08-18,0.0009243131481544859
1965-08-19,0.00011663244353182751
1965-08-20,0.00011663244353182751
1965-08-23,0.0003498973305954826
1965-08-24,-0.0006903871812127687
1965-08-25,0.0009243131481544859
1965-08-26,-0.0006903871812127687
1965-08-27,0.0001169062286105407
1965-08-30,0.00035071868583162215
1965-08-31,0.0001169062286105407
1965-09-01,-0.0006897263699098805
1965-09-02,0.00011718001368925394
1965-09-03,0.0009241996385819364
1965-09-07,0.0004676249144421628
1965-09-08,0.0001169062286105407
1965-09-09,0.0001169062286105407
1965-09-10,-0.0006897263699098805
1965-09-13,0.00035154004106776183
1965-09-14,0.00011718001368925394
1965-09-15,0.00011718001368925394
1965-09-16,0.0009241996385819364
1965-09-17,0.0001169062286105407
1965-09-20,0.00035071868583162215
1965-09-21,-0.0006897263699098805
1965-09-22,-0.0006890658268118596
1965-09-23,-0.0006884055516973907
1965-09-24,-0.0006877455443449686
1965-09-27,0.0003540041067761807
1965-09-28,-0.0014914008008374755
1965-09-29,-0.0022920859344847952
1965-09-30,0.0009233012067605753
1965-10-01,-0.0006844495162761428
1965-10-04,0.0011620417953984946
1965-10-05,0.001728498681357576
1965-10-06,0.0009236361126886883
1965-10-07,0.0009237482823431822
1965-10-08,-0.0006870858045332404
1965-10-11,0.0011602985903513957
1965-10-13,0.001041862088463764
1965-10-14,-0.0006877455443449686
1965-10-15,-0.0022949436199874236
1965-10-18,0.0003564681724845996
1965-10-19,-0.0006851081881331454
1965-10-20,-0.0006844495162761428
1965-10-21,-0.0006837911108566908
1965-10-22,0.0009231901050608071
1965-10-25,-0.0012474424201284011
1965-10-26,0.00011991786447638603
1965-10-27,-0.0006824750984506932
1965-10-28,-0.0006818174910248935
1965-10-29,-0.0006811601491576345
1965-11-01,-0.00123950007716412
1965-11-03,0.00024257357973990416
1965-11-04,0.00012128678986995208
1965-11-05,0.00012128678986995208
1965-11-08,-0.0012363268516649044
1965-11-09,-0.001476824461936476
1965-11-10,0.0009220937058959432
1965-11-12,0.0018451685066481175
1965-11-15,-0.0004354122829984028
1965-11-16,0.0009223108647608149
1965-11-17,-0.0006785334328957334
1965-11-18,0.00012183436002737851
1965-11-19,-0.0006778774155383666
1965-11-22,0.0011664184433081463
1965-11-23,0.00012183436002737851
1965-11-24,0.00012183436002737851
1965-11-26,0.00024366872005475703
1965-11-29,-0.0004342086954836095
1965-11-30,-0.0014757872695053526
1965-12-01,-0.0030670320720397985
1965-12-02,0.00012375085557837098
1965-12-03,0.00012375085557837098
1965-12-06,-0.006774741916225221
1965-12-07,0.0017157475847675112
1965-12-08,-0.0006687208195174939
1965-12-09,0.00012594113620807666
1965-12-10,0.00012594113620807666
1965-12-13,-0.0035846575466148265
1965-12-14,-0.001456180367154172
1965-12-15,0.00012785763175906912
1965-12-16,0.0009199799649565751
1965-12-17,0.0009200831684138248
1965-12-20,0.0035579618905615925
1965-12-21,-0.0022524116596844726
1965-12-22,-0.0006654630450677881
1965-12-23,0.00012731006160164273
1965-12-27,0.002890132669693502
1965-12-28,0.0009204985857785586
1965-12-29,-0.0006674169276035739
1965-12-30,-0.0006667653729284641
1965-12-31,-0.0014582353703188407
1966-01-03,0.0019684375629758096
1966-01-04,-0.0014582353703188407
1966-01-05,0.001713817439772524
1966-01-06,0.0025099238748494857
1966-01-07,0.00012594113620807666
1966-01-10,-0.0004161864706454908
1966-01-11,0.0009206030920771699
1966-01-12,0.0033095490943963967
1966-01-13,-0.0014654442926784529
1966-01-14,-0.000669373157186309
1966-01-17,-0.0012110169211531191
1966-01-18,0.00012621492128678987
1966-01-19,0.00012621492128678987
1966-01-20,0.0009206030920771699
1966-01-21,0.0009207078595887467
1966-01-24,-0.000417386117258767
1966-01-25,-0.0006680687430616441
1966-01-26,0.00012621492128678987
1966-01-27,-0.0014602924545940314
1966-01-28,-0.0014582353703188407
1966-01-31,-0.002782033723291854
1966-02-01,0.00012840520191649557
1966-02-02,-0.0006622117741049106
1966-02-03,0.00012867898699520875
1966-02-04,-0.0006615622979769055
1966-02-07,-0.0011921222659534963
1966-02-08,0.0009193661951529489
1966-02-09,-0.0014490041954264457
1966-02-10,-0.003020692868597889
1966-02-11,-0.0061461609182624135
1966-02-14,-0.00038508664357677274
1966-02-15,-0.00065056063568916
1966-02-16,-0.0006499157865547104
1966-02-17,0.0009177748726531673
1966-02-18,-0.0014326963080075474
1966-02-21,-0.0011623576545959642
1966-02-23,0.0002694045174537988
1966-02-24,-0.0006473389384491613
1966-02-25,-0.0029872705645984693
1966-02-28,-0.0034853822939490383
1966-03-01,0.0009165300802774018
1966-03-02,0.000916624312407352
1966-03-03,0.00013689253935660506
1966-03-04,0.001697281342549808
1966-03-07,0.0019708993207396283
1966-03-08,0.002481917945820647
1966-03-09,0.00013497604380561257
1966-03-10,-0.001427626932649129
1966-03-11,-0.0006454089723689933
1966-03-14,0.001970734248935794
1966-03-15,0.0024835914045401547
1966-03-16,0.0009175805697514097
1966-03-17,0.003272694488812394
1966-03-18,0.001703820341145936
1966-03-21,0.002757028588947543
1966-03-22,0.0024945435914580294
1966-03-23,0.0040783072025044826
1966-03-24,-0.0022355966836852766
1966-03-25,-0.004586405603860188
1966-03-28,0.0011823918004861369
1966-03-29,0.0009185623115702297
1966-03-30,0.00803745906752656
1966-03-31,-0.0006615622979769055
1966-04-01,0.0009195697482375858
1966-04-04,0.00117702988726881
1966-04-05,0.002504769087969943
1966-04-06,-0.003823607002642671
1966-04-07,-0.0014500278101013402
1966-04-11,0.0005180013689253936
1966-04-12,0.0001295003422313484
1966-04-13,-0.0006596154218822408
1966-04-14,-0.0014469585149605657
1966-04-15,-0.000657670869754799
1966-04-18,0.001180153156101503
1966-04-19,0.000130321697467488
1966-04-20,-0.0030171573306193183
1966-04-21,0.0024953914543951383
1966-04-22,0.00013059548254620122
1966-04-25,-0.0003958322360663827
1966-04-26,-0.0006563757899325054
1966-04-27,0.0009187617365496608
1966-04-28,0.00013086926762491445
1966-04-29,-0.0006563757899325054
1966-05-02,-0.00039344253045745116
1966-05-03,-0.0006550817387436733
1966-05-04,0.00013169062286105406
1966-05-05,0.00013169062286105406
1966-05-06,0.001706179967769258
1966-05-09,0.0035483858651616474
1966-05-10,0.0001300479123887748
1966-05-11,-0.0014459364483204594
1966-05-12,0.00013059548254620122
1966-05-13,0.00013059548254620122
1966-05-16,0.0003917864476386036
1966-05-17,0.0017080769242300224
1966-05-18,0.0001300479123887748
1966-05-19,0.0001300479123887748
1966-05-20,0.0001300479123887748
1966-05-23,-0.0011858406235429099
1966-05-24,-0.0014438938601056396
1966-05-25,0.0009187617365496608
1966-05-26,-0.0014428733376838261
1966-05-27,-0.0006550817387436733
1966-05-31,0.0013136341801533921
1966-06-01,0.0009186618954808415
1966-06-02,0.0017071274156735573
1966-06-03,-0.0006570232011587851
1966-06-06,-0.0003946372546826765
1966-06-07,-0.0014418533291552323
1966-06-08,-0.0014398148520880134
1966-06-09,0.0001322381930184805
1966-06-10,0.0001322381930184805
1966-06-13,0.0003967145790554415
1966-06-14,0.0001322381930184805
1966-06-15,0.003281210726804904
1966-06-16,-0.0014418533291552323
1966-06-17,0.0009185623115702297
1966-06-20,0.0035477096311755615
1966-06-21,0.000919062804823526
1966-06-22,-0.0006583187959327076
1966-06-23,-0.000657670869754799
1966-06-24,-0.0022300164942945263
1966-06-27,-0.0019630057727138338
1966-06-28,-0.004568872365930053
1966-06-29,-0.0006492711924728611
1966-06-30,-0.005329747474696032
1966-07-01,-0.001423580571612562
1966-07-05,0.0028892697388495665
1966-07-06,0.0009170992685926939
1966-07-07,0.00013552361396303902
1966-07-08,-0.0014256027386034909
1966-07-11,-0.00426188804600239
1966-07-12,-0.001417526199738546
1966-07-13,-0.0014155121077684006
1966-07-14,-0.0021885554186272154
1966-07-15,0.0009157852977062319
1966-07-18,0.004307991910102436
1966-07-19,0.0009163423734643772
1966-07-20,0.0009164361006989165
1966-07-21,-0.0014185340006876448
1966-07-22,0.0016954313358167243
1966-07-25,0.002751796072157432
1966-07-26,0.00013661875427789185
1966-07-27,0.00013661875427789185
1966-07-28,-0.0029767924388203653
1966-07-29,-0.001417526199738546
1966-08-01,0.00041478439425051333
1966-08-02,0.0009162488983671023
1966-08-03,-0.0014165189022364748
1966-08-04,-0.0006383519138784509
1966-08-05,0.00013880903490759753
1966-08-08,-0.0003600938052910126
1966-08-09,-0.001412494738444974
1966-08-10,0.00013963039014373716
1966-08-11,-0.0006357932645963958
1966-08-12,0.0001399041752224504
1966-08-15,-0.002676136581415407
1966-08-16,-0.0021776141403364066
1966-08-17,-0.004482322389170781
1966-08-18,-0.0037009581279053927
1966-08-19,-0.0013914988839161728
1966-08-22,0.0019739134352413927
1966-08-23,-0.002924942873462039
1966-08-24,-0.0021531706252860463
1966-08-25,-0.002149119992699775
1966-08-26,-0.0067110123577650725
1966-08-29,-0.0018329149530410304
1966-08-30,0.002437076146398715
1966-08-31,0.009346229131890241
1966-09-01,0.004757881966981212
1966-09-02,0.0055424644400670405
1966-09-06,0.0036627855252584643
1966-09-07,-0.0006300509372868859
1966-09-08,0.0016881117948861033
1966-09-09,0.0009150565727425713
1966-09-12,-0.00034823149286394476
1966-09-13,0.0016890197295626195
1966-09-14,-0.003717623889674138
1966-09-15,-0.0029386819235255874
1966-09-16,0.0009144320281179018
1966-09-19,-0.0057119929886042505
1966-09-20,0.0039936867008269926
1966-09-21,0.004774953064893175
1966-09-22,0.004786400821004592
1966-09-23,-0.0014054717393973148
1966-09-26,0.00042464065708418887
1966-09-27,0.0032403130171366748
1966-09-28,0.0032450638659144737
1966-09-29,0.007937494655258864
1966-09-30,-0.002199544830104922
1966-10-03,-0.0042467786767621364
1966-10-04,0.0016935894040951917
1966-10-05,0.0009161556752002233
1966-10-06,0.0016949700968891662
1966-10-07,0.0009164361006989165
1966-10-10,-0.0019205379210977798
1966-10-11,0.0001382614647501711
1966-10-13,-0.0012772506430182295
1966-10-14,0.0009160627037570091
1966-10-17,0.0019715798618932805
1966-10-18,0.004037103834229416
1966-10-19,-0.0006428392335558744
1966-10-20,-0.0014205511145794817
1966-10-21,0.0063907476346561
1966-10-24,0.00040574948665297747
1966-10-25,0.00013524982888432583
1966-10-26,-0.0014266145820363402
1966-10-27,-0.002203678333359258
1966-10-28,0.0016977451090638017
1966-10-31,0.00040821355236139625
1966-11-01,-0.001423580571612562
1966-11-02,-0.0037533032544962417
1966-11-03,-0.0014165189022364748
1966-11-04,-0.0037385679520677007
1966-11-07,0.0004197125256673512
1966-11-09,-0.0004952500537871646
1966-11-10,-0.003725986551030954
1966-11-14,-0.0009788290039523969
1966-11-15,-0.0014014695734807343
1966-11-16,-0.000628777604908796
1966-11-17,-0.0006281413111816724
1966-11-18,0.0009146092272210432
1966-11-21,0.004294912029705768
1966-11-22,-0.0021748863046548157
1966-11-23,-0.0014004702752359508
1966-11-25,-0.00048522550009337675
1966-11-28,0.003519595929091455
1966-11-29,0.0032379435978596165
1966-11-30,0.0024661715305806945
1966-12-01,0.0024686396775426816
1966-12-02,0.0048094583821993225
1966-12-05,-0.001918616298778337
1966-12-06,-0.0006383519138784509
1966-12-07,0.00013880903490759753
1966-12-08,-0.0021885554186272154
1966-12-09,0.004027717456181067
1966-12-12,0.009799062081392829
1966-12-13,0.005627391299376174
1966-12-14,0.0024903158456965097
1966-12-15,0.005650762011750566
1966-12-16,-0.0014449148968434446
1966-12-19,0.005131775854148708
1966-12-20,0.0025022022301443734
1966-12-21,0.002504769087969943
1966-12-22,-0.0014551536449176855
1966-12-23,0.0009198770214242163
1966-12-27,-0.0026495268292167887
1966-12-28,0.005679045196283532
1966-12-29,-0.0014572076088119666
1966-12-30,0.001713336207437036
1967-01-03,-0.003446803923397248
1967-01-04,0.0032983947026507614
1967-01-05,0.001713817439772524
1967-01-06,-0.0006661140788213066
1967-01-09,-0.005150536506790726
1967-01-10,0.001710937847785198
1967-01-11,0.012077919002020468
1967-01-12,-0.0006719851243026438
1967-01-13,0.003315782628899908
1967-01-16,0.0019675637486986993
1967-01-17,-0.0014726788561974192
1967-01-18,-0.0014706092129670124
1967-01-19,-0.0038516873023243235
1967-01-20,-0.0014633819905982962
1967-01-23,0.00037782340862423
1967-01-24,-0.00383653981903098
1967-01-25,0.002508202484888574
1967-01-26,0.009704490067186027
1967-01-27,0.0025211895457728853
1967-01-30,-0.0004318023129760185
1967-01-31,-0.0030670320720397985
1967-02-01,0.00012375085557837098
1967-02-02,0.0009215554292379076
1967-02-03,-0.0006739468529502817
1967-02-06,-0.00042579096959168293
1967-02-07,-0.0006726387712714056
1967-02-08,0.0001242984257357974
1967-02-09,0.0009213419622070477
1967-02-10,-0.004644548155922292
1967-02-14,-0.0034616977811916722
1967-02-15,-0.0038279127529660365
1967-02-16,0.0017118956329539774
1967-02-17,-0.0006635115037847246
1967-02-20,-0.0011968389233228773
1967-02-21,-0.0006615622979769055
1967-02-23,-0.002109438644039071
1967-02-24,0.0009192648066829598
1967-02-27,0.0011783668796156456
1967-02-28,0.00012922655715263517
1967-03-01,0.004881933356084039
1967-03-02,0.002507342963749769
1967-03-03,0.0009203943404778926
1967-03-06,0.001173475998509565
1967-03-07,0.0009206030920771699
1967-03-08,-0.0006680687430616441
1967-03-09,0.0033083055358479672
1967-03-10,-0.000670025756283582
1967-03-13,0.00196798781410106
1967-03-14,0.0025159734582348584
1967-03-15,0.003318283405031864
1967-03-16,0.003323297616666726
1967-03-17,-0.001476824461936476
1967-03-20,0.001967333014157507
1967-03-21,-0.0046649653558527215
1967-03-22,-0.0006739468529502817
1967-03-23,0.001720121040230296
1967-03-27,-0.0011020339153780083
1967-03-28,0.00012375085557837098
1967-03-29,0.00012375085557837098
1967-03-30,0.001720121040230296
1967-03-31,0.00012320328542094456
1967-04-03,0.00036960985626283366
1967-04-04,0.000921769948903657
1967-04-05,-0.000675255986396116
1967-04-06,0.000921769948903657
1967-04-07,0.000921877604017678
1967-04-10,-0.001228403036543619
1967-04-11,-0.0006746012880939254
1967-04-12,0.00012347707049965777
1967-04-13,-0.0022665100095504796
1967-04-14,-0.0014675086879083314
1967-04-17,-0.003595495704265235
1967-04-18,-0.0014602924545940314
1967-04-19,0.00012676249144421629
1967-04-20,0.00012676249144421629
1967-04-21,-0.002249601383048167
1967-04-24,-0.0011999859515569736
1967-04-25,-0.002242589326248178
1967-04-26,-0.0014500278101013402
1967-04-27,0.0001295003422313484
1967-04-28,-0.0038085775902563773
1967-05-01,0.0011806003702384265
1967-05-02,0.0017080769242300224
1967-05-03,0.0001300479123887748
1967-05-04,-0.0006583187959327076
1967-05-05,-0.000657670869754799
1967-05-08,-0.004322705283220594
1967-05-09,-0.0030048152785113443
1967-05-10,0.00013333333333333334
1967-05-11,0.0024894726058927205
1967-05-12,0.001704762652227024
1967-05-15,-0.002742646540553367
1967-05-16,-0.0006512057400860131
1967-05-17,-0.00065056063568916
1967-05-18,0.00013360711841204652
1967-05-19,-0.0006499157865547104
1967-05-22,-0.0035066990373579065
1967-05-23,0.00013524982888432583
1967-05-24,0.0009172910261997117
1967-05-25,0.0009173872862224139
1967-05-26,0.004842496681890435
1967-05-29,0.0019699394376551764
1967-05-31,0.002624516610850349
1967-06-01,0.00013169062286105406
1967-06-02,-0.0006544350983583786
1967-06-05,-0.0019591297808043235
1967-06-06,0.0009181665432852634
1967-06-07,0.00013251197809719368
1967-06-08,-0.0014367609801361875
1967-06-09,-0.002217506100557393
1967-06-12,-0.0035066990373579065
1967-06-13,-0.0006460520405276553
1967-06-14,-0.005315489268313124
1967-06-15,0.00013744010951403148
1967-06-16,-0.0037469805876771734
1967-06-19,0.00041642710472279264
1967-06-20,-0.005281449399642601
1967-06-21,0.00014072553045859
1967-06-22,0.0009154189346020352
1967-06-23,-0.0006338769084791537
1967-06-26,-0.0011250224652326762
1967-06-27,-0.003717623889674138
1967-06-28,0.0024612554929032762
1967-06-29,-0.0014024693686118942
1967-06-30,-0.0014004702752359508
1967-07-03,0.00042874743326488707
1967-07-05,0.004151996218617472
1967-07-06,0.004794062601847305
1967-07-07,-0.002955944931860308
1967-07-10,-0.0003506019563648231
1967-07-11,0.005574315466295174
1967-07-12,0.00247111459876396
1967-07-13,-0.0014145058159217285
1967-07-14,0.00013908281998631074
1967-07-17,-0.0003589064474664366
1967-07-18,-0.005275800642368365
1967-07-19,-0.0014044704511623884
1967-07-20,-0.0014024693686118942
1967-07-21,0.00014236824093086928
1967-07-24,-0.0018860636622871144
1967-07-25,0.0001431895961670089
1967-07-26,0.0001431895961670089
1967-07-27,0.002459622797516177
1967-07-28,0.0016881117948861033
1967-07-31,0.001972661071109505
1967-08-01,-0.0014044704511623884
1967-08-02,-0.002173523506028049
1967-08-03,0.0009147874192843695
1967-08-04,-0.004477432194204831
1967-08-07,-0.002642065711843381
1967-08-08,0.0016836019429030658
1967-08-09,0.0009141680877100852
1967-08-10,-0.0006249635590397565
1967-08-11,-0.0006243287504915521
1967-08-14,0.0004344969199178645
1967-08-15,0.00014483230663928816
1967-08-16,0.0009140806022957097
1967-08-17,0.00014455852156057496
1967-08-18,0.00014455852156057496
1967-08-21,-0.0011033766853250928
1967-08-22,0.00014510609171800137
1967-08-23,-0.0006230598736572464
1967-08-24,0.00014537987679671456
1967-08-25,-0.0006224258049676385
1967-08-28,0.0027436198455763152
1967-08-29,0.001684050698204556
1967-08-30,-0.0006249635590397565
1967-08-31,0.0009141680877100852
1967-09-01,0.001684949692565297
1967-09-05,0.002889204584858855
1967-09-06,0.0016872058526463006
1967-09-07,0.00014236824093086928
1967-09-08,-0.004477432194204831
1967-09-11,-0.0011064629948187672
1967-09-12,-0.0006243287504915521
1967-09-13,0.001684050698204556
1967-09-14,-0.0006249635590397565
1967-09-15,-0.0006243287504915521
1967-09-18,-0.00033402957548607845
1967-09-19,-0.0036885106670433454
1967-09-20,0.0009135608702349738
1967-09-21,-0.0013865320457320262
1967-09-22,0.00014674880219028063
1967-09-25,-0.0010910511446525727
1967-09-26,0.0009133043254081474
1967-09-27,0.00014702258726899384
1967-09-28,0.0009133895948716638
1967-09-29,0.00398756388627436
1967-10-02,-0.0026307582140214893
1967-10-03,0.00014647501711156742
1967-10-04,-0.0013855401521716945
1967-10-05,0.00014702258726899384
1967-10-06,0.00014702258726899384
1967-10-09,-0.0010895126613774068
1967-10-10,-0.0021450759699784727
1967-10-11,0.0001483915126625599
1967-10-13,-0.001992647028267887
1967-10-16,-0.0010772223879396232
1967-10-17,-0.0013736755679491512
1967-10-18,-0.002131643424595421
1967-10-19,-0.0006091669296493385
1967-10-20,0.0009120545968742957
1967-10-23,-0.0025835337665331363
1967-10-24,0.00015222450376454482
1967-10-25,-0.0006066535871596769
1967-10-26,-0.0006060258551222838
1967-10-27,0.0009116501649774548
1967-10-30,-0.0018159531595097122
1967-10-31,-0.0028722952122923816
1967-11-01,-0.004371333221967423
1967-11-02,-0.0005978872018978323
1967-11-03,-0.0028538366317616176
1967-11-06,-0.0010314094785057572
1967-11-08,0.0025746260536966816
1967-11-09,-0.002848822485467705
1967-11-10,-0.003590504511535743
1967-11-13,-0.0025145977838916963
1967-11-14,0.004663384055114355
1967-11-15,0.0024135529787954325
1967-11-16,0.004679787476948869
1967-11-17,-0.0021010233720148504
1967-11-20,-0.007018183867765246
1967-11-21,0.010715066953930454
1967-11-22,0.0009106268055613744
1967-11-24,-0.00569978948892089
1967-11-27,0.0019791308685469917
1967-11-28,0.008474128762888444
1967-11-29,-0.0013560096009577582
1967-11-30,-0.005114979221120491
1967-12-01,-0.002848822485467705
1967-12-04,0.0019791308685469917
1967-12-05,0.001663486774372917
1967-12-06,0.003930371307277551
1967-12-07,-0.0013521049673387486
1967-12-08,-0.0005972628265951586
1967-12-11,-0.0010359713718945103
1967-12-12,-0.000595391129733229
1967-12-13,0.0031731980691978275
1967-12-14,0.0009106268055613744
1967-12-15,-0.0005978872018978323
1967-12-18,0.0027339846739115746
1967-12-19,0.0016669116659578376
1967-12-20,0.0031833982221380606
1967-12-21,-0.0013589430996215532
1967-12-22,-0.003618803806560498
1967-12-26,0.004405148074277844
1967-12-27,0.0001544147843942505
1967-12-28,-0.004371333221967423
1967-12-29,0.00015605749486652978
1968-01-02,0.005921495952278124
1968-01-03,0.0001541409993155373
1968-01-04,0.009286016511787702
1968-01-05,0.002437076146398715
1968-01-08,-0.001072621572436677
1968-01-09,-0.0013707203755407927
1968-01-10,0.0047278287263420316
1968-01-11,0.00014948665297741273
1968-01-12,0.0024410600347159767
1968-01-15,-0.004124288731583757
1968-01-16,-0.002131643424595421
1968-01-17,0.003199420061702049
1968-01-18,-0.00516703198628683
1968-01-19,-0.002880723791662772
1968-01-22,-0.0010557891978171408
1968-01-23,0.003949740380032622
1968-01-24,0.00015222450376454482
1968-01-25,0.0031948230470278524
1968-01-26,-0.0006091669296493385
1968-01-29,0.00045420944558521566
1968-01-30,0.0001514031485284052
1968-01-31,-0.0006085382314815303
1968-02-01,-0.0028824123945018977
1968-02-02,0.00015277207392197127
1968-02-05,-0.0010573170013194815
1968-02-06,-0.0006041441044646478
1968-02-07,0.0016699335838998577
1968-02-08,-0.0006047711139712223
1968-02-09,0.0009114900822573611
1968-02-13,0.0036505230391377106
1968-02-14,0.0009118920988274431
1968-02-15,0.0024346945667435985
1968-02-16,0.0009122180638159124
1968-02-19,-0.0018291405899644475
1968-02-20,-0.0006085382314815303
1968-02-21,0.0001516769336071184
1968-02-23,-0.0012151099658030508
1968-02-26,-0.0010603740525981563
1968-02-27,0.00015277207392197127
1968-02-28,0.0009116501649774548
1968-02-29,0.0009117305680944781
1968-03-01,0.00015222450376454482
1968-03-04,-0.0003022045796305872
1968-03-05,-0.0013638418638020951
1968-03-06,-0.0013618809158185098
1968-03-07,-0.004378478030202347
1968-03-08,-0.005865053809100419
1968-03-11,0.00047227926078028754
1968-03-12,-0.002847153001523603
1968-03-13,-0.005082414145390257
1968-03-14,-0.0065498405390385156
1968-03-15,0.00840620842330361
1968-03-18,0.0064971648786510475
1968-03-19,-0.0005941445207581577
1968-03-20,0.003170941882399583
1968-03-21,-0.002099700674744775
1968-03-22,0.001663486774372917
1968-03-25,0.00047145790554414785
1968-03-26,-0.002848822485467705
1968-03-27,0.00015824777549623546
1968-03-28,0.00015824777549623546
1968-03-29,0.0016626353175545209
1968-04-01,0.009549762367023571
1968-04-02,0.001668635593938745
1968-04-03,0.010055942717777658
1968-04-04,-0.002131643424595421
1968-04-05,0.00015112936344969198
1968-04-08,-0.0010664939432632982
1968-04-10,0.0010636501604449585
1968-04-11,-0.0006085382314815303
1968-04-15,-0.003940168750846555
1968-04-16,-0.0013609011633745648
1968-04-17,0.00015386721423682408
1968-04-18,-0.0013589430996215532
1968-04-19,-0.008871709594921251
1968-04-22,-0.0010298897972309035
1968-04-23,0.00392445230269052
1968-04-24,0.0009104729567725409
1968-04-25,0.0001566050650239562
1968-04-26,0.0009105497619179593
1968-04-29,-0.0010374929541692919
1968-04-30,-0.0005960147907068055
1968-05-01,0.0009103963899308265
1968-05-02,-0.002099700674744775
1968-05-03,-0.002845484465368918
1968-05-06,0.0019793764522683835
1968-05-07,-0.0005928988611231198
1968-05-08,-0.0005922763868251307
1968-05-09,0.00090994198240166
1968-05-10,0.00015852156057494867
1968-05-13,0.000475564681724846
1968-05-14,-0.002091779435077449
1968-05-15,-0.0020878283960322846
1968-05-16,-0.003576441824390916
1968-05-17,-0.001331730276772275
1968-05-20,-0.0024947546256615647
1968-05-21,-0.004295917657648332
1968-05-22,0.00016481861738535248
1968-05-23,0.0031430589969719414
1968-05-24,0.0016542247532531896
1968-05-27,0.003476049058528486
1968-05-28,-0.001329800670791339
1968-05-29,-0.0005829675754587968
1968-05-31,0.007064116840400222
1968-06-03,0.005739300971840628
1968-06-04,0.0009100171234910096
1968-06-05,-0.002093097865542412
1968-06-06,-0.0013404367588476956
1968-06-07,0.0009097179800542993
1968-06-10,0.001979623933121994
1968-06-11,0.00090994198240166
1968-06-12,0.001662210301923156
1968-06-13,0.0009101681172881031
1968-06-14,0.0031720694991938547
1968-06-17,0.0012237598919658717
1968-06-18,0.00015633127994524296
1968-06-19,0.0031777218968645662
1968-06-20,0.0039407755882648315
1968-06-21,0.0016695004394167456
1968-06-24,-0.0002975048163058524
1968-06-25,-0.0021156202389342087
1968-06-26,0.0001544147843942505
1968-06-27,-0.0006016384689860316
1968-06-28,0.0009110940867841773
1968-07-01,0.001977465162727246
1968-07-02,0.0031879565759180533
1968-07-03,0.0009116501649774548
1968-07-05,0.001064228856937736
1968-07-08,0.00273755949180611
1968-07-09,0.0016734161135560882
1968-07-10,-0.0006097958698430467
1968-07-11,0.00015112936344969198
1968-07-12,-0.0006091669296493385
1968-07-15,-0.0018234844894369365
1968-07-16,-0.0006066535871596769
1968-07-17,0.0016716709826313232
1968-07-18,-0.0006072815604339535
1968-07-19,0.00243311048427702
1968-07-22,0.006559302945757445
1968-07-23,0.005508715871693231
1968-07-24,-0.0006179942069276241
1968-07-25,0.0016795853288487728
1968-07-26,-0.0013835578359153945
1968-07-29,-0.0010864371632878583
1968-07-30,0.00014811772758384668
1968-07-31,0.001678698152903453
1968-08-01,0.0009132193011556592
1968-08-02,0.0032156324272997515
1968-08-05,-0.0018594172149275223
1968-08-06,-0.0006186265563267276
1968-08-07,0.0016800296522535905
1968-08-08,-0.0006192591507364133
1968-08-09,-0.0013835578359153945
1968-08-12,-0.001849935655125632
1968-08-13,-0.0006154672554357825
1968-08-14,0.00014866529774127307
1968-08-15,-0.001377622625242515
1968-08-16,0.0024418590060831372
1968-08-19,-0.00031868423011066274
1968-08-20,0.00014866529774127307
1968-08-21,-0.002139694193716442
1968-08-22,-0.0028959559930145052
1968-08-23,0.002437871463583725
1968-08-26,0.0012120687868341937
1968-08-27,0.00014948665297741273
1968-08-28,0.0009126309804860249
1968-08-29,0.0016769296732575827
1968-08-30,0.000912881652251081
1968-09-03,0.001358140235649291
1968-09-04,-0.0013795990756475922
1968-09-05,-0.002139694193716442
1968-09-06,-0.0013746616028270312
1968-09-09,-0.00031161569828817875
1968-09-10,-0.0013717049547022474
1968-09-11,0.0009122180638159124
1968-09-12,0.0009123001611171373
1968-09-13,0.0009123825012362844
1968-09-16,0.001975676885422292
1968-09-17,0.00014948665297741273
1968-09-18,0.003206344761437264
1968-09-19,-0.0006154672554357825
1968-09-20,-0.001377622625242515
1968-09-23,0.0004476386036960986
1968-09-24,0.0009127142938626996
1968-09-25,0.0001489390828199863
1968-09-26,-0.0006142052445558585
1968-09-27,-0.0006135746046345763
1968-09-30,-0.0018366922251680903
1968-10-01,0.00015030800821355238
1968-10-02,0.00015030800821355238
1968-10-03,-0.0006110544770992739
1968-10-04,-0.0013707203755407927
1968-10-07,-0.0018253691311910605
1968-10-08,-0.0013658047385320174
1968-10-09,-0.0021209497371962286
1968-10-10,-0.0006041441044646478
1968-10-11,0.0001535934291581109
1968-10-14,-0.00029633047709244913
1968-10-15,-0.0021142896648052084
1968-10-16,0.002426017985598205
1968-10-17,0.0031879565759180533
1968-10-18,0.0009116501649774548
1968-10-21,-0.00030102927743576774
1968-10-22,0.00015277207392197127
1968-10-23,0.00015277207392197127
1968-10-24,-0.002119616281193494
1968-10-25,0.000911410402261024
1968-10-28,-0.0002975048163058524
1968-10-29,-0.0006035173354086709
1968-10-30,-0.0006028908066075248
1968-10-31,0.0016690677762271281
1968-11-01,0.0001535934291581109
1968-11-04,-0.001052735033123205
1968-11-06,0.001065392763328518
1968-11-07,-0.0006028908066075248
1968-11-08,-0.0013579647875293418
1968-11-12,-0.0016462365456583747
1968-11-13,0.0016669116659578376
1968-11-14,0.00015496235455167694
1968-11-15,-0.0013550327256973396
1968-11-18,-0.001795301449129099
1968-11-19,-0.002102346782448563
1968-11-20,0.00015715263518138262
1968-11-21,0.0009103963899308265
1968-11-22,-0.0005960147907068055
1968-11-25,-0.00028108585937046377
1968-11-26,-0.0005947677064814884
1968-11-27,0.00015770020533880904
1968-11-29,-0.0011875900025697123
1968-12-02,-0.007749474747967503
1968-12-03,-0.005055458092552842
1968-12-04,0.0009087718192542393
1968-12-05,0.0016554743449036886
1968-12-06,0.0016563097480111711
1968-12-09,-0.0002612111441758921
1968-12-10,-0.0005842056957618951
1968-12-11,0.0001623545516769336
1968-12-12,-0.0005835865185733847
1968-12-13,0.0009089147992428203
1968-12-16,-0.0017486864998864499
1968-12-17,-0.0005817303906906762
1968-12-18,-0.002068168387335652
1968-12-19,-0.005025995322450593
1968-12-20,-0.00500734853816752
1968-12-23,-0.006119836955466025
1968-12-24,-0.00276811830660167
1968-12-26,0.007723826115360788
1968-12-27,-0.0020421992971542628
1968-12-30,-0.00022746309712981308
1968-12-31,0.003862013423048412
1969-01-02,0.009247105208761862
1969-01-03,0.0023959530066143047
1969-01-06,-0.001733862687679168
1969-01-07,-0.007225340504479274
1969-01-08,0.0038720310596609625
1969-01-09,0.0038792211811478614
1969-01-10,0.0009082092394658749
1969-01-13,-0.0002472227844946105
1969-01-14,0.00016536618754277893
1969-01-15,0.001651738179156401
1969-01-16,0.0031430589969719414
1969-01-17,0.0009086297748008952
1969-01-20,0.001981540199893061
1969-01-21,-0.001326909771975217
1969-01-22,-0.0042935841388040295
1969-01-23,0.0009082787466657004
1969-01-24,0.0009083484864223222
1969-01-27,-0.0009920509086887453
1969-01-28,-0.001319221228994671
1969-01-29,-0.0027975057594561707
1969-01-30,-0.003528661688233276
1969-01-31,-0.0035187914084217607
1969-02-03,-0.0017006716607036424
1969-02-04,0.001644378596364385
1969-02-05,0.0009071285984145039
1969-02-06,-0.0005675695181970486
1969-02-07,0.00460421543761599
1969-02-10,0.000504312114989733
1969-02-11,0.0031298831294283773
1969-02-13,0.0010748059674115672
1969-02-14,-0.0013134743195765781
1969-02-17,-0.0017153955770163969
1969-02-18,-0.00130869792932031
1969-02-19,-0.0027795114280510175
1969-02-20,-0.002038327763578968
1969-02-21,-0.0005651191975898818
1969-02-24,0.0019852538503269132
1969-02-25,-0.001301079598107396
1969-02-26,0.00017084188911704312
1969-02-27,-0.0020331753185177047
1969-02-28,0.0009066743273487154
1969-03-03,0.0012495174560688941
1969-03-04,0.0009068029759473791
1969-03-05,0.00017084188911704312
1969-03-06,-0.0012991795915500096
1969-03-07,-0.0005632838564194832
1969-03-10,0.0005149897330595482
1969-03-11,-0.0020293181650739432
1969-03-12,-0.0005608399244123293
1969-03-13,-0.0005602295097442583
1969-03-14,0.0009063566938712808
1969-03-17,-0.002409635504937856
1969-03-18,0.00017385352498288842
1969-03-19,0.0023728144897777258
1969-03-20,0.0009063566938712808
1969-03-21,0.0016407546328457208
1969-03-24,0.0012509682200570764
1969-03-25,-0.0012953850491887542
1969-03-26,-0.0012934905074803936
1969-03-27,-0.000559619322041072
1969-03-28,0.002374287374198359
1969-04-01,0.004366670132372815
1969-04-02,0.00017111567419575633
1969-04-03,-0.0005638954086766412
1969-04-07,-0.0007831130317388005
1969-04-08,0.002377981529897042
1969-04-09,0.00459538276789479
1969-04-10,0.0009071944102732899
1969-04-11,0.002385421268436429
1969-04-14,0.007181381548084779
1969-04-15,-0.00353459766664746
1969-04-16,0.0009077291848161211
1969-04-17,-0.0020512569657750316
1969-04-18,-0.0020473709702119327
1969-04-21,0.001984118398866996
1969-04-22,0.0016476310579127383
1969-04-23,0.0001675564681724846
1969-04-24,-0.001310607103238904
1969-04-25,-0.0005706375769868394
1969-04-28,-0.002444387030990627
1969-04-29,-0.0013039330354884405
1969-04-30,0.0009070630159253933
1969-05-01,-0.003506984908119818
1969-05-02,0.0016431664965783292
1969-05-05,0.0034612248450822244
1969-05-06,-0.0020396175881505964
1969-05-07,0.0001702943189596167
1969-05-08,0.001644378596364385
1969-05-09,-0.002038327763578968
1969-05-12,-0.00242698209852501
1969-05-13,0.0016423607169376462
1969-05-14,0.0009068029759473791
1969-05-15,-0.0012991795915500096
1969-05-16,-0.0034952194936812924
1969-05-19,-0.003139929453545511
1969-05-20,0.00017412731006160166
1969-05-21,0.00017412731006160166
1969-05-22,0.00017412731006160166
1969-05-23,-0.0012878177649286997
1969-05-26,-0.0038497476211697096
1969-05-27,-0.007079962858422123
1969-05-28,-0.0012708967964835667
1969-05-29,0.00017960301163586582
1969-06-02,0.0007184120465434633
1969-06-03,0.0009049106978625181
1969-06-04,-0.000545647226745149
1969-06-05,0.001630880627217124
1969-06-06,0.0016316602164459387
1969-06-09,-0.004532327564556049
1969-06-10,0.0023553510606001125
1969-06-11,0.00017960301163586582
1969-06-12,0.001630880627217124
1969-06-13,0.00235895730530671
1969-06-16,0.0019893011234981468
1969-06-17,-0.002001218965130978
1969-06-18,-0.0005474629489168185
1969-06-19,-0.0027197934282463692
1969-06-20,-0.0012680907158122794
1969-06-23,-0.00018238064568019665
1969-06-24,-0.001987291326562586
1969-06-25,0.00018151950718685832
1969-06-26,0.0009045132321128107
1969-06-27,-0.002705452993359248
1969-06-30,-0.004488596235273793
1969-07-01,-0.001253192223566548
1969-07-02,-0.0012513378334900705
1969-07-03,0.0016228020817151039
1969-07-07,2.0821407286732107e-05
1969-07-08,-0.001967176183501543
1969-07-09,-0.0019634233419530793
1969-07-10,0.0030576962090301182
1969-07-11,0.010298010918697082
1969-07-14,-0.0030580599610241757
1969-07-15,-0.0019759557816237464
1969-07-16,0.003790708095479423
1969-07-17,-0.0012587659273186945
1969-07-18,-0.0005372002678859449
1969-07-22,0.0036204427568395318
1969-07-23,-0.0012596964178047147
1969-07-24,-0.0012578358773845221
1969-07-25,-0.0005365985702110406
1969-07-28,-0.0008876287917085774
1969-07-29,0.0009039642383660933
1969-07-30,0.0001839835728952772
1969-07-31,0.004514018497170519
1969-08-01,0.00018234086242299797
1969-08-04,0.0027150120754340103
1969-08-05,0.002352478088496324
1969-08-06,-0.0012652886322533545
1969-08-07,-0.0005414183243300408
1969-08-08,-0.0005408150822285243
1969-08-11,-0.0030580599610241757
1969-08-12,-0.0005372002678859449
1969-08-13,0.00018343600273785078
1969-08-14,0.0016254732848635127
1969-08-15,0.00018288843258042436
1969-08-18,0.0019920173137640117
1969-08-19,0.0009043462161015637
1969-08-20,-0.0005396092613481438
1969-08-21,-0.0012596964178047147
1969-08-22,-0.001977212642595186
1969-08-25,-0.00016857751682422545
1969-08-26,-0.0026896030621259342
1969-08-27,-0.001967176183501543
1969-08-28,-0.002678560282791153
1969-08-29,0.0001869952087611225
1969-09-02,-0.0021112836789608865
1969-09-03,-0.0047997437128861065
1969-09-04,-0.0012338080552409517
1969-09-05,-0.0019422679923138159
1969-09-08,-0.002264492353913298
1969-09-09,-0.0005168648687421535
1969-09-10,0.0016126990316652047
1969-09-11,-0.0019348460382639327
1969-09-12,-0.001931143734393659
1969-09-15,-0.00012621574085583582
1969-09-16,-0.003336573844310424
1969-09-17,0.000195482546201232
1969-09-18,-0.008930511621903971
1969-09-19,-0.0005026599271960677
1969-09-22,0.0020026123830797276
1969-09-23,0.00019876796714579054
1969-09-24,-0.0005032493677886662
1969-09-25,-0.0019041687219186437
1969-09-26,-0.0067793348512008265
1969-09-29,-0.0028740223500767254
1969-09-30,-0.003963003836974246
1969-10-01,-0.0004885759866759796
1969-10-02,0.005080424468330485
1969-10-03,0.0050938315588281045
1969-10-06,0.002704651551872518
1969-10-07,0.0030042496509803005
1969-10-08,0.0016029087318033728
1969-10-09,-0.0005014816760341246
1969-10-10,0.005828600301953703
1969-10-14,0.009279499017234568
1969-10-15,-0.0012191669356058559
1969-10-16,0.005869567477202587
1969-10-17,0.003747440150399711
1969-10-20,0.012031554405963357
1969-10-21,0.004495402562035959
1969-10-22,-0.0019659245815048716
1969-10-23,-0.006952176529344582
1969-10-24,0.000188911704312115
1969-10-27,-0.0015718897593749559
1969-10-28,-0.00478457111199835
1969-10-29,0.0001916495550992471
1969-10-30,0.0030392741986272754
1969-10-31,0.0016156596165195077
1969-11-03,0.00342539732043792
1969-11-05,-0.004603238924355372
1969-11-06,-0.002650360010126719
1969-11-07,0.0016138060240258657
1969-11-10,0.0005741273100616017
1969-11-12,-0.004578076880539846
1969-11-13,-0.004047350260782517
1969-11-14,0.003027148294856977
1969-11-17,-0.002950761018554197
1969-11-18,-0.006137103804035475
1969-11-19,-0.0019102724724143622
1969-11-20,-0.00400601957734539
1969-11-21,0.0023052394147467367
1969-11-24,0.001299963946956548
1969-11-25,-0.0005026599271960677
1969-11-26,-0.0012028258295616317
1969-11-28,0.0011011124490040406
1969-12-01,0.0005987679671457906
1969-12-02,-0.003997376451363419
1969-12-03,-0.0025917348905533343
1969-12-04,0.003000312773784111
1969-12-05,0.00020123203285420943
1969-12-08,-0.0028859421346471487
1969-12-09,-0.006745397398438545
1969-12-10,-0.006022764545407244
1969-12-11,-0.0018654745244989462
1969-12-12,0.0015920450246303284
1969-12-15,-0.0014481222142245147
1969-12-16,-0.005983194516853443
1969-12-17,-0.002535808556024503
1969-12-18,-0.003213872707749241
1969-12-19,0.0015855817653416394
1969-12-22,0.0027002158437975585
1969-12-23,-0.0038973047406367905
1969-12-24,-0.004565729794899363
1969-12-26,0.0017989205078407454
1969-12-29,-0.011557273366468538
1969-12-30,0.005663704477914005
1969-12-31,0.006366402016407728
1970-01-02,0.0017989800273038553
1970-01-05,-0.0007206957474658192
1970-01-06,-0.00522997676220369
1970-01-07,-0.001821516203140717
1970-01-08,0.002260915553482705
1970-01-09,0.007055310905815532
1970-01-12,0.0033854346307223807
1970-01-13,0.0008993683401979924
1970-01-14,-0.00320490014770035
1970-01-15,0.0008992464895260898
1970-01-16,0.007085821065919477
1970-01-19,0.004770161544000467
1970-01-20,-0.0018535121343409384
1970-01-21,0.002278175901037831
1970-01-22,0.0015896467435779426
1970-01-23,-0.0011678837374286437
1970-01-26,-0.0007450272189495388
1970-01-27,0.0008997200713798605
1970-01-28,0.00021081451060917178
1970-01-29,-0.004594571773736157
1970-01-30,0.0015869302772734337
1970-02-02,0.007538136809681463
1970-02-03,0.0050557138534213005
1970-02-04,0.00576595816260887
1970-02-05,0.0036871641029969215
1970-02-06,0.006496550960754443
1970-02-09,0.006218078182933741
1970-02-10,-0.0026024427921214465
1970-02-11,-0.0004997158718256366
1970-02-13,0.01310554745151929
1970-02-16,-0.00082310133109152
1970-02-17,0.0016079465608669174
1970-02-18,0.0023160862536504134
1970-02-19,0.0023181381654474933
1970-02-20,-0.0019262162923306299
1970-02-24,-0.0006325395564066496
1970-02-25,0.007288734904194628
1970-02-26,0.007318167653245146
1970-02-27,0.003045383631183984
1970-03-02,-0.0029944031138634604
1970-03-03,-0.0026534795609953086
1970-03-04,0.00161454616850811
1970-03-05,-0.0005204352853902437
1970-03-06,0.0016149168866600775
1970-03-09,-0.0015611591627450274
1970-03-10,-0.0033552902405730826
1970-03-11,-0.004756895101161192
1970-03-12,-0.003332843338597058
1970-03-13,-0.0047269087426459605
1970-03-16,-0.00010912572781732537
1970-03-17,-0.008191807161972523
1970-03-18,0.005815066547067896
1970-03-19,0.015074210799307028
1970-03-20,0.0009022609761754211
1970-03-23,0.0012888920420832427
1970-03-24,0.002322948379415032
1970-03-25,0.004463621211054712
1970-03-26,-0.00123197190934836
1970-03-30,-0.004198662690701169
1970-03-31,-0.001931143734393659
1970-04-01,0.003031176542371948
1970-04-02,-0.002639468594115296
1970-04-03,-0.00404297808081854
1970-04-06,-0.001529106256104881
1970-04-07,-0.0005085638138655157
1970-04-08,0.0009017631673829158
1970-04-09,-0.0005085638138655157
1970-04-10,0.0009017631673829158
1970-04-13,-0.001523784212772678
1970-04-14,-0.0012100716480389535
1970-04-15,-0.0033124011989707704
1970-04-16,-0.004699608054890016
1970-04-17,-0.003986600735919546
1970-04-20,-0.0021789094725490833
1970-04-21,-0.003965142802982833
1970-04-22,-0.007399946180972463
1970-04-23,-0.0018630771560117175
1970-04-24,-0.005294924334584708
1970-04-27,-0.0007407249508915842
1970-04-28,-0.00321746877310707
1970-04-29,0.0008994618417453056
1970-04-30,-0.002526844596486031
1970-05-01,-0.0018380519085096996
1970-05-04,-0.005487088275567628
1970-05-05,0.0015812435630966199
1970-05-06,0.004319302826462665
1970-05-07,0.0029550444869852143
1970-05-08,0.0029588269519999436
1970-05-11,-0.002100835014008276
1970-05-12,-0.0011546101928000682
1970-05-13,-0.00046940391583963933
1970-05-14,-0.0004688263851694648
1970-05-15,0.002269171197084453
1970-05-18,0.002699838214068518
1970-05-19,0.0002135523613963039
1970-05-20,-0.0032066926511069584
1970-05-21,-0.0031977401530909905
1970-05-22,-0.005901992525376034
1970-05-25,-0.010143744225334428
1970-05-26,-0.004487448410244641
1970-05-27,0.013802567817478342
1970-05-28,0.0029400429738723768
1970-05-29,0.0022615470085522896
1970-06-01,0.008180754625639719
1970-06-02,0.004331725971681064
1970-06-03,0.001586592543168882
1970-06-04,-0.0025298293572354885
1970-06-05,-0.005251523222389905
1970-06-08,-3.5609711718764514e-05
1970-06-09,0.0008991572094532568
1970-06-10,0.0008991867690421561
1970-06-11,-0.003194166156024692
1970-06-12,-0.0038638512220797437
1970-06-15,0.0006554414784394251
1970-06-16,0.007736234414130834
1970-06-17,-0.0018321328203074292
1970-06-18,0.000216290212183436
1970-06-19,0.000216290212183436
1970-06-22,0.003383855321971817
1970-06-23,0.0050163081011744826
1970-06-24,0.00365029596532805
1970-06-25,-0.001161678099284729
1970-06-26,-0.0011599087033294711
1970-06-29,0.0020126021256466372
1970-06-30,0.005726373623773145
1970-07-01,0.002972167570780737
1970-07-02,0.006448418678500078
1970-07-06,0.004997536401389819
1970-07-07,0.0022932294593693285
1970-07-08,-0.0018811173886342733
1970-07-09,0.0002050650239561944
1970-07-10,-0.0032627619904084275
1970-07-13,-7.395598797974484e-05
1970-07-14,0.0015944633711059667
1970-07-15,0.0029866387023036838
1970-07-16,0.0022932294593693285
1970-07-17,0.0009006112073202193
1970-07-20,-8.414598755598812e-05
1970-07-21,0.0009006112073202193
1970-07-22,0.0015979531826542457
1970-07-23,0.007908137651812752
1970-07-24,-0.0011992129980120116
1970-07-27,-0.0007954925966934189
1970-07-28,-0.0032865677364194226
1970-07-29,0.0015993607116827871
1970-07-30,0.0009008838233369464
1970-07-31,0.00020205338809034908
1970-08-03,-9.208313173614293e-05
1970-08-04,-0.0004956029770084786
1970-08-05,-0.0011920073828346916
1970-08-06,-0.0004938434319328518
1970-08-07,-0.0011893121410564789
1970-08-10,-0.0028621284679663473
1970-08-11,-0.0025689265190805546
1970-08-12,-0.0011794614319348981
1970-08-13,-0.0011776757472819397
1970-08-14,-0.005998377081111873
1970-08-17,-0.00212331444187425
1970-08-18,0.002278823652213394
1970-08-19,0.0022807705696704437
1970-08-20,0.0008999222700913901
1970-08-21,0.002976008487670669
1970-08-24,0.008969243263633322
1970-08-25,0.0015969018956655502
1970-08-26,0.0009006112073202193
1970-08-27,-0.0018823250097458179
1970-08-28,-0.0004903299412431427
1970-08-31,0.0006151950718685833
1970-09-01,0.0015965522953320967
1970-09-02,-0.0004909150056624287
1970-09-03,0.00020479123887748118
1970-09-04,0.0009005351845137123
1970-09-08,-0.0012663580258003926
1970-09-09,-0.0025689265190805546
1970-09-10,0.0015948104937279933
1970-09-11,0.0015955059756799389
1970-09-14,0.002006880726847116
1970-09-15,0.0015969018956655502
1970-09-16,0.004391802796436263
1970-09-17,0.005806077671304144
1970-09-18,0.000901166650319011
1970-09-21,0.0020031825168820862
1970-09-22,0.0009012910019148403
1970-09-23,0.003011171483948403
1970-09-24,-0.0012064453723809449
1970-09-25,-0.0012046347607164386
1970-09-28,-0.001504318786773246
1970-09-29,0.0009012078910676445
1970-09-30,0.0009012493415433972
1970-10-01,0.0001995893223819302
1970-10-02,0.0023065864043309344
1970-10-05,0.0005963039014373716
1970-10-06,0.0016046984630346582
1970-10-07,0.0009015024581044488
1970-10-08,-0.0012073513092475663
1970-10-09,0.00019849418206707733
1970-10-13,0.0007939767282683093
1970-10-14,-0.0033068481915553886
1970-10-15,0.00019986310746064338
1970-10-16,-0.0005008928651282634
1970-10-19,-0.0021975748944196047
1970-10-20,-0.0011965077656894293
1970-10-21,-0.0032847303119050266
1970-10-22,-0.002581067799907886
1970-10-23,0.0015976023389946482
1970-10-26,0.0006110882956878851
1970-10-27,0.0015983044414200206
1970-10-28,0.0029973688914900687
1970-10-29,0.005107310124846104
1970-10-30,-0.0012001155778946053
1970-11-02,0.0069286679631226115
1970-11-04,0.001099722855092813
1970-11-05,0.0023106425381598373
1970-11-06,0.0037262207943917916
1970-11-09,0.006965446726854977
1970-11-10,0.00019329226557152635
1970-11-12,0.0025155515452286374
1970-11-13,0.0023243285099165457
1970-11-16,0.0034225733088257696
1970-11-17,0.0023291792964880357
1970-11-18,0.005195691925595949
1970-11-19,0.010263415197794577
1970-11-20,0.01764563906654947
1970-11-23,0.012259585489597807
1970-11-24,-0.009298940701248338
1970-11-25,-0.0020063036220634915
1970-11-27,0.0003548254620123204
1970-11-30,-0.00019506157462037332
1970-12-01,0.0009053190799025516
1970-12-02,0.005287153960375639
1970-12-03,0.00750862964847877
1970-12-04,0.007539679083602038
1970-12-07,-0.0038979542848391847
1970-12-08,-0.0012963330018581976
1970-12-09,-0.003489352131343854
1970-12-10,0.00017357973990417521
1970-12-11,0.0023735505912653135
1970-12-14,0.004193316922831878
1970-12-15,-0.0020306032001533004
1970-12-16,0.00017221081451060917
1970-12-17,-0.000561450566229929
1970-12-18,-0.002025467149614464
1970-12-21,-0.008223475739953589
1970-12-22,-0.004907490015251107
1970-12-23,-0.0034447059617035577
1970-12-24,0.003083753399039211
1970-12-28,-1.05125160929253e-05
1970-12-29,-0.0012708967964835667
1970-12-30,0.0038127638740480616
1970-12-31,0.0009052012818076532
1971-01-04,0.0036250298006476537
1971-01-05,-0.0005511004229512499
1971-01-06,0.00017713894592744694
1971-01-07,0.0016344028669819485
1971-01-08,0.0009055573660845531
1971-01-11,0.004182128429591965
1971-01-12,0.003102859355530614
1971-01-13,0.004577820504349774
1971-01-14,0.005326723561668976
1971-01-15,0.0001702943189596167
1971-01-18,0.004941266870106576
1971-01-19,-0.0005694096644311643
1971-01-20,0.0016464079349736954
1971-01-21,0.00461308265221894
1971-01-22,0.0023921760418182626
1971-01-25,0.0012398984373818516
1971-01-26,-0.0013173037406118719
1971-01-27,-0.001315388105141273
1971-01-28,0.0009078651852152719
1971-01-29,-0.0005743268433986045
1971-02-01,0.0005002053388090348
1971-02-02,-0.0013134743195765781
1971-02-03,0.0001672826830937714
1971-02-04,0.0009077291848161211
1971-02-05,0.0001670088980150582
1971-02-08,0.0012418148654266253
1971-02-09,0.001649678828175877
1971-02-10,-0.0005749425293747311
1971-02-11,0.00016646132785763177
1971-02-16,-0.001388005774441223
1971-02-17,0.0001672826830937714
1971-02-18,0.0001672826830937714
1971-02-19,-0.0005724811721503724
1971-02-22,-0.0017135526751914597
1971-02-23,-0.0020447837563529465
1971-02-24,0.0016460011482847402
1971-02-25,0.003869163110919386
1971-02-26,-0.00204996094320394
1971-03-01,0.00198383913457256
1971-03-02,0.002389918212331079
1971-03-03,0.0031353568261422234
1971-03-04,0.0001656399726214921
1971-03-05,0.0016513253802437672
1971-03-08,0.0034721406980875945
1971-03-09,0.006889829543330425
1971-03-10,0.007669396117357253
1971-03-11,0.008459751149508981
1971-03-12,-0.002104995745132659
1971-03-15,0.001978405531133681
1971-03-16,0.0016660525771947739
1971-03-17,0.005457715925852358
1971-03-18,0.00471108839581556
1971-03-19,0.003195970845382867
1971-03-22,0.007330426444432199
1971-03-23,0.0032109807540631244
1971-03-24,-0.002146423244123224
1971-03-25,-0.0013795990756475922
1971-03-26,-0.00366169254462831
1971-03-29,-0.0041095201335893256
1971-03-30,0.0031971196134185286
1971-03-31,-0.0021303041765489785
1971-04-01,-0.003641203068162407
1971-04-02,-0.0013628611491634242
1971-04-05,-0.0018103122444916634
1971-04-06,0.002427589035958085
1971-04-07,0.0016703672100693478
1971-04-08,-0.002875663760214969
1971-04-12,-0.0076700543416704
1971-04-13,0.0009104729567725409
1971-04-14,-0.003602604285338027
1971-04-15,-0.002094417005694639
1971-04-16,-0.001341406502408234
1971-04-19,-0.004010048116225993
1971-04-20,-0.0065430865749372185
1971-04-21,-0.005034011094213713
1971-04-22,0.001651738179156401
1971-04-23,0.0009083484864223222
1971-04-26,0.0012375081235382098
1971-04-27,0.00016427104722792606
1971-04-28,0.0009084886643625271
1971-04-29,-0.005767721749852472
1971-04-30,-0.0005749425293747311
1971-05-03,-0.004671768514945006
1971-05-04,-0.007184999352647161
1971-05-05,-0.0005638954086766412
1971-05-06,-0.0012972814095622092
1971-05-07,0.002377981529897042
1971-05-10,0.0027224375844800684
1971-05-11,-0.0027697431548365506
1971-05-12,-0.00641634293012031
1971-05-13,-0.00856153983642547
1971-05-14,-0.001277459916912984
1971-05-17,-0.005264047700863201
1971-05-18,-0.005596110098851629
1971-05-19,0.0038003225334363494
1971-05-20,0.008180848726532918
1971-05-21,-0.002726190055457167
1971-05-24,0.0034455373395017724
1971-05-25,0.003822503018902644
1971-05-26,0.005295436792035953
1971-05-27,0.0016383591503967882
1971-05-28,-0.0020190623900348393
1971-06-01,0.002161986131020657
1971-06-02,0.00900218020233822
1971-06-03,0.003857737413385173
1971-06-04,-0.004975566152507525
1971-06-07,-0.0053442967962887625
1971-06-08,-0.0027503049756371907
1971-06-09,-0.004199097381607766
1971-06-10,-0.0027342059275017707
1971-06-11,-0.0012765209879896165
1971-06-14,-0.008860508282235518
1971-06-15,-0.007012165288991131
1971-06-16,0.003789339024079961
1971-06-17,0.00018288843258042436
1971-06-18,0.007425925573273344
1971-06-21,0.004170292495906855
1971-06-22,-0.006328081726099194
1971-06-23,0.0009045693469271225
1971-06-24,0.0001809719370294319
1971-06-25,-0.0005420217877771561
1971-06-28,-0.0009009313481710447
1971-06-29,-0.001982246689420066
1971-06-30,-0.00197847016332784
1971-07-01,0.0009041266210960685
1971-07-02,0.00018316221765913757
1971-07-06,0.001453667841965721
1971-07-07,0.001626240448603163
1971-07-08,-0.0005390066822123617
1971-07-09,-0.000538404323708844
1971-07-12,0.006337839598179782
1971-07-13,-0.0005426254727489866
1971-07-14,0.0009046256834451261
1971-07-15,0.0009046822418456609
1971-07-16,-0.0048712727652632515
1971-07-19,-0.0030531370454770414
1971-07-20,0.0009040722734799467
1971-07-21,0.00018343600273785078
1971-07-22,-0.00627325751907072
1971-07-23,-0.003393045125648356
1971-07-26,-0.0008684767168328967
1971-07-27,-0.0033797817632417876
1971-07-28,-0.0026597289889536916
1971-07-29,0.0051916992632355385
1971-07-30,0.0023347619531186156
1971-08-02,-0.00015251383874568587
1971-08-03,-0.0033797817632417876
1971-08-04,0.0016175240031282444
1971-08-05,0.0023340618433028933
1971-08-06,0.00018781656399726216
1971-08-09,-0.0008655367814044364
1971-08-10,-0.0005258054473203735
1971-08-11,0.0023340618433028933
1971-08-12,0.004490353124191113
1971-08-13,0.008838213583916189
1971-08-16,0.020255630212683666
1971-08-17,0.00824562227974161
1971-08-18,-0.0034873986110814355
1971-08-19,0.0009061688410504114
1971-08-20,-0.0020203419845669303
1971-08-23,-0.0074806061585341675
1971-08-24,0.007487030302907369
1971-08-25,-0.001285930468491111
1971-08-26,0.002369144184730104
1971-08-27,0.0031050002747416688
1971-08-30,0.0012529057590110414
1971-08-31,0.003110368460263414
1971-09-01,0.004590099689402958
1971-09-02,0.003860586938104951
1971-09-03,0.0038677308684765214
1971-09-07,0.0043775730376483975
1971-09-08,-0.0005749425293747311
1971-09-09,-0.0035306391949589374
1971-09-10,0.0009075941086201111
1971-09-13,-0.005393612442595962
1971-09-14,0.001645188954102901
1971-09-15,0.0009072604516875183
1971-09-16,0.0023861690299558716
1971-09-17,0.000907526916629736
1971-09-20,-0.0009739917796624798
1971-09-21,-0.0013077440323319383
1971-09-22,-0.0013058376164330264
1971-09-23,-0.0005675695181970486
1971-09-24,0.0031233451837074325
1971-09-27,0.0027242206993533745
1971-09-28,0.0009075941086201111
1971-09-29,0.0031320698302615873
1971-09-30,0.006117391898380939
1971-10-01,0.00016427104722792606
1971-10-04,0.0019819361241766925
1971-10-05,-0.0020668633317884135
1971-10-06,0.0023982275597892806
1971-10-07,0.0009086297748008952
1971-10-08,0.0024012700991782334
1971-10-12,0.005138590376036471
1971-10-13,0.0016584064750616997
1971-10-14,-0.0013355951187024016
1971-10-15,-0.0013336617583914587
1971-10-18,-0.00324336589935394
1971-10-19,-0.0005823488662278845
1971-10-20,0.0031496972447023395
1971-10-21,0.003154141489346071
1971-10-22,-0.0013336617583914587
1971-10-26,0.0013938031612410636
1971-10-27,-0.002078634036417375
1971-10-28,0.0016567281533106733
1971-10-29,0.0024066216006167996
1971-11-01,0.0057376815348036975
1971-11-03,0.006346283756010757
1971-11-04,0.0001566050650239562
1971-11-05,0.0001566050650239562
1971-11-08,-0.0032893941552901147
1971-11-09,0.00015797399041752222
1971-11-10,-0.003592518182686377
1971-11-11,0.0024127799876820528
1971-11-12,0.001662210301923156
1971-11-15,0.0004739219712525667
1971-11-16,0.0009101681172881031
1971-11-17,0.0009102439703824832
1971-11-18,-0.0013462623190259489
1971-11-19,-0.0013443185710739012
1971-11-22,-0.001774736313927552
1971-11-23,-0.005074310074002865
1971-11-24,-0.004312291422187255
1971-11-26,0.0010717453140459284
1971-11-29,-0.00025771090194750315
1971-11-30,0.0016554743449036886
1971-12-01,0.0009089866405384176
1971-12-02,0.0016567281533106733
1971-12-03,0.001657566373310649
1971-12-06,0.00048295687885010265
1971-12-07,-0.0028255356789626236
1971-12-08,0.0001620807665982204
1971-12-09,-0.001329800670791339
1971-12-10,0.0009089147992428203
1971-12-13,0.002729032977448957
1971-12-14,-0.00282222404632861
1971-12-15,-0.001327872937400459
1971-12-16,0.0009087718192542393
1971-12-17,0.0016554743449036886
1971-12-20,-0.0024925545143030642
1971-12-21,-0.002068168387335652
1971-12-22,-0.0005792588216830143
1971-12-23,0.0031441630340354933
1971-12-27,0.005135641910199153
1971-12-28,0.003905346771665356
1971-12-29,-0.0028288510628561372
1971-12-30,0.000161533196440794
1971-12-31,0.0009092035719186816
1972-01-03,-0.0032459130333186187
1972-01-04,0.0009089147992428203
1972-01-05,0.0016563097480111711
1972-01-06,0.0009091310266854647
1972-01-07,0.001657566373310649
1972-01-10,0.0019803777276284347
1972-01-11,-0.0013355951187024016
1972-01-12,0.00016098562628336755
1972-01-13,0.0016584064750616997
1972-01-14,0.0009094961050432329
1972-01-17,-0.0025101816213389436
1972-01-18,-0.002078634036417375
1972-01-19,-0.0028189161588580056
1972-01-20,-0.0013259470735571125
1972-01-21,-0.00058049413993779
1972-01-24,-0.0017375644501783746
1972-01-25,0.00016481861738535248
1972-01-26,0.0009083484864223222
1972-01-27,-0.0028040768487401953
1972-01-28,-0.002057747461832642
1972-01-31,-0.00024140418768334103
1972-02-01,0.00016673511293634495
1972-02-02,0.0009078651852152719
1972-02-03,0.00016646132785763177
1972-02-04,0.00016646132785763177
1972-02-07,-0.00024140418768334103
1972-02-08,-0.0013134743195765781
1972-02-09,-0.0005724811721503724
1972-02-10,0.0009076615312865017
1972-02-11,-0.0005724811721503724
1972-02-14,0.0019835617156843356
1972-02-15,0.0001670088980150582
1972-02-16,0.0016492683491702766
1972-02-17,0.0016500897704096371
1972-02-18,0.00016591375770020532
1972-02-22,0.0006636550308008213
1972-02-23,-0.0005755584467772184
1972-02-24,0.00016618754277891856
1972-02-25,0.0009080021113197789
1972-02-28,0.001982740561467001
1972-02-29,0.00016536618754277893
1972-03-01,0.00016536618754277893
1972-03-02,0.0009082092394658749
1972-03-03,0.0009082787466657004
1972-03-06,0.0012379857211930274
1972-03-07,-0.0005786415117689781
1972-03-08,0.00016481861738535248
1972-03-09,0.00016481861738535248
1972-03-10,-0.0005780244344118924
1972-03-13,-0.00247060464626602
1972-03-14,0.0009080021113197789
1972-03-15,-0.00353459766664746
1972-03-16,0.0023906701276953865
1972-03-17,0.00016646132785763177
1972-03-20,-0.00024140418768334103
1972-03-21,0.0009078651852152719
1972-03-22,0.00016646132785763177
1972-03-23,-0.0013144309813084155
1972-03-24,-0.0013125181195707378
1972-03-27,0.0019835617156843356
1972-03-28,-0.0005730961649740241
1972-03-29,-0.0005724811721503724
1972-03-30,0.0001675564681724846
1972-04-03,-0.0008079376987214502
1972-04-04,-0.00278277484503772
1972-04-05,0.00016919917864476384
1972-04-06,0.00016919917864476384
1972-04-07,0.00016919917864476384
1972-04-10,0.0012456588089770461
1972-04-11,-0.0005687960528595206
1972-04-12,-0.0020409080991568504
1972-04-13,-0.002771368915351792
1972-04-14,0.00017111567419575633
1972-04-17,0.0012490343243388917
1972-04-18,0.00017084188911704312
1972-04-19,0.0016435700720928265
1972-04-20,0.0009069976626197494
1972-04-21,0.0009070630159253933
1972-04-24,-0.00022746309712981308
1972-04-25,0.0001700205338809035
1972-04-26,0.0016447835458643482
1972-04-27,0.0060902555457385925
1972-04-28,-0.00204996094320394
1972-05-01,0.000504312114989733
1972-05-02,-0.00130869792932031
1972-05-03,-0.0005694096644311643
1972-05-04,0.00016892539356605065
1972-05-05,0.00016892539356605065
1972-05-08,0.000506776180698152
1972-05-09,-0.0020421992971542628
1972-05-10,0.0009071285984145039
1972-05-11,0.00016947296372347707
1972-05-12,0.0023846741972602657
1972-05-15,0.0005059548254620123
1972-05-16,0.00016865160848733744
1972-05-17,0.000907393223928465
1972-05-18,0.001647222889414018
1972-05-19,0.002389166990679896
1972-05-22,0.0027254405333665293
1972-05-23,0.001650501176247644
1972-05-24,-0.0005761745957937589
1972-05-25,0.0016509130460665906
1972-05-26,0.00016536618754277893
1972-05-30,-8.069241398449875e-05
1972-05-31,0.0001656399726214921
1972-06-01,-0.0013173037406118719
1972-06-02,-0.001315388105141273
1972-06-05,-0.0002402411627882657
1972-06-06,-0.0020512569657750316
1972-06-07,0.0009075941086201111
1972-06-08,0.0001675564681724846
1972-06-09,0.0009076615312865017
1972-06-12,0.0012422945510036638
1972-06-13,0.0001670088980150582
1972-06-14,0.0001670088980150582
1972-06-15,0.0001670088980150582
1972-06-16,0.0001670088980150582
1972-06-19,0.0019832861452003933
1972-06-20,0.00016646132785763177
1972-06-21,-0.0005743268433986045
1972-06-22,-0.0013134743195765781
1972-06-23,0.0009077291848161211
1972-06-26,-0.0009785003235406214
1972-06-27,0.0001675564681724846
1972-06-28,0.0001675564681724846
1972-06-29,-0.001310607103238904
1972-06-30,-0.0005706375769868394
1972-07-03,0.0012442156019455298
1972-07-05,0.001075630954959647
1972-07-06,0.00016783025325119781
1972-07-07,0.00016783025325119781
1972-07-10,0.0005034907597535935
1972-07-11,0.00016783025325119781
1972-07-12,0.0009075941086201111
1972-07-13,0.0009076615312865017
1972-07-14,0.0009077291848161211
1972-07-17,-0.00023907836894390772
1972-07-18,0.0001672826830937714
1972-07-19,0.0016488583330166765
1972-07-20,0.00016673511293634495
1972-07-21,-0.0005737113886609556
1972-07-24,0.0005010266940451745
1972-07-25,0.000907797069396509
1972-07-26,0.0009078651852152719
1972-07-27,-0.0035306391949589374
1972-07-28,0.0009075941086201111
1972-07-31,0.0005026694045174539
1972-08-01,-0.001310607103238904
1972-08-02,0.000168104038329911
1972-08-03,-0.0005706375769868394
1972-08-04,-0.0005700235057447482
1972-08-07,0.0005059548254620123
1972-08-08,0.000907393223928465
1972-08-09,0.0009074599551282813
1972-08-10,0.000168104038329911
1972-08-11,0.000168104038329911
1972-08-14,-0.0009724898526604879
1972-08-15,-0.0005694096644311643
1972-08-16,-0.0005687960528595206
1972-08-17,-0.0013048850967774463
1972-08-18,-0.0005669565947341936
1972-08-21,0.0005100616016427105
1972-08-22,0.0009070630159253933
1972-08-23,-0.0013029814321945455
1972-08-24,-0.0005657314346161154
1972-08-25,-0.0020344624029099067
1972-08-28,-0.0024204703096441234
1972-08-29,-0.002756769850814845
1972-08-30,-0.0056634356878185
1972-08-31,0.0001757700205338809
1972-09-01,-0.0005535298877571341
1972-09-05,-0.0014807185643196592
1972-09-06,-0.0020050314509881388
1972-09-07,-0.002001218965130978
1972-09-08,-0.0027213912487314604
1972-09-11,0.0019900866504888558
1972-09-12,0.00017905544147843943
1972-09-13,0.00017905544147843943
1972-09-14,-0.001994878214087699
1972-09-15,0.0009048532501369985
1972-09-18,0.0012641167211342496
1972-09-19,0.00017932922655715264
1972-09-20,-0.000545647226745149
1972-09-21,-0.0019923465882772736
1972-09-22,-0.0019885541445968
1972-09-25,0.0005437371663244353
1972-09-26,0.0016285525501270916
1972-09-27,0.0009046822418456609
1972-09-28,0.0023553510606001125
1972-09-29,0.001630880627217124
1972-10-02,0.0005371663244353183
1972-10-03,0.00017905544147843943
1972-10-04,0.0009050262618365149
1972-10-05,0.0001787816563997262
1972-10-06,0.0009050843784450937
1972-10-10,0.0036245550343997628
1972-10-11,0.000905378314927248
1972-10-12,-0.002003759951502885
1972-10-13,0.0001779603011635866
1972-10-16,0.001261180671250397
1972-10-17,0.00017768651608487338
1972-10-18,0.00017768651608487338
1972-10-19,0.0009053190799025516
1972-10-20,0.000905378314927248
1972-10-24,0.0021658197047642897
1972-10-25,0.0009055573660845531
1972-10-26,0.0016355850190616587
1972-10-27,0.0001757700205338809
1972-10-30,0.0005273100616016426
1972-10-31,0.0009057384401830978
1972-11-01,0.0016367712235718073
1972-11-02,0.003836511687615963
1972-11-03,0.0031082184588055975
1972-11-06,0.0027214710163759722
1972-11-08,-0.0018576549207207607
1972-11-09,0.00017248459958932238
1972-11-10,0.00017248459958932238
1972-11-13,0.0027214710163759722
1972-11-14,0.0009066743273487154
1972-11-15,0.002379463981665168
1972-11-16,-0.0005651191975898818
1972-11-17,0.00017084188911704312
1972-11-20,0.0012485514210504361
1972-11-21,-0.0020344624029099067
1972-11-22,-0.0005632838564194832
1972-11-24,0.00034332648870636544
1972-11-27,-0.001685991676367578
1972-11-28,0.0009064830645248666
1972-11-29,0.0016415567633461235
1972-11-30,-0.0005626725320492576
1972-12-01,-0.000562061435380646
1972-12-04,-0.0002170289372087106
1972-12-05,-0.0005608399244123293
1972-12-06,0.00017275838466803556
1972-12-07,0.00017275838466803556
1972-12-08,-0.0005602295097442583
1972-12-11,-0.0009455334419989891
1972-12-12,-0.0005583996267961969
1972-12-13,0.00017385352498288842
1972-12-14,0.00017385352498288842
1972-12-15,0.00017385352498288842
1972-12-18,-0.0016713553400690626
1972-12-19,-0.001285930468491111
1972-12-20,0.00017522245037645447
1972-12-21,0.00017522245037645447
1972-12-22,0.00017522245037645447
1972-12-26,0.0014315276336619867
1972-12-27,-0.0005553543477333972
1972-12-28,-0.0005547459691512994
1972-12-29,0.0001754962354551677
1973-01-02,-0.0007566141990518169
1973-01-03,0.0009056778570758486
1973-01-04,0.001636375371190719
1973-01-05,-0.0012840449760505373
1973-01-08,-0.00020198984668937233
1973-01-09,0.0009056778570758486
1973-01-10,-0.0005535298877571341
1973-01-11,0.0001760438056125941
1973-01-12,-0.0005529221845807057
1973-01-15,0.000528952772073922
1973-01-16,0.0001763175906913073
1973-01-17,-0.0005523147061754152
1973-01-18,-0.0005517074523594978
1973-01-19,-0.0020050314509881388
1973-01-22,-0.0001939076471902615
1973-01-23,0.00163322475750857
1973-01-24,-0.0005498870366326937
1973-01-25,-0.0012755825064318916
1973-01-26,-0.001273706883967289
1973-01-29,-0.000914269733830944
1973-01-30,0.002358234717521735
1973-01-31,-0.0012727697423381911
1973-02-01,-0.004162843661391602
1973-02-02,-0.00270863355567658
1973-02-05,0.0005453798767967146
1973-02-06,0.00018179329226557153
1973-02-07,0.00018179329226557153
1973-02-08,-0.001261558721855968
1973-02-09,0.0023503303505880146
1973-02-13,0.0021727246141098073
1973-02-14,-0.0005420217877771561
1973-02-15,0.00018124572210814508
1973-02-16,-0.0005414183243300408
1973-02-20,-0.0014389483329670053
1973-02-21,0.00018234086242299797
1973-02-22,0.0009043462161015637
1973-02-23,0.0030753549405339135
1973-02-26,-0.0023450989584843226
1973-02-27,0.0009044016668787148
1973-02-28,0.00018179329226557153
1973-03-01,-0.0005402120612940555
1973-03-02,-0.0012606273491984705
1973-03-05,-0.00017317502870542171
1973-03-06,0.00018288843258042436
1973-03-07,0.001626240448603163
1973-03-08,-0.0005390066822123617
1973-03-09,-0.000538404323708844
1973-03-12,0.0005486652977412731
1973-03-13,-0.0012578358773845221
1973-03-14,-0.0005365985702110406
1973-03-15,-0.0012550483673417054
1973-03-16,-0.002688022899448764
1973-03-19,0.0019935070782927905
1973-03-20,-0.0005335933771075185
1973-03-21,0.00018507871321013004
1973-03-22,0.00018507871321013004
1973-03-23,0.00018507871321013004
1973-03-26,0.0027133717318139155
1973-03-27,0.0009039642383660933
1973-03-28,0.003790708095479423
1973-03-29,-0.000538404323708844
1973-03-30,-0.003413995393473294
1973-04-02,-0.0001662800800555758
1973-04-03,0.0009039105505132831
1973-04-04,0.002345342178393866
1973-04-05,0.0016254732848635127
1973-04-06,0.003072220170683894
1973-04-09,0.001991366662909112
1973-04-10,-0.0012634227923873352
1973-04-11,-0.0005402120612940555
1973-04-12,-0.0005396092613481438
1973-04-13,0.0023503303505880146
1973-04-16,0.0012675522464865273
1973-04-17,-0.0012634227923873352
1973-04-18,0.00018179329226557153
1973-04-19,-0.001261558721855968
1973-04-23,-0.004306255372850795
1973-04-24,0.005235954775424179
1973-04-25,0.00018234086242299797
1973-04-26,-0.0012596964178047147
1973-04-27,-0.0005378021856592855
1973-04-30,-0.00017087583256766975
1973-05-01,-0.0012559770977508056
1973-05-02,-0.0026896030621259342
1973-05-03,-0.0005329929963017557
1973-05-04,-0.00124948519428641
1973-05-07,-0.0008758341662415948
1973-05-08,0.0009035408735016137
1973-05-09,0.0001861738535249829
1973-05-10,-0.0005305936599078381
1973-05-11,-0.0005299943716361159
1973-05-14,-0.00015595245397837743
1973-05-15,-0.0019584287058563203
1973-05-16,0.001619399227394415
1973-05-17,-0.0005281978139917385
1973-05-18,-0.0005275993965827837
1973-05-21,-0.001579056446852286
1973-05-22,-0.0005252078979719807
1973-05-23,-0.0012374855226392049
1973-05-24,0.0009029815440999925
1973-05-25,0.00018918548939082818
1973-05-29,-0.0006690090397973657
1973-05-30,0.00018973305954825463
1973-05-31,0.00018973305954825463
1973-06-01,-0.0019459876704411962
1973-06-04,-0.0008508630797795716
1973-06-05,0.002327790124449833
1973-06-06,0.004475275435084269
1973-06-07,0.0001886379192334018
1973-06-08,0.0016182727898708886
1973-06-11,0.0005642710472279261
1973-06-12,0.0009032325246938022
1973-06-13,0.000903283371945834
1973-06-14,0.00018754277891854892
1973-06-15,-0.0005275993965827837
1973-06-18,-0.00015136806845637924
1973-06-19,0.00018809034907597534
1973-06-20,-0.0012402481627995232
1973-06-21,0.0001886379192334018
1973-06-22,-0.0012384059697683571
1973-06-25,-0.0008581945291881939
1973-06-26,0.00018973305954825463
1973-06-27,0.0009029319978917585
1973-06-28,0.0001894592744695414
1973-06-29,-0.0012356459254120758
1973-07-02,-0.004402033926542891
1973-07-03,0.00019192334017796028
1973-07-05,0.00038384668035592055
1973-07-06,-0.0012273890701499503
1973-07-09,-0.0008406171167573826
1973-07-10,0.00019301848049281311
1973-07-11,0.00019301848049281311
1973-07-12,0.0009023542596850598
1973-07-13,-0.0005162705498397646
1973-07-16,-0.00012963948393214522
1973-07-17,0.00019329226557152635
1973-07-18,-0.0005150825538039069
1973-07-19,-0.002634813665965475
1973-07-20,-0.004036429367905836
1973-07-23,0.000588911704312115
1973-07-24,-0.0012127957862271134
1973-07-25,0.0001968514715947981
1973-07-26,-0.006118387651005599
1973-07-27,-0.004697134977888952
1973-07-30,-0.0007940436999810104
1973-07-31,-0.003980150294278331
1973-08-01,-0.008115494199752412
1973-08-02,0.0022892710086502765
1973-08-03,-0.00048799174750035096
1973-08-06,-7.5087385680685e-05
1973-08-07,-0.0025628756501259826
1973-08-08,0.004372639009173999
1973-08-09,-0.0011812487598253354
1973-08-10,0.0015948104937279933
1973-08-13,0.004096366486552372
1973-08-14,0.0009005730923893077
1973-08-15,0.0009006112073202193
1973-08-16,0.005794879256115794
1973-08-17,0.0065170194626705934
1973-08-20,-0.006387516179363575
1973-08-21,0.001600420729894728
1973-08-22,-0.0018932215671114032
1973-08-23,0.00580832237424775
1973-08-24,0.005826340462576527
1973-08-27,-0.0015131572371040597
1973-08-28,-0.0019053882116375274
1973-08-29,0.0023065864043309344
1973-08-30,0.0009014172440869311
1973-08-31,0.00019849418206707733
1973-09-04,0.003609633160773329
1973-09-05,0.007268259498994313
1973-09-06,0.000902076973481214
1973-09-07,-0.0005127091239966926
1973-09-10,-0.0029435209566668736
1973-09-11,-0.0019176178250058966
1973-09-12,-0.0005073813479071011
1973-09-13,-0.0005067904321380142
1973-09-14,0.0001973990417522245
1973-09-17,0.004119701725796676
1973-09-18,0.005860415973132047
1973-09-19,-0.0012209910889091058
1973-09-20,0.0009021226540432612
1973-09-21,0.005163920148917087
1973-09-24,0.0019978308475164523
1973-09-25,0.0030392741986272754
1973-09-26,-0.0005210311069822901
1973-09-27,0.0023284843866465425
1973-09-28,0.003045383631183984
1973-10-01,-0.0001467871565778416
1973-10-02,0.0016175240031282444
1973-10-03,-0.0005252078979719807
1973-10-04,0.0016178981795721436
1973-10-05,0.001618647834374084
1973-10-09,0.006493174049582545
1973-10-10,0.0009036979929970924
1973-10-11,-0.0005323928343551718
1973-10-12,0.002341799017767591
1973-10-15,-0.0008817279772272367
1973-10-16,-0.0026817109960104567
1973-10-17,-0.0005299943716361159
1973-10-18,0.0009034889372325533
1973-10-19,0.0009035408735016137
1973-10-23,0.0007446954140999316
1973-10-24,0.0037797863378426313
1973-10-25,0.0016235630851789361
1973-10-26,0.0009039642383660933
1973-10-29,0.0005519507186858316
1973-10-30,0.0001839835728952772
1973-10-31,0.0009040181459625613
1973-11-01,0.00018370978781656396
1973-11-02,-0.0005359970924573535
1973-11-05,-0.0008861529302743888
1973-11-07,-0.0010677336664399629
1973-11-08,-0.0005329929963017557
1973-11-09,0.0009037508036456351
1973-11-12,0.0005552361396303901
1973-11-13,0.00018507871321013004
1973-11-14,-0.001967176183501543
1973-11-15,0.0023410923606735578
1973-11-16,0.0030638996573375196
1973-11-19,0.0012719852917531156
1973-11-20,-0.0005359970924573535
1973-11-21,0.0009040181459625613
1973-11-23,0.0010877820612965106
1973-11-26,0.0012709986265717701
1973-11-27,-0.0005372002678859449
1973-11-28,0.00018343600273785078
1973-11-29,0.00018343600273785078
1973-11-30,0.0009041266210960685
1973-12-03,0.0005494866529774128
1973-12-04,0.00018316221765913757
1973-12-05,-0.0019759557816237464
1973-12-06,-0.00197218915195788
1973-12-07,0.000903857082226935
1973-12-10,0.0027136945139155386
1973-12-11,0.0016250903645329948
1973-12-12,0.00018316221765913757
1973-12-13,0.0009041811889883082
1973-12-14,0.00018288843258042436
1973-12-17,0.001270012842495456
1973-12-18,-0.000538404323708844
1973-12-19,-0.001977212642595186
1973-12-20,-0.0012550483673417054
1973-12-21,-0.003404456147768088
1973-12-26,-0.002652439103752162
1973-12-27,-0.0033854595518900627
1973-12-28,-0.001952200073001028
1973-12-31,0.0012814022854940386
1974-01-02,-0.002472381796969899
1974-01-03,-0.0012338080552409517
1974-01-04,0.0016156596165195077
1974-01-07,-0.000853794365987016
1974-01-08,0.00019055441478439423
1974-01-09,0.00019055441478439423
1974-01-10,-0.0026519193558786564
1974-01-11,-0.0005186491110521965
1974-01-14,0.0005757700205338809
1974-01-15,0.0016138060240258657
1974-01-16,0.00019137577002053388
1974-01-17,0.00161454616850811
1974-01-18,-0.0005204352853902437
1974-01-21,-0.00013763570910294007
1974-01-22,-0.0005192442875982348
1974-01-23,-0.0005186491110521965
1974-01-24,-0.0005180541491760067
1974-01-25,0.0001921971252566735
1974-01-28,0.0012868900420366796
1974-01-29,-0.0005180541491760067
1974-01-30,0.0009024957915233327
1974-01-31,0.000902543397911852
1974-02-01,0.0001916495550992471
1974-02-04,0.001997474991277383
1974-02-05,0.002327790124449833
1974-02-06,0.0016160316289216359
1974-02-07,0.00018973305954825463
1974-02-08,0.00018973305954825463
1974-02-11,0.0005691991786447639
1974-02-13,0.00037946611909650925
1974-02-14,0.00018973305954825463
1974-02-15,0.00018973305954825463
1974-02-19,0.0007589322381930185
1974-02-20,-0.0019459876704411962
1974-02-21,-0.00123197190934836
1974-02-22,0.0009026875068240402
1974-02-25,0.001284392373346587
1974-02-26,-0.00123197190934836
1974-02-27,-0.001230137484961166
1974-02-28,-0.0005186491110521965
1974-03-01,-0.0047644251493192185
1974-03-04,-0.00012621574085583582
1974-03-05,-0.0005133021615941748
1974-03-06,0.0009021226540432612
1974-03-07,0.0023201958361483287
1974-03-08,0.00019329226557152635
1974-03-11,-0.0008362324160430568
1974-03-12,-0.0005138954123137414
1974-03-13,-0.0026317146406651466
1974-03-14,0.00019520876112251882
1974-03-15,-0.003329117074787861
1974-03-18,-0.0029266645559191027
1974-03-19,-0.0005050189516366272
1974-03-20,-0.0019078290806342662
1974-03-21,-0.0019041687219186437
1974-03-22,-0.0032976141405443487
1974-03-25,-0.002189270824844915
1974-03-26,0.0009008838233369464
1974-03-27,0.0023005447756918197
1974-03-28,-0.0018944354123313846
1974-03-29,-0.0018907957501416107
1974-04-01,-8.868025252995011e-05
1974-04-02,-0.0004938434319328518
1974-04-03,0.0002034223134839151
1974-04-04,-0.005352519419075228
1974-04-05,-0.0018750885682780661
1974-04-08,0.0033985360998992245
1974-04-09,0.0009004599892656632
1974-04-10,0.0022932294593693285
1974-04-11,0.0009006112073202193
1974-04-15,0.002907790494111065
1974-04-16,-0.0004938434319328518
1974-04-17,-0.0011893121410564789
1974-04-18,-0.0032700682352490304
1974-04-19,-0.0004891604319151595
1974-04-22,-7.735079844873806e-05
1974-04-23,-0.0011812487598253354
1974-04-24,-0.0025628756501259826
1974-04-25,-0.00324638303609815
1974-04-26,-0.0004815786697088577
1974-04-29,-6.265329020477209e-05
1974-04-30,-0.0004804153151803977
1974-05-01,0.002974086393860431
1974-05-02,0.0029779338574454127
1974-05-03,-0.004623617353671305
1974-05-06,0.0006283367556468172
1974-05-07,0.00020944558521560574
1974-05-08,0.00020944558521560574
1974-05-09,-0.0032337010719665086
1974-05-10,0.005046274507028503
1974-05-13,0.006868731246817078
1974-05-14,-0.001871478686417137
1974-05-15,0.0015937703609221724
1974-05-16,0.0009002756130321288
1974-05-17,-0.001871478686417137
1974-05-20,-7.05630276347579e-05
1974-05-21,0.0009001674574166442
1974-05-22,0.0009002033038288102
1974-05-23,0.002983729675038209
1974-05-24,0.002291247445474955
1974-05-28,0.00012544998848620364
1974-05-29,-0.0011830377335843455
1974-05-30,0.0009003856202523342
1974-05-31,-0.0004885759866759796
1974-06-03,-7.621898911568291e-05
1974-06-04,0.0009003487451707707
1974-06-05,0.00020588637919233399
1974-06-06,0.0015955059756799389
1974-06-07,0.0029895551656429296
1974-06-10,-8.301293936563931e-05
1974-06-11,-0.0004909150056624287
1974-06-12,-0.0011848283558480637
1974-06-13,0.0002053388090349076
1974-06-14,0.0002053388090349076
1974-06-17,0.0013111376073354785
1974-06-18,-0.0018774982413610629
1974-06-19,0.00020588637919233399
1974-06-20,-0.0018738846577829081
1974-06-21,0.00020670773442847364
1974-06-24,-0.0014568611557038698
1974-06-25,-0.0025568379060119475
1974-06-26,0.00020862422997946614
1974-06-27,-0.0011723285265069822
1974-06-28,0.00020917180013689253
1974-07-01,-6.265329020477209e-05
1974-07-02,0.00020944558521560574
1974-07-03,-0.0032337010719665086
1974-07-05,-0.0002666959813661535
1974-07-08,-0.003485645560940932
1974-07-09,-0.0025283365741765114
1974-07-10,-0.00047113771270191463
1974-07-11,-0.0011546101928000682
1974-07-12,-0.00046940391583963933
1974-07-15,-3.8983811589724797e-05
1974-07-16,-0.0011510858912029856
1974-07-17,-0.0018309508037060254
1974-07-18,0.0008990986907825879
1974-07-19,0.0022666201927972634
1974-07-22,0.007511193333573992
1974-07-23,-0.0011590246109898492
1974-07-24,0.002273658691162377
1974-07-25,0.0008995571597262159
1974-07-26,-0.0025313229463060976
1974-07-29,-0.0034644516336838353
1974-07-30,-0.002516423249097943
1974-07-31,0.0002160164271047228
1974-08-01,-0.0018297693863348224
1974-08-02,-0.0025060411139063623
1974-08-05,-0.0013856503578292866
1974-08-06,0.0015795930247059404
1974-08-07,0.00021820670773442844
1974-08-08,0.00021820670773442844
1974-08-09,-0.003853459749645682
1974-08-12,-0.000696480006335002
1974-08-13,-0.00045731767381157175
1974-08-14,0.0008986852006861209
1974-08-15,0.0022571393402486387
1974-08-16,0.0015786074751982296
1974-08-19,0.002017320236984076
1974-08-20,-0.0004613366777237067
1974-08-21,-0.003849311476633239
1974-08-22,-0.0024868632949812093
1974-08-23,-0.0038286410705978013
1974-08-26,-5.323324695452015e-06
1974-08-27,0.0008984342647740695
1974-08-28,0.00022313483915126626
1974-08-29,0.00022313483915126626
1974-08-30,0.002928004134247677
1974-09-03,0.0008881587953456536
1974-09-04,-0.000453880512884613
1974-09-05,0.001575348043569603
1974-09-06,0.0008985824647537014
1974-09-09,0.005416847602838295
1974-09-10,-0.0011370525523383289
1974-09-11,-0.00045789122385313724
1974-09-12,-0.005184527937373617
1974-09-13,0.00022258726899383987
1974-09-16,0.0026973121738469172
1974-09-17,0.0008985824647537014
1974-09-18,0.0008986078529927031
1974-09-19,0.0029344699851465593
1974-09-20,0.0015779524258879483
1974-09-23,0.008163147281243923
1974-09-24,-0.0018274083473746202
1974-09-25,0.00021738535249828884
1974-09-26,-0.001144056488949194
1974-09-27,0.0015805821524563421
1974-09-30,0.0006521560574948665
1974-10-01,-0.001823871271241273
1974-10-02,-0.0004619116137772994
1974-10-03,-0.003851385020087435
1974-10-04,0.0015779524258879483
1974-10-07,0.001337942363343565
1974-10-08,0.004305418811578588
1974-10-09,0.00021765913757700205
1974-10-10,0.001580912658350781
1974-10-11,0.0036328034987560725
1974-10-15,0.0015464146951201848
1974-10-16,0.0002154688569472964
1974-10-17,-0.0004676719252947201
1974-10-18,0.0015832373852778458
1974-10-21,0.00407191521137102
1974-10-22,0.00021382614647501712
1974-10-23,-0.0025223734892070968
1974-10-24,-0.0011519663651372277
1974-10-25,0.0008992165290132456
1974-10-28,-0.0007206957474658192
1974-10-29,0.00295315808540757
1974-10-30,0.0022704503156963985
1974-10-31,0.0015855817653416394
1974-11-01,-0.0004722945829230691
1974-11-04,0.0006406570841889117
1974-11-06,0.0031742753871236576
1974-11-07,0.0015872684159971833
1974-11-08,0.001587945908594482
1974-11-12,-0.003271630007732775
1974-11-13,0.0022743021836507606
1974-11-14,0.002276236304619603
1974-11-15,0.007816648667269749
1974-11-18,-0.00075651781778747
1974-11-19,0.00020889801505817932
1974-11-20,0.002976970762734987
1974-11-21,-0.0004839078292146167
1974-11-22,0.0002080766598220397
1974-11-25,-0.0007579559775433071
1974-11-26,-0.0004821606530342498
1974-11-27,-0.0004815786697088577
1974-11-29,0.00041834360027378505
1974-12-02,-0.00419072539124602
1974-12-03,-0.0018511269724887816
1974-12-04,0.004347363946320412
1974-12-05,0.002972167570780737
1974-12-06,0.003669258140822156
1974-12-09,0.013883377132762331
1974-12-10,-0.0011920073828346916
1974-12-11,0.0029973688914900687
1974-12-12,-0.0004961899079168412
1974-12-13,0.0009008838233369464
1974-12-16,0.0034054025142662113
1974-12-17,0.004411146340564386
1974-12-18,0.002307260845672756
1974-12-19,0.00019849418206707733
1974-12-20,-0.0012055398563164588
1974-12-23,-0.009169229810287295
1974-12-24,-0.001191108553913092
1974-12-26,0.004600044076191155
1974-12-27,-0.0011947063635649228
1974-12-30,0.0006069815195071869
1974-12-31,-0.0004956029770084786
1975-01-02,-0.000989406424586916
1975-01-03,-0.0004938434319328518
1975-01-06,0.003403233892333605
1975-01-07,0.0009008838233369464
1975-01-08,-0.0004961899079168412
1975-01-09,0.003000312773784111
1975-01-10,-0.0011965077656894293
1975-01-13,-0.005659087034155356
1975-01-14,-0.0018811173886342733
1975-01-15,-0.0032627619904084275
1975-01-16,0.00020643394934976043
1975-01-17,0.0009003120761520837
1975-01-20,-0.003533616242064642
1975-01-21,0.0029808280660135245
1975-01-22,0.002984698525664673
1975-01-23,-0.0039501959907379276
1975-01-24,-0.004626047070301624
1975-01-27,0.002701718627300175
1975-01-28,0.0002083504449007529
1975-01-29,0.0015923892715830328
1975-01-30,0.003675629957690729
1975-01-31,0.0009003120761520837
1975-02-03,0.003398959030845778
1975-02-04,0.0015965522953320967
1975-02-05,0.008598314939421694
1975-02-06,-0.005374651119242329
1975-02-07,0.00369619309558641
1975-02-10,-0.004268377659251137
1975-02-11,0.0022958808431870403
1975-02-13,-0.0009870616116926605
1975-02-14,0.00649910293314311
1975-02-18,0.005716804731546519
1975-02-19,0.0016039813084732935
1975-02-20,-0.0026055097205518354
1975-02-21,0.005828600301953703
1975-02-24,-0.009195270232701357
1975-02-25,-0.004677402902483402
1975-02-26,-0.004660213631655663
1975-02-27,0.002292568167569722
1975-02-28,0.0009005730923893077
1975-03-03,-0.0021665032174967886
1975-03-04,-0.0018762930959729388
1975-03-05,0.0036833100928261274
1975-03-06,-0.0004903299412431427
1975-03-07,-0.0018774982413610629
1975-03-10,-0.002154126682988305
1975-03-11,-0.0011776757472819397
1975-03-12,0.0002075290896646133
1975-03-13,0.0015934244727018217
1975-03-14,-0.0011776757472819397
1975-03-17,-0.007640818636444804
1975-03-18,0.00021081451060917178
1975-03-19,-0.006644816800065693
1975-03-20,-0.010001454949744902
1975-03-21,0.007745436350485715
1975-03-24,-0.01359343761677966
1975-03-25,0.0015776254953942393
1975-03-26,0.0008987643261426826
1975-03-27,-0.0038430979534594275
1975-03-31,0.005639348456985921
1975-04-01,-0.004520474990222605
1975-04-02,-0.00919974588326335
1975-04-03,0.006305577441776947
1975-04-04,-0.0011274634232665648
1975-04-07,-0.006719833150440943
1975-04-08,0.003592343729146861
1975-04-09,0.0029224926521684686
1975-04-10,-0.0011239882469481703
1975-04-11,-0.0017946031547919907
1975-04-14,0.004723500564549119
1975-04-15,0.00022340862422997947
1975-04-16,0.0008984342647740695
1975-04-17,-0.003816295323995035
1975-04-18,-0.0038039917037998067
1975-04-21,-0.002670675557553332
1975-04-22,0.00022778918548939083
1975-04-23,0.0035851023222088223
1975-04-24,0.0015705325783059577
1975-04-25,0.00022587268993839836
1975-04-28,-0.006013352960264478
1975-04-29,0.0008980113467229705
1975-04-30,0.002239187271772586
1975-05-01,0.00022751540041067764
1975-05-02,0.013751115193430795
1975-05-05,0.002697463908824284
1975-05-06,-0.001807435677680331
1975-05-07,0.0029316941743070942
1975-05-08,-0.0011326879518254915
1975-05-09,0.0008986078529927031
1975-05-12,0.0013410701254902965
1975-05-13,0.0008986592208019812
1975-05-14,0.002936324478365893
1975-05-15,0.00021957563312799451
1975-05-16,0.0008987910970875761
1975-05-19,0.0013374217622903507
1975-05-20,0.00157926411104294
1975-05-21,0.0002184804928131417
1975-05-22,-0.0024971731852061222
1975-05-23,0.00021957563312799451
1975-05-27,0.0035987698732563604
1975-05-28,-0.0024971731852061222
1975-05-29,-0.010566147465693525
1975-05-30,0.009720089813409521
1975-06-02,0.0020181988324587904
1975-06-03,0.0015786074751982296
1975-06-04,0.0008988452336128866
1975-06-05,0.0015795930247059404
1975-06-06,0.006366402016407728
1975-06-09,0.007508961211115329
1975-06-10,0.0008994934123650166
1975-06-11,0.008494581442290332
1975-06-12,-0.0011696604310966203
1975-06-13,-0.0011678837374286437
1975-06-16,0.0027012024371025293
1975-06-17,-0.003918369861705741
1975-06-18,-0.0073197590805890505
1975-06-19,0.002271090780803631
1975-06-20,-0.009324722383463204
1975-06-23,0.003382288847842282
1975-06-24,0.000216290212183436
1975-06-25,-0.007930517703135123
1975-06-26,0.0029400429738723768
1975-06-27,0.0022615470085522896
1975-06-30,-2.7743806787606898e-05
1975-07-01,-0.000462486748463621
1975-07-02,-0.005205858717204633
1975-07-03,0.00022039698836413417
1975-07-07,0.00020387329128083073
1975-07-08,0.0036167362362423735
1975-07-09,-0.00045961305978150726
1975-07-10,0.00021957563312799451
1975-07-11,0.002259024767459862
1975-07-14,0.0006562628336755647
1975-07-15,0.0008988725995088642
1975-07-16,-0.003174580352990852
1975-07-17,-0.00045846497142356497
1975-07-18,-0.00113530552821637
1975-07-21,-1.540277425640605e-05
1975-07-22,-0.0018086057998922174
1975-07-23,0.0008985824647537014
1975-07-24,0.00022149212867898698
1975-07-25,-0.0018062661452319492
1975-07-28,0.0006669404517453799
1975-07-29,-0.00045330834115512344
1975-07-30,-0.001801593903701884
1975-07-31,-0.0024707399291711853
1975-08-01,-0.003806039390234599
1975-08-04,-0.006675142513730463
1975-08-05,0.00022915811088295687
1975-08-06,-0.0017737567884156809
1975-08-07,-0.00509237894377694
1975-08-08,0.005573234098630889
1975-08-11,0.0020263889118481045
1975-08-12,-0.0011058456660638012
1975-08-13,0.0008979116773137079
1975-08-14,-0.003767331604002821
1975-08-15,-0.0017645518348300665
1975-08-18,0.0020282771660141232
1975-08-19,0.00289982988595679
1975-08-20,0.00023052703627652292
1975-08-21,-0.0037612578963902438
1975-08-22,0.0015639376725165187
1975-08-25,0.0006948665297741274
1975-08-26,0.004237436488020082
1975-08-27,0.0022355343730079864
1975-08-28,0.006269614046738892
1975-08-29,0.004264344603787968
1975-09-02,-0.0017868312327283668
1975-09-03,-0.0017864738746920467
1975-09-04,0.00022696783025325117
1975-09-05,-0.0037876520607938126
1975-09-08,1.701883221749153e-05
1975-09-09,-0.0024416661761614035
1975-09-10,-0.0037653058879130886
1975-09-11,-0.005737693382519023
1975-09-12,-0.0010912830531591832
1975-09-15,4.15062117055736e-05
1975-09-16,-0.00042719811079539987
1975-09-17,0.004218235420124776
1975-09-18,0.0022276909744068977
1975-09-19,0.005569096089711422
1975-09-22,0.0033644775291783147
1975-09-23,0.002236749690202623
1975-09-24,0.0029097418609460757
1975-09-25,-0.004450030965809185
1975-09-26,-0.0044337695183216605
1975-09-29,2.816092530756199e-05
1975-09-30,-0.0010989789307105622
1975-10-01,0.0008977621961157176
1975-10-02,0.0022312989366059044
1975-10-03,0.007597593988937082
1975-10-06,0.0026959240583131127
1975-10-07,-0.001781841372483399
1975-10-08,0.0022397981171769043
1975-10-09,0.004935750122186272
1975-10-10,0.005625481072924232
1975-10-14,-0.0018027972560922007
1975-10-15,0.0002242299794661191
1975-10-16,0.00835304298493674
1975-10-17,0.0002209445585215606
1975-10-20,0.0006628336755646818
1975-10-21,0.0015769728211536334
1975-10-22,0.00022039698836413417
1975-10-23,0.004299279240169127
1975-10-24,-0.000460761940145371
1975-10-27,0.0006570841889117044
1975-10-28,0.0008988452336128866
1975-10-29,0.0008988725995088642
1975-10-30,0.004310036030483916
1975-10-31,0.0008990697313818369
1975-11-03,-0.0034328050936004127
1975-11-05,0.004529784204903902
1975-11-06,-0.0018274083473746202
1975-11-07,0.0022640788068272587
1975-11-10,0.0013322266853068863
1975-11-12,-0.0029725224306258267
1975-11-13,-0.0011431796075479454
1975-11-14,-0.005881153853815149
1975-11-17,-0.0006922185361829349
1975-11-18,-0.0031568789728775495
1975-11-19,-0.0004527363657012922
1975-11-20,0.0015747008891549828
1975-11-21,-0.0058367920275450924
1975-11-24,0.0040479601437511835
1975-11-25,0.00022340862422997947
1975-11-26,0.0008984342647740695
1975-11-28,0.0011215933131017242
1975-12-01,0.002020422997300089
1975-12-02,0.001575348043569603
1975-12-03,0.00022176591375770022
1975-12-04,-0.0031533504983421363
1975-12-05,0.0015743779013994963
1975-12-08,-0.003375231344240348
1975-12-09,-0.002466359078023746
1975-12-10,0.00022532511978097194
1975-12-11,0.004948387243678336
1975-12-12,0.0029270835916713443
1975-12-15,0.004733207768765934
1975-12-16,0.004297747326777274
1975-12-17,0.00362413098406036
1975-12-18,-0.00046306208194161103
1975-12-19,0.005683008942352252
1975-12-22,0.0013306720530941753
1975-12-23,0.0002154688569472964
1975-12-24,0.0036402761155153265
1975-12-26,0.005237865574159613
1975-12-29,0.0006365503080082136
1975-12-30,0.0015876069596629176
1975-12-31,-0.0018487442402856386
1976-01-02,-0.000261574178855565
1976-01-05,0.0027004082953867013
1976-01-06,0.007116576013893157
1976-01-07,-0.003235509727868282
1976-01-08,-0.003226476596122238
1976-01-09,0.007116576013893157
1976-01-12,0.0013183002835333347
1976-01-13,-0.0004815786697088577
1976-01-14,-0.0046090689915198055
1976-01-15,-0.0011643352262464836
1976-01-16,-0.003903611558687792
1976-01-19,0.0027002158437975585
1976-01-20,0.003654070090567205
1976-01-21,-0.0045921605259597485
1976-01-22,-0.0011581409219793633
1976-01-23,0.0015859182875252859
1976-01-26,-4.6863737731398894e-05
1976-01-27,-0.0004722945829230691
1976-01-28,-0.001840423755160359
1976-01-29,0.000899337575916279
1976-01-30,0.0015852456464871313
1976-02-02,0.0006406570841889117
1976-02-03,-0.0011563747526597825
1976-02-04,-0.0018380519085096996
1976-02-05,0.0015842397066832548
1976-02-06,-0.003201318148189659
1976-02-09,0.002014722669329865
1976-02-10,-0.0011510858912029856
1976-02-11,0.002267894490732984
1976-02-13,0.00248473174140708
1976-02-17,0.003601126746661135
1976-02-18,-0.0004728733202091539
1976-02-19,-0.0004722945829230691
1976-02-20,0.0022730158051172916
1976-02-23,0.0040782730474450924
1976-02-24,0.002278175901037831
1976-02-25,0.0008997866567409871
1976-02-26,0.00021026694045174536
1976-02-27,-0.0059680575801956915
1976-03-01,-0.005515463483733083
1976-03-02,0.0029550444869852143
1976-03-03,0.00021409993155373032
1976-03-04,-0.0018380519085096996
1976-03-05,0.003642775026460026
1976-03-08,0.0033878277485199617
1976-03-09,-0.0011599087033294711
1976-03-10,0.001586592543168882
1976-03-11,-0.00047403139993701604
1976-03-12,0.004342659781390121
1976-03-15,-0.0014289503811130116
1976-03-16,-0.001161678099284729
1976-03-17,0.00021245722108145107
1976-03-18,0.002275590989894258
1976-03-19,-0.000475770034834808
1976-03-22,0.0047711832481684615
1976-03-23,0.0008998202545059005
1976-03-24,0.0015903299257846186
1976-03-25,0.0008999222700913901
1976-03-26,0.00020917180013689253
1976-03-29,0.0006275154004106776
1976-03-30,-0.0004809968904785572
1976-03-31,-0.0004804153151803977
1976-04-01,-0.0011687718808188773
1976-04-02,0.0008998202545059005
1976-04-05,0.004085433662666548
1976-04-06,0.002284680936267379
1976-04-07,0.0022866444118801728
1976-04-08,0.0009002393556458462
1976-04-09,0.0022892710086502765
1976-04-12,0.000617659137577002
1976-04-13,0.0015955059756799389
1976-04-14,0.002292568167569722
1976-04-15,0.00020451745379876797
1976-04-19,-0.00195992094787356
1976-04-20,0.0009004227015624199
1976-04-21,0.002292568167569722
1976-04-22,-0.003266413052213592
1976-04-23,-0.004638217105938023
1976-04-26,-0.0007593945461420546
1976-04-27,-0.00048274284061821624
1976-04-28,0.0015920450246303284
1976-04-29,-0.00048332523262380997
1976-04-30,-0.0039289479899912595
1976-05-03,-0.0007478974266825794
1976-05-04,0.002280120986041612
1976-05-05,-0.0011687718808188773
1976-05-06,-0.0066514652707298965
1976-05-07,-0.005937919863389055
1976-05-10,-0.002763228442130099
1976-05-11,0.0002168377823408624
1976-05-12,-0.0011458114457661606
1976-05-13,0.0015812435630966199
1976-05-14,-0.00046478927670850166
1976-05-17,-2.9990211066219863e-05
1976-05-18,0.00021738535249828884
1976-05-19,0.00021738535249828884
1976-05-20,-0.00046363761436930855
1976-05-21,-0.0031799100208941265
1976-05-24,0.002017320236984076
1976-05-25,0.0029437741818414452
1976-05-26,-0.00046363761436930855
1976-05-27,-0.0025016035770242507
1976-05-28,0.002260915553482705
1976-06-01,0.0022343809204234876
1976-06-02,0.00021738535249828884
1976-06-03,0.0015812435630966199
1976-06-04,0.0022653482994390906
1976-06-07,0.0013311900636627024
1976-06-08,-0.0011493261443481287
1976-06-09,0.000216290212183436
1976-06-10,0.002951274897604945
1976-06-11,0.00021519507186858316
1976-06-14,0.002014295341668546
1976-06-15,-0.00046940391583963933
1976-06-16,-0.0011519663651372277
1976-06-17,0.0015835710909030327
1976-06-18,0.002955988894542832
1976-06-21,0.0013270515987729029
1976-06-22,-0.0004717160471408631
1976-06-23,0.00021382614647501712
1976-06-24,0.00021382614647501712
1976-06-25,-0.0011554922717078317
1976-06-28,-0.0014081194553154787
1976-06-29,0.00021519507186858316
1976-06-30,0.00021519507186858316
1976-07-01,-0.0011510858912029856
1976-07-02,0.00295315808540757
1976-07-06,0.0022285171226125986
1976-07-07,-0.0011546101928000682
1976-07-08,0.0015845746174791282
1976-07-09,0.0029588269519999436
1976-07-12,0.0020126021256466372
1976-07-13,-0.00047403139993701604
1976-07-14,-0.0011590246109898492
1976-07-15,0.0015862552133603612
1976-07-16,-0.0038952048833997277
1976-07-19,-0.0014081194553154787
1976-07-20,-0.0004682490550411402
1976-07-21,0.0008992165290132456
1976-07-22,0.00021519507186858316
1976-07-23,0.0015839051979313799
1976-07-26,-0.0014063874668524435
1976-07-27,0.0015835710909030327
1976-07-28,0.00021492128678986995
1976-07-29,0.00021492128678986995
1976-07-30,-0.0004688263851694648
1976-08-02,0.0013296366332632562
1976-08-03,0.00226981045461721
1976-08-04,0.0008993683401979924
1976-08-05,-0.00047113771270191463
1976-08-06,-0.0011546101928000682
1976-08-09,0.0006439425051334702
1976-08-10,0.00021464750171115674
1976-08-11,0.0015845746174791282
1976-08-12,0.0008993683401979924
1976-08-13,0.0022723735250312353
1976-08-16,0.0033886319162883104
1976-08-17,-0.0004751902876130652
1976-08-18,-0.0004746107427009472
1976-08-19,0.00021245722108145107
1976-08-20,0.00021245722108145107
1976-08-23,0.0027005054320571598
1976-08-24,0.000899654298495488
1976-08-25,0.002278175901037831
1976-08-26,0.0008997866567409871
1976-08-27,-0.0025418006922450225
1976-08-30,0.0013224112449922597
1976-08-31,0.0036603806056462744
1976-09-01,0.001590672128520819
1976-09-02,-0.0018594856941878343
1976-09-03,0.0015903299257846186
1976-09-07,0.0015282590257382073
1976-09-08,0.00020917180013689253
1976-09-09,-0.0011705493885867996
1976-09-10,0.001590672128520819
1976-09-13,0.0006275154004106776
1976-09-14,0.00020917180013689253
1976-09-15,0.001591357758889318
1976-09-16,0.0015920450246303284
1976-09-17,0.007854274116956116
1976-09-20,-0.0014673681934486739
1976-09-21,0.0009003856202523342
1976-09-22,-0.0011821430408066704
1976-09-23,-0.00048740771422277953
1976-09-24,-0.0025628756501259826
1976-09-27,-0.0007608335239106859
1976-09-28,0.002979862508428072
1976-09-29,0.00020698151950718685
1976-09-30,0.0009002393556458462
1976-10-01,0.004377413198104398
1976-10-04,0.0027033595072817173
1976-10-05,-0.0004915002768057489
1976-10-06,0.00229455390695832
1976-10-07,0.0009006880590117021
1976-10-08,0.00369619309558641
1976-10-12,0.0029067049399628666
1976-10-13,0.00020123203285420943
1976-10-14,0.0009010441847558927
1976-10-15,0.002303223655533186
1976-10-18,0.0006004106776180698
1976-10-19,-0.0025978486794983177
1976-10-20,-0.0018944354123313846
1976-10-21,-0.0004961899079168412
1976-10-22,-0.006056490178768508
1976-10-25,-0.0028550045288145104
1976-10-26,0.0036833100928261274
1976-10-27,0.0022938913723329953
1976-10-28,0.0029944325110708913
1976-10-29,-0.0004944297391829275
1976-11-01,0.0034036659483004726
1976-11-03,-0.0037759492509139036
1976-11-04,0.0043950141906479705
1976-11-05,-0.0018907957501416107
1976-11-08,-0.0028716415047759652
1976-11-09,0.00020424366872005476
1976-11-10,0.0009006112073202193
1976-11-12,0.0018019230662955873
1976-11-15,0.0020055007425924315
1976-11-16,0.005803834643451216
1976-11-17,0.000901125619129466
1976-11-18,-0.0004997158718256366
1976-11-19,0.006527299037729046
1976-11-22,0.005530924088816928
1976-11-23,0.0009018073596815487
1976-11-24,0.0016083095787609496
1976-11-26,0.011054731730718626
1976-11-29,-0.0015558025795445677
1976-11-30,0.0009024957915233327
1976-12-01,0.0030382589813939633
1976-12-02,0.003756809953688465
1976-12-03,0.004480289589148472
1976-12-06,-0.00015136806845637924
1976-12-07,-0.0005264032134218329
1976-12-08,-0.001952200073001028
1976-12-09,-0.0005240134488366157
1976-12-10,0.007353772061463125
1976-12-13,-0.00515054745047043
1976-12-14,0.000903081285903553
1976-12-15,0.0009031314818476916
1976-12-16,0.00018836413415468858
1976-12-17,0.00018836413415468858
1976-12-20,0.0034282525192621156
1976-12-21,-0.0005281978139917385
1976-12-22,-0.0005275993965827837
1976-12-23,0.001619399227394415
1976-12-27,0.000749075975359343
1976-12-28,-0.0012430147045125683
1976-12-29,0.001619399227394415
1976-12-30,0.0030556353982758595
1976-12-31,-0.0005305936599078381
1977-01-03,-0.001588029440933731
1977-01-04,-0.0040957830934859624
1977-01-05,0.0016178981795721436
1977-01-06,-0.0033760019823226213
1977-01-07,-0.00972722058904367
1977-01-10,-0.008574096011963739
1977-01-11,-0.005416435012320123
1977-01-12,0.0016039813084732935
1977-01-13,0.005837656558861871
1977-01-14,-0.006820334562974132
1977-01-17,0.000597946611909651
1977-01-18,-0.003999535350376033
1977-01-19,0.004411146340564386
1977-01-20,0.0016039813084732935
1977-01-21,-0.0012046347607164386
1977-01-24,-0.0036009042757695997
1977-01-25,0.0016018399332502003
1977-01-26,-0.0004997158718256366
1977-01-27,-0.00676913184627956
1977-01-28,0.002297210272045042
1977-01-31,0.0006078028747433266
1977-02-01,-0.0004950162541524872
1977-02-02,-0.003971567135042583
1977-02-03,0.0009005730923893077
1977-02-04,0.012834269103899846
1977-02-07,-0.0036009042757695997
1977-02-08,-0.0004985397154163194
1977-02-09,0.0009010441847558927
1977-02-10,0.00020095824777549622
1977-02-11,-0.0011974090922444113
1977-02-14,-0.0007925952203751661
1977-02-15,0.001600420729894728
1977-02-16,0.0016011294953507998
1977-02-17,0.0058195710624038685
1977-02-18,-0.010265138146168952
1977-02-22,0.0001141944907965386
1977-02-23,-0.003969424451025061
1977-02-24,-0.0011848283558480637
1977-02-25,0.0015962031087773003
1977-02-28,0.0027034738500879576
1977-03-01,-0.002576508626172952
1977-03-02,0.0029905289756394144
1977-03-03,0.0015979531826542457
1977-03-04,-0.0032737275461163394
1977-03-07,-0.0007752458780931011
1977-03-08,-0.0011830377335843455
1977-03-09,0.0015955059756799389
1977-03-10,0.0009004599892656632
1977-03-11,0.0036884508441422568
1977-03-14,-8.527924280155684e-05
1977-03-15,0.000900649529472217
1977-03-16,0.00020369609856262836
1977-03-17,-0.0018835332510275752
1977-03-18,0.00229455390695832
1977-03-21,0.0013080802561369587
1977-03-22,0.0002034223134839151
1977-03-23,-0.0004932573322364272
1977-03-24,-0.0011884145564569136
1977-03-25,-0.0011866206292571915
1977-03-28,0.0013101176622686748
1977-03-29,0.00020451745379876797
1977-03-30,0.00229455390695832
1977-03-31,0.0015983044414200206
1977-04-01,-0.0004938434319328518
1977-04-04,-8.641270526859695e-05
1977-04-05,-0.0018835332510275752
1977-04-06,0.0009005730923893077
1977-04-07,0.002295217063743631
1977-04-11,0.00360665620581752
1977-04-12,0.00020232717316906226
1977-04-13,0.0022998766236445195
1977-04-14,0.010051602627980575
1977-04-15,-0.0019102724724143622
1977-04-18,0.000595482546201232
1977-04-19,-0.0033068481915553886
1977-04-20,-0.0012010185762232255
1977-04-21,-0.0004997158718256366
1977-04-22,-0.001896864978744784
1977-04-25,-0.002187196891305157
1977-04-26,0.0015997136342029603
1977-04-27,0.00020205338809034908
1977-04-28,-0.0011938062873276234
1977-04-29,-0.0032792242665722763
1977-05-02,0.0006119096509240246
1977-05-03,0.000900649529472217
1977-05-04,-0.0004926714399268135
1977-05-05,-0.0011875173859677245
1977-05-06,-0.0018799103871966964
1977-05-09,0.0006160164271047228
1977-05-10,-0.0011830377335843455
1977-05-11,0.00020588637919233399
1977-05-12,0.0015955059756799389
1977-05-13,0.0015962031087773003
1977-05-16,0.0020064843734205126
1977-05-17,0.0009006112073202193
1977-05-18,0.0015979531826542457
1977-05-19,-0.003967283007336098
1977-05-20,0.0002050650239561944
1977-05-23,0.0027033595072817173
1977-05-24,0.00369231729246439
1977-05-25,0.0015993607116827871
1977-05-26,-0.001889583777391659
1977-05-27,0.0029973688914900687
1977-05-31,0.0008082135523613963
1977-06-01,0.00020205338809034908
1977-06-02,-0.0004961899079168412
1977-06-03,0.0022998766236445195
1977-06-06,-9.435275869369203e-05
1977-06-07,0.0009009635866049394
1977-06-08,0.00020150581793292266
1977-06-09,0.0009010037812363684
1977-06-10,0.003706574476561621
1977-06-13,0.0027056388091122193
1977-06-14,0.0037170229699196094
1977-06-15,-0.0005056092341722996
1977-06-16,-0.0005050189516366272
1977-06-17,0.00019822039698836415
1977-06-20,-0.0015113882866575378
1977-06-21,0.0009013749530178982
1977-06-22,0.0009014172440869311
1977-06-23,-0.000503839018613776
1977-06-24,0.004424142758892698
1977-06-27,0.000591375770020534
1977-06-28,0.003019132741026846
1977-06-29,-0.0019176178250058966
1977-06-30,-0.0005073813479071011
1977-07-01,-0.009599957351816568
1977-07-05,0.00010433502791016933
1977-07-06,-0.0011965077656894293
1977-07-07,0.005812816810784085
1977-07-08,-0.0012019219933335188
1977-07-11,-0.0007998417928158921
1977-07-12,0.000901125619129466
1977-07-13,0.0030072111079651447
1977-07-15,-0.0017036343240764632
1977-07-18,-0.0014990232647214689
1977-07-19,0.000901084797330938
1977-07-20,0.000901125619129466
1977-07-21,0.00020041067761806982
1977-07-22,0.000901166650319011
1977-07-25,0.0027055131998254497
1977-07-26,0.00019931553730321699
1977-07-27,-0.005394103504325587
1977-07-28,-0.0032865677364194226
1977-07-29,-0.0004944297391829275
1977-08-01,-8.754637512244783e-05
1977-08-02,-0.0004932573322364272
1977-08-03,0.0015983044414200206
1977-08-04,-0.0004938434319328518
1977-08-05,0.0009007267961041613
1977-08-08,0.0013070627977269924
1977-08-09,-0.002582589180036148
1977-08-10,-0.0004920857548386712
1977-08-11,-0.0004915002768057489
1977-08-12,-0.0004909150056624287
1977-08-15,0.0006143737166324436
1977-08-16,0.00020479123887748118
1977-08-17,0.0029915036145159507
1977-08-18,0.0015983044414200206
1977-08-19,0.0015990082056011145
1977-08-22,0.0013060461708619383
1977-08-23,0.0022998766236445195
1977-08-24,0.0009010037812363684
1977-08-25,0.0023025529938188894
1977-08-26,0.0037104847736950247
1977-08-29,0.002002423179633123
1977-08-30,-0.0012055398563164588
1977-08-31,-0.0005026599271960677
1977-09-01,-0.0012028258295616317
1977-09-02,0.004417634434366722
1977-09-06,0.0007928815879534566
1977-09-07,-0.0012064453723809449
1977-09-08,-0.0012046347607164386
1977-09-09,-0.005394103504325587
1977-09-12,-0.0007925952203751661
1977-09-13,0.0009009236006942377
1977-09-14,0.0023012135544014985
1977-09-15,0.000901084797330938
1977-09-16,0.000901125619129466
1977-09-19,0.0006012320328542095
1977-09-20,-0.0025963189806132514
1977-09-21,0.00020150581793292266
1977-09-22,-0.0018932215671114032
1977-09-23,0.00020232717316906226
1977-09-26,-0.0014849294310535345
1977-09-27,0.0029973688914900687
1977-09-28,0.00020205338809034908
1977-09-29,-0.0004961899079168412
1977-09-30,-0.001192906627195289
1977-10-03,0.0006086242299794661
1977-10-04,0.0009008048936149633
1977-10-05,0.00020260095824777553
1977-10-06,-0.0025841113890446342
1977-10-07,-0.002578027523638798
1977-10-11,-0.003342220642479523
1977-10-12,0.00020643394934976043
1977-10-13,0.00020643394934976043
1977-10-14,0.00020643394934976043
1977-10-17,-7.395598797974484e-05
1977-10-18,0.00020670773442847364
1977-10-19,0.0009002756130321288
1977-10-20,0.00020643394934976043
1977-10-21,-0.00048682388667926565
1977-10-24,-7.282479584795518e-05
1977-10-25,-0.0011776757472819397
1977-10-26,0.0009001674574166442
1977-10-27,0.0009002033038288102
1977-10-28,0.00020698151950718685
1977-10-31,-0.0035255936198929543
1977-11-01,-0.0004821606530342498
1977-11-02,-0.003924713080630909
1977-11-03,0.0008997866567409871
1977-11-04,0.002972167570780737
1977-11-07,0.0020097013591631034
1977-11-09,0.0018006692546097946
1977-11-10,0.0009000963801501623
1977-11-14,0.0029100530361101523
1977-11-15,0.00020698151950718685
1977-11-16,0.0009002393556458462
1977-11-17,0.0009002756130321288
1977-11-18,0.00020643394934976043
1977-11-21,-0.0007665935332353774
1977-11-22,0.0015941166602805696
1977-11-23,0.0015948104937279933
1977-11-25,0.00041177275838466797
1977-11-28,-7.621898911568291e-05
1977-11-29,-0.0011803548903109985
1977-11-30,0.00020670773442847364
1977-12-01,-0.0018702766245608168
1977-12-02,-0.00048449063055417486
1977-12-05,-6.83020797279637e-05
1977-12-06,-0.0018642755338685942
1977-12-07,0.00020889801505817932
1977-12-08,-0.0004815786697088577
1977-12-09,0.0008999566832595496
1977-12-12,-6.378263959249902e-05
1977-12-13,-0.0004809968904785572
1977-12-14,-0.0004804153151803977
1977-12-15,-0.0004798339436514779
1977-12-16,0.00020999315537303218
1977-12-19,-0.0007478974266825794
1977-12-20,-0.003226476596122238
1977-12-21,0.001587945908594482
1977-12-22,-0.0018499353029235992
1977-12-23,0.00021218343600273786
1977-12-27,-0.0005242428913120219
1977-12-28,-0.00047345225916035666
1977-12-29,-0.002526844596486031
1977-12-30,0.0029588269519999436
1978-01-03,-0.002571266295505762
1978-01-04,0.000899337575916279
1978-01-05,-0.0004705595794455598
1978-01-06,-0.0011537285156159266
1978-01-09,-0.010222275851990844
1978-01-10,-0.00045961305978150726
1978-01-11,-0.00045903891668070323
1978-01-12,0.0008987643261426826
1978-01-13,0.0029400429738723768
1978-01-16,0.0006554414784394251
1978-01-17,0.0002184804928131417
1978-01-18,0.0002184804928131417
1978-01-19,0.0008989001640382322
1978-01-20,0.00021820670773442844
1978-01-23,0.0006546201232032854
1978-01-24,-0.0011414270371761987
1978-01-25,-0.000460761940145371
1978-01-26,0.00157926411104294
1978-01-27,0.0008989001640382322
1978-01-30,0.0013353413428274642
1978-01-31,0.0015805821524563421
1978-02-01,-0.001144056488949194
1978-02-02,0.00021793292265571528
1978-02-03,-0.000462486748463621
1978-02-06,-0.0007050136217073419
1978-02-07,0.00021875427789185489
1978-02-08,-0.000460761940145371
1978-02-09,-0.0004601874008839209
1978-02-10,-0.00045961305978150726
1978-02-14,-0.001155738374461181
1978-02-15,-0.0018109478154841967
1978-02-16,-0.00113181621438486
1978-02-17,0.0008985824647537014
1978-02-21,0.0002094509402405849
1978-02-22,0.00022176591375770022
1978-02-23,0.001575996771941708
1978-02-24,0.0029344699851465593
1978-02-27,0.0020181988324587904
1978-02-28,-0.0011370525523383289
1978-03-01,-0.00045789122385313724
1978-03-02,0.0008987113780994987
1978-03-03,0.0002201232032854209
1978-03-06,-1.764481728229535e-05
1978-03-07,0.0015776254953942393
1978-03-08,0.00021984941820670772
1978-03-09,0.0008987643261426826
1978-03-10,0.0015786074751982296
1978-03-13,0.0013369013595540228
1978-03-14,0.00021875427789185489
1978-03-15,-0.000460761940145371
1978-03-16,0.0002190280629705681
1978-03-17,0.0002190280629705681
1978-03-20,0.002698340821202148
1978-03-21,0.00021820670773442844
1978-03-22,-0.0004619116137772994
1978-03-23,-0.0018191635167334325
1978-03-27,-0.006557784526802984
1978-03-28,0.0002223134839151266
1978-03-29,0.0008985322788233689
1978-03-30,-0.000453880512884613
1978-03-31,-0.0018027610817810845
1978-04-03,0.002020647579702029
1978-04-04,0.0008985074808191128
1978-04-05,-0.0011283331963871
1978-04-06,-0.0011265940420738833
1978-04-07,0.0015740553061956604
1978-04-10,-6.442478222558195e-06
1978-04-11,-0.0004515930029979846
1978-04-12,0.00022340862422997947
1978-04-13,0.0008984342647740695
1978-04-14,0.002250893121498663
1978-04-17,0.0033753974504067705
1978-04-18,0.00022121834360027377
1978-04-19,-0.0031568789728775495
1978-04-20,-0.0004527363657012922
1978-04-21,-0.0011265940420738833
1978-04-24,-0.0006780392057656455
1978-04-25,0.00022395619438740587
1978-04-26,-0.00246781858203013
1978-04-27,-0.0011196530646088456
1978-04-28,0.00022559890485968515
1978-05-01,0.0006767967145790554
1978-05-02,-0.00044645754540190526
1978-05-03,-0.0017876334525598007
1978-05-04,0.0008981589954111078
1978-05-05,-0.004459352829807474
1978-05-08,1.5903565451110987e-05
1978-05-09,0.0008980113467229705
1978-05-10,0.00022833675564681724
1978-05-11,0.00022833675564681724
1978-05-12,-0.0011092882453890302
1978-05-15,0.0013557596790041912
1978-05-16,0.0008980113467229705
1978-05-17,0.0008980318590791778
1978-05-18,-0.0024460075240908146
1978-05-19,-0.00043906743403075954
1978-05-22,0.0006882956878850104
1978-05-23,0.0008979509672150476
1978-05-24,-0.0011067057337968795
1978-05-25,-0.0004379333884964756
1978-05-26,-0.0011041266829649777
1978-05-31,0.0011526351813826146
1978-06-01,0.0008978731564708363
1978-06-02,0.0015661170975042342
1978-06-05,0.0013573425881364337
1978-06-06,0.0008979509672150476
1978-06-07,0.00022915811088295687
1978-06-08,-0.00043906743403075954
1978-06-09,-0.00177260415683608
1978-06-12,0.0013583988232318588
1978-06-13,-0.00043736665397382953
1978-06-14,0.00023025325119780974
1978-06-15,0.00023025325119780974
1978-06-16,-0.0011032677669902617
1978-06-19,-0.000639949441959593
1978-06-20,-0.0010998359331653392
1978-06-21,-0.0017622563324406048
1978-06-22,0.00023271731690622862
1978-06-23,-0.0030835958345491452
1978-06-26,-0.0019461584165689234
1978-06-27,0.000897576608380685
1978-06-28,0.000897592530028538
1978-06-29,0.00023463381245722106
1978-06-30,-0.003071546284925239
1978-07-03,0.0026943230718332626
1978-07-05,-0.0015133498389031644
1978-07-06,0.00023600273785078714
1978-07-07,-0.0024043291132691278
1978-07-10,-0.0006077229016395258
1978-07-11,0.0002376454483230664
1978-07-12,0.0008974418182229454
1978-07-13,-0.00042213688701967953
1978-07-14,0.0002376454483230664
1978-07-17,0.0026940518084888373
1978-07-18,0.0015587225878792854
1978-07-19,0.0008975148142086035
1978-07-20,-0.0024043291132691278
1978-07-21,-0.0004226984916350923
1978-07-24,0.0007121149897330595
1978-07-25,0.00023737166324435318
1978-07-26,0.0008974560407288565
1978-07-27,0.005536212161311988
1978-07-28,0.0022247000674974625
1978-07-31,3.928389823863169e-05
1978-08-01,0.0015614698391489988
1978-08-02,0.006898402396768976
1978-08-03,0.0035707241579903894
1978-08-04,0.0008979312260556671
1978-08-07,0.0020259206905520076
1978-08-08,0.000897991027395704
1978-08-09,0.0008980113467229705
1978-08-10,-0.0070994748538756956
1978-08-11,0.0008978168145257529
1978-08-14,2.7047578906780715e-05
1978-08-15,-0.00043453585771776313
1978-08-16,-0.005737693382519023
1978-08-17,0.00489116017507315
1978-08-18,0.0015639376725165187
1978-08-21,0.004031585644556085
1978-08-22,0.00023025325119780974
1978-08-23,0.00626009033100793
1978-08-24,-0.001779528600487215
1978-08-25,0.0008980113467229705
1978-08-28,1.5903565451110987e-05
1978-08-29,-0.0011084270231542358
1978-08-30,-0.0031060971622109564
1978-08-31,0.002234321366645302
1978-09-01,0.0008979312260556671
1978-09-05,0.0035953250298218307
1978-09-06,-0.0004407699458425235
1978-09-07,0.0008980113467229705
1978-09-08,0.00022833675564681724
1978-09-11,0.0026958607830662204
1978-09-12,0.0015692632727914422
1978-09-13,-0.0004436113250868771
1978-09-14,-0.0011127369918387709
1978-09-15,-0.001779528600487215
1978-09-18,-0.000651205941703175
1978-09-19,-0.00043906743403075954
1978-09-20,-0.005097593708292355
1978-09-21,-0.0030905021574376694
1978-09-22,-0.0030818716287136986
1978-09-25,0.0007030800821355237
1978-09-26,0.0022258947185268313
1978-09-27,-0.000430016518280513
1978-09-28,0.0002338124572210814
1978-09-29,-0.0010921366303234567
1978-10-02,-0.000621709800321095
1978-10-03,0.000897592530028538
1978-10-04,-0.0010895770357801685
1978-10-05,-0.0004266349976237047
1978-10-06,0.0015602450517491484
1978-10-10,0.0009396303901437372
1978-10-11,0.0015608566866823193
1978-10-12,0.0035564844242676696
1978-10-13,-0.000431145210170132
1978-10-16,-0.00393491338467287
1978-10-17,-0.0004266349976237047
1978-10-18,-0.0010870208475885447
1978-10-19,-0.0010853186105551189
1978-10-20,-0.001083617881477043
1978-10-23,0.00071129363449692
1978-10-24,0.0015584192281620688
1978-10-25,-0.0004238222651582128
1978-10-26,-0.004371658368456995
1978-10-27,-0.003701083763150043
1978-10-30,-0.005816672278991708
1978-10-31,-0.0049690351428493314
1978-11-01,0.020045344711062698
1978-11-02,-0.0043693764376740015
1978-11-03,-0.008267459157578934
1978-11-06,0.0013823649852431573
1978-11-08,-0.0001697601966360547
1978-11-09,-0.00041150193149697416
1978-11-10,0.0008972071508744431
1978-11-13,0.002693359681649383
1978-11-14,0.0008972509633691431
1978-11-15,0.004184735373565797
1978-11-16,0.002873266721087192
1978-11-17,0.00023874058863791923
1978-11-20,0.0007162217659137577
1978-11-21,-0.003045881247320567
1978-11-22,0.00024010951403148528
1978-11-24,-0.005408952036683771
1978-11-27,0.0007277207392197125
1978-11-28,0.00024257357973990416
1978-11-29,0.00024257357973990416
1978-11-30,0.00024257357973990416
1978-12-01,0.0041789700776775265
1978-12-04,-0.0005882043115509872
1978-12-05,-0.0017224520698357034
1978-12-06,0.00024229979466119095
1978-12-07,-0.0023717247166237785
1978-12-08,-0.0004098288621114741
1978-12-11,0.0007310061601642711
1978-12-12,-0.0010616445485695787
1978-12-13,-0.0036615284228462192
1978-12-14,0.0015489091516625178
1978-12-15,-0.002356269984650832
1978-12-18,-0.007668316771920092
1978-12-19,-0.00039650380890146603
1978-12-20,-0.0010415828414923399
1978-12-21,0.0002507871321013005
1978-12-22,0.003487316832482938
1978-12-26,-0.0002958244558046624
1978-12-27,0.0008969941998769138
1978-12-28,-0.00233394846241973
1978-12-29,0.0008969775712630956
1979-01-02,-0.000934006694885897
1979-01-03,0.001543157107213488
1979-01-04,0.003487316832482938
1979-01-05,0.0008970061928213807
1979-01-08,-0.0018384396301072247
1979-01-09,-0.0010415828414923399
1979-01-10,0.0002507871321013005
1979-01-11,0.0008969775712630956
1979-01-12,0.0008969829328842028
1979-01-15,0.00010452824676491062
1979-01-16,-0.00039539812640432124
1979-01-17,-0.0010399204948503744
1979-01-18,0.0002513347022587269
1979-01-19,0.0021899038507251565
1979-01-22,0.002692623135957267
1979-01-23,0.0015448674193590192
1979-01-24,0.0015454404287392558
1979-01-25,0.0067581132379697
1979-01-26,0.0035077167020988054
1979-01-29,-0.0012211036170917187
1979-01-30,0.0008971193954329171
1979-01-31,0.0002450376454483231
1979-02-01,0.000897128408358507
1979-02-02,0.0035122903872028878
1979-02-05,-0.0031806436082201586
1979-02-06,-0.0030069349865504327
1979-02-07,-0.005584339986578917
1979-02-08,0.000248870636550308
1979-02-09,-0.0010457450451927352
1979-02-13,0.0009976728268309377
1979-02-14,-0.00039761021620859135
1979-02-15,0.0002496919917864476
1979-02-16,0.0008970001055335573
1979-02-20,0.00035064440391461193
1979-02-21,-0.0016888771489855785
1979-02-22,-0.002973462895763899
1979-02-23,-0.00039263708372984087
1979-02-26,0.0014012655911992747
1979-02-27,0.0008969579339539923
1979-02-28,0.0015428733232735674
1979-03-01,0.0002510609171800137
1979-03-02,0.0008969723907018312
1979-03-05,0.0039888910966855385
1979-03-06,-0.0016899883724498194
1979-03-07,0.002840586065184071
1979-03-08,0.0002491444216290212
1979-03-09,-0.000398163692022846
1979-03-12,0.0007482546201232033
1979-03-13,0.00024941820670773443
1979-03-14,-0.00039761021620859135
1979-03-15,-0.0010432466354732548
1979-03-16,0.001544295864169464
1979-03-19,0.0007490759753593429
1979-03-20,-0.0003970569218825796
1979-03-21,0.00024996577686516085
1979-03-22,0.0008969941998769138
1979-03-23,0.0002496919917864476
1979-03-26,0.0007490759753593429
1979-03-27,0.0008970001055335573
1979-03-28,0.002843127530345614
1979-03-29,0.0008970323611445641
1979-03-30,-0.0029884803594845805
1979-04-02,0.0007482546201232033
1979-04-03,0.0008970061928213807
1979-04-04,0.0008970124618830851
1979-04-05,0.0015457274794669197
1979-04-06,-0.0016944387066483177
1979-04-09,-0.0018384396301072247
1979-04-10,-0.001686656331164543
1979-04-11,-0.0016833291707984619
1979-04-12,0.0002518822724161533
1979-04-16,0.0016526047512024525
1979-04-17,0.0021893407405897715
1979-04-18,0.0008969775712630956
1979-04-19,0.00025051334702258727
1979-04-20,-0.002329783872076177
1979-04-23,-0.0005342127089957312
1979-04-24,-0.0016789005296355842
1979-04-25,0.0008969411845030579
1979-04-26,-0.0023187100225130534
1979-04-27,-0.0029535531411529576
1979-04-30,-0.0011564307944008972
1979-05-01,-0.00038438091620342506
1979-05-02,0.0015381040821936195
1979-05-03,-0.0023035583925807603
1979-05-04,-0.00038273450643108275
1979-05-07,0.0007712525667351131
1979-05-08,0.0008969039395851192
1979-05-09,0.0015375497999861227
1979-05-10,0.00025626283367556467
1979-05-11,0.0015381040821936195
1979-05-14,0.0033352399795475813
1979-05-15,-0.0010283244031843938
1979-05-16,0.0008969163129249967
1979-05-17,0.004760667563791406
1979-05-18,0.0008969411845030579
1979-05-21,0.00011442463355633501
1979-05-22,0.006068626493858185
1979-05-23,0.0054378971820903555
1979-05-24,0.0008970323611445641
1979-05-25,0.0034986134992911846
1979-05-29,0.0009867214236824093
1979-05-31,-0.002750174790850536
1979-06-01,0.0008970393587352382
1979-06-04,9.461719405053097e-05
1979-06-05,0.002847377889521502
1979-06-06,0.0035031577549334268
1979-06-07,0.005473598978543236
1979-06-08,-0.0004098288621114741
1979-06-11,-0.0018773513564644662
1979-06-12,0.01008977695480977
1979-06-13,-0.002380192221656577
1979-06-14,-0.0023745442551595716
1979-06-15,-0.005620814309857862
1979-06-18,0.0013877422564869898
1979-06-19,0.0002450376454483231
1979-06-20,0.000897128408358507
1979-06-21,0.000897137605364567
1979-06-22,-0.003010302253856513
1979-06-25,0.003999434703467731
1979-06-26,0.007454854266707179
1979-06-27,0.0015536165410838844
1979-06-28,0.00024093086926762493
1979-06-29,-0.0004148530719154185
1979-07-02,0.004009666520492208
1979-07-03,-0.0004170908831493482
1979-07-05,-0.001487986723334309
1979-07-06,-0.0010700660500862372
1979-07-09,-0.0018929982558785383
1979-07-10,-0.003673348465884683
1979-07-11,-0.003011987263391472
1979-07-12,0.001549200594287798
1979-07-13,0.000897128408358507
1979-07-16,-0.002519090441077945
1979-07-17,-0.001054096733068502
1979-07-18,-0.0010524234756326587
1979-07-19,-0.00040204311640787595
1979-07-20,0.004153246549204978
1979-07-23,-0.0025101729527975134
1979-07-24,-0.001698897765980764
1979-07-25,0.004802768868091852
1979-07-26,0.0015486180766175858
1979-07-27,-0.0030035713834465397
1979-07-30,9.131023271651886e-05
1979-07-31,0.001547457446448669
1979-08-01,0.0015480370281093548
1979-08-02,0.005469608581316576
1979-08-03,-0.0004087144060749244
1979-08-06,0.0013855891326233017
1979-08-07,0.0002439425051334702
1979-08-08,-0.0010608044313069724
1979-08-09,-0.002360476085010946
1979-08-10,-0.0017056027748517722
1979-08-13,0.0007392197125256673
1979-08-14,0.0015483273688629271
1979-08-15,-0.001054933910843471
1979-08-16,0.0002464065708418891
1979-08-17,-0.0004037084635118844
1979-08-20,9.020754690569499e-05
1979-08-21,-0.0010515873953951896
1979-08-22,0.00024750171115674196
1979-08-23,-0.0004014883661686649
1979-08-24,-0.005570385230334988
1979-08-27,0.002044774988057212
1979-08-28,-0.0016888771489855785
1979-08-29,0.0008969829328842028
1979-08-30,-0.0042613655428803635
1979-08-31,-0.0016789005296355842
1979-09-04,-0.004119825388074927
1979-09-05,0.00025516769336071183
1979-09-06,-0.001666766181122321
1979-09-07,0.0008969099400923623
1979-09-10,-0.0005135936041067515
1979-09-11,0.00733364293356026
1979-09-12,-0.002956862468034778
1979-09-13,-0.0023090580793580806
1979-09-14,0.0034672112080244874
1979-09-17,-0.004357674099584814
1979-09-18,0.00089690658364788
1979-09-19,0.0034649952327033477
1979-09-20,0.001539496035754061
1979-09-21,0.0021837394202274605
1979-09-24,-0.00436674704052274
1979-09-25,0.0015386597914029158
1979-09-26,-0.0023063068112133623
1979-09-27,-0.004849079345823046
1979-09-28,0.00025845311430527034
1979-10-01,-0.0036784354948506525
1979-10-02,0.0028097746144605503
1979-10-03,-0.0016503235015150354
1979-10-04,-0.004814712231031568
1979-10-05,-0.0010053415557558167
1979-10-09,-0.019569358840275528
1979-10-10,-0.009659621615915779
1979-10-11,-0.004672860108591416
1979-10-12,0.001516772711188842
1979-10-15,-0.009006015713063791
1979-10-16,0.002746424280027253
1979-10-17,0.004606174779846793
1979-10-18,-0.01258080153830796
1979-10-19,-0.016062747506197832
1979-10-22,-0.015879373865654314
1979-10-23,-0.003282056778611891
1979-10-24,0.011734529559189856
1979-10-25,-0.008673451471957935
1979-10-26,0.019077591606365404
1979-10-29,-0.005756621911347284
1979-10-30,0.0021064337196338196
1979-10-31,0.0021078809632860285
1979-11-01,-0.003925789056921355
1979-11-02,-0.0027121019481761008
1979-11-05,0.0002890942715244243
1979-11-07,-0.008368406684099685
1979-11-08,0.0026952060115357237
1979-11-09,0.017253223349151626
1979-11-13,0.004203593072966225
1979-11-14,-0.006954009767895388
1979-11-15,0.008185825179315397
1979-11-16,-0.00875789667040113
1979-11-19,-0.0009229223939012725
1979-11-20,0.001501708094330255
1979-11-21,0.0033164761396994686
1979-11-23,0.014003503487455224
1979-11-26,0.009451336122120287
1979-11-27,0.008302380253901244
1979-11-28,-0.007694326869590153
1979-11-29,0.0021265904543616558
1979-11-30,-0.002169673880302536
1979-12-03,-0.002817310933414413
1979-12-04,0.007662607544546524
1979-12-05,0.0033627323121333016
1979-12-06,0.008956617229567415
1979-12-07,-0.010181684461066784
1979-12-10,0.0026941115279780366
1979-12-11,-0.011329838365838021
1979-12-12,-0.00701031334056451
1979-12-13,0.004558624237590574
1979-12-14,0.00395608535412076
1979-12-17,0.0026948037422611405
1979-12-18,0.0051990487984988065
1979-12-19,0.0008975781062172831
1979-12-20,-0.0027831358650346307
1979-12-21,-0.00032874649405848194
1979-12-24,-0.0028149490363102224
1979-12-26,-0.0012596565115227138
1979-12-27,0.001509197866844327
1979-12-28,0.003348471435138548
1979-12-31,0.005770864049699895
1980-01-02,-0.00980584544173998
1980-01-03,-0.0057880508334865535
1980-01-04,-0.0033459990925557336
1980-01-07,0.0026959584706153722
1980-01-08,0.0039409606010625976
1980-01-09,-0.0003186785328780184
1980-01-10,0.004558624237590574
1980-01-11,-0.010005895989685213
1980-01-14,-0.00033284461030720674
1980-01-15,0.0033243973407376137
1980-01-16,0.0002915811088295688
1980-01-17,-0.0033370441742120536
1980-01-18,-0.006328739147003811
1980-01-21,-0.0074902424141077405
1980-01-22,0.006913767234524899
1980-01-23,0.0021030735798073462
1980-01-24,-0.011051377428592576
1980-01-25,-0.005053939798329275
1980-01-28,-0.002057379142611127
1980-01-29,-0.0032488022495707563
1980-01-30,0.0032747693080027807
1980-01-31,0.0020884720816523508
1980-02-01,-0.009141301534036243
1980-02-04,-0.005537600842218783
1980-02-05,-0.01881971549205695
1980-02-06,-0.010610241097002964
1980-02-07,0.012512145901200164
1980-02-08,-0.00488297196518532
1980-02-11,-0.011068652297603078
1980-02-13,0.009308925728907257
1980-02-14,-0.0059913392578816865
1980-02-15,-0.012755392484531494
1980-02-19,-0.034669091806243474
1980-02-20,0.0009062573244212999
1980-02-21,-0.02039823086113193
1980-02-22,0.009155510798273462
1980-02-25,-0.010373084965680386
1980-02-26,-0.020038440132886932
1980-02-27,0.010652292970862322
1980-02-28,0.030202870968544973
1980-02-29,0.01149528764727288
1980-03-03,-0.002844063554371849
1980-03-04,-0.006284512193777323
1980-03-05,-0.006249661337885436
1980-03-06,-0.005124113101401235
1980-03-07,0.015316210906479931
1980-03-10,0.01391505698763399
1980-03-11,0.012754648407337683
1980-03-12,-0.011405684885732348
1980-03-13,0.007089829089808446
1980-03-14,-0.0007809380532324281
1980-03-17,-0.002333059319771847
1980-03-18,0.010501408634671099
1980-03-19,0.003166668419975608
1980-03-20,-0.014762622772186278
1980-03-21,-0.006888023658291585
1980-03-24,-0.021931196580787092
1980-03-25,0.004201760135357369
1980-03-26,0.0042105223354304035
1980-03-27,0.0036662217768908133
1980-03-28,0.014281665982409243
1980-03-31,0.005515851755811183
1980-04-01,-0.0024427947038910248
1980-04-02,0.003702103442520453
1980-04-03,0.006523133002899625
1980-04-07,0.02361573817541128
1980-04-08,-0.0042169774687793385
1980-04-09,0.00891557909985638
1980-04-10,0.0003301848049281314
1980-04-11,0.01594600388895816
1980-04-14,0.010869624352087624
1980-04-15,0.0032363361507486447
1980-04-16,0.04049419835362135
1980-04-17,-0.013369749175021595
1980-04-18,0.0050749368130053275
1980-04-21,0.009907418328348166
1980-04-22,0.005114435645937377
1980-04-23,-0.0039055238034784606
1980-04-24,-0.0038914040174058114
1980-04-25,0.0008988288062017732
1980-04-28,0.020314341491111585
1980-04-29,-0.0021321010180671523
1980-04-30,-0.005139433797047671
1980-05-01,0.011852200040096886
1980-05-02,0.020641479865893306
1980-05-05,0.004551346603776204
1980-05-06,0.02415434644673411
1980-05-07,-0.00971803644795713
1980-05-08,-0.013330832235437717
1980-05-09,-0.007104276229700964
1980-05-12,0.0008459958932238194
1980-05-13,0.010816330471052482
1980-05-14,-0.00034208433479187027
1980-05-15,-0.010177006931651399
1980-05-16,-0.0033984165879590387
1980-05-19,-0.00889742739147861
1980-05-20,0.019423381768899392
1980-05-21,0.00897361519739679
1980-05-22,-0.0009649785342912464
1980-05-23,0.01595250551321882
1980-05-27,-0.0057870270655267595
1980-05-28,-0.00841375973960424
1980-05-29,-0.008358712800024513
1980-05-30,-0.0003362029029706712
1980-06-02,-0.00284810524831534
1980-06-03,0.009565573582850685
1980-06-04,0.00586949386240014
1980-06-05,0.0033886036282522397
1980-06-06,0.013464914423256145
1980-06-09,0.005848147281247434
1980-06-10,-0.00600978045864031
1980-06-11,0.008473402565100837
1980-06-12,0.011072312695709083
1980-06-13,0.0015334379436893726
1980-06-16,0.003330513834173076
1980-06-17,-0.0010143375136281068
1980-06-18,-0.004184446268033974
1980-06-19,0.0002617385352498289
1980-06-20,0.0047193528239882244
1980-06-23,-0.008082318288424817
1980-06-24,-0.0028945908583153826
1980-06-25,-0.006650512439386606
1980-06-26,-0.00474439294116993
1980-06-27,-0.010304293990934356
1980-06-30,-0.002279048043400762
1980-07-01,-0.0022025078652020457
1980-07-02,-0.003431368117781423
1980-07-03,0.011489733825923621
1980-07-07,-0.010642543208491607
1980-07-08,0.0071072878045070785
1980-07-09,-0.0028208838728838756
1980-07-10,-0.00404555418644006
1980-07-11,-0.00403089502236284
1980-07-14,-0.0022280585586301575
1980-07-15,0.010180784913319342
1980-07-16,0.006491010452182148
1980-07-17,-0.008370470000428409
1980-07-18,0.0008973953394671135
1980-07-21,0.005175587863835256
1980-07-22,-0.0028145592698038354
1980-07-23,0.003998411088535579
1980-07-24,-0.007124612526278984
1980-07-25,-0.006473175684930188
1980-07-28,-0.0058722826076427455
1980-07-29,0.000897771585015948
1980-07-30,-0.004588607030028969
1980-07-31,-0.013591530378965586
1980-08-01,0.0002945927446954141
1980-08-04,0.0051207040125258105
1980-08-05,-0.0003123499930328372
1980-08-06,-0.00573205041262897
1980-08-07,0.005738593700281694
1980-08-08,-0.009318524920442654
1980-08-11,-0.008655283418238697
1980-08-12,0.0032920510498218075
1980-08-13,0.005702855549026971
1980-08-14,-0.00030185365692887836
1980-08-15,0.0027024395866692423
1980-08-18,-0.015152829852011378
1980-08-19,-0.006202940297268066
1980-08-20,0.0014919411961682705
1980-08-21,-0.004413997797807749
1980-08-22,0.010412269395793415
1980-08-25,-0.014952982300725141
1980-08-26,-0.0008623750653402456
1980-08-27,-0.014217600306533833
1980-08-28,-0.012353145453701187
1980-08-29,0.02018270888171775
1980-09-02,0.014826305535104724
1980-09-03,0.014601849123977896
1980-09-04,-0.004445191753136724
1980-09-05,-0.002656187288392876
1980-09-08,-0.0038023917960418488
1980-09-09,0.006237403911332192
1980-09-10,0.0032766770520001962
1980-09-11,-0.010308556922776834
1980-09-12,-0.002632336715556826
1980-09-15,-0.013626128386302113
1980-09-16,0.006166453079181495
1980-09-17,-0.002602797430631644
1980-09-18,0.002655161199903366
1980-09-19,0.012103549705428887
1980-09-22,-0.01997404834340266
1980-09-23,-0.003733794348181969
1980-09-24,0.0009013324883092496
1980-09-25,-0.008887552876731748
1980-09-26,-0.004263715970162163
1980-09-29,-0.0035901189491388845
1980-09-30,0.012441941979459316
1980-10-01,0.004953892521841864
1980-10-02,-0.0025648442285122045
1980-10-03,0.025590299104360816
1980-10-06,0.0038810294812152073
1980-10-07,-0.004385247073289015
1980-10-08,-0.0043676563491735895
1980-10-09,0.007370638325946723
1980-10-10,-0.0026219635478501517
1980-10-14,0.005371993846060156
1980-10-15,0.005034424972436827
1980-10-16,-0.010239176465443684
1980-10-17,-0.008422429497822003
1980-10-20,-0.000209527040357632
1980-10-21,-0.003164570478338947
1980-10-22,-0.010052639450478892
1980-10-23,0.0037914995938917655
1980-10-24,0.004960358861969691
1980-10-27,-0.021280182295428093
1980-10-28,-0.010423701383150078
1980-10-29,-0.008662209947221751
1980-10-30,0.00034168377823408624
1980-10-31,0.0014675628104786074
1980-11-03,0.0010234086242299795
1980-11-05,-0.007710924464597671
1980-11-06,-0.023301509893689606
1980-11-07,0.021574143308791295
1980-11-10,-0.005629307653966001
1980-11-12,0.01814186398098063
1980-11-13,-0.0007831129646926328
1980-11-14,-0.016322672943703723
1980-11-17,-0.007781545153801097
1980-11-18,0.018810262262495856
1980-11-19,0.006525339133517665
1980-11-20,-0.004137544858296621
1980-11-21,-0.011316564881093066
1980-11-24,0.0032761931848368495
1980-11-25,0.0014626694508803773
1980-11-26,0.0053767527725224985
1980-11-28,-0.0032070356124814722
1980-12-01,-0.010008291911462016
1980-12-02,-0.001302331097957128
1980-12-03,0.0020125902520406924
1980-12-04,0.0009066303415349964
1980-12-05,0.0036787778557511117
1980-12-08,-0.0022619443736656016
1980-12-09,-0.010072217164771361
1980-12-10,-0.00237962487794617
1980-12-11,-0.022259186433047654
1980-12-12,0.020037449802483957
1980-12-15,-0.0010969733466131917
1980-12-16,-0.013674494400823623
1980-12-17,0.012900667499965206
1980-12-18,0.0036404362317817474
1980-12-19,0.03276448792138694
1980-12-22,0.029542004889322095
1980-12-23,-0.011541135130504372
1980-12-24,-0.0036087718917637455
1980-12-26,0.010331001446832822
1980-12-29,0.0038504975885526736
1980-12-30,-0.010391503367053372
1980-12-31,-0.0019152521623887156
1981-01-02,0.001244475443930646
1981-01-05,0.016409285545523594
1981-01-06,0.002616421056382632
1981-01-07,-0.014915399233136156
1981-01-08,0.0020352542623281863
1981-01-09,-0.011991242852011946
1981-01-12,0.007790316145301083
1981-01-13,-0.0041499790738881845
1981-01-14,0.0003430527036276523
1981-01-15,-0.004690939528392982
1981-01-16,0.005397703182527653
1981-01-19,-0.0051185436931885445
1981-01-20,0.008214378352694519
1981-01-21,-0.014668233232070279
1981-01-22,-0.005188120784136944
1981-01-23,0.00201569025975912
1981-01-26,0.008860140706307584
1981-01-27,-0.0013229386762765418
1981-01-28,-0.001875442075308667
1981-01-29,-0.001316360250906617
1981-01-30,0.007046286099131703
1981-02-02,-0.008930155539564515
1981-02-03,-0.006264154220408891
1981-02-04,0.007003278984574681
1981-02-05,-0.004616052678487758
1981-02-06,-0.007330725178886023
1981-02-09,-0.005481049941617182
1981-02-10,-0.0029087132801777875
1981-02-11,-0.00776425871824535
1981-02-13,-0.011614970128341241
1981-02-17,0.018893626773786504
1981-02-18,0.0019982174353502923
1981-02-19,0.011891714148226276
1981-02-20,0.010867207586527176
1981-02-23,-0.014795784382722877
1981-02-24,-0.0007315967918764496
1981-02-25,-0.003995385001667317
1981-02-26,-0.009369946506368894
1981-02-27,0.002535343120051939
1981-03-02,-0.009111139541230825
1981-03-03,0.010663607056486769
1981-03-04,-0.00071473356777862
1981-03-05,0.0014515197995791115
1981-03-06,0.012938144256446682
1981-03-09,0.007122677356212952
1981-03-10,0.0009075638028292895
1981-03-11,-0.0018351221774352703
1981-03-12,0.005311583231778658
1981-03-13,0.009774442993558433
1981-03-16,0.0016104854273426199
1981-03-17,0.00983742085424028
1981-03-18,0.005949442256328551
1981-03-19,-0.004679506640413382
1981-03-20,-0.005212982685922946
1981-03-23,-0.018679283917560064
1981-03-24,-0.008895355296487946
1981-03-25,0.005281325391337007
1981-03-26,-0.006704504156138299
1981-03-27,-0.0007210395750425845
1981-03-30,0.008743166084932455
1981-03-31,0.005294725339264485
1981-04-01,-0.00018839532523793172
1981-04-02,-0.005640624640429761
1981-04-03,-0.007771207229615068
1981-04-06,-0.017090077984984985
1981-04-07,0.018262059527966907
1981-04-08,-0.01038882758605242
1981-04-09,0.00903177688687976
1981-04-10,-0.00716703165642226
1981-04-13,-0.003710901783626801
1981-04-14,0.0057590495600634475
1981-04-15,-0.00818946070575161
1981-04-16,-0.0022940672909335913
1981-04-20,0.006871559305428305
1981-04-21,-0.001766401777787148
1981-04-22,-0.0022953838344422256
1981-04-23,-0.0006904091747548881
1981-04-24,-0.003879583455941842
1981-04-27,-0.0009853609062522362
1981-04-28,-0.00015003582064013066
1981-04-29,-0.005962585672654799
1981-04-30,-0.002779982016343656
1981-05-01,0.003558335531459228
1981-05-04,-0.020688245227173514
1981-05-05,-0.0109505572165139
1981-05-06,0.007140819846978213
1981-05-07,0.01242632631992113
1981-05-08,0.00564226317601383
1981-05-11,-0.004581637361003518
1981-05-12,-0.005851633944083514
1981-05-13,-0.0011633915607188357
1981-05-14,0.013515670766463027
1981-05-15,0.009370035632812506
1981-05-18,0.015568171424417486
1981-05-19,-0.007582936372002141
1981-05-20,-0.002266565558084145
1981-05-21,-0.002260058243581728
1981-05-22,0.012652712008980644
1981-05-26,0.00956170289798195
1981-05-27,-0.0017686243751513027
1981-05-28,0.008458345834805377
1981-05-29,0.0036121450589491526
1981-06-01,0.003272829157763136
1981-06-02,-0.00609286411649126
1981-06-03,0.001989073381836982
1981-06-04,0.002530730377472756
1981-06-05,-0.002324509111544384
1981-06-08,0.011975933165246765
1981-06-09,-0.00017714380274493153
1981-06-10,0.0036312753911541856
1981-06-11,-0.00017958385706679083
1981-06-12,-0.0012653628792030558
1981-06-15,0.015368350128619666
1981-06-16,0.0009075638028292895
1981-06-17,-0.007830586961962581
1981-06-18,-0.017949945328428436
1981-06-19,0.0063224506314486055
1981-06-22,0.002188396916826652
1981-06-23,-0.006098482752181677
1981-06-24,-0.004996406068291573
1981-06-25,-0.0017697364387909685
1981-06-26,0.0009112279291340912
1981-06-29,0.0016607875152705558
1981-06-30,-0.0092117984656438
1981-07-01,-0.009139977516915889
1981-07-02,0.005160932440547786
1981-07-06,0.00899843074193081
1981-07-07,-0.011785338482294546
1981-07-08,-0.0033076918180921706
1981-07-09,-0.00014092868233596422
1981-07-10,0.009943107216270185
1981-07-13,-0.0015045560914138455
1981-07-14,-0.00804275152017501
1981-07-15,0.004613476843079518
1981-07-16,-0.0017245560648046546
1981-07-17,0.0014420164907212039
1981-07-20,-0.024723543925263148
1981-07-21,-0.0006352923729919665
1981-07-22,-0.0006339516514384426
1981-07-23,0.0035095380353370675
1981-07-24,0.008740494961201455
1981-07-27,0.0001416466346757893
1981-07-28,-0.004794505068163205
1981-07-29,-0.0037411407562572977
1981-07-30,-0.004753885681051462
1981-07-31,0.0024674714195581757
1981-08-03,-0.013093241771122536
1981-08-04,0.00040930869267624914
1981-08-05,0.0024551997015175592
1981-08-06,0.002970453711515982
1981-08-07,0.0019459521852992162
1981-08-10,0.010516165589482837
1981-08-11,0.013439301104084776
1981-08-12,-0.010470017029251669
1981-08-13,-0.0016663160452626813
1981-08-14,-0.004232092129161685
1981-08-17,0.0027568595679522186
1981-08-18,-0.0037077962362223834
1981-08-19,0.0014333543137840798
1981-08-20,-0.005737881810747453
1981-08-21,-0.0036747566669102613
1981-08-24,-0.016393300607676128
1981-08-25,-0.0010895929661351481
1981-08-26,0.0024353415509272875
1981-08-27,-0.0020949345399609255
1981-08-28,0.005974523071900551
1981-08-31,-0.006777188129164295
1981-09-01,0.00042190280629705683
1981-09-02,0.0009239661292083408
1981-09-03,-0.0035827654869809923
1981-09-04,-0.0010761441634320023
1981-09-08,-0.002289310295640636
1981-09-09,0.003424493914452235
1981-09-10,0.012015623500647088
1981-09-11,0.013136922976361478
1981-09-14,-0.006351733535127942
1981-09-15,0.006514186546379225
1981-09-16,-0.0011099290357149561
1981-09-17,0.008584575198435975
1981-09-18,0.0024551997015175592
1981-09-21,0.00790673152156575
1981-09-22,-0.01232302192104029
1981-09-23,-0.00969398273482689
1981-09-24,-0.0036131663703606633
1981-09-25,-0.017959887230256377
1981-09-28,0.0027799840825655266
1981-09-29,-0.005019998581432926
1981-09-30,-0.003519236451247755
1981-10-01,0.004893204520126999
1981-10-02,0.017492761564786248
1981-10-05,0.012398486872730239
1981-10-06,0.0029509841291688694
1981-10-07,0.005503955135331896
1981-10-08,0.0024506673308380984
1981-10-09,0.014314538451186276
1981-10-13,-0.0035171631725963194
1981-10-14,-0.0016429893619221158
1981-10-15,-0.00010494034701433043
1981-10-16,-0.0026579327903951734
1981-10-19,0.000716409644634785
1981-10-20,-0.006702320037083389
1981-10-21,-0.012165988769963608
1981-10-22,-0.0015897785602647777
1981-10-23,0.004452745345802701
1981-10-26,-0.01369082615710546
1981-10-27,0.003423641223352506
1981-10-28,0.005438478672999668
1981-10-29,0.019745039695193645
1981-10-30,0.022637657611220306
1981-11-02,0.0043106331756519204
1981-11-04,0.021308835301871342
1981-11-05,-0.00013758470857957506
1981-11-06,0.013660985174406058
1981-11-09,0.030971523079817116
1981-11-10,-0.0001756813408698809
1981-11-12,0.012215772454390329
1981-11-13,0.000908130982054204
1981-11-16,0.007125824663366987
1981-11-17,-0.005659167914893439
1981-11-18,0.01027711650041863
1981-11-19,-0.0018442799329437696
1981-11-20,-0.005121669364928274
1981-11-23,-0.015161754966364571
1981-11-24,0.01735687168485872
1981-11-25,0.00862970284114163
1981-11-27,0.004026812289968677
1981-11-30,-0.01044812181697286
1981-12-01,-0.012669702531144434
1981-12-02,-0.006118196786787678
1981-12-03,0.002534186816547262
1981-12-04,0.016796222062812137
1981-12-07,-0.017822378843364996
1981-12-08,0.0003696098562628337
1981-12-09,-0.007150912819582037
1981-12-10,-0.008167779815501966
1981-12-11,-0.0017542138279154824
1981-12-14,0.01296358543690254
1981-12-15,0.004146514850689599
1981-12-16,0.0014500083421892921
1981-12-17,-0.009272210556105836
1981-12-18,0.011173625328365862
1981-12-21,-0.015951228693232577
1981-12-22,-0.00967741989235519
1981-12-23,-0.00593801825617232
1981-12-24,0.007270430055384472
1981-12-28,0.0015342915811088296
1981-12-29,-0.005415978743009524
1981-12-30,-0.0022445039803454525
1981-12-31,0.010459669419452063
1982-01-04,-0.009510470425901701
1982-01-05,-0.012629615412486967
1982-01-06,-0.007370996729968729
1982-01-07,-0.0016684480090418516
1982-01-08,0.008199776535954146
1982-01-11,-0.015751663359265738
1982-01-12,0.010231382472755754
1982-01-13,-0.010372941344802305
1982-01-14,0.007108587315825915
1982-01-15,-0.005756220832147014
1982-01-18,0.004819474379770569
1982-01-19,-0.0021642812639150323
1982-01-20,-0.00010822625003588718
1982-01-21,0.010231382472755754
1982-01-22,-0.0032102301500174517
1982-01-25,0.004826770526757441
1982-01-26,0.004550358558007874
1982-01-27,0.001956169951182987
1982-01-28,0.01191984963154109
1982-01-29,0.008293497380620893
1982-02-01,-0.02162401086640312
1982-02-02,0.006120881632099783
1982-02-03,-0.0109505572165139
1982-02-04,-0.0031986587009549382
1982-02-05,0.006086407697515048
1982-02-08,-0.010573348272460158
1982-02-09,-0.0031674537487774
1982-02-10,0.007597143779835106
1982-02-11,0.005559361968552808
1982-02-16,0.01135468957105284
1982-02-17,0.001956495157103515
1982-02-18,0.011924026617920852
1982-02-19,0.0024901454852741408
1982-02-22,0.020864807679051762
1982-02-23,-0.002807114785451396
1982-02-24,0.003575692959461704
1982-02-25,-0.0017464897162383782
1982-02-26,-0.005968061479223395
1982-03-01,0.010742442205124367
1982-03-02,0.006265155543438592
1982-03-03,0.0030568849113942072
1982-03-04,0.004677376013543885
1982-03-05,0.0014491138893408212
1982-03-08,-0.0031762430733649713
1982-03-09,-0.0006980201562664284
1982-03-10,-0.001766401777787148
1982-03-11,-0.011299512214156333
1982-03-12,-0.0006787069527107182
1982-03-15,0.0016779583071006587
1982-03-16,0.003039988198396593
1982-03-17,0.0019773730572611938
1982-03-18,0.0009124009450511534
1982-03-19,-0.0006842048196961719
1982-03-22,0.009167077614297874
1982-03-23,0.0014472076365499285
1982-03-24,-0.009723541750532787
1982-03-25,0.0009126004317762766
1982-03-26,-0.005443799491824495
1982-03-29,-0.006745417406933727
1982-03-30,-0.001189754700441833
1982-03-31,0.000914516532598672
1982-04-01,0.004609383284260683
1982-04-02,0.00038603696098562623
1982-04-05,-0.002000414050304104
1982-04-06,-0.0006643509704502629
1982-04-07,0.00038822724161533196
1982-04-08,0.010989985485180119
1982-04-12,0.00952906810209811
1982-04-13,0.0003786447638603696
1982-04-14,-0.005990024554402548
1982-04-15,0.0025081598212753757
1982-04-16,0.011094793347998516
1982-04-19,0.0038099315279119727
1982-04-20,-0.002839078121489919
1982-04-21,0.0019840587117711155
1982-04-22,-0.000696634050001656
1982-04-23,0.0014476437028058187
1982-04-26,0.0005885026450233895
1982-04-27,0.00037508555783709785
1982-04-28,-0.0033661715258928894
1982-04-29,-0.004946807816284562
1982-04-30,0.0003797399041752224
1982-05-03,-0.0031066002189846357
1982-05-04,0.004640996606332098
1982-05-05,0.004116617577942235
1982-05-06,0.014398588403649598
1982-05-07,0.003614145493961198
1982-05-10,0.0005668235788229667
1982-05-11,0.0019923371237143264
1982-05-12,-0.006628546928962686
1982-05-13,-0.0012407660505050929
1982-05-14,0.007940778932167958
1982-05-17,-0.003740785162929524
1982-05-18,-0.001242578338247937
1982-05-19,-0.001776419554187136
1982-05-20,0.006308022720296589
1982-05-21,0.0009101580677022712
1982-05-24,-0.0021202591544581314
1982-05-25,-0.0017786513575146835
1982-05-26,-0.0028452044426786876
1982-05-27,-0.0017675128216108652
1982-05-28,0.000911356230950135
1982-06-01,-0.01018307108685281
1982-06-02,0.004109525085524561
1982-06-03,-0.0017475916502245113
1982-06-04,-0.00386030788860233
1982-06-07,0.0032720028233741132
1982-06-08,-0.001738790227516468
1982-06-09,-0.00014715502047633896
1982-06-10,-0.0012048407856293478
1982-06-11,0.00516410357906854
1982-06-14,-0.013565832436420046
1982-06-15,0.0003890485968514716
1982-06-16,-0.0022328965422680853
1982-06-17,-0.011048099372381177
1982-06-18,-0.006843834694066894
1982-06-21,0.000683845350724211
1982-06-22,-0.0011485971018627558
1982-06-23,-0.003717027839517471
1982-06-24,0.0019497411559056747
1982-06-25,-0.002169304242739525
1982-06-28,0.002757319674892871
1982-06-29,0.0066116546941603575
1982-06-30,0.009252674563394249
1982-07-01,0.002481604265692928
1982-07-02,-0.004801312607802805
1982-07-06,0.0026278770586507846
1982-07-07,-0.00012332128286036295
1982-07-08,0.01616943866680962
1982-07-09,0.00885358772120705
1982-07-12,0.009670302490928252
1982-07-13,-0.00755938723371106
1982-07-14,-0.003837309109510104
1982-07-15,0.007813217904841855
1982-07-16,0.01431534806892901
1982-07-19,0.0021979606845106163
1982-07-20,0.008467047069018326
1982-07-21,-0.003395794992254031
1982-07-22,0.0052317511253662675
1982-07-23,-0.002324509111544384
1982-07-26,-0.01748804598803048
1982-07-27,0.0030438014839625997
1982-07-28,-0.005453957202501476
1982-07-29,0.007847360945936794
1982-07-30,0.008423714603936037
1982-08-02,0.01575813455178474
1982-08-03,-0.005032178481092384
1982-08-04,-0.008747788134850965
1982-08-05,-0.000697326975512808
1982-08-06,-0.007616737802978356
1982-08-09,0.009176354306303806
1982-08-10,0.0009112279291340912
1982-08-11,-0.000696634050001656
1982-08-12,0.009000563707000187
1982-08-13,0.019498347133095232
1982-08-16,0.007122677356212952
1982-08-17,0.024933966669780237
1982-08-18,0.004829981123204099
1982-08-19,0.00597121461075541
1982-08-20,0.01340342138492214
1982-08-23,-0.0119362130057834
1982-08-24,0.007126529582425259
1982-08-25,-0.0041707920784340505
1982-08-26,-0.006390477629578744
1982-08-27,-0.011887524523480242
1982-08-30,-0.0011715533781994402
1982-08-31,0.00035071868583162215
1982-09-01,0.003131788717123572
1982-09-02,0.009305649933654394
1982-09-03,0.007660093733976304
1982-09-07,-0.0020025029234680986
1982-09-08,0.0014666730124751031
1982-09-09,-0.0007802136410956231
1982-09-10,-0.01079404301687916
1982-09-13,0.006636658177811782
1982-09-14,0.004270558712679069
1982-09-15,-0.0018952669657763097
1982-09-16,0.00034496919917864475
1982-09-17,0.005401212438473809
1982-09-20,0.0032783655027904934
1982-09-21,0.016850240954102216
1982-09-22,0.008349198284669887
1982-09-23,0.006078518503792719
1982-09-24,-0.008243958547222137
1982-09-27,0.006730235389812831
1982-09-28,0.008406127255393943
1982-09-29,0.003215330721266084
1982-09-30,0.004381882577672237
1982-10-01,0.013192092942923977
1982-10-04,-0.011235423704349386
1982-10-05,0.0020632220983488733
1982-10-06,0.011440604194980428
1982-10-07,0.03568475077136937
1982-10-08,0.005112704405054065
1982-10-12,0.019464204571226273
1982-10-13,0.008869168689038889
1982-10-14,-0.013075410045216554
1982-10-15,-0.008162005797473707
1982-10-18,0.011219743108647788
1982-10-19,0.0015068217447664573
1982-10-20,-0.007579332802017324
1982-10-21,0.00029267624914442163
1982-10-22,-0.006934270606665778
1982-10-25,-0.016954044290904267
1982-10-26,0.014721207820124635
1982-10-27,-0.0015024105436831413
1982-10-28,0.008140655700580274
1982-10-29,0.003923491920069661
1982-11-01,0.010008083248598868
1982-11-03,0.006689511576512932
1982-11-04,0.0027350269306985813
1982-11-05,-0.0033784373342154663
1982-11-08,-0.003401028774733228
1982-11-09,0.0027282594558214975
1982-11-10,0.0021196154506010864
1982-11-12,-0.005506759514824177
1982-11-15,-0.003375018724983587
1982-11-16,-0.0009199881037560187
1982-11-17,0.005154607119394048
1982-11-18,0.008234526489115643
1982-11-19,0.0027350269306985813
1982-11-22,0.00024394608135021613
1982-11-23,-0.0058078032442960325
1982-11-24,-0.003358576550911058
1982-11-26,0.005458678084448471
1982-11-29,-0.015416445963605125
1982-11-30,-0.000307618759989504
1982-12-01,0.003315489597205801
1982-12-02,0.003927219269571386
1982-12-03,0.01312012279447045
1982-12-06,0.0014710947292740331
1982-12-07,-0.0009348665092109974
1982-12-08,-0.008211585001658134
1982-12-09,0.002723032351108208
1982-12-10,-0.004558598966148209
1982-12-13,0.0039120870345050514
1982-12-14,0.0094572504802494
1982-12-15,-0.0021540600989978917
1982-12-16,-0.005182801067998922
1982-12-17,-0.0027427764082856537
1982-12-20,-0.0027562185838303885
1982-12-21,0.010038043903383757
1982-12-22,0.0008979136696143594
1982-12-23,0.0039535547837001
1982-12-27,0.002981557404336586
1982-12-28,0.00028583162217659134
1982-12-29,-0.001546804509030159
1982-12-30,0.002121598472098393
1982-12-31,0.005195463321971093
1983-01-03,0.0033098913456693717
1983-01-04,-0.00278469918101972
1983-01-05,0.0015118493650072592
1983-01-06,-0.002168369126007122
1983-01-07,0.0021255881109800536
1983-01-10,-0.00037546177945040174
1983-01-11,0.002741087045454986
1983-01-12,0.0015125794098071563
1983-01-13,0.0033627323121333016
1983-01-14,-0.00033460237202286323
1983-01-17,0.00084435318275154
1983-01-18,-0.0009490704946327677
1983-01-19,-0.006454516990078058
1983-01-20,-0.0009388013904257472
1983-01-21,-0.010645483410733077
1983-01-24,-0.00457372024949614
1983-01-25,0.005149328791234661
1983-01-26,-0.003946165825795046
1983-01-27,0.001504245463058707
1983-01-28,-0.002126961280221061
1983-01-31,-0.004542842655238451
1983-02-01,0.001501708094330255
1983-02-02,-0.0057098290816653
1983-02-03,-0.0026984022838187033
1983-02-04,-0.0032873383538662305
1983-02-07,0.0026982028696542733
1983-02-08,-0.0014932306521804638
1983-02-09,-0.00029662924432796684
1983-02-10,0.010530623272651226
1983-02-11,0.0021040312301205165
1983-02-14,0.000887063655030801
1983-02-15,-0.00211032781997908
1983-02-16,0.0021035521663698453
1983-02-17,0.006343619681420252
1983-02-18,0.006976283899625303
1983-02-22,0.009716528417761931
1983-02-23,0.001509677005637324
1983-02-24,0.0015101574539556283
1983-02-25,0.010145731142883243
1983-02-28,0.0002266712650917619
1983-03-01,0.0033678647842409998
1983-03-02,-0.0021853823883011387
1983-03-03,0.002132138811152729
1983-03-04,-0.0021840697063280944
1983-03-07,-0.008946628385501976
1983-03-08,-0.005200780179824088
1983-03-09,0.0027305094016439953
1983-03-10,-0.003974882299716116
1983-03-11,-0.002142411398503048
1983-03-14,0.007586562164787454
1983-03-15,0.001509197866844327
1983-03-16,-0.003979002774131798
1983-03-17,-0.0015374387886404545
1983-03-18,-0.0009270211926817826
1983-03-21,-0.0003461267969996104
1983-03-22,-0.0009238921478003488
1983-03-23,0.002723032351108208
1983-03-24,0.00028966461327857633
1983-03-25,-0.00334958781327024
1983-03-28,-0.00033815362088007023
1983-03-29,0.00393720134002211
1983-03-30,0.0008980270637689065
1983-03-31,-0.0015312168854613932
1983-04-04,0.0023781596525460354
1983-04-05,0.007004142073302837
1983-04-06,0.00028720054757015744
1983-04-07,-0.000932509498907342
1983-04-08,0.00028774811772758386
1983-04-11,0.0069873676819404325
1983-04-12,-0.00032715289448532174
1983-04-13,0.002124088300944499
1983-04-14,0.0064395836907993505
1983-04-15,-0.0021762075292976473
1983-04-18,0.003310536018869684
1983-04-19,-0.005847547442750133
1983-04-20,0.00028446269678302535
1983-04-21,-0.0021631566768023996
1983-04-22,0.0008977209986085464
1983-04-25,0.0020812073178737584
1983-04-26,0.0021250876806805856
1983-04-27,0.005208035602768794
1983-04-28,-0.0009482785849501451
1983-04-29,0.002746424280027253
1983-05-02,0.001459830759983191
1983-05-03,0.00028090349075975357
1983-05-04,0.008960012120919361
1983-05-05,-0.0021985458126547617
1983-05-06,0.00213723516978753
1983-05-09,-0.006566529595661562
1983-05-10,0.0058507177839111375
1983-05-11,-0.0009585992997220582
1983-05-12,-0.0028066723022731454
1983-05-13,0.0008974216300330369
1983-05-16,-0.008362062131180808
1983-05-17,-0.0021657615888297
1983-05-18,-0.0009388013904257472
1983-05-19,-0.0033766269281849037
1983-05-20,-0.002758234205178876
1983-05-23,-0.0009592616447505763
1983-05-24,0.0008979696369107641
1983-05-25,-0.0009270211926817826
1983-05-26,-0.0027443185513365423
1983-05-27,0.000898085946797194
1983-05-31,-0.010279294904903126
1983-06-01,0.0027090039799651335
1983-06-02,-0.000308143813665161
1983-06-03,-0.000307618759989504
1983-06-06,0.0008862422997946612
1983-06-07,-0.003312098023897657
1983-06-08,-0.0038994658443240065
1983-06-09,0.0027009878169387638
1983-06-10,-0.0003023769649593593
1983-06-13,0.009346950786267303
1983-06-14,-0.0009122041040757911
1983-06-15,0.00331746348244187
1983-06-16,0.005145816364157199
1983-06-17,-0.002130815120076072
1983-06-20,-0.006352750758453708
1983-06-21,0.0008984469599348739
1983-06-22,-0.002111603494487964
1983-06-23,-0.00390350337834267
1983-06-24,-0.00686572256643913
1983-06-27,-0.004448027661685757
1983-06-28,0.004479850784376447
1983-06-29,0.0032910843136722363
1983-06-30,0.0020964232666426373
1983-07-01,0.0020978405167386186
1983-07-05,-0.015387044439234962
1983-07-06,0.0032747693080027807
1983-07-07,-0.007369438274084154
1983-07-08,-0.002048587848660393
1983-07-11,0.00388378469036946
1983-07-12,-0.007912395362966012
1983-07-13,0.0014881187932743972
1983-07-14,0.0014885386160823787
1983-07-15,-0.007294292000875588
1983-07-18,0.006820172328545028
1983-07-19,0.0032558613864231345
1983-07-20,0.0050360987734773465
1983-07-21,-0.0020498329884260738
1983-07-22,-0.0061470179653081445
1983-07-25,0.0021137820278878095
1983-07-26,-0.004372046777809432
1983-07-27,-0.0008555781995825831
1983-07-28,-0.008407050204370678
1983-07-29,-0.005471941655964879
1983-08-01,-0.0013468051893590946
1983-08-02,-0.0008323526065037254
1983-08-03,-0.005429942504802829
1983-08-04,-0.01108732843995286
1983-08-05,0.0014741778627262597
1983-08-08,-0.00469478099404938
1983-08-09,0.0043273679048477865
1983-08-10,-0.0019461325831632366
1983-08-11,0.007776397632122978
1983-08-12,0.00492502698369397
1983-08-15,0.012564254198148106
1983-08-16,0.0032235034271899045
1983-08-17,0.003810985495294497
1983-08-18,-0.002583758076740659
1983-08-19,-0.0008398135023121542
1983-08-22,0.011480665116699082
1983-08-23,-0.001434974335629492
1983-08-24,0.0020698458456736256
1983-08-25,-0.004343594996829723
1983-08-26,-0.0014270593333141361
1983-08-29,-0.011154589982794066
1983-08-30,-0.0019786109107662532
1983-08-31,-0.004265853740643054
1983-09-01,0.0009021895178668198
1983-09-02,-0.0019653280082858647
1983-09-06,0.010547032639796556
1983-09-07,0.009032367590694028
1983-09-08,-0.00373186700135616
1983-09-09,0.002641578309966174
1983-09-12,0.010889055182338524
1983-09-13,-0.00375894432264164
1983-09-14,-0.007210048629192589
1983-09-15,-0.0031442715704756794
1983-09-16,0.008457692375551124
1983-09-19,0.002122333010721574
1983-09-20,0.005571952006518008
1983-09-21,-0.003757003459993455
1983-09-22,0.002650379990120548
1983-09-23,0.006758643038545023
1983-09-26,0.005643592845771493
1983-09-27,-0.0020336937131844117
1983-09-28,-0.0020287484208714518
1983-09-29,-0.000270739905312476
1983-09-30,0.0038354136227038127
1983-10-03,-0.0008184883534371399
1983-10-04,0.0009003123831520176
1983-10-05,0.006791983585068318
1983-10-06,0.002670380608041781
1983-10-07,-0.0008691965153316835
1983-10-11,-0.012765551039669252
1983-10-12,-0.0008495570427579229
1983-10-13,-0.003173066163103525
1983-10-14,0.004402750757408715
1983-10-17,0.007397472210915829
1983-10-18,-0.0008570864983289704
1983-10-19,0.00031457905544147845
1983-10-20,0.0014866589764006048
1983-10-21,0.00266204270100157
1983-10-24,-0.01243466682533439
1983-10-25,-0.002002943435741807
1983-10-26,-0.0008398135023121542
1983-10-27,0.003809832142003178
1983-10-28,-0.0008428061527184145
1983-10-31,-0.0025182280315207933
1983-11-01,0.0032253277321682323
1983-11-02,-0.00026049056871291405
1983-11-03,-0.0025764687352194345
1983-11-04,-0.005448270859539205
1983-11-07,0.000973305954825462
1983-11-09,0.0012261098221232236
1983-11-10,0.00786800728899404
1983-11-14,0.00302546752876515
1983-11-15,-0.0008413092334067935
1983-11-16,0.00032032854209445585
1983-11-17,-0.0008398135023121542
1983-11-18,0.0003208761122518823
1983-11-21,0.005034735282737763
1983-11-22,0.004988052955594559
1983-11-23,-0.0008495570427579229
1983-11-25,0.0029711090435917335
1983-11-28,-0.0037089712607428645
1983-11-29,0.0032354146708231447
1983-11-30,-0.0025939943613392273
1983-12-01,0.00031841204654346343
1983-12-02,-0.0066337950463098315
1983-12-05,-0.0007708634973055292
1983-12-06,0.0014807681038376923
1983-12-07,-0.001413276857114273
1983-12-08,-0.005437788729101315
1983-12-09,-0.00025030064431842946
1983-12-12,0.0027070144282956674
1983-12-13,-0.004272274033648119
1983-12-14,-0.0008212163809389134
1983-12-15,0.0009021490253455427
1983-12-16,0.004937809210524743
1983-12-19,0.0015523045050840163
1983-12-20,0.0009017521265677302
1983-12-21,0.0020571304805605917
1983-12-22,0.0037972041020956273
1983-12-23,-0.0008345877744409517
1983-12-27,0.0036086109449115916
1983-12-28,-0.0031459582734843635
1983-12-29,0.0014801729912517034
1983-12-30,-0.0014103347853703305
1984-01-03,-0.001012616689090203
1984-01-04,0.004953892521841864
1984-01-05,0.0009014074589509535
1984-01-06,0.002641578309966174
1984-01-09,-0.00019527233493485217
1984-01-10,0.0026429258693960395
1984-01-11,-0.002575013088555322
1984-01-12,0.0003219712525667351
1984-01-13,0.010235385804575468
1984-01-16,0.003873738905718213
1984-01-17,-0.001434974335629492
1984-01-18,-0.0020139703861955993
1984-01-19,0.0009007891361321048
1984-01-20,-0.002010289368549341
1984-01-23,0.0015382667881017281
1984-01-24,0.00031841204654346343
1984-01-25,-0.00026355908991775614
1984-01-26,0.000900895124857375
1984-01-27,0.00031841204654346343
1984-01-30,-0.0007892478813587137
1984-01-31,-0.0002620241594037238
1984-02-01,0.0020654188088982447
1984-02-02,0.002650379990120548
1984-02-03,0.00031759069130732375
1984-02-06,-0.004852607282035124
1984-02-07,-0.0002599796690223796
1984-02-08,-0.00025946891774510826
1984-02-09,-0.0002589583147675681
1984-02-10,-0.005453520729818021
1984-02-14,0.00014154315676018214
1984-02-15,0.0026362117456426434
1984-02-16,-0.0008316081394975645
1984-02-17,-0.004854325651095959
1984-02-21,0.001881004190454679
1984-02-22,-0.0008241796084724023
1984-02-23,-0.006541256141927603
1984-02-24,0.0037722688833003145
1984-02-27,-0.0024491831289431792
1984-02-28,-0.0019557118430377648
1984-02-29,0.0031938275659131148
1984-03-01,-0.0013859711843437503
1984-03-02,0.0049202528920409515
1984-03-05,-0.0035901189491388845
1984-03-06,-0.0008123545754933756
1984-03-07,-0.00705816271697389
1984-03-08,-0.0008013356602065667
1984-03-09,-0.0019330209480946112
1984-03-12,0.0032804228726597273
1984-03-13,-0.0013666754725501903
1984-03-14,-0.0019294570072707798
1984-03-15,0.0003370294318959617
1984-03-16,-0.001359962419769437
1984-03-19,-0.005181180748358101
1984-03-20,0.0009042548744396141
1984-03-21,-0.00022257738065275872
1984-03-22,-0.0019081801287000196
1984-03-23,0.0009044451247016284
1984-03-26,0.0021509303669467804
1984-03-27,0.0003411362080766598
1984-03-28,0.00259651495259376
1984-03-29,0.0009041136602346478
1984-03-30,-0.006396427527839249
1984-04-02,-0.0006528936921166817
1984-04-03,-0.004684076064808459
1984-04-04,-0.0007701010513377874
1984-04-05,0.0014642186333626394
1984-04-06,0.008211493981919784
1984-04-09,0.0032783655027904934
1984-04-10,-0.002466506165555693
1984-04-11,0.0014668504127346436
1984-04-12,0.005985157883881909
1984-04-13,-0.009187978799254629
1984-04-16,-0.0012058006905354367
1984-04-17,0.002587077763534192
1984-04-18,-0.006903857473909369
1984-04-19,-0.003544225411866494
1984-04-23,-0.00026748961435630903
1984-04-24,0.00313262559515489
1984-04-25,0.0036957023536151007
1984-04-26,0.0014638724419132614
1984-04-27,-0.0063195970995508855
1984-04-30,-0.0006141421618719173
1984-05-01,0.0003509924709103354
1984-05-02,-0.0018650107417267337
1984-05-03,-0.0013079317626707961
1984-05-04,-0.009535843297428846
1984-05-07,-0.0022150274776642155
1984-05-08,0.00255532167845089
1984-05-09,-0.0061978192776883665
1984-05-10,-0.0018203135245734928
1984-05-11,-0.010997646312371327
1984-05-14,-0.005355834684595298
1984-05-15,0.00577749303383741
1984-05-16,0.0041635032935985385
1984-05-17,-0.0066436541050824745
1984-05-18,0.005241581331064737
1984-05-21,0.0021880016613176467
1984-05-22,-0.00448980156229591
1984-05-23,-0.0007084486273487825
1984-05-24,-0.009268167080987029
1984-05-25,-0.0012290236310521943
1984-05-29,-0.005941624828767482
1984-05-30,-0.004918716004296819
1984-05-31,0.00463546058964477
1984-06-01,0.015426739103463556
1984-06-04,0.01249782035710079
1984-06-05,0.0030820150861792586
1984-06-06,-0.00880178519199261
1984-06-07,0.0003707049965776865
1984-06-08,0.0046986793417774595
1984-06-11,-0.005355834684595298
1984-06-12,0.0025290091537974175
1984-06-13,0.005784906697271243
1984-06-14,0.003080424992669471
1984-06-15,0.01020069414223702
1984-06-18,-0.0021853731022174866
1984-06-19,-0.005606375622621895
1984-06-20,-0.01413092531136969
1984-06-21,-0.003374857503263903
1984-06-22,-0.0006945568030064917
1984-06-25,0.0005936559987061175
1984-06-26,-0.0017597461975079468
1984-06-27,0.001981579587818597
1984-06-28,-0.0017586387110143523
1984-06-29,-0.0017542138279154824
1984-07-02,-0.0004604046058728935
1984-07-03,0.004116617577942235
1984-07-05,0.0023590503627404142
1984-07-06,0.0014467738640292684
1984-07-09,0.01572364877817325
1984-07-10,-0.002328504807418349
1984-07-11,-0.0007077515948714566
1984-07-12,0.007414923911286588
1984-07-13,0.006900361418626958
1984-07-16,4.419264823225228e-06
1984-07-17,-0.0023499137446428256
1984-07-18,0.0030860017758904865
1984-07-19,0.004183137895110368
1984-07-20,-0.005611628824981365
1984-07-23,0.0016406793218527857
1984-07-24,0.0025423248108013253
1984-07-25,0.014103748173387217
1984-07-26,0.009764019762412004
1984-07-27,-0.002959202895786456
1984-07-30,-0.004434607680445224
1984-07-31,0.008097706221314943
1984-08-01,0.005904459617350689
1984-08-02,0.004247316073492241
1984-08-03,0.00762295913521704
1984-08-06,-0.005646742019466581
1984-08-07,0.0025796181453535813
1984-08-08,0.002022761111245826
1984-08-09,0.0031444141029778726
1984-08-10,-0.003560709706817941
1984-08-13,-0.0022984674133925396
1984-08-14,0.004256317666438896
1984-08-15,-0.0035497115264168494
1984-08-16,0.0025790001013931575
1984-08-17,0.00034770704996577685
1984-08-20,0.0016008946157020031
1984-08-21,0.00426277632737118
1984-08-22,-0.0013304815988443458
1984-08-23,-0.001884751597748426
1984-08-24,0.002022761111245826
1984-08-27,-0.007286538672989937
1984-08-28,0.00035071868583162215
1984-08-29,-0.0007586099828331749
1984-08-30,-0.00020317724221686646
1984-08-31,0.0031292821908779347
1984-09-04,-0.0035813127009234036
1984-09-05,-0.00185808101144714
1984-09-06,0.00645981807193814
1984-09-07,0.0064836839471190556
1984-09-10,0.005517790675133911
1984-09-11,0.004834557187828582
1984-09-12,-0.00021758289869084333
1984-09-13,0.006540825115497025
1984-09-14,0.001468279693171938
1984-09-17,0.00214872195616692
1984-09-18,0.003166668419975608
1984-09-19,0.006015269105351782
1984-09-20,-0.0013657151878425436
1984-09-21,-0.009237267893769375
1984-09-24,-0.0029084835797056024
1984-09-25,-0.0018999548662533231
1984-09-26,0.005973202297076206
1984-09-27,0.008836133211756332
1984-09-28,-0.008666099710495973
1984-10-01,-0.0029036874892141205
1984-10-02,0.00034332648870636544
1984-10-03,0.00034332648870636544
1984-10-04,0.001466495891461069
1984-10-05,0.0076814734686886125
1984-10-09,0.003052504086381321
1984-10-10,0.00033839835728952767
1984-10-11,0.003170134325157594
1984-10-12,0.0020381313470077215
1984-10-15,-0.002385347975896151
1984-10-16,0.0014700916113541648
1984-10-17,0.0026054371198889446
1984-10-18,0.011192448980579923
1984-10-19,0.009532775482895389
1984-10-22,0.0027073683533281206
1984-10-23,0.007269509061390736
1984-10-24,0.0026409054195906884
1984-10-25,-0.004875792547175048
1984-10-26,-0.008855474985622573
1984-10-29,0.0032834474632539704
1984-10-30,0.01191381353156342
1984-10-31,-0.0019919646080788058
1984-11-01,0.00788206951903892
1984-11-02,0.000319233401779603
1984-11-05,0.004455232497680047
1984-11-07,-0.006325545527060216
1984-11-08,-0.004880577500693832
1984-11-09,0.006126349202750506
1984-11-13,-0.0027681337071232812
1984-11-14,-0.0014113150339973375
1984-11-15,0.004961978406125762
1984-11-16,0.002644275803429479
1984-11-19,0.005621615176709699
1984-11-20,0.004994619450117886
1984-11-21,0.00854704969820714
1984-11-23,0.009497651203474787
1984-11-26,-0.001439350812248237
1984-11-27,0.000308829568788501
1984-11-28,-0.005573215102035175
1984-11-29,-0.00203740903975138
1984-11-30,-0.0090214662188078
1984-12-03,0.002118890068967217
1984-12-04,0.002655846633799676
1984-12-05,0.0003154004106776181
1984-12-06,-0.004928719989718971
1984-12-07,-0.004906989735994267
1984-12-10,0.003286962249020111
1984-12-11,0.005571952006518008
1984-12-12,0.0020698458456736256
1984-12-13,-0.008972471735857884
1984-12-14,0.008494453169561643
1984-12-17,0.005048375917329509
1984-12-18,0.012121898232111237
1984-12-19,-0.0026367937724656454
1984-12-20,-0.001454888243164799
1984-12-21,0.002078835592746712
1984-12-24,0.002701144348164013
1984-12-26,-0.007591794628261674
1984-12-27,0.00031348391512662555
1984-12-28,-0.0002727969826639222
1984-12-31,-0.00431575194734516
1985-01-02,-0.008075484898345727
1985-01-03,0.004979871832799628
1985-01-04,-0.002588140588670189
1985-01-07,0.01090857788403878
1985-01-08,0.003247452580540492
1985-01-09,-0.0008585960045937572
1985-01-10,-0.00027176814187622315
1985-01-11,-0.006100392866616011
1985-01-14,0.0003690260590164037
1985-01-15,0.006758643038545023
1985-01-16,-0.0008555781995825831
1985-01-17,0.002072523697654822
1985-01-18,0.0056059818183313
1985-01-22,0.008337833309551982
1985-01-23,0.003862628498702259
1985-01-24,0.009247172585038056
1985-01-25,-0.0026711939893767976
1985-01-28,0.0009125256673511293
1985-01-29,0.00030417522245037643
1985-01-30,0.0020907966200090465
1985-01-31,-0.00503654037203808
1985-02-01,-0.006778804440219725
1985-02-04,-0.0026063062378057266
1985-02-05,0.0032615015330182432
1985-02-06,-0.005567830680021984
1985-02-07,-0.00027537173421313544
1985-02-08,0.0026662006861794462
1985-02-11,-0.0020023362443186248
1985-02-13,0.002389233647860769
1985-02-14,0.006215727977989725
1985-02-15,-0.00498474996038005
1985-02-19,0.0018347237962267919
1985-02-20,-0.00846103487415502
1985-02-21,-0.006668124409224485
1985-02-22,-0.006630684874956622
1985-02-25,0.0015452749934427197
1985-02-26,0.0020619094258245005
1985-02-27,-0.009471874499544635
1985-02-28,-0.0008256629725641951
1985-03-01,0.003209915439483158
1985-03-04,-0.0030517513480318157
1985-03-05,0.004363985706544409
1985-03-06,-0.0031274529940452547
1985-03-07,-0.0008234383643422106
1985-03-08,0.013673097604762412
1985-03-11,0.00038173573660122995
1985-03-12,-0.0031510236872692703
1985-03-13,-0.006587328136528651
1985-03-14,-0.0008249211444718933
1985-03-15,-0.00024877722394669685
1985-03-18,-0.004177347181753007
1985-03-19,0.0020502744587212163
1985-03-20,0.004933007110613716
1985-03-21,0.0055254127805489705
1985-03-22,-0.0031341698717756465
1985-03-25,0.0021293080571726727
1985-03-26,0.005534653891988527
1985-03-27,-0.0037184044844415435
1985-03-28,0.005538359636361705
1985-03-29,0.006138955334148109
1985-04-01,0.00037538357951490755
1985-04-02,-0.002002943435741807
1985-04-03,-0.0014191729577748679
1985-04-04,-0.0008375721295960432
1985-04-08,0.00012901304137597462
1985-04-09,0.006718595241001842
1985-04-10,0.0049864143345169564
1985-04-11,0.009712660165641802
1985-04-12,-0.0002743413787976208
1985-04-15,0.004469517797181863
1985-04-16,0.007407613980535047
1985-04-17,-0.00205357207980439
1985-04-18,0.009817748280882846
1985-04-19,-0.0014759946458563866
1985-04-22,0.002699560377340236
1985-04-23,-0.006791595916644137
1985-04-24,0.0003080082135523614
1985-04-25,-0.0067533096815123525
1985-04-26,0.0014891706341998198
1985-04-29,-0.006100113538536166
1985-04-30,0.0038389359331059024
1985-05-01,0.008584546691848018
1985-05-02,-0.0008722362067300814
1985-05-03,0.005047849793993866
1985-05-06,0.0021064140813184785
1985-05-07,0.0014930206382044535
1985-05-08,-0.005014269874431161
1985-05-09,0.0038638227959290434
1985-05-10,0.009850784204315245
1985-05-13,0.000906776180698152
1985-05-14,0.010514703597176035
1985-05-15,-0.0009029054058201622
1985-05-16,0.005116168158314987
1985-05-17,-0.001508551779493653
1985-05-20,0.01792880350775994
1985-05-21,-0.002141120341067549
1985-05-22,-0.0009238921478003488
1985-05-23,-0.0009223295634089184
1985-05-24,0.004549548227167276
1985-05-28,0.009724026369356589
1985-05-29,-0.0015478475892109426
1985-05-30,0.0045768995278369865
1985-05-31,0.007057930062776555
1985-06-03,0.015144550058804511
1985-06-04,0.0002751540041067762
1985-06-05,0.014082021657741459
1985-06-06,-0.0034870106247054567
1985-06-07,-0.01827059033684552
1985-06-10,0.0026936749883167015
1985-06-11,0.005246143373540365
1985-06-12,-0.00467522498864717
1985-06-13,-0.0028098245889911027
1985-06-14,0.014622216128152279
1985-06-17,0.0014436162252682246
1985-06-18,0.004653259384188031
1985-06-19,-0.008437492169110002
1985-06-20,-0.005919322600308932
1985-06-21,-0.012006232183368598
1985-06-24,-0.00587592643064882
1985-06-25,-0.0027644400280990443
1985-06-26,-0.0021488764034744263
1985-06-27,0.009482326633150741
1985-06-28,0.00891606111242688
1985-07-01,0.004550601631837538
1985-07-02,-0.00033887377880552285
1985-07-03,-0.0015719745331130358
1985-07-05,0.019306816030433435
1985-07-08,-0.006645749043230854
1985-07-09,0.0002751540041067762
1985-07-10,-0.0009673762866420014
1985-07-11,-0.008984108899947406
1985-07-12,-0.0003372707540194273
1985-07-15,0.0014575859010802648
1985-07-16,0.004613948584215783
1985-07-17,0.002137747566006927
1985-07-18,-0.010797142389371319
1985-07-19,-0.0021748994807891716
1985-07-22,-0.006484207140333244
1985-07-23,-0.00032450017240821257
1985-07-24,-0.002152763198804596
1985-07-25,-0.00032185153308670375
1985-07-26,-0.003966654976759197
1985-07-29,-0.003976422896224751
1985-07-30,0.0008981667168093751
1985-07-31,0.005766712865578018
1985-08-01,0.003948505394960478
1985-08-02,-0.008802549986948799
1985-08-05,0.0020886540000593142
1985-08-06,-0.0003149840648702142
1985-08-07,0.006379838945332952
1985-08-08,0.007631576475079673
1985-08-09,0.0039662469517198476
1985-08-12,0.00023855223084936285
1985-08-13,-0.0046048561044393635
1985-08-14,0.005191883116095544
1985-08-15,0.0015116066764397497
1985-08-16,0.006446548926235421
1985-08-19,0.0026939457926722365
1985-08-20,0.0021336624599080124
1985-08-21,0.005238839258927515
1985-08-22,0.0015180243946891925
1985-08-23,-0.002201186510976227
1985-08-26,-0.001640671651400132
1985-08-27,0.003998411088535579
1985-08-28,-0.0021985458126547617
1985-08-29,0.002757970911798654
1985-08-30,-0.009575062927590503
1985-09-03,0.0035930747907570067
1985-09-04,0.005231556624382577
1985-09-05,-0.006498155534546315
1985-09-06,-0.013750375619560754
1985-09-09,0.0014727899881584441
1985-09-10,0.000897823643497901
1985-09-11,-0.0015426370837932225
1985-09-12,-0.00032185153308670375
1985-09-13,0.007640015819662819
1985-09-16,0.0026945606444040626
1985-09-17,-0.0021657615888297
1985-09-18,-0.0009388013904257472
1985-09-19,0.0002855578370978782
1985-09-20,0.0045814941714536145
1985-09-23,-0.000987880217390096
1985-09-24,0.003971351425755191
1985-09-25,0.003979037869170521
1985-09-26,0.0033678647842409998
1985-09-30,-0.0044157244637312845
1985-10-01,0.0015133124286438194
1985-10-02,-0.00033353618030196433
1985-10-03,-0.0009474870059727597
1985-10-04,-0.0021722853628613746
1985-10-07,-0.002822037674785752
1985-10-08,0.003967521587075292
1985-10-09,-0.0003298097152005037
1985-10-10,0.0015118493650072592
1985-10-11,0.0008975933244739906
1985-10-15,0.0035934142374410877
1985-10-16,0.0033647828084536623
1985-10-17,0.0027510249211620875
1985-10-18,0.0027541053398359625
1985-10-21,0.0002169355544518207
1985-10-22,0.003998411088535579
1985-10-23,-0.0009617862361235781
1985-10-24,-0.00034154882399980063
1985-10-25,-0.0034276908969298136
1985-10-28,-0.0034718258916304656
1985-10-29,0.010824695192439036
1985-10-30,0.00901121843262034
1985-10-31,-0.002218416583459901
1985-11-01,0.0021449741541616795
1985-11-04,0.0008197125256673511
1985-11-05,0.0033980461506568247
1985-11-06,0.00027186858316221766
1985-11-07,0.001522857715603654
1985-11-08,0.004662804567438988
1985-11-12,0.007377897420082224
1985-11-13,-0.0022491815891775278
1985-11-14,-0.0034963734936241113
1985-11-15,-0.0047323860179098445
1985-11-18,0.013425581296316965
1985-11-19,-0.00036418605438522843
1985-11-20,0.0008969669093718928
1985-11-21,0.00914687352606724
1985-11-22,-0.004795197305266177
1985-11-25,-0.00046987285550111535
1985-11-26,0.00026502395619438737
1985-11-27,0.0027959438872993568
1985-11-29,0.003698273322251147
1985-12-02,-0.0055260509436543225
1985-12-03,0.0008969490090117473
1985-12-04,0.00343002215537728
1985-12-05,0.0008969273716880345
1985-12-06,-0.001633999724065272
1985-12-09,0.010981151282066549
1985-12-10,0.008584438428197677
1985-12-11,0.010572656702627211
1985-12-12,-0.004248070807374382
1985-12-13,0.004120896044463208
1985-12-16,0.003986014714412737
1985-12-17,0.008041883932222825
1985-12-18,-0.00428362445602387
1985-12-19,0.0008970061928213807
1985-12-20,0.004144751562186266
1985-12-23,-0.0018500824975177515
1985-12-24,0.0008970255459012957
1985-12-26,0.0024444570726476897
1985-12-27,0.003500883793566371
1985-12-30,-0.00056183116154215
1985-12-31,0.0008970770869355873
1986-01-02,-0.0021042655371040627
1986-01-03,-0.0004014883661686649
1986-01-06,-0.0005535303526794855
1986-01-07,0.008725303343943426
1986-01-08,-0.0120428390592195
1986-01-09,-0.008749754234568955
1986-01-10,-0.007420586741400021
1986-01-13,-0.005596722272291758
1986-01-14,0.0040904874485683225
1986-01-15,0.007959010323337387
1986-01-16,0.0008969187946077327
1986-01-17,0.004116718803650546
1986-01-21,0.0023003920593342754
1986-01-22,-0.0036030190190545885
1986-01-23,0.0034738806456501674
1986-01-24,0.00025270362765229294
1986-01-27,0.007225510728468947
1986-01-28,0.0054418406038193035
1986-01-29,-0.002343691194832614
1986-01-30,-0.0003987173494679209
1986-01-31,0.0015454404287392558
1986-02-03,0.004644772535059992
1986-02-04,0.0041560870102254985
1986-02-05,-0.00040593148993415244
1986-02-06,-0.0036517086722307416
1986-02-07,-0.004931191016752522
1986-02-10,0.007902498443220827
1986-02-11,0.004812991951578305
1986-02-12,0.0015503700463934719
1986-02-13,0.004171788577885128
1986-02-14,0.011453489285948052
1986-02-18,0.003593219980531875
1986-02-19,-0.003717030778277596
1986-02-20,0.002217579875468101
1986-02-21,0.012877441290150006
1986-02-24,0.006707830257765846
1986-02-25,-0.0004379333884964756
1986-02-26,0.0029052248575076535
1986-02-27,0.014403527451628503
1986-02-28,0.0015743779013994963
1986-03-03,0.010184933291359595
1986-03-04,0.0043084957612925506
1986-03-05,-0.012624693828038864
1986-03-06,0.005648778998647377
1986-03-07,0.0056658430403011715
1986-03-10,0.014388884319678956
1986-03-11,0.004344226617342982
1986-03-12,0.0015893057634561605
1986-03-13,-0.0045993985120715225
1986-03-14,0.002276236304619603
1986-03-17,-0.002798344710194202
1986-03-18,-0.0038952048833997277
1986-03-19,0.000899337575916279
1986-03-20,0.0029588269519999436
1986-03-21,-0.0011581409219793633
1986-03-24,0.007526874835564017
1986-03-25,0.00021081451060917178
1986-03-26,0.004353653259862019
1986-03-27,0.010635645260233133
1986-03-31,0.007802590542018345
1986-04-01,0.0016000669734954642
1986-04-02,0.0030022795386046566
1986-04-03,-0.005380200621626176
1986-04-04,-0.002582589180036148
1986-04-07,0.002005892949936929
1986-04-08,0.008612315340334166
1986-04-09,0.0030081999398976385
1986-04-10,0.0030121636836349225
1986-04-11,-0.0040103486803392974
1986-04-14,0.007644165412728805
1986-04-15,-0.0019139422991677603
1986-04-16,0.017266530667339547
1986-04-17,-0.003357167755161917
1986-04-18,-0.004053918108258165
1986-04-21,0.004129006944769709
1986-04-22,-0.014561906252896113
1986-04-23,-0.007492391061622745
1986-04-24,-0.01021563353430018
1986-04-25,-0.0046406554115730105
1986-04-28,0.007576810085505555
1986-04-29,0.0071902551434419116
1986-04-30,0.00020205338809034908
1986-05-01,-0.004672484435431835
1986-05-02,-0.003963003836974246
1986-05-05,0.004795021326920096
1986-05-06,-0.0004920857548386712
1986-05-07,0.002295217063743631
1986-05-08,0.002297210272045042
1986-05-09,-0.005360806396846561
1986-05-12,-0.012486435802490236
1986-05-13,0.002973126573806115
1986-05-14,-0.0018606822366603049
1986-05-15,-0.008706474322293198
1986-05-16,-0.013382264432936651
1986-05-19,0.0013363811552925741
1986-05-20,0.007049789736025401
1986-05-21,-0.0011493261443481287
1986-05-22,0.0015825711769578636
1986-05-23,0.00295315808540757
1986-05-27,0.008423289774565535
1986-05-28,0.00021163586584531144
1986-05-29,-0.017461844661633155
1986-05-30,-0.003849311476633239
1986-06-02,-0.017426600540244003
1986-06-03,0.008987440423864944
1986-06-04,-0.013133638919648256
1986-06-05,0.0055919313545617026
1986-06-06,0.024739788738588626
1986-06-09,-0.01150763937003956
1986-06-10,0.004287057196894121
1986-06-11,0.004296216603272464
1986-06-12,0.0022596544334115795
1986-06-13,0.017409722479853524
1986-06-16,0.007542655862680634
1986-06-17,0.00020889801505817932
1986-06-18,0.004364706741738596
1986-06-19,-0.008059834173993577
1986-06-20,0.006435863708982522
1986-06-23,0.004090506859929366
1986-06-24,0.005772607388425336
1986-06-25,0.003691027438044801
1986-06-26,0.00020314852840520192
1986-06-27,0.0029973688914900687
1986-06-30,0.002704651551872518
1986-07-01,-0.0011965077656894293
1986-07-02,0.00020177960301163587
1986-07-03,0.004406293507621118
1986-07-07,0.0008005475701574263
1986-07-08,-0.008856470447442238
1986-07-09,0.009313296497235337
1986-07-10,0.0002001368925393566
1986-07-11,0.0009012078910676445
1986-07-14,0.004112823107735533
1986-07-15,0.0065479493222122265
1986-07-16,-0.002620894804863713
1986-07-17,0.0016068600530288102
1986-07-18,0.0016075839675075267
1986-07-21,0.002000369811478266
1986-07-22,-0.004029892098897677
1986-07-23,-0.0061152749178462725
1986-07-24,-0.003997376451363419
1986-07-25,0.001601484505077388
1986-07-28,-0.013274678765589446
1986-07-29,0.00857738949384285
1986-07-30,0.0002028747433264887
1986-07-31,0.005101524818708654
1986-08-01,0.00020095824777549622
1986-08-04,0.0013030012928819303
1986-08-05,-0.003988753378401774
1986-08-06,-0.00536357202851536
1986-08-07,0.0015972519101091905
1986-08-08,0.010719685342956389
1986-08-11,0.004112823107735533
1986-08-12,0.0016050576723631975
1986-08-13,0.0058444665339483755
1986-08-14,-0.0005097471268505695
1986-08-15,0.0016083095787609496
1986-08-18,0.000586447638603696
1986-08-19,0.008715029568217693
1986-08-20,0.0016134365970031054
1986-08-21,0.0030392741986272754
1986-08-22,-0.007601426757615141
1986-08-25,0.0012893930774759003
1986-08-26,0.0065974848096456
1986-08-27,-0.006187348781275977
1986-08-28,0.001611963182301986
1986-08-29,0.006602739588847254
1986-09-02,-0.0049160754522714935
1986-09-03,-0.01177896472074674
1986-09-04,0.0037262207943917916
1986-09-05,-0.011711226036091132
1986-09-08,-0.003590085914949413
1986-09-09,0.0023005447756918197
1986-09-10,0.00020123203285420943
1986-09-11,-0.015035708698745393
1986-09-12,-0.003937432476011879
1986-09-15,0.0075653739401927746
1986-09-16,0.00020616016427104725
1986-09-17,0.0050785149810881275
1986-09-18,-0.010852828290769207
1986-09-19,-0.0032391300896787013
1986-09-22,0.004085433662666548
1986-09-23,0.0029779338574454127
1986-09-24,0.007161751906176328
1986-09-25,0.0009005351845137123
1986-09-26,0.00020451745379876797
1986-09-29,-0.004241388093115676
1986-09-30,0.00647366755841351
1986-10-01,0.0029944325110708913
1986-10-02,-0.002582589180036148
1986-10-03,0.010014269594211983
1986-10-06,0.0027055131998254497
1986-10-07,0.00019931553730321699
1986-10-08,-0.0019029498613796802
1986-10-09,-0.0012001155778946053
1986-10-10,-0.001896864978744784
1986-10-14,-0.008230324927413206
1986-10-15,-0.0011839328384881964
1986-10-16,-0.0011821430408066704
1986-10-17,-0.002564387135270324
1986-10-20,-0.005586908476157961
1986-10-21,0.006443391150829891
1986-10-22,0.005768172918341644
1986-10-23,0.004386995064878147
1986-10-24,-0.002579547247996483
1986-10-27,0.004100062345642337
1986-10-28,-0.0018859515960894437
1986-10-29,0.0029944325110708913
1986-10-30,0.007210331296273999
1986-10-31,-0.001899297049800182
1986-11-03,0.004109793354741222
1986-11-04,-0.0012019219933335188
1986-11-05,0.005120860568595473
1986-11-06,-0.005405255857586963
1986-11-07,-0.005382977866728916
1986-11-10,0.0020049155506985114
1986-11-12,0.002502598163782169
1986-11-13,0.001601484505077388
1986-11-14,0.003006223116283803
1986-11-17,0.0055239240273279805
1986-11-18,-0.0033124011989707704
1986-11-19,0.005835389957010511
1986-11-20,0.0001968514715947981
1986-11-21,0.0016072217983416383
1986-11-24,0.0048314685978964236
1986-11-25,-0.002628619017087154
1986-11-26,0.00019575633127994526
1986-11-28,0.0003915126625598905
1986-12-01,-0.001527331606562589
1986-12-02,0.007277021861784295
1986-12-03,0.0016112290461560363
1986-12-04,0.003744772752347052
1986-12-05,-0.007582487781814193
1986-12-08,0.0019996358545964965
1986-12-09,0.0023195093051789468
1986-12-10,0.0016115959002490938
1986-12-11,-0.004754388067964209
1986-12-12,-0.0005115236874825681
1986-12-15,-0.0008260163742434128
1986-12-16,0.0023160862536504134
1986-12-17,0.0001949349760438056
1986-12-18,0.0009020315060409567
1986-12-19,0.000902076973481214
1986-12-22,0.0005831622176591376
1986-12-23,0.00161049662047415
1986-12-24,0.0009022146552188786
1986-12-26,-0.0003209228256762111
1986-12-29,-0.005765073153096851
1986-12-30,-0.00402336624626051
1986-12-31,0.00019794661190965094
1987-01-02,0.0039202191305792175
1987-01-05,0.007670177234816464
1987-01-06,0.00019383983572895277
1987-01-07,0.002320883008540426
1987-01-08,0.0009023542596850598
1987-01-09,0.0023236381226623467
1987-01-12,-0.0022602845266017487
1987-01-13,-0.0033440476087424056
1987-01-14,-0.0005127091239966926
1987-01-15,0.0023188234151170304
1987-01-16,0.003742109647650801
1987-01-20,0.0021904803306709458
1987-01-21,0.00019192334017796028
1987-01-22,-0.0012273890701499503
1987-01-23,-0.0019336112957228176
1987-01-26,-0.007177022786787312
1987-01-27,0.0009018073596815487
1987-01-28,0.0023154035604097734
1987-01-29,0.00019520876112251882
1987-01-30,-0.003329117074787861
1987-02-02,-0.0029266645559191027
1987-02-03,-0.0012073513092475663
1987-02-04,0.0016050576723631975
1987-02-05,0.0023106425381598373
1987-02-06,0.0009016754183958188
1987-02-09,-0.0036253190635115967
1987-02-10,-0.005402465259990882
1987-02-11,-0.002594790116606543
1987-02-12,0.004406293507621118
1987-02-13,0.0023052394147467367
1987-02-17,-0.0027033580098772786
1987-02-18,0.0023038949459230247
1987-02-19,0.00512280223741324
1987-02-20,-0.0005050189516366272
1987-02-23,0.001297943252081177
1987-02-24,0.0037222725186695674
1987-02-25,-0.0019151668405376304
1987-02-26,0.0001973990417522245
1987-02-27,0.0016064987312287167
1987-03-02,0.0020009247415312347
1987-03-03,-0.0026193525021263424
1987-03-04,0.00514034383423365
1987-03-05,-0.0012155237329731798
1987-03-06,-0.0047269087426459605
1987-03-09,0.0005938398357289528
1987-03-10,0.00019794661190965094
1987-03-11,0.00019794661190965094
1987-03-12,0.0009015453813911707
1987-03-13,0.00231132077736918
1987-03-16,-0.0015202393559781639
1987-03-17,0.0016061378326016286
1987-03-18,-0.0005067904321380142
1987-03-19,0.0001973990417522245
1987-03-20,-0.0005061997276163455
1987-03-23,-0.0015149268187524868
1987-03-24,-0.0012055398563164588
1987-03-25,0.0009013749530178982
1987-03-26,0.0016046984630346582
1987-03-27,-0.006102842860114759
1987-03-30,-0.013961910824524686
1987-03-31,0.0022899292020771038
1987-04-01,-0.005330493305748894
1987-04-02,0.00020780287474332648
1987-04-03,0.00020780287474332648
1987-04-06,0.004091235707177381
1987-04-07,-0.005322260597227334
1987-04-08,0.0009000261225343575
1987-04-09,-0.011456266486377958
1987-04-10,-0.013388560598919021
1987-04-13,-0.005441223031622956
1987-04-14,-0.013872708654912294
1987-04-15,0.012403443892813244
1987-04-16,0.004972034650761722
1987-04-20,-0.010570276461326328
1987-04-21,0.0008983393861521582
1987-04-22,-0.0031375207738285004
1987-04-23,-0.009793058671376274
1987-04-24,-0.005094985561855902
1987-04-27,0.007380783782448452
1987-04-28,0.006269614046738892
1987-04-29,-0.004457020339718762
1987-04-30,0.00965373128418804
1987-05-01,-0.01179743796922885
1987-05-04,-0.007944445773533364
1987-05-05,0.004896466544130393
1987-05-06,-0.0057405795953809
1987-05-07,0.002892679532674959
1987-05-08,0.004900010818944071
1987-05-11,-0.008584925935048598
1987-05-12,0.0015611630730736773
1987-05-13,0.00023408624229979467
1987-05-14,-0.0010912830531591832
1987-05-15,-0.014853816794880686
1987-05-18,0.005329267160423836
1987-05-19,-0.01021672568719073
1987-05-20,-0.0017145735824110923
1987-05-21,0.0035145827710326124
1987-05-22,0.0061525465591831
1987-05-26,0.016215487427183865
1987-05-27,-0.0030749842823794334
1987-05-28,0.0028873488045789097
1987-05-29,0.0048893940593221965
1987-06-01,0.0033620298296266273
1987-06-02,-0.017542481339958164
1987-06-03,0.005523980949782032
1987-06-04,0.004210901840804272
1987-06-05,0.005552605333992129
1987-06-08,-0.0012933827322972869
1987-06-09,-0.001755383533628332
1987-06-10,0.00023436002737850788
1987-06-11,0.0028908995802329933
1987-06-12,0.013632293487996626
1987-06-15,0.0033680397165011962
1987-06-16,0.000226694045174538
1987-06-17,0.00358992603448676
1987-06-18,-0.0024605288446560413
1987-06-19,-0.0017853148782118
1987-06-22,0.005390233352850201
1987-06-23,0.00022532511978097194
1987-06-24,-0.005136900134336735
1987-06-25,0.004259833755500177
1987-06-26,-0.007796189879329485
1987-06-29,0.002695674438274117
1987-06-30,-0.0024445596386533557
1987-07-01,0.0015670568986286676
1987-07-02,0.004252338991953109
1987-07-06,0.0015798406878541507
1987-07-07,0.0008981373216593967
1987-07-08,-0.002453258517642183
1987-07-09,-0.0031147945844487578
1987-07-10,0.0035790945126621524
1987-07-13,-0.0033259654434439627
1987-07-14,0.0035778958538314463
1987-07-15,-0.006439449621465996
1987-07-16,0.0015654924865740219
1987-07-17,0.0035743056696856098
1987-07-20,-0.00265006607394428
1987-07-21,-0.005089773852845096
1987-07-22,-0.0030853209895869474
1987-07-23,-0.0010921366303234567
1987-07-24,-0.0010904298550781107
1987-07-27,-0.000618909399893504
1987-07-28,-0.0010870208475885447
1987-07-29,0.000897529979188167
1987-07-30,0.0002357289527720739
1987-07-31,-0.0030646816115383734
1987-08-03,-0.009125150548686916
1987-08-04,0.00024120465434633814
1987-08-05,0.006827574541944946
1987-08-06,-0.0010776771704756564
1987-08-07,0.0022158125508567627
1987-08-10,-0.0019165576167563115
1987-08-11,0.0008973604269937776
1987-08-12,0.0008973735234398356
1987-08-13,0.006187218771968291
1987-08-14,0.0035482413191846676
1987-08-17,0.002030671881754188
1987-08-18,-0.010952406226629362
1987-08-19,-0.0023886864652743526
1987-08-20,0.002213463995243646
1987-08-21,-0.0017314894348669594
1987-08-24,6.368787720490124e-05
1987-08-25,0.00353073344114494
1987-08-26,-0.003699095428828758
1987-08-27,-0.008243680038289769
1987-08-28,-0.006254027889778445
1987-08-31,0.002041655336066305
1987-09-01,-0.0029985328365483735
1987-09-02,-0.014530416055595474
1987-09-03,-0.00038822877888445407
1987-09-04,-0.00038767854810760485
1987-09-08,-0.011711476511434425
1987-09-09,0.0015342539486304602
1987-09-10,0.004091858431623175
1987-09-11,0.006028611184487015
1987-09-14,0.00012540354391616672
1987-09-15,-0.006125930377551846
1987-09-16,-0.004829407209789558
1987-09-17,0.002808955418731536
1987-09-18,0.006657658205784557
1987-09-21,-0.0036948361309750164
1987-09-22,0.0053794403949030565
1987-09-23,-0.0016612719900469784
1987-09-24,-0.0067413922827762015
1987-09-25,-0.0010110613394721008
1987-09-28,0.0014187396442116938
1987-09-29,-0.007331981609844976
1987-09-30,0.0008969305424526381
1987-10-01,-0.0016329156657327675
1987-10-02,0.004067342652399469
1987-10-05,-0.004893871476077916
1987-10-06,-0.0016264222605996783
1987-10-07,0.0008969621742326953
1987-10-08,-0.00913624641326386
1987-10-09,-0.004727592801329133
1987-10-13,0.0035916067829331083
1987-10-14,-0.01398080409956815
1987-10-15,-0.0028145592698038354
1987-10-16,-0.0028066723022731454
1987-10-19,0.005793539543968214
1987-10-20,0.04818715167294094
1987-10-21,0.006677518730170479
1987-10-22,0.021742396308246124
1987-10-23,-0.00040537545822218256
1987-10-26,0.012546288981060723
1987-10-27,-0.007590792866127788
1987-10-28,-0.005606752798678368
1987-10-29,0.008088612998585765
1987-10-30,0.0008971863566886709
1987-11-02,-0.005780151972372339
1987-11-03,0.004816409951702166
1987-11-04,0.004171788577885128
1987-11-05,0.008800765605777038
1987-11-06,-0.002390104781036951
1987-11-09,-0.0005937735829732303
1987-11-10,-0.00041597160498688834
1987-11-12,-0.00017475516119951098
1987-11-13,-0.002378779117391564
1987-11-16,0.0020370749496665492
1987-11-17,-0.002375955134728641
1987-11-18,0.0008972178257633489
1987-11-19,0.0015527266828523614
1987-11-20,0.002867166265444076
1987-11-23,6.590192298940075e-05
1987-11-24,-0.0056405699329427645
1987-11-25,-0.005615184752307508
1987-11-27,-0.007923087768392031
1987-11-30,0.00855624162450392
1987-12-01,-0.001054096733068502
1987-12-02,0.00024668035592060233
1987-12-03,0.004811284886361739
1987-12-04,0.0002447638603696098
1987-12-07,-0.007695081106911501
1987-12-08,-0.0010474124675035144
1987-12-09,0.0028448254835571896
1987-12-10,-0.011343044374906857
1987-12-11,-0.0029601753736223473
1987-12-14,0.003982025751741885
1987-12-15,0.009322609699408634
1987-12-16,0.006102375573917847
1987-12-17,-0.00170224780290576
1987-12-18,0.00939608275984257
1987-12-21,0.0013839762266407585
1987-12-22,-0.0043195035866100216
1987-12-23,0.008107444003599381
1987-12-24,0.0008972509633691431
1987-12-28,-0.006210075135987718
1987-12-29,0.005481597523508358
1987-12-30,0.004838753248264447
1987-12-31,-0.0030356741403422412
1988-01-04,0.0009670088980150583
1988-01-05,0.004842210195737114
1988-01-06,-0.0036931371280708135
1988-01-07,-0.0004137352827589026
1988-01-08,-0.008875396123732305
1988-01-11,0.002693025730353413
1988-01-12,0.000897137605364567
1988-01-13,0.004168923770502294
1988-01-14,0.0008972071508744431
1988-01-15,0.017448162781953627
1988-01-19,-0.002360030863480118
1988-01-20,0.0028829274027007425
1988-01-21,0.005546446491921346
1988-01-22,0.0028935706521604925
1988-01-25,0.0033620298296266273
1988-01-26,-0.0057405795953809
1988-01-27,0.010925031961958223
1988-01-28,0.0035778958538314463
1988-01-29,0.0049303546801416085
1988-02-01,0.0006784394250513347
1988-02-02,0.005619160084393533
1988-02-03,-0.001795766815325281
1988-02-04,-0.0017922775871472075
1988-02-05,0.008336473982852245
1988-02-08,-0.004049875957145815
1988-02-09,0.0022484111605679817
1988-02-10,0.0036044908357254378
1988-02-11,-0.0031515877311819552
1988-02-12,-0.007830457793853758
1988-02-16,-0.0011040743271338782
1988-02-17,-0.00044247419353611773
1988-02-18,0.0029124613455224144
1988-02-19,0.0015702146694606244
1988-02-22,0.0020231438260110385
1988-02-23,0.0049465778374074235
1988-02-24,-0.00045045042352793844
1988-02-25,-0.00313927573046853
1988-02-26,0.0035959775867034647
1988-02-29,0.0020213236809690314
1988-03-01,0.0008984342647740695
1988-03-02,0.0015743779013994963
1988-03-03,0.0008985074808191128
1988-03-04,-0.010515999336636783
1988-03-07,-0.000661075593510686
1988-03-08,-0.001781841372483399
1988-03-09,0.0008980525646172937
1988-03-10,-0.001779528600487215
1988-03-11,0.004253835617287133
1988-03-14,0.0006809034907597535
1988-03-15,-0.0004436113250868771
1988-03-16,-0.003785614822654048
1988-03-17,0.004252338991953109
1988-03-18,-0.007113438267061473
1988-03-21,-0.0033027748166161875
1988-03-22,0.0008977802110014481
1988-03-23,-0.00043397027267469575
1988-03-24,-0.0024258069458496776
1988-03-25,0.0028953551806817812
1988-03-28,-0.006590533864918203
1988-03-29,0.0015608566866823193
1988-03-30,-0.00042832490501396655
1988-03-31,0.00023463381245722106
1988-04-04,-0.006315934062284486
1988-04-05,0.0008974418182229454
1988-04-06,0.004206515336458339
1988-04-07,0.0008975453331102874
1988-04-08,0.005548497916560539
1988-04-11,-0.00393491338467287
1988-04-12,0.0015605506796743161
1988-04-13,0.0008976086412180084
1988-04-14,-0.007023275200876238
1988-04-15,-0.004367095816973904
1988-04-18,-0.0038725917499826965
1988-04-19,0.00024120465434633814
1988-04-20,-0.0010692222322809752
1988-04-21,0.0008972509633691431
1988-04-22,0.002868035519130921
1988-04-25,0.0007211498973305954
1988-04-26,-0.0010717548009807666
1988-04-27,0.00024093086926762493
1988-04-28,-0.0036852083326484463
1988-04-29,-0.00041150193149697416
1988-05-02,-0.0038360622035988165
1988-05-03,0.0035122903872028878
1988-05-04,-0.0004098288621114741
1988-05-05,-0.0010616445485695787
1988-05-06,-0.005606752798678368
1988-05-09,-0.000559062763791454
1988-05-10,-0.002346481373067748
1988-05-11,0.0015463026744317828
1988-05-12,0.0008970465388173784
1988-05-13,0.0028490831509800692
1988-05-16,8.910467817189378e-05
1988-05-17,-0.0068705118147583495
1988-05-18,-0.00426580720225252
1988-05-19,0.0008969625721895168
1988-05-20,-0.002325625779377033
1988-05-23,0.00011332575604291834
1988-05-24,0.0008969451016257611
1988-05-25,0.0015420241396169373
1988-05-26,-0.00039263708372984087
1988-05-27,-0.0016789005296355842
1988-05-31,0.0035910939272088475
1988-06-01,0.011293826051862207
1988-06-02,-0.002346481373067748
1988-06-03,0.00676066184801271
1988-06-06,0.0007367556468172485
1988-06-07,-0.0030035713834465397
1988-06-08,0.0067734324730785575
1988-06-09,-0.0023618795868481477
1988-06-10,0.002855933556817265
1988-06-13,0.0013855891326233017
1988-06-14,0.014745816703710609
1988-06-15,-0.0010793726404541926
1988-06-16,-0.011524126131933004
1988-06-17,-0.008204239706402904
1988-06-20,0.0007408624229979467
1988-06-21,-0.0004025980492821123
1988-06-22,0.008738937018828366
1988-06-23,0.0015512510092991177
1988-06-24,0.0022070516670610945
1988-06-27,-0.005141850894349515
1988-06-28,0.004823261459237435
1988-06-29,-0.000410944056796795
1988-06-30,0.004176094133706803
1988-07-01,0.0035261003367998106
1988-07-05,-0.002317044457416672
1988-07-06,-0.005634917172738158
1988-07-07,-0.0023632838238424807
1988-07-08,-0.005598335673086931
1988-07-11,0.002042171627277414
1988-07-12,-0.0036419163381630902
1988-07-13,-0.002339511383535636
1988-07-14,0.0002496919917864476
1988-07-15,0.002842279647244639
1988-07-18,-0.003777511987001039
1988-07-19,0.00348844240067899
1988-07-20,-0.000398163692022846
1988-07-21,-0.0029801282759019457
1988-07-22,0.003487316832482938
1988-07-25,0.0033419639437610835
1988-07-26,-0.0010474124675035144
1988-07-27,-0.00298346639060669
1988-07-28,-0.0010415828414923399
1988-07-29,0.0028388953914921322
1988-08-01,0.003991208544877782
1988-08-02,0.004801069518902722
1988-08-03,-0.002350672107945952
1988-08-04,0.003500883793566371
1988-08-05,-0.008165037161738232
1988-08-08,0.0007490759753593429
1988-08-09,-0.004908641715373622
1988-08-10,-0.0061682775464057624
1988-08-11,-0.002948595848614721
1988-08-12,-0.00038438091620342506
1988-08-15,0.00012869373231414244
1988-08-16,0.0015378267628546518
1988-08-17,-0.0016634680657188075
1988-08-18,0.0021787442858750023
1988-08-19,0.00025598904859685146
1988-08-22,-0.0005122218571149418
1988-08-23,0.003463888586354694
1988-08-24,-0.0010266735536629027
1988-08-25,-0.004217225159942866
1988-08-26,0.0021770888809234763
1988-08-29,0.005906585401110122
1988-08-30,0.0021831822569362636
1988-08-31,0.0015406160437019295
1988-09-01,0.00025325119780971936
1988-09-02,0.01651175906777803
1988-09-06,0.0016363048941591002
1988-09-07,0.0002461327857631759
1988-09-08,0.0002461327857631759
1988-09-09,0.004160355974394332
1988-09-12,-0.001871495934429153
1988-09-13,0.002201855299141914
1988-09-14,0.004167493033127182
1988-09-15,-0.0017156974177843071
1988-09-16,-0.0010608044313069724
1988-09-19,-0.001871495934429153
1988-09-20,0.0002455852156057495
1988-09-21,0.0028550746810047586
1988-09-22,-0.0010591253018439398
1988-09-23,-0.00105744764386163
1988-09-26,-0.001214432343640273
1988-09-27,-0.002350672107945952
1988-09-28,-0.0010499163304416768
1988-09-29,0.005455688627122927
1988-09-30,0.007440568169259433
1988-10-03,0.0026933265459452953
1988-10-04,-0.0017201982991276144
1988-10-05,0.00024284736481861735
1988-10-06,0.00024284736481861735
1988-10-07,0.011444261291689737
1988-10-11,-0.002334712015649138
1988-10-12,-0.005654730962872646
1988-10-13,0.00024202600958247772
1988-10-14,0.0022093756054948318
1988-10-17,0.002036323213297295
1988-10-18,0.0008972977491767359
1988-10-19,-0.002381606068658352
1988-10-20,0.0022105409205589455
1988-10-21,-0.002380192221656577
1988-10-24,0.0007252566735112937
1988-10-25,0.00024175222450376456
1988-10-26,0.002867166265444076
1988-10-27,0.004849139782725694
1988-10-28,0.0022164010956616594
1988-10-31,0.0033552423553981268
1988-11-01,-0.0017416992990469601
1988-11-02,-0.003052704632075774
1988-11-03,0.002875892428550487
1988-11-04,-0.010236007287620367
1988-11-07,-0.0031907227503950144
1988-11-08,0.0002439425051334702
1988-11-09,0.0002439425051334702
1988-11-10,0.0008971663023180304
1988-11-14,0.0003217346183294138
1988-11-15,-0.0004087144060749244
1988-11-16,-0.004958911190489621
1988-11-17,-0.003645829988712755
1988-11-18,0.0008970393587352382
1988-11-21,0.0013925975312882887
1988-11-22,-0.002991827544947602
1988-11-23,0.0008970189128618616
1988-11-25,-0.0053134351047226655
1988-11-28,0.001399094225061859
1988-11-29,0.0021910317009584215
1988-11-30,0.004790900320092476
1988-12-01,0.0034986134992911846
1988-12-02,-0.010723892917026223
1988-12-05,0.003987737824334342
1988-12-06,0.011981979489565383
1988-12-07,-0.0030069349865504327
1988-12-08,-0.0010532599214277973
1988-12-09,-0.002995178368723776
1988-12-12,9.682092296258865e-05
1988-12-13,-0.004274705689944229
1988-12-14,-0.002329783872076177
1988-12-15,0.0002516084873374401
1988-12-16,0.0015428733232735674
1988-12-19,0.0020455630873481576
1988-12-20,0.004787520809185073
1988-12-21,0.0008970255459012957
1988-12-22,0.0002483230663928816
1988-12-23,0.0015463026744317828
1988-12-27,-0.004182843430379964
1988-12-28,-0.0049061434664067465
1988-12-29,0.0021882161481452753
1988-12-30,0.0028372076215928965
1989-01-03,-0.004794650614722768
1989-01-04,0.0008969451016257611
1989-01-05,-0.0029618331701896272
1989-01-06,0.0015406160437019295
1989-01-09,0.002047680597860798
1989-01-10,-0.000390982621748251
1989-01-11,0.00025297741273100615
1989-01-12,0.006717584049424758
1989-01-13,0.005439868163580964
1989-01-17,0.0009921971252566735
1989-01-18,0.004802768868091852
1989-01-19,-0.0004042639451554481
1989-01-20,-0.00170224780290576
1989-01-23,0.0026928717764895522
1989-01-24,0.004812991951578305
1989-01-25,-0.0036595622742101224
1989-01-26,0.0002461327857631759
1989-01-27,0.002853359139494638
1989-01-30,-0.002516859695653786
1989-01-31,-0.0004037084635118844
1989-02-01,0.0015480370281093548
1989-02-02,0.0008970934596875506
1989-02-03,-0.0017044839018136874
1989-02-06,0.000740041067761807
1989-02-07,0.003504296112584076
1989-02-08,0.0008971193954329171
1989-02-09,-0.011395910605841079
1989-02-10,-0.0036204691790588765
1989-02-13,0.00011002804339230739
1989-02-14,-0.001680006879845758
1989-02-15,0.0008969451016257611
1989-02-16,0.0008969491988138831
1989-02-17,0.0008969534762095414
1989-02-21,-0.0002809533172352619
1989-02-22,-0.004243649283356978
1989-02-23,-0.004228213383576368
1989-02-24,-0.0010233761333852801
1989-02-27,0.0020511706076521046
1989-02-28,0.0028221476121690616
1989-03-01,-0.0023063068112133623
1989-03-02,0.0034649952327033477
1989-03-03,0.0002548939082819986
1989-03-06,0.003980329704679182
1989-03-07,0.00025352498288843257
1989-03-08,0.002185414142790189
1989-03-09,-0.000390982621748251
1989-03-10,-0.006156142737357036
1989-03-13,0.0001265004515708358
1989-03-14,0.0021804045031687314
1989-03-15,0.0008969163129249967
1989-03-16,0.0008969187946077327
1989-03-17,-0.011844089800090114
1989-03-20,-0.0017633915516010947
1989-03-21,0.0002609171800136892
1989-03-22,0.005364069562745164
1989-03-23,0.0015356210175975177
1989-03-27,0.0003945439458641763
1989-03-28,0.002175438276991229
1989-03-29,0.003459470926665065
1989-03-30,0.0015381040821936195
1989-03-31,0.002823809452511305
1989-04-03,0.006564470009752794
1989-04-04,0.002834681401366334
1989-04-05,0.0002510609171800137
1989-04-06,-0.0016833291707984619
1989-04-07,-0.004248070807374382
1989-04-10,0.0007613963039014373
1989-04-11,0.0002537987679671458
1989-04-12,-0.0010308033580038235
1989-04-13,-0.002950247387357923
1989-04-14,0.010581015216857923
1989-04-17,-0.000535590188754023
1989-04-18,0.009333565324611649
1989-04-19,-0.0010482467242667593
1989-04-20,-0.007488816448535673
1989-04-21,0.003482823634024601
1989-04-24,0.0007515400410677618
1989-04-25,0.0021915964419120925
1989-04-26,0.0008970001055335573
1989-04-27,0.004143339571347894
1989-04-28,0.002197273867758679
1989-05-01,-0.007016616145262998
1989-05-02,0.004139110164987874
1989-05-03,0.0015460148946021364
1989-05-04,0.0002480492813141684
1989-05-05,0.004802768868091852
1989-05-08,-0.002507945867247259
1989-05-09,-0.006860472921549737
1989-05-10,-0.00039539812640432124
1989-05-11,0.004136296023931109
1989-05-12,0.019264647789488113
1989-05-15,6.811522427155538e-05
1989-05-16,0.00024147843942505133
1989-05-17,0.0015536165410838844
1989-05-18,0.0015542116406702048
1989-05-19,0.004850875454681914
1989-05-22,0.009326332950273705
1989-05-23,-0.0010887245949653727
1989-05-24,-0.0017473911544392568
1989-05-25,-0.0024029033023270766
1989-05-26,0.0008974560407288565
1989-05-30,0.0022697128626589886
1989-05-31,0.0028838101691489627
1989-06-01,-0.0004260720735443387
1989-06-02,0.012236871440140946
1989-06-05,0.005374059738803186
1989-06-06,0.00022888432580424364
1989-06-07,0.006271999335967896
1989-06-08,0.00022642026009582475
1989-06-09,0.008326560881418614
1989-06-12,-5.323324695452015e-06
1989-06-13,-0.005825029101179106
1989-06-14,0.0035935540388151847
1989-06-15,-0.008481320158603135
1989-06-16,-0.0011101498530688583
1989-06-19,-0.000651205941703175
1989-06-20,0.0042508435284601504
1989-06-21,-0.003783578740835994
1989-06-22,-0.00043906743403075954
1989-06-23,0.008965954914760332
1989-06-26,0.005396515180558806
1989-06-27,0.004957454856372727
1989-06-28,-0.0038245211286095067
1989-06-29,0.003603271714737742
1989-06-30,0.001575348043569603
1989-07-03,0.0013421142922691019
1989-07-05,-0.0009094527417543053
1989-07-06,0.002253384511151457
1989-07-07,0.004294687068707616
1989-07-10,0.002698176033715851
1989-07-11,-0.000460761940145371
1989-07-12,0.0002190280629705681
1989-07-13,0.0002190280629705681
1989-07-14,-0.0024942235517202236
1989-07-17,-1.764481728229535e-05
1989-07-18,-0.005184527937373617
1989-07-19,0.0029298475790742766
1989-07-20,0.005655166118662414
1989-07-21,-0.003845167944261561
1989-07-24,0.0020188619381967545
1989-07-25,0.0029372529126625076
1989-07-26,-0.00045961305978150726
1989-07-27,0.007038771409518574
1989-07-28,0.003634046427463071
1989-07-31,0.004071213829409919
1989-08-01,0.005713296334764284
1989-08-02,-0.001161678099284729
1989-08-03,-0.0025298293572354885
1989-08-04,-0.013375972235879585
1989-08-07,-0.0013787570822881804
1989-08-08,0.002258395696931362
1989-08-09,-0.0031710321884234893
1989-08-10,0.0022571393402486387
1989-08-11,-0.004518107018362257
1989-08-14,-0.00942048149806613
1989-08-15,0.002245321922940798
1989-08-16,0.0063079890806449134
1989-08-17,-0.0038224629189344285
1989-08-18,0.002249030768497208
1989-08-21,-0.0026982767667928617
1989-08-22,-0.005813294169496774
1989-08-23,0.002915187812275242
1989-08-24,0.0035935540388151847
1989-08-25,-0.00044873802016434747
1989-08-28,-0.0033544366045527158
1989-08-29,0.00022642026009582475
1989-08-30,0.0015705325783059577
1989-08-31,-0.0004458879131299208
1989-09-01,0.004942963132413916
1989-09-05,0.0008969199178644764
1989-09-06,0.0015730898727736625
1989-09-07,0.00022368240930869266
1989-09-08,0.0022496509643168874
1989-09-11,0.001344204987391781
1989-09-12,0.00022258726899383987
1989-09-13,-0.0031480651331825685
1989-09-14,0.0036020535759021615
1989-09-15,0.0029298475790742766
1989-09-18,-1.2041188438402039e-05
1989-09-19,0.0008985824647537014
1989-09-20,-0.0038286410705978013
1989-09-21,-0.0031445464450953944
1989-09-22,-0.001121385967975101
1989-09-25,-0.006024645721600863
1989-09-26,0.0015689469161633534
1989-09-27,0.0002272416153319644
1989-09-28,0.0002272416153319644
1989-09-29,-0.000443042662567045
1989-10-02,0.002696052352046488
1989-10-03,0.00358992603448676
1989-10-04,0.0008982702788208443
1989-10-05,0.0049501980205842126
1989-10-06,0.008366340771637464
1989-10-10,0.0008793976728268309
1989-10-11,-0.00248980503048111
1989-10-12,0.002255885359576611
1989-10-13,0.011838187249249201
1989-10-16,-0.0068347630935100614
1989-10-17,-0.0011405513475725964
1989-10-18,-0.0004601874008839209
1989-10-19,0.003622896041877961
1989-10-20,-0.0011423031237292245
1989-10-23,0.004746997016110199
1989-10-24,0.003634046427463071
1989-10-25,0.0008992165290132456
1989-10-26,-0.0011510858912029856
1989-10-27,-0.0038721858464629308
1989-10-30,0.0020160142680931974
1989-10-31,0.0002168377823408624
1989-11-01,0.0008990697313818369
1989-11-02,0.0029503345072682615
1989-11-03,-0.005910950149573352
1989-11-06,-0.002064260141386952
1989-11-07,0.007044276574845887
1989-11-08,0.0022666201927972634
1989-11-09,-0.0018321328203074292
1989-11-10,-0.0011475679967181483
1989-11-13,0.0026990238641208153
1989-11-14,0.0015829040807360227
1989-11-15,0.0036402761155153265
1989-11-16,0.00021409993155373032
1989-11-17,-0.0038847236697692384
1989-11-20,0.002014722669329865
1989-11-21,0.0008992464895260898
1989-11-22,0.002955988894542832
1989-11-24,0.0011132254522978856
1989-11-27,-0.0027795879283143508
1989-11-28,-0.0004688263851694648
1989-11-29,-0.0011510858912029856
1989-11-30,0.00295315808540757
1989-12-01,0.0022704503156963985
1989-12-04,-4.348541975188032e-05
1989-12-05,0.00021409993155373032
1989-12-06,-0.0018380519085096996
1989-12-07,-0.001834498653113324
1989-12-08,0.0043255047424149914
1989-12-11,-4.2359716338099114e-05
1989-12-12,-0.0004699816472116567
1989-12-13,0.0015845746174791282
1989-12-14,0.0022717318504211466
1989-12-15,-0.0004722945829230691
1989-12-18,0.0027001205279098993
1989-12-19,-0.00047345225916035666
1989-12-20,0.0008994934123650166
1989-12-21,0.00021273100616016425
1989-12-22,-0.0032120761855335862
1989-12-26,-0.007996679900476408
1989-12-27,0.0008989840510077994
1989-12-28,0.0022640788068272587
1989-12-29,-0.0011466895218164074
1990-01-02,0.00018712135635335573
1990-01-03,-0.003181688558962484
1990-01-04,0.0008988725995088642
1990-01-05,-0.0004613366777237067
1990-01-08,-0.0013804795096963854
1990-01-09,0.00021957563312799451
1990-01-10,-0.00045903891668070323
1990-01-11,-0.00045846497142356497
1990-01-12,-0.003838961517916896
1990-01-16,-0.005848225264368652
1990-01-17,0.0008983393861521582
1990-01-18,-0.008485422152890967
1990-01-19,0.004258332473566481
1990-01-22,6.9744749175251116e-06
1990-01-23,0.0008981808632670902
1990-01-24,-0.007792393911360604
1990-01-25,-0.0024387757874479313
1990-01-26,-0.004424506753751458
1990-01-29,3.2612400420465325e-05
1990-01-30,-0.00043170984148002396
1990-01-31,0.005567029387501571
1990-02-01,0.0008978541840654899
1990-02-02,-0.005087170287850786
1990-02-05,-0.0012933827322972869
1990-02-06,-0.0024171953585530857
1990-02-07,0.0035553039872094224
1990-02-08,0.0022282908693326653
1990-02-09,0.012297003404562055
1990-02-12,-0.005326135930447041
1990-02-13,0.003575501433109006
1990-02-14,-0.0004402022492335694
1990-02-15,-0.004438408933015344
1990-02-16,0.0008978541840654899
1990-02-20,-0.012301896373785893
1990-02-21,0.00023600273785078714
1990-02-22,0.00554439658839237
1990-02-23,0.0008976581135389507
1990-02-26,0.00536177376070199
1990-02-27,0.003568341291373333
1990-02-28,-0.006413923558560125
1990-03-01,-0.005063806671040717
1990-03-02,0.003552945966720771
1990-03-05,-0.006562535895824792
1990-03-06,0.004209438537551207
1990-03-07,0.000897576608380685
1990-03-08,0.000897592530028538
1990-03-09,-0.005048299106217293
1990-03-12,0.0020323707740531388
1990-03-13,-0.006344353020632756
1990-03-14,0.005521947699226935
1990-03-15,-0.000423260284298249
1990-03-16,0.004871806163791106
1990-03-19,0.0007055441478439426
1990-03-20,0.003552945966720771
1990-03-21,-0.0004294524573997824
1990-03-22,0.0015617769852086967
1990-03-23,0.0008976749843978356
1990-03-26,0.0013642218196778856
1990-03-27,-0.000431145210170132
1990-03-28,0.0008976920455505755
1990-03-29,-0.005723287919134316
1990-03-30,-0.0030663963665602
1990-04-02,0.0007104722792607804
1990-04-03,0.0015587225878792854
1990-04-04,0.0055423482047694235
1990-04-05,-0.0010912830531591832
1990-04-06,0.0008976086412180084
1990-04-09,-0.0012832347680568174
1990-04-10,-0.0004266349976237047
1990-04-11,-0.0017473911544392568
1990-04-12,-0.0004243844343636284
1990-04-16,-0.0016918273195477337
1990-04-17,-0.005674626573474273
1990-04-18,-0.005649061550715257
1990-04-19,-0.00041150193149697416
1990-04-20,-0.0049715698037672085
1990-04-23,-0.0012177668793647528
1990-04-24,-0.001054933910843471
1990-04-25,-0.0004037084635118844
1990-04-26,-0.0036438726168328854
1990-04-27,0.0008970323611445641
1990-04-30,0.0020426893818719554
1990-05-01,-0.0023450859198312353
1990-05-02,-0.0003992711886868769
1990-05-03,0.003495214921042582
1990-05-04,0.01334534699862787
1990-05-07,-0.001236146279962659
1990-05-08,0.0022076318163080605
1990-05-09,-0.0023731341159861324
1990-05-10,0.004176094133706803
1990-05-11,0.01213283290432378
1990-05-14,0.002694230384608946
1990-05-15,-0.002405755676993761
1990-05-16,-0.0017416992990469601
1990-05-17,-0.00042157547030335685
1990-05-18,-0.0037070554806845615
1990-05-21,0.0013764714054536444
1990-05-22,0.006182573838178447
1990-05-23,0.0028829274027007425
1990-05-24,-0.0010861695404282476
1990-05-25,-0.0037190292110394732
1990-05-29,0.002931927811566604
1990-05-30,0.002882045392018664
1990-05-31,0.001559634931948498
1990-06-01,0.010898562565811395
1990-06-04,0.000693223819301848
1990-06-05,-0.0017657004448350872
1990-06-06,0.0008977802110014481
1990-06-07,0.00023162217659137579
1990-06-08,0.00023162217659137579
1990-06-11,-0.0006357345775278106
1990-06-12,0.00023216974674880218
1990-06-13,0.005573234098630889
1990-06-14,0.001566429979609912
1990-06-15,-0.005097593708292355
1990-06-18,-0.0019640005199093894
1990-06-19,-0.00043170984148002396
1990-06-20,-0.002420062848589316
1990-06-21,0.0022264928994566615
1990-06-22,0.0008976920455505755
1990-06-25,-0.00393776133596947
1990-06-26,0.0015608566866823193
1990-06-27,0.0028908995802329933
1990-06-28,0.0035612157021925423
1990-06-29,0.0028989334128788164
1990-07-02,0.0006924024640657084
1990-07-03,0.002233715728881018
1990-07-05,-0.0008741472168458813
1990-07-06,-0.005749248498688139
1990-07-09,-0.0032771163218604325
1990-07-10,0.00023463381245722106
1990-07-11,0.00023463381245722106
1990-07-12,0.004887629278773775
1990-07-13,0.003563587069552339
1990-07-16,0.0013605135975510779
1990-07-17,0.0002310746064339493
1990-07-18,-0.003757214486355165
1990-07-19,-0.00043170984148002396
1990-07-20,0.0022288913364961085
1990-07-23,0.0006965092402464066
1990-07-24,-0.0030870470945791556
1990-07-25,0.0028935706521604925
1990-07-26,0.00023244353182751541
1990-07-27,0.004901784968170111
1990-07-30,0.0060467391217174
1990-07-31,-0.0011092882453890302
1990-08-01,0.0049249714761847785
1990-08-02,-0.007781019853457636
1990-08-03,-0.0011032677669902617
1990-08-06,-0.017747606133682252
1990-08-07,-0.004357986414317129
1990-08-08,0.0008973099113104934
1990-08-09,0.007500914179793868
1990-08-10,-0.0010819186579708057
1990-08-13,-0.0012630000570902522
1990-08-14,0.003538877429892321
1990-08-15,0.0015584192281620688
1990-08-16,-0.00764984141805334
1990-08-17,-0.0023844359932200907
1990-08-20,6.700866661983142e-05
1990-08-21,-0.0017235797892330422
1990-08-22,-0.004328524708426421
1990-08-23,-0.0056095618005966765
1990-08-24,-0.0029985328365483735
1990-08-27,0.010541375659653964
1990-08-28,-0.00236468879657398
1990-08-29,0.006793961418683032
1990-08-30,-0.0010666930059134614
1990-08-31,0.00024257357973990416
1990-09-04,-0.001642595317269405
1990-09-05,0.0028611023191634126
1990-09-06,0.0015524308065732694
1990-09-07,0.0022093756054948318
1990-09-10,-0.0018949574465848273
1990-09-11,0.0015527266828523614
1990-09-12,0.0008972509633691431
1990-09-13,0.00024147843942505133
1990-09-14,-0.003028887980524483
1990-09-17,-0.0012311270770684188
1990-09-18,0.00024366872005475703
1990-09-19,0.0015512510092991177
1990-09-20,-0.0017156974177843071
1990-09-21,-0.004961439977198422
1990-09-24,-0.002507945867247259
1990-09-25,0.0015471682049639306
1990-09-26,0.0015477470540676739
1990-09-27,0.0061228028197293895
1990-09-28,0.00614336457494037
1990-10-01,0.007969420722700729
1990-10-02,0.0015569080784504183
1990-10-03,-0.0010793726404541926
1990-10-04,0.0028776466541976142
1990-10-05,0.0015581162454337387
1990-10-09,-0.010846005679473726
1990-10-10,-0.0036792734095126233
1990-10-11,-0.0017145735824110923
1990-10-12,0.005483600864588787
1990-10-15,0.003350349776008933
1990-10-16,0.0008972857734628934
1990-10-17,0.002212293085384035
1990-10-18,0.0035330556050522355
1990-10-19,0.006189543784811472
1990-10-22,4.705868363793285e-05
1990-10-23,-0.0010844680576707828
1990-10-24,-0.000423260284298249
1990-10-25,0.002882045392018664
1990-10-26,-0.0004249467920636415
1990-10-29,-0.003903673118557755
1990-10-30,0.00023819301848049279
1990-10-31,0.0035400446148118854
1990-11-01,0.00553825599243086
1990-11-02,0.00023463381245722106
1990-11-05,0.005356896903688217
1990-11-06,-0.0010955547358187428
1990-11-07,-0.00308014837132915
1990-11-08,-0.00042776141320886857
1990-11-09,0.00621992405977489
1990-11-13,0.008951838808441756
1990-11-14,0.000897970900943992
1990-11-15,-0.00043963474534719726
1990-11-16,0.004923179789405653
1990-11-19,-0.0026637970572270624
1990-11-20,0.0029097418609460757
1990-11-21,0.0029133693911545465
1990-11-23,-0.00021832897111192072
1990-11-26,0.0013515470857601837
1990-11-27,-0.00044474923120774553
1990-11-28,-0.0011144636838597618
1990-11-29,-0.0011127369918387709
1990-11-30,0.004258332473566481
1990-12-03,0.0033702142278936448
1990-12-04,0.0015721279610983571
1990-12-05,0.00292340927236432
1990-12-06,-0.0011248564542256044
1990-12-07,0.010402844708908695
1990-12-10,0.004060127977355889
1990-12-11,0.0029437741818414452
1990-12-12,0.0022640788068272587
1990-12-13,-0.004544230756400049
1990-12-14,-0.0045275871864961514
1990-12-17,0.002697933316976907
1990-12-18,0.002259024767459862
1990-12-19,-0.000460761940145371
1990-12-20,-0.0031710321884234893
1990-12-21,-0.003836895071296448
1990-12-24,-0.005395657746067464
1990-12-26,0.003824124006109903
1990-12-27,0.002928004134247677
1990-12-28,-0.0018039288477506368
1990-12-31,0.004731256884272833
1991-01-02,0.007926922637675702
1991-01-03,0.0029447089749072646
1991-01-04,-0.005893050977196299
1991-01-07,-0.006772982870207805
1991-01-08,-0.001801593903701884
1991-01-09,-0.005825029101179106
1991-01-10,0.006298353118158094
1991-01-11,-0.0024707399291711853
1991-01-14,-0.0013444325497977633
1991-01-15,0.0008982702788208443
1991-01-16,-0.0011196530646088456
1991-01-17,0.013107204257549982
1991-01-18,0.0015776254953942393
1991-01-22,-0.0018302567758609874
1991-01-23,0.002255885359576611
1991-01-24,0.0029381821395914
1991-01-25,-0.0038472391183388315
1991-01-28,0.0006620123203285421
1991-01-29,0.002256512053147644
1991-01-30,-0.0011361788427484175
1991-01-31,0.0015776254953942393
1991-02-01,0.008406462521608257
1991-02-04,0.00269911194030999
1991-02-05,0.002267894490732984
1991-02-06,0.004330168850368792
1991-02-07,-0.0018416105828429374
1991-02-08,0.0036465309512238087
1991-02-11,-4.799024684002814e-05
1991-02-12,0.0002130047912388775
1991-02-13,0.0002130047912388775
1991-02-14,-0.0011581409219793633
1991-02-15,0.0015859182875252859
1991-02-19,-0.000519126548262731
1991-02-20,-0.0025238630546427824
1991-02-21,-0.002517909607158984
1991-02-22,-0.0018309508037060254
1991-02-25,0.0006496919917864477
1991-02-26,-0.0031870301305288186
1991-02-27,-0.0011423031237292245
1991-02-28,-0.0024971731852061222
1991-03-01,-0.006539528728164784
1991-03-04,0.0006669404517453799
1991-03-05,0.0029307704825765175
1991-03-06,-0.001807435677680331
1991-03-07,0.0029316941743070942
1991-03-08,-0.003832765715665004
1991-03-11,0.0054117314094867
1991-03-12,-0.0018097765123369271
1991-03-13,0.004973863345480321
1991-03-14,0.00021957563312799451
1991-03-15,-0.005192515169114109
1991-03-18,-0.002709818670826736
1991-03-19,-0.006497332913093724
1991-03-20,0.0035935540388151847
1991-03-21,0.00292340927236432
1991-03-22,0.002250271748494658
1991-03-25,0.0006677618069815196
1991-03-26,0.00022258726899383987
1991-03-27,0.0036081540994192694
1991-03-28,0.0022552592590628913
1991-04-01,-0.0004732416433353108
1991-04-02,0.0029353968360706327
1991-04-03,-0.0011361788427484175
1991-04-04,0.0036179662126360358
1991-04-05,0.0008988452336128866
1991-04-08,0.0013363811552925741
1991-04-09,-0.003174580352990852
1991-04-10,-0.0045157404247879954
1991-04-11,0.0008985824647537014
1991-04-12,0.007702663337239001
1991-04-15,0.0026985079941785725
1991-04-16,-0.0011431796075479454
1991-04-17,0.0015802520450955199
1991-04-18,-0.004534711826897232
1991-04-19,-0.005192515169114109
1991-04-22,-0.002709818670826736
1991-04-23,0.002250893121498663
1991-04-24,0.004288580800935681
1991-04-25,-0.0004567443211421008
1991-04-26,0.0008986592208019812
1991-04-29,-1.540277425640605e-05
1991-04-30,0.00361550725063598
1991-05-01,0.0008987910970875761
1991-05-02,0.002940974582489053
1991-05-03,-0.004529960682481384
1991-05-06,-1.764481728229535e-05
1991-05-07,-0.00045731767381157175
1991-05-08,0.0015772989605878137
1991-05-09,0.0015779524258879483
1991-05-10,-0.006539528728164784
1991-05-13,0.0040540041246672626
1991-05-14,-0.00450628781144671
1991-05-15,0.000898482879246675
1991-05-16,0.0008985074808191128
1991-05-17,0.0029307704825765175
1991-05-20,-0.0006893795271843123
1991-05-21,0.0029326186548936416
1991-05-22,0.00022067077344284738
1991-05-23,-0.0024853936089468997
1991-05-24,0.00022176591375770022
1991-05-28,0.002919306576594726
1991-05-29,0.0002209445585215606
1991-05-30,0.00361550725063598
1991-05-31,-0.0024912770812009284
1991-06-03,-0.004740527121917747
1991-06-04,0.00022286105407255305
1991-06-05,-0.0031463053007884574
1991-06-06,-0.002466359078023746
1991-06-07,-0.0037998998238408465
1991-06-10,0.0006809034907597535
1991-06-11,0.00022696783025325117
1991-06-12,-0.004454689199736625
1991-06-13,0.0015676853594270906
1991-06-14,0.0035826962922378886
1991-06-17,1.032433541962533e-05
1991-06-18,-0.0011127369918387709
1991-06-19,-0.0004419059178407601
1991-06-20,0.0022397981171769043
1991-06-21,-0.0011127369918387709
1991-06-24,1.3672453138021572e-05
1991-06-25,0.00022806297056810404
1991-06-26,0.00022806297056810404
1991-06-27,0.0008980525646172937
1991-06-28,0.0056065603002954595
1991-07-01,-0.0006667239080612931
1991-07-02,-0.00044531847511669804
1991-07-03,0.0008981808632670902
1991-07-05,-0.004902864644575837
1991-07-08,0.0006850102669404517
1991-07-09,-0.0011092882453890302
1991-07-10,0.000897991027395704
1991-07-11,0.0035814947310973413
1991-07-12,0.0029142782131999076
1991-07-15,0.0006784394250513347
1991-07-16,-0.00044531847511669804
1991-07-17,-0.0017853148782118
1991-07-18,-0.000443042662567045
1991-07-19,0.0022410215512251325
1991-07-22,0.000680082135523614
1991-07-23,-0.001784156462657492
1991-07-24,0.004933950279916487
1991-07-25,0.002919747484733439
1991-07-26,0.00022450376454483228
1991-07-29,0.0006735112936344968
1991-07-30,-0.00044873802016434747
1991-07-31,0.0008983161552401775
1991-08-01,0.00022450376454483228
1991-08-02,0.009712241624796624
1991-08-05,0.0020186405074735085
1991-08-06,0.004983027630960952
1991-08-07,0.0029447089749072646
1991-08-08,-0.003183468089397253
1991-08-09,0.0002184804928131417
1991-08-12,0.0026985079941785725
1991-08-13,0.0029465809547732018
1991-08-14,0.006381166654492621
1991-08-15,-0.0011546101928000682
1991-08-16,0.00021464750171115674
1991-08-19,0.0013286020162397577
1991-08-20,0.0015849099306400397
1991-08-21,0.0008993993058228685
1991-08-22,0.0015859182875252859
1991-08-23,-0.006618303387735834
1991-08-26,-0.0013994655196540062
1991-08-27,0.0015822386736237687
1991-08-28,0.005010729771165138
1991-08-29,0.005713296334764284
1991-08-30,-0.005267750305140673
1991-09-03,0.0015416681348591832
1991-09-04,0.00021382614647501712
1991-09-05,-0.0011554922717078317
1991-09-06,0.0050218991358562046
1991-09-09,0.0027005054320571598
1991-09-10,0.00021163586584531144
1991-09-11,-0.000475770034834808
1991-09-12,0.005038748772915388
1991-09-13,0.0008998540558775865
1991-09-16,0.00270151031339016
1991-09-17,0.0008999913006859959
1991-09-18,0.00020862422997946614
1991-09-19,0.0009000261225343575
1991-09-20,0.002978897772457672
1991-09-23,0.0020082809700939725
1991-09-24,-0.00048624026470490245
1991-09-25,-0.0011776757472819397
1991-09-26,0.0015934244727018217
1991-09-27,0.005072795210894955
1991-09-30,0.0020066823432444854
1991-10-01,0.0015972519101091905
1991-10-02,-0.0011875173859677245
1991-10-03,0.00020451745379876797
1991-10-04,0.005790411578144596
1991-10-07,-9.094863067035403e-05
1991-10-08,-0.0018883724277986443
1991-10-09,-0.005352519419075228
1991-10-10,-0.0046406554115730105
1991-10-11,0.0064635457106259776
1991-10-15,0.0029084245312379115
1991-10-16,0.0009006112073202193
1991-10-17,-0.006728506170365413
1991-10-18,0.0015944633711059667
1991-10-21,-0.005601285127026625
1991-10-22,-0.0032391300896787013
1991-10-23,-0.0011678837374286437
1991-10-24,0.0029712093841319
1991-10-25,-0.0018582897625329668
1991-10-28,0.002701304450573935
1991-10-29,0.009932155561136349
1991-10-30,0.0022919074964372287
1991-10-31,0.0009005351845137123
1991-11-01,-0.0004909150056624287
1991-11-04,-0.0007752458780931011
1991-11-05,-0.003952327547453624
1991-11-06,0.0036794653851610283
1991-11-07,0.005781496200158783
1991-11-08,0.0015986561156246016
1991-11-12,0.003606973581135076
1991-11-13,-0.002588682995994976
1991-11-14,0.004399840661745151
1991-11-15,0.001601484505077388
1991-11-18,0.0006020533880903491
1991-11-19,-0.002594790116606543
1991-11-20,-0.0004967770470450171
1991-11-21,-0.0004961899079168412
1991-11-22,-0.0032810585778127884
1991-11-25,-8.527924280155684e-05
1991-11-26,0.0022958808431870403
1991-11-27,0.00020314852840520192
1991-11-29,0.003200517419895271
1991-12-02,0.004808785188843304
1991-12-03,0.0030072111079651447
1991-12-04,0.007956216782014436
1991-12-05,-0.0026193525021263424
1991-12-06,-0.0033142543026256945
1991-12-09,0.0034106926612419404
1991-12-10,0.000901588515755613
1991-12-11,-0.0005061997276163455
1991-12-12,0.00231132077736918
1991-12-13,-0.0019139422991677603
1991-12-16,0.0012969341694174885
1991-12-17,0.0023119996513367366
1991-12-18,-0.000507972475092966
1991-12-19,0.005853570280526397
1991-12-20,0.010156566736501874
1991-12-23,0.007002848949545386
1991-12-24,0.00018836413415468858
1991-12-26,0.002523126087273304
1991-12-27,0.0023368661988044104
1991-12-30,0.004870531180216074
1991-12-31,0.0037852384198893787
1992-01-02,-0.004656760873103321
1992-01-03,-0.004822604699264743
1992-01-06,0.0027119517566415083
1992-01-07,0.004497088332851255
1992-01-08,-0.0005329929963017557
1992-01-09,-0.00124948519428641
1992-01-10,-0.004106877870524588
1992-01-13,-0.0044297277649149765
1992-01-14,-0.007616620225120957
1992-01-15,-0.0012255589374281562
1992-01-16,-0.005458597016902469
1992-01-17,0.0030261433693314728
1992-01-21,0.005034371216114159
1992-01-22,-0.004053918108258165
1992-01-23,-0.007552307027710714
1992-01-24,-0.0033161084582775686
1992-01-27,0.0012984481098601579
1992-01-28,0.005842194845969397
1992-01-29,-0.006127737199674839
1992-01-30,-0.00400601957734539
1992-01-31,0.0002001368925393566
1992-02-03,-0.002895496681910203
1992-02-04,0.005111174328087551
1992-02-05,0.005830861829914337
1992-02-06,0.0009016318613671801
1992-02-07,0.0001971252566735113
1992-02-10,-0.00011253991879099153
1992-02-11,-0.001209164446738432
1992-02-12,-0.004709515008274029
1992-02-13,-0.0067793348512008265
1992-02-14,-0.0004950162541524872
1992-02-18,-0.0033629429050631167
1992-02-19,0.003691027438044801
1992-02-20,0.0009007657409165886
1992-02-21,-0.002582589180036148
1992-02-24,-0.0007795776186850413
1992-02-25,0.00229455390695832
1992-02-26,0.007904950871270298
1992-02-27,-0.0011983108362402933
1992-02-28,0.005817317963824941
1992-03-02,-0.007086859541447309
1992-03-03,-0.0032828939259798777
1992-03-04,0.0002034223134839151
1992-03-05,-0.005352519419075228
1992-03-06,0.0022919074964372287
1992-03-09,0.004798178873183837
1992-03-10,-0.0004938434319328518
1992-03-11,-0.005352519419075228
1992-03-12,-0.0073962778283222196
1992-03-13,-0.005986227373665784
1992-03-16,0.0020111417815973716
1992-03-17,0.005048159512162379
1992-03-18,0.00020862422997946614
1992-03-19,0.003671803788164623
1992-03-20,-0.004626047070301624
1992-03-23,0.0020097013591631034
1992-03-24,0.006453453606452161
1992-03-25,0.00020616016427104725
1992-03-26,-0.002564387135270324
1992-03-27,0.0022879564758659867
1992-03-30,0.0006193018480492812
1992-03-31,0.00020643394934976043
1992-04-01,0.005774827105423942
1992-04-02,-0.0004915002768057489
1992-04-03,0.003691027438044801
1992-04-06,0.0013070627977269924
1992-04-07,0.0002028747433264887
1992-04-08,-0.001887161700864294
1992-04-09,0.00649910293314311
1992-04-10,-0.0011965077656894293
1992-04-13,0.0034058387446279283
1992-04-14,-0.0011983108362402933
1992-04-15,-0.0011965077656894293
1992-04-16,-0.00536910825841518
1992-04-20,-0.008872114735217203
1992-04-21,0.0009001318162450256
1992-04-22,0.0009001674574166442
1992-04-23,-0.0011767835203484683
1992-04-24,0.0029808280660135245
1992-04-27,-0.0028384179976785728
1992-04-28,0.0022859893044531302
1992-04-29,-0.0018678743460400229
1992-04-30,-0.00048332523262380997
1992-05-01,0.00367307815071721
1992-05-04,-0.0007637127082675658
1992-05-05,0.0015934244727018217
1992-05-06,0.00716743596321647
1992-05-07,-0.0018811173886342733
1992-05-08,0.005785950563048198
1992-05-11,0.0013065543802679408
1992-05-12,0.002999330645030767
1992-05-13,0.0016011294953507998
1992-05-14,0.00020095824777549622
1992-05-15,0.004411146340564386
1992-05-18,0.000597946611909651
1992-05-19,0.005833125047814112
1992-05-20,-0.0033161084582775686
1992-05-21,-0.009576625596451076
1992-05-22,0.003000312773784111
1992-05-26,-0.006851546423787474
1992-05-27,0.0015976023389946482
1992-05-28,0.005797115597018625
1992-05-29,0.0023018829602761202
1992-06-01,-0.0035873844530082077
1992-06-02,0.003000312773784111
1992-06-03,0.0009010441847558927
1992-06-04,0.00020095824777549622
1992-06-05,0.002303223655533186
1992-06-08,0.0006004106776180698
1992-06-09,-0.0012001155778946053
1992-06-10,-0.0011983108362402933
1992-06-11,0.001601484505077388
1992-06-12,0.003006223116283803
1992-06-15,0.0013004696466787009
1992-06-16,0.003011171483948403
1992-06-17,0.0009015024581044488
1992-06-18,0.003016140925447081
1992-06-19,-0.003317963666771128
1992-06-22,0.0005946611909650925
1992-06-23,-0.0005044288798400354
1992-06-24,0.0037196456301437034
1992-06-25,0.004433943320667618
1992-06-26,-0.0005103391014037521
1992-06-29,0.0027075989162103037
1992-06-30,-0.0012173444845380663
1992-07-01,0.0030251392969742837
1992-07-02,0.012312752309806194
1992-07-06,0.0029004670957439123
1992-07-07,0.0023333623853178864
1992-07-08,-0.002665992222194451
1992-07-09,0.00018918548939082818
1992-07-10,-0.0012365655079698502
1992-07-13,-0.002277136432994216
1992-07-14,0.00019082819986310747
1992-07-15,0.005187712674745941
1992-07-16,0.0023333623853178864
1992-07-17,-0.0019534444990570955
1992-07-20,0.000566735112936345
1992-07-21,0.000903081285903553
1992-07-22,0.003050498642144004
1992-07-23,0.009543493943398568
1992-07-24,-0.0005353958344472242
1992-07-27,0.003435527953977617
1992-07-28,0.004519123332395382
1992-07-29,0.002352478088496324
1992-07-30,-0.0063054377233178974
1992-07-31,-0.0019759557816237464
1992-08-03,0.0005519507186858316
1992-08-04,0.004514018497170519
1992-08-05,0.001627009378823236
1992-08-06,-0.0005402120612940555
1992-08-07,0.005979174817195566
1992-08-10,0.0041711306383142585
1992-08-11,0.0016324415922459512
1992-08-12,0.00163322475750857
1992-08-13,-0.00489970350054365
1992-08-14,0.0016312701986906449
1992-08-17,-0.0016385817148155985
1992-08-18,0.0060006073090294754
1992-08-19,0.000905378314927248
1992-08-20,0.0009054377741778757
1992-08-21,-0.0049048929488086914
1992-08-24,-0.010278566219056538
1992-08-25,-0.003413995393473294
1992-08-26,0.003789339024079961
1992-08-27,0.003072220170683894
1992-08-28,0.0009044573388229131
1992-08-31,0.0012675522464865273
1992-09-01,0.0045310811467358875
1992-09-02,0.001630880627217124
1992-09-03,0.00017905544147843943
1992-09-04,0.010402992143363867
1992-09-08,0.00877472364978629
1992-09-09,-0.0012944375511855526
1992-09-10,0.00017275838466803556
1992-09-11,-0.004215066685038103
1992-09-14,0.004188129178102791
1992-09-15,-0.005669334859134212
1992-09-16,-0.0005547459691512994
1992-09-17,0.0009057992486079812
1992-09-18,-0.0005547459691512994
1992-09-21,-0.0002031453449761964
1992-09-22,-0.005639910927761648
1992-09-23,-0.002724589561616762
1992-09-24,0.004544827377396911
1992-09-25,0.005287153960375639
1992-09-28,0.003451714529842731
1992-09-29,0.00017440109514031487
1992-09-30,0.00017440109514031487
1992-10-01,0.010478451932791934
1992-10-02,-0.0020344624029099067
1992-10-05,0.0019855422968657597
1992-10-06,-0.004231102445958078
1992-10-07,-0.011479834872383535
1992-10-08,0.00382669377766546
1992-10-09,-0.00781368542969864
1992-10-13,0.0014406663323383421
1992-10-14,0.00017823408624229977
1992-10-15,-0.001273706883967289
1992-10-16,-0.0048867571480186965
1992-10-19,-0.00594404141941646
1992-10-20,-0.011973717969970994
1992-10-21,0.004490353124191113
1992-10-22,0.00450046381813681
1992-10-23,-0.006260440588456976
1992-10-26,0.0005609856262833676
1992-10-27,0.0037757087879679106
1992-10-28,0.0016224222377971376
1992-10-29,0.0037852384198893787
1992-10-30,-0.006270050340624239
1992-11-02,-0.005157372034869009
1992-11-03,0.0009031818947195407
1992-11-04,-0.0012402481627995232
1992-11-05,0.0016182727898708886
1992-11-06,-0.0069276576854966024
1992-11-09,-0.0015593729906589913
1992-11-10,0.006613272455611396
1992-11-12,0.008987214806859004
1992-11-13,-0.0019634233419530793
1992-11-16,-0.00515054745047043
1992-11-17,0.003049473903140682
1992-11-18,0.005929724357590758
1992-11-19,-0.0019646736344978975
1992-11-20,-0.0019609247181411236
1992-11-23,-0.0008684767168328967
1992-11-24,0.0030535780807923983
1992-11-25,-0.0012448612378442626
1992-11-27,-0.006041266259611247
1992-11-30,-0.0008552606555217628
1992-12-01,0.000902833553991541
1992-12-02,0.0009028826679136118
1992-12-03,0.001616776950408756
1992-12-04,0.005199690671620595
1992-12-07,0.00486825609203925
1992-12-08,0.0037825101832202265
1992-12-09,-0.0019709349247148842
1992-12-10,-0.0005329929963017557
1992-12-11,-0.0019659245815048716
1992-12-14,-0.0015898259962930838
1992-12-15,0.0001869952087611225
1992-12-16,0.004495402562035959
1992-12-17,0.00018535249828884325
1992-12-18,0.0009037508036456351
1992-12-21,0.004155395846309639
1992-12-22,0.0045157187826407414
1992-12-23,-0.0019809871862068963
1992-12-24,-0.0005378021856592855
1992-12-28,-0.0014264691286463337
1992-12-29,0.002346052789271377
1992-12-30,0.0009041811889883082
1992-12-31,-0.0012578358773845221
1993-01-04,0.007970172237948566
1993-01-05,-0.0005426254727489866
1993-01-06,-0.0012643554909748387
1993-01-07,-0.00915741758538838
1993-01-08,0.0009038038333299106
1993-01-11,0.0034345464939152218
1993-01-12,-0.0005359970924573535
1993-01-13,0.0009040181459625613
1993-01-14,0.0045157187826407414
1993-01-15,0.0038003225334363494
1993-01-19,0.001446776697697817
1993-01-20,-0.0012662222165805096
1993-01-21,0.0009046256834451261
1993-01-22,0.002354631817221156
1993-01-25,0.007088243202756544
1993-01-26,-0.0012765209879896165
1993-01-27,0.00163322475750857
1993-01-28,0.0030932699643822998
1993-01-29,0.0038294932482093496
1993-02-01,0.0012558188727352043
1993-02-02,-0.005651658946014383
1993-02-03,0.0009054974578365787
1993-02-04,0.004560394750432329
1993-02-05,0.005305825943219085
1993-02-08,-0.003137430626334187
1993-02-09,-0.002745465808107307
1993-02-10,0.0009057992486079812
1993-02-11,0.002369144184730104
1993-02-12,0.0016383591503967882
1993-02-16,0.001427729415999077
1993-02-17,0.004579570569516279
1993-02-18,0.008290460308670183
1993-02-19,0.0016464079349736954
1993-02-22,0.004949838299036188
1993-02-23,0.012858911954386758
1993-02-24,-0.00652960385073704
1993-02-25,-0.0013211405733020239
1993-02-26,0.0001650924024640657
1993-03-01,0.0072086629885404745
1993-03-02,-0.0005829675754587968
1993-03-03,0.005398981343087869
1993-03-04,0.003909737993423621
1993-03-05,-0.005071612008990212
1993-03-08,0.004229875725853344
1993-03-09,-0.004321678706283242
1993-03-10,-0.0043076062044128845
1993-03-11,0.0009087006801806894
1993-03-12,-0.010938009009714901
1993-03-15,-0.003926495385010307
1993-03-16,0.008328733572490749
1993-03-17,0.0031386521736487373
1993-03-18,0.006881312859350287
1993-03-19,-0.0013288365702124856
1993-03-22,-0.00025654462255916437
1993-03-23,0.0038980516159932235
1993-03-24,-0.002820569634828522
1993-03-25,-0.0020707805954077404
1993-03-26,-0.007984792870310807
1993-03-29,0.0027256462676909523
1993-03-30,0.0031386521736487373
1993-03-31,-0.0005780244344118924
1993-04-01,-0.002060348516251774
1993-04-02,-0.00721798509589721
1993-04-05,0.0027242206993533745
1993-04-06,0.0038734667678354375
1993-04-07,0.0009079335324603447
1993-04-08,0.007615135565606702
1993-04-12,0.004386945184310721
1993-04-13,-0.0005842056957618951
1993-04-14,0.00240432387409509
1993-04-15,0.001657566373310649
1993-04-16,-0.000586684749066945
1993-04-19,0.001980505011499955
1993-04-20,0.00016071184120465434
1993-04-21,0.0009094226185502377
1993-04-22,0.0009094961050432329
1993-04-23,-0.0028305101634333992
1993-04-26,-0.0032459130333186187
1993-04-27,-0.005782803553323261
1993-04-28,-0.0005780244344118924
1993-04-29,0.0031419558931594627
1993-04-30,-0.004288921282552354
1993-05-03,0.007204095095477819
1993-05-04,0.0031496972447023395
1993-05-05,-0.0005842056957618951
1993-05-06,0.0031530290187903303
1993-05-07,-0.002078634036417375
1993-05-10,0.002729250610859503
1993-05-11,0.00016125941136208076
1993-05-12,-0.005055458092552842
1993-05-13,-0.004295917657648332
1993-05-14,-0.0005780244344118924
1993-05-17,-0.00247060464626602
1993-05-18,-0.005743687135611518
1993-05-19,0.003128791165684089
1993-05-20,0.0016488583330166765
1993-05-21,-0.005002035413929421
1993-05-24,0.0005059548254620123
1993-05-25,-0.0005694096644311643
1993-05-26,0.0038677308684765214
1993-05-27,0.0009076615312865017
1993-05-28,-0.003524710128344786
1993-06-01,0.007347773303734281
1993-06-02,0.0009080021113197789
1993-06-03,0.0031386521736487373
1993-06-04,-0.0064960434281577505
1993-06-07,0.0027252354938829292
1993-06-08,-0.0005743268433986045
1993-06-09,0.001649678828175877
1993-06-10,0.00016618754277891856
1993-06-11,0.007615135565606702
1993-06-14,0.0004903490759753593
1993-06-15,0.0009087006801806894
1993-06-16,0.00016317590691307323
1993-06-17,0.002402032488148924
1993-06-18,-0.002817263617656931
1993-06-21,0.004223495492318935
1993-06-22,0.000909058716289111
1993-06-23,0.00016180698151950718
1993-06-24,0.002405854986312271
1993-06-25,0.0031586007879437447
1993-06-28,0.0034828561615158227
1993-06-29,0.00090994198240166
1993-06-30,-0.0005922763868251307
1993-07-01,0.00015879534565366188
1993-07-02,0.0031675647435141672
1993-07-06,-0.002372383849352491
1993-07-07,0.00015879534565366188
1993-07-08,0.0016617857609610596
1993-07-09,0.0016626353175545209
1993-07-12,0.0012256443810601011
1993-07-13,-0.00209705741737339
1993-07-14,0.004679787476948869
1993-07-15,0.0001566050650239562
1993-07-16,0.0009105497619179593
1993-07-19,0.00046899383983572897
1993-07-20,-0.0028538366317616176
1993-07-21,-0.005840540196153322
1993-07-22,-0.005071612008990212
1993-07-23,-0.0035664322922355283
1993-07-26,0.0019812785885724086
1993-07-27,0.0009089866405384176
1993-07-28,0.0016567281533106733
1993-07-29,0.006915493908651766
1993-07-30,-0.0013404367588476956
1993-08-02,-0.0010192652866305293
1993-08-03,0.0016596701626780646
1993-08-04,-0.0028338311856712993
1993-08-05,0.0009094226185502377
1993-08-06,0.00016043805612594116
1993-08-09,0.003481712210058796
1993-08-10,0.0001593429158110883
1993-08-11,0.005427109487997255
1993-08-12,-0.0013462623190259489
1993-08-13,0.003925930265603339
1993-08-16,0.0034897996362909783
1993-08-17,-0.0013530804092774437
1993-08-18,0.0009107040878973637
1993-08-19,0.003937796944914394
1993-08-20,0.002426803150102957
1993-08-23,0.0012185972605772458
1993-08-24,0.004712942617657684
1993-08-25,0.0024346945667435985
1993-08-26,0.007028715287690241
1993-08-27,-0.004424029842417072
1993-08-30,0.003504101075616647
1993-08-31,-0.0006142052445558585
1993-09-01,-0.0006135746046345763
1993-09-02,0.003972342954562793
1993-09-03,0.007829656075062334
1993-09-07,0.006749914257174066
1993-09-08,0.0001431895961670089
1993-09-09,-0.009057313963611174
1993-09-10,0.004759772820669333
1993-09-13,0.002744407207644351
1993-09-14,-0.008281913709707512
1993-09-15,-0.0013835578359153945
1993-09-16,0.0016795853288487728
1993-09-17,-0.0006186265563267276
1993-09-20,-0.0026149689573479727
1993-09-21,-0.0036637481588222224
1993-09-22,0.0016760483631632973
1993-09-23,0.0024418590060831372
1993-09-24,0.0001483915126625599
1993-09-27,0.009667282273423455
1993-09-28,0.0016836019429030658
1993-09-29,-0.005222484206759108
1993-09-30,-0.003678171563687924
1993-10-01,0.004750333337102032
1993-10-04,0.0004386036960985626
1993-10-05,-0.0006205250753899803
1993-10-06,0.00014647501711156742
1993-10-07,0.001681365569012826
1993-10-08,0.005535683627338784
1993-10-12,-0.00019356576040193533
1993-10-13,0.00014428473648186172
1993-10-14,0.003228505802035682
1993-10-15,0.0032332167367574373
1993-10-18,-0.005730530583091733
1993-10-19,0.00014428473648186172
1993-10-20,0.0009142558203501772
1993-10-21,-0.006756436954695494
1993-10-22,-0.005202998276426142
1993-10-25,-0.0033669651334971027
1993-10-26,0.0032051882073724685
1993-10-27,-0.0006148361280899964
1993-10-28,0.002442658710080362
1993-10-29,-0.0013795990756475922
1993-11-01,-0.009423758205647453
1993-11-02,-0.005145041155615144
1993-11-03,-0.0028672495843073517
1993-11-04,0.00015523613963039015
1993-11-05,-0.005865053809100419
1993-11-08,0.004243742607445222
1993-11-09,0.004694465497048818
1993-11-10,-0.005874277749997343
1993-11-12,0.004847392445519648
1993-11-15,-0.0017990498433325744
1993-11-16,0.0024228845293248927
1993-11-17,0.0009110156080622618
1993-11-18,-0.005120429985916612
1993-11-19,-0.008836057800342868
1993-11-22,-0.003258666277587683
1993-11-23,0.005411928808439858
1993-11-24,-0.0013394674876431262
1993-11-26,0.004828729532424244
1993-11-29,0.0019791308685469917
1993-11-30,-0.005090533059459313
1993-12-01,0.0009097179800542993
1993-12-02,0.0009097924108761448
1993-12-03,0.0009098670782610318
1993-12-06,0.0065050791016644195
1993-12-07,0.0009105497619179593
1993-12-08,0.00015633127994524296
1993-12-09,0.0024213221140210886
1993-12-10,-0.0036106945216404147
1993-12-13,-0.0032868269951360804
1993-12-14,-0.0028421502333423484
1993-12-15,-0.0005904103836953008
1993-12-16,-0.0005897888552650437
1993-12-17,0.002411236137408242
1993-12-20,-0.0010222984973829452
1993-12-21,-0.0013384986884101323
1993-12-22,0.008441838238738668
1993-12-23,0.001664340134515207
1993-12-27,0.0006264202600958248
1993-12-28,0.0001566050650239562
1993-12-29,-0.0013491815019424226
1993-12-30,-0.005843597768758588
1993-12-31,-0.0005904103836953008
1994-01-03,-0.006240753874374678
1994-01-04,0.003154141489346071
1994-01-05,-0.0013336617583914587
1994-01-06,0.004657941838020457
1994-01-07,0.010719704507776227
1994-01-10,0.002734217952491611
1994-01-11,0.00015523613963039015
1994-01-12,0.005459914678941536
1994-01-13,-0.008139913660033037
1994-01-14,-0.005104097665246036
1994-01-18,0.003644558544527421
1994-01-19,-0.001347234904812904
1994-01-20,0.00392740942002441
1994-01-21,-0.0013501555140597778
1994-01-24,-0.0002822570905014667
1994-01-25,-0.002848822485467705
1994-01-26,0.0009100925017221853
1994-01-27,0.003170941882399583
1994-01-28,0.0039318540420554176
1994-01-31,-0.0010420605598592371
1994-02-01,-0.005106815560888257
1994-02-02,0.00015797399041752222
1994-02-03,-0.002843816876232149
1994-02-04,-0.009537907354331774
1994-02-07,-0.0010026162638891653
1994-02-08,-0.003554459433731665
1994-02-09,0.006884149643405487
1994-02-10,0.000909058716289111
1994-02-11,0.002405854986312271
1994-02-14,-0.0010116905058247237
1994-02-15,0.001657566373310649
1994-02-16,-0.000586684749066945
1994-02-17,-0.008021195816226937
1994-02-18,-0.006502738836916685
1994-02-22,0.003635562164951258
1994-02-23,-0.005749684713978034
1994-02-24,-0.0064593668752414395
1994-02-25,0.0009069976626197494
1994-02-28,0.004942487212327238
1994-03-01,-0.009377736855423419
1994-03-02,-0.0012953850491887542
1994-03-03,-0.0034873986110814355
1994-03-04,-0.0020190623900348393
1994-03-07,0.004921928255394341
1994-03-08,-0.004212781295932967
1994-03-09,0.00017467488021902805
1994-03-10,-0.0071015392489864925
1994-03-11,0.0016340097151301659
1994-03-14,-0.0023772665735274745
1994-03-15,0.002361854366919928
1994-03-16,0.005289222299305356
1994-03-17,0.00017522245037645447
1994-03-18,-0.006370394470750194
1994-03-21,-0.003818763098821106
1994-03-22,0.008197807654514503
1994-03-23,0.0001763175906913073
1994-03-24,-0.009963781914789685
1994-03-25,-0.0019898176272027026
1994-03-28,-0.0009024116169159749
1994-03-29,-0.005578701413840051
1994-03-30,-0.004840470660919884
1994-03-31,0.0009036979929970924
1994-04-04,-0.026766805199792805
1994-04-05,0.013715425974057276
1994-04-06,0.003042325025915547
1994-04-07,0.005195691925595949
1994-04-08,-0.005512552189582844
1994-04-11,0.0019964177626892814
1994-04-12,0.0037635350872193135
1994-04-13,-0.0040891418291090055
1994-04-14,-0.0026566025520907252
1994-04-15,0.00019082819986310747
1994-04-18,-0.011431371413185043
1994-04-19,0.0030251392969742837
1994-04-20,0.0037394508294102662
1994-04-21,0.010182037083325563
1994-04-22,-0.0012365655079698502
1994-04-25,0.005575158044692459
1994-04-26,0.00018781656399726216
1994-04-28,-0.012391782292542076
1994-04-29,-0.0012246445131793347
1994-05-02,-0.0015433263834320288
1994-05-03,-0.0026317146406651466
1994-05-04,-0.0005109312882239977
1994-05-05,0.0023167695852279557
1994-05-06,-0.01659182992905416
1994-05-09,-0.009127716343970272
1994-05-10,0.011406666645042746
1994-05-11,-0.004684791502335436
1994-05-12,0.002999330645030767
1994-05-13,0.005111174328087551
1994-05-16,0.004113583175977823
1994-05-17,0.015100028380819157
1994-05-18,0.00019247091033538672
1994-05-19,0.005175789254838375
1994-05-20,-0.004069287924806397
1994-05-23,-0.011400238651141438
1994-05-24,0.0016072217983416383
1994-05-25,0.0023147215049937717
1994-05-26,0.0037341460247558743
1994-05-27,-0.0019262162923306299
1994-05-31,-0.0027461747487487736
1994-06-01,0.003730178622071055
1994-06-02,0.003736796290737238
1994-06-03,0.006594860328122362
1994-06-06,0.0055679256250310664
1994-06-07,-0.0026597289889536916
1994-06-08,-0.0005216271439358449
1994-06-09,-0.00123197190934836
1994-06-10,-0.003357167755161917
1994-06-13,-0.002256080122955266
1994-06-14,0.005167870498844629
1994-06-15,-0.006882402201267511
1994-06-16,0.0023195093051789468
1994-06-17,-0.0047493784686680795
1994-06-20,-0.0008245586405707158
1994-06-21,-0.004025540263683696
1994-06-22,0.006555724632324588
1994-06-23,0.002317453555655919
1994-06-24,-0.00824861554663233
1994-06-27,0.0034124830037200447
1994-06-28,-0.005422034667138289
1994-06-29,0.0016046984630346582
1994-06-30,-0.00679979707835487
1994-07-01,0.00020095824777549622
1994-07-05,0.0029060983988596746
1994-07-06,-0.0005003042637813933
1994-07-07,0.0016025520462771867
1994-07-08,-0.00816761130500571
1994-07-11,-0.0028692616947426875
1994-07-12,0.0029924790829369856
1994-07-13,0.0015986561156246016
1994-07-14,0.01144483728144198
1994-07-15,0.00019849418206707733
1994-07-18,0.004116633994277859
1994-07-19,0.0037262207943917916
1994-07-20,-0.006830631640186163
1994-07-21,-0.0012055398563164588
1994-07-22,-0.0012037300852438158
1994-07-25,0.002002802007328369
1994-07-26,-0.0005026599271960677
1994-07-27,-0.003999535350376033
1994-07-28,0.00370787685919023
1994-07-29,0.012214290506320193
1994-08-01,-0.00012165373539495681
1994-08-02,0.001609401183062526
1994-08-03,0.001610131048198461
1994-08-04,-0.0019262162923306299
1994-08-05,-0.011031859663884584
1994-08-08,0.000597946611909651
1994-08-09,-0.00330130462178693
1994-08-10,0.0023038949459230247
1994-08-11,-0.003995218805663533
1994-08-12,0.006519586516859228
1994-08-15,-0.001506085217469636
1994-08-16,0.00794977606453866
1994-08-17,0.00302013170874577
1994-08-18,-0.008926134500695536
1994-08-19,0.0009013328723501139
1994-08-22,-0.002205892332771738
1994-08-23,0.0023052394147467367
1994-08-24,0.004420886063728742
1994-08-25,-0.004711995413841427
1994-08-26,0.0037144045312139627
1994-08-29,0.0005946611909650925
1994-08-30,0.003015145347178131
1994-08-31,0.0009016754183958188
1994-09-01,0.0001968514715947981
1994-09-02,-0.0012109792714945558
1994-09-06,-0.0034224856955051737
1994-09-07,-0.0012037300852438158
1994-09-08,-0.0005014816760341246
1994-09-09,-0.009553366712834913
1994-09-12,-0.0007810223593316567
1994-09-13,0.0015976023389946482
1994-09-14,0.002296545245787875
1994-09-15,0.004399840661745151
1994-09-16,-0.011599464781227904
1994-09-19,0.0027030202038596227
1994-09-20,-0.0025704412920012683
1994-09-21,-0.001872681363993513
1994-09-22,0.00020698151950718685
1994-09-23,-0.0004856568481354084
1994-09-26,0.0006217659137577003
1994-09-27,-0.002558346113881125
1994-09-28,0.002978897772457672
1994-09-29,-0.004626047070301624
1994-09-30,0.001591357758889318
1994-10-03,-0.0021335647848702757
1994-10-04,-0.0025448016248189615
1994-10-05,-0.004594571773736157
1994-10-06,-0.00047345225916035666
1994-10-07,0.005722008031228812
1994-10-11,0.004294089293749049
1994-10-12,-0.002546303309489723
1994-10-13,0.003662911937848807
1994-10-14,0.00228337502702639
1994-10-17,-6.604195081671035e-05
1994-10-18,-0.0011723285265069822
1994-10-19,-0.0025478058072815665
1994-10-20,-0.008016436964741983
1994-10-21,-0.0004717160471408631
1994-10-24,-0.0027772478547503157
1994-10-25,-0.0011510858912029856
1994-10-26,0.00021574264202600955
1994-10-27,0.00021574264202600955
1994-10-28,0.0043255047424149914
1994-10-31,0.001327568203305453
1994-11-01,-0.006608393937602726
1994-11-02,-0.0031870301305288186
1994-11-03,0.00021793292265571528
1994-11-04,-0.005208532162389638
1994-11-07,-1.764481728229535e-05
1994-11-08,0.0029372529126625076
1994-11-09,0.00498854289159084
1994-11-10,-0.0025030819612458285
1994-11-14,0.00359921566028087
1994-11-15,0.0015812435630966199
1994-11-16,-0.003185248612988811
1994-11-17,-0.003853459749645682
1994-11-18,0.0015782797523841714
1994-11-21,-0.0006993229612022034
1994-11-22,0.002258395696931362
1994-11-23,0.013238446165893066
1994-11-25,0.0011132254522978856
1994-11-28,-0.004824418499597298
1994-11-29,-0.004551384548943035
1994-11-30,0.0029465809547732018
1994-12-01,-0.00046536540693745284
1994-12-02,0.007754658171336125
1994-12-05,-0.0007278399787577976
1994-12-06,0.00709139460426383
1994-12-07,-0.005270460444439961
1994-12-08,0.0015855817653416394
1994-12-09,0.00021327857631759067
1994-12-12,-0.0034644516336838353
1994-12-13,0.0015842397066832548
1994-12-14,0.002271090780803631
1994-12-15,0.0008994304729517187
1994-12-16,-0.0011572576359765786
1994-12-19,0.0006414784394250514
1994-12-20,0.00021382614647501712
1994-12-21,0.0008993993058228685
1994-12-22,-0.0025238630546427824
1994-12-23,-0.00046940391583963933
1994-12-27,0.007040760334414034
1994-12-28,-0.0025298293572354885
1994-12-29,-0.0011563747526597825
1994-12-30,-0.0011546101928000682
1995-01-03,-0.0018739671020255137
1995-01-04,0.0043255047424149914
1995-01-05,-0.0038847236697692384
1995-01-06,0.0008991867690421561
1995-01-09,-0.0007192681038184009
1995-01-10,0.003637781228190568
1995-01-11,0.0036440259927974145
1995-01-12,-0.0004722945829230691
1995-01-13,0.0077917452545092055
1995-01-17,0.00015353112653811553
1995-01-18,-0.0004775104919753253
1995-01-19,-0.0018511269724887816
1995-01-20,-0.005267750305140673
1995-01-23,-4.2359716338099114e-05
1995-01-24,-0.001836866888580366
1995-01-25,0.004328612939030276
1995-01-26,0.002960723025727354
1995-01-27,0.0071109659007080215
1995-01-30,0.001319326801607056
1995-01-31,0.003667986854392239
1995-02-01,-0.003931067276618867
1995-02-02,-0.0011687718808188773
1995-02-03,0.013416870069676418
1995-02-06,-0.0021603112440888796
1995-02-07,0.0009003487451707707
1995-02-08,-0.00048799174750035096
1995-02-09,-0.00325547220414143
1995-02-10,-0.0025568379060119475
1995-02-13,0.0013172745824932897
1995-02-14,0.007153241320236512
1995-02-15,0.004383796138692855
1995-02-16,0.0036936081863056048
1995-02-17,-0.0018883724277986443
1995-02-21,0.00011700960821531817
1995-02-22,0.007201714691227033
1995-02-23,0.00020095824777549622
1995-02-24,0.000901084797330938
1995-02-27,0.0069286679631226115
1995-02-28,0.001605417303508121
1995-03-01,-0.0005056092341722996
1995-03-02,-0.004709515008274029
1995-03-03,-0.003995218805663533
1995-03-06,-0.0028835561005535774
1995-03-07,-0.001887161700864294
1995-03-08,0.005797115597018625
1995-03-09,0.004407909859918287
1995-03-10,0.00512280223741324
1995-03-13,0.0034120341492663827
1995-03-14,0.007274098941902696
1995-03-15,0.00019411362080766598
1995-03-16,0.003030168197306831
1995-03-17,-0.004754388067964209
1995-03-20,0.0005848049281314168
1995-03-21,-0.0026270724792369264
1995-03-22,-0.003323535617756248
1995-03-23,0.0001973990417522245
1995-03-24,0.008690040193400472
1995-03-27,0.0034183954389221637
1995-03-28,-0.00756737874102659
1995-03-29,0.00019603011635865845
1995-03-30,-0.0012137046781828958
1995-03-31,-0.001211887317444237
1995-04-03,0.004828193834014641
1995-04-04,0.0016090368895169877
1995-04-05,0.0001949349760438056
1995-04-06,0.0023181381654474933
1995-04-07,-0.001220078799306973
1995-04-10,-0.0001227939174196204
1995-04-11,0.0023181381654474933
1995-04-12,0.0023201958361483287
1995-04-13,0.002322259279657111
1995-04-17,6.0547862264006596e-05
1995-04-18,0.00019274469541409993
1995-04-19,-0.0012246445131793347
1995-04-20,0.0030331958030054658
1995-04-21,0.0009024957915233327
1995-04-24,0.0005757700205338809
1995-04-25,0.00019192334017796028
1995-04-26,0.00019192334017796028
1995-04-27,-0.0019360814227438704
1995-04-28,-0.0019323771946045119
1995-05-01,-0.0008347717034541705
1995-05-02,0.0037407797031543764
1995-05-03,0.0058879528063638525
1995-05-04,0.00806054663465828
1995-05-05,0.011718147170269123
1995-05-08,-0.00017087583256766975
1995-05-09,0.0066932692026937584
1995-05-10,-0.0034273964709138523
1995-05-11,-0.0012596964178047147
1995-05-12,0.0009042359773346073
1995-05-15,0.004162799312568379
1995-05-16,0.0038044596300122503
1995-05-17,0.003083753399039211
1995-05-18,-0.005607751227235764
1995-05-19,0.0001809719370294319
1995-05-22,-0.0009024116169159749
1995-05-23,0.004529368889400916
1995-05-24,0.00965619094346416
1995-05-25,0.0038294932482093496
1995-05-26,-0.0005553543477333972
1995-05-30,0.008037391691345971
1995-05-31,0.00017248459958932238
1995-06-01,0.007542796590965144
1995-06-02,0.007574098018344775
1995-06-05,0.0019832861452003933
1995-06-06,0.00016646132785763177
1995-06-07,-0.008677850526350105
1995-06-08,-0.0013029814321945455
1995-06-09,-0.012974497962482089
1995-06-12,0.002719589085483013
1995-06-13,0.017171909026801963
1995-06-14,-0.0005706375769868394
1995-06-15,-0.0020447837563529465
1995-06-16,-0.0020409080991568504
1995-06-19,0.006425386799044928
1995-06-20,-0.0020473709702119327
1995-06-21,0.0023869174823786996
1995-06-22,0.006850247007433944
1995-06-23,-0.00131826225300102
1995-06-26,-0.003202770151247049
1995-06-27,-0.0027876768590135172
1995-06-28,0.003870596507668423
1995-06-29,-0.013050366651755733
1995-06-30,0.0053288221112473
1995-07-03,0.0005100616016427105
1995-07-05,0.0018148040797452516
1995-07-06,0.010559358996675703
1995-07-07,0.0009081399646339836
1995-07-10,0.0004960985626283368
1995-07-11,-0.0035385607555610973
1995-07-12,-0.0005737113886609556
1995-07-13,0.000907797069396509
1995-07-14,-0.004265690336422239
1995-07-17,-0.004649378979958063
1995-07-18,-0.0020357501715141733
1995-07-19,-0.012955622328977718
1995-07-20,0.0001760438056125941
1995-07-21,-0.0070835533391722435
1995-07-24,0.005634399210940836
1995-07-25,0.00236476219137555
1995-07-26,-0.003462105532654358
1995-07-27,0.0038238988134314147
1995-07-28,-0.004187731216497784
1995-07-31,0.003447582013763021
1995-08-01,-0.003458231143027328
1995-08-02,0.004551732720108458
1995-08-03,-0.006357339065466119
1995-08-04,0.00235968056359634
1995-08-07,0.001989145359835743
1995-08-08,0.000905378314927248
1995-08-09,0.00017713894592744694
1995-08-10,-0.0027293937215391423
1995-08-11,-0.005613582427225395
1995-08-14,0.0005412731006160165
1995-08-15,0.0016297145868840646
1995-08-16,0.0023567915512992138
1995-08-17,-0.001994878214087699
1995-08-18,0.00017987679671457909
1995-08-21,0.002716545144728372
1995-08-22,-0.001994878214087699
1995-08-23,-0.0019910817749169197
1995-08-24,0.007450259984685605
1995-08-25,0.008949442288782488
1995-08-28,0.0034532791223807822
1995-08-29,-0.0012897068682865655
1995-08-30,0.002372079069184211
1995-08-31,0.0038449712133948014
1995-09-01,0.004590099689402958
1995-09-05,0.0036320561909858615
1995-09-06,0.0009072604516875183
1995-09-07,-0.0027778810950233822
1995-09-08,-0.002037038624885418
1995-09-11,0.0005125256673511294
1995-09-12,0.006077994834872099
1995-09-13,-0.0013067905948270404
1995-09-14,0.007580385969023589
1995-09-15,-0.00205385108587175
1995-09-18,-0.003926495385010307
1995-09-19,0.0023861690299558716
1995-09-20,0.0031298831294283773
1995-09-21,-0.007936575833284373
1995-09-22,-0.002771368915351792
1995-09-25,-0.00022166406028512842
1995-09-26,-0.0012972814095622092
1995-09-27,-0.0012953850491887542
1995-09-28,0.0016411554703940994
1995-09-29,0.008290460308670183
1995-10-02,0.0019842587221057966
1995-10-03,0.001647222889414018
1995-10-04,0.0009075941086201111
1995-10-05,0.004618419620939251
1995-10-06,0.00016591375770020532
1995-10-10,-7.78171736766025e-05
1995-10-11,-0.001315388105141273
1995-10-12,0.001649678828175877
1995-10-13,0.007615135565606702
1995-10-16,0.0004903490759753593
1995-10-17,0.00016344969199178644
1995-10-18,-0.0013249848417664358
1995-10-19,0.0009085591029246471
1995-10-20,-0.004291252014149356
1995-10-23,-0.0017283152665363195
1995-10-24,0.003882105349353989
1995-10-25,0.00165256517269912
1995-10-26,-0.004286591942881875
1995-10-27,0.0009080709219814407
1995-10-30,0.0012394199098769677
1995-10-31,0.0009082092394658749
1995-11-01,0.003887887646620354
1995-11-02,0.004643491474282496
1995-11-03,-0.001329800670791339
1995-11-06,-0.0010026162638891653
1995-11-07,-0.002069474141686029
1995-11-08,0.005390382647528653
1995-11-09,-0.0035624366718952274
1995-11-10,-0.002068168387335652
1995-11-13,0.0019819361241766925
1995-11-14,0.0009086297748008952
1995-11-15,-0.002068168387335652
1995-11-16,0.0053882370798683
1995-11-17,0.0009089866405384176
1995-11-20,-0.00026004416256545434
1995-11-21,0.0009089866405384176
1995-11-22,-0.0005842056957618951
1995-11-24,0.0018186642996881046
1995-11-27,0.002729468949351285
1995-11-28,0.00016098562628336755
1995-11-29,0.002408156948489823
1995-11-30,0.006929826323936264
1995-12-01,0.00392740942002441
1995-12-04,0.0065229977788869445
1995-12-05,-0.0013579647875293418
1995-12-06,-0.0013560096009577582
1995-12-07,-0.0036127200546365954
1995-12-08,-0.0005966386895961885
1995-12-11,0.0019785252295080958
1995-12-12,-0.0005972628265951586
1995-12-13,-0.0013491815019424226
1995-12-14,0.00015715263518138262
1995-12-15,-0.000595391129733229
1995-12-18,-0.007018183867765246
1995-12-19,0.00316195517056925
1995-12-20,0.003920025553299526
1995-12-21,-0.0005941445207581577
1995-12-22,0.004681617212890377
1995-12-26,0.002134617590089017
1995-12-27,0.0024228845293248927
1995-12-28,0.00242523354185548
1995-12-29,0.003946747297969901
1996-01-02,-0.0009045449273975103
1996-01-03,0.0016703672100693478
1996-01-04,-0.005139560279228567
1996-01-05,-0.0028638906191329945
1996-01-08,0.001222349028696262
1996-01-09,-0.0013530804092774437
1996-01-10,-0.007351804140786126
1996-01-11,0.0016617857609610596
1996-01-12,0.002415876222993347
1996-01-16,0.007430930960585472
1996-01-17,0.006223095032508649
1996-01-18,0.003954239059284173
1996-01-19,-0.0006085382314815303
1996-01-22,-0.00484717488631468
1996-01-23,-0.003624898308315695
1996-01-24,0.0031833982221380606
1996-01-25,-0.0058804365732677884
1996-01-26,0.003936309422685573
1996-01-29,-0.0025545134801870668
1996-01-30,0.0046963067134785695
1996-01-31,0.002427589035958085
1996-02-01,-0.0021169515326504586
1996-02-02,-0.002112959809676725
1996-02-05,-0.002552287861147043
1996-02-06,0.0016660525771947739
1996-02-07,0.0016669116659578376
1996-02-08,0.00015496235455167694
1996-02-09,0.00015496235455167694
1996-02-12,0.004252191420448011
1996-02-13,0.002429162974074718
1996-02-14,-0.002875663760214969
1996-02-15,-0.0058804365732677884
1996-02-16,-0.004357082241722724
1996-02-20,-0.017955605647057497
1996-02-21,0.0023982275597892806
1996-02-22,0.004643491474282496
1996-02-23,-0.0035624366718952274
1996-02-26,-0.0024837634013814506
1996-02-27,-0.0035445140626453207
1996-02-28,-0.00353459766664746
1996-02-29,-0.001311562380916259
1996-03-01,0.010586561091846025
1996-03-04,0.005718377171827079
1996-03-05,-0.0028189161588580056
1996-03-06,-0.006516154640973938
1996-03-07,-0.0013173037406118719
1996-03-08,-0.024648232437278744
1996-03-11,0.006387643742296264
1996-03-12,-0.0020216222572413548
1996-03-13,0.0009061066768842041
1996-03-14,-0.000557790118887178
1996-03-15,-0.007108749282826182
1996-03-18,0.0027184925130730175
1996-03-19,0.0016359799698089565
1996-03-20,0.0053016655255560255
1996-03-21,0.004579570569516279
1996-03-22,-0.002760007723791363
1996-03-25,0.004929139139034341
1996-03-26,0.0009067385375199552
1996-03-27,-0.006419640192001671
1996-03-28,-0.004936161197588254
1996-03-29,0.0053016655255560255
1996-04-01,0.0027207100710736638
1996-04-02,0.004584828966614805
1996-04-03,-0.0012982302726696603
1996-04-04,-0.0042242218151613015
1996-04-05,-0.017216629937135585
1996-04-08,-0.0037963305701662255
1996-04-09,0.005256317427390389
1996-04-10,-0.004879007984371414
1996-04-11,-0.003423562084784258
1996-04-12,0.011803280330383822
1996-04-15,0.004175338117398976
1996-04-16,-0.000550493617769641
1996-04-17,-0.0027277914418572654
1996-04-18,-0.004167356647858994
1996-04-19,0.0038099913323202707
1996-04-22,0.004174494382961189
1996-04-23,-0.0027277914418572654
1996-04-24,-0.0034447059617035577
1996-04-25,0.0009048532501369985
1996-04-26,0.001630880627217124
1996-04-29,-0.003082740763584737
1996-04-30,-0.0048712727652632515
1996-05-01,-0.0012596964178047147
1996-05-02,-0.011979510071525902
1996-05-03,-0.003381673276283851
1996-05-06,0.0034272973117649122
1996-05-07,-0.0005270011964509036
1996-05-08,0.006647720001961357
1996-05-09,-0.004109100735828869
1996-05-10,0.006655716543317128
1996-05-13,0.0027135327932502544
1996-05-14,0.004514018497170519
1996-05-15,0.0009043462161015637
1996-05-16,-0.0034197321076977426
1996-05-17,0.0037934495486211025
1996-05-20,0.002715179753162149
1996-05-21,-0.0019847676820637376
1996-05-22,0.0016273945072551464
1996-05-23,-0.003423562084784258
1996-05-24,0.0023489018463862922
1996-05-28,-0.0007144261171656164
1996-05-29,-0.006997993522571929
1996-05-30,-0.0005323928343551718
1996-05-31,-0.004822604699264743
1996-06-03,-0.0008670065320164434
1996-06-04,0.0009032325246938022
1996-06-05,0.0030535780807923983
1996-06-06,0.004497088332851255
1996-06-07,-0.011933276505804356
1996-06-10,-0.002277136432994216
1996-06-11,-0.0012310544821396818
1996-06-12,-0.0026472438939543655
1996-06-13,0.0016130675996647856
1996-06-14,0.004465282212282056
1996-06-17,0.004140058016988595
1996-06-18,-0.0019497131679991858
1996-06-19,-0.0019459876704411962
1996-06-20,-0.00123197190934836
1996-06-21,0.0016149168866600775
1996-06-24,0.001996768446088296
1996-06-25,0.00233057106119217
1996-06-26,0.00018918548939082818
1996-06-27,0.005918064642601713
1996-06-28,0.0073806811857303
1996-07-01,-0.0001662800800555758
1996-07-02,-0.00411800526508085
1996-07-03,0.0016216638638214527
1996-07-05,-0.019469826023664625
1996-07-08,0.0012888920420832427
1996-07-09,0.0037461059142719477
1996-07-10,0.0037527878542396487
1996-07-11,0.003759496757577233
1996-07-12,0.0037662327330408294
1996-07-15,-0.0022940434718670263
1996-07-16,0.003767583186393823
1996-07-17,0.0009033857189824521
1996-07-18,0.008103626723509469
1996-07-19,-0.004122465385287894
1996-07-22,-0.003737848169093756
1996-07-23,0.0030556353982758595
1996-07-24,-0.0048175138564908555
1996-07-25,0.00018809034907597534
1996-07-26,0.0016190233134319456
1996-07-29,-0.005140323564803572
1996-07-30,0.003046404897963132
1996-07-31,0.00664239881748247
1996-08-01,0.01101588589224366
1996-08-02,0.010354652157448239
1996-08-05,-0.0009172387114826894
1996-08-06,-0.0005468574852921039
1996-08-07,-0.000546252244628288
1996-08-08,-0.000545647226745149
1996-08-09,0.00454138277591398
1996-08-12,0.001261180671250397
1996-08-13,-0.005619420733032948
1996-08-14,-0.0005444378586017463
1996-08-15,-0.0027118176566478924
1996-08-16,0.0045310811467358875
1996-08-19,-0.0016331405650055419
1996-08-20,0.00018042436687200548
1996-08-21,-0.0012662222165805096
1996-08-22,-0.0005420217877771561
1996-08-23,-0.0070157137151333855
1996-08-26,-0.00518473989976017
1996-08-27,0.0016216638638214527
1996-08-28,-0.0005317928910914704
1996-08-29,-0.004820058517420148
1996-08-30,-0.006931153902975745
1996-09-03,0.0036150069402103606
1996-09-04,-0.0012356459254120758
1996-09-05,-0.002655040626168611
1996-09-06,0.0030413072201935045
1996-09-09,0.00342539732043792
1996-09-10,-0.002661293501282014
1996-09-11,0.00019000684462696784
1996-09-12,0.004476945517873082
1996-09-13,0.010254797079233222
1996-09-16,0.0012729728366186904
1996-09-17,-0.005549827534238628
1996-09-18,-0.0012457851572177223
1996-09-19,-0.002672269305244254
1996-09-20,0.0016190233134319456
1996-09-23,0.0019948611344491446
1996-09-24,0.004495402562035959
1996-09-25,0.0045055369211211465
1996-09-26,0.003792078270029431
1996-09-27,-0.0012596964178047147
1996-09-30,-0.0023301556161306274
1996-10-01,0.005237984064586498
1996-10-02,0.0030753549405339135
1996-10-03,0.0001809719370294319
1996-10-04,0.009639952325935598
1996-10-07,-0.0030976024823557717
1996-10-08,0.0001787816563997262
1996-10-09,-0.0012718330466303964
1996-10-10,-0.0041605891656137225
1996-10-11,0.0045327947396585815
1996-10-15,-7.659547073691143e-06
1996-10-16,-0.0005450424314631343
1996-10-17,0.004539662488836884
1996-10-18,0.0009052012818076532
1996-10-21,-0.000918723869550984
1996-10-22,-0.0027213912487314604
1996-10-23,0.00017960301163586582
1996-10-24,-0.0005450424314631343
1996-10-25,0.0023567915512992138
1996-10-28,-0.0009127859135266877
1996-10-29,0.011863995166605893
1996-10-30,0.00017522245037645447
1996-10-31,0.002369144184730104
1996-11-01,-0.0005565717815796674
1996-11-04,0.001987311250801629
1996-11-05,0.006048756392087037
1996-11-06,-0.0012953850491887542
1996-11-07,0.0031125221049341416
1996-11-08,-0.0020306032001533004
1996-11-12,0.008062548833612255
1996-11-13,-0.0005675695181970486
1996-11-14,0.0038634410576236693
1996-11-15,-0.0027811426778078753
1996-11-18,-0.0002286235907500944
1996-11-19,0.002383927815867176
1996-11-20,0.0023861690299558716
1996-11-21,-0.0005706375769868394
1996-11-22,0.00016837782340862423
1996-11-25,0.0019839785362312664
1996-11-26,0.00016783025325119781
1996-11-27,-0.0005712518783437635
1996-11-29,0.006270666466587642
1996-12-02,-0.0009845181760502143
1996-12-03,0.0016500897704096371
1996-12-04,-0.00353459766664746
1996-12-05,-0.007932574168290232
1996-12-06,-0.0027697431548365506
1996-12-09,0.004197671394565044
1996-12-10,-0.0013020302865244763
1996-12-11,-0.010793642492612342
1996-12-12,-0.001285930468491111
1996-12-13,0.005303744940666247
1996-12-16,-0.0038638853523509644
1996-12-17,-0.0020139507823630468
1996-12-18,-0.0027374185444803594
1996-12-19,0.007493190224176194
1996-12-20,0.0009061066768842041
1996-12-23,0.0012538758910161883
1996-12-24,-0.0012897068682865655
1996-12-26,0.0010802339869458058
1996-12-27,0.0038421468272949685
1996-12-30,-0.00021587072523368447
1996-12-31,-0.008578646242503204
1997-01-02,-0.007629794911053402
1997-01-03,0.0016316602164459387
1997-01-06,-0.0009157539996961651
1997-01-07,-0.001994878214087699
1997-01-08,-0.0019910817749169197
1997-01-09,0.005991063896576792
1997-01-10,-0.007770649676389706
1997-01-13,0.000544558521560575
1997-01-14,0.007441117854421818
1997-01-15,0.0001787816563997262
1997-01-16,-0.0027197934282463692
1997-01-17,0.0009048532501369985
1997-01-21,0.0036236162502174935
1997-01-22,-0.0027213912487314604
1997-01-23,-0.002715005301992613
1997-01-24,-0.00270863355567658
1997-01-27,-0.0030580599610241757
1997-01-28,0.0037948219321457706
1997-01-29,0.0009044573388229131
1997-01-30,0.0016281660925492323
1997-01-31,0.005988682513407045
1997-02-03,0.004904115006774345
1997-02-04,0.0016344028669819485
1997-02-05,-0.0012793391183039007
1997-02-06,-0.001277459916912984
1997-02-07,0.004553462424584911
1997-02-10,0.0005281314168377823
1997-02-11,0.0001760438056125941
1997-02-12,0.0030985883790852387
1997-02-13,0.005305825943219085
1997-02-14,0.003110368460263414
1997-02-18,0.0006877481177275839
1997-02-19,-0.0012953850491887542
1997-02-20,-0.005675241246278361
1997-02-21,0.0016379614903635725
1997-02-24,-0.001669528852973297
1997-02-25,-0.0005553543477333972
1997-02-26,-0.011423942746657421
1997-02-27,-0.0012690256314340802
1997-02-28,0.0016301028216740608
1997-03-03,-0.0009098196081623486
1997-03-04,-0.0012671562443140588
1997-03-05,0.0001806981519507187
1997-03-06,-0.0012652886322533545
1997-03-07,0.0038044596300122503
1997-03-10,0.0012646068435661565
1997-03-11,-0.0005450424314631343
1997-03-12,-0.0019910817749169197
1997-03-13,-0.008455594641559804
1997-03-14,0.0009040181459625613
1997-03-17,-0.00016857751682422545
1997-03-18,0.0001839835728952772
1997-03-19,-0.0012541200760649433
1997-03-20,-0.0005341939769493128
1997-03-21,0.000903857082226935
1997-03-24,0.001993006531537833
1997-03-25,-0.00197218915195788
1997-03-26,-0.003400648109498827
1997-03-27,-0.006952176529344582
1997-03-31,-0.00067075040970286
1997-04-01,0.001617150260190106
1997-04-02,0.0016178981795721436
1997-04-03,0.001618647834374084
1997-04-04,-0.004091354286189014
1997-04-07,0.004142453636158396
1997-04-08,-0.002665992222194451
1997-04-09,0.00018918548939082818
1997-04-10,0.00018918548939082818
1997-04-11,-0.004789622617222786
1997-04-14,0.000573305954825462
1997-04-15,0.007335930811685603
1997-04-16,-0.0012393268497056455
1997-04-17,0.003049473903140682
1997-04-18,0.001619399227394415
1997-04-21,-0.0015826436900425853
1997-04-22,0.0023354627152900077
1997-04-23,-0.003383565872209003
1997-04-24,-0.002662858877134586
1997-04-25,-0.0005228198646217555
1997-04-28,0.0019964177626892814
1997-04-29,0.010960170197200976
1997-04-30,0.0037838737522004704
1997-05-01,0.002346052789271377
1997-05-02,0.0009041811889883082
1997-05-05,0.001270012842495456
1997-05-06,0.00018261464750171115
1997-05-07,-0.006282890859767716
1997-05-08,0.0030638996573375196
1997-05-09,0.003790708095479423
1997-05-12,0.0019918539877282577
1997-05-13,-0.004138117192180064
1997-05-14,0.002346764060975608
1997-05-15,0.0009042359773346073
1997-05-16,-0.00197847016332784
1997-05-19,-0.00016972656473533893
1997-05-20,0.0009040722734799467
1997-05-21,-0.002692766016602656
1997-05-22,-0.0012522648094926666
1997-05-23,0.0016231823640577858
1997-05-27,-0.0028489581532135373
1997-05-28,-0.0005311931663344175
1997-05-29,0.0037797863378426313
1997-05-30,0.0059555299288769886
1997-06-02,0.001269520281316293
1997-06-03,0.0023503303505880146
1997-06-04,0.0009045132321128107
1997-06-05,0.00018124572210814508
1997-06-06,0.008174082406066846
1997-06-09,-0.0023665217871305182
1997-06-10,-0.0012699609915380896
1997-06-11,0.0009048532501369985
1997-06-12,0.0060006073090294754
1997-06-13,0.0038238988134314147
1997-06-16,0.002719037755037309
1997-06-17,-0.0020126745703214614
1997-06-18,0.0023669501438121207
1997-06-19,0.00017522245037645447
1997-06-20,0.002369144184730104
1997-06-23,-0.0016677030429228992
1997-06-24,-0.0012840449760505373
1997-06-25,-0.002010124170264254
1997-06-26,-0.003458231143027328
1997-06-27,0.003091148897156894
1997-06-30,-0.0031025653045764177
1997-07-01,0.004550004364241423
1997-07-02,0.0023654908332686607
1997-07-03,0.008242190761382856
1997-07-07,0.003629719980832152
1997-07-08,0.00017166324435318272
1997-07-09,0.0016423607169376462
1997-07-10,-0.0005638954086766412
1997-07-11,0.002379463981665168
1997-07-14,-0.0016933261948332472
1997-07-15,0.00017138945927446954
1997-07-16,0.004593620367018743
1997-07-17,0.0009071285984145039
1997-07-18,-0.003508949799587456
1997-07-21,-0.0016914915402836187
1997-07-22,0.009036366475457993
1997-07-23,0.0009074599551282813
1997-07-24,-0.00130869792932031
1997-07-25,-0.0013067905948270404
1997-07-28,0.0019843995055742678
1997-07-29,0.003869163110919386
1997-07-30,0.004620201390600854
1997-07-31,0.0023951962194507914
1997-08-01,-0.01310127327727892
1997-08-04,-0.0016988342659745872
1997-08-05,0.0001705681040383299
1997-08-06,0.0016439741052310492
1997-08-07,-0.002037038624885418
1997-08-08,-0.01006246772707006
1997-08-11,0.001987311250801629
1997-08-12,-0.0020177834730965003
1997-08-13,0.0023698768872561075
1997-08-14,0.006786105515322547
1997-08-15,0.00017166324435318272
1997-08-18,0.0049351858299325965
1997-08-19,0.0001700205338809035
1997-08-20,-0.002037038624885418
1997-08-21,-0.004231102445958078
1997-08-22,-0.005675241246278361
1997-08-25,-0.00020661319137729874
1997-08-26,0.0009059215421397217
1997-08-27,0.00017467488021902805
1997-08-28,0.006043908889404453
1997-08-29,-0.002756769850814845
1997-09-02,0.002894289810977839
1997-09-03,-0.0012925439177052145
1997-09-04,0.000173305954825462
1997-09-05,-0.0027519198374178085
1997-09-08,0.0034538024650222986
1997-09-09,-0.0005590093611197194
1997-09-10,-0.0020203419845669303
1997-09-11,-0.001286873891027649
1997-09-12,0.007514821305205237
1997-09-15,0.0012509682200570764
1997-09-16,0.012753163134940498
1997-09-17,0.0009077291848161211
1997-09-18,-0.0005730961649740241
1997-09-19,0.0016488583330166765
1997-09-22,0.0027256462676909523
1997-09-23,-0.0027958653013857456
1997-09-24,0.004621984552189135
1997-09-25,-0.0064893563302305295
1997-09-26,0.0038734667678354375
1997-09-29,-0.000981508325593152
1997-09-30,-0.0013125181195707378
1997-10-01,0.0061074981513722015
1997-10-02,0.0023959530066143047
1997-10-03,0.00016454483230663927
1997-10-06,0.004219875455437503
1997-10-07,0.0016550573463328735
1997-10-08,-0.010212874359427842
1997-10-09,-0.0005743268433986045
1997-10-10,-0.004265690336422239
1997-10-14,0.006605230819244289
1997-10-15,-0.0020551491845207585
1997-10-16,0.000907797069396509
1997-10-17,-0.005737696920754925
1997-10-20,0.0019842587221057966
1997-10-21,0.0009074599551282813
1997-10-22,0.0016476310579127383
1997-10-23,0.0061074981513722015
1997-10-24,0.0023959530066143047
1997-10-27,0.007963298477520664
1997-10-28,-0.005050086554557775
1997-10-29,0.005392529856344855
1997-10-30,0.0054076063827449275
1997-10-31,0.0001598904859685147
1997-11-03,-0.00474913461586785
1997-11-04,-0.002820569634828522
1997-11-05,0.00016290212183436004
1997-11-06,0.003899508296869419
1997-11-07,0.000161533196440794
1997-11-10,-0.0002623783602412184
1997-11-12,0.001818954009802629
1997-11-13,0.0016579861887757931
1997-11-14,0.0009094226185502377
1997-11-17,0.0012303722172951153
1997-11-18,0.00016016427104722792
1997-11-19,0.002410465277091087
1997-11-20,-0.0013394674876431262
1997-11-21,0.0016600923360830032
1997-11-24,-0.002516807277240754
1997-11-25,0.0009094961050432329
1997-11-26,-0.0005885465061706375
1997-11-28,0.0003208761122518823
1997-12-01,0.0004813141683778235
1997-12-02,0.00016043805612594116
1997-12-03,0.002409695125883693
1997-12-04,-0.0005897888552650437
1997-12-05,-0.005813106880676993
1997-12-08,-0.0024947546256615647
1997-12-09,0.0009087718192542393
1997-12-10,0.003899508296869419
1997-12-11,0.0061622841258604615
1997-12-12,0.006182432351972619
1997-12-15,-0.00253451721510494
1997-12-16,0.0009100925017221853
1997-12-17,-0.002843816876232149
1997-12-18,0.003920025553299526
1997-12-19,0.0031720694991938547
1997-12-22,0.0004698151950718686
1997-12-23,-0.0005966386895961885
1997-12-24,-0.002099700674744775
1997-12-26,0.0010679441757212923
1997-12-29,-0.0002799148659612967
1997-12-30,-0.002845484465368918
1997-12-31,0.003921499947507771
1998-01-02,0.006357588365549582
1998-01-05,0.011875076527896856
1998-01-06,0.002436281558260482
1998-01-07,-0.00440718678801577
1998-01-08,0.004722235514861948
1998-01-09,0.0070346107229726325
1998-01-12,0.0012088224069242857
1998-01-13,-0.0013815774781406986
1998-01-14,-0.002904452256791076
1998-01-15,-0.002137007689408744
1998-01-16,-0.0044095885798590044
1998-01-20,-0.00166992363837538
1998-01-21,0.0024323195324538996
1998-01-22,-0.0013667868994101692
1998-01-23,-0.010407584535118907
1998-01-26,0.005765438457411594
1998-01-27,-0.005125887423099111
1998-01-28,0.0009107040878973637
1998-01-29,0.008499391163993536
1998-01-30,0.003954239059284173
1998-02-02,-0.002581295664439218
1998-02-03,0.0009117305680944781
1998-02-04,-0.0006066535871596769
1998-02-05,-0.003633041078127565
1998-02-06,0.00015386721423682408
1998-02-09,-0.0018065552363315603
1998-02-10,0.0009110940867841773
1998-02-11,0.008517515232824712
1998-02-12,0.0009120545968742957
1998-02-13,0.002436281558260482
1998-02-17,0.004418724575066293
1998-02-18,-0.0036596381455048363
1998-02-19,-0.0013717049547022474
1998-02-20,-0.0021289656545781612
1998-02-23,-0.002579058527287661
1998-02-24,-0.008148181829127871
1998-02-25,0.0046963067134785695
1998-02-26,-0.0013579647875293418
1998-02-27,0.002426017985598205
1998-03-02,-0.007074220813366551
1998-03-03,-0.003602604285338027
1998-03-04,0.0009101681172881031
1998-03-05,-0.0013452902079085214
1998-03-06,0.00392445230269052
1998-03-09,0.005002708178232297
1998-03-10,0.00015523613963039015
1998-03-11,0.0031822610381885773
1998-03-12,0.005468726550048638
1998-03-13,-0.0013648230601272459
1998-03-16,0.0034980745040387286
1998-03-17,-0.0013667868994101692
1998-03-18,-0.0013648230601272459
1998-03-19,0.00015277207392197127
1998-03-20,0.0009116501649774548
1998-03-23,0.0004574948665297741
1998-03-24,-0.0006060258551222838
1998-03-25,-0.0043856357592325056
1998-03-26,-0.0028655696235588076
1998-03-27,0.00015550992470910333
1998-03-30,-0.0025478394865834403
1998-03-31,0.00393333797223245
1998-04-01,0.0039407755882648315
1998-04-02,0.004709235623740957
1998-04-03,0.007014015130131697
1998-04-06,-0.0025947387787401245
1998-04-07,-0.001369736280826111
1998-04-08,-0.003641203068162407
1998-04-09,-0.0006053983641249709
1998-04-13,-0.004677684781181665
1998-04-14,0.00242523354185548
1998-04-15,0.002427589035958085
1998-04-16,0.0009114900822573611
1998-04-17,0.00015304585900068445
1998-04-20,-0.004077156693958735
1998-04-21,-0.0021103022540772663
1998-04-22,0.00015550992470910333
1998-04-23,-0.0005991366681920091
1998-04-24,0.0016664818822996188
1998-04-27,-0.009294404517118642
1998-04-28,0.00015879534565366188
1998-04-29,-0.000591654149282987
1998-04-30,0.009973782591011622
1998-05-01,0.0009108593694256839
1998-05-04,0.00046570841889117046
1998-05-05,-0.002107647567453906
1998-05-06,0.0024221029627585515
1998-05-07,0.00015523613963039015
1998-05-08,-0.0028605354761325735
1998-05-11,-0.005540119278365425
1998-05-12,0.00694709578539509
1998-05-13,0.004694465497048818
1998-05-14,-0.0021116306729625604
1998-05-15,-0.0005997617595723719
1998-05-18,0.0034921446638871752
1998-05-19,-0.0006016384689860316
1998-05-20,0.0031845363671010193
1998-05-21,-0.002870612377892965
1998-05-22,0.0009110940867841773
1998-05-26,0.004408496918398222
1998-05-27,0.002430739804664854
1998-05-28,-0.0013648230601272459
1998-05-29,0.0016712359090414275
1998-06-01,0.00273755949180611
1998-06-02,-0.0021262907864937467
1998-06-03,-0.0006066535871596769
1998-06-04,-0.0013638418638020951
1998-06-05,0.0009115700030973152
1998-06-08,0.0004583162217659138
1998-06-09,-0.0006053983641249709
1998-06-10,0.006241039803266267
1998-06-11,0.005495324758335853
1998-06-12,0.0009127978510513929
1998-06-15,0.00427422695255941
1998-06-16,-0.005194672833093645
1998-06-17,-0.006690172061392596
1998-06-18,0.0031971196134185286
1998-06-19,0.002437871463583725
1998-06-22,0.0012120687868341937
1998-06-23,0.0009126309804860249
1998-06-24,-0.0006135746046345763
1998-06-25,0.00014948665297741273
1998-06-26,0.00014948665297741273
1998-06-29,-0.0003139709021720785
1998-06-30,0.002440261795380086
1998-07-01,0.0001489390828199863
1998-07-02,0.0016773710601381494
1998-07-06,0.002889434856349626
1998-07-07,-0.0021450759699784727
1998-07-08,-0.0006154672554357825
1998-07-09,0.0016778129354395334
1998-07-10,-0.0006160986267928803
1998-07-13,-0.0026059680330015956
1998-07-14,-0.0021356655311229157
1998-07-15,0.0009123825012362844
1998-07-16,-0.0013726900187063552
1998-07-17,-0.0006104250522603602
1998-07-20,0.0027387873031406726
1998-07-21,0.002439464287477745
1998-07-22,-0.0006135746046345763
1998-07-23,0.0009126309804860249
1998-07-24,0.00014921286789869952
1998-07-27,-0.0010772223879396232
1998-07-28,-0.002134324101288507
1998-07-29,-0.0013707203755407927
1998-07-30,0.0016738536074046024
1998-07-31,0.00015058179329226556
1998-08-03,0.0035028879848098666
1998-08-04,0.0024410600347159767
1998-08-05,0.00014866529774127307
1998-08-06,-0.0006148361280899964
1998-08-07,0.0032086608008780305
1998-08-10,-0.00032104235735044785
1998-08-11,0.0032121422003110675
1998-08-12,-0.0021477712514971657
1998-08-13,-0.002906154429700783
1998-08-14,0.0032086608008780305
1998-08-17,0.0004435318275154005
1998-08-18,-0.0006167302423607148
1998-08-19,-0.0006160986267928803
1998-08-20,0.0032109807540631244
1998-08-21,0.00475410469748603
1998-08-24,0.001974013237786045
1998-08-25,0.003996755520766978
1998-08-26,-0.0006262339174088823
1998-08-27,0.01099448959070146
1998-08-28,0.0024686396775426816
1998-08-31,0.003528543982290666
1998-09-01,0.0001382614647501711
1998-09-02,-0.0037406692297576546
1998-09-03,0.00558807105235322
1998-09-04,0.0009164361006989165
1998-09-08,-0.0010062136721455503
1998-09-09,0.0071696135919435185
1998-09-10,0.01511361857280387
1998-09-11,-0.006934663962718336
1998-09-14,-0.0011701725197560558
1998-09-15,-0.0022161198909883555
1998-09-16,0.0017019418620852955
1998-09-17,0.006428516164646999
1998-09-18,0.00803745906752656
1998-09-21,0.00117702988726881
1998-09-22,-0.0030295497441801193
1998-09-23,0.0032934642867657074
1998-09-24,0.004092772476996544
1998-09-25,0.0033045811413497626
1998-09-28,-0.0004161864706454908
1998-09-29,0.0017157475847675112
1998-09-30,0.012132373921132438
1998-10-01,0.008973101710074247
1998-10-02,0.0017294943941696293
1998-10-05,0.012522972967176495
1998-10-06,-0.00635149581039915
1998-10-07,-0.007926942942245822
1998-10-08,-0.01738965477594179
1998-10-09,-0.016421794049828367
1998-10-13,0.0036803369125845914
1998-10-14,0.012056247460896197
1998-10-15,0.00012539356605065024
1998-10-16,0.011331706122996353
1998-10-19,-0.002033304523739934
1998-10-20,-0.007832733856982091
1998-10-21,-0.0014644128802101875
1998-10-22,-0.0022552250605536385
1998-10-23,-0.006198381524650052
1998-10-26,-0.001982431969997289
1998-10-27,0.008061912867807636
1998-10-28,0.0025099238748494857
1998-10-29,0.004905894138156169
1998-10-30,-0.007804337685174972
1998-11-02,-0.009862511239088016
1998-11-03,-0.0006570232011587851
1998-11-04,-0.003797880922100811
1998-11-05,0.0009183639143785492
1998-11-06,-0.008470319956250676
1998-11-09,0.004324382704764241
1998-11-10,0.005639054191568938
1998-11-12,0.0034153438054977617
1998-11-13,-0.0038000176883981785
1998-11-16,-0.0019591297808043235
1998-11-17,-0.0014357440461078698
1998-11-18,0.0017033499541243282
1998-11-19,0.0001327857631759069
1998-11-20,0.0024911598544390765
1998-11-23,-0.0011748675668259287
1998-11-24,-0.0006524967155065055
1998-11-25,0.0017042912403729684
1998-11-27,0.0018374727701481323
1998-11-30,0.005918839006833309
1998-12-01,0.005671949898245658
1998-12-02,0.006485925831643338
1998-12-03,0.0009208128885286706
1998-12-04,-0.0030491259879471353
1998-12-07,-0.0051574406334591386
1998-12-08,0.007277805171027875
1998-12-09,0.0033095490943963967
1998-12-10,0.0025159734582348584
1998-12-11,-0.006227988328120061
1998-12-14,0.0027640782419313384
1998-12-15,-0.0030491259879471353
1998-12-16,0.0033070630247326966
1998-12-17,0.00012539356605065024
1998-12-18,0.00012539356605065024
1998-12-21,-0.004381051293894565
1998-12-22,-0.004616638285324498
1998-12-23,-0.008522634875585938
1998-12-24,-0.003791478308338077
1998-12-28,0.006833123094263106
1998-12-29,0.005662514945099376
1998-12-30,0.0048839214798157915
1998-12-31,0.00012731006160164273
1999-01-04,-0.002654723661690211
1999-01-05,-0.0038171580815421677
1999-01-06,0.0009192648066829598
1999-01-07,-0.0030224621813747777
1999-01-08,-0.006931043779509266
1999-01-11,-0.0027334220761788997
1999-01-12,0.006423096101900909
1999-01-13,0.006444825739699154
1999-01-14,0.008855398069121152
1999-01-15,-0.002249601383048167
1999-01-19,-0.003440855462601603
1999-01-20,-0.00381286525798418
1999-01-21,0.004873996443610143
1999-01-22,0.004885911164361396
1999-01-25,-0.001994124861663857
1999-01-26,-0.0014541274416749155
1999-01-27,0.0009197743376028648
1999-01-28,0.0009198770214242163
1999-01-29,0.0009199799649565751
1999-02-01,-0.0067158250775269795
1999-02-02,-0.0030189245852948812
1999-02-03,-0.0030118617299031317
1999-02-04,-0.004568872365930053
1999-02-05,-0.003774460844339426
1999-02-08,0.00040574948665297747
1999-02-09,0.0024835914045401547
1999-02-10,0.0009175805697514097
1999-02-11,-0.002211965846932805
1999-02-12,-0.009969045020117825
1999-02-16,0.0028892020604214573
1999-02-17,0.004038672651392681
1999-02-18,-0.004531553089906948
1999-02-19,-0.002192670790351488
1999-02-22,0.0035298383331336452
1999-02-23,-0.005292767914595387
1999-02-24,-0.006043283768747592
1999-02-25,-0.010607120197441892
1999-02-26,0.0024523125218254595
1999-03-01,-0.007979595515642495
1999-03-02,0.003981460784978547
1999-03-03,-0.0029146799388369603
1999-03-04,-0.0013815774781406986
1999-03-05,0.005517677562837632
1999-03-08,0.004283025289424404
1999-03-09,0.008646262572743094
1999-03-10,-0.0014024693686118942
1999-03-11,-0.0006294141468760791
1999-03-12,0.004010626615947763
1999-03-15,0.0011977834555684016
1999-03-16,0.0032426864376328174
1999-03-17,-0.002183078782550941
1999-03-18,0.0024669934945674766
1999-03-19,-0.004499484975556023
1999-03-22,-0.002662481423718581
1999-03-23,0.0009147874192843695
1999-03-24,0.0024620729610343355
1999-03-25,-0.00294557519510804
1999-03-26,0.0001426420260095825
1999-03-29,-0.004956770328915537
1999-03-30,0.005546993660652032
1999-03-31,-0.0029386819235255874
1999-04-01,-0.0013954812230819443
1999-04-02,0.005549260878841996
1999-04-05,0.00042710472279260787
1999-04-06,0.005565180220097924
1999-04-07,-0.0006338769084791537
1999-04-08,0.0087024617568102
1999-04-09,-0.001417526199738546
1999-04-12,-0.00036246927446133894
1999-04-13,-0.004511788807454963
1999-04-14,-0.0006345154437056058
1999-04-15,-0.0037238940188170674
1999-04-16,-0.0037134500163075465
1999-04-19,0.004293914637728476
1999-04-20,0.0016890197295626195
1999-04-21,-0.0006319628012168847
1999-04-22,-0.006021053225271527
1999-04-23,-0.0006262339174088823
1999-04-26,0.002745201250258486
1999-04-27,0.0009146092272210432
1999-04-28,-0.0037051171435335613
1999-04-29,0.004001368039291108
1999-04-30,-0.010585884724468995
1999-05-03,-0.0010910511446525727
1999-05-04,-0.0029095617020433867
1999-05-05,0.0016782552995613712
1999-05-06,-0.008979764236051948
1999-05-07,-0.001368752670162682
1999-05-10,0.00045503080082135523
1999-05-11,-0.003639160765325605
1999-05-12,0.006241039803266267
1999-05-13,0.007796477108213824
1999-05-14,-0.015750085554704838
1999-05-17,-0.002561196073684843
1999-05-18,-0.0013550327256973396
1999-05-19,0.006217985333278053
1999-05-20,0.00015331964407939766
1999-05-21,0.006238470459255965
1999-05-24,0.0019761123343039863
1999-05-25,0.0009123001611171373
1999-05-26,-0.00440718678801577
1999-05-27,-0.0051477841136956266
1999-05-28,-0.0013589430996215532
1999-06-01,-0.00990295255863254
1999-06-02,-0.001343347408135985
1999-06-03,0.00015879534565366188
1999-06-04,-0.001341406502408234
1999-06-07,0.0012284782424983214
1999-06-08,-0.0013404367588476956
1999-06-09,-0.0028338311856712993
1999-06-10,-0.0035724344956874245
1999-06-11,-0.007269666927120645
1999-06-14,0.0034726962317426463
1999-06-15,0.00016372347707049967
1999-06-16,0.003147480752323838
1999-06-17,0.011429433052699568
1999-06-18,-0.0035884920212657895
1999-06-21,-0.004004248072150475
1999-06-22,-0.00282222404632861
1999-06-23,-0.004300588882439914
1999-06-24,-0.003546500815089549
1999-06-25,0.0023951962194507914
1999-06-28,0.004965937324974677
1999-06-29,0.002402032488148924
1999-06-30,0.00916754684635546
1999-07-01,-0.002837155974458178
1999-07-02,0.002410465277091087
1999-07-06,-0.003850705200414904
1999-07-07,-0.0028255356789626236
1999-07-08,0.00540544764837954
1999-07-09,0.0009095698273300766
1999-07-12,0.008008490742290533
1999-07-13,0.0024189838689344717
1999-07-14,-0.002102346782448563
1999-07-15,0.001664340134515207
1999-07-16,0.0031765895062430658
1999-07-19,0.0019779315153760444
1999-07-20,0.0009110156080622618
1999-07-21,-0.0006010126597743654
1999-07-22,-0.008862779591501821
1999-07-23,-0.0043381607001227
1999-07-26,-0.0010177493888277466
1999-07-27,0.003160836097806914
1999-07-28,0.0009097924108761448
1999-07-29,-0.00507700978418095
1999-07-30,-0.0028255356789626236
1999-08-02,0.0004862422997946612
1999-08-03,-0.0020747041584900597
1999-08-04,-0.0005823488662278845
1999-08-05,0.006147252418290321
1999-08-06,-0.010243303320264305
1999-08-09,-0.0076390427694257345
1999-08-10,-0.0020473709702119327
1999-08-11,0.008332228217084516
1999-08-12,-0.002057747461832642
1999-08-13,0.007611964874476467
1999-08-16,0.000491170431211499
1999-08-17,0.006892672662635581
1999-08-18,0.0009092763521795191
1999-08-19,-0.0013336617583914587
1999-08-20,0.001657566373310649
1999-08-23,-0.00026471349650020984
1999-08-24,0.0031574845493049534
1999-08-25,0.009198886364737474
1999-08-26,-0.0013482079656559883
1999-08-27,-0.0073330367082854375
1999-08-30,-0.006975349901107372
1999-08-31,-0.0020707805954077404
1999-09-01,-0.00058049413993779
1999-09-02,-0.0028073679581187257
1999-09-03,0.01063215928193595
1999-09-07,-0.003828513188101013
1999-09-08,0.0016554743449036886
1999-09-09,-0.002817263617656931
1999-09-10,0.006144753728620347
1999-09-13,-0.0017561152136932132
1999-09-14,-0.0028189161588580056
1999-09-15,0.0016550573463328735
1999-09-16,0.003151917488340616
1999-09-17,0.0024066216006167996
1999-09-20,-0.002505769219211145
1999-09-21,-0.0020760134153888954
1999-09-22,0.0016558918120026715
1999-09-23,0.003903885388359803
1999-09-24,0.009191034388630387
1999-09-27,-0.005525687355633129
1999-09-28,-0.004326380790893544
1999-09-29,-0.005797931867139594
1999-09-30,0.005394678707652071
1999-10-01,-0.007277087133057213
1999-10-04,0.004220778709594011
1999-10-05,-0.0050393630659883535
1999-10-06,-0.0013201806689693613
1999-10-07,-0.0005767909766128355
1999-10-08,0.0009081399646339836
1999-10-12,-0.0015629490789935403
1999-10-13,-0.0035326178541184063
1999-10-14,-0.0035227360733147326
1999-10-15,0.006095172747648907
1999-10-18,-0.0017190834539378332
1999-10-19,-0.004258748026795612
1999-10-20,-0.000568182670843626
1999-10-21,-0.0005675695181970486
1999-10-22,-0.0005669565947341936
1999-10-25,-0.0002263028325072121
1999-10-26,-0.001301079598107396
1999-10-27,0.003857737413385173
1999-10-28,0.005347781346784536
1999-10-29,0.007599305421560646
1999-11-01,-0.0024727954515941617
1999-11-02,0.0016509130460665906
1999-11-03,0.0023959530066143047
1999-11-04,0.00463809583015558
1999-11-05,0.0024027955799106695
1999-11-08,-0.0017505426252936189
1999-11-09,-0.001326909771975217
1999-11-10,-0.002068168387335652
1999-11-12,0.005552508127096226
1999-11-15,-0.0002588774152195175
1999-11-16,-0.002072087749069391
1999-11-17,-0.005034011094213713
1999-11-18,-0.00131826225300102
1999-11-19,-0.0005755584467772184
1999-11-22,-0.0009830130195834358
1999-11-23,0.0009078651852152719
1999-11-24,-0.0005743268433986045
1999-11-26,-0.001885818566874178
1999-11-29,-0.006127577841260351
1999-11-30,0.0023831821236979214
1999-12-01,-0.0020409080991568504
1999-12-02,-0.002037038624885418
1999-12-03,0.0053372323521326545
1999-12-06,0.0012451775099758908
1999-12-07,0.003869163110919386
1999-12-08,-0.0027876768590135172
1999-12-09,0.0009074599551282813
1999-12-10,0.004614860252876674
1999-12-13,-0.0017209284301564864
1999-12-14,-0.007932574168290232
1999-12-15,-0.0020357501715141733
1999-12-16,-0.00422880753984928
1999-12-17,0.0009064197655312602
1999-12-20,-0.00387238423123559
1999-12-21,-0.0012878177649286997
1999-12-22,-0.0005559629518153548
1999-12-23,-0.0012849874969536935
1999-12-27,0.0014322879549734844
1999-12-28,-0.0020126745703214614
1999-12-29,0.0023669501438121207
1999-12-30,0.0009058602825326234
1999-12-31,-0.004196821455726357
2000-01-03,-0.008886071987942262
2000-01-04,0.006725768294722211
2000-01-05,-0.009220988291612279
2000-01-06,0.0038044596300122503
2000-01-07,0.0038113770448851008
2000-01-10,-0.003087690219061531
2000-01-11,-0.0070334888416842024
2000-01-12,-0.0034159065325439176
2000-01-13,0.006687880696592804
2000-01-14,-0.004142600996646792
2000-01-18,-0.0035796787558725245
2000-01-19,0.0016235630851789361
2000-01-20,-0.0041202346696728575
2000-01-21,0.0001859000684462697
2000-01-24,0.007764497942093392
2000-01-25,-0.0005372002678859449
2000-01-26,0.0009041266210960685
2000-01-27,0.0009041811889883082
2000-01-28,0.001626240448603163
2000-01-31,-0.0008950146929587188
2000-02-01,0.004520827598822518
2000-02-02,0.0016285525501270916
2000-02-03,0.008180848726532918
2000-02-04,-0.002726190055457167
2000-02-07,-0.00740918866996619
2000-02-08,0.0038017004550293244
2000-02-09,0.0023553510606001125
2000-02-10,-0.007755073490419903
2000-02-11,0.0030732642083508787
2000-02-14,0.005619356441764105
2000-02-15,0.00017960301163586582
2000-02-16,0.00017960301163586582
2000-02-17,-0.0012690256314340802
2000-02-18,0.006725768294722211
2000-02-22,0.010221868127056326
2000-02-23,-0.005657543720661391
2000-02-24,0.006029409981267758
2000-02-25,0.00017412731006160166
2000-02-28,-0.0002089262170861968
2000-02-29,-0.003473755615738882
2000-03-01,0.002367680813556644
2000-03-02,-0.0005553543477333972
2000-03-03,0.0009058602825326234
2000-03-06,-0.0016640534517675643
2000-03-07,0.002367680813556644
2000-03-08,0.0009059215421397217
2000-03-09,0.0023706102684738356
2000-03-10,-0.002748691017312536
2000-03-13,0.00271977421785159
2000-03-14,0.003840736339690621
2000-03-15,0.0016407546328457208
2000-03-16,0.002377241331440997
2000-03-17,0.004593620367018743
2000-03-20,0.001984682451707281
2000-03-21,0.003866299779403311
2000-03-22,0.00016783025325119781
2000-03-23,0.0038734667678354375
2000-03-24,-0.008677850526350105
2000-03-27,-0.00022746309712981308
2000-03-28,0.0031222587494259086
2000-03-29,-0.0005687960528595206
2000-03-30,0.009070776409753012
2000-03-31,0.0023944401299557066
2000-04-03,0.0027268952969415313
2000-04-04,0.007637395888641252
2000-04-05,0.000161533196440794
2000-04-06,-0.0020773233745075086
2000-04-07,0.005403290564543044
2000-04-10,0.004986077076911375
2000-04-11,-0.006570153003565517
2000-04-12,-0.005797931867139594
2000-04-13,0.0024012700991782334
2000-04-14,0.0069040663089583254
2000-04-17,-0.011415506134532563
2000-04-18,-0.0028040768487401953
2000-04-19,0.0046309212786552045
2000-04-20,0.00016399726214921288
2000-04-24,-8.78845778951926e-05
2000-04-25,-0.010182562029167104
2000-04-26,0.000168104038329911
2000-04-27,-0.006456045032125847
2000-04-28,0.0001705681040383299
2000-05-01,-0.0038922625079723916
2000-05-02,-0.0020267501403565674
2000-05-03,-0.005669334859134212
2000-05-04,-0.004194546877363745
2000-05-05,-0.0034562956262738855
2000-05-08,-0.0038131469682165862
2000-05-09,0.003083753399039211
2000-05-10,0.0045465516939748925
2000-05-11,0.0030943318462507232
2000-05-12,-0.005636978400374873
2000-05-15,0.0034465578828312554
2000-05-16,0.0030943318462507232
2000-05-17,-0.003462105532654358
2000-05-18,-0.005622342554208281
2000-05-19,0.0038127638740480616
2000-05-22,0.005637426574134115
2000-05-23,-0.0005523147061754152
2000-05-24,-0.0012793391183039007
2000-05-25,0.006022184979430687
2000-05-26,0.004570833883512155
2000-05-30,-0.0029616269745282
2000-05-31,0.0067805795596664765
2000-06-01,0.006805511051491815
2000-06-02,0.0038634410576236693
2000-06-05,0.0027244222730831848
2000-06-06,-0.001310607103238904
2000-06-07,0.000907526916629736
2000-06-08,0.00016783025325119781
2000-06-09,0.00016783025325119781
2000-06-12,0.003466636523873113
2000-06-13,-0.0013134743195765781
2000-06-14,0.003876341656487527
2000-06-15,0.0009080709219814407
2000-06-16,0.0046309212786552045
2000-06-19,-0.0002518818400444054
2000-06-20,-0.0020642553148337065
2000-06-21,-0.005755689667815086
2000-06-22,-0.0005724811721503724
2000-06-23,-0.004994077795337747
2000-06-26,0.006429201473185546
2000-06-27,0.0009077291848161211
2000-06-28,-0.0005730961649740241
2000-06-29,0.005364743771192387
2000-06-30,0.0009082092394658749
2000-07-03,0.0027268952969415313
2000-07-05,0.0010727597115904532
2000-07-06,-0.004288921282552354
2000-07-07,0.0031397524822550046
2000-07-10,-0.001733862687679168
2000-07-11,-0.00131826225300102
2000-07-12,-0.002056447976320117
2000-07-13,0.006114915670254947
2000-07-14,-0.006499390092839746
2000-07-17,-0.004665363470638509
2000-07-18,0.0009073267228437892
2000-07-19,0.00016865160848733744
2000-07-20,0.011321211804980415
2000-07-21,0.00016454483230663927
2000-07-24,-0.001733862687679168
2000-07-25,0.00016536618754277893
2000-07-26,0.00016536618754277893
2000-07-27,0.001651738179156401
2000-07-28,-0.0013201806689693613
2000-07-31,0.0004960985626283368
2000-08-01,0.0031408537218396908
2000-08-02,0.0016533940297208407
2000-08-03,0.0024005084124274867
2000-08-04,0.003150806897232614
2000-08-07,-0.00398399224137387
2000-08-08,0.0031485885299868755
2000-08-09,0.00916754684635546
2000-08-10,0.003920025553299526
2000-08-11,-0.0020957368561120735
2000-08-14,0.001227060244640907
2000-08-15,-0.002093097865542412
2000-08-16,-0.0013404367588476956
2000-08-17,0.0016605149822285538
2000-08-18,0.0024135529787954325
2000-08-21,-0.00027640331013064885
2000-08-22,0.0009100171234910096
2000-08-23,0.00392445230269052
2000-08-24,0.0001568788501026694
2000-08-25,0.0001568788501026694
2000-08-28,-0.0032868269951360804
2000-08-29,-0.002093097865542412
2000-08-30,0.00015906913073237508
2000-08-31,0.006184959428748538
2000-09-01,0.0039318540420554176
2000-09-05,-0.0001326068940646991
2000-09-06,-0.002104995745132659
2000-09-07,-0.002852164299813368
2000-09-08,0.002417428617310006
2000-09-11,-0.002536735217767878
2000-09-12,-0.0005935215723698819
2000-09-13,0.0031698152180387146
2000-09-14,-0.0035985662910427265
2000-09-15,-0.0035884920212657895
2000-09-18,-0.0025123892321796838
2000-09-19,0.0016584064750616997
2000-09-20,-0.003574437573429937
2000-09-21,0.002405854986312271
2000-09-22,0.002408156948489823
2000-09-25,0.0012298983694245325
2000-09-26,0.002411236137408242
2000-09-27,-0.0013404367588476956
2000-09-28,0.0009097179800542993
2000-09-29,0.0016609381014998168
2000-10-02,-0.0017728710224147043
2000-10-03,-0.0028338311856712993
2000-10-04,-0.0020812574708978016
2000-10-05,0.0024066216006167996
2000-10-06,0.003911204094490056
2000-10-10,0.002138966848933082
2000-10-11,0.002414326681331965
2000-10-12,0.003170941882399583
2000-10-13,0.0001568788501026694
2000-10-16,-0.0002822570905014667
2000-10-17,0.004687115011201522
2000-10-18,0.0016669116659578376
2000-10-19,0.00015496235455167694
2000-10-20,0.0016677726704968625
2000-10-23,0.004254082134003971
2000-10-24,-0.0028739790061387024
2000-10-25,-0.0028672495843073517
2000-10-26,-0.0013540563286005404
2000-10-27,-0.002104995745132659
2000-10-30,-0.0010359713718945103
2000-10-31,-0.0020983786900576947
2000-11-01,0.0024166520632791597
2000-11-02,0.00015715263518138262
2000-11-03,-0.006590541614994073
2000-11-06,-0.0025145977838916963
2000-11-07,0.00016071184120465434
2000-11-08,0.00016071184120465434
2000-11-09,0.003911204094490056
2000-11-10,0.0001593429158110883
2000-11-13,0.0042372381783446515
2000-11-14,0.0009101681172881031
2000-11-15,0.0031720694991938547
2000-11-16,0.0031765895062430658
2000-11-17,-0.0021063212985473058
2000-11-20,0.0027339846739115746
2000-11-21,0.0009108593694256839
2000-11-22,0.0039407755882648315
2000-11-24,-0.00044902359237070067
2000-11-27,-0.0002939825192341798
2000-11-28,0.00394525256521547
2000-11-29,0.003191385462135657
2000-11-30,0.005486431501134202
2000-12-01,-0.0028925642863709697
2000-12-04,-0.00030690820274995446
2000-12-05,0.007789870707102754
2000-12-06,0.008594366274674876
2000-12-07,0.0001456536618754278
2000-12-08,-0.002154522307811894
2000-12-11,-0.0010925901179485596
2000-12-12,0.0009133895948716638
2000-12-13,0.005528918402318091
2000-12-14,0.004771149084364034
2000-12-15,0.002459622797516177
2000-12-18,0.002746809442896074
2000-12-19,-0.0014034696610365858
2000-12-20,0.008683659738760643
2000-12-21,0.004030841203403981
2000-12-22,0.0009164361006989165
2000-12-26,-0.0010062136721455503
2000-12-27,-0.005289935657218288
2000-12-28,-0.0014094818816007455
2000-12-29,0.0009155101497487438
2001-01-02,0.016207932604079257
2001-01-03,-0.016899184437969995
2001-01-04,0.0087024617568102
2001-01-05,0.007958000723866312
2001-01-08,-0.00037674327487374884
2001-01-09,-0.0029855216813439293
2001-01-10,-0.00917290837853309
2001-01-11,-0.002957676711881656
2001-01-12,-0.00833277137819155
2001-01-16,0.0013456435270912078
2001-01-17,0.004005991728522624
2001-01-18,0.005567461402289209
2001-01-19,-0.005267340599472581
2001-01-22,-0.0041956876371005225
2001-01-23,-0.003698880471740022
2001-01-24,-0.0021572278839733327
2001-01-25,0.0032214691480040515
2001-01-26,0.00014483230663928816
2001-01-29,-0.0018689171655367953
2001-01-30,0.0063111503778813995
2001-01-31,0.004005991728522624
2001-02-01,0.007124107056634674
2001-02-02,-0.005272978883764799
2001-02-05,-0.00034823149286394476
2001-02-06,-0.002943850388593231
2001-02-07,0.009452172000802358
2001-02-08,0.00013963039014373716
2001-02-09,0.00558807105235322
2001-02-12,-0.0011420984105530566
2001-02-13,-0.0014155121077684006
2001-02-14,-0.004509325042642109
2001-02-15,-0.0044945739201269685
2001-02-16,0.006345420850989317
2001-02-20,0.0005596167008898016
2001-02-21,-0.002183078782550941
2001-02-22,-0.0006332386231254455
2001-02-23,0.004019930095703896
2001-02-26,0.004306978236468541
2001-02-27,0.007166563903887603
2001-02-28,0.0032654347534975506
2001-03-01,0.004056013416112372
2001-03-02,-0.006117017379885155
2001-03-05,-0.0019340104568144841
2001-03-06,-0.0006434812886018141
2001-03-07,0.005613454874218945
2001-03-08,0.002485267918857192
2001-03-09,-0.00455390357430906
2001-03-12,0.0027538015214705297
2001-03-13,-0.00220920029850039
2001-03-14,0.008774544190053054
2001-03-15,0.0024920046327531553
2001-03-16,0.0024945435914580294
2001-03-19,-0.002751887368518123
2001-03-20,0.0032824314399837675
2001-03-21,0.0009188618349885973
2001-03-22,0.003288550464945988
2001-03-23,-0.005378558141595378
2001-03-26,-0.0035307775575588395
2001-03-27,-0.011558655901063168
2001-03-28,0.0024785801751178896
2001-03-29,-0.0006441235966142373
2001-03-30,0.004046535745904352
2001-04-02,-0.0034960305387725372
2001-04-03,0.0032630229922032523
2001-04-04,0.00013524982888432583
2001-04-05,-0.0029855216813439293
2001-04-06,0.007187959752508415
2001-04-09,-0.0027265144341893774
2001-04-10,-0.01228298612168379
2001-04-11,-0.002185815598897431
2001-04-12,-0.003725986551030954
2001-04-16,-0.007895379682577986
2001-04-17,0.005546993660652032
2001-04-18,0.0055629007884179385
2001-04-19,-0.009863926922490565
2001-04-20,-0.001393489066214624
2001-04-23,0.00738371638991275
2001-04-24,-0.0014004702752359508
2001-04-25,-0.0044725479374396705
2001-04-26,0.006321659285483171
2001-04-27,-0.010596495578682804
2001-04-30,-0.0003281226113242719
2001-05-01,0.003989092739273483
2001-05-02,-0.0006230598736572464
2001-05-03,0.007088067632516545
2001-05-04,0.0009146981990309178
2001-05-07,0.00042792607802874744
2001-05-08,-0.002169439579676434
2001-05-09,0.003232037512017159
2001-05-10,-0.008307293755356613
2001-05-11,-0.015073779141380946
2001-05-14,0.0042664895346473195
2001-05-15,-0.0028959559930145052
2001-05-16,0.0016747300512143081
2001-05-17,0.0016756084391526139
2001-05-18,0.003972342954562793
2001-05-21,0.00044435318275154006
2001-05-22,-0.0006160986267928803
2001-05-23,0.0009129656976616112
2001-05-24,-0.008218887366849625
2001-05-25,0.00015112936344969198
2001-05-29,-0.0009153645798136062
2001-05-30,0.0001516769336071184
2001-05-31,0.00855396330562259
2001-06-01,0.003209820287852478
2001-06-04,0.0035096083509792526
2001-06-05,0.004759772820669333
2001-06-06,0.001684050698204556
2001-06-07,-0.00446036321144648
2001-06-08,-0.0036823035288998333
2001-06-11,0.005048697442181444
2001-06-12,0.0039936867008269926
2001-06-13,-0.0006249635590397565
2001-06-14,0.0016844999479569253
2001-06-15,-0.000625598614611381
2001-06-18,0.0004328542094455852
2001-06-19,0.0009142558203501772
2001-06-20,0.0016853999324349602
2001-06-21,0.0016863018995814313
2001-06-22,0.006337482353466846
2001-06-25,-0.0011250224652326762
2001-06-26,-0.006024223061198827
2001-06-27,-0.0013964780429898075
2001-06-28,-0.006756436954695494
2001-06-29,-0.005202998276426142
2001-07-02,0.0042751996319901845
2001-07-03,-0.002911266803071829
2001-07-05,-0.001994265891396548
2001-07-06,0.002442658710080362
2001-07-09,0.003508377655478761
2001-07-10,0.003986036265352466
2001-07-11,0.0009138196273852143
2001-07-12,0.0032238107415963283
2001-07-13,0.00014428473648186172
2001-07-16,0.005063522537856899
2001-07-17,-0.000628777604908796
2001-07-18,0.007893376645789025
2001-07-19,-0.0006345154437056058
2001-07-20,-0.0014074758118284543
2001-07-23,0.001972384005622025
2001-07-24,0.00014045174537987679
2001-07-25,-0.00526452407092703
2001-07-26,0.0009148768881849479
2001-07-27,0.0047902287105342405
2001-07-30,0.0019722017953872012
2001-07-31,0.0032474453085602263
2001-08-01,-0.0029628780521344707
2001-08-02,-0.004499484975556023
2001-08-03,-0.0021748863046548157
2001-08-06,0.0011996133700466864
2001-08-07,-0.0006300509372868859
2001-08-08,0.0165175643171522
2001-08-09,-0.0037533032544962417
2001-08-10,0.004037103834229416
2001-08-13,0.0019709826176195853
2001-08-14,0.0001360711841204654
2001-08-15,-0.00220229974087467
2001-08-16,0.004043386702196633
2001-08-17,0.008774544190053054
2001-08-20,-0.005081891912477942
2001-08-21,0.003271481981015303
2001-08-22,-0.0029977851772650032
2001-08-23,0.001701473519680346
2001-08-24,-0.0029942762411708968
2001-08-27,-0.00037674327487374884
2001-08-28,0.0072002364092408665
2001-08-29,0.005646073480486884
2001-08-30,-0.0006563757899325054
2001-08-31,-0.0045788821495399085
2001-09-04,-0.010386076586101264
2001-09-05,0.0016977451090638017
2001-09-06,0.008766908950795098
2001-09-07,0.004854262791768221
2001-09-10,-0.0027472649057225526
2001-09-13,0.01625403989093266
2001-09-14,0.0056956647473573666
2001-09-17,-0.0043841376806837635
2001-09-18,-0.0069819366052942195
2001-09-19,0.0025022022301443734
2001-09-20,-0.004604014259239307
2001-09-21,0.00408311729300231
2001-09-24,-0.001982431969997289
2001-09-25,0.0009193661951529489
2001-09-26,0.005676678276496751
2001-09-27,0.005693285038890054
2001-09-28,-0.0014633819905982962
2001-10-01,0.004359225466636961
2001-10-02,0.0017186584965924545
2001-10-03,0.0025185779464390575
2001-10-04,-0.002267924165219917
2001-10-05,0.0009214485642516672
2001-10-09,-0.007441185260978425
2001-10-10,0.0009204985857785586
2001-10-11,-0.006201662856637479
2001-10-12,0.0009197743376028648
2001-10-15,0.005146158054715881
2001-10-16,0.0025107857449622106
2001-10-17,0.00012566735112936345
2001-10-18,0.0009208128885286706
2001-10-19,-0.0038408611518840415
2001-10-22,0.0003802874743326489
2001-10-23,-0.002249601383048167
2001-10-24,0.004097617628244186
2001-10-25,0.0041057189942382485
2001-10-26,0.0025159734582348584
2001-10-29,0.002766627227753226
2001-10-30,0.00492603461583585
2001-10-31,0.011403228807920406
2001-11-01,0.004966793314598043
2001-11-02,-0.010324720582017485
2001-11-05,0.005191743011331175
2001-11-06,0.0009238607195383704
2001-11-07,0.0065893302578396516
2001-11-08,-0.007935201369790283
2001-11-09,-0.001490356175792754
2001-11-13,-0.005136043437564088
2001-11-14,-0.010235596406827682
2001-11-15,-0.019554794395399887
2001-11-16,-0.009262015521784418
2001-11-19,0.009058705438494007
2001-11-20,-0.006139670301597901
2001-11-21,-0.007668214673128965
2001-11-23,-0.004395208120707769
2001-11-26,-0.0003636573862192257
2001-11-27,0.00559958256307664
2001-11-28,0.00013634496919917864
2001-11-29,0.015093130711618595
2001-11-30,0.0009187617365496608
2001-12-03,0.0027588280343840343
2001-12-04,0.00408311729300231
2001-12-05,-0.017083000139521097
2001-12-06,-0.00920092935276418
2001-12-07,-0.012215826896948282
2001-12-10,0.002746809442896074
2001-12-11,0.0032403130171366748
2001-12-12,0.008706230471478818
2001-12-13,-0.008384021279729623
2001-12-14,-0.008337027169028807
2001-12-17,-0.0011095512804983633
2001-12-18,0.00787988717659825
2001-12-19,0.006353377383227739
2001-12-20,0.00013908281998631074
2001-12-21,-0.002961143271198716
2001-12-24,-0.004216672780084532
2001-12-26,-0.002802029717819788
2001-12-27,0.007115066866791556
2001-12-28,-0.0014074758118284543
2001-12-31,0.006638032207104553
2002-01-02,-0.009759998571191615
2002-01-03,0.0032367603866295907
2002-01-04,-0.0014044704511623884
2002-01-07,0.007410766304677308
2002-01-08,-0.0006364325506709231
2002-01-09,0.00013963039014373716
2002-01-10,0.007934085842780079
2002-01-11,0.006396118647671847
2002-01-14,0.0011868883181237592
2002-01-15,0.0024861073234349954
2002-01-16,0.00013360711841204652
2002-01-17,-0.007668214673128965
2002-01-18,0.0032630229922032523
2002-01-22,-0.0010208650953833628
2002-01-23,-0.006862695355027571
2002-01-24,-0.0014155121077684006
2002-01-25,-0.0021885554186272154
2002-01-28,-0.0011312248862264775
2002-01-29,0.007927275798229336
2002-01-30,0.00013744010951403148
2002-01-31,-0.0037469805876771734
2002-02-01,0.004032404967510126
2002-02-04,0.006665627853684163
2002-02-05,0.001700071551418285
2002-02-06,0.0001347022587268994
2002-02-07,-0.0006473389384491613
2002-02-08,0.002484429279435041
2002-02-11,-0.0003803174760952229
2002-02-12,-0.004548926172630967
2002-02-13,-0.0029802811044004544
2002-02-14,0.004824950982328238
2002-02-15,0.007197163795340655
2002-02-19,-0.0010355489782594724
2002-02-20,0.00013360711841204652
2002-02-21,0.00013360711841204652
2002-02-22,0.0032751225734181637
2002-02-25,-0.0011717370239417999
2002-02-26,-0.005341185956660391
2002-02-27,0.007203311326104734
2002-02-28,-0.0030030562224729568
2002-03-01,-0.007668214673128965
2002-03-04,-0.002705846328526492
2002-03-05,0.00013744010951403148
2002-03-06,-0.0029715670024557032
2002-03-07,-0.012203667969807663
2002-03-08,-0.0082988229218787
2002-03-11,0.00043778234086242304
2002-03-12,0.0009137331288526961
2002-03-13,0.0032226394507560785
2002-03-14,-0.009034417332637445
2002-03-15,0.003981460784978547
2002-03-18,0.0027428391476683124
2002-03-19,-0.0006217919824939569
2002-03-20,-0.005208557116876618
2002-03-21,0.0009131345219140187
2002-03-22,-0.000617362102339103
2002-03-25,-0.00032104235735044785
2002-03-26,0.004748449869806744
2002-03-27,0.00014647501711156742
2002-03-28,-0.005202998276426142
2002-04-01,-0.0009334360686458423
2002-04-02,0.006279813572623422
2002-04-03,0.004757881966981212
2002-04-04,0.0016836019429030658
2002-04-05,0.004773050329918277
2002-04-08,-0.0018822481365265206
2002-04-09,0.0024579930858855494
2002-04-10,-0.0013984731677787725
2002-04-11,0.0016863018995814313
2002-04-12,0.0032343969568954566
2002-04-15,0.002747351482780526
2002-04-16,-0.003719712689158046
2002-04-17,-0.0029404037536145708
2002-04-18,0.0009145205036510072
2002-04-19,0.0016867536276707305
2002-04-22,0.0019729426269347837
2002-04-23,0.000914966605936338
2002-04-24,0.005569744336427566
2002-04-25,0.0009156933310955589
2002-04-26,0.00169267145809125
2002-04-29,-0.003456203512973813
2002-04-30,0.0016912983046274478
2002-05-01,0.00246946389776442
2002-05-02,-0.0037343691529464346
2002-05-03,0.004023041272322742
2002-05-06,-0.0011343290984723523
2002-05-07,0.0009157852977062319
2002-05-08,-0.011420646517382392
2002-05-09,0.003232037512017159
2002-05-10,0.004012174071671922
2002-05-13,-0.00574539624867449
2002-05-14,-0.006766972460509411
2002-05-15,0.0032226394507560785
2002-05-16,0.006321659285483171
2002-05-17,-0.00524485702532932
2002-05-20,0.005063522537856899
2002-05-21,0.0024612554929032762
2002-05-22,0.00401527272912871
2002-05-23,-0.002180344964667811
2002-05-24,0.00014127310061601641
2002-05-28,0.0005650924024640657
2002-05-29,0.004018376388092398
2002-05-30,0.004026157470997022
2002-05-31,-0.0014145058159217285
2002-06-03,0.0019717550440678136
2002-06-04,0.0016945093622355118
2002-06-05,-0.002968088409907128
2002-06-06,0.0032510250138816695
2002-06-07,-0.004516720843340502
2002-06-10,0.002749549651586158
2002-06-11,0.004032404967510126
2002-06-12,0.003258211655217912
2002-06-13,0.0032630229922032523
2002-06-14,0.008778366034034051
2002-06-17,-0.004304395979893091
2002-06-18,0.0009177748726531673
2002-06-19,0.009593787892098605
2002-06-20,-0.006934663962718336
2002-06-21,0.004856229198507437
2002-06-24,-0.005880628482658522
2002-06-25,-0.00065056063568916
2002-06-26,0.010386961782746265
2002-06-27,-0.006938286448890539
2002-06-28,-0.0014367609801361875
2002-07-01,0.001184187338507916
2002-07-02,0.00643666167944479
2002-07-03,-0.0006570232011587851
2002-07-05,-0.009135866508233448
2002-07-08,0.0051147219458899315
2002-07-09,0.004858197148176196
2002-07-10,0.009636115723194325
2002-07-11,0.00012758384668035591
2002-07-12,0.002507342963749769
2002-07-15,-0.001996076400159734
2002-07-16,-0.006970992770887692
2002-07-17,0.0032910053050121194
2002-07-18,0.004089548886732166
2002-07-19,0.004097617628244186
2002-07-22,0.008356560957262206
2002-07-23,0.0033207883986322213
2002-07-24,-0.001474750604695135
2002-07-25,0.0049280573764516255
2002-07-26,0.00012128678986995208
2002-07-29,-0.014714243486522609
2002-07-30,-0.0022510061311589676
2002-07-31,0.01129621764651163
2002-08-01,0.0033207883986322213
2002-08-02,0.011387840958595432
2002-08-05,0.003580622158922146
2002-08-06,-0.010298404397464565
2002-08-07,0.00574848476874232
2002-08-08,-0.0038909332147262863
2002-08-09,0.010611429538582446
2002-08-12,0.004395496493787876
2002-08-13,0.008243977061384782
2002-08-14,0.005004028024815539
2002-08-15,-0.008808615086695488
2002-08-16,-0.011961686380112793
2002-08-19,0.0027735597739107247
2002-08-20,0.009848079364170164
2002-08-21,-0.0023150373866897807
2002-08-22,-0.00794347048971704
2002-08-23,0.004156683911663068
2002-08-26,0.00277594910726805
2002-08-27,-0.00552813838182998
2002-08-28,0.005780120201703833
2002-08-29,0.004983277027898379
2002-08-30,0.0017380447272031822
2002-09-03,0.013546609076010864
2002-09-04,0.0017472690091737547
2002-09-05,0.004214067747613071
2002-09-06,-0.01131100910657636
2002-09-09,0.0003326488706365503
2002-09-10,0.004198724184381891
2002-09-11,-0.005594157647442689
2002-09-12,0.0074765815664024175
2002-09-13,0.005033355042615799
2002-09-16,0.001965030799251571
2002-09-17,0.0025749423735613474
2002-09-18,0.0009290762136830196
2002-09-19,0.005887051122709052
2002-09-20,0.00010376454483230665
2002-09-23,0.00777696976095008
2002-09-24,0.0009312342174007163
2002-09-25,-0.006512645336065043
2002-09-26,-0.0015486155641608974
2002-09-27,0.008402963286363217
2002-09-30,0.005297195294967204
2002-10-01,-0.007359045451686395
2002-10-02,0.0009309761319717469
2002-10-03,0.0009311050339764507
2002-10-04,0.0009312342174007163
2002-10-07,0.004462827212456609
2002-10-08,-0.0007318906623606573
2002-10-09,0.0034325936496582793
2002-10-10,-0.005713474959767923
2002-10-11,-0.01226354101534436
2002-10-15,-0.01913425655243352
2002-10-16,0.0009266400527577416
2002-10-17,-0.008001655206048475
2002-10-18,0.0017380447272031822
2002-10-21,-0.007741648135685853
2002-10-22,-0.0023049707739578457
2002-10-23,0.0009243131481544859
2002-10-24,0.008229445886463686
2002-10-25,0.003365315875130685
2002-10-28,0.00196567818538495
2002-10-29,0.010755784601433454
2002-10-30,-0.0015272388119252065
2002-10-31,0.0050312495237401006
2002-11-01,-0.006429750458604221
2002-11-04,-0.004559508690397012
2002-11-05,-0.0023294871654824753
2002-11-06,0.0009262840961937308
2002-11-07,0.017379541954208468
2002-11-08,0.0025767849272194067
2002-11-12,0.0012455476748547605
2002-11-13,0.00010513347022587268
2002-11-14,-0.01540531677909171
2002-11-15,-0.001520868809745967
2002-11-18,0.002782994887208392
2002-11-19,0.002563956781446852
2002-11-20,-0.007220480497782865
2002-11-21,-0.004760719942736223
2002-11-22,-0.0031287047122617083
2002-11-25,-0.0004667990278821925
2002-11-26,0.009073205238288447
2002-11-27,-0.01442083145246553
2002-11-29,0.0034690919670395826
2002-12-02,0.000346611909650924
2002-12-03,-0.001500826518197363
2002-12-04,0.004979146374843583
2002-12-05,0.0041767573069331375
2002-12-06,0.0033691939384498638
2002-12-09,0.0027815595970168004
2002-12-10,0.0001111567419575633
2002-12-11,0.0041970262215533976
2002-12-12,0.00010978781656399726
2002-12-13,-0.0047790843235250065
2002-12-16,-0.006159119316789539
2002-12-17,0.0017385525504206604
2002-12-18,0.005819494211231471
2002-12-19,0.008302538038211108
2002-12-20,-0.0007103373435274338
2002-12-23,-0.000492283029477986
2002-12-24,0.002567605400315442
2002-12-26,0.0018569687746051759
2002-12-27,0.008350637532207371
2002-12-30,0.001139296087150543
2002-12-31,-0.0007197318032524669
2003-01-02,-0.019343975922727838
2003-01-03,0.001742634725920072
2003-01-06,-0.0029234717917855538
2003-01-07,0.00419194055649034
2003-01-08,0.003380887076252558
2003-01-09,-0.015281936890844358
2003-01-10,0.0025485967387200987
2003-01-13,0.0011533687187796746
2003-01-14,0.004181806129705842
2003-01-15,0.00011225188227241614
2003-01-16,0.00011225188227241614
2003-01-17,0.004190248072159045
2003-01-21,0.003712232329564499
2003-01-22,0.005027043454238435
2003-01-23,-0.0023469347632344944
2003-01-24,0.0033887318696030496
2003-01-27,-0.002949822002144201
2003-01-28,-0.0015261757739345279
2003-01-29,-0.0047817143453526695
2003-01-30,0.005016557197919955
2003-01-31,0.00010951403148528405
2003-02-03,-0.0004886350831478272
2003-02-04,0.0042055297717381755
2003-02-05,-0.004792250834063104
2003-02-06,0.004203826312213632
2003-02-07,0.0009278443627510507
2003-02-10,-0.002128638493991604
2003-02-11,0.0009276013047840002
2003-02-12,0.0042106484170364635
2003-02-13,0.003395299534030183
2003-02-14,-0.004810753044498986
2003-02-18,0.0012525238406240085
2003-02-19,0.005041793711051302
2003-02-20,0.0025767849272194067
2003-02-21,-0.004002227029340507
2003-02-24,0.0036128057832361705
2003-02-25,0.004231247549522694
2003-02-26,0.002583260166057488
2003-02-27,0.0017577276415511982
2003-02-28,0.004248566780148137
2003-03-03,0.002795730381340939
2003-03-04,0.002595394817471176
2003-03-05,0.001764645650099221
2003-03-06,-0.003223569614292267
2003-03-07,0.003429900540673209
2003-03-10,0.0036340592623171175
2003-03-11,-0.0007352843139680545
2003-03-12,9.856262833675566e-05
2003-03-13,-0.011491955414638676
2003-03-14,0.0017598461312572234
2003-03-17,-0.007941487474078208
2003-03-18,-0.007285511760861037
2003-03-19,-0.005621431067585659
2003-03-20,-0.0023425617743468973
2003-03-21,-0.008022563807147975
2003-03-24,0.01097597267417245
2003-03-25,0.0009277226961778743
2003-03-26,0.0009278443627510507
2003-03-27,0.000927966304731805
2003-03-28,0.0025703505445856417
2003-03-31,0.007740730864873584
2003-04-01,-0.0007190589683351986
2003-04-02,-0.008094163372845811
2003-04-03,0.0009282110158307293
2003-04-04,-0.002349854212275946
2003-04-07,-0.005389422213238768
2003-04-08,0.00666664554558099
2003-04-09,0.0017488236685134577
2003-04-10,-0.0015314964629069953
2003-04-11,-0.003979696026580999
2003-04-14,-0.002935432740445262
2003-04-15,0.005020746750022576
2003-04-16,0.0017472690091737547
2003-04-17,-0.0015283023993617332
2003-04-21,-0.001199276389950955
2003-04-22,-0.0007076631461183955
2003-04-23,-0.0007069952830053469
2003-04-24,0.007493019959900443
2003-04-25,0.0017498628682466844
2003-04-28,-0.0004995863519888239
2003-04-29,-0.003169274713095024
2003-04-30,0.005861865542235097
2003-05-01,0.0009288276292359726
2003-05-02,-0.004813402821639834
2003-05-05,0.0019650856340833055
2003-05-06,0.00669860319643312
2003-05-07,0.010049602141940615
2003-05-08,0.001760908745661793
2003-05-09,0.0009312342174007163
2003-05-12,0.004462827212456609
2003-05-13,0.0009320152408815227
2003-05-14,0.008463440475818913
2003-05-15,9.664613278576318e-05
2003-05-16,0.005971559678919903
2003-05-19,0.00028418891170431214
2003-05-20,0.006835190190427456
2003-05-21,-0.0007496154658708386
2003-05-22,0.0043138796119131274
2003-05-23,9.144421629021218e-05
2003-05-27,-0.005523498992071758
2003-05-28,-0.002426936133131601
2003-05-29,0.008536206965424564
2003-05-30,-0.0024374884991462207
2003-06-02,-0.004766235774772941
2003-06-03,0.007691755288562627
2003-06-04,0.003474921648991115
2003-06-05,-0.0032865092590376416
2003-06-06,-0.0024374884991462207
2003-06-09,0.007047011301538341
2003-06-10,0.007740229984330235
2003-06-11,-0.0007620005902142946
2003-06-12,0.0026404730208491765
2003-06-13,0.004351828189311945
2003-06-16,-0.003997217344179572
2003-06-17,-0.007536871814155982
2003-06-18,-0.008340115597331206
2003-06-19,0.0017798722967136609
2003-06-20,-0.0041169811440625245
2003-06-23,0.0070395364599363346
2003-06-24,0.0026297510227026285
2003-06-25,-0.007492919822987401
2003-06-26,-0.014112041050243062
2003-06-27,-0.0024059579773385276
2003-06-30,0.0036380854222635953
2003-07-01,-0.001573475316193791
2003-07-02,9.74674880219028e-05
2003-07-03,-0.0090404908856828
2003-07-07,-0.0053934881486653674
2003-07-08,-0.0007251245242817073
2003-07-09,0.0017593156671431194
2003-07-10,0.002590710772725489
2003-07-11,0.003425869366684778
2003-07-14,-0.006322686642406737
2003-07-15,-0.016295359711060633
2003-07-16,-0.002348394074987571
2003-07-17,-0.0007096683819762747
2003-07-18,-0.0015261757739345279
2003-07-21,-0.01506290882787379
2003-07-22,0.0017365245117101048
2003-07-23,0.004178438888596414
2003-07-24,-0.006365022899619863
2003-07-25,-0.0015029270307100999
2003-07-28,-0.006902549444887819
2003-07-29,-0.008695487795630445
2003-07-30,0.006555474578142585
2003-07-31,-0.011859230700995387
2003-08-01,0.004125296188090625
2003-08-04,0.007599964419652747
2003-08-05,-0.00947263313309479
2003-08-06,0.012198244144837993
2003-08-07,0.0017299930529760023
2003-08-08,0.002538783243164896
2003-08-11,-0.008479652241592197
2003-08-12,0.0009230792697985902
2003-08-13,-0.016577189324471928
2003-08-14,0.0025142410747118
2003-08-15,0.0001245722108145106
2003-08-18,0.005165089029365893
2003-08-19,0.008953302572313006
2003-08-20,-0.005480695585715825
2003-08-21,-0.006254447427805001
2003-08-22,0.004118749375290764
2003-08-25,-0.0036172347274854542
2003-08-26,0.0025185779464390575
2003-08-27,-0.0030634424688310933
2003-08-28,0.009738979967952328
2003-08-29,-0.002279265839481971
2003-09-02,-0.01221628346882661
2003-09-03,0.0009206030920771699
2003-09-04,0.006505266558359848
2003-09-05,0.013789929685051331
2003-09-08,-0.004452436019954449
2003-09-09,0.0033333768729180294
2003-09-10,0.007379241396348368
2003-09-11,-0.005510291397598118
2003-09-12,0.006575186166386477
2003-09-15,-0.00045591391268879906
2003-09-16,-0.0006890658268118596
2003-09-17,0.007404984122081955
2003-09-18,0.0009251152497970696
2003-09-19,0.0017365245117101048
2003-09-22,-0.00692405994068038
2003-09-23,0.0017329962673202884
2003-09-24,0.006606374344016128
2003-09-25,0.003365315875130685
2003-09-26,0.006640696941010448
2003-09-29,-0.003738317159375868
2003-09-30,0.010760651440498209
2003-10-01,0.0001084188911704312
2003-10-02,-0.005606259995579631
2003-10-03,-0.014457126238721344
2003-10-06,0.003589401202808543
2003-10-07,-0.007955894256531138
2003-10-08,0.0001169062286105407
2003-10-09,-0.003908513553754871
2003-10-10,0.0025370094659025112
2003-10-14,-0.0059554086589731926
2003-10-15,-0.004685483607757719
2003-10-16,-0.0030760245010763047
2003-10-17,0.00493210766716404
2003-10-20,0.000362217659137577
2003-10-21,0.0025290671870414174
2003-10-22,0.0073760344386009985
2003-10-23,-0.003904110471531103
2003-10-24,0.00820051341148491
2003-10-27,-0.004486873272273153
2003-10-28,0.005777675429990181
2003-10-29,-0.006327906214766042
2003-10-30,-0.003899712726824237
2003-10-31,0.0025334715534416465
2003-11-03,-0.005258372377492425
2003-11-04,0.005753331141069395
2003-11-05,-0.003895320310821436
2003-11-06,-0.005480695585715825
2003-11-07,-0.0022750067791670603
2003-11-10,-0.0004305995175471678
2003-11-12,0.004248225688432857
2003-11-13,0.011403228807920406
2003-11-14,0.0065893302578396516
2003-11-17,0.0035886636826987675
2003-11-18,0.0009253468502298085
2003-11-19,-0.0055430624404316
2003-11-20,0.006606374344016128
2003-11-21,0.0009255795332902836
2003-11-24,-0.006127632733870087
2003-11-25,0.00335630506772323
2003-11-26,-0.004732022620881058
2003-11-28,-0.007006030715330325
2003-12-01,-0.004455558692817443
2003-12-02,0.0017260187400627294
2003-12-03,-0.0022849556971195886
2003-12-04,0.0025290671870414174
2003-12-05,0.012248025395798008
2003-12-08,-0.004490013544383403
2003-12-09,-0.0022978045080198524
2003-12-10,0.0017299930529760023
2003-12-11,0.002538783243164896
2003-12-12,0.0009243131481544859
2003-12-15,-0.0012633670607940844
2003-12-16,0.003349901219608443
2003-12-17,0.004166696290635257
2003-12-18,0.0025485967387200987
2003-12-19,0.0009255795332902836
2003-12-22,-0.002090679225980738
2003-12-23,-0.007951750319716868
2003-12-24,0.006595002975790885
2003-12-26,0.002662690286037168
2003-12-29,-0.005314725684784782
2003-12-30,-0.003915128204252644
2003-12-31,0.0017314922443071605
2004-01-02,-0.008596558470202737
2004-01-05,-0.0020451199681668164
2004-01-06,0.00979546090173753
2004-01-07,0.0017314922443071605
2004-01-08,0.0001169062286105407
2004-01-09,0.01312833546415042
2004-01-12,0.00033757700205338815
2004-01-13,0.005006112115448237
2004-01-14,0.003379583458927949
2004-01-15,0.001745719307168143
2004-01-16,-0.003970722118411339
2004-01-20,-0.002815252626468445
2004-01-21,0.0025585085645372717
2004-01-22,0.005018651149812515
2004-01-23,-0.008030946271447527
2004-01-26,-0.0053430827694419415
2004-01-27,0.004180121829145288
2004-01-28,-0.008785841998860537
2004-01-29,0.00011553730321697466
2004-01-30,0.004983277027898379
2004-02-02,-0.0012793453427553847
2004-02-03,0.0041767573069331375
2004-02-04,-0.0015102958289189554
2004-02-05,-0.003935044630529753
2004-02-06,0.006617780384210353
2004-02-09,0.002780491735445047
2004-02-10,-0.0031378788493897714
2004-02-11,0.006637824730173035
2004-02-12,-0.003957302271207043
2004-02-13,0.004190248072159045
2004-02-17,0.00044353182751540043
2004-02-18,0.00011088295687885011
2004-02-19,0.00011088295687885011
2004-02-20,-0.003957302271207043
2004-02-23,0.004414751836703877
2004-02-24,0.0009268787224261135
2004-02-25,0.0017441745501784686
2004-02-26,-0.002336742638546575
2004-02-27,0.005018651149812515
2004-03-01,-0.000489850790686389
2004-03-02,-0.003968482064010422
2004-03-03,-0.0015187498542855692
2004-03-04,0.0025594145465233802
2004-03-05,0.01575654635461464
2004-03-08,0.006100394918320134
2004-03-09,0.004245091724027076
2004-03-10,-0.0007257998731030762
2004-03-11,0.00010239561943874059
2004-03-12,-0.003202864506688106
2004-03-15,0.0003104722792607803
2004-03-16,0.006739666318238455
2004-03-17,-0.0007278276034106112
2004-03-18,-0.004034003187609406
2004-03-19,-0.003199114514733851
2004-03-22,0.0052796158845526435
2004-03-23,0.0009307191712850891
2004-03-24,0.00010212183436002738
2004-03-25,-0.0015529176112367446
2004-03-26,-0.008132391065292949
2004-03-29,-0.004610547578953001
2004-03-30,0.00010704996577686516
2004-03-31,0.004222640292283933
2004-04-01,-0.003999967720432686
2004-04-02,-0.019371492947550736
2004-04-05,-0.006932681049386624
2004-04-06,0.004166696290635257
2004-04-07,0.00011471594798083505
2004-04-08,-0.0015039780953606976
2004-04-12,-0.0027701157733847183
2004-04-13,-0.007922817732597716
2004-04-14,-0.0038909332147262863
2004-04-15,-0.0014820183536671109
2004-04-16,0.004136804103711426
2004-04-19,-0.0012458528893012463
2004-04-20,-0.003083237449050351
2004-04-21,-0.0014789004314048086
2004-04-22,0.004131864175370808
2004-04-23,-0.0062710526158028645
2004-04-26,0.001967389905489924
2004-04-27,0.002524682770444225
2004-04-28,-0.005465967196327748
2004-04-29,-0.003858198682474317
2004-04-30,0.0017186584965924545
2004-05-03,0.0003720739219712526
2004-05-04,-0.0022636840601299953
2004-05-05,-0.0038451876960516823
2004-05-06,-0.0014602924545940314
2004-05-07,-0.012468629180632827
2004-05-10,-0.001179567223747977
2004-05-11,0.001706179967769258
2004-05-12,-0.0030118617299031317
2004-05-13,-0.0014377784255284454
2004-05-14,0.004856229198507437
2004-05-17,0.0075088891427245895
2004-05-18,-0.003027776305026448
2004-05-19,-0.003806435687178967
2004-05-20,0.005660160740458907
2004-05-21,-0.003024232524473029
2004-05-24,0.0011797061997585018
2004-05-25,0.0017090284968329862
2004-05-26,0.004879946791881009
2004-05-27,0.005688531114869791
2004-05-28,-0.004626765477745901
2004-06-01,-0.003440855462601603
2004-06-02,-0.002238391416112993
2004-06-03,0.0025004948819037608
2004-06-04,-0.005384334606319461
2004-06-07,0.00039260780287474336
2004-06-08,0.00013086926762491445
2004-06-09,-0.0030136259037679518
2004-06-10,0.0009184629846066022
2004-06-14,-0.0057413561885967445
2004-06-15,0.015952716194507846
2004-06-16,-0.0038171580815421677
2004-06-17,0.0025004948819037608
2004-06-18,-0.0006609130807056834
2004-06-21,0.001968912847569319
2004-06-22,-0.0014510519416378407
2004-06-23,0.0009194678422667661
2004-06-24,0.004089548886732166
2004-06-25,0.00012758384668035591
2004-06-28,-0.007500787226364126
2004-06-29,0.004873996443610143
2004-06-30,0.0064776683539724345
2004-07-01,0.004104096104622325
2004-07-02,0.007315558216072997
2004-07-06,-0.0003079438022836497
2004-07-07,-0.000675255986396116
2004-07-08,0.000921769948903657
2004-07-09,0.00012292950034223135
2004-07-12,0.002767920662864444
2004-07-13,-0.0030706258822921413
2004-07-14,0.00012320328542094456
2004-07-15,0.00012320328542094456
2004-07-16,0.009756301185095132
2004-07-19,0.0003597535934291581
2004-07-20,-0.00707395487564311
2004-07-21,-0.0022721713638638257
2004-07-22,0.0017210987023542669
2004-07-23,0.002522934571324424
2004-07-26,-0.002828755647175141
2004-07-27,-0.010193997706162913
2004-07-28,0.0009204985857785586
2004-07-29,0.0009206030920771699
2004-07-30,0.00810766635500727
2004-08-02,0.0019675052731961563
2004-08-03,0.002522934571324424
2004-08-04,0.00012183436002737851
2004-08-05,0.0017235520986618872
2004-08-06,0.015475840078187008
2004-08-09,-0.002878267709149176
2004-08-10,-0.003103160641966572
2004-08-11,0.0017299930529760023
2004-08-12,0.002538783243164896
2004-08-13,0.004161684036566794
2004-08-16,-0.002883007689771269
2004-08-17,0.004163353438751038
2004-08-18,-0.0015018765051376549
2004-08-19,0.0009247698751591153
2004-08-20,-0.001500826518197363
2004-08-23,-0.002878267709149176
2004-08-24,0.00011718001368925394
2004-08-25,0.0017319930478659632
2004-08-26,0.003352459523507755
2004-08-27,-0.0006930331129160538
2004-08-30,0.0035879272443146057
2004-08-31,0.004989485200331462
2004-09-01,0.00011307323750855577
2004-09-02,-0.005555035583194957
2004-09-03,-0.00794347048971704
2004-09-07,0.003700529972725413
2004-09-08,0.006600684333079426
2004-09-09,-0.0031213848790163255
2004-09-10,0.002545910616725363
2004-09-13,0.002778028634681769
2004-09-14,0.0009255795332902836
2004-09-15,-0.002317920841312702
2004-09-16,0.008258551719445128
2004-09-17,-0.004760719942736223
2004-09-20,0.0060437131086302585
2004-09-21,0.001742634725920072
2004-09-22,0.004198724184381891
2004-09-23,-0.0015240513444697889
2004-09-24,-0.0015219291073295938
2004-09-27,0.0027833557633538033
2004-09-28,-0.0007069952830053469
2004-09-29,-0.006398992061939599
2004-09-30,-0.00313604185313307
2004-10-01,-0.005552039466612276
2004-10-04,0.001966040778304601
2004-10-05,0.000925230914797073
2004-10-06,-0.003928393712647918
2004-10-07,-0.0023064064403201445
2004-10-08,0.009044988950305394
2004-10-12,0.002893052037826534
2004-10-13,0.002554892830585362
2004-10-14,0.005010285218491936
2004-10-15,-0.0031489236689143637
2004-10-18,0.0003342915811088296
2004-10-19,0.00011143052703627653
2004-10-20,0.005014464892978779
2004-10-21,0.00010978781656399726
2004-10-22,0.0009273593466218273
2004-10-25,0.001146508251311818
2004-10-26,-0.001525113284934361
2004-10-27,-0.008022563807147975
2004-10-28,0.0017405892788787418
2004-10-29,0.0033743799512027887
2004-11-01,-0.004546814683136561
2004-11-02,0.0009261659892185594
2004-11-03,0.0009262840961937308
2004-11-04,-0.0007016622245232884
2004-11-05,-0.008790390677014821
2004-11-08,-0.0004631682322998693
2004-11-09,0.00011553730321697466
2004-11-10,-0.0023078429126271224
2004-11-12,0.004281382848188161
2004-11-15,0.0003449691991786448
2004-11-16,-0.0006943576937761749
2004-11-17,0.005799746429439151
2004-11-18,0.001739060916746726
2004-11-19,-0.006365022899619863
2004-11-22,0.001965998322555598
2004-11-23,-0.0006956833536864363
2004-11-24,-0.0006950203887383844
2004-11-26,-0.0030027417018131186
2004-11-29,-0.00769477319549702
2004-11-30,-0.0014882685265301299
2004-12-01,-0.0014861830087663204
2004-12-02,-0.001484099618982759
2004-12-03,0.010611429538582446
2004-12-06,0.0027752624075344217
2004-12-07,0.0009246552896558405
2004-12-08,0.007424393161910878
2004-12-09,-0.003937264301501134
2004-12-10,0.0025485967387200987
2004-12-13,0.00034168377823408624
2004-12-14,0.0017380447272031822
2004-12-15,0.00418349179140465
2004-12-16,-0.007989142567842073
2004-12-17,-0.0015039780953606976
2004-12-20,0.0003457905544147844
2004-12-21,0.002546805179203354
2004-12-22,-0.0023135968746456036
2004-12-23,-0.0015018765051376549
2004-12-27,-0.005177725938981166
2004-12-28,-0.0006877455443449686
2004-12-29,-0.0014914008008374755
2004-12-30,0.004960638598843507
2004-12-31,0.00254144995031334
2005-01-03,0.0011568250364046428
2005-01-04,-0.004721635720974779
2005-01-05,0.00011745379876796715
2005-01-06,0.00011745379876796715
2005-01-07,0.00011745379876796715
2005-01-10,0.00035236139630390146
2005-01-11,0.002539671339380884
2005-01-12,0.000924426926376161
2005-01-13,0.004165024189735046
2005-01-14,-0.002310718277742339
2005-01-18,0.0020819383989051895
2005-01-19,0.0009249998550064182
2005-01-20,0.00254770055297762
2005-01-21,0.0009254630563195948
2005-01-24,0.001965833912692573
2005-01-25,-0.004745042552951286
2005-01-26,-0.0006943576937761749
2005-01-27,-0.0006936952685763923
2005-01-28,0.004983277027898379
2005-01-31,0.001965833912692573
2005-02-01,-0.0006983379178087456
2005-02-02,0.0001136208076659822
2005-02-03,-0.002317920841312702
2005-02-04,0.00744063449546427
2005-02-07,0.00196556710515745
2005-02-08,0.001742634725920072
2005-02-09,0.004198724184381891
2005-02-10,-0.005594157647442689
2005-02-11,-0.0023294871654824753
2005-02-14,0.0019656035866878717
2005-02-15,-0.0015155755135751055
2005-02-16,-0.004755487648667819
2005-02-17,-0.002316478708688714
2005-02-18,-0.006341373103059718
2005-02-22,-0.0011448659615749318
2005-02-23,0.0017314922443071605
2005-02-24,-0.001495584647406554
2005-02-25,0.0017314922443071605
2005-02-28,-0.006881099144000605
2005-03-01,-0.0014861830087663204
2005-03-02,0.00011991786447638603
2005-03-03,-0.0006824750984506932
2005-03-04,0.005755757130947567
2005-03-07,0.0011602985903513957
2005-03-08,-0.005501393125043678
2005-03-09,-0.011043655358546806
2005-03-10,0.0033195353742133497
2005-03-11,-0.006244509549882831
2005-03-14,0.003564225811997682
2005-03-15,-0.0014695751797424246
2005-03-16,0.0017191454851110516
2005-03-17,0.004120384097204183
2005-03-18,-0.0030688284508517557
2005-03-21,-0.001223655071967697
2005-03-22,-0.007808386453653402
2005-03-23,0.0017147814682796126
2005-03-24,0.0009206030920771699
2005-03-28,-0.0026677339075807716
2005-03-29,0.0033045811413497626
2005-03-30,0.0033095490943963967
2005-03-31,0.004913931355957624
2005-04-01,0.0033220424791592907
2005-04-04,-0.00043300537221545966
2005-04-05,-0.0006765661733456284
2005-04-06,0.0033245538120272866
2005-04-07,-0.0038712568811160334
2005-04-08,-0.000675255986396116
2005-04-11,0.004370064073355483
2005-04-12,0.005741229205681674
2005-04-13,0.00011991786447638603
2005-04-14,0.0009230792697985902
2005-04-15,0.008189708193507237
2005-04-18,0.00035071868583162215
2005-04-19,0.004972962561228918
2005-04-20,-0.0006936952685763923
2005-04-21,-0.007935201369790283
2005-04-22,0.004962688558444618
2005-04-25,0.0003498973305954826
2005-04-26,-0.0014966319478577393
2005-04-27,0.002540560241541447
2005-04-28,0.0049770834828519175
2005-04-29,-0.0015039780953606976
2005-05-02,0.0003457905544147844
2005-05-03,0.00011526351813826146
2005-05-04,0.0009249998550064182
2005-05-05,0.0009251152497970696
2005-05-06,-0.0071448803990038
2005-05-09,-0.0004547057994333518
2005-05-10,0.004968848113818843
2005-05-11,0.0017345051340181257
2005-05-12,0.002546805179203354
2005-05-13,0.00499155784795703
2005-05-16,-0.00047406792074568385
2005-05-17,0.0009259305917330549
2005-05-18,0.004186867202730499
2005-05-19,-0.00314155610144031
2005-05-20,-0.0015124060730049094
2005-05-23,0.0052280920479808295
2005-05-24,0.0025594145465233802
2005-05-25,-0.0031470801418688557
2005-05-26,0.00011170431211498974
2005-05-27,0.00011170431211498974
2005-05-31,0.006987320625284761
2005-06-01,0.007499612696271565
2005-06-02,0.0017509042803977091
2005-06-03,-0.007258647646399266
2005-06-06,0.00196520193182947
2005-06-07,0.003391355618597434
2005-06-08,-0.0023513151757847853
2005-06-09,-0.0023469347632344944
2005-06-10,-0.005600204994537907
2005-06-13,-0.0029234717917855538
2005-06-14,-0.0031378788493897714
2005-06-15,0.0009259305917330549
2005-06-16,0.002554892830585362
2005-06-17,0.00011197809719370293
2005-06-20,-0.001290562295138886
2005-06-21,0.004188556954616594
2005-06-22,0.00912599748199004
2005-06-23,-0.0007110065802578383
2005-06-24,0.003391355618597434
2005-06-27,0.001965030799251571
2005-06-28,-0.005624471049477496
2005-06-29,-0.0015272388119252065
2005-06-30,0.004208940823006373
2005-07-01,-0.009674407066914833
2005-07-05,-0.00362160017470376
2005-07-06,0.0025557955363317893
2005-07-07,0.0025585085645372717
2005-07-08,-0.004768580596894261
2005-07-11,0.00033757700205338815
2005-07-12,-0.0031342059421896
2005-07-13,-0.0015081877536735888
2005-07-14,-0.0015060818436813072
2005-07-15,0.000925230914797073
2005-07-18,-0.0028925005532120817
2005-07-19,0.001735009168037627
2005-07-20,0.00254770055297762
2005-07-21,-0.008758612104905975
2005-07-22,0.0041600159820668415
2005-07-25,-0.001268154892852538
2005-07-26,0.000924540973469177
2005-07-27,-0.0023049707739578457
2005-07-28,0.00578501540691468
2005-07-29,-0.0063380031643761655
2005-08-01,-0.0028688006145880644
2005-08-02,-0.001490356175792754
2005-08-03,0.0033422521123179162
2005-08-04,-0.0014924459600793966
2005-08-05,-0.006297730750133519
2005-08-08,-0.001241087484399486
2005-08-09,0.0009226385887287535
2005-08-10,0.0009227483604386099
2005-08-11,0.0065610957591166075
2005-08-12,0.006583666164941394
2005-08-15,-0.0020728010272090436
2005-08-16,0.0033511798329281927
2005-08-17,-0.0039173357660856325
2005-08-18,0.005782566860158118
2005-08-19,0.00011526351813826146
2005-08-22,-0.0004631682322998693
2005-08-23,0.001735009168037627
2005-08-24,0.0009251152497970696
2005-08-25,0.000925230914797073
2005-08-26,-0.0015050296995356403
2005-08-29,0.0003449691991786448
2005-08-30,0.0033601603394205924
2005-08-31,0.01154848681680355
2005-09-01,0.00011006160164271045
2005-09-02,-0.0007063276939332222
2005-09-06,-0.004442823030619494
2005-09-07,-0.00475810298239696
2005-09-08,0.0001136208076659822
2005-09-09,0.00092569628136644
2005-09-12,-0.0029020106670871702
2005-09-13,0.0033627359366484293
2005-09-14,-0.0023193637852332344
2005-09-15,-0.003930609337219072
2005-09-16,-0.0031140822962052186
2005-09-19,0.0011576918134398161
2005-09-20,-0.0006910482609427194
2005-09-21,0.005787465843536817
2005-09-22,0.00011471594798083505
2005-09-23,-0.004732022620881058
2005-09-26,-0.003680204665418207
2005-09-27,0.00011772758384668035
2005-09-28,0.003347347221185372
2005-09-29,-0.002302101856402861
2005-09-30,-0.003904110471531103
2005-10-03,-0.0036554806500114045
2005-10-04,0.000922968700754021
2005-10-05,0.001727009117515975
2005-10-06,-0.0006837911108566908
2005-10-07,0.0017275051053345723
2005-10-11,-0.0027331778229352454
2005-10-12,-0.004680344534638861
2005-10-13,-0.0022750067791670603
2005-10-14,0.00012265571526351814
2005-10-17,-0.001228403036543619
2005-10-18,0.000921769948903657
2005-10-19,0.0017215883246303354
2005-10-20,0.0009220937058959432
2005-10-21,0.005738814410614327
2005-10-24,-0.004439961235528663
2005-10-25,-0.007048041370029716
2005-10-26,-0.00464200307800371
2005-10-27,0.0025125118386828235
2005-10-28,-0.000670025756283582
2005-10-31,0.001171705311213937
2005-11-01,-0.000670025756283582
2005-11-02,-0.002256632934185257
2005-11-03,-0.0030437745428750626
2005-11-04,-0.0006648122714531341
2005-11-07,0.0011752508617745368
2005-11-08,0.0064914412707747435
2005-11-09,-0.0054249722999096745
2005-11-10,0.007293494273927989
2005-11-14,-0.0042657429348987854
2005-11-15,0.0041057189942382485
2005-11-16,0.005714768529727637
2005-11-17,0.0025220616621799813
2005-11-18,-0.0030706258822921413
2005-11-21,0.00356844905000118
2005-11-22,0.002524682770444225
2005-11-23,-0.0030760245010763047
2005-11-25,0.003448192996299169
2005-11-28,0.0019671107424877143
2005-11-29,-0.005471853010632087
2005-11-30,-0.000675910948074204
2005-12-01,-0.0022693391090615675
2005-12-02,0.00012375085557837098
2005-12-05,-0.0036063547415708485
2005-12-06,0.006513586958857256
2005-12-07,-0.0022693391090615675
2005-12-08,0.004120384097204183
2005-12-09,-0.005454217678730596
2005-12-12,-0.0012189118364367365
2005-12-13,0.0017181720335230457
2005-12-14,0.007325049765555963
2005-12-15,-0.001476824461936476
2005-12-16,0.0017225691537878973
2005-12-19,0.00036550308008213557
2005-12-20,-0.001476824461936476
2005-12-21,-0.001474750604695135
2005-12-22,0.004125296188090625
2005-12-23,0.0049381950466450344
2005-12-27,0.0036969277335652216
2005-12-28,-0.0030922774816307926
2005-12-29,0.0009230792697985902
2005-12-30,-0.001485141048096592
2006-01-03,0.002087088611237281
2006-01-04,0.0009231901050608071
2006-01-05,0.00011937029431895962
2006-01-06,-0.0014861830087663204
2006-01-09,0.0003597535934291581
2006-01-10,-0.003884362526207929
2006-01-11,-0.002277845360190951
2006-01-12,0.0033270693798025603
2006-01-13,0.004942261277265247
2006-01-17,0.0020861125094249794
2006-01-18,0.0001188227241615332
2006-01-19,-0.0030922774816307926
2006-01-20,0.0009230792697985902
2006-01-23,0.0011624782638561528
2006-01-24,-0.003088658282787795
2006-01-25,-0.007066539165338548
2006-01-26,-0.0030652367449886717
2006-01-27,0.0009214485642516672
2006-01-30,-0.0012220734685856826
2006-01-31,0.0009213419622070477
2006-02-01,-0.003058065937060261
2006-02-02,0.00012511978097193703
2006-02-03,0.002515106872712086
2006-02-06,-0.000423388272831049
2006-02-07,-0.0014664762284339785
2006-02-08,0.0009210237315564801
2006-02-09,0.0017181720335230457
2006-02-10,-0.003849519460128982
2006-02-13,0.0011721475907873974
2006-02-14,-0.0030491259879471353
2006-02-15,0.0009204985857785586
2006-02-16,0.0017157475847675112
2006-02-17,0.00410896870565106
2006-02-21,-0.0018893769878739833
2006-02-22,0.0033132860632833147
2006-02-23,-0.0022636840601299953
2006-02-24,-0.0014654442926784529
2006-02-27,-0.00041858602508500854
2006-02-28,0.0033107937012417325
2006-03-01,-0.003054486821152848
2006-03-02,-0.0038386998345797626
2006-03-03,-0.003038432462761036
2006-03-06,-0.004350273129648259
2006-03-07,0.00012977412731006162
2006-03-08,0.0009192648066829598
2006-03-09,-0.0006596154218822408
2006-03-10,-0.0014469585149605657
2006-03-13,-0.000397027474819823
2006-03-14,0.004872016104694044
2006-03-15,-0.0014500278101013402
2006-03-16,0.006469429652228245
2006-03-17,-0.0022467942255014702
2006-03-20,0.001968638138131799
2006-03-21,-0.003823607002642671
2006-03-22,0.0009195697482375858
2006-03-23,-0.0022397899439877064
2006-03-24,0.004879946791881009
2006-03-27,-0.001988274918393146
2006-03-28,-0.006956433490553125
2006-03-29,-0.0014418533291552323
2006-03-30,-0.003791478308338077
2006-03-31,0.00013305954825462013
2006-04-03,-0.0011686085265140925
2006-04-04,0.0009178724068926689
2006-04-05,0.0024894726058927205
2006-04-06,-0.004566373748913331
2006-04-07,-0.005329747474696032
2006-04-10,0.00040821355236139625
2006-04-11,0.0032642283644216522
2006-04-12,-0.0037659826263837623
2006-04-13,-0.005306955552627943
2006-04-17,0.0036693981828993137
2006-04-18,0.0016968180823834767
2006-04-19,-0.0037533032544962417
2006-04-20,0.0001379876796714579
2006-04-21,0.0024752545667282837
2006-04-24,0.0019711507312541133
2006-04-25,-0.006078414943287225
2006-04-26,-0.0037364679268060666
2006-04-27,0.0024686396775426816
2006-04-28,0.0016931301797824651
2006-05-01,-0.005003831329827406
2006-05-02,0.0016908415893049976
2006-05-03,-0.002181711499108701
2006-05-04,-0.0006326005874394295
2006-05-05,0.003241499226822241
2006-05-08,0.0004205338809034908
2006-05-09,-0.0006345154437056058
2006-05-10,0.00014045174537987679
2006-05-11,-0.0006338769084791537
2006-05-12,-0.003721802731866093
2006-05-15,0.0035221325095639287
2006-05-16,0.004019930095703896
2006-05-17,-0.004501942745959589
2006-05-18,0.006353377383227739
2006-05-19,0.002471941080778758
2006-05-22,0.0011927718278674445
2006-05-23,-0.002192670790351488
2006-05-24,0.00325222026331845
2006-05-25,-0.002969827203562162
2006-05-26,0.0009160627037570091
2006-05-30,-0.0017743207068144033
2006-05-31,-0.002185815598897431
2006-06-01,0.0009156016151781165
2006-06-02,0.008713776230077274
2006-06-05,-0.0011467660358662713
2006-06-06,0.0009165300802774018
2006-06-07,-0.0006415558815326786
2006-06-08,0.0016963553281491629
2006-06-09,0.001697281342549808
2006-06-12,-0.0003707913502034567
2006-06-13,0.0016977451090638017
2006-06-14,-0.006084828501141
2006-06-15,-0.0037406692297576546
2006-06-16,-0.0021844468156090387
2006-06-19,-0.00035297341771939995
2006-06-20,-0.0006332386231254455
2006-06-21,-0.0006326005874394295
2006-06-22,-0.0029473009953910416
2006-06-23,-0.0021708001441488526
2006-06-26,-0.0011110961654195483
2006-06-27,0.0032308592818596233
2006-06-28,-0.0029386819235255874
2006-06-29,0.0024579930858855494
2006-06-30,0.00556062310581479
2006-07-03,0.0004229979466119097
2006-07-05,-0.005886395564211794
2006-07-06,0.0032332167367574373
2006-07-07,0.004013722775724413
2006-07-10,0.0011968699955192154
2006-07-11,0.0024678162100160964
2006-07-12,0.00013963039014373716
2006-07-13,0.00169267145809125
2006-07-14,0.0009159699838310248
2006-07-17,0.00041642710472279264
2006-07-18,-0.004509325042642109
2006-07-19,0.005581185336668735
2006-07-20,0.002473596310934804
2006-07-21,-0.001417526199738546
2006-07-24,0.00041478439425051333
2006-07-25,-0.0014155121077684006
2006-07-26,0.002472768317962435
2006-07-27,-0.002192670790351488
2006-07-28,0.005594972652399917
2006-07-31,0.001190503876009311
2006-08-01,0.00013661875427789185
2006-08-02,0.0024794134760158905
2006-08-03,0.00013579739904175223
2006-08-04,0.004049689873883107
2006-08-07,-0.0011607962097846414
2006-08-08,0.00013497604380561257
2006-08-09,0.0009173872862224139
2006-08-10,-0.0006473389384491613
2006-08-11,-0.0029872705645984693
2006-08-14,-0.0019301573726337392
2006-08-15,0.0056111383785325455
2006-08-16,0.004840541040201433
2006-08-17,0.00013333333333333334
2006-08-18,0.0024894726058927205
2006-08-21,0.0019697866084214116
2006-08-22,0.0001319644079397673
2006-08-23,0.0001319644079397673
2006-08-24,0.0009184629846066022
2006-08-25,0.001706179967769258
2006-08-28,-0.00039344253045745116
2006-08-29,0.0009186618954808415
2006-08-30,0.002496240090075098
2006-08-31,0.0017085524523133145
2006-09-01,0.0009192648066829598
2006-09-05,-0.0034200765635623324
2006-09-06,-0.0014428733376838261
2006-09-07,0.00013141683778234087
2006-09-08,0.0017066534343517193
2006-09-11,-0.0011811348024339972
2006-09-12,0.0017066534343517193
2006-09-13,0.0009188618349885973
2006-09-14,-0.0014438938601056396
2006-09-15,-0.0006557286358647065
2006-09-18,-0.00039224806317899154
2006-09-19,0.0056554577611112
2006-09-20,0.0009192648066829598
2006-09-21,0.006469429652228245
2006-09-22,0.004099235287181834
2006-09-25,0.0035614313668125503
2006-09-26,-0.0022594510310673895
2006-09-27,-0.0006687208195174939
2006-09-28,-0.0022538179692681835
2006-09-29,-0.0006661140788213066
2006-10-02,0.0019683717462893467
2006-10-03,0.00012648870636550308
2006-10-04,0.004104096104622325
2006-10-05,-0.003050911888076767
2006-10-06,-0.006989244130328152
2006-10-10,-0.003428974063768384
2006-10-11,-0.0022328050447745903
2006-10-12,-0.0006563757899325054
2006-10-13,-0.0014418533291552323
2006-10-16,0.0019695612134913664
2006-10-17,0.0009187617365496608
2006-10-18,0.0009188618349885973
2006-10-19,-0.0014438938601056396
2006-10-20,0.00013114305270362764
2006-10-23,-0.002749575624495876
2006-10-24,0.0001322381930184805
2006-10-25,0.0040703162137290545
2006-10-26,0.0040783072025044826
2006-10-27,0.0040863304949194075
2006-10-30,0.00038439425051334697
2006-10-31,0.005686156896300256
2006-11-01,0.0033083055358479672
2006-11-02,-0.002258041590807934
2006-11-03,-0.009352225703705652
2006-11-06,0.0011779209565720363
2006-11-07,0.004089548886732166
2006-11-08,0.001713336207437036
2006-11-09,0.0017142991932434875
2006-11-10,0.0025107857449622106
2006-11-13,-0.0012110169211531191
2006-11-14,0.0033083055358479672
2006-11-15,-0.003050911888076767
2006-11-16,-0.003834381104165581
2006-11-17,0.004097617628244186
2006-11-20,0.0011730329346507497
2006-11-21,0.0017162314270803107
2006-11-22,0.0009209181791126365
2006-11-24,0.0018428058764417632
2006-11-27,0.0011703800445162873
2006-11-28,0.002517708994447754
2006-11-29,-0.0006739468529502817
2006-11-30,0.004921993857527699
2006-12-01,0.002524682770444225
2006-12-04,0.00036386036960985626
2006-12-05,-0.0014789004314048086
2006-12-06,-0.0022750067791670603
2006-12-07,-0.000675910948074204
2006-12-08,-0.005448353951147278
2006-12-11,0.003564225811997682
2006-12-12,0.0025194476885554247
2006-12-13,-0.00703328567056759
2006-12-14,-0.0014633819905982962
2006-12-15,0.00012594113620807666
2006-12-18,0.00037782340862423
2006-12-19,0.00012594113620807666
2006-12-20,0.00012594113620807666
2006-12-21,0.004107343194220808
2006-12-22,-0.006221394467002222
2006-12-26,0.0020950689426122615
2006-12-27,-0.003834381104165581
2006-12-28,-0.0030348762673573083
2006-12-29,-0.0006615622979769055
2007-01-02,0.0028899153869386897
2007-01-03,0.0009198770214242163
2007-01-04,0.004096001274283887
2007-01-05,-0.0022510061311589676
2007-01-08,-0.0004101921482498487
2007-01-09,0.00012758384668035591
2007-01-10,-0.002245391814782368
2007-01-11,-0.0038171580815421677
2007-01-12,-0.0022342004778583497
2007-01-16,0.0020998633718686257
2007-01-17,-0.0030189245852948812
2007-01-18,0.003286099759754392
2007-01-19,-0.0022328050447745903
2007-01-22,0.0019693404474081535
2007-01-23,-0.0038021557373066023
2007-01-24,0.00013169062286105406
2007-01-25,-0.004573874192108467
2007-01-26,-0.00065056063568916
2007-01-29,-0.0011654820711834543
2007-01-30,0.0017019418620852955
2007-01-31,0.004062357395954465
2007-02-01,-0.0006531425869504996
2007-02-02,0.0009182651006750187
2007-02-05,0.001969710963166613
2007-02-06,0.003283653182636708
2007-02-07,0.0024979396822089666
2007-02-08,0.0009192648066829598
2007-02-09,-0.004593942910329856
2007-02-12,-0.00039344253045745116
2007-02-13,-0.0014408338340973102
2007-02-14,0.006444825739699154
2007-02-15,0.0032922342777517194
2007-02-16,0.0009196719132783925
2007-02-20,0.0013049899433523516
2007-02-21,-0.0006628615093031769
2007-02-22,-0.0030295497441801193
2007-02-23,0.0040863304949194075
2007-02-26,0.004350649057901469
2007-02-27,0.010502888272793415
2007-02-28,-0.004652192806149643
2007-03-01,0.0001248459958932238
2007-03-02,0.0033145338202112346
2007-03-05,0.0011690571403946495
2007-03-06,-0.0014706092129670124
2007-03-07,0.0025185779464390575
2007-03-08,-0.0006746012880939254
2007-03-09,-0.00623459054096869
2007-03-12,0.0027647107658436377
2007-03-13,0.004913931355957624
2007-03-14,-0.002267924165219917
2007-03-15,-0.0006726387712714056
2007-03-16,-0.0006719851243026438
2007-03-19,-0.002011716833980581
2007-03-20,0.00171720068199976
2007-03-21,0.0025159734582348584
2007-03-22,-0.005436648497854224
2007-03-23,-0.0014613217782203608
2007-03-26,0.0019682416780418192
2007-03-27,-0.0014613217782203608
2007-03-28,0.00012648870636550308
2007-03-29,-0.0014592636521032329
2007-03-30,-0.0006654630450677881
2007-04-02,0.0003819301848049282
2007-04-03,-0.001456180367154172
2007-04-04,0.0009199799649565751
2007-04-05,-0.0014551536449176855
2007-04-06,-0.006178736995812926
2007-04-09,0.0011797061997585018
2007-04-10,0.0017090284968329862
2007-04-11,-0.0006596154218822408
2007-04-12,0.00012977412731006162
2007-04-13,-0.0014469585149605657
2007-04-16,0.001969195847248291
2007-04-17,0.004084723245757976
2007-04-18,0.002504769087969943
2007-04-19,-0.0014551536449176855
2007-04-20,0.00012813141683778233
2007-04-23,0.001968638138131799
2007-04-24,0.002507342963749769
2007-04-25,-0.002249601383048167
2007-04-26,-0.002245391814782368
2007-04-27,-0.0014520765904615183
2007-04-30,0.006732825580283009
2007-05-01,-0.0006661140788213066
2007-05-02,-0.0006654630450677881
2007-05-03,-0.0022467942255014702
2007-05-04,0.002505626265933837
2007-05-07,0.0011748067552135543
2007-05-08,0.0009202903559599664
2007-05-09,-0.0030402121170093944
2007-05-10,0.0017128554958077936
2007-05-11,-0.001456180367154172
2007-05-14,-0.0011984121781567774
2007-05-15,-0.0014520765904615183
2007-05-16,0.000128952772073922
2007-05-17,-0.00381286525798418
2007-05-18,-0.0038021557373066023
2007-05-21,0.0019695612134913664
2007-05-22,-0.0030118617299031317
2007-05-23,-0.0022216693227154667
2007-05-24,0.00013305954825462013
2007-05-25,0.00013305954825462013
2007-05-29,-0.0010355489782594724
2007-05-30,0.00013360711841204652
2007-05-31,-0.0014326963080075474
2007-06-01,-0.0037723393874201645
2007-06-04,0.0019706524748458938
2007-06-05,-0.0037659826263837623
2007-06-06,0.0009169085261802791
2007-06-07,-0.010719515424163826
2007-06-08,-0.0006351542290096151
2007-06-11,-0.0011281226762398643
2007-06-12,-0.009098713775620843
2007-06-13,0.00477685729050938
2007-06-14,-0.0021708001441488526
2007-06-15,0.0055583471708557245
2007-06-18,0.0011977834555684016
2007-06-19,0.0047979025047937135
2007-06-20,-0.0037322716294631735
2007-06-21,-0.0014064735261498562
2007-06-22,0.0016899296599442797
2007-06-25,0.004302936117688275
2007-06-26,-0.0006364325506709231
2007-06-27,0.0009157852977062319
2007-06-28,-0.002185815598897431
2007-06-29,0.007145279885520621
2007-07-02,0.0027515126199773705
2007-07-03,-0.0037511944406267276
2007-07-05,-0.008232910356547513
2007-07-06,-0.0021762498492204404
2007-07-09,0.0027470800886443807
2007-07-10,0.01025961074620217
2007-07-11,-0.004519189116877942
2007-07-12,-0.002959409491387885
2007-07-13,0.0016912983046274478
2007-07-16,0.0050854087355196535
2007-07-17,-0.002191298246669933
2007-07-18,0.004811389649345799
2007-07-19,-0.0014185340006876448
2007-07-20,0.00638538474967604
2007-07-23,-0.00037317135971703117
2007-07-24,0.002481082360741869
2007-07-25,0.001700071551418285
2007-07-26,0.01036860919581316
2007-07-27,-0.0006557286358647065
2007-07-30,-0.0011780001585326287
2007-07-31,0.0032824314399837675
2007-08-01,0.0017076019121583246
2007-08-02,-0.000657670869754799
2007-08-03,0.004872016104694044
2007-08-06,-0.00040300753655783943
2007-08-07,-0.0038107207801716756
2007-08-08,-0.005367026783469739
2007-08-09,0.004068721880727742
2007-08-10,-0.0014418533291552323
2007-08-13,0.0027579248371801374
2007-08-14,0.0040783072025044826
2007-08-15,0.0032934642867657074
2007-08-16,0.007277805171027875
2007-08-17,-0.006204946262842893
2007-08-20,0.0035558927395326987
2007-08-21,0.0033045811413497626
2007-08-22,-0.0022538179692681835
2007-08-23,0.0009203943404778926
2007-08-24,-0.0006667653729284641
2007-08-27,0.0027634488577379184
2007-08-28,0.005705201926202535
2007-08-29,-0.003058065937060261
2007-08-30,0.004911919684412458
2007-08-31,-0.0022665100095504796
2007-09-04,-0.0010946134107009391
2007-09-05,0.0065163646407622134
2007-09-06,-0.00227075484172589
2007-09-07,0.010559290347776333
2007-09-10,0.0035770098690888355
2007-09-11,-0.0022906582910293643
2007-09-12,-0.0030868502771484447
2007-09-13,-0.006267727364290098
2007-09-14,0.0017215883246303354
2007-09-17,-0.0004318023129760185
2007-09-18,-0.0014737144670706553
2007-09-19,-0.002267924165219917
2007-09-20,-0.012531328550267245
2007-09-21,0.004092772476996544
2007-09-24,0.0011743629090058254
2007-09-25,0.00012676249144421629
2007-09-26,0.00012676249144421629
2007-09-27,0.004102474524293472
2007-09-28,-0.000669373157186309
2007-10-01,0.0027647107658436377
2007-10-02,0.0017181720335230457
2007-10-03,-0.0006719851243026438
2007-10-04,0.0009212356228872661
2007-10-05,-0.008593021370885986
2007-10-09,-0.0010742501823492437
2007-10-10,0.0017128554958077936
2007-10-11,-0.0006648122714531341
2007-10-12,-0.0030348762673573083
2007-10-15,0.00117702988726881
2007-10-16,0.002504769087969943
2007-10-17,0.007287211564708609
2007-10-18,0.004112223667183458
2007-10-19,0.008941458219137397
2007-10-22,-0.0004390246332049982
2007-10-23,0.0009226385887287535
2007-10-24,0.004138453407178206
2007-10-25,-0.0006837911108566908
2007-10-26,-0.0030868502771484447
2007-10-29,0.0019670027889733665
2007-10-30,-0.0006818174910248935
2007-10-31,-0.0062710526158028645
2007-11-01,0.009764980933935791
2007-11-02,0.004146719929186579
2007-11-05,-0.0028617115241321867
2007-11-06,-0.002289231446224258
2007-11-07,0.0033371741401360634
2007-11-08,0.004958590249782525
2007-11-09,0.0041600159820668415
2007-11-13,-0.001958973175433081
2007-11-14,-0.0014966319478577393
2007-11-15,0.00903695402903804
2007-11-16,0.0017375374466449432
2007-11-19,0.006859328482506796
2007-11-20,0.0009266400527577416
2007-11-21,0.005016557197919955
2007-11-23,-0.0005981491146331113
2007-11-26,0.015166280855471838
2007-11-27,-0.009729471193682676
2007-11-28,-0.006422899947294359
2007-11-29,0.007489727319899826
2007-11-30,-0.002348394074987571
2007-12-03,0.006901429112504096
2007-12-04,0.00010650239561943874
2007-12-05,-0.0023557030304927323
2007-12-06,-0.008060370835473252
2007-12-07,-0.008018376656040745
2007-12-10,-0.002096653204791334
2007-12-11,0.014025092028685104
2007-12-12,-0.005600204994537907
2007-12-13,-0.010425514157357025
2007-12-14,-0.004734623375540157
2007-12-17,0.003587191886761201
2007-12-18,0.004987414182011876
2007-12-19,0.006634954706165026
2007-12-20,0.0017431474533484606
2007-12-21,-0.011236228341363445
2007-12-24,-0.0036995093868436744
2007-12-26,-0.005409348115572542
2007-12-27,0.0074017577981462315
2007-12-28,0.008247616643727754
2007-12-31,0.0060495015787750605
2008-01-02,0.01089564856812279
2008-01-03,0.00010704996577686516
2008-01-04,0.0025740223456991343
2008-01-07,0.0019649277760310857
2008-01-08,0.0001056810403832991
2008-01-09,0.0034045408278289566
2008-01-10,-0.007285511760861037
2008-01-11,0.007529403449381209
2008-01-14,0.0011388743387750436
2008-01-15,0.007562742572008616
2008-01-16,-0.0015539945231004817
2008-01-17,0.006751479461732967
2008-01-18,0.00010020533880903491
2008-01-22,0.012116019278746979
2008-01-23,0.0009336079097430234
2008-01-24,-0.014018933610876118
2008-01-25,0.005932878981810591
2008-01-28,0.00029650924024640657
2008-01-29,-0.006540562194722504
2008-01-30,-0.007335726355159317
2008-01-31,0.00924145142418545
2008-02-01,0.004264274260788913
2008-02-04,-0.0046846616349016015
2008-02-05,0.005932878981810591
2008-02-06,9.883641341546885e-05
2008-02-07,-0.010663837264940936
2008-02-08,0.008421784503564941
2008-02-11,0.001964497291632187
2008-02-12,-0.0032254586489760266
2008-02-13,-0.003217909277389819
2008-02-14,-0.012251026905955484
2008-02-15,0.007549376698520673
2008-02-19,-0.010272980984325022
2008-02-20,-0.0031748480809510554
2008-02-21,0.013334517531624512
2008-02-22,-0.0015486155641608974
2008-02-25,-0.009542064454884168
2008-02-26,0.0025740223456991343
2008-02-27,0.0025767849272194067
2008-02-28,0.011712819573004471
2008-02-29,0.01515630737011757
2008-03-03,-0.0005460737973750722
2008-03-04,-0.007394194911976318
2008-03-05,-0.005707283938053766
2008-03-06,0.006763328746121964
2008-03-07,0.005110268673805378
2008-03-10,0.008685063413016373
2008-03-11,-0.011574904178134771
2008-03-12,0.009316953029777524
2008-03-13,-0.00575078729793591
2008-03-14,0.010178423605478635
2008-03-17,0.008724571099579253
2008-03-18,-0.011646622489091724
2008-03-19,0.008520801265603367
2008-03-20,0.003469397732923403
2008-03-24,-0.018007048757595935
2008-03-25,0.004283628193001456
2008-03-26,9.609856262833676e-05
2008-03-27,-0.004079874528531679
2008-03-28,0.007647201225058997
2008-03-31,0.0019643894464877907
2008-04-01,-0.009922795176132882
2008-04-02,-0.002402974787179768
2008-04-03,-0.0007346050170489177
2008-04-04,0.009312731861333889
2008-04-07,-0.005556017459355446
2008-04-08,-0.000736643759354646
2008-04-09,0.007640385597410389
2008-04-10,-0.004918048851334195
2008-04-11,0.005125479146763386
2008-04-14,-0.0030590172354468615
2008-04-15,-0.005738318105334817
2008-04-16,-0.009845902814093772
2008-04-17,-0.002380709012791845
2008-04-18,-0.0015507654685536798
2008-04-21,0.001964690372106162
2008-04-22,0.0009305911121359415
2008-04-23,-0.0023777545873451306
2008-04-24,-0.008123876627045765
2008-04-25,-0.0031785691798429266
2008-04-28,0.0044367402238376635
2008-04-29,0.0009292009223452734
2008-04-30,0.006719079920331254
2008-05-01,-0.0007231001583987338
2008-05-02,-0.008937528580234297
2008-05-05,0.0011418324204748502
2008-05-06,-0.003995453249718726
2008-05-07,0.005043907533284845
2008-05-08,0.006713218264451132
2008-05-09,0.0017571994203836258
2008-05-12,-0.0005166662090489734
2008-05-13,-0.0097546324215004
2008-05-14,-0.001534695487900373
2008-05-15,0.0075260833631624275
2008-05-16,-0.0015421792435909645
2008-05-19,0.0019648563387556594
2008-05-20,0.004236428625958862
2008-05-21,-0.002371855803163172
2008-05-22,-0.008923603131747256
2008-05-23,0.005871916415488677
2008-05-27,-0.0061410186473843135
2008-05-28,-0.008056159123561142
2008-05-29,-0.0039617700970114664
2008-05-30,0.0017421225452116118
2008-06-02,0.00688028971501568
2008-06-03,0.005033355042615799
2008-06-04,-0.004802813630360846
2008-06-05,-0.006412640604220959
2008-06-06,0.009950242619251506
2008-06-09,-0.0062105814647867375
2008-06-10,-0.007209078300079952
2008-06-11,0.0009261659892185594
2008-06-12,-0.010398867304157709
2008-06-13,-0.00311225933920068
2008-06-16,0.0019663068459431486
2008-06-17,0.0017334986841053565
2008-06-18,0.005794828508248769
2008-06-19,-0.00473982972981667
2008-06-20,0.004983277027898379
2008-06-23,-0.002088689523199323
2008-06-24,0.007437381332814979
2008-06-25,-0.0015134620094863435
2008-06-26,0.004186867202730499
2008-06-27,0.006655090861153579
2008-06-30,0.00032772073921971256
2008-07-01,-0.001525113284934361
2008-07-02,0.001745719307168143
2008-07-03,0.00010924024640657085
2008-07-07,0.003715142389963571
2008-07-08,0.0033926691505652916
2008-07-09,0.005048140173567249
2008-07-10,0.0017540418281464878
2008-07-11,-0.010543809308445243
2008-07-14,0.005254408837833192
2008-07-15,0.0025749423735613474
2008-07-16,-0.008081470545063151
2008-07-17,-0.008039339633562898
2008-07-18,-0.00314155610144031
2008-07-21,0.0019656406135810005
2008-07-22,-0.003948382944250416
2008-07-23,-0.0015092415204155424
2008-07-24,0.010726658582483546
2008-07-25,-0.008014192222625584
2008-07-28,0.006045640686248584
2008-07-29,-0.0023309366240102476
2008-07-30,0.0017416109107700444
2008-07-31,0.006655090861153579
2008-08-01,0.0017467518916327006
2008-08-04,-0.000492283029477986
2008-08-05,-0.004786979306708936
2008-08-06,-0.0015198090588822667
2008-08-07,0.011601089974221806
2008-08-08,-0.001532562252689568
2008-08-11,-0.003766200289918056
2008-08-12,0.006678235510621427
2008-08-13,-0.0023527769661995015
2008-08-14,0.004217492609189594
2008-08-15,0.0042260790215975785
2008-08-18,0.001964833639294561
2008-08-19,-0.0007197318032524669
2008-08-20,0.0034085180813432
2008-08-21,-0.004015811984894457
2008-08-22,-0.002363032710197934
2008-08-25,0.006925127915375156
2008-08-26,0.00010376454483230665
2008-08-27,0.0017571994203836258
2008-08-28,-0.0015486155641608974
2008-08-29,-0.0031934978971378545
2008-09-02,0.007870633642129369
2008-09-03,0.0025897764993552588
2008-09-04,0.005925196608500079
2008-09-05,-0.00156263005215539
2008-09-08,0.00030061601642710476
2008-09-09,0.0034312465285716402
2008-09-10,-0.002395531697313737
2008-09-11,0.0009318843640159725
2008-09-12,-0.008179419686679809
2008-09-15,0.022953919010337973
2008-09-16,-0.0007434580788605826
2008-09-17,0.0059845534495009955
2008-09-18,-0.010774484132087389
2008-09-19,-0.019732736446921844
2008-09-22,-0.003811099485747419
2008-09-23,-0.0015421792435909645
2008-09-24,0.004232973179177808
2008-09-25,-0.006474493358307748
2008-09-26,0.0025767849272194067
2008-09-29,0.020310314750265738
2008-09-30,-0.019663697272702497
2008-10-01,0.006719079920331254
2008-10-02,0.009245619441040069
2008-10-03,0.0025972743648594106
2008-10-06,0.012874596955650063
2008-10-07,-0.001580009777234073
2008-10-08,-0.01813462903125584
2008-10-09,-0.00978493552502922
2008-10-10,-0.004004487722146086
2008-10-14,-0.015047111156220915
2008-10-15,0.003375679185714591
2008-10-16,0.004200423519675555
2008-10-17,0.0009276013047840002
2008-10-20,0.006074784668996655
2008-10-21,0.012513366344846665
2008-10-22,0.00924979056368193
2008-10-23,0.001764645650099221
2008-10-24,-0.010652853193651645
2008-10-27,-0.002168917140135025
2008-10-28,-0.008115373287262244
2008-10-29,-0.0031748480809510554
2008-10-30,-0.0056153568760741535
2008-10-31,-0.0007076631461183955
2008-11-03,0.0044251054048661705
2008-11-04,0.012484703875265886
2008-11-05,0.006730830105848672
2008-11-06,-0.0015529176112367446
2008-11-07,-0.006491801750439945
2008-11-10,0.001139296087150543
2008-11-12,0.006001765910350884
2008-11-13,-0.007312497831560735
2008-11-14,0.010049602141940615
2008-11-17,0.003626883664603641
2008-11-18,0.012646572863631772
2008-11-19,0.012734664108804195
2008-11-20,0.024007381294372177
2008-11-21,-0.008415269220131484
2008-11-24,-0.012393732398253613
2008-11-25,0.020580798339188893
2008-11-26,0.010391153312832382
2008-11-28,0.005332097511576812
2008-12-01,0.018517595937767396
2008-12-02,0.003562962533055883
2008-12-03,0.0009459328849049311
2008-12-04,0.01060617012226839
2008-12-05,-0.010400621653111987
2008-12-08,-0.008462974896946193
2008-12-09,0.008801272332470913
2008-12-10,-0.0016702842731194983
2008-12-11,0.004442925557744436
2008-12-12,0.0035746607712461398
2008-12-15,0.006364064476297045
2008-12-16,0.014239680641167722
2008-12-17,0.015249487197156072
2008-12-18,0.010843805410278212
2008-12-19,-0.004425032014182966
2008-12-22,-0.0025102006195502845
2008-12-23,-0.0017291685141547337
2008-12-24,-0.0017268284647236462
2008-12-26,0.0037006600312877126
2008-12-29,0.002866608062542602
2008-12-30,0.0018529161592656627
2008-12-31,-0.01241610584688691
2009-01-02,-0.0183914894643397
2009-01-05,-0.0024391553318162985
2009-01-06,-0.0016908814990229048
2009-01-07,-0.0008103695225388667
2009-01-08,0.004475385658810812
2009-01-09,0.00359978244328354
2009-01-12,0.00818264936824042
2009-01-13,0.0009515284477284865
2009-01-14,0.008086895701261664
2009-01-15,0.0009532431749895876
2009-01-16,-0.011458330321520502
2009-01-20,-0.0032789963709530137
2009-01-21,-0.013971112817194218
2009-01-22,-0.005178245388959806
2009-01-23,-0.0025485404848548513
2009-01-26,-0.004138625323903307
2009-01-27,0.009710083419932536
2009-01-28,-0.010378768200414853
2009-01-29,-0.013748504407356692
2009-01-30,7.857631759069131e-05
2009-02-02,0.00979093238774462
2009-02-03,-0.011144457919348705
2009-02-04,-0.005084151088665556
2009-02-05,8.0766598220397e-05
2009-02-06,-0.00848228498786366
2009-02-09,-0.0014604403480903943
2009-02-10,0.014748846473327486
2009-02-11,0.010492893791853983
2009-02-12,0.0026834191263018664
2009-02-13,-0.01200775280757396
2009-02-17,0.022160609271086935
2009-02-18,-0.008622912053313227
2009-02-19,-0.009437716368583945
2009-02-20,0.006152668377281057
2009-02-23,0.00022833675564681724
2009-02-24,-0.001657794952561708
2009-02-25,-0.012831098948257772
2009-02-26,-0.002497065649214736
2009-02-27,-0.00334874773011908
2009-03-02,0.009732623249962373
2009-03-03,-0.0016431294527543862
2009-03-04,-0.006783776117547878
2009-03-05,0.01566356294523464
2009-03-06,7.748117727583847e-05
2009-03-09,-0.0049461495862233714
2009-03-10,-0.008509277994143714
2009-03-11,0.0035240571340104296
2009-03-12,0.005259359934373357
2009-03-13,7.912388774811773e-05
2009-03-16,-0.006640172407121482
2009-03-17,-0.004206598709073044
2009-03-18,0.0449185518385774
2009-03-19,-0.00868275239119401
2009-03-20,-0.003422234014333233
2009-03-23,-0.0023987138006245625
2009-03-24,7.337440109514032e-05
2009-03-25,-0.0111911181693937
2009-03-26,0.004420280443297695
2009-03-27,-0.00166006025714995
2009-03-30,0.004578145591515221
2009-03-31,0.0018163995112495126
2009-04-01,0.0026905687084354227
2009-04-02,-0.0077407008833387265
2009-04-03,-0.011995274873437971
2009-04-06,-0.0032031809789183317
2009-04-07,0.0018035675115628308
2009-04-08,0.0061308616074294
2009-04-09,-0.008522814772812136
2009-04-13,0.0072323315450917415
2009-04-14,0.007014406458252862
2009-04-15,-0.0016555320751111865
2009-04-16,-0.003380322439421784
2009-04-17,-0.010232782679310395
2009-04-20,0.008879922539045444
2009-04-21,-0.005086973394604668
2009-04-22,-0.003356612653853093
2009-04-23,0.0018018403212217706
2009-04-24,-0.0059190559639657695
2009-04-27,0.007133204203133411
2009-04-28,-0.00848228498786366
2009-04-29,-0.005890076620229198
2009-04-30,-0.003321370194780784
2009-05-01,-0.00416152535223198
2009-05-04,0.0019645465657668133
2009-05-05,-0.0007626914244989456
2009-05-06,0.001789338031913903
2009-05-07,-0.00922188846417031
2009-05-08,9.007529089664613e-05
2009-05-11,0.01048535648161242
2009-05-12,8.678986995208761e-05
2009-05-13,0.005209532176721706
2009-05-14,0.000939362693764279
2009-05-15,-0.0033252670778431666
2009-05-18,-0.006535580783309883
2009-05-19,-0.002455677335187141
2009-05-20,0.005191626667580905
2009-05-21,-0.01341292691179133
2009-05-22,-0.008305039165948786
2009-05-26,-0.0038103789837982856
2009-05-27,-0.01731455061051428
2009-05-28,0.0034245279021211153
2009-05-29,0.016876761626654725
2009-06-01,-0.019612097458916344
2009-06-02,0.0050908352799032865
2009-06-03,0.007616611975012901
2009-06-04,-0.013161565065889426
2009-06-05,-0.00978493552502922
2009-06-08,-0.005432484506974896
2009-06-09,0.004222640292283933
2009-06-10,-0.009714414168391451
2009-06-11,0.008332082326391661
2009-06-12,0.005881998416734443
2009-06-15,0.004448513893751732
2009-06-16,0.007579506820701432
2009-06-17,-0.0007298578643892768
2009-06-18,-0.01471461667656394
2009-06-19,0.005887051122709052
2009-06-22,0.0061123263580777284
2009-06-23,0.005922639779107314
2009-06-24,-0.005701100795938407
2009-06-25,0.014306441670973545
2009-06-26,0.0026076727443104554
2009-06-29,0.0011263526051571234
2009-06-30,-0.0015767399778485866
2009-07-01,-0.0015745629666786246
2009-07-02,0.0034461273938963845
2009-07-06,-0.00045243323706063184
2009-07-07,0.00429070878886316
2009-07-08,0.01191943064072106
2009-07-09,-0.009149739700950756
2009-07-10,0.0102344573336847
2009-07-13,-0.004782679403690238
2009-07-14,-0.009958940542767598
2009-07-15,-0.010724511002635214
2009-07-16,0.0034352912951713267
2009-07-17,-0.006547563903716162
2009-07-20,0.005300413575047921
2009-07-21,0.009312731861333889
2009-07-22,-0.006579183529286657
2009-07-23,-0.011503757910509296
2009-07-24,0.001760908745661793
2009-07-27,-0.0038336824178782252
2009-07-28,0.0025888430695388733
2009-07-29,0.0025916458903515673
2009-07-30,0.0017625068897273004
2009-07-31,0.012652415512172431
2009-08-03,-0.011346515200130348
2009-08-04,-0.003217909277389819
2009-08-05,-0.008153725837819143
2009-08-06,0.0009299550190085676
2009-08-07,-0.008115373287262244
2009-08-10,0.007749055937830847
2009-08-11,0.007566090356351138
2009-08-12,-0.0007271514124341491
2009-08-13,0.010943266542230969
2009-08-14,0.0034407002260317798
2009-08-17,0.006160763655930896
2009-08-18,-0.002416426041170148
2009-08-19,0.005134208616162538
2009-08-20,0.0026172157771881576
2009-08-21,-0.011598746438970894
2009-08-24,0.007000022570748953
2009-08-25,0.0026143438262164922
2009-08-26,0.0009345559530352289
2009-08-27,-0.002422426645966938
2009-08-28,0.0009342836492206581
2009-08-31,0.005334618528440951
2009-09-01,0.001778219325555387
2009-09-02,0.0077090086477547455
2009-09-03,-0.003288436065835759
2009-09-04,-0.0099848616108828
2009-09-08,-0.0012999171707394094
2009-09-09,-0.0007434580788605826
2009-09-10,0.0102157239042616
2009-09-11,0.0017804244454366817
2009-09-14,-0.00645296343212312
2009-09-15,-0.0041007018446094145
2009-09-16,-0.0007434580788605826
2009-09-17,0.005140773815302853
2009-09-18,-0.005772685178955437
2009-09-21,0.000286652977412731
2009-09-22,0.0026133882342131306
2009-09-23,0.001774928977375096
2009-09-24,0.0034611466378255047
2009-09-25,0.005158357165379788
2009-09-28,0.0028107013863835893
2009-09-29,9.062286105407254e-05
2009-09-30,9.062286105407254e-05
2009-10-01,0.008586596718840675
2009-10-02,-0.0024571987515157466
2009-10-05,0.0002661190965092403
2009-10-06,-0.0024526371313644537
2009-10-07,0.0051871679381745766
2009-10-08,-0.004994778264498649
2009-10-09,-0.010852817813198906
2009-10-13,0.005437617945667262
2009-10-14,-0.009144955187935925
2009-10-15,-0.0032577458100450283
2009-10-16,0.005138583689181717
2009-10-19,0.001964388120773889
2009-10-20,0.0051561531721828376
2009-10-21,-0.00579468128764244
2009-10-22,-0.0015865648406628177
2009-10-23,-0.005766418643336787
2009-10-26,-0.006383464041919309
2009-10-27,0.008478673561800518
2009-10-28,0.004296034291611493
2009-10-29,-0.00743349194772636
2009-10-30,0.010192385257595494
2009-11-02,-0.003078669304410807
2009-11-03,-0.004093746540266458
2009-11-04,-0.005747667014454693
2009-11-05,9.7741273100616e-05
2009-11-06,0.0026057744446370897
2009-11-09,0.00196441387316553
2009-11-10,0.0017716593348765747
2009-11-12,0.004390082465296098
2009-11-13,0.00177547592804589
2009-11-16,0.008727882197743658
2009-11-17,9.117043121149899e-05
2009-11-18,-0.0024389994453618146
2009-11-19,0.0009357955830961107
2009-11-20,-0.0007516731176009443
2009-11-23,-0.0005670033716135744
2009-11-24,0.004317466036435276
2009-11-25,0.0034776905860815607
2009-11-27,0.0061268366658843165
2009-11-30,0.0002636550308008213
2009-12-01,-0.005838970491315226
2009-12-02,-0.0032903640335457994
2009-12-03,-0.005804138403389914
2009-12-04,-0.007453236661822051
2009-12-07,0.0036462234184450252
2009-12-08,0.0034611466378255047
2009-12-09,-0.0041053458836214874
2009-12-10,-0.0032577458100450283
2009-12-11,-0.004918048851334195
2009-12-14,-0.0005436169358294236
2009-12-15,-0.0032368166078878533
2009-12-16,-0.0007346050170489177
2009-12-17,0.009312731861333889
2009-12-18,-0.004082182964628595
2009-12-21,-0.011327103754308234
2009-12-22,-0.005688758098155317
2009-12-23,-0.0007237746671623218
2009-12-24,-0.004020351417578572
2009-12-28,-0.00205221270394235
2009-12-29,0.002579555012921155
2009-12-30,0.0017556181124567622
2009-12-31,-0.004013544355342766
2010-01-04,0.00042162902121834357
2010-01-05,0.006719079920331254
2010-01-06,-0.00648487172519325
2010-01-07,0.00010540725530458589
2010-01-08,0.0017540418281464878
2010-01-11,-0.0013324598732966455
2010-01-12,0.009212362051606771
2010-01-13,-0.00485067412099647
2010-01-14,0.0034125053903950333
2010-01-15,0.005080098359610448
2010-01-19,-0.0020797653638811872
2010-01-20,0.004253789911616095
2010-01-21,0.005097297767190012
2010-01-22,9.911019849418207e-05
2010-01-25,-0.0030272382519876623
2010-01-26,0.0009317537699781081
2010-01-27,-0.0007312127807578469
2010-01-28,-0.0015604677909858394
2010-01-29,0.004262523334926621
2010-02-01,-0.003853516028841972
2010-02-02,0.0009314934294442542
2010-02-03,-0.004869432610258072
2010-02-04,0.009262322592192807
2010-02-05,0.0026010436555339057
2010-02-08,-0.002203417315743283
2010-02-09,-0.004054575427168064
2010-02-10,-0.004043132353819843
2010-02-11,-0.0007264755024093905
2010-02-12,0.0034218483575061036
2010-02-16,0.0028975363979270065
2010-02-17,-0.006523097320024807
2010-02-18,-0.0040271710179052385
2010-02-19,0.0009300816780607845
2010-02-22,-0.001340559930654322
2010-02-23,0.009233124697509514
2010-02-24,-0.0007285040755727111
2010-02-25,0.0050929877449188265
2010-02-26,0.002599157308994066
2010-03-01,0.00029650924024640657
2010-03-02,-0.0007339260036644851
2010-03-03,-0.0007332472735786324
2010-03-04,0.0017657184251554524
2010-03-05,-0.006540562194722504
2010-03-08,-0.0021830935702717223
2010-03-09,0.0009309761319717469
2010-03-10,-0.0015550719959336846
2010-03-11,0.00010212183436002738
2010-03-12,0.0017603771572743101
2010-03-15,0.0003047227926078029
2010-03-16,0.004257279044443593
2010-03-17,0.0009317537699781081
2010-03-18,-0.0023910760223415073
2010-03-19,-0.0015583077849177312
2010-03-22,0.0027961196194289657
2010-03-23,-0.0015593875062985543
2010-03-24,-0.012257281874600312
2010-03-25,-0.005642751447426641
2010-03-26,0.004222640292283933
2010-03-29,-0.0013276065129753426
2010-03-30,0.00010622861054072553
2010-03-31,0.0034018948995328197
2010-04-01,-0.004004487722146086
2010-04-02,-0.005627512957588594
2010-04-05,-0.003760612711342261
2010-04-06,0.0025648676982030012
2010-04-07,0.00750621538822887
2010-04-08,-0.0015357629342449136
2010-04-09,0.000928580153756991
2010-04-12,0.0027884947349576515
2010-04-13,0.0025777074543986865
2010-04-14,-0.0031841591270054524
2010-04-15,0.0017524705549496345
2010-04-16,0.005887051122709052
2010-04-19,-0.002985968807473241
2010-04-20,0.0009295767168562241
2010-04-21,0.004238158445405631
2010-04-22,-0.0023733292426115532
2010-04-23,-0.0031916279196565357
2010-04-26,0.0011397181141526184
2010-04-27,0.01005415702861451
2010-04-28,-0.0073279734725902644
2010-04-29,0.0034125053903950333
2010-04-30,0.00591243222619013
2010-05-03,-0.0021830935702717223
2010-05-04,0.007592963909483183
2010-05-05,0.004271292140841787
2010-05-06,0.014399961132979902
2010-05-07,-0.0032653907280932163
2010-05-10,-0.009733883471820767
2010-05-11,0.0009329393179176206
2010-05-12,9.74674880219028e-05
2010-05-13,0.0009330724658985121
2010-05-14,0.009338106175486267
2010-05-17,-0.0022340625118122495
2010-05-18,0.007677999590867652
2010-05-19,0.001779320727481266
2010-05-20,0.009419212162643405
2010-05-21,0.004339106921134671
2010-05-24,-0.002283498594722428
2010-05-25,0.004342734215878197
2010-05-26,-0.0024617682669627423
2010-05-27,-0.010886613938349035
2010-05-28,0.002627812953803165
2010-06-01,0.0020550624815228774
2010-06-02,-0.0049727169605315955
2010-06-03,-0.0032768926048598254
2010-06-04,0.016242368730247786
2010-06-07,0.002816675473613512
2010-06-08,-0.0007640739735078767
2010-06-09,-0.0016129931928461723
2010-06-10,-0.010892259801110124
2010-06-11,0.007726327525130688
2010-06-14,-0.0031206748019018938
2010-06-15,-0.0032903640335457994
2010-06-16,0.004326457535054916
2010-06-17,0.0051871679381745766
2010-06-18,-0.0024571987515157466
2010-06-21,-0.0014289419501085224
2010-06-22,0.00689609095841972
2010-06-23,0.004351828189311945
2010-06-24,-0.0007668426001618726
2010-06-25,0.0017927193125451709
2010-06-28,0.006250452757522159
2010-06-29,0.00696104920353667
2010-06-30,8.13141683778234e-05
2010-07-01,0.0009414408007005244
2010-07-02,-0.0033526778052115017
2010-07-06,0.004631279623248406
2010-07-07,-0.004211374399119146
2010-07-08,-0.0033448224205882907
2010-07-09,-0.002483197649478219
2010-07-12,-0.0006029003529665203
2010-07-13,-0.005880454116952539
2010-07-14,0.006929986238182628
2010-07-15,0.006093024626622867
2010-07-16,0.0035226330934444703
2010-07-19,-0.0023334404175754716
2010-07-20,0.0009411403520806776
2010-07-21,0.006982935528427296
2010-07-22,-0.005081330580305686
2010-07-23,-0.0050644451951075845
2010-07-26,-0.0006091145105993726
2010-07-27,-0.0041923073406767595
2010-07-28,0.004370126960032217
2010-07-29,8.295687885010266e-05
2010-07-30,0.007831632115660564
2010-08-02,-0.0040527788548273685
2010-08-03,0.004386723041751563
2010-08-04,-0.003356612653853093
2010-08-05,0.0035254823729719952
2010-08-06,0.006995494905359807
2010-08-09,0.0002349075975359343
2010-08-10,0.0061499351042979935
2010-08-11,0.0061691127505262185
2010-08-12,-0.0016645981640550274
2010-08-13,0.005307738289230154
2010-08-16,0.008984659111237097
2010-08-17,-0.005172485971824011
2010-08-18,7.227926078028748e-05
2010-08-19,0.005331059737513769
2010-08-20,-0.003428265402251481
2010-08-23,0.0019663895198176206
2010-08-24,0.008870687488161019
2010-08-25,-0.0034444033895793683
2010-08-26,0.003589394702724024
2010-08-27,-0.01389878955630333
2010-08-30,0.010756793181590465
2010-08-31,0.006238463888044891
2010-09-01,-0.009573326666039671
2010-09-02,-0.004300811554263346
2010-09-03,-0.007761455489970844
2010-09-07,0.00992446446412943
2010-09-08,-0.004293482288104014
2010-09-09,-0.009477642147006915
2010-09-10,-0.0033902527341812595
2010-09-13,0.006317489974068956
2010-09-14,0.005307738289230154
2010-09-15,-0.005143799335831582
2010-09-16,-0.0025297076787066134
2010-09-17,0.0018140445698564096
2010-09-20,0.0028370595268353673
2010-09-21,0.009701055839899452
2010-09-22,0.004458145161178121
2010-09-23,7.00889801505818e-05
2010-09-24,-0.005178245388959806
2010-09-27,0.007240835252291496
2010-09-28,0.005354566615245326
2010-09-29,-0.003448450269223015
2010-09-30,-0.0008096581666339558
2010-10-01,-0.000808947121082882
2010-10-04,0.0037284775227103347
2010-10-05,6.844626967830253e-05
2010-10-06,0.008023644715991193
2010-10-07,6.598220396988365e-05
2010-10-08,6.598220396988365e-05
2010-10-12,-0.002383871468825609
2010-10-13,-0.001696638571661542
2010-10-14,-0.005207153607199588
2010-10-15,-0.006063185704174772
2010-10-18,0.006366306073153561
2010-10-19,0.0018289242101004303
2010-10-20,-0.0008110811890587274
2010-10-21,-0.005192676300015608
2010-10-22,-0.001681702486816509
2010-10-25,0.00021273100616016428
2010-10-26,-0.00690947988754484
2010-10-27,-0.006879650320116776
2010-10-28,0.005305416283143401
2010-10-29,0.00531937593203251
2010-11-01,-0.00240295508193493
2010-11-02,0.0026957031191686834
2010-11-03,-0.003418219235503366
2010-11-04,0.01237380840188313
2010-11-05,-0.004313057790344559
2010-11-08,-0.0015392847942581347
2010-11-09,-0.01037331401522864
2010-11-10,0.0061883951599166495
2010-11-12,-0.009410094849091366
2010-11-15,-0.013561907924836173
2010-11-16,0.0061335800393596115
2010-11-17,-0.00337437876032781
2010-11-18,-0.0007835539931704972
2010-11-19,0.001806458172964478
2010-11-22,0.007172106663591671
2010-11-23,0.0026813846260993713
2010-11-24,-0.013705958296168419
2010-11-26,0.00534415187689964
2010-11-29,0.00283144521321037
2010-11-30,0.0026773265692037955
2010-12-01,-0.01367769029914964
2010-12-02,-0.0033507121714712027
2010-12-03,-0.0016319173811705037
2010-12-06,0.007133204203133411
2010-12-07,-0.016960414939567504
2010-12-08,-0.009236404411486092
2010-12-09,0.002635586219151846
2010-12-10,-0.007516854434689479
2010-12-13,0.0028115443149682
2010-12-14,-0.01666982059488957
2010-12-15,-0.0032501192203886822
2010-12-16,0.005129840439185596
2010-12-17,0.01191943064072106
2010-12-20,-0.0022566585829388165
2010-12-21,0.0009357955830961107
2010-12-22,-0.0007516731176009443
2010-12-23,-0.004114651211414292
2010-12-27,0.004590381122612868
2010-12-28,-0.011634629468967254
2010-12-29,0.0127523990121959
2010-12-30,-0.0024359784207153195
2010-12-31,0.006859438647505486
2011-01-03,-0.004789268983871809
2011-01-04,9.19917864476386e-05
2011-01-05,-0.011634629468967254
2011-01-06,0.005136395289948097
2011-01-07,0.008536206965424564
2011-01-10,0.0019644189158707502
2011-01-11,-0.004123979602927279
2011-01-12,-0.0024329608643140197
2011-01-13,0.005158357165379788
2011-01-14,-0.0007523595801971206
2011-01-18,-0.0030017386007530496
2011-01-19,0.0017787697372561263
2011-01-20,-0.008296298838885278
2011-01-21,0.0026153002802340956
2011-01-24,0.0011230566703452057
2011-01-25,0.00684426596782525
2011-01-26,-0.008305039165948786
2011-01-27,0.0026172157771881576
2011-01-28,0.005153950917436297
2011-01-31,-0.004769521041015302
2011-02-01,-0.004937104311944233
2011-02-02,-0.003252024152854948
2011-02-03,-0.004909907899458259
2011-02-04,-0.008205214506495239
2011-02-07,0.00030225872689938397
2011-02-08,-0.005691840828378247
2011-02-09,0.008418014613191164
2011-02-10,-0.004047705360735066
2011-02-11,0.0050929877449188265
2011-02-14,0.001964497291632187
2011-02-15,0.0009322778440372484
2011-02-16,-0.0007339260036644851
2011-02-17,0.003436641821487555
2011-02-18,-0.0007359638946578335
2011-02-22,0.011303487077182746
2011-02-23,-0.0024194246252784574
2011-02-24,0.0026133882342131306
2011-02-25,0.003458405516287309
2011-02-28,0.0002809034907597536
2011-03-01,0.000934966566196822
2011-03-02,-0.004103023146373438
2011-03-03,-0.0099176452293976
2011-03-04,0.007640385597410389
2011-03-07,-0.0013878172875118266
2011-03-08,-0.004079874528531679
2011-03-09,0.006805087594705148
2011-03-10,0.009367853508806787
2011-03-11,-0.0024329608643140197
2011-03-14,0.0036528165919527825
2011-03-15,0.0026258783734692346
2011-03-16,0.00943212395537557
2011-03-17,-0.002455677335187141
2011-03-18,-0.0024511183424073455
2011-03-21,-0.004795865512054836
2011-03-22,9.144421629021218e-05
2011-03-23,-0.001595337152009226
2011-03-24,-0.0049535046139105796
2011-03-25,-0.003263477776950868
2011-03-28,-0.0005546818088264218
2011-03-29,-0.002417924904009684
2011-03-30,0.0026124335035055167
2011-03-31,9.500342231348392e-05
2011-04-01,0.0009342836492206581
2011-04-04,0.0011238789319279597
2011-04-05,-0.004093746540266458
2011-04-06,-0.004915333492902045
2011-04-07,-0.0015713017230522708
2011-04-08,-0.0007359638946578335
2011-04-11,0.0002948665297741273
2011-04-12,0.0059560334546748875
2011-04-13,0.0026105266231078203
2011-04-14,-0.0015789192724536471
2011-04-15,0.006820110111375083
2011-04-18,0.002806951294832504
2011-04-19,0.0009352417493989924
2011-04-20,-0.0032692200793834575
2011-04-21,0.0009348294071644036
2011-04-25,0.0029009989964813394
2011-04-26,0.0043138796119131274
2011-04-27,-0.004119312519394645
2011-04-28,0.0043138796119131274
2011-04-29,0.0017815304832903256
2011-05-02,0.0011181473449938415
2011-05-03,0.0026307213671859933
2011-05-04,0.0026336376495302927
2011-05-05,0.006044977878138958
2011-05-06,-0.0007633825521816186
2011-05-09,0.001964574986591256
2011-05-10,-0.005005850872229023
2011-05-11,0.0034902086212095927
2011-05-12,-0.002460244216669952
2011-05-13,0.0034916053737739953
2011-05-16,0.002817542986017327
2011-05-17,0.0026463662859722327
2011-05-18,-0.005019731151982452
2011-05-19,0.000938345428791204
2011-05-20,0.0017910260205876685
2011-05-23,0.0019646388914066454
2011-05-24,0.0009390705710267266
2011-05-25,-0.0007675354933932897
2011-05-26,0.005218527451830459
2011-05-27,8.40520191649555e-05
2011-05-31,0.00204884708339272
2011-06-01,0.007824536919936493
2011-06-02,-0.0067728181154308046
2011-06-03,0.0043774880623804096
2011-06-06,-0.0014704315408382376
2011-06-07,8.240930869267624e-05
2011-06-08,0.0026602415696446663
2011-06-09,-0.002492434940719514
2011-06-10,0.0018001185191730106
2011-06-13,-0.0006128465743906925
2011-06-14,-0.009309419098774153
2011-06-15,0.011255445163833045
2011-06-16,0.004388574530341423
2011-06-17,-0.0007807568202688142
2011-06-20,-0.0023376253845156826
2011-06-21,-0.001636395039435075
2011-06-22,-0.0016341550179087374
2011-06-23,0.006973541274317236
2011-06-24,0.004397854505995497
2011-06-27,-0.0057872567913604366
2011-06-28,-0.00848228498786366
2011-06-29,-0.007589224824415194
2011-06-30,-0.003317478021784725
2011-07-01,-0.003309707774531447
2011-07-05,0.005462804365189979
2011-07-06,0.0035000106101359856
2011-07-07,-0.004170970224420586
2011-07-08,0.012086679908441167
2011-07-11,0.007997545873360769
2011-07-12,0.001804144441417632
2011-07-13,7.994524298425736e-05
2011-07-14,-0.0050756949503034075
2011-07-15,0.0035254823729719952
2011-07-18,0.00024147843942505133
2011-07-19,0.0026672449792502504
2011-07-20,-0.004220943689960113
2011-07-21,-0.0059190559639657695
2011-07-22,0.003518368152089283
2011-07-25,-0.0031830610030865497
2011-07-26,0.003518368152089283
2011-07-27,-0.0016341550179087374
2011-07-28,0.0026602415696446663
2011-07-29,0.013938518047157393
2011-08-01,0.0045728180586774095
2011-08-02,0.009678546179718028
2011-08-03,0.001820544216872195
2011-08-04,0.015053318566815436
2011-08-05,-0.009573326666039671
2011-08-08,0.016129571858779248
2011-08-09,0.01792959515767721
2011-08-10,0.0027440352615886016
2011-08-11,-0.015019135962293238
2011-08-12,0.00897859549009344
2011-08-15,-0.004262197209832963
2011-08-16,0.005414155381042485
2011-08-17,0.005428633349857293
2011-08-18,0.008147181457468244
2011-08-19,0.0009560530573342793
2011-08-22,-0.002523229481966235
2011-08-23,-0.004419987271892006
2011-08-24,-0.012390060038675198
2011-08-25,0.005414155381042485
2011-08-26,0.0036358654976896857
2011-08-29,-0.007827174107784479
2011-08-30,0.008105655823313613
2011-08-31,-0.00350769276491783
2011-09-01,0.0072249759617578
2011-09-02,0.011776318168291848
2011-09-06,0.003833955054302004
2011-09-07,-0.006245808497627823
2011-09-08,0.004567493955792792
2011-09-09,0.006392958186454692
2011-09-12,-0.000746487200624248
2011-09-13,-0.005360516415041059
2011-09-14,-0.002647987792613085
2011-09-15,-0.005333602460989798
2011-09-16,0.0009558750315171297
2011-09-19,0.010110686738631063
2011-09-20,0.0018630401539559813
2011-09-21,0.006407595689309604
2011-09-22,0.014692789542518231
2011-09-23,-0.01086766891966458
2011-09-26,-0.006193467066126435
2011-09-27,-0.008068086986325948
2011-09-28,-0.002647987792613085
2011-09-29,0.003666496192316029
2011-09-30,0.006395881108766085
2011-10-03,0.011094549009731572
2011-10-04,-0.0008616855750824535
2011-10-05,-0.009915367614993204
2011-10-06,-0.008063726625268405
2011-10-07,-0.008024614405130833
2011-10-11,-0.006923167819987554
2011-10-12,-0.0052890931327271695
2011-10-13,0.004529834980461307
2011-10-14,-0.006174021011203912
2011-10-17,0.007338774306373817
2011-10-18,-0.0008340200986055135
2011-10-19,0.0009541124580940751
2011-10-20,-0.0017268284647236462
2011-10-21,-0.002615509407642332
2011-10-24,-0.0015988813553098643
2011-10-25,0.009916839570276103
2011-10-26,-0.00796853267170955
2011-10-27,-0.016724028946438
2011-10-28,0.007162330654392071
2011-10-31,0.015399657579001426
2011-11-01,0.01448793038501415
2011-11-02,-0.0017468006934950565
2011-11-03,-0.005333602460989798
2011-11-04,0.0027558908971792536
2011-11-07,0.001970124470602762
2011-11-08,-0.00533062170585164
2011-11-09,0.009080109989424824
2011-11-10,-0.003547085779138437
2011-11-14,0.00022340862422997947
2011-11-15,-0.001743262662572055
2011-11-16,0.004565497382104229
2011-11-17,0.004575496491318762
2011-11-18,-0.004455435666201569
2011-11-21,0.0037796493028955385
2011-11-22,0.00276895803747976
2011-11-23,0.004589563667508371
2011-11-25,-0.007125560146553155
2011-11-28,0.00016180698151950718
2011-11-29,-0.002652892895672551
2011-11-30,-0.007134392977273447
2011-12-01,-0.002634950188811697
2011-12-02,0.00545779694096031
2011-12-05,0.001068840953922093
2011-12-06,-0.003538753949875089
2011-12-07,0.005465131356398344
2011-12-08,0.0027634963523489363
2011-12-09,-0.007138281180484626
2011-12-12,0.003773675779439649
2011-12-13,0.006384203123332059
2011-12-14,0.0036773392685424946
2011-12-15,5.256673511293634e-05
2011-12-16,0.005504544805325828
2011-12-19,0.003794788614971633
2011-12-20,-0.010809994459314638
2011-12-21,-0.0035596223584977377
2011-12-22,0.0009578511051847267
2011-12-23,-0.0053515276310573375
2011-12-27,0.0011236831442475723
2011-12-28,0.008204373683640047
2011-12-29,0.0018655971382615499
2011-12-30,0.0018668795524938225
2012-01-03,-0.007022069386799563
2012-01-04,-0.002652892895672551
2012-01-05,-0.0017479813312911365
2012-01-06,0.0036680412966017986
2012-01-09,0.0001626283367556468
2012-01-10,-0.0017503445514013127
2012-01-11,0.006392958186454692
2012-01-12,-0.0008521682410075471
2012-01-13,0.004589563667508371
2012-01-17,0.0020234007269845492
2012-01-18,-0.004478391492664058
2012-01-19,-0.008063726625268405
2012-01-20,-0.0035450008838785333
2012-01-23,-0.0034244223365563226
2012-01-24,0.0009558750315171297
2012-01-25,0.006369656915062057
2012-01-26,0.004575496491318762
2012-01-27,0.0027700533069462273
2012-01-30,0.005607747797470929
2012-01-31,0.003691374522913126
2012-02-01,-0.0035827278436226747
2012-02-02,0.0009598665487438861
2012-02-03,-0.00988891813811087
2012-02-06,0.0037836576665492678
2012-02-07,-0.006263047138501581
2012-02-08,-0.0008470663951725296
2012-02-09,-0.002646354701678439
2012-02-10,0.007288546743840911
2012-02-13,-0.0025472061253294766
2012-02-14,0.006395881108766085
2012-02-15,-0.0008528983787035368
2012-02-16,-0.005363516568645556
2012-02-17,-0.0017491626170771293
2012-02-21,-0.0033799084814144674
2012-02-22,0.00366340988044369
2012-02-23,0.0018604935990706082
2012-02-24,0.0009576698407729944
2012-02-27,0.0055981249054153715
2012-02-28,-0.001757449807409848
2012-02-29,-0.0035596223584977377
2012-03-01,-0.004450352241349744
2012-03-02,0.003666496192316029
2012-03-05,-0.0007388277939582547
2012-03-06,0.0036711354073697584
2012-03-07,-0.0017527103678591522
2012-03-08,-0.004450352241349744
2012-03-09,-0.0008448847593524511
2012-03-12,0.0001675564681724846
2012-03-13,-0.008903486623825162
2012-03-14,-0.013279472939908337
2012-03-15,6.269678302532512e-05
2012-03-16,-0.001714003709661325
2012-03-19,-0.006888638317869489
2012-03-20,0.0009506829367398405
2012-03-21,0.006283562996021143
2012-03-22,0.00184172334052185
2012-03-23,0.0036267763283772455
2012-03-26,-0.0007057712856870275
2012-03-27,0.0054213857497124734
2012-03-28,-0.0008325769264819673
2012-03-29,0.0027429632512325
2012-03-30,-0.004399872285196602
2012-04-02,0.0010755245390434642
2012-04-03,-0.007049501099567802
2012-04-04,0.004518062877342305
2012-04-05,0.005423799699663849
2012-04-06,0.010848953123874575
2012-04-09,0.0010695784283674494
2012-04-10,0.004565497382104229
2012-04-11,-0.0035450008838785333
2012-04-12,-0.002639832033150872
2012-04-13,0.005465131356398344
2012-04-16,0.0019704677576145133
2012-04-17,-0.002647987792613085
2012-04-18,0.002762406941979851
2012-04-19,0.0018611292619629613
2012-04-20,-0.0008485224399434851
2012-04-23,0.002875736894795899
2012-04-24,-0.003555438308965861
2012-04-25,-0.0008470663951725296
2012-04-26,0.002764586737170121
2012-04-27,0.0018624025388550797
2012-04-30,0.0010655383612444371
2012-05-01,-0.0026561678311496162
2012-05-02,0.0018624025388550797
2012-05-03,5.3661875427789186e-05
2012-05-04,0.0045855363056838275
2012-05-07,-0.0007490429428026428
2012-05-08,0.00368356404148079
2012-05-09,0.0009596816900901036
2012-05-10,-0.0017633887897818311
2012-05-11,0.0045996607592457455
2012-05-14,0.005625193176658396
2012-05-15,0.0018752793217281932
2012-05-16,4.818617385352498e-05
2012-05-17,0.005544462696729296
2012-05-18,-0.0008690444972007819
2012-05-21,-0.003514480512109418
2012-05-22,-0.0035996315011224867
2012-05-23,0.005536939352220852
2012-05-24,-0.003603870607683495
2012-05-25,0.0018759300790349557
2012-05-29,0.0011058477148278795
2012-05-30,0.010159815242976815
2012-05-31,0.0037293256175530217
2012-06-01,0.011165019908516476
2012-06-04,-0.0054231645861031455
2012-06-05,-0.0036465543746055018
2012-06-06,-0.008218093436834991
2012-06-07,4.544832306639288e-05
2012-06-08,0.0009638248741264474
2012-06-11,0.004739051365173979
2012-06-12,-0.0063782578976319055
2012-06-13,0.00556714077051142
2012-06-14,-0.002712444032859873
2012-06-15,0.003727728973943746
2012-06-18,0.0010525940143693029
2012-06-19,-0.004550660459749867
2012-06-20,-0.0008734757979619732
2012-06-21,0.0018837910399269536
2012-06-22,-0.005454434869858925
2012-06-25,0.005654626510292012
2012-06-26,-0.002709101871548602
2012-06-27,0.0009638248741264474
2012-06-28,0.00464870228919862
2012-06-29,-0.0063782578976319055
2012-07-02,0.005658584986801632
2012-07-03,-0.0036294167526000898
2012-07-05,0.002849671128156783
2012-07-06,0.004654900064030181
2012-07-09,0.0038249022593142244
2012-07-10,4.188911704312115e-05
2012-07-11,-0.0008816311518707512
2012-07-12,0.0037437560302594907
2012-07-13,-0.001807850954897403
2012-07-16,0.0019756466124063667
2012-07-17,-0.00273089787375039
2012-07-18,0.0009663489832914925
2012-07-19,-0.0018054241921783218
2012-07-20,0.004671501617669626
2012-07-23,0.001976010472213189
2012-07-24,0.0028249377263800607
2012-07-25,0.0009681298700929854
2012-07-26,-0.001816365950021331
2012-07-27,-0.011941317771420297
2012-07-30,0.0047497034164230316
2012-07-31,0.001891748446874331
2012-08-01,-0.0045715482891466866
2012-08-02,0.004667341091542633
2012-08-03,-0.00824492306831904
2012-08-06,0.0010525940143693029
2012-08-07,-0.006381788490921198
2012-08-08,-0.0017885121855264984
2012-08-09,-0.0008705202639853094
2012-08-10,0.003719765876997028
2012-08-13,0.00013552361396303902
2012-08-14,-0.00727203015583437
2012-08-15,-0.006332572056648237
2012-08-16,-0.00268085465246338
2012-08-17,0.0018720354601634603
2012-08-20,-0.0007618413029316238
2012-08-21,0.001872682911015525
2012-08-22,0.008289453834236958
2012-08-23,0.002797755520283477
2012-08-24,4.59958932238193e-05
2012-08-27,0.002893113328482696
2012-08-28,0.0009640170225331458
2012-08-29,-0.0017909201470777663
2012-08-30,0.0028033705697738066
2012-08-31,0.005577272169793408
2012-09-04,-0.0016704163139730933
2012-09-05,-0.0008771777395761699
2012-09-06,-0.00729195600968094
2012-09-07,0.00096344157996359
2012-09-10,-0.0007798144307140357
2012-09-11,-0.0017861068916638278
2012-09-12,-0.0063430801275667975
2012-09-13,0.0018759300790349557
2012-09-14,-0.011752500071641378
2012-09-17,0.002881793980846555
2012-09-18,0.002782166095068144
2012-09-19,0.002785490296083595
2012-09-20,-0.0008624199785451764
2012-09-21,0.002787711384162375
2012-09-24,0.002887970382062667
2012-09-25,0.0037118362110384866
2012-09-26,0.005559563359999657
2012-09-27,-0.0017909201470777663
2012-09-28,0.0009638248741264474
2012-10-01,0.0010543660985085051
2012-10-02,4.4900752908966456e-05
2012-10-03,4.4900752908966456e-05
2012-10-04,-0.005451375525989821
2012-10-05,-0.004522114371373599
2012-10-09,0.0011058477148278795
2012-10-10,0.0018778863310509764
2012-10-11,0.0018791938214383398
2012-10-12,0.0009630596207788376
2012-10-15,-0.0007772428575399584
2012-10-16,-0.004522114371373599
2012-10-17,-0.007232377392592449
2012-10-18,-0.002675899598927225
2012-10-19,0.006434087940131118
2012-10-22,-0.003493154078321047
2012-10-23,0.0036976466070860092
2012-10-24,-0.0008624199785451764
2012-10-25,-0.005402696515732963
2012-10-26,0.007349638963735857
2012-10-29,0.003802983941478572
2012-10-31,0.001925524934747075
2012-11-01,-0.0026941116506148948
2012-11-02,4.791238877481177e-05
2012-11-05,0.0028891062702154
2012-11-06,-0.005426972537533273
2012-11-07,0.009218377172709251
2012-11-08,0.005564612956622074
2012-11-09,0.0009645954764611575
2012-11-13,0.002018670937139895
2012-11-14,4.3531827515400415e-05
2012-11-15,0.0009651769494262289
2012-11-16,4.3258042436687206e-05
2012-11-19,-0.0026309487204542984
2012-11-20,-0.0045454552604549175
2012-11-21,-0.002704096143059335
2012-11-23,-0.0008235125358424909
2012-11-26,0.0038112642006272036
2012-11-27,0.0018831322896956065
2012-11-28,0.0009642095055349891
2012-11-29,0.000964402323416163
2012-11-30,4.435318275154005e-05
2012-12-03,-0.0007862492041818654
2012-12-04,0.000964402323416163
2012-12-05,0.0018857713114438111
2012-12-06,0.0009649827891810755
2012-12-07,-0.004550660459749867
2012-12-10,0.001054011011352922
2012-12-11,-0.002709101871548602
2012-12-12,-0.005445262828603441
2012-12-13,-0.001781304288923147
2012-12-14,0.0018778863310509764
2012-12-17,-0.005332790470455928
2012-12-18,-0.005408753665073589
2012-12-19,0.0018713886689226912
2012-12-20,0.0009607957737629388
2012-12-21,0.0037007905734226386
2012-12-24,-0.0016783960430077503
2012-12-26,0.0019236367559235625
2012-12-27,0.002791050464198191
2012-12-28,0.0009622996982944584
2012-12-31,-0.004419634322080858
2013-01-02,-0.0071717992827351
2013-01-03,-0.00538457230506652
2013-01-04,-0.0008528983787035368
2013-01-07,0.001064443353664637
2013-01-08,0.002774444187223513
2013-01-09,0.0009594971595704752
2013-01-10,-0.00266766086992574
2013-01-11,0.0018668795524938225
2013-01-14,0.00015523613963039015
2013-01-15,0.0027777476632279427
2013-01-16,0.0018700970630410193
2013-01-17,-0.0044860727921921095
2013-01-18,0.0018681645873541589
2013-01-22,0.001113459977901997
2013-01-23,5.092402464065709e-05
2013-01-24,-0.0017645785495106728
2013-01-25,-0.008980232664225837
2013-01-28,-0.0016419256602308815
2013-01-29,-0.002647987792613085
2013-01-30,5.557837097878165e-05
2013-01-31,0.0009569480313112274
2013-02-01,-0.0017456207031411874
2013-02-04,0.0037766566994111616
2013-02-05,-0.003547085779138437
2013-02-06,0.003664952387296172
2013-02-07,0.0009574889014544723
2013-02-08,5.448323066392882e-05
2013-02-11,0.00016344969199178646
2013-02-12,-0.0026496218547092157
2013-02-13,-0.0026447225810843624
2013-02-14,0.004567493955792792
2013-02-15,-0.0008470663951725296
2013-02-19,-0.0015817082910309908
2013-02-20,0.0009569480313112274
2013-02-21,0.0027634963523489363
2013-02-22,0.0018617655750410218
2013-02-25,0.008331455574822049
2013-02-26,5.1471594798083497e-05
2013-02-27,-0.00266766086992574
2013-02-28,0.0018668795524938225
2013-03-01,0.0027777476632279427
2013-03-04,-0.0016627305002293587
2013-03-05,-0.0017621996852098698
2013-03-06,-0.004470724896660677
2013-03-07,-0.004457979809939703
2013-03-08,-0.005342556327799197
2013-03-11,-0.0007299065821353848
2013-03-12,0.00366032875685238
2013-03-13,-0.0008448847593524511
2013-03-14,5.585215605749487e-05
2013-03-15,0.002761318505239099
2013-03-18,0.004685558092961472
2013-03-19,0.0036773392685424946
2013-03-20,-0.003563811609491829
2013-03-21,0.0009582146103888588
2013-03-22,0.001864317340223976
2013-03-25,0.00015852156057494867
2013-03-26,0.0009587623132813382
2013-03-27,0.004593597580848197
2013-03-28,5.1197809719370294e-05
2013-04-01,0.001113459977901997
2013-04-02,-0.0017645785495106728
2013-04-03,0.004601685106512279
2013-04-04,0.004611831564108609
2013-04-05,0.005539445139196316
2013-04-08,-0.0035118100788698054
2013-04-09,-0.0017765123027795396
2013-04-10,-0.005408753665073589
2013-04-11,0.0018713886689226912
2013-04-12,0.006445922314510265
2013-04-15,0.0028891062702154
2013-04-16,-0.0026941116506148948
2013-04-17,0.0018772335831337553
2013-04-18,0.000962489180135675
2013-04-19,-0.0008675700608719685
2013-04-22,0.0010572188173704456
2013-04-23,-0.001781304288923147
2013-04-24,0.0009622996982944584
2013-04-25,-0.0008668333409236732
2013-04-26,0.0037118362110384866
2013-04-29,0.00013963039014373718
2013-04-30,4.6543463381245726e-05
2013-05-01,0.003718177273864712
2013-05-02,4.544832306639288e-05
2013-05-03,-0.010902462857946662
2013-05-06,-0.0016766527916732164
2013-05-07,-0.0017717308972930394
2013-05-08,0.0009607957737629388
2013-05-09,4.955509924709104e-05
2013-05-10,-0.008111851649466872
2013-05-13,-0.001655785109408259
2013-05-14,-0.003563811609491829
2013-05-15,0.0018636784208949943
2013-05-16,0.006410530066967782
2013-05-17,-0.0071851415599028245
2013-05-20,-0.001647118070393715
2013-05-21,0.00276895803747976
2013-05-22,-0.008055014655680044
2013-05-23,0.0009569480313112274
2013-05-24,0.0009571279969981182
2013-05-28,-0.012316439874338355
2013-05-29,0.0018516622811712482
2013-05-30,5.8316221765913754e-05
2013-05-31,-0.002626833063082112
2013-06-03,0.002866608062542602
2013-06-04,-0.0008376336227036597
2013-06-05,0.0036495855555747393
2013-06-06,0.001854801800863317
2013-06-07,-0.00799435606952197
2013-06-10,-0.004283558350070136
2013-06-11,0.001847293902230501
2013-06-12,-0.004394859480219365
2013-06-13,0.005423799699663849
2013-06-14,0.004539688967785138
2013-06-17,-0.0042927369899600516
2013-06-18,-0.0008332983529909664
2013-06-19,-0.011476435684694553
2013-06-20,-0.007007516029528119
2013-06-21,-0.009603796860782872
2013-06-24,-0.004177523988423464
2013-06-25,-0.002556426583618406
2013-06-26,0.004460054563258275
2013-06-27,0.005352207538612931
2013-06-28,-0.00256909251310362
2013-07-01,0.001966911889771888
2013-07-02,0.0018301312749977399
2013-07-03,-0.003448450269223015
2013-07-05,-0.018129859443418814
2013-07-08,0.007211555225126061
2013-07-09,7.255304585900069e-05
2013-07-10,-0.004283731415621308
2013-07-11,0.008829746970278222
2013-07-12,-0.000803978470239895
2013-07-15,0.0037219837561807824
2013-07-16,0.001825917428531122
2013-07-17,0.0027070802068883027
2013-07-18,-0.003440361471392377
2013-07-19,0.005349850330356108
2013-07-22,0.00020533880903490762
2013-07-23,-0.0025675060186875934
2013-07-24,-0.0069319550618267625
2013-07-25,7.145790554414784e-05
2013-07-26,0.002700860611486227
2013-07-29,-0.0024135744151723695
2013-07-30,-0.0016771278193534276
2013-07-31,0.0026987948385567002
2013-08-01,-0.012101876714529395
2013-08-02,0.009692041823232531
2013-08-05,-0.0032742082841002175
2013-08-06,7.310061601642709e-05
2013-08-07,0.0053240439038345815
2013-08-08,0.002700860611486227
2013-08-09,0.0009475413745759029
2013-08-12,-0.0032895527971476385
2013-08-13,-0.008636675419766244
2013-08-14,7.419575633127994e-05
2013-08-15,-0.005135229090749247
2013-08-16,-0.0059807902554390524
2013-08-19,-0.003220848856199209
2013-08-20,0.0052753968308693385
2013-08-21,-0.00424256227593068
2013-08-22,-0.002509453708295538
2013-08-23,0.007008092920657933
2013-08-26,0.0028337685601679905
2013-08-27,0.0061691127505262185
2013-08-28,-0.00513237599426925
2013-08-29,0.0026834191263018664
2013-08-30,-0.0025281442275475368
2013-09-03,-0.006610552393435299
2013-09-04,-0.0033723999441841943
2013-09-05,-0.0067947555822563425
2013-09-06,0.0035254823729719952
2013-09-09,0.0036921809591626943
2013-09-10,-0.005081330580305686
2013-09-11,0.00266523950731076
2013-09-12,0.0009420452921463746
2013-09-13,0.0018053001037574843
2013-09-16,0.00196525351861814
2013-09-17,0.0018076186530776102
2013-09-18,0.014896339432648249
2013-09-19,-0.0060070115343894715
2013-09-20,0.0009446681896576157
2013-09-23,0.0028370595268353673
2013-09-24,0.004437243610283173
2013-09-25,0.0035702647044934363
2013-09-26,-0.0025469660333380787
2013-09-27,0.001820544216872195
2013-09-30,0.00021683778234086242
2013-10-01,-0.0016737032834179967
2013-10-02,0.0026957031191686834
2013-10-03,0.0009467332795626714
2013-10-04,-0.0034202260109618943
2013-10-07,0.001091905782670643
2013-10-08,-0.0008004386873126697
2013-10-09,-0.0016714233301187017
2013-10-10,-0.0025391075743536064
2013-10-11,0.0009454563308427125
2013-10-15,-0.004049811320740764
2013-10-16,0.005305416283143401
2013-10-17,0.007074871580582649
2013-10-18,0.0009470555917120422
2013-10-21,-0.00240932391286658
2013-10-22,0.00797582712571352
2013-10-23,0.002708120063002378
2013-10-24,-0.0016885830259012174
2013-10-25,6.926762491444216e-05
2013-10-28,-0.0006704118712539976
2013-10-29,0.0009481934166369131
2013-10-30,-0.0016862870356074411
2013-10-31,-0.0016839935239678686
2013-11-01,-0.006916961775417538
2013-11-04,0.0019662448652336675
2013-11-05,-0.005158119688562198
2013-11-06,0.001818764234828142
2013-11-07,0.0035702647044934363
2013-11-08,-0.012082975483839643
2013-11-12,-0.0022975046591644684
2013-11-13,0.004422159134361413
2013-11-14,0.005305416283143401
2013-11-15,-0.0016680079958484543
2013-11-18,0.00371281202417923
2013-11-19,-0.0034102043921869873
2013-11-20,-0.007728280985725603
2013-11-21,0.0009440431622817743
2013-11-22,0.0035527909500923343
2013-11-25,0.0010954070008259104
2013-11-26,0.0026874991008796955
2013-11-27,-0.00253440351006363
2013-11-29,-0.0007190692846274178
2013-12-02,-0.004973245845745671
2013-12-03,0.0018116993778489409
2013-12-04,-0.0042497955710558855
2013-12-05,-0.0033763587809083123
2013-12-06,7.885010266940452e-05
2013-12-09,0.001965318858416419
2013-12-10,0.004410909793194507
2013-12-11,-0.004244971864551102
2013-12-12,-0.002511006269331
2013-12-13,0.0009426545892733408
2013-12-16,-0.0006265538325740082
2013-12-17,0.0035383636174882095
2013-12-18,-0.00337437876032781
2013-12-19,-0.004225737310779624
2013-12-20,0.004395995502304773
2013-12-23,-0.0040674895352833884
2013-12-24,-0.004213764481110736
2013-12-26,-0.0006947083129259423
2013-12-27,-0.001633035901690714
2013-12-30,0.0028246108622911412
2013-12-31,-0.004201828975957845
2014-01-02,0.0036001795590082835
2014-01-03,-0.0007758733023392444
2014-01-06,0.0028250601870300185
2014-01-07,0.0018018403212217706
2014-01-08,-0.004208985808856132
2014-01-09,0.0035212102502705884
2014-01-10,0.007852982541272596
2014-01-13,0.00369750110114975
2014-01-14,-0.0033763587809083123
2014-01-15,-0.0016465047554137051
2014-01-16,0.0035369275476488725
2014-01-17,0.0018087815481433699
2014-01-21,-0.0005537923434549772
2014-01-22,-0.0016498854735260058
2014-01-23,0.0070175668666528435
2014-01-24,0.0035527909500923343
2014-01-27,-0.0023775624342552712
2014-01-28,0.0009443550676549873
2014-01-29,0.007049304889256815
2014-01-30,-0.002537538636872657
2014-01-31,0.004437243610283173
2014-02-03,0.005470245135867436
2014-02-04,-0.0025501158580830477
2014-02-05,-0.00515525194974519
2014-02-06,-0.002535970615698993
2014-02-07,0.0018163995112495126
2014-02-10,0.0010938478435052724
2014-02-11,-0.004271577234498464
2014-02-12,-0.00425946113661926
2014-02-13,0.006166366687067928
2014-02-14,-0.00166346277383594
2014-02-18,0.0037844686386034757
2014-02-19,-0.0016657341641219217
2014-02-20,-0.002531272042334715
2014-02-21,0.002685457282513898
2014-02-24,-0.0015139761208585274
2014-02-25,0.00443157546519847
2014-02-26,0.002691593748707011
2014-02-27,0.0018199502752207285
2014-02-28,-0.0008004386873126697
2014-03-03,0.00547203432525063
2014-03-04,-0.008641269318790291
2014-03-05,7.392197125256675e-05
2014-03-06,-0.0034042061023488853
2014-03-07,-0.0051266752699424345
2014-03-10,0.001097362806361172
2014-03-11,0.0018128707572246947
2014-03-12,0.003555691007949564
2014-03-13,0.006185634092559519
2014-03-14,0.0009462521207952153
2014-03-17,-0.004138625323903307
2014-03-18,0.0018181721350552056
2014-03-19,-0.008604603573847595
2014-03-20,-0.0007912710881899895
2014-03-21,0.0035527909500923343
2014-03-24,0.0010954070008259104
2014-03-25,-0.0007940863961948373
2014-03-26,0.0035585959486650774
2014-03-27,0.0018175806482107902
2014-03-28,-0.003406204311238842
2014-03-31,0.00022422997946611913
2014-04-01,-0.0033982187897244574
2014-04-02,-0.004254625325027267
2014-04-03,0.001811114599356569
2014-04-04,0.005293833780159111
2014-04-07,0.002837533324014535
2014-04-08,0.0018175806482107902
2014-04-09,-0.0016680079958484543
2014-04-10,0.005314715346248858
2014-04-11,0.0018211387735156662
2014-04-14,-0.0015308332293456372
2014-04-15,0.0009464121994684358
2014-04-16,-0.0008011460289050621
2014-04-17,-0.006887093047255915
2014-04-21,0.00029897330595482545
2014-04-22,7.474332648870636e-05
2014-04-23,0.002688521385293419
2014-04-24,7.392197125256675e-05
2014-04-25,0.0018181721350552056
2014-04-28,-0.001522397026343863
2014-04-29,-0.0007969065788982368
2014-04-30,0.00356442051151667
2014-05-01,0.0035702647044934363
2014-05-02,0.0026987948385567002
2014-05-05,-0.00240932391286658
2014-05-06,0.0018223297338477438
2014-05-07,-0.0008032698981443725
2014-05-08,0.0009468942815010208
2014-05-09,-0.0008032698981443725
2014-05-12,-0.0032767626297161723
2014-05-13,0.004448621342420219
2014-05-14,0.006218909240787785
2014-05-15,0.003589394702724024
2014-05-16,-0.00168973195184739
2014-05-19,-0.0015494470409904053
2014-05-20,0.0018277196343066437
2014-05-21,-0.0016874347206618631
2014-05-22,-0.0016851399702164718
2014-05-23,0.0018265175434307624
2014-05-27,0.0020363438642861096
2014-05-28,0.007129726179497251
2014-05-29,-0.0008153577257542084
2014-05-30,-0.002575447817037408
2014-06-02,-0.005065559705254015
2014-06-03,-0.00518401219832402
2014-06-04,-0.000803978470239895
2014-06-05,0.0018235231603594322
2014-06-06,-0.000804687350608302
2014-06-09,-0.0015359023207300176
2014-06-10,-0.00167598569255506
2014-06-11,-0.0008011460289050621
2014-06-12,0.006207782950318775
2014-06-13,-0.0016805578948741512
2014-06-16,-0.0006616102293090257
2014-06-17,-0.004293482288104014
2014-06-18,0.004448621342420219
2014-06-19,-0.0025501158580830477
2014-06-20,0.0009465725856380826
2014-06-23,0.0002160164271047228
2014-06-24,0.003576128593689662
2014-06-25,0.001824719057201211
2014-06-26,0.003584961503089003
2014-06-27,-0.000808947121082882
2014-06-30,0.0010872762366232237
2014-07-01,-0.004313057790344559
2014-07-02,-0.005172485971824011
2014-07-03,-0.0008011460289050621
2014-07-07,0.002038797911092668
2014-07-08,0.004454330999246539
2014-07-09,0.0009475413745759029
2014-07-10,0.001825917428531122
2014-07-11,0.0018271182785152473
2014-07-14,-0.0015477517857785566
2014-07-15,-0.0008075259599984856
2014-07-16,0.0009478667759421437
2014-07-17,0.007119993715267234
2014-07-18,-0.002572268298246605
2014-07-21,0.0010857429637203967
2014-07-22,0.0009490154541414596
2014-07-23,6.789869952087611e-05
2014-07-24,-0.003448450269223015
2014-07-25,0.0035923563901322716
2014-07-28,-0.0015562342689090587
2014-07-29,0.0027122888215800555
2014-07-30,-0.008701269348046258
2014-07-31,-0.0008061060372006288
2014-08-01,0.005345141512683222
2014-08-04,0.0010865089784186793
2014-08-05,0.0018295274311491928
2014-08-06,6.817248459958932e-05
2014-08-07,0.005366390079156433
2014-08-08,-0.0008160715739145485
2014-08-11,0.0002004106776180698
2014-08-12,-0.001696638571661542
2014-08-13,0.0027164725525202936
2014-08-14,0.002719620206717194
2014-08-15,0.005387790751264429
2014-08-18,-0.004231815775098756
2014-08-19,-0.0008189300963296857
2014-08-20,-0.002583412990032484
2014-08-21,0.001834375664443212
2014-08-22,0.0009503469342882421
2014-08-25,0.0010819316162796041
2014-08-26,6.543463381245723e-05
2014-08-27,0.0018368148124523719
2014-08-28,0.002725940951779557
2014-08-29,-0.0008225103111445817
2014-09-02,-0.005926966078730966
2014-09-03,0.0009501794038482971
2014-09-04,-0.003462653540220361
2014-09-05,-0.0008146441900443424
2014-09-08,-0.001559631614430754
2014-09-09,-0.0016920316679508109
2014-09-10,-0.0034444033895793683
2014-09-11,6.954140999315537e-05
2014-09-12,-0.006928203046221942
2014-09-15,0.0019663895198176206
2014-09-16,7.118412046543464e-05
2014-09-17,-0.0016782705616608868
2014-09-18,-0.0008025616340624891
2014-09-19,0.003576128593689662
2014-09-22,0.0019665397279746543
2014-09-23,0.0027050032894030554
2014-09-24,-0.0025611693437822803
2014-09-25,0.004465792069588964
2014-09-26,-0.0016874347206618631
2014-09-29,0.0037284775227103347
2014-09-30,-0.00168973195184739
2014-10-01,0.008903663788830389
2014-10-02,-0.0016989457676637528
2014-10-03,-0.0008153577257542084
2014-10-06,0.0019673145431774587
2014-10-07,0.006269409023253463
2014-10-08,0.0009511892983168069
2014-10-09,0.0009513587153429417
2014-10-10,0.0027291140855863222
2014-10-14,0.009180916921365271
2014-10-15,0.005433474677901793
2014-10-16,-0.0017303394975339947
2014-10-17,-0.004402381074231669
2014-10-20,0.0019688544771791668
2014-10-21,-0.002615509407642332
2014-10-22,-0.001720989500415956
2014-10-23,-0.003495348705693998
2014-10-24,6.269678302532512e-05
2014-10-27,0.0019683503617554886
2014-10-28,-0.0026042325421156867
2014-10-29,-0.0034850968354192308
2014-10-30,0.0018398779067843277
2014-10-31,-0.002596206132389613
2014-11-03,-0.0006931146520597865
2014-11-04,0.0009511892983168069
2014-11-05,-0.0008217936390549953
2014-11-06,-0.002589802024422958
2014-11-07,0.006280727782793389
2014-11-10,-0.005120902286280659
2014-11-12,0.0010160122580142898
2014-11-13,0.0018380381590926964
2014-11-14,0.0027280554269116753
2014-11-17,-0.0015834830812315335
2014-11-18,0.0018398779067843277
2014-11-19,-0.0034810049247761678
2014-11-20,0.0018386507774276976
2014-11-21,0.0027291140855863222
2014-11-24,0.0010785282460685699
2014-11-25,0.002733358213002427
2014-11-26,0.002736551298362601
2014-11-28,0.0054875434234711125
2014-12-01,-0.0033903842637002155
2014-12-02,-0.00527729671360463
2014-12-03,-0.0008268169699599799
2014-12-04,0.0036267763283772455
2014-12-05,-0.0052684693730268815
2014-12-08,0.00464259513513454
2014-12-09,0.003631315178850454
2014-12-10,0.003637384824184958
2014-12-11,-0.0008340200986055135
2014-12-12,0.00813960532750429
2014-12-15,-0.0016212142896214468
2014-12-16,0.004553551940017753
2014-12-17,-0.006214921301253773
2014-12-18,-0.007080227916389073
2014-12-19,0.004533771775361517
2014-12-22,0.0001782340862422998
2014-12-23,-0.00795565967756014
2014-12-24,-0.0008282550535880854
2014-12-26,0.0019063420015643948
2014-12-29,0.002861888076456087
2014-12-30,0.001847293902230501
2014-12-31,0.0027440352615886016
2015-01-02,0.004603053140642653
2015-01-05,0.007377751216826139
2015-01-06,0.00638128933045729
2015-01-07,0.0009580326949648955
2015-01-08,-0.006252697154037883
2015-01-09,0.004571491972653482
2015-01-12,0.0055981249054153715
2015-01-13,0.0009589455340396024
2015-01-14,0.004595616997805659
2015-01-15,0.00826610760340284
2015-01-16,-0.00541178519958643
2015-01-20,0.0011109172784770941
2015-01-21,-0.004491201845628123
2015-01-22,-0.002669306650258517
2015-01-23,0.008250603048059482
2015-01-26,-0.0016714269964561278
2015-01-27,5.0102669404517456e-05
2015-01-28,0.009196550184835044
2015-01-29,-0.003603870607683495
2015-01-30,0.008301167326743271
2015-02-02,0.0001379876796714579
2015-02-03,-0.00998455771189135
2015-02-04,-0.001772925258688448
2015-02-05,-0.00177053719495031
2015-02-06,-0.010804248595714126
2015-02-09,-0.0007439327632274842
2015-02-10,-0.004455435666201569
2015-02-11,0.0009573082869543532
2015-02-12,0.0009574889014544723
2015-02-13,-0.0026496218547092157
2015-02-17,-0.010529902727550921
2015-02-18,0.0063522763489843774
2015-02-19,-0.0035325186206316647
2015-02-20,-0.001735029834747348
2015-02-23,0.006471799896483811
2015-02-24,0.006375468575387864
2015-02-25,0.0027667704334680414
2015-02-26,-0.006252697154037883
2015-02-27,0.002762406941979851
2015-03-02,-0.007024878945788163
2015-03-03,-0.003530442751305826
2015-03-04,5.8042436687200544e-05
2015-03-05,0.000955342887114057
2015-03-06,-0.011530973702815486
2015-03-09,0.0037570031639507975
2015-03-10,0.005435898225172691
2015-03-11,0.002750487506697672
2015-03-12,0.000955519946679132
2015-03-13,-0.0026317004503653508
2015-03-16,0.0028681986958276344
2015-03-17,0.0036557167803195714
2015-03-18,0.011827092318420529
2015-03-19,-0.004463072966898975
2015-03-20,0.00458151548429122
2015-03-23,0.001064443353664637
2015-03-24,0.00368356404148079
2015-03-25,-0.0044758343287813
2015-03-26,-0.007161664676467052
2015-03-27,0.00548231310736792
2015-03-30,-0.0007439327632274842
2015-03-31,0.0018636784208949943
2015-04-01,0.006410530066967782
2015-04-02,-0.004478391492664058
2015-04-03,0.006416405714913652
2015-04-06,-0.006189446716726666
2015-04-07,0.002774444187223513
2015-04-08,-0.0026660160706637346
2015-04-09,-0.00446562198286753
2015-04-10,0.0009580326949648955
2015-04-13,0.001971002171750573
2015-04-14,0.0036804490366138557
2015-04-15,-0.0008543596337866056
2015-04-16,0.000959129081822527
2015-04-17,0.0027766455204385103
2015-04-20,-0.0025669110308197763
2015-04-21,-0.0017598234393192789
2015-04-22,-0.0062665016742883845
2015-04-23,0.0027667704334680414
2015-04-24,0.0027700533069462273
2015-04-27,-0.000746487200624248
2015-04-28,-0.005360516415041059
2015-04-29,-0.005342556327799197
2015-04-30,0.0009564100771276681
2015-05-01,-0.006221769358608918
2015-05-04,-0.0034060672404493363
2015-05-05,-0.0026219743207728814
2015-05-06,-0.005286141169735305
2015-05-07,0.006320622838163187
2015-05-08,0.0018497862776301406
2015-05-11,-0.010498534257524754
2015-05-12,6.24229979466119e-05
2015-05-13,0.0009525534795022069
2015-05-14,0.0036298009558633367
2015-05-15,0.008124487802607834
2015-05-18,-0.007851352658020295
2015-05-19,-0.0034994583136521203
2015-05-20,0.0009527254268649285
2015-05-21,0.006317758708976361
2015-05-22,-0.0017256593975933103
2015-05-26,0.0065136212557189025
2015-05-27,5.859000684462697e-05
2015-05-28,0.0009549897323326003
2015-05-29,0.0009551661490890007
2015-06-01,-0.006081755539576302
2015-06-02,-0.007061004612045796
2015-06-03,-0.009675373384017595
2015-06-04,0.006283562996021143
2015-06-05,-0.008775833725604736
2015-06-08,0.0019675583902546896
2015-06-09,-0.0025850088382583427
2015-06-10,-0.006973390454704455
2015-06-11,0.009801110248382315
2015-06-12,6.543463381245723e-05
2015-06-15,0.0028546995285750887
2015-06-16,0.003616230113760528
2015-06-17,6.351813826146475e-05
2015-06-18,-0.002596206132389613
2015-06-19,0.008079411704642872
2015-06-22,-0.00955676097124448
2015-06-23,-0.004352506150312245
2015-06-24,0.003607239794021531
2015-06-25,-0.0017035676690085892
2015-06-26,-0.007857816293353812
2015-06-29,0.014403283184914484
2015-06-30,-0.0017093591692647046
2015-07-01,-0.006999915066727462
2015-07-02,0.002719620206717194
2015-07-06,0.009150629795835589
2015-07-07,0.002733358213002427
2015-07-08,0.004523941761198609
2015-07-09,-0.008818128178332683
2015-07-10,-0.008771150051875698
2015-07-13,-0.001566433789566559
2015-07-14,0.0027185700484038313
2015-07-15,0.004496629032644925
2015-07-16,6.461327857631759e-05
2015-07-17,0.0018386507774276976
2015-07-20,-0.0033487866345200206
2015-07-21,0.0027248851337256046
2015-07-22,0.0018392640264809242
2015-07-23,0.004512198292650244
2015-07-24,0.0009525534795022069
2015-07-27,0.003754099381599134
2015-07-28,-0.0026106707520006313
2015-07-29,-0.002605840668676873
2015-07-30,0.0009523818493660047
2015-07-31,0.007208401232565437
2015-08-03,0.003760892748604619
2015-08-04,-0.006184215954177196
2015-08-05,-0.004387352185370331
2015-08-06,0.00452198054221539
2015-08-07,0.0045318025788068815
2015-08-10,-0.00516972283840821
2015-08-11,0.008120715643597821
2015-08-12,0.0009548136365734376
2015-08-13,-0.004409917003649305
2015-08-14,-0.0008332983529909664
2015-08-17,0.003760892748604619
2015-08-18,-0.003513881968084229
2015-08-19,0.0072349515449579085
2015-08-20,0.0027526459633266257
2015-08-21,0.00365725281277534
2015-08-24,0.003775661762716106
2015-08-25,-0.009810105031749146
2015-08-26,-0.005306845038361354
2015-08-27,5.968514715947981e-05
2015-08-28,-0.0008340200986055135
2015-08-31,-0.0016057415331169242
2015-09-01,0.003638905429251989
2015-09-02,-0.0026203566573269497
2015-09-03,0.0018485388113522216
2015-09-04,0.004541664570687849
2015-09-08,-0.006019482284298774
2015-09-09,-0.0008325769264819673
2015-09-10,-0.001723323175811009
2015-09-11,0.0027408221065056766
2015-09-14,0.001969004245986034
2015-09-15,-0.00883700772638037
2015-09-16,-0.001715166424217476
2015-09-17,0.008098143168600245
2015-09-18,0.007231623783365956
2015-09-21,-0.006077798506064687
2015-09-22,0.005435898225172691
2015-09-23,-0.001731511120742102
2015-09-24,0.002748332908538495
2015-09-25,-0.0035200826589910214
2015-09-28,0.006462439303763088
2015-09-29,0.004557527286968759
2015-09-30,-0.0008434319531684146
2015-10-01,0.0009564100771276681
2015-10-02,0.0054724832673508335
2015-10-05,-0.007029314719156769
2015-10-06,0.001856693244868846
2015-10-07,-0.002639832033150872
2015-10-08,-0.003530442751305826
2015-10-09,5.8042436687200544e-05
2015-10-13,0.005629483326104377
2015-10-14,0.006375468575387864
2015-10-15,-0.004447812957496377
2015-10-16,5.585215605749487e-05
2015-10-19,0.0001675564681724846
2015-10-20,-0.003538753949875089
2015-10-21,0.003658790137921824
2015-10-22,5.585215605749487e-05
2015-10-23,-0.0044351407692791636
2015-10-26,0.0019698737996619825
2015-10-27,0.001856693244868846
2015-10-28,-0.004432611168297728
2015-10-29,-0.007985736779577117
2015-10-30,0.0027451082316861
2015-11-02,-0.003395606814080122
2015-11-03,-0.002615509407642332
2015-11-04,-0.001720989500415956
2015-11-05,-0.000828974571107972
2015-11-06,-0.007034198511682302
2015-11-09,-0.0015800681941240571
2015-11-10,0.003616230113760528
2015-11-12,0.0001270362765229295
2015-11-13,0.003622248917276112
2015-11-16,0.0010773994753954309
2015-11-17,0.001844192788696496
2015-11-18,-0.001718658367114891
2015-11-19,0.002736551298362601
2015-11-20,-0.0017198236162716558
2015-11-23,0.0010766485473000273
2015-11-24,0.0009530702743404418
2015-11-25,0.0009532431749895876
2015-11-27,0.0010144704664904183
2015-11-30,0.0010751505064013312
2015-12-01,0.005433474677901793
2015-12-02,-0.0026235929423411705
2015-12-03,-0.013251721176391909
2015-12-04,0.004512198292650244
2015-12-07,0.004646826538108614
2015-12-08,-0.0008304145588980945
2015-12-09,0.001846051545951435
2015-12-10,-0.0017221560200836098
2015-12-11,0.009921514296790364
2015-12-14,-0.00874404605098825
2015-12-15,-0.004387352185370331
2015-12-16,-0.001715166424217476
2015-12-17,0.0054117490798344745
2015-12-18,0.004529834980461307
2015-12-21,-0.0007133804885145804
2015-12-22,-0.003505632245003792
2015-12-23,-0.002609059772817335
2015-12-24,0.001844192788696496
2015-12-28,0.0011378752024718587
2015-12-29,-0.007041844751484829
2015-12-30,0.0009518688596422737
2015-12-31,0.0036237567850548194
2016-01-04,0.002922998936966297
2016-01-05,-0.0008296944061219579
2016-01-06,0.006320622838163187
2016-01-07,0.0018497862776301406
2016-01-08,0.002748332908538495
2016-01-11,-0.003403450215459194
2016-01-12,0.004543641778561887
2016-01-13,0.0036526485891123692
2016-01-14,-0.0017385543267006713
2016-01-15,0.006363854334109128
2016-01-19,-0.002476356317074777
2016-01-20,0.004565497382104229
2016-01-21,-0.0008463388593284792
2016-01-22,-0.0044402048038159935
2016-01-25,0.003773675779439649
2016-01-26,0.0018592242216449485
2016-01-27,-0.0008463388593284792
2016-01-28,0.0018598585858143762
2016-01-29,0.005484775451963066
2016-02-01,-0.0025515781508501775
2016-02-02,0.009135875109061642
2016-02-03,-0.0008565539697891705
2016-02-04,0.0009596816900901036
2016-02-05,0.0009598665487438861
2016-02-08,0.010203645780204846
2016-02-09,0.0009621105485034442
2016-02-10,0.0027943985019656522
2016-02-11,0.007401203266097011
2016-02-12,-0.010011332442446156
2016-02-16,-0.0034588345820274966
2016-02-17,-0.0026841629587939374
2016-02-18,0.005531933753400753
2016-02-19,-0.0008653608960520784
2016-02-22,-0.0007682528228596354
2016-02-23,0.002791050464198191
2016-02-24,-0.0008660969527441349
2016-02-25,0.0037102542770995088
2016-02-26,-0.004519529245138191
2016-02-29,0.0019729538470230957
2016-03-01,-0.008142662030572092
2016-03-02,-0.0008594843424136132
2016-03-03,0.0009604230962908653
2016-03-04,-0.004488636499277198
2016-03-07,-0.0025647176803295733
2016-03-08,0.007332583493064453
2016-03-09,-0.00629769504346366
2016-03-10,-0.0026643722516425097
2016-03-11,-0.004463072966898975
2016-03-14,0.0010662699963551578
2016-03-15,5.393566050650239e-05
2016-03-16,0.00276895803747976
2016-03-17,0.0027722467849428003
2016-03-18,0.0027755443620481415
2016-03-21,-0.0034692625615200495
2016-03-22,-0.001757449807409848
2016-03-23,0.005499590677626378
2016-03-24,-0.00266766086992574
2016-03-28,0.002023758402596492
2016-03-29,0.0073393977639479155
2016-03-30,-0.00177053719495031
2016-03-31,0.004611831564108609
2016-04-01,-0.0008631547120934685
2016-04-04,0.0010593723223953414
2016-04-05,0.004622019352075093
2016-04-06,-0.002692451054074129
2016-04-07,0.005544462696729296
2016-04-08,-0.0017837042609672772
2016-04-11,-0.0007733879937946242
2016-04-12,-0.005423931108970534
2016-04-13,0.0018746292268338979
2016-04-14,-0.0026858185956626464
2016-04-15,0.003702364541574187
2016-04-18,-0.0016801399550724896
2016-04-19,-0.0008631547120934685
2016-04-20,-0.005405724104346185
2016-04-21,-0.0026726011574608483
2016-04-22,-0.0008558221969686058
2016-04-25,-0.001657520475486699
2016-04-26,-0.0026627294120327703
2016-04-27,0.006410530066967782
2016-04-28,0.0027799549053407796
2016-04-29,0.0009604230962908653
2016-05-02,-0.004388431160468164
2016-05-03,0.006428184635875715
2016-05-04,0.0018733310220380949
2016-05-05,0.0027888234169433216
2016-05-06,-0.002687475222785038
2016-05-09,0.001972644285013227
2016-05-10,4.845995893223819e-05
2016-05-11,0.0037070943994359576
2016-05-12,-0.0017801052984875328
2016-05-13,0.0037102542770995088
2016-05-16,-0.003514480512109418
2016-05-17,-0.0008653608960520784
2016-05-18,-0.009941906943364269
2016-05-19,0.0018694522472843453
2016-05-20,5.065023956194388e-05
2016-05-23,0.00106153773068977
2016-05-24,-0.0017669600366594972
2016-05-25,-0.0008572860704661448
2016-05-26,0.003691374522913126
2016-05-27,-0.0017681517651908817
2016-05-31,0.0011121879702517138
2016-06-01,-0.0008587512565002446
2016-06-02,0.0036945079265664985
2016-06-03,0.009205270999137727
2016-06-06,-0.0016888694459755243
2016-06-07,0.000962489180135675
2016-06-08,0.0009626789943087749
2016-06-09,0.002797755520283477
2016-06-10,0.0037213558173667853
2016-06-13,0.0019742519657340273
2016-06-14,4.435318275154005e-05
2016-06-15,0.0018857713114438111
2016-06-16,0.002810141791556722
2016-06-17,-0.004555872350885598
2016-06-20,-0.0044541488011972845
2016-06-21,-0.003616619732032296
2016-06-22,0.0018798485650369304
2016-06-23,-0.004524701155030721
2016-06-24,0.015722750401377775
2016-06-27,0.010328884513365269
2016-06-28,3.997262149212868e-05
2016-06-29,-0.003661620457530648
2016-06-30,0.0009669395596583794
2016-07-01,0.0028226502454948145
2016-07-05,0.008543718787644884
2016-07-06,-0.0008935664779141814
2016-07-07,-0.0018224684802487943
2016-07-08,0.002832976116146078
2016-07-11,-0.005459667354224879
2016-07-12,-0.009200579581830483
2016-07-13,0.004673584421629761
2016-07-14,-0.004579408977894569
2016-07-15,-0.006403021221329873
2016-07-18,0.0010525940143693029
2016-07-19,0.002811273857705677
2016-07-20,-0.0027208170172604925
2016-07-21,0.001887757626156316
2016-07-22,4.2984257357973996e-05
2016-07-25,-0.0007926923496465015
2016-07-26,0.0009653714459753743
2016-07-27,0.004665263366498005
2016-07-28,4.161533196440794e-05
2016-07-29,0.00560530045861506
2016-08-01,-0.004504712634991194
2016-08-02,-0.0036508522207905954
2016-08-03,4.243668720054757e-05
2016-08-04,0.0037421472488574823
2016-08-05,-0.00732799079766375
2016-08-08,0.00013059548254620124
2016-08-09,0.0037357256440742966
2016-08-10,0.004669420508120443
2016-08-11,-0.006413669285834213
2016-08-12,0.005592529888433574
2016-08-15,-0.003568169127019206
2016-08-16,-0.001801789108391027
2016-08-17,0.000965566279114271
2016-08-18,0.0028146761233327146
2016-08-19,-0.0045663162541814415
2016-08-22,0.0028989230193520055
2016-08-23,4.243668720054757e-05
2016-08-24,-0.0008801453343649829
2016-08-25,-0.0018005787609154356
2016-08-26,-0.003635833300298591
2016-08-29,0.004743606429533261
2016-08-30,4.2984257357973996e-05
2016-08-31,-0.0008786608643624494
2016-09-01,0.0009653714459753743
2016-09-02,-0.002719140407695723
2016-09-06,0.004790457163983705
2016-09-07,0.000965956956305548
2016-09-08,-0.006399476569332801
2016-09-09,-0.005460559556424387
2016-09-12,-0.0007798144307140357
2016-09-13,-0.004527289597515436
2016-09-14,0.0027955165091039474
2016-09-15,-0.0008690444972007819
2016-09-16,0.0009628691410957364
2016-09-19,0.00013963039014373718
2016-09-20,0.0009630596207788376
2016-09-21,0.0027999985329877444
2016-09-22,0.0028033705697738066
2016-09-23,0.000964402323416163
2016-09-26,0.002896587053202613
2016-09-27,0.002811273857705677
2016-09-28,-0.0008794029310688566
2016-09-29,0.000965566279114271
2016-09-30,-0.003640117700104027
2016-10-03,-0.002626505393575099
2016-10-04,-0.005454434869858925
2016-10-05,-0.002699099410368752
2016-10-06,-0.0026941116506148948
2016-10-07,0.0018772335831337553
2016-10-11,-0.003461776151831339
2016-10-12,-0.0017753159608722268
2016-10-13,0.003703939834544283
2016-10-14,-0.0045092052863425665
2016-10-17,0.0028862740124991305
2016-10-18,0.0018759300790349557
2016-10-19,-0.0008653608960520784
2016-10-20,4.818617385352498e-05
2016-10-21,0.0018765814993160458
2016-10-24,-0.0025955142437578673
2016-10-25,4.845995893223819e-05
2016-10-26,-0.0017753159608722268
2016-10-27,-0.005405724104346185
2016-10-28,-0.0008580184992771467
2016-10-31,0.0019719451123223334
2016-11-01,0.0009604230962908653
2016-11-02,0.0018720354601634603
2016-11-03,-0.0008609515014258058
2016-11-04,0.002785490296083595
2016-11-07,-0.003493154078321047
2016-11-08,-0.004488636499277198
2016-11-09,-0.0170304225459262
2016-11-10,-0.0071072476389235795
2016-11-14,-0.0068997867913922935
2016-11-15,6.105407255304586e-05
2016-11-16,0.0009534163939373725
2016-11-17,-0.006163846069986013
2016-11-18,-0.004372380348704681
2016-11-21,0.0010796598645662688
2016-11-22,0.001840492418870302
2016-11-23,-0.004367402364941839
2016-11-25,0.00012922655715263517
2016-11-28,0.0037454566709131634
2016-11-29,0.0018411075632716462
2016-11-30,-0.006136810295805807
2016-12-01,-0.006992324118948542
2016-12-02,0.0044888822242556215
2016-12-05,0.0010819316162796041
2016-12-06,6.543463381245723e-05
2016-12-07,0.004500511876301378
2016-12-08,-0.0052420896127690604
2016-12-09,-0.00610321363884315
2016-12-12,-0.0015579326302700464
2016-12-13,0.0009490154541414596
2016-12-14,-0.005201357104295767
2016-12-15,-0.00518401219832402
2016-12-16,7.118412046543464e-05
2016-12-19,0.005482808390600896
2016-12-20,-0.0025611693437822803
2016-12-21,0.001825917428531122
2016-12-22,6.981519507186858e-05
2016-12-23,6.981519507186858e-05
2016-12-27,-0.0014745479387522629
2016-12-28,0.005347494988902968
2016-12-29,0.0018295274311491928
2016-12-30,0.003596808273689288
2017-01-03,0.00026830937713894594
2017-01-04,-0.0008146441900443424
2017-01-05,0.008038453508584693
2017-01-06,-0.004352506150312245
2017-01-09,0.003739751772118725
2017-01-10,6.5160848733744e-05
2017-01-11,6.5160848733744e-05
2017-01-12,0.00183742617094453
2017-01-13,-0.0034728362066819662
2017-01-17,0.006475020037438658
2017-01-18,-0.00788743644534579
2017-01-19,-0.0043401357205147114
2017-01-20,-0.0008132180549247522
2017-01-23,0.006391107543534144
2017-01-24,-0.005221677506065568
2017-01-25,-0.005204254424699166
2017-01-26,0.001828321611327416
2017-01-27,0.0018295274311491928
2017-01-30,0.000204517453798768
2017-01-31,0.003596808273689288
2017-02-01,-0.002575447817037408
2017-02-02,6.789869952087611e-05
2017-02-03,-0.0008125054549899143
2017-02-06,0.00638884192881979
2017-02-07,0.0018349845096103479
2017-02-08,0.005387790751264429
2017-02-09,-0.0052420896127690604
2017-02-10,-0.0008182149957324799
2017-02-13,-0.0015681358956021307
2017-02-14,-0.0034585892295760914
2017-02-15,-0.003450475572201451
2017-02-16,0.005361655071135654
2017-02-17,0.0027175208306021875
2017-02-21,-0.0006180177676429933
2017-02-22,0.0009500121869132609
2017-02-23,0.003607239794021531
2017-02-24,0.006283562996021143
2017-02-27,-0.0042409136585763365
2017-02-28,6.461327857631759e-05
2017-03-01,-0.008752446653458262
2017-03-02,-0.002573857590543198
2017-03-03,6.817248459958932e-05
2017-03-06,0.000204517453798768
2017-03-07,-0.00256909251310362
2017-03-08,-0.0043155116680949224
2017-03-09,-0.002556426583618406
2017-03-10,0.0018241207997293808
2017-03-13,-0.0032869923016354647
2017-03-14,0.0018229261385718989
2017-03-15,0.007986819904611702
2017-03-16,-0.0016885830259012174
2017-03-17,0.002709160851743004
2017-03-20,0.0028491813609366604
2017-03-21,0.00359978244328354
2017-03-22,0.002719620206717194
2017-03-23,-0.0008182149957324799
2017-03-24,0.0009503469342882421
2017-03-27,0.0019676209208681706
2017-03-28,-0.0034687593822824076
2017-03-29,0.002720671306334749
2017-03-30,-0.0025850088382583427
2017-03-31,0.0018349845096103479
2017-04-03,0.004629986504528434
2017-04-04,-0.0008217936390549953
2017-04-05,0.0018386507774276976
2017-04-06,6.406570841889117e-05
2017-04-07,-0.003476918051357803
2017-04-10,0.001081173106748034
2017-04-11,0.0045044010270892405
2017-04-12,0.003622248917276112
2017-04-13,0.003628288006063474
2017-04-17,-0.0015358400433763786
2017-04-18,0.007215023450795446
2017-04-19,-0.0026187399511948257
2017-04-20,-0.0026138955686089414
2017-04-21,6.132785763175907e-05
2017-04-24,-0.0033747471604953843
2017-04-25,-0.006143555990769014
2017-04-26,0.0027280554269116753
2017-04-27,0.0018411075632716462
2017-04-28,0.00095221053618865
2017-05-01,-0.003361751116304492
2017-05-02,0.003620742317325606
2017-05-03,-0.003487144682355142
2017-05-04,-0.002594603689470192
2017-05-05,6.461327857631759e-05
2017-05-08,-0.0024605754672703227
2017-05-09,-0.0025850088382583427
2017-05-10,0.0009501794038482971
2017-05-11,0.0018355939823149225
2017-05-12,0.005390178043154748
2017-05-15,-0.0006956434516475279
2017-05-16,0.0009515284477284865
2017-05-17,0.009879568509955236
2017-05-18,-0.0008311350297044052
2017-05-19,6.105407255304586e-05
2017-05-22,-0.0015988813553098643
2017-05-23,-0.003495348705693998
2017-05-24,0.0027344216220419495
2017-05-25,0.0009528976917216563
2017-05-26,6.160164271047228e-05
2017-05-30,0.0038176356042312594
2017-05-31,6.050650239561943e-05
2017-06-01,6.050650239561943e-05
2017-06-02,0.005433474677901793
2017-06-05,-0.00250586535849449
2017-06-06,0.003643474926688367
2017-06-07,-0.0035180144838099564
2017-06-08,-0.0008340200986055135
2017-06-09,-0.0017256593975933103
2017-06-12,0.00018151950718685832
2017-06-13,6.050650239561943e-05
2017-06-14,0.005433474677901793
2017-06-15,-0.0008361872527791683
2017-06-16,5.913757700205339e-05
2017-06-19,-0.0025036991667687744
2017-06-20,0.0027451082316861
2017-06-21,5.913757700205339e-05
2017-06-22,0.000954637861540724
2017-06-23,5.886379192334017e-05
2017-06-26,0.001072541220420118
2017-06-27,-0.0061910237199388485
2017-06-28,-0.0008318558188095091
2017-06-29,-0.004389853030423744
2017-06-30,-0.0034912441647744112
2017-07-03,-0.00335656154354836
2017-07-05,0.0019036035199785286
2017-07-06,-0.003478960858944407
2017-07-07,-0.0017047247118679042
2017-07-10,0.0010815522043647549
2017-07-11,0.0009508514092805458
2017-07-12,0.003614728574445031
2017-07-13,-0.0017093591692647046
2017-07-14,0.0018392640264809242
2017-07-17,0.001968076265550658
2017-07-18,0.0036237567850548194
2017-07-19,6.21492128678987e-05
2017-07-20,6.21492128678987e-05
2017-07-21,0.002736551298362601
2017-07-24,-0.0015971679010081377
2017-07-25,-0.006150310508191708
2017-07-26,0.003620742317325606
2017-07-27,-0.002601019136007326
2017-07-28,0.0018411075632716462
2017-07-31,0.000188911704312115
2017-08-01,0.003625265921731623
2017-08-02,-0.0008282550535880854
2017-08-03,0.002736551298362601
2017-08-04,-0.002609059772817335
2017-08-07,0.0010770238526007258
2017-08-08,-0.002605840668676873
2017-08-09,0.004520020914710726
2017-08-10,0.003634347448687279
2017-08-11,0.0009539379632616668
2017-08-14,-0.002497206337092576
2017-08-15,-0.004389853030423744
2017-08-16,0.0036298009558633367
2017-08-17,0.0036358654976896857
2017-08-18,5.995893223819302e-05
2017-08-21,0.0010740303225704611
2017-08-22,-0.003509754558019175
2017-08-23,0.004533771775361517
2017-08-24,-0.0017279981700644377
2017-08-25,0.0018491622245767106
2017-08-28,0.001073285131125023
2017-08-29,0.002748332908538495
2017-08-30,-0.0017326833843196272
2017-08-31,0.0027494097257166786
2017-09-01,-0.003522152113823737
2017-09-05,0.008328386603901936
2017-09-06,-0.002636576504553504
2017-09-07,0.004557527286968759
2017-09-08,-0.0008434319531684146
2017-09-11,-0.006998318383884618
2017-09-12,-0.0026252125228408882
2017-09-13,-0.0026203566573269497
2017-09-14,6.0232717316906234e-05
2017-09-15,6.0232717316906234e-05
2017-09-18,-0.0024950439730085194
2017-09-19,-0.0008304145588980945
2017-09-20,-0.0034974028757589026
2017-09-21,0.0009525534795022069
2017-09-22,0.0009527254268649285
2017-09-25,0.003755066034428825
2017-09-26,-0.0017221560200836098
2017-09-27,-0.00615707386295943
2017-09-28,6.324435318275154e-05
2017-09-29,-0.0017116801769625066
2017-10-02,-0.0006956434516475279
2017-10-03,0.0009515284477284865
2017-10-04,6.379192334017796e-05
2017-10-05,-0.0017093591692647046
2017-10-06,-0.0017070406823149187
2017-10-10,0.002032699350057789
2017-10-11,6.433949349760438e-05
2017-10-12,0.0018392640264809242
2017-10-13,0.004512198292650244
2017-10-16,-0.0015903204283242523
2017-10-17,6.297056810403833e-05
2017-10-18,-0.0034850968354192308
2017-10-19,0.0009515284477284865
2017-10-20,-0.005245013145698868
2017-10-23,0.0010815522043647549
2017-10-24,-0.0034687593822824076
2017-10-25,-0.0016989457676637528
2017-10-26,-0.001696638571661542
2017-10-27,0.0036012714054059897
2017-10-30,0.004627201950767795
2017-10-31,-0.0008203612390957436
2017-11-01,0.0009508514092805458
2017-11-02,0.0018380381590926964
2017-11-03,0.0009513587153429417
2017-11-06,0.00196800932362211
2017-11-07,6.351813826146475e-05
2017-11-08,6.351813826146475e-05
2017-11-09,-0.0008239446008708116
2017-11-10,-0.006126708262979144
2017-11-13,0.0001971252566735113
2017-11-14,0.0018362040830858298
2017-11-15,0.004502455662639116
2017-11-16,-0.003478960858944407
2017-11-17,0.0018380381590926964
2017-11-20,-0.00157836169531971
2017-11-21,0.0009510201963845415
2017-11-22,0.003616230113760528
2017-11-24,-0.0016470012194929984
2017-11-27,0.00196800932362211
2017-11-28,-0.001710519357754463
2017-11-29,-0.0025930021910329443
2017-11-30,-0.004352506150312245
2017-12-01,0.004494689972670602
2017-12-04,0.00019466119096509242
2017-12-05,0.0009510201963845415
2017-12-06,0.0027269977159088965
2017-12-07,-0.003478960858944407
2017-12-08,-0.0008203612390957436
2017-12-11,-0.0006893238132285103
2017-12-12,-0.0008189300963296857
2017-12-13,0.0036102315272102284
2017-12-14,0.0009511892983168069
2017-12-15,6.433949349760438e-05
2017-12-18,-0.0033461975139613747
2017-12-19,-0.006106563448693172
2017-12-20,-0.002573857590543198
2017-12-21,0.0009490154541414596
2017-12-22,6.789869952087611e-05
2017-12-26,0.0011528768941440966
2017-12-27,0.004485018238337298
2017-12-28,-0.0008167857347887838
2017-12-29,0.002719620206717194
2018-01-02,-0.005027462637440612
2018-01-03,0.0018325528888846843
2018-01-04,-0.001696638571661542
2018-01-05,-0.000813930966522145
2018-01-08,-0.0015579326302700464
2018-01-09,-0.005198461644423365
2018-01-10,6.981519507186858e-05
2018-01-11,0.0009480299412431027
2018-01-12,-0.0008082363856246294
2018-01-16,0.0011574755264587085
2018-01-17,-0.0025611693437822803
2018-01-18,-0.004303257718780098
2018-01-19,-0.00167598569255506
2018-01-22,-0.0015291447618574218
2018-01-23,0.0026957031191686834
2018-01-24,-0.0016748441807487857
2018-01-25,0.0018211387735156662
2018-01-26,-0.0025469660333380787
2018-01-29,-0.003266552604421684
2018-01-30,-0.002535970615698993
2018-01-31,0.0009451401583145782
2018-02-01,-0.00513237599426925
2018-02-02,-0.0051152956530439025
2018-02-05,0.006310913702248078
2018-02-06,-0.001658927301209017
2018-02-07,-0.0042497955710558855
2018-02-08,-0.0007870572305186323
2018-02-09,0.0018093639025500324
2018-02-12,-0.002360707020897968
2018-02-13,0.0026753030002798395
2018-02-14,-0.0068204581024363465
2018-02-15,0.000942349338992349
2018-02-16,0.0026712667509883317
2018-02-20,-0.000549225430993982
2018-02-21,-0.005086973394604668
2018-02-22,0.001804144441417632
2018-02-23,0.0035340590293693407
2018-02-26,0.001965318858416419
2018-02-27,-0.0033723999441841943
2018-02-28,0.0026712667509883317
2018-03-01,0.005277695073019289
2018-03-02,-0.004244971864551102
2018-03-05,-0.0014921528999065773
2018-03-06,7.885010266940452e-05
2018-03-07,-0.0007842540379128172
2018-03-08,0.002672274454143372
2018-03-09,-0.0033723999441841943
2018-03-12,0.002830062096641994
2018-03-13,0.0026742925780289875
2018-03-14,0.0026773265692037955
2018-03-15,-0.0007891627963762663
2018-03-16,-0.0025172255543545576
2018-03-19,0.00023408624229979467
2018-03-20,-0.00337437876032781
2018-03-21,7.912388774811773e-05
2018-03-22,0.00527310040599753
2018-03-23,0.0009435775809399428
2018-03-26,-0.002362810769960307
2018-03-27,0.006152668377281057
2018-03-28,0.0009443550676549873
2018-03-29,0.0026844377470229487
2018-04-02,0.0011700338650361812
2018-04-03,-0.005129524721176875
2018-04-04,7.638603696098563e-05
2018-04-05,-0.0033862769857545215
2018-04-06,0.005286906244927195
2018-04-09,-0.0006402975254756336
2018-04-10,-0.001657794952561708
2018-04-11,0.0009440431622817743
2018-04-12,-0.0033862769857545215
2018-04-13,0.0009435775809399428
2018-04-16,-0.0006340458541508675
2018-04-17,0.0009435775809399428
2018-04-18,-0.00424256227593068
2018-04-19,-0.004230536928579701
2018-04-20,-0.003360552284046188
2018-04-23,-0.0014754351791443924
2018-04-24,-0.001635274730323737
2018-04-25,-0.0024893522744403565
2018-04-26,0.002658248675644696
2018-04-27,0.0035226330934444703
2018-04-30,0.0011036722405080052
2018-05-01,-0.0016386374497468273
2018-05-02,8.13141683778234e-05
2018-05-03,0.00266423812217849
2018-05-04,-0.0007800582773016766
2018-05-07,0.00024229979466119098
2018-05-08,-0.0016386374497468273
2018-05-09,-0.0024939776149252133
2018-05-10,0.0026612393610841918
2018-05-11,8.13141683778234e-05
2018-05-14,-0.0023313492781695663
2018-05-15,-0.0067582407391622605
2018-05-16,-0.0007703100199920204
2018-05-17,-0.0016229906024093524
2018-05-18,0.0043646217614989645
2018-05-21,0.00025133470225872695
2018-05-22,8.37782340862423e-05
2018-05-23,0.004373804530245766
2018-05-24,0.0026602415696446663
2018-05-25,0.004388574530341423
2018-05-29,0.014212146227773136
2018-05-30,-0.0059807902554390524
2018-05-31,0.0009434229932659726
2018-06-01,-0.005101111940775048
2018-06-04,-0.0040674895352833884
2018-06-05,0.001804144441417632
2018-06-06,-0.004218549125279631
2018-06-07,0.0035269088113336947
2018-06-08,8.021902806297058e-05
2018-06-11,-0.002339719213551853
2018-06-12,8.10403832991102e-05
2018-06-13,-0.0016375159457426129
2018-06-14,0.0035254823729719952
2018-06-15,0.0009418937193814136
2018-06-18,0.0011024833482723157
2018-06-19,0.00266925405845855
2018-06-20,-0.0033664707122872018
2018-06-21,0.0026682490675678312
2018-06-22,7.939767282683094e-05
2018-06-25,0.002830062096641994
2018-06-26,-0.000784954383766056
2018-06-27,0.004407172151799473
2018-06-28,-0.0007877587833437492
2018-06-29,-0.0007870572305186323
2018-07-02,-0.001493827978659476
2018-07-03,0.0035412393836310543
2018-07-05,-0.0007102776060679107
2018-07-06,0.0018099468622157506
2018-07-09,-0.003225907655027533
2018-07-10,-0.0007856550309828839
2018-07-11,0.0018081997984881978
2018-07-12,7.802874743326489e-05
2018-07-13,0.0018093639025500324
2018-07-16,-0.0014971799463672632
2018-07-17,-0.0007863559798160576
2018-07-18,-0.0016487579649305335
2018-07-19,0.003539800895810941
2018-07-20,-0.004237747621628309
2018-07-23,-0.005783464270448676
2018-07-24,0.0009415914739097849
2018-07-25,0.0009417424467197425
2018-07-26,-0.003356612653853093
2018-07-27,0.0018018403212217706
2018-07-30,-0.0014754351791443924
2018-07-31,0.0018018403212217706
2018-08-01,-0.0033526778052115017
2018-08-02,0.0018006918553256813
2018-08-03,0.002663237636598748
2018-08-06,0.0011032756431605367
2018-08-07,-0.003356612653853093
2018-08-08,0.0018018403212217706
2018-08-09,0.00266523950731076
2018-08-10,0.005263932848836669
2018-08-13,-0.0006278017485846733
2018-08-14,-0.0007842540379128172
2018-08-15,0.002672274454143372
2018-08-16,-0.0007856550309828839
2018-08-17,7.857631759069131e-05
2018-08-20,0.004566192850475901
2018-08-21,-0.0025172255543545576
2018-08-22,0.002676314330417507
2018-08-23,7.720739219712525e-05
2018-08-24,7.720739219712525e-05
2018-08-27,-0.002362810769960307
2018-08-28,-0.00251255973369658
2018-08-29,-0.0007842540379128172
2018-08-30,0.002672274454143372
2018-08-31,7.83025325119781e-05
2018-09-04,-0.00313749234664826
2018-09-05,7.939767282683094e-05
2018-09-06,0.001806458172964478
2018-09-07,-0.005086973394604668
2018-09-10,0.00024147843942505133
2018-09-11,-0.003356612653853093
2018-09-12,0.0009412904268410336
2018-09-13,8.13141683778234e-05
2018-09-14,-0.001636395039435075
2018-09-17,0.0002455852156057495
2018-09-18,-0.005056026648209685
2018-09-19,-0.0024816612196340787
2018-09-20,0.0009398030974534102
2018-09-21,8.40520191649555e-05
2018-09-24,-0.0006029003529665203
2018-09-25,-0.0016241043752537759
2018-09-26,0.0035084583792202254
2018-09-27,8.37782340862423e-05
2018-09-28,0.0009400981825263947
2018-10-01,-0.0031680210457956577
2018-10-02,0.0035098704908723844
2018-10-03,-0.008437534052480255
2018-10-04,-0.003315533699102033
2018-10-05,-0.0033077681442325573
2018-10-09,0.002052953074512236
2018-10-10,-0.0007613100490828071
2018-10-11,0.0069083834619752755
2018-10-12,-0.000766150001803905
2018-10-15,-0.0005929730984837982
2018-10-16,8.651608487337441e-05
2018-10-17,-0.0024648190066528723
2018-10-18,0.0017899001063722282
2018-10-19,-0.0024632931967120343
2018-10-22,0.00026283367556468175
2018-10-23,0.002641453023237057
2018-10-24,0.006066249102184967
2018-10-25,-0.0033252670778431666
2018-10-26,0.0052162759673613016
2018-10-29,0.00025297741273100615
2018-10-30,-0.003329168678855278
2018-10-31,-0.0024709310630629277
2018-11-01,0.0009387796297581029
2018-11-02,-0.006707517812741779
2018-11-05,0.0019645332365295144
2018-11-06,-0.001610778013643351
2018-11-07,8.815879534565365e-05
2018-11-08,-0.001608565177703724
2018-11-09,0.00434091983440469
2018-11-13,0.004612018768709446
2018-11-14,0.0017927193125451709
2018-11-15,0.0009392164845883573
2018-11-16,0.002650312841512261
2018-11-19,0.001964773468124423
2018-11-20,8.37782340862423e-05
2018-11-21,8.37782340862423e-05
2018-11-23,0.001023876416612637
2018-11-26,-0.0014604403480903943
2018-11-27,0.0009399504915630109
2018-11-28,8.37782340862423e-05
2018-11-29,0.002655266045594325
2018-11-30,0.0017989736379566224
2018-12-03,0.0028250601870300185
2018-12-04,0.006117301108069089
2018-12-06,0.003615164143185518
2018-12-07,0.0018081997984881978
2018-12-10,0.00023408624229979467
2018-12-11,-0.00337437876032781
2018-12-12,-0.0016453790534826235
2018-12-13,7.967145790554415e-05
2018-12-14,0.0018058788372503107
2018-12-17,0.0028305222296396075
2018-12-18,0.003542679081963582
2018-12-19,0.004418403274283159
2018-12-20,-0.001658927301209017
2018-12-21,7.638603696098563e-05
2018-12-24,0.00457681142267461
2018-12-26,-0.0059155902001118265
2018-12-27,0.0035498957669010626
2018-12-28,0.004427804352636255
2018-12-31,0.002838483670374927
2019-01-02,0.002766267895316076
2019-01-03,0.008846086009390382
2019-01-04,-0.00952785064154854
2019-01-07,-0.0023944761968789697
2019-01-08,-0.002535970615698993
2019-01-09,-0.0007947909842281331
2019-01-10,7.501711156741957e-05
2019-01-11,0.0026874991008796955
2019-01-14,0.00022258726899383985
2019-01-15,-0.0007962010753236283
2019-01-16,-0.0007954958771856762
2019-01-17,-0.00166346277383594
2019-01-18,-0.0033942333327891677
2019-01-22,0.004653197459635596
2019-01-23,-0.0016623279929528485
2019-01-24,0.0035571428674374115
2019-01-25,-0.0034002133426147755
2019-01-28,0.0010957975531073077
2019-01-29,0.0026864777335431017
2019-01-30,0.0018169897737802868
2019-01-31,0.006193923748317247
2019-02-01,-0.006026766939455711
2019-02-04,-0.0023881266731938596
2019-02-05,0.0018163995112495126
2019-02-06,0.0009454563308427125
2019-02-07,0.004441030039511501
2019-02-08,0.0018211387735156662
2019-02-11,-0.0015308332293456372
2019-02-12,-0.002543819892342564
2019-02-13,-0.0025391075743536064
2019-02-14,0.004439136057454441
2019-02-15,7.28268309377139e-05
2019-02-19,0.0011647326136083568
2019-02-20,7.255304585900069e-05
2019-02-21,-0.003414209364200819
2019-02-22,0.0035673401501143506
2019-02-25,-0.0015274569083284827
2019-02-26,0.0026946743935985316
2019-02-27,-0.004286166835922037
2019-02-28,-0.003406204311238842
2019-03-01,-0.002531272042334715
2019-03-04,0.0037082722308871036
2019-03-05,7.446954140999315e-05
2019-03-06,0.0026895445875549408
2019-03-07,0.004442925557744436
2019-03-08,0.001821733945668323
2019-03-11,-0.0015325223113093378
2019-03-12,0.002697763340871039
2019-03-13,7.145790554414784e-05
2019-03-14,-0.0016771278193534276
2019-03-15,0.003576128593689662
2019-03-18,-0.0006628666798348592
2019-03-19,-0.000803978470239895
2019-03-20,0.006218909240787785
2019-03-21,6.954140999315537e-05
2019-03-22,0.008895400972599575
2019-03-25,0.0010834524016311079
2019-03-26,0.001834375664443212
2019-03-27,0.0018355939823149225
2019-03-28,6.543463381245723e-05
2019-03-29,-0.001702411253686619
2019-04-01,-0.006845207793137688
2019-04-02,0.0009490154541414596
2019-04-03,-0.003448450269223015
2019-04-04,0.0009485212987472216
2019-04-05,0.0009486857059863384
2019-04-08,-0.0015528394124907849
2019-04-09,0.0009485212987472216
2019-04-10,0.0027112452302455793
2019-04-11,-0.0025706799393618142
2019-04-12,-0.004317967092387292
2019-04-15,0.0010880447362433072
2019-04-16,-0.004308154669270707
2019-04-17,0.0009472172104552237
2019-04-18,0.001824719057201211
2019-04-22,-0.0014706141911286239
2019-04-23,0.001824719057201211
2019-04-24,0.003584961503089003
2019-04-25,-0.000808947121082882
2019-04-26,0.002708120063002378
2019-04-29,-0.0024284803458160353
2019-04-30,0.002708120063002378
2019-05-01,-0.0008103695225388667
2019-05-02,-0.0025643358222479937
2019-05-03,0.0009480299412431027
2019-05-06,0.0028472028829886887
2019-05-07,0.005361655071135654
2019-05-08,-0.003454529909701425
2019-05-09,0.003596808273689288
2019-05-10,-0.0016954859104850878
2019-05-13,0.006393375352741148
2019-05-14,-0.0017012554653736878
2019-05-15,0.004494689972670602
2019-05-16,-0.002588203354661359
2019-05-17,0.0009505147784972635
2019-05-20,-0.0015715419860617046
2019-05-21,-0.0017001003035418982
2019-05-22,0.0036057458137352073
2019-05-23,0.007172161095217209
2019-05-24,-0.000824662219039096
2019-05-28,0.005597496615059195
2019-05-29,0.0009528976917216563
2019-05-30,0.0027386847910351422
2019-05-31,0.00722829858968858
2019-06-03,0.006469456362673631
2019-06-04,-0.0044275567921077995
2019-06-05,5.8042436687200544e-05
2019-06-06,5.8042436687200544e-05
2019-06-07,0.0027526459633266257
2019-06-10,-0.005201304697333357
2019-06-11,5.886379192334017e-05
2019-06-12,0.0018516622811712482
2019-06-13,0.002751566252295807
2019-06-14,0.0009556973280562183
2019-06-17,0.00017166324435318275
2019-06-18,0.0027558908971792536
2019-06-19,0.0027591445493507995
2019-06-20,0.0018592242216449485
2019-06-21,-0.005339569770329136
2019-06-24,0.004676849452334549
2019-06-25,0.0018598585858143762
2019-06-26,-0.0044452752908671
2019-06-27,0.00366340988044369
2019-06-28,0.0009573082869543532
2019-07-01,-0.002538473761127801
2019-07-02,0.004571491972653482
2019-07-03,0.0018624025388550797
2019-07-05,-0.007096299409210667
2019-07-08,-0.0007324538825580735
2019-07-09,-0.0017420846112640978
2019-07-10,5.66735112936345e-05
2019-07-11,-0.005321691018981815
2019-07-12,0.0009551661490890007
2019-07-15,0.0028687308367010265
2019-07-16,-0.0035283681670466244
2019-07-17,0.006355167452951983
2019-07-18,0.001857325018172919
2019-07-19,-0.0008441581946730633
2019-07-22,0.0001683778234086242
2019-07-23,-0.002639832033150872
2019-07-24,0.0027569744781090486
2019-07-25,-0.002639832033150872
2019-07-26,5.6947296372347706e-05
2019-07-29,0.0019699567106578647
2019-07-30,5.639972621492129e-05
2019-07-31,0.0036618686706612158
2019-08-01,0.010937059248482225
2019-08-02,0.0036866842920183947
2019-08-05,0.010203645780204846
2019-08-06,0.0018772335831337553
2019-08-07,0.0018785397436311955
2019-08-08,-0.0008683071128704338
2019-08-09,-0.001781304288923147
2019-08-12,0.008408185036167255
2019-08-13,-0.0027057637185583802
2019-08-14,0.0083364701369849
2019-08-15,0.006514694332095674
2019-08-16,-0.002727533544610774
2019-08-19,-0.0044762175708311005
2019-08-20,0.004659040326201364
2019-08-21,-0.0036422619138246253
2019-08-22,-0.002715790209301567
2019-08-23,0.009288785477135545
2019-08-26,-0.0017221935282495059
2019-08-27,0.004671501617669626
2019-08-28,0.0018944225187566522
2019-08-29,-0.0027359519686374493
2019-08-30,4.1067761806981516e-05
2019-09-03,0.002944711319780563
2019-09-04,4.024640657084189e-05
2019-09-05,-0.009180720059564329
2019-09-06,0.0018890852009064258
2019-09-09,-0.0072270751798168935
2019-09-10,-0.008191372027100777
2019-09-11,-0.0026941116506148948
2019-09-12,-0.0035996315011224867
2019-09-13,-0.00992597254285871
2019-09-16,0.005613545144717542
2019-09-17,0.002783273172378708
2019-09-18,0.0009609826070683808
2019-09-19,0.000961169770459486
2019-09-20,0.004619978479636814
2019-09-23,0.0019731635384431733
2019-09-24,0.007397746977764496
2019-09-25,-0.008186928941745133
2019-09-26,0.0027955165091039474
2019-09-27,0.0009630596207788376
2019-09-30,0.0010557897902455616
2019-10-01,0.002801121542035057
2019-10-02,0.00464870228919862
2019-10-03,0.005584891918124531
2019-10-04,0.0018910816218900785
2019-10-07,-0.003565471960021822
2019-10-08,0.0018897499994800463
2019-10-09,-0.00456370275966866
2019-10-10,-0.00729594917427796
2019-10-11,-0.008173617605678871
2019-10-15,-0.0007200666490061105
2019-10-16,0.0018759300790349557
2019-10-17,-0.0008653608960520784
2019-10-18,4.818617385352498e-05
2019-10-21,-0.003501141582876162
2019-10-22,0.0018739797937908078
2019-10-23,0.0009615450886181719
2019-10-24,4.845995893223819e-05
2019-10-25,-0.0026858185956626464
2019-10-28,-0.004397774833346602
2019-10-29,0.0009602372515658822
2019-10-30,0.005524440267691935
2019-10-31,0.008297259831576824
2019-11-01,-0.0036123647141449566
2019-11-04,-0.005329201471735763
2019-11-05,-0.006311618247031766
2019-11-06,0.0046057387411083325
2019-11-07,-0.009915367614993204
2019-11-08,-0.001757449807409848
2019-11-12,0.0020242998283062936
2019-11-13,0.00368356404148079
2019-11-14,0.0055144767194313
2019-11-15,-0.0017693441511021097
2019-11-18,0.0028840260813451694
2019-11-19,0.0018733310220380949
2019-11-20,0.005536939352220852
2019-11-21,-0.003603870607683495
2019-11-22,4.845995893223819e-05
2019-11-25,0.0010586531618107917
2019-11-26,0.0018765814993160458
2019-11-27,-0.002690791451150064
2019-11-29,-0.0008154298170750377
2019-12-02,-0.004404012163461269
2019-12-03,0.010116252676103008
2019-12-04,-0.004516945774919941
2019-12-05,-0.0026858185956626464
2019-12-06,-0.0035890568405934757
2019-12-09,0.0010611760052573267
2019-12-10,-0.0017681517651908817
2019-12-11,0.0055219464090576886
2019-12-12,-0.00992597254285871
2019-12-13,0.007335989310432387
2019-12-16,-0.006201514634249912
2019-12-17,5.174537987679671e-05
2019-12-18,-0.0026660160706637346
2019-12-19,5.256673511293634e-05
2019-12-20,5.256673511293634e-05
2019-12-23,-0.0007477649084776641
2019-12-24,0.002773344995132285
2019-12-26,0.00010403832991101984
2019-12-27,0.0018675217420680993
2019-12-30,-0.0016592564956137029
2019-12-31,-0.0017598234393192789
2020-01-02,0.0037361307765937267
2020-01-03,0.007342808855845522
2020-01-06,-0.0007631229467456979
2020-01-07,-0.00177053719495031
2020-01-08,-0.0035827278436226747
2020-01-09,0.0018694522472843453
2020-01-10,0.0018707425367346048
2020-01-13,-0.001667946426381847
2020-01-14,0.002782166095068144
2020-01-15,0.002785490296083595
2020-01-16,-0.001772925258688448
2020-01-17,-0.002679201981326421
2020-01-21,0.005675569631141627
2020-01-22,0.0009615450886181719
2020-01-23,0.002791050464198191
2020-01-24,0.0037118362110384866
2020-01-27,0.008421690892081007
2020-01-28,-0.0036294167526000898
2020-01-29,0.00464870228919862
2020-01-30,0.002810141791556722
2020-01-31,0.005592529888433574
2020-02-03,-0.0026465321092379326
2020-02-04,-0.006399476569332801
2020-02-05,-0.0045454552604549175
2020-02-06,0.0009638248741264474
2020-02-07,0.005572202437985924
2020-02-10,0.002898337512736478
2020-02-11,-0.0027208170172604925
2020-02-12,-0.002715790209301567
2020-02-13,0.0009645954764611575
2020-02-14,0.0018864327441214144
2020-02-18,0.003866321126620498
2020-02-19,-0.0008801453343649829
2020-02-20,0.003740539820686921
2020-02-21,0.00560530045861506
2020-02-24,0.0075684323292912765
2020-02-25,0.004705030793448178
2020-02-26,3.641341546885695e-05
2020-02-27,0.0028410648331066617
2020-02-28,0.016066681901599943
2020-03-02,0.0029263308857499742
2020-03-03,0.007617190041868274
2020-03-04,2.7926078028747434e-05
2020-03-05,0.009560620790442733
2020-03-06,0.01734342321683542
2020-03-09,0.019503381426240998
2020-03-10,-0.021129407626235372
2020-03-11,-0.005728440123243826
2020-03-12,-0.005709033659750707
2020-03-13,-0.005689704302127607
2020-03-16,0.020291826146092515
2020-03-17,-0.027479108507898472
2020-03-18,-0.01502162603372366
2020-03-19,0.005693503046367514
2020-03-20,0.01909500016469046
2020-03-23,0.015453841102724181
2020-03-24,-0.007636909234944255
2020-03-25,-0.003798005751914987
2020-03-26,0.0048126712805610546
2020-03-27,0.010617438587412254
2020-03-30,0.001987485291416056
2020-03-31,1.9164955509924707e-05
2020-04-01,0.007764487728857995
2020-04-02,-0.0009507005431515804
2020-04-03,0.0009854252513524862
2020-04-06,-0.004777416950250089
2020-04-07,-0.007675042593641004
2020-04-08,-0.0019008477276194452
2020-04-09,0.0038717886041607233
2020-04-13,-0.0028036139446685534
2020-04-14,2.080766598220397e-05
2020-04-15,0.01260019021282234
2020-04-16,0.0019546048245619773
2020-04-17,-0.0038499808237569223
2020-04-20,0.001988737434190049
2020-04-21,0.004868160235086065
2020-04-22,-0.004822474608923293
2020-04-23,0.0019546048245619773
2020-04-24,0.0009858819228499923
2020-04-27,-0.006710365361918984
2020-04-28,0.004859205721084393
2020-04-29,-0.0009507005431515804
2020-04-30,-0.0009499255496186848
2020-05-01,1.752224503764545e-05
2020-05-04,5.256673511293635e-05
2020-05-05,-0.001914822033251887
2020-05-06,-0.005760956654032806
2020-05-07,0.008728658878730729
2020-05-08,-0.005770753870267697
2020-05-11,-0.003794033588958666
2020-05-12,0.0038786691602459874
2020-05-13,0.004854739420594829
2020-05-14,0.0009851974632778607
2020-05-15,-0.0009499255496186848
2020-05-18,-0.008611417856185632
2020-05-19,0.002912505169374994
2020-05-20,0.0019495095009674432
2020-05-21,1.861738535249829e-05
2020-05-22,0.0019509616669671481
2020-05-26,-0.0028217366577793063
2020-05-27,0.0009840639871440857
2020-05-28,-0.0019097303257490513
2020-05-29,0.004852509004003098
2020-06-01,-0.0009127845951674439
2020-06-02,-0.0019122747269436971
2020-06-03,-0.008627474321813995
2020-06-04,-0.004769968287331168
2020-06-05,-0.008561423699568643
2020-06-08,0.0029404998764292435
2020-06-09,0.0038529861604216717
2020-06-10,0.008678030950466853
2020-06-11,0.008715957776527516
2020-06-12,-0.004800287066909076
2020-06-15,5.8316221765913754e-05
2020-06-16,-0.003827289194574748
2020-06-17,0.0009827157959913394
2020-06-18,0.002911282965287938
2020-06-19,0.0009836131408486254
2020-06-22,-0.0009061808692291212
2020-06-23,-0.0009437386930836941
2020-06-24,0.0029137284610121746
2020-06-25,0.0009840639871440857
2020-06-26,0.0038873025190948726
2020-06-29,5.256673511293635e-05
2020-06-30,-0.001914822033251887
2020-07-01,-0.0028759461033645217
2020-07-02,0.0009840639871440857
2020-07-06,-0.0008902038854549171
2020-07-07,0.0038855729372422577
2020-07-08,-0.0019135480166473842
2020-07-09,0.004859205721084393
2020-07-10,-0.002883040444634707
2020-07-13,0.0010205621001349097
2020-07-14,0.0009851974632778607
2020-07-15,-0.0009499255496186848
2020-07-16,0.001953874734248372
2020-07-17,-0.0019173722496565555
2020-07-20,0.001988919224323663
2020-07-21,0.0009856534044388426
2020-07-22,0.0009858819228499923
2020-07-23,0.0009861108068993309
2020-07-24,1.6153319644079396e-05
2020-07-27,-0.002856066026335371
2020-07-28,0.0029260213981365537
2020-07-29,0.0009863400569005024
2020-07-30,0.002930969260276097
2020-07-31,1.5058179329226558e-05
2020-08-03,-0.0009260193683304054
2020-08-04,0.003908171547536202
2020-08-05,-0.002900852884606471
2020-08-06,1.5058179329226558e-05
2020-08-07,-0.0019263209962467273
2020-08-10,-0.001892549056153171
2020-08-11,-0.004819694800383899
2020-08-12,-0.004805823055208966
2020-08-13,-0.0019084592130147787
2020-08-14,1.9438740588637917e-05
2020-08-17,0.0019876619888735364
2020-08-18,0.0019502352205168904
2020-08-19,-0.0009468292162316744
2020-08-20,0.0029186325217168707
2020-08-21,0.0009849700399021924
2020-08-24,-0.0009141064303969823
2020-08-25,-0.0038408867663339056
2020-08-26,1.8891170431211498e-05
2020-08-27,-0.00479199666323436
2020-08-28,2.026009582477755e-05
2020-08-31,0.001987134070984994
2020-09-01,0.0038803929244255477
2020-09-02,0.0019509616669671481
2020-09-03,0.0029210911016459753
2020-09-04,-0.00865121748086586
2020-09-08,0.002972866038014228
2020-09-09,-0.0019084592130147787
2020-09-10,0.002914952841131551
2020-09-11,0.000984289954845688
2020-09-14,-0.0009101420156841043
2020-09-15,1.861738535249829e-05
2020-09-16,-0.000946056041512412
2020-09-17,1.8891170431211498e-05
2020-09-18,-0.0009452832296217406
2020-09-21,0.0019878394119872927
2020-09-22,1.861738535249829e-05
2020-09-23,1.861738535249829e-05
2020-09-24,0.000984289954845688
2020-09-25,0.0009845162859981325
2020-09-28,-0.0009114631237003529
2020-09-29,0.0009845162859981325
2020-09-30,-0.0028759461033645217
2020-10-01,0.0009840639871440857
2020-10-02,-0.0019097303257490513
2020-10-05,-0.007623975662770432
2020-10-06,0.0019437298384180361
2020-10-07,-0.004772715539010839
2020-10-08,0.0029027579099754758
2020-10-09,-0.0009383441987259295
2020-10-13,0.004897404047438231
2020-10-14,0.0009829395895143858
2020-10-15,-0.0009421956041355544
2020-10-16,-0.0019021145031600957
2020-10-19,-0.0018579663408162016
2020-10-20,-0.0028547673359097634
2020-10-21,-0.0018932621875515465
2020-10-22,-0.003800249722764094
2020-10-23,0.0019372828834817344
2020-10-26,0.003904640300718603
2020-10-27,0.0019415743837477462
2020-10-28,2.1629021218343603e-05
2020-10-29,-0.00571872722852059
2020-10-30,-0.002842484801766148
2020-11-02,0.001028025418094625
2020-11-03,-0.0028389851583752847
2020-11-04,0.011546676384304455
2020-11-05,-0.0009383441987259295
2020-11-06,-0.003809239909557775
2020-11-09,-0.012298676029941202
2020-11-10,-0.0018744109780287673
2020-11-12,0.009606022270925134
2020-11-13,-0.0009306683296812931
2020-11-16,-0.0018344545199551604
2020-11-17,0.0038478883786067647
2020-11-18,-0.0009314343065233644
2020-11-19,0.0019365701422616865
2020-11-20,0.002896701007093745
2020-11-23,-0.0028005404057881373
2020-11-24,-0.001886960627619842
2020-11-25,2.409308692676249e-05
2020-11-27,0.003877079247348434
2020-11-30,6.899383983572895e-05
2020-12-01,-0.007603207827968172
2020-12-02,-0.002830254743077299
2020-12-03,0.0028858662622670657
2020-12-04,-0.004728973941076149
2020-12-07,0.0029365846098817817
2020-12-08,0.001932308692197989
2020-12-09,-0.002830254743077299
2020-12-10,0.0028858662622670657
2020-12-11,0.001933726323001312
2020-12-14,7.392197125256675e-05
2020-12-15,-0.0018819322344710953
2020-12-16,2.5188227241615333e-05
2020-12-17,-0.0018794223094137363
2020-12-18,-0.0009260799480567917
2020-12-21,7.802874743326489e-05
2020-12-22,0.0019316009443708386
2020-12-23,-0.0028285118572662226
2020-12-24,0.0019308939074493244
2020-12-28,0.00010294318959616699
2020-12-29,2.5735797399041748e-05
2020-12-30,0.00097853201081728
2020-12-31,2.5462012320328546e-05
2021-01-04,0.00010184804928131418
2021-01-05,-0.0028285118572662226
2021-01-06,-0.007552996848938733
2021-01-07,-0.003753424576603012
2021-01-08,-0.004685685774175272
2021-01-11,-0.0017913632817711488
2021-01-12,3.1485284052019164e-05
2021-01-13,0.004754000893012498
2021-01-14,-0.004680306327799001
2021-01-15,0.0038075664019465508
2021-01-19,0.0010660678883706706
2021-01-20,3.0116358658453117e-05
2021-01-21,-0.0018569602573598
2021-01-22,0.0019196775060629848
2021-01-25,0.0048250012743933455
2021-01-26,2.8747433264887066e-05
2021-01-27,0.0009761686039451812
2021-01-28,-0.002809410113241196
2021-01-29,-0.003746786063503912
2021-02-01,0.001981153538172215
2021-02-02,-0.002800769721774442
2021-02-03,-0.002795598084412939
2021-02-04,3.1485284052019164e-05
2021-02-05,-0.0037291448796516755
2021-02-08,9.774127310061601e-05
2021-02-09,0.0009732222021746986
2021-02-10,0.002858568668582432
2021-02-11,-0.0009101207838292915
2021-02-12,-0.0037269460018271093
2021-02-16,-0.009217263507742095
2021-02-17,0.0009709550563538338
2021-02-18,3.5318275154004104e-05
2021-02-19,-0.004629547876803691
2021-02-22,-0.0026845845877504298
2021-02-23,3.7508555783709786e-05
2021-02-24,-0.0008935664779141814
2021-02-25,-0.014737847269258156
2021-02-26,0.009324313386974717
2021-03-01,-0.0008094839648697188
2021-03-02,0.002827229291202795
2021-03-03,-0.004595175988049004
2021-03-04,-0.006424338555091517
2021-03-05,-0.001803000129045242
2021-03-08,-0.002635396072701971
2021-03-09,0.0037357256440742966
2021-03-10,0.0018904154729500347
2021-03-11,-0.0008816311518707512
2021-03-12,-0.009146095367701822
2021-03-15,0.0019742519657340273
2021-03-16,4.435318275154005e-05
2021-03-17,-0.0008749555696849454
2021-03-18,-0.007279992512583336
2021-03-19,-0.0026957732416150655
2021-03-22,0.004725476665661707
2021-03-23,0.005562087153686947
2021-03-24,0.000964402323416163
2021-03-25,-0.0008749555696849454
2021-03-26,-0.00362514574221521
2021-03-29,-0.005350765255410723
2021-03-30,4.736481861738535e-05
2021-03-31,-0.0008668333409236732
2021-04-01,0.00463019945826951
2021-04-02,-0.002699099410368752
2021-04-05,-0.0007733879937946242
2021-04-06,0.00555200401738562
2021-04-07,-0.0008712586470042478
2021-04-08,0.0037213558173667853
2021-04-09,-0.0027074322944384437
2021-04-12,-0.0016958649891267155
2021-04-13,0.004640462083896784
2021-04-14,4.4900752908966456e-05
2021-04-15,0.007425472423060379
2021-04-16,-0.0027208170172604925
2021-04-19,-0.001709888096817681
2021-04-20,0.002809010735173744
2021-04-21,0.0009653714459753743
2021-04-22,4.2984257357973996e-05
2021-04-23,-0.0008786608643624494
2021-04-26,0.00012977412731006162
2021-04-27,-0.004553265568127495
2021-04-28,4.4626967830253246e-05
2021-04-29,-0.0017921251296521613
2021-04-30,4.517453798767967e-05
2021-05-03,0.001974140115902313
2021-05-04,0.0018851105502319704
2021-05-05,0.0018864327441214144
2021-05-06,0.0009651769494262289
2021-05-07,-0.0017981600832148363
2021-05-10,-0.002626505393575099
2021-05-11,-0.000874215516525855
2021-05-12,-0.004537659983894456
2021-05-13,0.0027999985329877444
2021-05-14,0.0028033705697738066
2021-05-17,-0.0007849615808653484
2021-05-18,4.4900752908966456e-05
2021-05-19,-0.003623012240044007
2021-05-20,0.0046425196222291245
2021-05-21,4.4626967830253246e-05
2021-05-24,0.001974364485892477
2021-05-25,0.004656969352934493
2021-05-26,-0.0018005787609154356
2021-05-27,-0.002717464805327673
2021-05-28,0.002809010735173744
2021-06-01,-0.003506059172988529
2021-06-02,0.0028078806876995327
2021-06-03,-0.0036336931119353307
2021-06-04,0.006502644752758367
2021-06-07,-0.000793981986510335
2021-06-08,0.0037389337445982765
2021-06-09,0.0028180875077916685
2021-06-10,0.004679843014392094
2021-06-11,-0.0018139297025365469
2021-06-14,-0.003578971292876112
2021-06-15,4.134154688569473e-05
2021-06-16,-0.0054913034080775825
2021-06-17,0.004665263366498005
2021-06-18,0.006535872268880956
2021-06-21,-0.004507887191770207
2021-06-22,0.0018937529838425862
2021-06-23,-0.001810280421793896
2021-06-24,0.0009669395596583794
2021-06-25,-0.004576787061562943
2021-06-28,0.004755827421913295
2021-06-29,4.079397672826831e-05
2021-06-30,0.0037518202760489774
2021-07-01,-0.0027393264427386472
2021-07-02,0.0037534372010397453
2021-07-06,0.006678493634220432
2021-07-07,0.003771313477649537
2021-07-08,0.0028410648331066617
2021-07-09,-0.006485200902286814
2021-07-12,-0.0008185493663467617
2021-07-13,-0.0036789201242611257
2021-07-14,0.004696607509402299
2021-07-15,0.0056439188108270075
2021-07-16,3.586584531143053e-05
2021-07-19,0.011389223146562653
2021-07-20,-0.0037203577000901717
2021-07-21,-0.006510462605539139
2021-07-22,0.002844546906845501
2021-07-23,-0.002769880696803214
2021-07-26,0.0010421391768192685
2021-07-27,0.0037844187501947686
2021-07-28,-0.0009025753759141187
2021-07-29,-0.0018371843552730553
2021-07-30,0.00378606312267755
2021-08-02,0.003860553170773083
2021-08-03,0.0009730143641877569
2021-08-04,3.2580424366872e-05
2021-08-05,-0.0037203577000901717
2021-08-06,-0.0074414989981910346
2021-08-09,-0.0017593090333324118
2021-08-10,-0.0027596590017314815
2021-08-11,0.0009697360362012886
2021-08-12,-0.0008950645265846124
2021-08-13,0.0065847180673585404
2021-08-16,0.002916346218953038
2021-08-17,3.4496919917864475e-05
2021-08-18,-0.0009018227407014992
2021-08-19,0.0028480383033696694
2021-08-20,-0.0018396466336201443
2021-08-23,0.0010407684664207812
2021-08-24,-0.0037072184831159764
2021-08-25,-0.005559653181616136
2021-08-26,0.000969938347158693
2021-08-27,0.0028399062094765217
2021-08-30,0.0019783224954404315
2021-08-31,-0.0008995669056236133
2021-09-01,-0.0008988156498052328
2021-09-02,0.0019065908048175703
2021-09-03,-0.0036984865967982267
2021-09-07,-0.004509700922104312
2021-09-08,0.00283528202958969
2021-09-09,0.004711366286503261
2021-09-10,-0.004626893629125565
2021-09-13,0.001977789529265151
2021-09-14,0.004715598556219351
2021-09-15,-0.002768174503030668
2021-09-16,-0.002763062112248828
2021-09-17,-0.00275795898884557
2021-09-20,0.005718935922394427
2021-09-21,-0.0018310407239552728
2021-09-22,0.0009703439990773064
2021-09-23,-0.008330603828692374
2021-09-24,-0.005522249212055912
2021-09-27,-0.0008056038992014631
2021-09-28,-0.005500565866177575
2021-09-29,-0.0008808880745368418
2021-09-30,0.0028158122371340234
2021-10-01,0.0037469776573610903
2021-10-04,-0.0008043112227106959
2021-10-05,-0.004576787061562943
2021-10-06,0.0009661528009308024
2021-10-07,-0.0045663162541814415
2021-10-08,-0.002717464805327673
2021-10-12,0.002018670937139895
2021-10-13,0.002811273857705677
2021-10-14,0.003740539820686921
2021-10-15,-0.006406568223414581
2021-10-18,0.00013059548254620124
2021-10-19,-0.005466692252745177
2021-10-20,4.517453798767967e-05
2021-10-21,-0.0027057637185583802
2021-10-22,0.0018818167962340025
2021-10-25,0.0019740289358283927
2021-10-26,0.0009642095055349891
2021-10-27,0.008356188532377769
2021-10-28,-0.0027241732614033502
2021-10-29,0.0018890852009064258
2021-11-01,-0.002637621260476474
2021-11-02,0.0018884210766560278
2021-11-03,-0.003640117700104027
2021-11-04,0.006511678393114939
2021-11-05,0.007463876772395554
2021-11-08,-0.00543044887342653
2021-11-09,0.004677755118548001
2021-11-10,-0.009185679884334013
2021-11-12,-0.0017578682886361747
2021-11-15,-0.00446674948325412
2021-11-16,4.4626967830253246e-05
2021-11-17,0.0028067516482775793
2021-11-18,0.0009649827891810755
2021-11-19,0.0046611129852621586
2021-11-22,-0.008147168886152105
2021-11-23,-0.00362514574221521
2021-11-24,0.0028022455540132447
2021-11-26,0.01491060575844814
2021-11-29,-0.0035762687244371674
2021-11-30,0.008399836708690527
2021-12-01,3.915126625598905e-05
2021-12-02,-0.0008890805322989235
2021-12-03,0.008431813615999756
2021-12-06,-0.00731866935980641
2021-12-07,-0.004592543918193557
2021-12-08,-0.0036573091077362774
2021-12-09,0.0028192266663730186
2021-12-10,0.0009671370958344597
2021-12-13,0.005696593980285579
2021-12-14,-0.0018175850935930906
2021-12-15,-0.002741015205633418
2021-12-16,0.0028249377263800607
2021-12-17,0.0028283766072629405
2021-12-20,-0.0017415975256251863
2021-12-21,-0.004592543918193557
2021-12-22,0.0018950927325941073
2021-12-23,-0.003661620457530648
2021-12-27,0.002016956269263531
2021-12-28,-0.0008853516060098061
2021-12-29,-0.005497476357773224
2021-12-30,0.0028158122371340234
2021-12-31,4.161533196440794e-05
2022-01-03,-0.00998732786880789
2022-01-04,-0.002709101871548602
2022-01-05,-0.004532471464597822
2022-01-06,-0.001782503942895442
2022-01-07,-0.002692451054074129
2022-01-10,-0.0016801399550724896
2022-01-11,0.0027899364433410147
2022-01-12,0.0009621105485034442
2022-01-13,0.0037118362110384866
2022-01-14,-0.007252170710440098
2022-01-18,-0.00797883714279521
2022-01-19,0.003691374522913126
2022-01-20,5.0102669404517456e-05
2022-01-21,0.007359903969421771
2022-01-24,0.00014373716632443533
2022-01-25,-0.0026891328410007277
2022-01-26,-0.006315104790161235
2022-01-27,0.0036945079265664985
2022-01-28,0.0027866003441561703
2022-01-31,-0.0007656872240715657
2022-02-01,-0.001772925258688448
2022-02-02,0.0027866003441561703
2022-02-03,-0.0035932827493899556
2022-02-04,-0.009910070543662894
2022-02-07,0.001064443353664637
2022-02-08,-0.003563811609491829
2022-02-09,0.0018636784208949943
2022-02-10,-0.008055014655680044
2022-02-11,0.010020503784704173
2022-02-14,-0.005261385200907165
2022-02-15,-0.006245808497627823
2022-02-16,0.0018579574383721163
2022-02-17,0.005477394282992149
2022-02-18,0.004583525078125427
2022-02-22,-0.0015997496020710392
2022-02-23,-0.004460525576381144
2022-02-24,0.0027667704334680414
2022-02-25,-0.0008499797839882145
2022-02-28,0.012902014096412121
2022-03-01,0.010116252676103008
2022-03-02,-0.012673819449499338
2022-03-03,5.092402464065709e-05
2022-03-04,0.011021019218777272
2022-03-07,-0.003506473185723595
2022-03-08,-0.007220533026746051
2022-03-09,-0.007189063486471005
2022-03-10,-0.0035596223584977377
2022-03-11,-0.0017503445514013127
2022-03-14,-0.012378585499091922
2022-03-15,-0.0008369102775135657
2022-03-16,-0.0035159475872006954
2022-03-17,-0.0008332983529909664
2022-03-18,0.005435898225172691
2022-03-21,-0.01580562060506726
2022-03-22,-0.005247938562803588
2022-03-23,0.005392567228771585
2022-03-24,-0.001710519357754463
2022-03-25,-0.012267307068566631
2022-03-28,0.0019671382322337372
2022-03-29,0.00448694944754168
2022-03-30,0.005385405351504893
2022-03-31,0.0027280554269116753
2022-04-01,-0.006130073408444484
2022-04-04,-0.0024541395706334287
2022-04-05,-0.01047205309348454
2022-04-06,-0.006056544727785937
2022-04-07,-0.004293482288104014
2022-04-08,-0.005149521977597457
2022-04-11,-0.005848223539687054
2022-04-12,0.0061691127505262185
2022-04-13,0.0018169897737802868
2022-04-14,-0.011179429529683859
2022-04-18,-0.0014196987690914247
2022-04-19,-0.006813102531458899
2022-04-20,0.006998640781773691
2022-04-21,-0.004235342553419607
2022-04-22,7.939767282683094e-05
2022-04-25,0.008036810156155571
2022-04-26,0.0035498957669010626
2022-04-27,-0.004254625325027267
2022-04-28,-0.0025172255543545576
2022-04-29,-0.00337437876032781
2022-05-02,-0.00835103021864748
2022-05-03,0.0018012657891750019
2022-05-04,0.0035269088113336947
2022-05-05,-0.010195363712315903
2022-05-06,-0.005890076620229198
2022-05-09,0.006250452757522159
2022-05-10,0.005236603518792785
2022-05-11,0.006979801706268431
2022-05-12,0.006136300586108577
2022-05-13,-0.007674744604125233
2022-05-16,0.004558292562121438
2022-05-17,-0.008513787264495247
2022-05-18,0.007849417369781684
2022-05-19,0.004405305601439626
2022-05-20,0.005284600718397742
2022-05-23,-0.006686664645317571
2022-05-24,0.00876488279255735
2022-05-25,0.0009446681896576157
2022-05-26,7.529089664613278e-05
2022-05-27,0.0009448252075336447
2022-05-31,-0.009212665033881687
2022-06-01,-0.007670645390393199
2022-06-02,0.001804144441417632
2022-06-03,-0.003360552284046188
2022-06-06,-0.0066107373488325846
2022-06-07,0.005238871073486739
2022-06-08,-0.004204213098522347
2022-06-09,-0.0007737848425683729
2022-06-10,-0.009289877357795987
2022-06-13,-0.023272361508731423
2022-06-14,-0.004934376955620368
2022-06-15,0.013609044523490236
2022-06-16,0.004324656323352021
2022-06-17,0.0026336376495302927
2022-06-21,-0.004716793206644258
2022-06-22,0.012865632402034172
2022-06-23,0.006068917306503641
2022-06-24,-0.0033272172881122224
2022-06-27,-0.005693068376283172
2022-06-28,8.761122518822724e-05
2022-06-29,0.008629620937757642
2022-06-30,0.010395962046583327
2022-07-01,0.008716746632132372
2022-07-05,0.005511947138877552
2022-07-06,-0.009398003275259212
2022-07-07,-0.006783776117547878
2022-07-08,-0.0067546023270569685
2022-07-11,0.008842202317058633
2022-07-12,0.0026622380498182528
2022-07-13,0.0043922820102846
2022-07-14,-0.004220943689960113
2022-07-15,0.00266523950731076
2022-07-18,-0.002339719213551853
2022-07-19,-0.004208985808856132
2022-07-20,-0.0024878122808706794
2022-07-21,0.011292179777780019
2022-07-22,0.012234658955701194
2022-07-25,-0.0032385758005741413
2022-07-26,7.693360711841204e-05
2022-07-27,0.0026803687450848213
2022-07-28,0.008797216816131189
2022-07-29,0.0009459328849049311
2022-08-01,0.0063484340243136145
2022-08-02,-0.012964852315253175
2022-08-03,0.0018152208198326343
2022-08-04,0.004435352696708419
2022-08-05,-0.012911133336440667
2022-08-08,0.005441868599478872
2022-08-09,-0.002525020059575146
2022-08-10,0.0018122847636350284
2022-08-11,-0.0076993966835504826
2022-08-12,0.0026742925780289875
2022-08-15,0.004570163422003879
2022-08-16,-0.0025218995323021075
2022-08-17,-0.005964470803273517
2022-08-18,0.0009426545892733408
2022-08-19,-0.008513787264495247
2022-08-22,-0.0040410371916092735
2022-08-23,-0.0016296821252302762
2022-08-24,-0.00503923764410829
2022-08-25,0.00694238283942668
2022-08-26,-0.0007737848425683729
2022-08-29,-0.006577239967859166
2022-08-30,0.0009392164845883573
2022-08-31,-0.003323318047061301
2022-09-01,-0.009236404411486092
2022-09-02,0.0051893964226952475
2022-09-06,-0.010629426125545443
2022-09-07,0.005173833916457809
2022-09-08,-0.0016030433139737
2022-09-09,-0.003288436065835759
2022-09-12,-0.003098394932011474
2022-09-13,-0.004112322720247166
2022-09-14,0.000934966566196822
2022-09-15,-0.0032653907280932163
2022-09-16,9.44558521560575e-05
2022-09-19,-0.003068834105732913
2022-09-20,-0.006582708165290186
2022-09-21,0.005121124727429828
2022-09-22,-0.015664013372539906
2022-09-23,0.0009312342174007163
2022-09-26,-0.015320141123161657
2022-09-27,-0.007262477937141767
2022-09-28,0.020824673321742322
2022-09-29,-0.003206618971483538
2022-09-30,-0.005667233778249561
2022-10-03,0.013605856949984096
2022-10-04,0.004264274260788913
2022-10-05,-0.011480168624737956
2022-10-06,-0.005667233778249561
2022-10-07,-0.004826676562347476
2022-10-11,-0.002855340894092739
2022-10-12,0.0017498628682466844
2022-10-13,-0.00480545845023008
2022-10-14,-0.0023440186135975944
2022-10-17,-0.0013050232814992206
2022-10-18,0.000927238779397977
2022-10-19,-0.010446894899736032
2022-10-20,-0.00796834218086039
2022-10-21,0.002544123922974896
2022-10-24,-0.00288537929152298
2022-10-25,0.012320509923811942
2022-10-26,0.005008197846220388
2022-10-27,0.006663753571488522
2022-10-28,-0.004792250834063104
2022-10-31,-0.006178868858654178
2022-11-01,0.0025566990601203995
2022-11-02,-0.0023294871654824753
2022-11-03,-0.00313604185313307
2022-11-04,-0.0023193637852332344
2022-11-07,-0.0037022725815722543
2022-11-08,0.006612073022938368
2022-11-09,0.001739060916746726
2022-11-10,0.02485061495734452
2022-11-14,-0.004515578590918844
2022-11-15,0.006710290789222188
2022-11-16,0.010903359241397051
2022-11-17,-0.00816656017233363
2022-11-18,-0.004020351417578572
2022-11-21,-0.0005105600031155743
2022-11-22,0.005894644849870135
2022-11-23,0.004248566780148137
2022-11-25,0.0026941561171383377
2022-11-28,-0.0005276750112212779
2022-11-29,-0.004864064641430197
2022-11-30,0.005914981153008391
2022-12-01,0.012646572863631772
2022-12-02,0.0017711164002512628
2022-12-05,-0.007213760052125477
2022-12-06,0.0076335802792158606
2022-12-07,0.007664285510987848
2022-12-08,-0.004937104311944233
2022-12-09,-0.007417742427508757
2022-12-12,-0.003039438236348338
2022-12-13,0.008471051300914125
2022-12-14,0.0017722028417891653
2022-12-15,0.004296034291611493
2022-12-16,-0.0032596553188832095
2022-12-19,-0.007227188012724364
2022-12-20,-0.009861220300483453
2022-12-21,0.0009313636824785118
2022-12-22,0.0009314934294442542
2022-12-23,-0.006519611084031346
2022-12-27,-0.007004489618008374
2022-12-28,-0.0031841591270054524
2022-12-29,0.0042278004718897585
2022-12-30,-0.0040067497999983085
2023-01-03,0.007858064593375636
2023-01-04,0.008402963286363217
2023-01-05,-0.001557228626375088
2023-01-06,0.013470677757043628
2023-01-09,0.0019644196518426977
2023-01-10,-0.006568623257065176
2023-01-11,0.0059508740614764594
2023-01-12,0.009342346283744748
2023-01-13,-0.004934376955620368
2023-01-17,-0.002963466242975951
2023-01-18,0.013583720976540944
2023-01-19,-0.0015920432059592924
2023-01-20,-0.007453236661822051
2023-01-23,-0.0030614697380705537
2023-01-24,0.005132023666387314
2023-01-25,9.47296372347707e-05
2023-01-26,-0.0024194246252784574
2023-01-27,-0.002414928036044884
2023-01-30,-0.002217694464400838
2023-01-31,0.0026076727443104554
2023-02-01,0.011044071975790022
2023-02-02,-0.0007489301598427352
2023-02-03,-0.010780055197201327
2023-02-06,-0.008033495418953589
2023-02-07,-0.003223569614292267
2023-02-08,0.003429900540673209
2023-02-09,-0.003223569614292267
2023-02-10,-0.005694925520328612
2023-02-13,0.0019646373701347046
2023-02-14,-0.004031724399175617
2023-02-15,-0.003197241193750816
2023-02-16,-0.004011278115444839
2023-02-17,0.0034045408278289566
2023-02-21,-0.010235469593487577
2023-02-22,0.0017488236685134577
2023-02-23,0.004219207116973626
2023-02-24,-0.005630556793517413
2023-02-27,0.002786640756769078
2023-02-28,0.00010732375085557837
2023-03-01,-0.007247171612872549
2023-03-02,-0.005591136840163492
2023-03-03,0.009117842385800556
2023-03-06,-0.000492283029477986
2023-03-07,0.0009277226961778743
2023-03-08,-0.0007096683819762747
2023-03-09,0.0042106484170364635
2023-03-10,0.01918511811584491
2023-03-13,0.01283750136446238
2023-03-14,-0.007390279254645142
2023-03-15,0.01098341012261229
2023-03-16,-0.004079874528531679
2023-03-17,0.014413399204037926
2023-03-20,-0.006432453723646386
2023-03-21,-0.009912498693394466
2023-03-22,0.009321177348282963
2023-03-23,0.008520801265603367
2023-03-24,9.253935660506502e-05
2023-03-27,-0.012268193859967186
2023-03-28,-0.0015745629666786246
2023-03-29,-0.0015723882351430035
2023-03-30,0.001768950375096484
2023-03-31,0.005966376250044517
2023-04-03,0.00448836674814044
2023-04-04,0.00684426596782525
2023-04-05,0.004321058270345561
2023-04-06,9.034907597535934e-05
2023-04-07,-0.00748893983759787
2023-04-10,-0.0014042238471618405
2023-04-11,-0.0015876593614887074
2023-04-12,0.0017765715567766265
2023-04-13,-0.0032653907280932163
2023-04-14,-0.005763288378314615
2023-04-17,-0.006379396381651566
2023-04-18,0.001767331841935398
2023-04-19,-0.0015691304038572887
2023-04-20,0.005114605960441286
2023-04-21,-0.002407450851155208
2023-04-24,0.0044773441670049935
2023-04-25,0.010197046056582417
2023-04-26,-0.0024284410200275893
2023-04-27,-0.008270146625104025
2023-04-28,0.007657444034389294
2023-05-01,-0.012226656949559038
2023-05-02,0.012699311248082034
2023-05-03,0.005149551617494996
2023-05-04,0.0009355180877223942
2023-05-05,-0.005788386628478648
2023-05-08,-0.006412001385901527
2023-05-09,-0.0007400473512312293
2023-05-10,0.008501609150124377
2023-05-11,0.003462518929340366
2023-05-12,-0.005782100021365983
2023-05-15,-0.003066378172260734
2023-05-16,-0.0032482154296344604
2023-05-17,-0.002407450851155208
2023-05-18,-0.006554574640410887
2023-05-19,-0.004047705360735066
2023-05-22,-0.0013535490719551201
2023-05-23,0.001760908745661793
2023-05-24,-0.0023836668012528505
2023-05-25,-0.008140916620448784
2023-05-26,0.0025814059149542445
2023-05-30,0.009545239687242574
2023-05-31,0.004260773824366259
2023-06-01,0.002599157308994066
2023-06-02,-0.006540562194722504
2023-06-05,0.00030308008213552365
2023-06-06,-0.0007285040755727111
2023-06-07,-0.0073318486569650945
2023-06-08,0.005073676480618514
2023-06-09,-0.0015529176112367446
2023-06-12,0.0019646544761780273
2023-06-13,-0.008960798634618053
2023-06-14,0.0009294511737008731
2023-06-15,0.0092206578364123
2023-06-16,-0.004031724399175617
2023-06-20,0.00289662966178895
2023-06-21,0.0017598461312572234
2023-06-22,-0.006502213496253773
2023-06-23,0.005071539224730604
2023-06-26,0.0019646373701347046
2023-06-27,-0.004031724399175617
2023-06-28,0.005077956046656849
2023-06-29,-0.011427321733230258
2023-06-30,0.00340586546326489
2023-07-03,-0.003802653885465372
2023-07-05,-0.007164464909909169
2023-07-06,-0.00804774391156563
2023-07-07,-0.0007043265686916731
2023-07-10,0.004419339705468524
2023-07-11,0.001745719307168143
2023-07-12,0.010809517226072075
2023-07-13,0.008376731806985732
2023-07-14,-0.005667233778249561
2023-07-17,0.0019648114970862002
2023-07-18,0.0009298286392784233
2023-07-19,0.004241622282221681
2023-07-20,-0.008132391065292949
2023-07-21,0.0009293259089410028
2023-07-24,-0.0013308415312717854
2023-07-25,-0.003999967720432686
2023-07-26,0.004222640292283933
2023-07-27,-0.012151511997093908
2023-07-28,0.0042055297717381755
2023-07-31,-0.0004934995611865714
2023-08-01,-0.006416058197812398
2023-08-02,-0.0023323868999027817
2023-08-03,-0.009604898530929768
2023-08-04,0.012348571923811695
2023-08-07,-0.0029234717917855538
2023-08-08,0.005829413937207746
2023-08-09,0.001745203839332691
2023-08-10,-0.00721667731386581
2023-08-11,-0.005567038963829347
2023-08-14,-0.002088689523199323
2023-08-15,-0.0015039780953606976
2023-08-16,-0.005531119435641029
2023-08-17,-0.0014945378829215167
2023-08-18,0.003347347221185372
2023-08-21,-0.006084563640568918
2023-08-22,0.0001188227241615332
2023-08-23,0.012270255276312174
2023-08-24,-0.0031195576183147182
2023-08-25,-0.0014997770694439138
2023-08-28,0.004397741506641274
2023-08-29,0.006617780384210353
2023-08-30,0.00011279945242984257
2023-08-31,0.002554892830585362
2023-09-01,-0.007182558756551875
2023-09-05,-0.006805310851075118
2023-09-06,-0.002300668603879592
2023-09-07,0.002538783243164896
2023-09-08,0.0009243131481544859
2023-09-11,-0.002068836969339206
2023-09-12,0.0017314922443071605
2023-09-13,0.001732494388722067
2023-09-14,-0.003108616645409294
2023-09-15,-0.0031013441138768444
2023-09-18,0.0011607339908543282
2023-09-19,-0.003897515853284988
2023-09-20,0.0017275051053345723
2023-09-21,-0.011060474175089176
2023-09-22,0.004125296188090625
2023-09-25,-0.0083942631540776
2023-09-26,-0.0006713317396258676
2023-09-27,-0.0038451876960516823
2023-09-28,0.0017157475847675112
2023-09-29,0.00012566735112936345
2023-10-02,-0.007532798149217591
2023-10-03,-0.009309355972460395
2023-10-04,0.0064475512222490145
2023-10-05,0.0009193661951529489
2023-10-06,-0.004596458429987335
2023-10-10,0.010028723526069068
2023-10-11,0.006488682504658082
2023-10-12,-0.009361786384341465
2023-10-13,0.005681413938511326
2023-10-16,-0.005941577282285051
2023-10-17,-0.009299863317937496
2023-10-18,-0.006129949687784679
2023-10-19,-0.005326892291954255
2023-10-20,0.004046535745904352
2023-10-23,0.005897343386987399
2023-10-24,0.0024903158456965097
2023-10-25,-0.009243165034801413
2023-10-26,0.007197163795340655
2023-10-27,0.001703820341145936
2023-10-30,-0.002738032266278569
2023-10-31,0.00013360711841204652
2023-11-01,0.008801356384964865
2023-11-02,0.008047923681286479
2023-11-03,0.00808297485815146
2023-11-06,-0.00754196742983854
2023-11-07,0.0072840737460705424
2023-11-08,0.007312399117309773
2023-11-09,-0.010193997706162913
2023-11-10,0.0009204985857785586
2023-11-13,-0.0012078626120204515
2023-11-14,0.015334920292428465
2023-11-15,-0.007051736196284838
2023-11-16,0.006524710356064134
2023-11-17,0.0009223108647608149
2023-11-20,0.0019671655154819487
2023-11-21,0.0009226385887287535
2023-11-22,-0.0006805030726300496
2023-11-24,-0.003754607141256509
2023-11-27,0.006786222817306644
2023-11-28,0.004141756011740223
2023-11-29,0.005767915179361566
2023-11-30,-0.007914575310529328
2023-12-01,0.012253576798460645
2023-12-04,-0.004493155424372754
2023-12-05,0.008222196560230901
2023-12-06,0.00499155784795703
2023-12-07,-0.0015113506796323416
2023-12-08,-0.007163689280566883
2023-12-11,0.0003474332648870637
2023-12-12,0.0025450168648728307
2023-12-13,0.013170368789076247
2023-12-14,0.009959208657507915
2023-12-15,0.0009284568313055067
2023-12-18,-0.002957031467983299
2023-12-19,0.0017488236685134577
2023-12-20,0.005869400782963841
2023-12-21,-0.0023600983459051493
2023-12-22,-0.0007150277922074853
2023-12-26,0.0012490322950849176
2023-12-27,0.00836553179231442
2023-12-28,-0.004015811984894457
2023-12-29,-0.0031841591270054524
2024-01-02,-0.005311870961895237
2024-01-03,0.0033926691505652916
2024-01-04,-0.006436609746280589
2024-01-05,-0.0047843460059611405
2024-01-08,0.003601349372685649
2024-01-09,-0.0007069952830053469
2024-01-10,-0.0015219291073295938
2024-01-11,0.005020746750022576
2024-01-12,0.0017472690091737547
2024-01-16,-0.008529128179498453
2024-01-17,-0.0023294871654824753
2024-01-18,-0.00313604185313307
2024-01-19,-0.0006983379178087456
2024-01-22,0.003593849089922241
2024-01-23,-0.0023236974914936873
2024-01-24,-0.0031287047122617083
2024-01-25,0.0033627359366484293
2024-01-26,-0.0006983379178087456
2024-01-29,0.006041787441329999
2024-01-30,0.0017421225452116118
2024-01-31,0.005836873867768989
2024-02-01,0.009981681826039392
2024-02-02,-0.012955710338998914
2024-02-05,-0.011021287131828634
2024-02-06,0.006626357737010854
2024-02-07,0.00011197809719370293
2024-02-08,-0.00475810298239696
2024-02-09,-0.0015081877536735888
2024-02-12,0.00034250513347022587
2024-02-13,-0.011162087379054888
2024-02-14,0.003346071834303302
2024-02-15,0.00254144995031334
2024-02-16,-0.004719043019021956
2024-02-20,0.0028919659947049367
2024-02-21,-0.003908513553754871
2024-02-22,-0.0006864263320411681
2024-02-23,0.005770352419699475
2024-02-26,-0.0012633670607940844
2024-02-27,-0.002299236154639773
2024-02-28,0.003346071834303302
2024-02-29,0.001732494388722067
2024-03-01,0.0049770834828519175
2024-03-04,-0.002082725275924435
2024-03-05,0.0074276365367357995
2024-03-06,0.0017395698266314203
2024-03-07,0.0017405892788787418
2024-03-08,0.00011197809719370293
2024-03-11,-0.00047770603013588256
2024-03-12,-0.004755487648667819
2024-03-13,-0.002316478708688714
2024-03-14,-0.007947609064850864
2024-03-15,-0.0014934916539600157
2024-03-18,-0.0020589408821366367
2024-03-19,0.0033422521123179162
2024-03-20,0.002538783243164896
2024-03-21,0.0001169062286105407
2024-03-22,0.004161684036566794
2024-03-25,-0.002076768306193173
2024-03-26,0.000924540973469177
2024-03-27,0.003355022140012399
2024-03-28,0.00011498973305954826
2024-04-01,-0.010000866604286335
2024-04-02,-0.0022920859344847952
2024-04-03,0.00011937029431895962
2024-04-04,0.004146719929186579
2024-04-05,-0.0063010750584218565
2024-04-08,-0.002043148741217337
2024-04-09,0.004942261277265247
2024-04-10,-0.015009110661537898
2024-04-11,-0.0006713317396258676
2024-04-12,0.004913931355957624
2024-04-15,-0.009942406581934175
2024-04-16,-0.0030402121170093944
2024-04-17,0.006485925831643338
2024-04-18,-0.0038386998345797626
2024-04-19,0.0017142991932434875
2024-04-22,0.00037946611909650925
2024-04-23,0.0009204985857785586
2024-04-24,-0.0030437745428750626
2024-04-25,-0.003825759230134959
2024-04-26,0.002503912689778243
2024-04-29,0.0035565814139896152
2024-04-30,-0.004619167748627664
2024-05-01,0.004887902411007069
2024-05-02,0.004102474524293472
2024-05-03,0.006510811385647572
2024-05-06,0.001168176519745546
2024-05-07,0.0017215883246303354
2024-05-08,-0.0006765661733456284
2024-05-09,0.002522934571324424
2024-05-10,-0.0038690772261251
2024-05-13,0.0019675052731961563
2024-05-14,0.002522934571324424
2024-05-15,0.00735365315266303
2024-05-16,-0.0014861830087663204
2024-05-17,-0.003085043332861293
2024-05-20,-0.001237913199731673
2024-05-21,0.0025264341483761167
2024-05-22,-0.0014809785165891714
2024-05-23,-0.0030760245010763047
2024-05-24,0.0009220937058959432
2024-05-28,-0.005884808267073974
2024-05-29,-0.005433726709445684
2024-05-30,0.004903888774528379
2024-05-31,0.003315782628899908
2024-06-03,0.008386556434828217
2024-06-04,0.006558284100259735
2024-06-05,0.003343524280756506
2024-06-06,0.0009240863974361135
2024-06-07,-0.011895260232724943
2024-06-10,-0.0028334509213364003
2024-06-11,0.006541458956937034
2024-06-12,0.006563909556479828
2024-06-13,0.005775232543457263
2024-06-14,0.003355022140012399
2024-06-17,-0.006108023698257069
2024-06-18,0.004970904528916808
2024-06-20,-0.0021923056094101476
2024-06-21,0.00011635865845311431
2024-06-24,0.00034907597535934295
2024-06-25,0.0017334986841053565
2024-06-26,-0.007129876753668159
2024-06-27,0.0025370094659025112
2024-06-28,-0.0055073234422312
2024-07-01,-0.009229038499596998
2024-07-02,0.00412693619707142
2024-07-03,0.005746064383206281
2024-07-05,0.006691734091617648
2024-07-08,0.00035154004106776183
2024-07-09,-0.0014945378829215167
2024-07-10,0.0017309919776015287
2024-07-11,0.006595002975790885
2024-07-12,0.0017360188564365018
2024-07-15,-0.0036995093868436744
2024-07-16,0.004981210889411228
2024-07-17,0.0009254630563195948
2024-07-18,-0.0031250426357652865
2024-07-19,-0.003923966502101254
2024-07-22,-0.00045833094403649065
2024-07-23,0.000924426926376161
2024-07-24,-0.0023035359128739793
2024-07-25,0.0009241996385819364
2024-07-26,0.00578501540691468
2024-07-29,0.0027776800190967166
2024-07-30,0.0017375374466449432
2024-07-31,0.0049977855801750576
2024-08-01,0.00829150443363944
2024-08-02,0.015793109724164697
2024-08-05,0.0019647484186104875
2024-08-06,-0.0097546324215004
2024-08-07,-0.004808104921152817
2024-08-08,-0.0023454762763324664
2024-08-09,0.004208940823006373
2024-08-12,0.003609726430762738
2024-08-13,0.004224358962113713
2024-08-14,0.0017540418281464878
2024-08-15,-0.007281666580034971
2024-08-16,0.002573103149560188
2024-08-19,0.002788868025076576
2024-08-20,0.0034045408278289566
2024-08-21,0.0025823326215241647
2024-08-22,-0.005658038333124629
2024-08-23,0.004231247549522694
2024-08-26,-0.00051178068658552
2024-08-27,-0.0007197318032524669
2024-08-28,-0.0007190589683351986
2024-08-29,-0.002363032710197934
2024-08-30,-0.0031785691798429266
2024-09-03,0.006195583890841867
2024-09-04,0.005892111649555684
2024-09-05,0.0034165027800837243
2024-09-06,0.0009308475111524511
2024-09-09,0.0019646048442244213
2024-09-10,0.004259025727930695
2024-09-11,9.993155373032169e-05
2024-09-12,-0.0023910760223415073
2024-09-13,0.0017630407322791206
2024-09-16,0.0027976850424774806
2024-09-17,-0.0015637120295763445
2024-09-18,-0.004047705360735066
2024-09-19,-0.0023836668012528505
2024-09-20,0.00010212183436002738
2024-09-23,-0.0013486739425166898
2024-09-24,0.0009305911121359415
2024-09-25,-0.0040271710179052385
2024-09-26,0.00010376454483230665
2024-09-27,0.0034138367323123422
2024-09-30,-0.004642662236997499
2024-10-01,0.005899717132422585
2024-10-02,-0.0040271710179052385
2024-10-03,-0.004837325463556753
2024-10-04,-0.010532984075178158
2024-10-07,-0.0037550306180784425
2024-10-08,-0.0007056603786746178
2024-10-09,-0.0015198090588822667
2024-10-10,-0.0023309366240102476
2024-10-11,0.000926402475624795
2024-10-15,0.004528747345088427
2024-10-16,0.0009271184864423272
2024-10-17,-0.0055881179416199115
2024-10-18,0.000926402475624795
2024-10-21,-0.008576088313296577
2024-10-22,-0.0006950203887383844
2024-10-23,-0.003117731434872667
2024-10-24,0.002544123922974896
2024-10-25,-0.0031159063277995027
2024-10-28,-0.0020708185959677507
2024-10-29,0.00011718001368925394
2024-10-30,-0.0006890658268118596
2024-10-31,0.0009240863974361135
2024-11-01,-0.007111176312728607
2024-11-04,0.005191743011331175
2024-11-05,0.004155019893533595
2024-11-06,-0.01270269858041372
2024-11-07,0.008981041913882997
2024-11-08,0.0009238607195383704
2024-11-12,-0.009939968759441213
2024-11-13,-0.0006791897147178224
2024-11-14,0.0009224198411087825
2024-11-15,0.00012128678986995208
2024-11-18,0.0011651026620984192
2024-11-19,0.0025281887103736447
2024-11-20,-0.0014830587209857346
2024-11-21,-0.0014809785165891714
2024-11-22,0.0017245371627478106
2024-11-25,0.011660128832202592
2024-11-26,-0.002300668603879592
2024-11-27,0.004156683911663068
2024-11-29,0.005906276830042189
2024-12-02,-0.0004667990278821925
2024-12-03,-0.0031195576183147182
2024-12-04,0.00335630506772323
2024-12-05,0.0017365245117101048
2024-12-06,0.0017375374466449432
2024-12-09,-0.003707803015197788
2024-12-10,-0.0015029270307100999
2024-12-11,-0.0031140822962052186
2024-12-12,-0.004713862433439912
2024-12-13,-0.006297730750133519
2024-12-16,0.0011637892669749664
2024-12-17,-0.0006818174910248935
2024-12-18,-0.00786125833559226
2024-12-19,-0.005445424839857181
2024-12-20,0.004112223667183458
2024-12-23,-0.0051920704035635715
2024-12-24,0.00012566735112936345
2024-12-26,0.001046480239658034
2024-12-27,-0.0030491259879471353
2024-12-30,0.0059534070774901315
2024-12-31,-0.002260861255609602
2025-01-02,0.0010463117451632868
2025-01-03,-0.002258041590807934
2025-01-06,-0.0012094395058042074
2025-01-07,-0.0038322236889127875
2025-01-08,0.00012785763175906912
2025-01-09,-0.0006635115037847246
2025-01-10,-0.006963708494389101
2025-01-13,-0.0011827028950132372
2025-01-14,0.0009187617365496608
2025-01-15,0.009636115723194325
2025-01-16,0.004097617628244186
2025-01-17,0.00012621492128678987
2025-01-21,0.0036869502997083367
2025-01-22,-0.002258041590807934
2025-01-23,-0.00383653981903098
2025-01-24,0.001713817439772524
2025-01-27,0.008350593509233626
2025-01-28,-0.001468541671533747
2025-01-29,0.0001245722108145106
2025-01-30,0.0025168408319300203
2025-01-31,-0.00464709480239035
2025-02-03,0.0035628264893501674
2025-02-04,0.0017191454851110516
2025-02-05,0.0073313893624951405
2025-02-06,-0.0014789004314048086
2025-02-07,-0.0030724243672298978
2025-02-10,-0.0012268198555129564
2025-02-11,-0.0022665100095504796
2025-02-12,-0.006224690354454849
2025-02-13,0.008100598505857847
2025-02-14,0.004120384097204183
2025-02-18,-0.005880674286440793
2025-02-19,0.0017186584965924545
2025-02-20,0.0025185779464390575
2025-02-21,0.006533075112384057
2025-02-24,0.0019670565001719963
2025-02-25,0.008178927133057052
2025-02-26,0.004156683911663068
2025-02-27,-0.003108616645409294
2025-02-28,0.004158349274136754
2025-03-03,0.00683854409076493
2025-03-04,-0.00473982972981667
2025-03-05,-0.004724230030806704
2025-03-06,-0.0006890658268118596
2025-03-07,-0.0022978045080198524
2025-03-10,0.008444280648621419
2025-03-11,-0.004724230030806704
2025-03-12,-0.003103160641966572
2025-03-13,0.004153357218636875
2025-03-14,-0.003104978239329049
2025-03-17,0.0003540041067761807
2025-03-18,0.0017304922473056342
2025-03-19,0.003348623682657396
2025-03-20,0.000924540973469177
2025-03-21,-0.0006917096093217396
2025-03-24,-0.006889672056877212
2025-03-25,0.002535238904432181
2025-03-26,-0.0030977142619829736
2025-03-27,-0.002289231446224258
2025-03-28,0.008996957654752892
2025-03-31,0.0035849922901492744
2025-04-01,0.004981210889411228
2025-04-02,-0.0023150373866897807
2025-04-03,0.011527553148448997
2025-04-04,0.0041970262215533976
2025-04-07,-0.01103385276982712
2025-04-08,-0.00876767690969043
2025-04-09,-0.006317828527632572
2025-04-10,-0.00469320414114051
2025-04-11,-0.0062710526158028645
2025-04-14,0.008395606717938087
2025-04-15,0.002531707407628485
2025-04-16,0.004956543509930663
2025-04-17,-0.003904110471531103
2025-04-21,-0.005934580332574517
2025-04-22,0.0009226385887287535
2025-04-23,0.0009227483604386099
2025-04-24,0.0065610957591166075
2025-04-25,0.0025370094659025112
2025-04-28,0.005203755711354777
2025-04-29,0.00335630506772323
2025-04-30,0.0017365245117101048
2025-05-01,-0.006348119424294036
2025-05-02,-0.006321185619348934
2025-05-05,-0.0020549880563191553
2025-05-06,0.004954498377958021
2025-05-07,0.003347347221185372
2025-05-08,-0.008717966233173563
2025-05-09,0.00011964407939767284
2025-05-12,-0.00604175288112918
2025-05-13,-0.0030724243672298978
2025-05-14,-0.0030652367449886717
2025-05-15,0.006524710356064134
2025-05-16,0.0017235520986618872
2025-05-19,-0.0020352717804510466
2025-05-20,-0.0014757872695053526
2025-05-21,-0.007828669422756772
2025-05-22,0.003312039357248867
2025-05-23,0.002517708994447754
2025-05-27,0.006900715953195926
2025-05-28,-0.0030760245010763047
2025-05-29,0.0033258110661143645
2025-05-30,0.0017245371627478106
2025-06-02,-0.0036363253187403745
2025-06-03,0.00012210814510609172
2025-06-04,0.007350465433436112
2025-06-05,-0.0022863801499278893
2025-06-06,-0.008655210126564058
2025-06-09,0.0019675637486986993
2025-06-10,0.0017215883246303354
2025-06-11,0.00493210766716404
2025-06-12,0.004138453407178206
2025-06-13,-0.0038887416588995294
2025-06-16,-0.0036363253187403745
2025-06-17,0.005738814410614327
2025-06-18,0.000922968700754021
2025-06-20,0.00023983572895277207
2025-06-23,0.0035770098690888355
2025-06-24,0.0033422521123179162
2025-06-25,0.000923973424495494
2025-06-26,0.002539671339380884
2025-06-27,-0.002302101856402861
2025-06-30,0.004393256871672688
2025-07-01,-0.0014987281584324698
2025-07-02,-0.0031067969068482447
2025-07-03,-0.0039019109325392452
2025-07-07,-0.0035336436870055474
2025-07-08,-0.0014820183536671109
2025-07-09,0.006555474578142585
2025-07-10,-0.0006851081881331454
2025-07-11,-0.006287710564767701
2025-07-14,0.00036386036960985626
2025-07-15,-0.005465967196327748
2025-07-16,0.0033220424791592907
2025-07-17,-0.0006772216624276431
2025-07-18,0.0025238082738607234
2025-07-21,0.005181316196542365
2025-07-22,0.002531707407628485
2025-07-23,-0.0038909332147262863
2025-07-24,-0.0022821091788946726
2025-07-25,0.0025273110310378944
2025-07-28,-0.001241087484399486
2025-07-29,0.006555474578142585
2025-07-30,-0.0030922774816307926
2025-07-31,0.0009230792697985902
2025-08-01,0.011439265128248622
2025-08-04,0.0011563920517504913
2025-08-05,0.00011553730321697466
2025-08-06,0.00011553730321697466
2025-08-07,-0.0006930331129160538
2025-08-08,-0.00311225933920068
2025-08-11,0.00035071868583162215
2025-08-12,-0.001495584647406554
2025-08-13,0.004158349274136754
2025-08-14,-0.003915128204252644
2025-08-15,-0.0031013441138768444
2025-08-18,-0.00044866924848244736
2025-08-19,0.0033422521123179162
2025-08-20,0.000923973424495494
2025-08-21,-0.0031013441138768444
2025-08-22,0.005770352419699475
2025-08-25,-0.0012633670607940844
2025-08-26,0.0017319930478659632
2025-08-27,0.0017329962673202884
2025-08-28,0.0017340016395227468
2025-08-29,-0.0006930331129160538
2025-09-02,-0.0035699025011985694
2025-09-03,0.004970904528916808
2025-09-04,0.004170044546655768
2025-09-05,0.005809605075710192
2025-09-08,0.004414751836703877
2025-09-09,-0.0023323868999027817
2025-09-10,0.003375679185714591
2025-09-11,0.0025621374197535296
2025-09-12,-0.003966243376398035
2025-09-15,0.0011490727348268726
2025-09-16,0.0009268787224261135
2025-09-17,-0.0015198090588822667
2025-09-18,-0.00395507040057645
2025-09-19,-0.0023236974914936873
2025-09-22,-0.0004716438726342076
2025-09-23,0.0025521896148285876
2025-09-24,-0.0031323711156613448
2025-09-25,-0.0015071345282447756
2025-09-26,-0.0015050296995356403
2025-09-29,0.004403377681884403
2025-09-30,-0.0006976738706806565
2025-10-01,0.003365315875130685
2025-10-02,0.0017400792805252645
2025-10-03,-0.002325143687323676
2025-10-06,-0.003713338848488999
2025-10-07,0.0033627359366484293
2025-10-08,0.000925813300772445
2025-10-09,-0.0006990022360421331
2025-10-10,0.0074536716866634364
2025-10-14,0.0020763095985865537
2025-10-15,-0.001520868809745967
2025-10-16,0.005018651149812515
2025-10-17,-0.00234110575789792
2025-10-20,0.001965327042618112
2025-10-21,0.0017462353244495586
2025-10-22,0.0009277226961778743
2025-10-23,-0.003160007786993496
2025-10-24,-0.0007069952830053469
2025-10-27,0.001147361982683398
2025-10-28,0.001745719307168143
2025-10-29,-0.007220480497782865
2025-10-30,-0.0023280385236428606
2025-10-31,0.00011252566735112938
2025-11-03,-0.0012873547383026507
2025-11-04,0.0025539909422037654
2025-11-05,-0.0055640352783932305
2025-11-06,0.004993632126238637
2025-11-07,0.00011252566735112938
2025-11-10,-0.0012873547383026507
2025-11-12,0.004298252052878385
2025-11-13,-0.0023280385236428606
2025-11-14,-0.0023236974914936873
2025-11-17,0.001152507345946983
2025-11-18,0.0009259305917330549
2025-11-19,-0.000699666825605369
2025-11-20,0.0025539909422037654
2025-11-21,0.0033730818101257534
2025-11-24,0.001965460937263587
2025-11-25,0.0025621374197535296
2025-11-26,0.0009273593466218273
2025-11-28,-0.0014145373129845048
2025-12-01,-0.00536799473833449
2025-12-02,0.00011197809719370293
2025-12-03,0.002557603402629394
2025-12-04,-0.00395507040057645
2025-12-05,-0.0023236974914936873
2025-12-08,-0.0020926697400586963
2025-12-09,-0.0006963465888435025
2025-12-10,0.0041767573069331375
2025-12-11,-0.0006990022360421331
2025-12-12,-0.003937264301501134
2025-12-15,0.0011546628107587432
2025-12-16,0.0025494937371029623
2025-12-17,-0.0006976738706806565
2025-12-18,0.003365315875130685
2025-12-19,-0.0031323711156613448
2025-12-22,-0.00046922090894430433
2025-12-23,-0.0006963465888435025
2025-12-24,0.0025494937371029623
2025-12-26,0.0010393170890324222
2025-12-29,0.0019657549619212637
2025-12-30,-0.0015113506796323416
2025-12-31,-0.0031287047122617083
2026-01-02,-0.0005812411907843144
2026-01-05,0.001965956407671775
2026-01-06,-0.0006963465888435025
2026-01-07,0.0025494937371029623
2026-01-08,-0.0031268731335981647
2026-01-09,0.000925230914797073
2026-01-12,-0.0004667990278821925
2026-01-13,0.000925230914797073
2026-01-14,0.0025494937371029623
2026-01-15,-0.0015081877536735888
2026-01-16,-0.0055430624404316
2026-01-20,-0.004370788398898753
2026-01-21,0.003347347221185372
2026-01-22,0.00011663244353182751
2026-01-23,0.0017329962673202884
2026-01-26,0.001966171386271549
2026-01-27,-0.001500826518197363
2026-01-28,-0.0014987281584324698
2026-01-29,0.0017329962673202884
2026-01-30,-0.0014987281584324698
2026-02-02,-0.002068836969339206
2026-02-03,0.0009240863974361135
2026-02-04,-0.0006890658268118596
2026-02-05,0.0065921655377915
2026-02-06,-0.0006936952685763923
2026-02-09,0.000346611909650924
2026-02-10,0.004983277027898379
2026-02-11,-0.0015071345282447756
2026-02-12,0.00744063449546427
2026-02-13,0.00419194055649034
2026-02-17,-0.00037316582160266655
2026-02-18,-0.003145237705543254
2026-02-19,0.000926402475624795
2026-02-20,0.00011170431211498974
2026-02-23,0.004417043032973437
2026-02-24,-0.0007056603786746178
2026-02-25,-0.0007049933370030772
2026-02-26,0.0025612289734506916
2026-02-27,0.004203826312213632
2026-03-02,-0.006198672845314109
2026-03-03,-0.0007043265686916731
2026-03-04,-0.0023309366240102476
2026-03-05,-0.0031378788493897714
2026-03-06,-0.0015102958289189554
2026-03-09,0.002779431230160552
2026-03-10,-0.002322252109651019
2026-03-11,-0.004742435332107578
2026-03-12,-0.004726825949847281
2026-03-13,-0.0006897263699098805
2026-03-16,0.004394376009445349
2026-03-17,0.0025450168648728307
2026-03-18,-0.004729423479427985
2026-03-19,0.000924426926376161
2026-03-20,-0.011116777211653205
2026-03-23,0.004382139310850422
2026-03-24,-0.003893126098334471
2026-03-25,0.0049483726160344035
2026-03-26,-0.007092535768994516
2026-03-27,-0.0014799392093141509
2026-03-30,0.007599964419652747
2026-03-31,0.004148377242245115
2026-04-01,-0.002296373663356548
2026-04-02,0.0017294943941696293
2026-04-03,-0.0030977142619829736
2026-04-06,0.0011616055935986082
2026-04-07,0.0009235242103540177
2026-04-08,0.003343524280756506
2026-04-09,0.00011745379876796715
2026-04-10,-0.0014934916539600157
2026-04-13,0.0011598634573891575
2026-04-14,0.003347347221185372
2026-04-15,-0.002302101856402861
2026-04-16,-0.0022978045080198524
2026-04-17,0.004962688558444618
2026-04-20,0.0003498973305954826
2026-04-21,-0.0031067969068482447
2026-04-22,0.00011772758384668035
2026-04-23,-0.003099528654176535
2026-04-24,0.002535238904432181
2026-04-27,-0.0028617115241321867
2026-04-28,-0.0006844495162761428
2026-04-29,-0.004688055527745298
2026-04-30,0.0017250304905895185
2026-05-01,0.0009228583977073414
2026-05-04,-0.004439961235528663
2026-05-05,0.0017235520986618872
2026-05-06,0.005746064383206281
2026-05-07,-0.0038887416588995294
2026-05-08,0.0025290671870414174
2026-05-11,-0.002845207603908521
2026-05-12,-0.0030778261517264843
2026-05-13,0.00012210814510609172
2026-05-14,-0.0006772216624276431
2026-05-15,-0.009414592948245605
2026-05-18,-0.0012110169211531191
2026-05-19,-0.004624231343556138
2026-05-20,0.00808297485815146
2026-05-21,0.00012511978097193703
2026-05-22,0.0009210237315564801
2026-05-26,0.005288469343637295
2026-05-27,0.0017210987023542669
2026-05-28,0.002522934571324424
2026-05-29,0.00012183436002737851
2026-06-01,-0.0012331557418817187
2026-06-02,0.0009220937058959432
2026-06-03,-0.0022735886761268147
2026-06-04,0.0017215883246303354
2026-06-05,-0.006247820076995207
2026-06-08,-0.0004221873179968463
2026-06-09,0.0025159734582348584
2026-06-10,-0.001468541671533747
2026-06-11,0.008125382104999327
2026-06-12,-0.0022750067791670603
2026-06-15,0.001167296953469659
2026-06-16,0.0033258110661143645
2026-06-17,-0.004670085419144759
2026-06-18,0.0025220616621799813
2026-06-22,-0.003500574452683111
2026-06-23,0.0009216625573829166
2026-06-24,0.007337738495609951
2026-06-25,0.0009227483604386099
2026-06-26,0.0017260187400627294
2026-06-29,0.0003597535934291581
2026-06-30,-0.004682913277159439
2026-07-01,-0.0030742239065345636
2026-07-02,-0.000675910948074204
2026-07-06,0.001290666105044372
2026-07-07,-0.005451284896934007
2026-07-08,-0.0006713317396258676
2026-07-09,0.0017181720335230457
2026-07-10,-0.0014675086879083314
2026-07-13,-0.00438722563086048
2026-07-14,0.0033070630247326966
2026-07-15,0.0025142410747118
2026-07-16,-0.0014664762284339785
2026-07-17,0.0017176860954698262
2026-07-20,-0.00359820850343475
2026-07-21,-0.0022538179692681835
2026-07-22,-0.0030402121170093944
2026-07-23,-0.003033099724493996
2026-07-24,0.001710937847785198
2026-07-27,0.0035552051064837525
2026-07-28,0.003303341767358307
2026-07-29,-0.004624231343556138
2026-07-30,-0.0006635115037847246
2026-07-31,-0.005393012818791167
2026-08-03,0.004343213117779859
2026-08-04,0.005681413938511326
2026-08-05,0.00012676249144421629
