date,nav
2003-07-01,9990022.322561951
2003-07-02,10125326.884178162
2003-07-03,9956772.12985074
2003-07-07,10099712.013316872
2003-07-08,10147617.332241632
2003-07-09,10107853.952107651
2003-07-10,10001252.210838964
2003-07-11,10130153.946468795
2003-07-14,10121113.602478933
2003-07-15,9962690.375116033
2003-07-16,9906859.595358072
2003-07-17,9744909.497390293
2003-07-18,9818817.442317216
2003-07-21,9570624.7051823
2003-07-22,9689939.880629044
2003-07-23,9725226.124547424
2003-07-24,9614862.280962836
2003-07-25,9770539.937603882
2003-07-28,9663884.72042699
2003-07-29,9524841.939767018
2003-07-30,9577069.059837097
2003-07-31,9535494.89409733
2003-08-01,9489402.707716797
2003-08-04,9484685.182173604
2003-08-05,9284908.818898126
2003-08-06,9338205.000853375
2003-08-07,9435436.538851535
2003-08-08,9461994.77005959
2003-08-11,9497146.500948638
2003-08-12,9582908.324235043
2003-08-13,9534017.376111796
2003-08-14,9559617.984038096
2003-08-15,9589036.136740763
2003-08-18,9670981.405865654
2003-08-19,9707076.806888431
2003-08-20,9667740.762205273
2003-08-21,9698109.089580443
2003-08-22,9602427.492120352
2003-08-25,9617520.416723765
2003-08-26,9633569.901960151
2003-08-27,9636248.82765761
2003-08-28,9695267.855652899
2003-08-29,9760027.271718267
2003-09-02,9889712.897123652
2003-09-03,9942998.564449666
2003-09-04,9947581.36870579
2003-09-05,9892001.294865198
2003-09-08,9972983.59232996
2003-09-09,9907847.785121249
2003-09-10,9808338.183571454
2003-09-11,9836793.319123968
2003-09-12,9854747.020061314
2003-09-15,9820178.234455053
2003-09-16,9962283.482086662
2003-09-17,9942986.011406276
2003-09-18,10059307.900309596
2003-09-19,10008302.772291565
2003-09-22,9901149.267735519
2003-09-23,9938206.561152685
2003-09-24,9763247.196902271
2003-09-25,9683790.944540555
2003-09-26,9652092.202673253
2003-09-29,9745493.777130196
2003-09-30,9651719.462902706
2003-10-01,9854950.138814474
2003-10-02,9849186.08158361
2003-10-03,9801251.739688545
2003-10-06,9873611.790962376
2003-10-07,9854429.324577916
2003-10-08,9846527.085958282
2003-10-09,9840970.66068147
2003-10-10,9896588.442127854
2003-10-13,9911807.863379627
2003-10-14,9906354.73202736
2003-10-15,9844169.463049745
2003-10-16,9828988.122514933
2003-10-17,9773584.23243162
2003-10-20,9852762.644730408
2003-10-21,9852656.802689541
2003-10-22,9799284.881383566
2003-10-23,9749795.474988615
2003-10-24,9838625.223473402
2003-10-27,9816323.767706785
2003-10-28,9993288.732924758
2003-10-29,9940989.698548151
2003-10-30,9924071.983046064
2003-10-31,9948901.285121767
2003-11-03,9975235.518981874
2003-11-04,9988214.303084921
2003-11-05,9959946.257853983
2003-11-06,9961103.958481602
2003-11-07,9869907.59591823
2003-11-10,9825558.960086733
2003-11-11,9837308.42752914
2003-11-12,9977996.202159017
2003-11-13,10065264.572755162
2003-11-14,10035190.476904549
2003-11-17,9996884.645698072
2003-11-18,9935736.657175306
2003-11-19,9949244.675677048
2003-11-20,9923467.546242062
2003-11-21,9958054.538747631
2003-11-24,10031150.760182714
2003-11-25,10092303.94290667
2003-11-26,10102297.9873542
2003-11-28,10043007.044850014
2003-12-01,10087819.737688288
2003-12-02,10090868.349303247
2003-12-03,10047889.443399336
2003-12-04,10109736.482268292
2003-12-05,10161749.565973828
2003-12-08,10190259.479450408
2003-12-09,10062504.455237025
2003-12-10,10085891.93739754
2003-12-11,10257427.397314826
2003-12-12,10276212.711651424
2003-12-15,10220520.049561352
2003-12-16,10392417.294022439
2003-12-17,10450850.980379198
2003-12-18,10602519.688529419
2003-12-19,10573645.67357318
2003-12-22,10617982.196160605
2003-12-23,10553386.513029924
2003-12-24,10607258.944602534
2003-12-26,10647065.84291398
2003-12-29,10723403.12583058
2003-12-30,10713029.729960583
2003-12-31,10740701.762866938
2004-01-02,10649144.386788612
2004-01-05,10754973.88902733
2004-01-06,10844072.822436923
2004-01-07,10903702.512186702
2004-01-08,10945885.334253274
2004-01-09,10978022.266901666
2004-01-12,11056494.478543028
2004-01-13,11051594.196016101
2004-01-14,11162231.808719806
2004-01-15,11194529.476490421
2004-01-16,11191092.512204714
2004-01-20,11168277.093361177
2004-01-21,11285436.373806562
2004-01-22,11303143.0219679
2004-01-23,11181294.26285495
2004-01-26,11274207.263333162
2004-01-27,11201619.453093454
2004-01-28,10992811.188955793
2004-01-29,10989572.403725721
2004-01-30,11039010.985729458
2004-02-02,11074550.301243167
2004-02-03,11097818.518754566
2004-02-04,10989356.375756951
2004-02-05,10979384.326392842
2004-02-06,11168133.071236853
2004-02-09,11195711.972793939
2004-02-10,11200085.202863079
2004-02-11,11374456.481360268
2004-02-12,11326225.225713724
2004-02-13,11304384.298339786
2004-02-17,11403888.852305679
2004-02-18,11351180.793603402
2004-02-19,11316749.503890984
2004-02-20,11243852.035919446
2004-02-23,11251434.970472649
2004-02-24,11248594.316191206
2004-02-25,11307063.303314202
2004-02-26,11296112.856365869
2004-02-27,11347216.880335392
2004-03-01,11468177.510573657
2004-03-02,11336919.492004322
2004-03-03,11345873.591332793
2004-03-04,11409304.074715985
2004-03-05,11585481.014007963
2004-03-08,11507588.194100618
2004-03-09,11504098.21861716
2004-03-10,11310890.82460532
2004-03-11,11165940.411451723
2004-03-12,11275838.539703097
2004-03-15,11144085.061873244
2004-03-16,11256107.561139142
2004-03-17,11372126.793648839
2004-03-18,11339220.533664081
2004-03-19,11162008.66093533
2004-03-22,11062558.734546965
2004-03-23,11059141.561425677
2004-03-24,11059735.89402483
2004-03-25,11188148.41625076
2004-03-26,11119916.715994896
2004-03-29,11227260.030518774
2004-03-30,11268058.24552755
2004-03-31,11321079.018338269
2004-04-01,11360606.25095628
2004-04-02,11238989.08207152
2004-04-05,11244728.695281332
2004-04-06,11247432.940322349
2004-04-07,11221547.474268595
2004-04-08,11174336.087209102
2004-04-12,11182058.789938804
2004-04-13,10937623.727610772
2004-04-14,10946189.314779362
2004-04-15,10888287.571263025
2004-04-16,11010852.296699654
2004-04-19,10981841.669749353
2004-04-20,10719244.608052002
2004-04-21,10811547.044011658
2004-04-22,11003590.028442329
2004-04-23,10967122.12090915
2004-04-26,10949633.455793168
2004-04-27,11001527.364902556
2004-04-28,10787740.99072344
2004-04-29,10667743.63198297
2004-04-30,10609593.724792289
2004-05-03,10717745.447762014
2004-05-04,10677809.123244869
2004-05-05,10721099.412539778
2004-05-06,10617833.86142831
2004-05-07,10312071.49522407
2004-05-10,10202827.507688632
2004-05-11,10308055.505939981
2004-05-12,10357708.045091286
2004-05-13,10282580.12234453
2004-05-14,10338012.281976877
2004-05-17,10315415.90371108
2004-05-18,10346277.626093749
2004-05-19,10262849.736833554
2004-05-20,10345932.211103141
2004-05-21,10340602.303571356
2004-05-24,10390235.748862578
2004-05-25,10538599.976310613
2004-05-26,10625823.51926874
2004-05-27,10740078.06543268
2004-05-28,10708209.631839799
2004-06-01,10639510.85638361
2004-06-02,10673158.584209317
2004-06-03,10575707.714074662
2004-06-04,10658720.112122776
2004-06-07,10819330.640908612
2004-06-08,10834093.605073266
2004-06-09,10733835.485787012
2004-06-10,10785984.900455048
2004-06-14,10680124.763371745
2004-06-15,10754714.835242972
2004-06-16,10752639.883287095
2004-06-17,10736540.741076289
2004-06-18,10756418.03326674
2004-06-21,10716008.557951057
2004-06-22,10769100.336541224
2004-06-23,10860526.511757983
2004-06-24,10826658.28795087
2004-06-25,10775023.311454216
2004-06-28,10738359.84749859
2004-06-29,10782100.717501719
2004-06-30,10838932.073507749
2004-07-01,10690058.11329702
2004-07-02,10769301.18099169
2004-07-06,10655494.86679663
2004-07-07,10690498.628284972
2004-07-08,10617900.280895893
2004-07-09,10661859.81957775
2004-07-12,10678244.126945285
2004-07-13,10662023.847910268
2004-07-14,10624192.509174408
2004-07-15,10550837.889188169
2004-07-16,10644353.969274739
2004-07-19,10596959.771157444
2004-07-20,10658082.717273401
2004-07-21,10441749.164952008
2004-07-22,10481532.943080563
2004-07-23,10419862.91695797
2004-07-26,10362658.643391328
2004-07-27,10384123.787283469
2004-07-28,10430240.60388175
2004-07-29,10483184.534182584
2004-07-30,10578438.600407787
2004-08-02,10609194.130358614
2004-08-03,10552446.78413724
2004-08-04,10544381.295540258
2004-08-05,10405826.459412692
2004-08-06,10400698.487499088
2004-08-09,10380596.452825291
2004-08-10,10472047.372772602
2004-08-11,10484701.242389381
2004-08-12,10381914.27153831
2004-08-13,10419428.742496757
2004-08-16,10515885.648749694
2004-08-17,10623232.566374354
2004-08-18,10696548.223918507
2004-08-19,10690336.310092235
2004-08-20,10743139.363275336
2004-08-23,10679243.537492182
2004-08-24,10702647.736785254
2004-08-25,10775575.746457655
2004-08-26,10819113.744374217
2004-08-27,10839415.044399707
2004-08-30,10786858.918245532
2004-08-31,10888372.615109758
2004-09-01,10905915.690757276
2004-09-02,10969681.264430838
2004-09-03,10895013.424863767
2004-09-07,10972008.680700526
2004-09-08,11005700.933553781
2004-09-09,10976112.816075526
2004-09-10,11052632.754409084
2004-09-13,11114445.443269793
2004-09-14,11138199.936814748
2004-09-15,11042011.495829316
2004-09-16,11134753.254711982
2004-09-17,11141769.749713076
2004-09-20,11137906.10808877
2004-09-21,11191958.487536248
2004-09-22,11098745.792790053
2004-09-23,11001319.165261492
2004-09-24,11048368.902326716
2004-09-27,11008961.539168876
2004-09-28,11047791.314747391
2004-09-29,11032231.2739734
2004-09-30,11011747.137787763
2004-10-01,11149577.559143305
2004-10-04,11170739.053752515
2004-10-05,11175396.501169888
2004-10-06,11213487.362374682
2004-10-07,11073392.019125674
2004-10-08,11075514.32807294
2004-10-11,11137091.822110256
2004-10-12,11093250.378715763
2004-10-13,11036066.399877874
2004-10-14,10986097.800210519
2004-10-15,11008098.239833511
2004-10-18,11064312.453141246
2004-10-19,10968098.283106731
2004-10-20,10995516.305375395
2004-10-21,11048913.627441399
2004-10-22,10957020.260131944
2004-10-25,10955885.17886042
2004-10-26,11098621.441190314
2004-10-27,11160040.635671861
2004-10-28,11208482.121480253
2004-10-29,11237343.152040085
2004-11-01,11211786.7743293
2004-11-02,11241473.08331772
2004-11-03,11375067.248182643
2004-11-04,11519657.002528556
2004-11-05,11502910.708170863
2004-11-08,11468719.25946401
2004-11-09,11447640.655433683
2004-11-10,11432241.844278967
2004-11-11,11514513.771642039
2004-11-12,11646401.419642674
2004-11-15,11678682.777210915
2004-11-16,11582826.7590833
2004-11-17,11709547.92584516
2004-11-18,11732986.539315661
2004-11-19,11538964.164881017
2004-11-22,11599806.821523072
2004-11-23,11605087.322293233
2004-11-24,11644812.783188395
2004-11-26,11592433.56823941
2004-11-29,11468718.396076597
2004-11-30,11464094.275172144
2004-12-01,11588846.38592811
2004-12-02,11571316.751850076
2004-12-03,11676587.909796901
2004-12-06,11692722.459194351
2004-12-07,11582285.446247188
2004-12-08,11731951.141353905
2004-12-09,11743712.673557378
2004-12-10,11771750.854257746
2004-12-13,11879374.0482183
2004-12-14,11939176.388062444
2004-12-15,11988747.695037883
2004-12-16,11891029.10934699
2004-12-17,11796333.024612796
2004-12-20,11811554.499541081
2004-12-21,11915844.645726638
2004-12-22,11930192.54774907
2004-12-23,11922395.338901673
2004-12-27,11847073.959744118
2004-12-28,11908222.877753006
2004-12-29,11900620.371090176
2004-12-30,11921395.467481865
2004-12-31,11908730.927763792
2005-01-03,11875464.139759107
2005-01-04,11658199.436291814
2005-01-05,11596662.171728231
2005-01-06,11664224.52941634
2005-01-07,11636688.38731954
2005-01-10,11688142.77046824
2005-01-11,11630344.994432101
2005-01-12,11684407.553617984
2005-01-13,11637012.04141755
2005-01-14,11688909.407964882
2005-01-18,11802654.541126082
2005-01-19,11686677.866358696
2005-01-20,11635638.87066526
2005-01-21,11587228.190014454
2005-01-24,11562082.01935788
2005-01-25,11549617.936743753
2005-01-26,11584774.906655539
2005-01-27,11585066.83740879
2005-01-28,11643166.93560436
2005-01-31,11716443.347574582
2005-02-01,11779716.047134185
2005-02-02,11814426.64654695
2005-02-03,11763955.737376984
2005-02-04,11945119.394374229
2005-02-07,11951477.130421251
2005-02-08,11974599.625145614
2005-02-09,11944080.905360514
2005-02-10,11910768.614357147
2005-02-11,11995808.792910848
2005-02-14,12000480.593589332
2005-02-15,12025407.35876621
2005-02-16,11988718.546632625
2005-02-17,11863546.225276751
2005-02-18,11817845.878886798
2005-02-22,11642072.722914625
2005-02-23,11730938.164208094
2005-02-24,11787522.555816604
2005-02-25,11918935.005554285
2005-02-28,11763485.538955932
2005-03-01,11820702.90651588
2005-03-02,11811741.178631263
2005-03-03,11807985.25612741
2005-03-04,12007133.946522336
2005-03-07,12013902.987640264
2005-03-08,11910728.827848235
2005-03-09,11686468.951839656
2005-03-10,11731639.944863789
2005-03-11,11599139.90411553
2005-03-14,11697220.586646643
2005-03-15,11577322.51390162
2005-03-16,11504145.98252473
2005-03-17,11569878.069575183
2005-03-18,11505227.802545734
2005-03-21,11447438.202147402
2005-03-22,11247282.722666455
2005-03-23,11280880.457526442
2005-03-24,11302116.960003095
2005-03-28,11280331.627258342
2005-03-29,11249923.391997108
2005-03-30,11432283.359043837
2005-03-31,11464583.148023196
2005-04-01,11434670.843287896
2005-04-04,11446918.199820668
2005-04-05,11500388.943331482
2005-04-06,11572412.341919696
2005-04-07,11588210.925553389
2005-04-08,11479950.116813453
2005-04-11,11521469.511345543
2005-04-12,11638853.802811515
2005-04-13,11508242.608502429
2005-04-14,11389685.083913203
2005-04-15,11307205.513277626
2005-04-18,11316139.314725852
2005-04-19,11469314.921697825
2005-04-20,11301703.076290485
2005-04-21,11438761.195907466
2005-04-22,11441296.878076904
2005-04-25,11514825.429582588
2005-04-26,11395967.612088796
2005-04-27,11473161.511525607
2005-04-28,11396283.491402553
2005-04-29,11507674.01259826
2005-05-02,11581730.381342674
2005-05-03,11614532.28456011
2005-05-04,11699200.475747354
2005-05-05,11730135.062981624
2005-05-06,11609395.984716473
2005-05-09,11678543.318366822
2005-05-10,11597018.46815009
2005-05-11,11673594.920767915
2005-05-12,11554989.468657963
2005-05-13,11560270.048328685
2005-05-16,11666809.31484445
2005-05-17,11757113.737451423
2005-05-18,11912786.577058911
2005-05-19,11924436.41828216
2005-05-20,11904438.588932354
2005-05-23,12022128.343254415
2005-05-24,12024318.144550955
2005-05-25,11968146.056607822
2005-05-26,12036676.185656952
2005-05-27,12067222.697746314
2005-05-31,12051929.068131931
2005-06-01,12225139.896600662
2005-06-02,12244970.390267722
2005-06-03,12114189.069566425
2005-06-06,12133329.047352366
2005-06-07,12174915.955626829
2005-06-08,12129334.388071992
2005-06-09,12177048.321627343
2005-06-10,12071555.92783754
2005-06-13,12075255.584778246
2005-06-14,12087107.147753729
2005-06-15,12103817.809504496
2005-06-16,12170615.61022922
2005-06-17,12199304.773524612
2005-06-20,12183224.588657435
2005-06-21,12226191.262234032
2005-06-22,12324977.815526413
2005-06-23,12141438.797085747
2005-06-24,12081448.004264267
2005-06-27,12106021.580862187
2005-06-28,12152386.594166795
2005-06-29,12114687.458313314
2005-06-30,12089988.768380733
2005-07-01,12019788.63330301
2005-07-05,12063880.180711566
2005-07-06,11987335.130013093
2005-07-07,12060035.782215275
2005-07-08,12150378.322530353
2005-07-11,12204185.843654983
2005-07-12,12202940.138452157
2005-07-13,12206490.865412138
2005-07-14,12236442.080814216
2005-07-15,12230380.789598402
2005-07-18,12159994.064923197
2005-07-19,12241411.337224668
2005-07-20,12303745.258668866
2005-07-21,12141161.946123198
2005-07-22,12276760.504271142
2005-07-25,12219036.30777419
2005-07-26,12240267.15369106
2005-07-27,12265576.12341793
2005-07-28,12392888.527250556
2005-07-29,12234629.793633098
2005-08-01,12199195.601485725
2005-08-02,12258425.738705149
2005-08-03,12319226.894495405
2005-08-04,12209984.925881065
2005-08-05,12060174.816696616
2005-08-08,12003874.488962721
2005-08-09,12108104.577219075
2005-08-10,12094512.40939022
2005-08-11,12191396.407780815
2005-08-12,12163163.698193554
2005-08-15,12219823.781370439
2005-08-16,12116895.932787048
2005-08-17,12067911.617659843
2005-08-18,12127995.74539833
2005-08-19,12146312.98147841
2005-08-22,12154012.459057271
2005-08-23,12151787.011850692
2005-08-24,12049035.657292614
2005-08-25,12096825.196720352
2005-08-26,11991333.35588655
2005-08-29,12088463.202582935
2005-08-30,12080913.57252709
2005-08-31,12307197.59627495
2005-09-01,12308161.88566061
2005-09-02,12287491.866880653
2005-09-06,12387107.207099902
2005-09-07,12366144.364033878
2005-09-08,12324117.858550012
2005-09-09,12439229.631395964
2005-09-12,12374610.210450491
2005-09-13,12342220.204921117
2005-09-14,12270877.416514179
2005-09-15,12226081.606765572
2005-09-16,12262307.14584343
2005-09-19,12244619.360443719
2005-09-20,12131062.251667669
2005-09-21,12073788.900153134
2005-09-22,12122203.000477066
2005-09-23,12063113.437041752
2005-09-26,12043147.048698386
2005-09-27,12045341.879862119
2005-09-28,12079457.090772107
2005-09-29,12146641.880593214
2005-09-30,12147052.16015448
2005-10-03,12055128.653482342
2005-10-04,11924076.248687748
2005-10-05,11795125.51273497
2005-10-06,11735647.990158007
2005-10-07,11789046.630789766
2005-10-10,11691274.329468725
2005-10-11,11650395.497554857
2005-10-12,11513226.967926104
2005-10-13,11486364.153375829
2005-10-14,11605154.894130776
2005-10-17,11632138.020557662
2005-10-18,11520776.8789114
2005-10-19,11723509.32805628
2005-10-20,11522520.418747213
2005-10-21,11616040.994647725
2005-10-24,11743262.511382567
2005-10-25,11664175.984438714
2005-10-26,11583564.233203217
2005-10-27,11484668.033412054
2005-10-28,11634968.659355452
2005-10-31,11673066.331303896
2005-11-01,11698616.304264873
2005-11-02,11814987.494278982
2005-11-03,11865193.107063653
2005-11-04,11849441.303439822
2005-11-07,11860843.310279166
2005-11-08,11860608.74908256
2005-11-09,11875892.48125555
2005-11-10,11967810.804914853
2005-11-11,12008319.485573487
2005-11-14,12001287.506001726
2005-11-15,11957400.828881113
2005-11-16,11981411.827027982
2005-11-17,12092729.258647513
2005-11-18,12140015.501302617
2005-11-21,12200887.300984826
2005-11-22,12253027.360860253
2005-11-23,12323596.981504591
2005-11-25,12331817.290623195
2005-11-28,12244268.979652146
2005-11-29,12230447.092704073
2005-11-30,12164245.82990866
2005-12-01,12288165.021596171
2005-12-02,12303440.478747413
2005-12-05,12277004.759706616
2005-12-06,12300042.223036412
2005-12-07,12228019.056035608
2005-12-08,12220017.524111504
2005-12-09,12251781.049084647
2005-12-12,12263179.301119909
2005-12-13,12346351.804560874
2005-12-14,12394611.565212984
2005-12-15,12358476.799560819
2005-12-16,12318445.52808304
2005-12-19,12255157.337541241
2005-12-20,12266567.494374536
2005-12-21,12285729.621804837
2005-12-22,12349514.12423455
2005-12-23,12356071.42354988
2005-12-27,12230708.667182509
2005-12-28,12257634.252405005
2005-12-29,12203083.195440536
2005-12-30,12136890.506588416
2006-01-03,12349092.83846218
2006-01-04,12420712.659679363
2006-01-05,12428965.25944256
2006-01-06,12513229.36679895
2006-01-09,12548638.428152159
2006-01-10,12508855.099568738
2006-01-11,12515100.146661503
2006-01-12,12507595.325702557
2006-01-13,12547986.12455231
2006-01-17,12526151.998483121
2006-01-18,12478542.262345275
2006-01-19,12492909.70647364
2006-01-20,12283946.12949457
2006-01-23,12322153.808428954
2006-01-24,12311733.22864558
2006-01-25,12243497.323273776
2006-01-26,12282090.171921028
2006-01-27,12402205.96637428
2006-01-30,12363635.720833499
2006-01-31,12287980.459415197
2006-02-01,12333654.017828861
2006-02-02,12187297.076528195
2006-02-03,12160839.445692517
2006-02-06,12172475.542814644
2006-02-07,12047781.284921538
2006-02-08,12147376.311012665
2006-02-09,12136304.536664534
2006-02-10,12121009.898373181
2006-02-13,12096369.104614373
2006-02-14,12204932.43104048
2006-02-15,12267498.24635366
2006-02-16,12351251.160320623
2006-02-17,12355940.9395181
2006-02-21,12308147.586226884
2006-02-22,12425533.139453597
2006-02-23,12372031.679657105
2006-02-24,12385944.58845566
2006-02-27,12364210.145244837
2006-02-28,12293436.395446781
2006-03-01,12375369.821070312
2006-03-02,12368014.35095588
2006-03-03,12310471.519993009
2006-03-06,12253883.686794993
2006-03-07,12234545.970569037
2006-03-08,12260087.817879984
2006-03-09,12177715.633766921
2006-03-10,12293036.132438287
2006-03-13,12315713.912878457
2006-03-14,12444397.903099958
2006-03-15,12499540.424250145
2006-03-16,12525079.934399413
2006-03-17,12535287.42245656
2006-03-20,12514989.15589726
2006-03-21,12436445.961136278
2006-03-22,12511657.05486213
2006-03-23,12485637.204332918
2006-03-24,12494947.989647023
2006-03-27,12476571.585485276
2006-03-28,12399933.359554471
2006-03-29,12477053.514426365
2006-03-30,12454853.545496225
2006-03-31,12457478.891564343
2006-04-03,12447688.066385858
2006-04-04,12526723.360597558
2006-04-05,12569457.637723321
2006-04-06,12555855.501551745
2006-04-07,12428604.959651722
2006-04-10,12447467.407629346
2006-04-11,12342180.743218066
2006-04-12,12364867.526085023
2006-04-13,12348394.572017005
2006-04-17,12343386.913776621
2006-04-18,12537977.12667491
2006-04-19,12561608.972323222
2006-04-20,12578567.216266278
2006-04-21,12580235.339615757
2006-04-24,12557077.466815917
2006-04-25,12505267.195502486
2006-04-26,12507899.52476516
2006-04-27,12567827.95211264
2006-04-28,12609606.510258483
2006-05-01,12507184.61081731
2006-05-02,12600534.443578903
2006-05-03,12553501.202102123
2006-05-04,12598151.44541599
2006-05-05,12708690.426447092
2006-05-08,12693168.827130677
2006-05-09,12717760.042201469
2006-05-10,12710827.388696274
2006-05-11,12557784.155833874
2006-05-12,12394244.962744953
2006-05-15,12418834.477051143
2006-05-16,12400455.179779436
2006-05-17,12165294.690145064
2006-05-18,12103938.399528615
2006-05-19,12188706.462985005
2006-05-22,12095837.891029269
2006-05-23,12003927.58891309
2006-05-24,12099201.751948541
2006-05-25,12246746.569450814
2006-05-26,12308588.836193604
2006-05-30,12090613.301255427
2006-05-31,12225039.335766558
2006-06-01,12341312.92096041
2006-06-02,12366865.352332566
2006-06-05,12187089.14373318
2006-06-06,12157252.873008618
2006-06-07,12066301.382205822
2006-06-08,12055562.995787118
2006-06-09,12017132.618493449
2006-06-12,11887022.544830834
2006-06-13,11749279.019171104
2006-06-14,11839776.132356236
2006-06-15,12089765.06052234
2006-06-16,12001762.238893494
2006-06-19,11907954.395760402
2006-06-20,11947847.835842412
2006-06-21,12035493.382510018
2006-06-22,11982744.470429061
2006-06-23,11980615.963654144
2006-06-26,12032925.470682267
2006-06-27,11929567.165597951
2006-06-28,12009573.009198755
2006-06-29,12250012.594097598
2006-06-30,12250743.867986096
2006-07-03,12300182.75705748
2006-07-05,12230243.659815295
2006-07-06,12265355.479526993
2006-07-07,12185869.153832464
2006-07-10,12208567.860604215
2006-07-11,12261822.546349807
2006-07-12,12131718.10838545
2006-07-13,11935727.075408474
2006-07-14,11889667.883829499
2006-07-17,11872258.567369483
2006-07-18,11932216.334834578
2006-07-19,12096251.112146448
2006-07-20,12013904.832438447
2006-07-21,11929643.056686401
2006-07-24,12145254.558065046
2006-07-25,12188014.424266042
2006-07-26,12204024.785092955
2006-07-27,12192342.380042778
2006-07-28,12313400.965245146
2006-07-31,12300762.978127507
2006-08-01,12240373.33890833
2006-08-02,12324116.396581825
2006-08-03,12356782.755697288
2006-08-04,12393115.658596335
2006-08-07,12345238.268212765
2006-08-08,12297140.208079318
2006-08-09,12247287.288621956
2006-08-10,12284735.440691153
2006-08-11,12208657.043282919
2006-08-14,12194315.288729597
2006-08-15,12395497.15430338
2006-08-16,12545800.560438754
2006-08-17,12571172.04610149
2006-08-18,12665088.212597327
2006-08-21,12624029.670629654
2006-08-22,12624763.205801211
2006-08-23,12575345.606189568
2006-08-24,12574167.204632975
2006-08-25,12603353.156861827
2006-08-28,12655632.72274702
2006-08-29,12677844.217444168
2006-08-30,12697945.90893507
2006-08-31,12710009.378995908
2006-09-01,12800354.987997733
2006-09-05,12780129.709533064
2006-09-06,12657289.672813658
2006-09-07,12606404.844583053
2006-09-08,12651232.12808302
2006-09-11,12637801.226208368
2006-09-12,12792670.880503507
2006-09-13,12852770.400776198
2006-09-14,12826378.994970664
2006-09-15,12845519.383111658
2006-09-18,12841431.274955314
2006-09-19,12882633.008951746
2006-09-20,12949753.805806883
2006-09-21,12975904.516885972
2006-09-22,12973815.058538515
2006-09-25,13113875.633574927
2006-09-26,13186745.917516707
2006-09-27,13196483.133719686
2006-09-28,13176162.774402978
2006-09-29,13148334.830677241
2006-10-02,13119103.158308145
2006-10-03,13142207.49307963
2006-10-04,13352472.190687848
2006-10-05,13330029.273166358
2006-10-06,13239905.824133638
2006-10-09,13260614.55238366
2006-10-10,13196424.625305692
2006-10-11,13161844.036915308
2006-10-12,13280869.677460635
2006-10-13,13289639.644298283
2006-10-16,13329455.815911576
2006-10-17,13298854.850941388
2006-10-18,13310175.443824278
2006-10-19,13317427.785967883
2006-10-20,13314103.158885624
2006-10-23,13335758.43570054
2006-10-24,13390296.546469174
2006-10-25,13481085.94455423
2006-10-26,13564524.54880646
2006-10-27,13520645.826654056
2006-10-30,13514300.516748633
2006-10-31,13569617.836114727
2006-11-01,13522685.20107248
2006-11-02,13474604.151342604
2006-11-03,13345829.565981159
2006-11-06,13505648.514607117
2006-11-07,13599248.109005477
2006-11-08,13654213.398917649
2006-11-09,13578006.932575874
2006-11-10,13609914.76122119
2006-11-13,13633480.44934469
2006-11-14,13759387.11924966
2006-11-15,13758088.289658736
2006-11-16,13755965.702229127
2006-11-17,13805716.86399403
2006-11-20,13818529.861041648
2006-11-21,13848542.524805723
2006-11-22,13893788.002873544
2006-11-24,13849813.901515251
2006-11-27,13668990.825854214
2006-11-28,13748655.053170009
2006-11-29,13870727.189805306
2006-11-30,13944962.73897727
2006-12-01,13943049.147909313
2006-12-04,14042389.130584016
2006-12-05,14080503.75223716
2006-12-06,14044092.303169474
2006-12-07,13975495.350815916
2006-12-08,13934323.711803708
2006-12-11,14014889.51206512
2006-12-12,14026140.837031303
2006-12-13,13965936.23897224
2006-12-14,14062777.396587228
2006-12-15,14064276.437675608
2006-12-18,14029856.861112067
2006-12-19,14049654.010536285
2006-12-20,14035338.060496835
2006-12-21,14032097.435990715
2006-12-22,13880394.89063011
2006-12-26,13968104.621052159
2006-12-27,14018755.116193138
2006-12-28,13954495.82934615
2006-12-29,13887051.017288182
2007-01-03,13899971.466074737
2007-01-04,13976395.398588318
2007-01-05,13818031.679067427
2007-01-08,13888275.473044561
2007-01-09,13870043.07660966
2007-01-10,13889214.946560824
2007-01-11,13909454.188877422
2007-01-12,13982808.511235245
2007-01-16,13979407.094018748
2007-01-17,13954959.738354886
2007-01-18,13923594.305291643
2007-01-19,13925650.296895273
2007-01-22,13904728.047092361
2007-01-23,13902127.100740407
2007-01-24,14012692.3890522
2007-01-25,13790635.171635075
2007-01-26,13773041.828920405
2007-01-29,13752071.873163184
2007-01-30,13833732.713672046
2007-01-31,13973472.8887063
2007-02-01,14043415.643952329
2007-02-02,14071261.65851949
2007-02-05,14086977.243917452
2007-02-06,14126041.9079411
2007-02-07,14184393.137285188
2007-02-08,14166221.955646008
2007-02-09,14015853.222850554
2007-02-12,13946528.28231745
2007-02-13,14049813.937904922
2007-02-14,14218437.841204436
2007-02-15,14255499.203319669
2007-02-16,14260681.581608962
2007-02-20,14304180.704456009
2007-02-21,14293486.340846492
2007-02-22,14244371.101224221
2007-02-23,14240126.669132464
2007-02-26,14269044.155227484
2007-02-27,13838492.031033983
2007-02-28,13924341.73051312
2007-03-01,13893349.649055893
2007-03-02,13758525.536881957
2007-03-05,13635980.980160533
2007-03-06,13841698.909287082
2007-03-07,13849639.538890338
2007-03-08,13958810.217027042
2007-03-09,13882818.808100672
2007-03-12,13937878.314208772
2007-03-13,13731112.792008653
2007-03-14,13809509.665885428
2007-03-15,13810081.87414403
2007-03-16,13767688.365538862
2007-03-19,13907745.079968816
2007-03-20,13998690.71388627
2007-03-21,14239151.895636959
2007-03-22,14177345.048410699
2007-03-23,14172104.631581118
2007-03-26,14162563.350525683
2007-03-27,14123108.171214925
2007-03-28,14017798.122243173
2007-03-29,14008443.090343134
2007-03-30,13991261.57273679
2007-04-02,14019048.972141055
2007-04-03,14151768.047070192
2007-04-04,14185974.936350012
2007-04-05,14185144.769686528
2007-04-09,14137139.016725032
2007-04-10,14179301.053821424
2007-04-11,14102225.634054122
2007-04-12,14174423.52609299
2007-04-13,14211175.753766652
2007-04-16,14356493.64590595
2007-04-17,14450429.1656005
2007-04-18,14497488.575908534
2007-04-19,14488675.89706351
2007-04-20,14603880.109888472
2007-04-23,14576257.903240915
2007-04-24,14606640.420050677
2007-04-25,14726005.843920564
2007-04-26,14697530.929452581
2007-04-27,14682732.014234623
2007-04-30,14622694.241198616
2007-05-01,14656890.409963286
2007-05-02,14720268.695802903
2007-05-03,14779574.998937296
2007-05-04,14868060.1061578
2007-05-07,14879942.12405445
2007-05-08,14857115.777489886
2007-05-09,14844948.942704758
2007-05-10,14727097.111930052
2007-05-11,14816771.097904067
2007-05-14,14759999.2783391
2007-05-15,14758793.207298452
2007-05-16,14845892.981909197
2007-05-17,14773853.039933788
2007-05-18,14855019.082805242
2007-05-21,14863768.071185768
2007-05-22,14807727.851275899
2007-05-23,14777582.890728477
2007-05-24,14660952.026306551
2007-05-25,14699518.543268338
2007-05-29,14719078.71288999
2007-05-30,14849776.926633947
2007-05-31,14825806.406888686
2007-06-01,14832961.228098521
2007-06-04,14855112.565264383
2007-06-05,14746166.989858598
2007-06-06,14590912.710618846
2007-06-07,14179007.963772645
2007-06-08,14386332.813620899
2007-06-11,14370944.715552904
2007-06-12,14110238.582467567
2007-06-13,14363556.03422752
2007-06-14,14455233.319546368
2007-06-15,14595567.047672708
2007-06-18,14567959.315901399
2007-06-19,14671536.87771724
2007-06-20,14421249.993635206
2007-06-21,14478932.088325305
2007-06-22,14385044.016795313
2007-06-25,14361319.101828635
2007-06-26,14216989.523975935
2007-06-27,14410321.856851976
2007-06-28,14396625.283483803
2007-06-29,14472007.637756804
2007-07-02,14618190.57975787
2007-07-03,14623155.052768227
2007-07-05,14523311.638806297
2007-07-06,14560438.076385831
2007-07-09,14621743.83798069
2007-07-10,14514179.037835356
2007-07-11,14560966.264505088
2007-07-12,14741483.613682533
2007-07-13,14814307.51829504
2007-07-16,14867411.717667816
2007-07-17,14825903.840072393
2007-07-18,14848949.666304642
2007-07-19,14900280.90531343
2007-07-20,14821644.797447374
2007-07-23,14857200.761275893
2007-07-24,14642376.282197442
2007-07-25,14687896.720299462
2007-07-26,14462906.369552841
2007-07-27,14203785.249821061
2007-07-30,14385732.285940427
2007-07-31,14279217.048918327
2007-08-01,14306108.668958044
2007-08-02,14427353.975132277
2007-08-03,14144930.131105844
2007-08-06,14320499.214191597
2007-08-07,14467718.276913479
2007-08-08,14567504.892684294
2007-08-09,14211249.288124342
2007-08-10,14121307.136378696
2007-08-13,14191166.773719605
2007-08-14,14022949.799014151
2007-08-15,13853562.584436111
2007-08-16,14007673.735233976
2007-08-17,14269580.050606688
2007-08-20,14291190.424385492
2007-08-21,14378590.273275804
2007-08-22,14497855.013168236
2007-08-23,14487672.35875775
2007-08-24,14666441.993218334
2007-08-27,14568149.929737706
2007-08-28,14322308.020113753
2007-08-29,14539178.612227453
2007-08-30,14571591.208923016
2007-08-31,14712701.242712418
2007-09-04,14827939.28944827
2007-09-05,14789729.86425578
2007-09-06,14788993.734479032
2007-09-07,14741029.131128771
2007-09-10,14742044.73017911
2007-09-11,14880440.432169884
2007-09-12,14878901.725409798
2007-09-13,14892898.503774531
2007-09-14,14908319.789198147
2007-09-17,14834180.205686783
2007-09-18,15251562.487653742
2007-09-19,15286016.643412203
2007-09-20,15007436.918509522
2007-09-21,15120713.153715935
2007-09-24,15110033.0152091
2007-09-25,15079559.60958932
2007-09-26,15161012.45577541
2007-09-27,15295138.9016116
2007-09-28,15247503.793578226
2007-10-01,15431957.233249215
2007-10-02,15441303.98634213
2007-10-03,15396846.525737636
2007-10-04,15445233.583623996
2007-10-05,15486553.181287142
2007-10-08,15457776.631456036
2007-10-09,15550315.753828648
2007-10-10,15536634.038280547
2007-10-11,15461626.76985532
2007-10-12,15491137.043297935
2007-10-15,15372945.294834051
2007-10-16,15291094.731395083
2007-10-17,15428197.20069386
2007-10-18,15428503.55974556
2007-10-19,15159898.573373515
2007-10-22,15214232.52754785
2007-10-23,15328001.097929873
2007-10-24,15374501.65410997
2007-10-25,15394763.36328478
2007-10-26,15529988.586165072
2007-10-29,15589872.39697339
2007-10-30,15497686.183301726
2007-10-31,15550087.891274508
2007-11-01,15314738.538093241
2007-11-02,15369800.873566035
2007-11-05,15232431.407555444
2007-11-06,15408048.335225385
2007-11-07,15038435.795792168
2007-11-08,14993185.570062172
2007-11-09,14875022.257672738
2007-11-12,14752442.389278056
2007-11-13,15118170.478190336
2007-11-14,15084502.191997245
2007-11-15,14949635.264994761
2007-11-16,14972521.66733134
2007-11-19,14870955.122082895
2007-11-20,14918641.93536372
2007-11-21,14732200.74474471
2007-11-23,14934538.032947097
2007-11-26,14811475.487792825
2007-11-27,14838208.613033218
2007-11-28,15257557.848405894
2007-11-29,15343996.858544305
2007-11-30,15516239.146655435
2007-12-03,15472718.642881837
2007-12-04,15347027.988445072
2007-12-05,15541805.537615908
2007-12-06,15680107.115940627
2007-12-07,15575223.416710015
2007-12-10,15657371.650435576
2007-12-11,15437965.564041112
2007-12-12,15457456.845518904
2007-12-13,15309129.901163027
2007-12-14,15068622.31932886
2007-12-17,14941024.349142643
2007-12-18,15050791.433141626
2007-12-19,15167609.322523387
2007-12-20,15235371.99689101
2007-12-21,15341471.09470838
2007-12-24,15407949.793083372
2007-12-26,15366802.836144293
2007-12-27,15273491.792082895
2007-12-28,15353494.236461597
2007-12-31,15310576.258261558
2008-01-02,15286813.602532547
2008-01-03,15310430.418955324
2008-01-04,15350055.539974904
2008-01-07,15377406.781055605
2008-01-08,15409873.668820225
2008-01-09,15385518.120869894
2008-01-10,15343992.707645345
2008-01-11,15440665.519731455
2008-01-14,15447230.94570011
2008-01-15,15546224.689479614
2008-01-16,15517198.025686136
2008-01-17,15639184.73762853
2008-01-18,15615912.309091516
2008-01-22,15790142.55817394
2008-01-23,15717848.851926157
2008-01-24,15576397.850333935
2008-01-25,15721459.940954357
2008-01-28,15664090.639000256
2008-01-29,15601288.611829203
2008-01-30,15593973.544163559
2008-01-31,15674521.38664282
2008-02-01,15725009.967826236
2008-02-04,15637938.555693792
2008-02-05,15747898.969200265
2008-02-06,15719890.418829024
2008-02-07,15544327.892159646
2008-02-08,15676456.734969782
2008-02-11,15711005.906572822
2008-02-12,15677706.708963064
2008-02-13,15611107.05209239
2008-02-14,15524788.387970133
2008-02-15,15558227.728206646
2008-02-19,15444859.647494052
2008-02-20,15430182.1514274
2008-02-21,15593211.022385968
2008-02-22,15548816.516992306
2008-02-25,15444065.626336785
2008-02-26,15480599.643604586
2008-02-27,15516940.642394511
2008-02-28,15697419.049077293
2008-02-29,15860975.65792204
2008-03-03,15819958.809816385
2008-03-04,15759852.030160014
2008-03-05,15690345.08825694
2008-03-06,15818699.654352376
2008-03-07,15873121.932905728
2008-03-10,15986898.65919715
2008-03-11,15814920.720371505
2008-03-12,15998165.305559358
2008-03-13,15914544.209710468
2008-03-14,16078806.3458435
2008-03-17,16157739.31131583
2008-03-18,16049986.822842414
2008-03-19,16186285.597502252
2008-03-20,16220117.45341033
2008-03-24,15934141.471123869
2008-03-25,15991458.91989032
2008-03-26,16003652.896787418
2008-03-27,15981841.676600982
2008-03-28,16046153.685737098
2008-03-31,16074321.56514236
2008-04-01,15931558.272458114
2008-04-02,15876931.737400757
2008-04-03,15876370.591924164
2008-04-04,15997819.121579537
2008-04-07,15893007.434533617
2008-04-08,15894442.976324417
2008-04-09,15989185.2992176
2008-04-10,15926152.06486056
2008-04-11,15994250.744142575
2008-04-14,15953889.94784545
2008-04-15,15881868.556219054
2008-04-16,15773988.964308783
2008-04-17,15736177.84642689
2008-04-18,15719720.603272093
2008-04-21,15721174.28244479
2008-04-22,15733394.739375021
2008-04-23,15716933.12189584
2008-04-24,15590875.343948828
2008-04-25,15569254.161141029
2008-04-28,15597071.897051137
2008-04-29,15624781.816252945
2008-04-30,15673384.478976069
2008-05-01,15671351.067393415
2008-05-02,15545683.650629329
2008-05-05,15568324.482698005
2008-05-06,15518710.009339217
2008-05-07,15580390.865552383
2008-05-08,15680341.722000306
2008-05-09,15697456.679330947
2008-05-12,15671102.735421395
2008-05-13,15541965.85421845
2008-05-14,15536360.526648426
2008-05-15,15622691.732110145
2008-05-16,15596127.282557309
2008-05-19,15630931.223532433
2008-05-20,15677882.713108594
2008-05-21,15641049.61962323
2008-05-22,15539435.928318052
2008-05-23,15608063.176274488
2008-05-27,15530553.655050784
2008-05-28,15413101.430241263
2008-05-29,15339105.848551184
2008-05-30,15391231.142848412
2008-06-02,15484373.304831527
2008-06-03,15566410.864739805
2008-06-04,15509274.83588649
2008-06-05,15426726.35528268
2008-06-06,15563494.985198189
2008-06-09,15451164.333856499
2008-06-10,15357329.985171458
2008-06-11,15373343.418899074
2008-06-12,15235144.665467115
2008-06-13,15199116.295460707
2008-06-16,15200593.301422415
2008-06-17,15251807.104916219
2008-06-18,15334651.85110084
2008-06-19,15246685.490063244
2008-06-20,15317139.585678797
2008-06-23,15309822.205212414
2008-06-24,15390446.828201013
2008-06-25,15388424.64461191
2008-06-26,15473598.334833568
2008-06-27,15547712.073853713
2008-06-30,15557739.557627406
2008-07-01,15514906.315861935
2008-07-02,15552031.466159046
2008-07-03,15557057.659833439
2008-07-07,15629563.061266277
2008-07-08,15668079.784097832
2008-07-09,15741562.80479151
2008-07-10,15746505.669953708
2008-07-11,15601700.285398206
2008-07-14,15684516.185469322
2008-07-15,15740367.304092806
2008-07-16,15598709.219105978
2008-07-17,15524053.44236243
2008-07-18,15470144.423083808
2008-07-21,15505735.782129249
2008-07-22,15451710.07183562
2008-07-23,15426157.680068897
2008-07-24,15561271.291861517
2008-07-25,15470223.951490179
2008-07-28,15559796.755225739
2008-07-29,15514936.59149235
2008-07-30,15545046.070479052
2008-07-31,15669639.30232231
2008-08-01,15677120.289635642
2008-08-04,15666228.536574766
2008-08-05,15586311.976159772
2008-08-06,15591346.98060571
2008-08-07,15737358.12884759
2008-08-08,15730044.550015451
2008-08-11,15654124.166270472
2008-08-12,15761880.388250912
2008-08-13,15728289.5704257
2008-08-14,15775484.71993754
2008-08-15,15832914.586972086
2008-08-18,15870870.11057538
2008-08-19,15848085.088596871
2008-08-20,15892922.196974354
2008-08-21,15859841.485997591
2008-08-22,15814441.691745184
2008-08-25,15916973.603670668
2008-08-26,15920203.359375725
2008-08-27,15942940.484883863
2008-08-28,15919639.135146966
2008-08-29,15899824.723345364
2008-09-02,15986070.25336047
2008-09-03,16024646.37334697
2008-09-04,16103568.004016327
2008-09-05,16068362.266790789
2008-09-08,16069815.499641333
2008-09-09,16141316.284946837
2008-09-10,16101013.317340564
2008-09-11,16072777.032691745
2008-09-12,15993779.319800802
2008-09-15,16297280.823804367
2008-09-16,16250199.773918921
2008-09-17,16396726.872144742
2008-09-18,16205378.425422387
2008-09-19,15913273.593964798
2008-09-22,15878668.610428495
2008-09-23,15878347.385516172
2008-09-24,15919388.189439217
2008-09-25,15870756.560656805
2008-09-26,15859607.37098625
2008-09-29,16082604.948130904
2008-09-30,15873383.625241287
2008-10-01,15985939.743536828
2008-10-02,16074960.017835237
2008-10-03,16134743.604830965
2008-10-06,16262777.528991692
2008-10-07,16249581.435930455
2008-10-08,16040640.996727353
2008-10-09,15874580.885345446
2008-10-10,15687460.711883657
2008-10-13,15578033.424863823
2008-10-14,15502616.126123898
2008-10-15,15628942.271909952
2008-10-16,15632166.512881285
2008-10-17,15728924.278651293
2008-10-20,15744421.320727648
2008-10-21,15906462.915593779
2008-10-22,16027651.517117094
2008-10-23,16048563.044868711
2008-10-24,15981191.566290375
2008-10-27,15971961.957500348
2008-10-28,15842969.880024426
2008-10-29,15866173.901521944
2008-10-30,15742700.717994796
2008-10-31,15709387.813028514
2008-11-03,15734857.956820104
2008-11-04,15927263.461628487
2008-11-05,16011569.310402518
2008-11-06,15963088.892043352
2008-11-07,15905439.455311367
2008-11-10,15921368.259658175
2008-11-11,15980532.012759248
2008-11-12,16078936.710008312
2008-11-13,15963048.298766252
2008-11-14,16121059.284030158
2008-11-17,16188045.042617584
2008-11-18,16310946.171305317
2008-11-19,16486567.918918163
2008-11-20,16812981.164906695
2008-11-21,16658412.168562777
2008-11-24,16500076.006414281
2008-11-25,16787843.2642621
2008-11-26,16888497.952638097
2008-11-28,16921429.251523208
2008-12-01,17143590.713678967
2008-12-02,17232704.002095774
2008-12-03,17259126.697932206
2008-12-04,17365624.15105776
2008-12-05,17185853.604736615
2008-12-08,17121126.00592209
2008-12-09,17266932.58843998
2008-12-10,17250576.690899763
2008-12-11,17353687.21894602
2008-12-12,17401096.37765091
2008-12-15,17437713.754592817
2008-12-16,17706928.341879927
2008-12-17,17826447.416629005
2008-12-18,17944599.09083009
2008-12-19,17886632.434857663
2008-12-22,17840627.54925036
2008-12-23,17831469.79796058
2008-12-24,17813451.60911734
2008-12-26,17906883.452669315
2008-12-29,17945161.3780876
2008-12-30,17969414.659919977
2008-12-31,17776291.462691978
2009-01-02,17524340.014673725
2009-01-05,17492875.152840074
2009-01-06,17481496.48790279
2009-01-07,17484828.57276879
2009-01-08,17532288.522994906
2009-01-09,17614274.320955884
2009-01-12,17724775.692468025
2009-01-13,17737002.694955505
2009-01-14,17835442.974473562
2009-01-15,17820850.111341957
2009-01-16,17658677.155090682
2009-01-20,17631231.612250105
2009-01-21,17473140.541309074
2009-01-22,17354783.766195565
2009-01-23,17357749.870870993
2009-01-26,17314096.72886512
2009-01-27,17428003.330489483
2009-01-28,17316566.42835656
2009-01-29,17089458.409615293
2009-01-30,17081683.501021754
2009-02-02,17223695.39033152
2009-02-03,17073001.81678974
2009-02-04,16983311.20786953
2009-02-05,17022301.648177993
2009-02-06,16919373.751469407
2009-02-09,16884469.900369912
2009-02-10,17112294.61244466
2009-02-11,17242327.968906906
2009-02-12,17236714.45399249
2009-02-13,17104402.405828148
2009-02-17,17388073.637407906
2009-02-18,17261045.62231482
2009-02-19,17163868.83188019
2009-02-20,17213398.459388725
2009-02-23,17229566.39685896
2009-02-24,17162033.192208543
2009-02-25,17005272.56746904
2009-02-26,16960539.454405397
2009-02-27,16945334.67637959
2009-03-02,17120085.171040636
2009-03-03,17097674.96850554
2009-03-04,17008910.84713088
2009-03-05,17213071.74786412
2009-03-06,17130764.19359793
2009-03-09,17137730.651346017
2009-03-10,17010799.793069474
2009-03-11,17134893.05306929
2009-03-12,17184241.842779387
2009-03-13,17171067.333585713
2009-03-16,17071836.896384537
2009-03-17,17038217.075638443
2009-03-18,17635871.631887957
2009-03-19,17575457.50083774
2009-03-20,17575105.568093106
2009-03-23,17514379.587112565
2009-03-24,17488285.503912676
2009-03-25,17381122.93474197
2009-03-26,17427385.860276863
2009-03-27,17415898.067806367
2009-03-30,17491717.78705657
2009-03-31,17522724.092036825
2009-04-01,17565960.581444494
2009-04-02,17449763.18475435
2009-04-03,17244938.630437993
2009-04-06,17204195.970282145
2009-04-07,17247731.23112339
2009-04-08,17333006.596603863
2009-04-09,17231499.800174683
2009-04-13,17333423.71932777
2009-04-14,17421681.42788528
2009-04-15,17437478.20835927
2009-04-16,17369046.318135206
2009-04-17,17229881.75156439
2009-04-20,17350208.7418849
2009-04-21,17283015.510199886
2009-04-22,17240836.926001918
2009-04-23,17236842.608710345
2009-04-24,17168969.579756256
2009-04-27,17240326.94805386
2009-04-28,17156074.204408165
2009-04-29,17061783.879706718
2009-04-30,17031680.099573594
2009-05-01,16975208.021487232
2009-05-04,16991067.635648202
2009-05-05,16987082.10145046
2009-05-06,16994043.091327406
2009-05-07,16851528.668063838
2009-05-08,16871529.601930995
2009-05-11,17031781.137875486
2009-05-12,17020523.902003646
2009-05-13,17098414.47409743
2009-05-14,17099883.103734426
2009-05-15,17058052.18170438
2009-05-18,16958029.418952677
2009-05-19,16933909.215319328
2009-05-20,16986794.486558065
2009-05-21,16800351.092025746
2009-05-22,16699616.326846778
2009-05-26,16586700.797418987
2009-05-27,16397360.855071513
2009-05-28,16485151.067973051
2009-05-29,16674716.217630524
2009-06-01,16402284.342486124
2009-06-02,16458370.440592144
2009-06-03,16560844.187522797
2009-06-04,16366293.845004495
2009-06-05,16202849.241652034
2009-06-08,16118848.463497315
2009-06-09,16189779.434675647
2009-06-10,16090715.103988167
2009-06-11,16199792.073483534
2009-06-12,16284344.308090696
2009-06-15,16355662.596869728
2009-06-16,16444250.031601112
2009-06-17,16399779.229922675
2009-06-18,16199686.758344103
2009-06-19,16276098.038873658
2009-06-22,16364877.665810145
2009-06-23,16417927.95998151
2009-06-24,16355431.272717271
2009-06-25,16561356.520772459
2009-06-26,16582677.652762761
2009-06-29,16616528.262664236
2009-06-30,16573156.235082071
2009-07-01,16562368.834146403
2009-07-02,16554349.215118403
2009-07-06,16554473.911701944
2009-07-07,16554598.609224768
2009-07-08,16554716.75048436
2009-07-09,16554841.449836383
2009-07-10,16554959.592828998
2009-07-13,16555077.736664737
2009-07-14,16555195.881343603
2009-07-15,16555314.026865605
2009-07-16,16555438.730716646
2009-07-17,16555550.319784427
2009-07-20,16555675.025415357
2009-07-21,16555799.73198564
2009-07-22,16555924.439495282
2009-07-23,16556049.14794429
2009-07-24,16556167.299555596
2009-07-27,16556292.009833962
2009-07-28,16556416.721051715
2009-07-29,16556541.433208862
2009-07-30,16556659.588333344
2009-07-31,16556777.744301034
2009-08-03,16556902.45917761
2009-08-04,16534843.790379783
2009-08-05,16392558.205612017
2009-08-06,16306865.310631946
2009-08-07,16411971.890594685
2009-08-10,16482309.470302517
2009-08-11,16390594.585925074
2009-08-12,16518065.69891361
2009-08-13,16768814.808273945
2009-08-14,16693472.928362157
2009-08-17,16405771.396348724
2009-08-18,16472691.90195254
2009-08-19,16675533.30234021
2009-08-20,16885548.273616735
2009-08-21,17045646.35739445
2009-08-24,17147025.582081303
2009-08-25,17223691.61123906
2009-08-26,17243544.59855621
2009-08-27,17234156.257198717
2009-08-28,17269592.156195424
2009-08-31,17166344.73028518
2009-09-01,16833660.4093017
2009-09-02,16861200.524094176
2009-09-03,16938715.166793656
2009-09-04,17072273.736666203
2009-09-08,17179220.655670173
2009-09-09,17324810.82516657
2009-09-10,17626585.548612565
2009-09-11,17673977.982365
2009-09-14,17654575.24648133
2009-09-15,17690230.591031887
2009-09-16,17942263.599257145
2009-09-17,18002485.164840203
2009-09-18,17918383.144773003
2009-09-21,17860977.985412385
2009-09-22,18010219.99848349
2009-09-23,17900128.142020892
2009-09-24,17752956.28990932
2009-09-25,17730281.345828887
2009-09-28,18071492.939587303
2009-09-29,18009798.738293614
2009-09-30,17954094.466284417
2009-10-01,17649626.168892436
2009-10-02,17561408.56424029
2009-10-05,17813533.10542255
2009-10-06,18004079.197432093
2009-10-07,18163811.700736
2009-10-08,18235218.330498967
2009-10-09,18171469.633105572
2009-10-12,18294645.39961064
2009-10-13,18297960.68651925
2009-10-14,18486709.792356126
2009-10-15,18494184.550306413
2009-10-16,18438352.66532142
2009-10-19,18617314.043307923
2009-10-20,18559843.320309635
2009-10-21,18352325.426927354
2009-10-22,18484274.32388257
2009-10-23,18183256.636499856
2009-10-26,17882693.94949532
2009-10-27,17953504.478679787
2009-10-28,17671502.498806983
2009-10-29,17959812.875420213
2009-10-30,17575660.147135094
2009-11-02,17655273.56192898
2009-11-03,17668693.187082224
2009-11-04,17664071.792704605
2009-11-05,17989450.81967596
2009-11-06,18088094.923486453
2009-11-09,18502585.407844078
2009-11-10,18518943.359756697
2009-11-11,18664506.92423864
2009-11-12,18482760.854579087
2009-11-13,18594667.01880492
2009-11-16,18958271.924951047
2009-11-17,19020101.190476548
2009-11-18,18960353.049948342
2009-11-19,18740153.41329103
2009-11-20,18672202.024068415
2009-11-23,18876756.029726587
2009-11-24,18997559.608196855
2009-11-25,19125393.832578685
2009-11-27,18907921.086091988
2009-11-30,19000925.817706373
2009-12-01,19131205.824185144
2009-12-02,19083036.55979454
2009-12-03,18844073.306753125
2009-12-04,18810831.87135206
2009-12-07,18832579.352076188
2009-12-08,18689472.90764943
2009-12-09,18721332.269374568
2009-12-10,18761958.401992362
2009-12-11,18748088.50452777
2009-12-14,18875303.15127202
2009-12-15,18727094.155150913
2009-12-16,18754803.79843975
2009-12-17,18693952.708423916
2009-12-18,18706369.992958136
2009-12-21,18703172.974549178
2009-12-22,18686337.521824867
2009-12-23,18713907.3350656
2009-12-24,18734689.431629304
2009-12-28,18723511.904674426
2009-12-29,18745330.721016668
2009-12-30,18771444.48876119
2009-12-31,18500911.93563047
2010-01-04,18859574.574702412
2010-01-05,18899983.47911861
2010-01-06,18912879.889030285
2010-01-07,18992188.34813477
2010-01-08,19054895.107116632
2010-01-11,19081077.640854288
2010-01-12,18903081.068914015
2010-01-13,19062058.984006267
2010-01-14,19113150.028370447
2010-01-15,18898628.1901118
2010-01-19,19133978.217958983
2010-01-20,18939375.395516474
2010-01-21,18575461.07528107
2010-01-22,18161757.06552357
2010-01-25,18254350.89208518
2010-01-26,18177632.673484452
2010-01-27,18263596.01046888
2010-01-28,18054071.712064434
2010-01-29,17857837.38984382
2010-02-01,18134699.746693663
2010-02-02,18374172.304315504
2010-02-03,18195697.541967746
2010-02-04,17783624.36531375
2010-02-05,17875715.501341745
2010-02-08,17731938.46516294
2010-02-09,17855768.80143168
2010-02-10,17771122.165639415
2010-02-11,17934004.722945824
2010-02-12,17959851.392886948
2010-02-16,18279817.742124777
2010-02-17,18267451.98529388
2010-02-18,18309354.980457243
2010-02-19,18356804.5891054
2010-02-22,18345038.65778487
2010-02-23,18256980.474866364
2010-02-24,18432927.077182267
2010-02-25,18474091.777355347
2010-02-26,18512935.3561596
2010-03-01,18720744.146641873
2010-03-02,18781099.447948594
2010-03-03,18777833.672305875
2010-03-04,18866278.729438264
2010-03-05,19042160.787020616
2010-03-08,18994529.681068193
2010-03-09,19073171.51009861
2010-03-10,19125143.099223975
2010-03-11,19186739.708645876
2010-03-12,19216848.37138928
2010-03-15,19220923.063561477
2010-03-16,19445006.834783483
2010-03-17,19581318.51844756
2010-03-18,19518960.756646667
2010-03-19,19394421.2657393
2010-03-22,19560726.635851454
2010-03-23,19654239.229861394
2010-03-24,19364979.13321734
2010-03-25,19261195.62581136
2010-03-26,19293974.591022052
2010-03-29,19387295.287480596
2010-03-30,19418966.288504567
2010-03-31,19397220.20713032
2010-04-01,19488644.57647407
2010-04-05,19637098.343137868
2010-04-06,19682906.094809238
2010-04-07,19570316.822334122
2010-04-08,19637577.756792866
2010-04-09,19765892.016475376
2010-04-12,19796852.199011933
2010-04-13,19811307.086391505
2010-04-14,20035314.72067942
2010-04-15,20051416.16636765
2010-04-16,19732574.065383375
2010-04-19,19806426.835727926
2010-04-20,19982590.331262693
2010-04-21,19945899.662547246
2010-04-22,20004896.47854621
2010-04-23,20134861.38400445
2010-04-26,20058553.1400407
2010-04-27,19584612.296836432
2010-04-28,19732719.60372736
2010-04-29,19976532.613328386
2010-04-30,19637876.310758885
2010-05-03,19891595.758216135
2010-05-04,19547783.64623886
2010-05-05,19506568.41493707
2010-05-06,19079180.059661977
2010-05-07,18748720.522226818
2010-05-10,19413815.641701065
2010-05-11,19381543.047779493
2010-05-12,19599180.442360017
2010-05-13,19410546.193387922
2010-05-14,19188157.129318446
2010-05-17,19155307.34326556
2010-05-18,19039475.679552883
2010-05-19,18949605.846343968
2010-05-20,18439026.698024668
2010-05-21,18716588.849004477
2010-05-24,18475626.42936342
2010-05-25,18552872.63941763
2010-05-26,18403303.703527734
2010-05-27,18842990.127297115
2010-05-28,18687705.620060563
2010-06-01,18395228.064322952
2010-06-02,18768247.30959303
2010-06-03,18806457.83461772
2010-06-04,18396657.242488015
2010-06-07,18242731.587658353
2010-06-08,18378759.94559101
2010-06-09,18282430.763723537
2010-06-10,18641751.483973008
2010-06-11,18848688.225922745
2010-06-14,18803122.02197698
2010-06-15,19171015.195358943
2010-06-16,19216378.009995334
2010-06-17,19336229.282693174
2010-06-18,19317657.650509756
2010-06-21,19247844.319238015
2010-06-22,19046494.553975273
2010-06-23,19058132.116062563
2010-06-24,18731741.73002471
2010-06-25,18837978.081330437
2010-06-28,18913177.09699864
2010-06-29,18425879.320513435
2010-06-30,18276763.546167515
2010-07-01,18186610.105933618
2010-07-02,18144783.201763593
2010-07-06,18188435.014583007
2010-07-07,18130937.145150553
2010-07-08,18086524.5162819
2010-07-09,18038053.628693577
2010-07-12,18068593.078428995
2010-07-13,17977562.090825733
2010-07-14,18068627.912142932
2010-07-15,18162779.438104168
2010-07-16,18267587.2733539
2010-07-19,18219773.307490442
2010-07-20,18238457.902582485
2010-07-21,18354141.098169275
2010-07-22,18253985.685718443
2010-07-23,18194773.753184874
2010-07-26,18188685.24965815
2010-07-27,18125228.58527228
2010-07-28,18203713.18502295
2010-07-29,18241579.078731444
2010-07-30,18347959.845308736
2010-08-02,18291414.244890623
2010-08-03,18279573.88011733
2010-08-04,18324670.14134226
2010-08-05,18391822.84757274
2010-08-06,18435401.122147553
2010-08-09,18528052.876321945
2010-08-10,18519952.145093355
2010-08-11,18122066.431345582
2010-08-12,17966807.794399153
2010-08-13,17991533.401081413
2010-08-16,18112489.24607835
2010-08-17,18243791.92383053
2010-08-18,18258230.89655552
2010-08-19,18017719.04519798
2010-08-20,17900349.31543206
2010-08-23,17855034.632420607
2010-08-24,17731850.82663571
2010-08-25,17718466.76156521
2010-08-26,17676747.039069097
2010-08-27,17743081.279466882
2010-08-30,17619850.11909114
2010-08-31,17697161.426502418
2010-09-01,18093399.165461626
2010-09-02,18010725.990696006
2010-09-03,17909569.528288472
2010-09-07,18049270.20203493
2010-09-08,18000458.61838607
2010-09-09,17861211.203466564
2010-09-10,17809668.043113645
2010-09-13,17893807.3610797
2010-09-14,17982753.20924747
2010-09-15,17920940.660879705
2010-09-16,17858734.00871381
2010-09-17,17898607.31315277
2010-09-20,17952932.278726984
2010-09-21,18117673.28787809
2010-09-22,18144151.901234526
2010-09-23,18169246.133484565
2010-09-24,18078846.179069184
2010-09-27,18219280.699658517
2010-09-28,18279342.05375118
2010-09-29,18235324.629885316
2010-09-30,18213011.637227543
2010-10-01,18222388.215649527
2010-10-04,18139946.155295774
2010-10-05,18506920.18447504
2010-10-06,18621271.29859058
2010-10-07,18616529.42814093
2010-10-08,18726490.191508442
2010-10-11,18761765.389446486
2010-10-12,18764249.35645845
2010-10-13,18908106.455241997
2010-10-14,18727574.482003644
2010-10-15,18683819.677655734
2010-10-18,18863681.252456058
2010-10-19,18680905.822243605
2010-10-20,18849561.79842343
2010-10-21,18787156.032130215
2010-10-22,18826846.765573245
2010-10-25,18875810.10563922
2010-10-26,18753629.06324208
2010-10-27,18590502.87557575
2010-10-28,18700627.90262203
2010-10-29,18796570.543485064
2010-11-01,18771199.03070514
2010-11-02,18979806.99767452
2010-11-03,19114041.912589233
2010-11-04,19630182.745472565
2010-11-05,19618760.134867974
2010-11-08,19587709.45970716
2010-11-09,19282499.265635487
2010-11-10,19430298.411112517
2010-11-11,19335951.858226385
2010-11-12,18950359.196829554
2010-11-15,18679322.6578194
2010-11-16,18525601.819092434
2010-11-17,18480905.602687795
2010-11-18,18706746.439822607
2010-11-19,18795502.082978502
2010-11-22,18878322.43203676
2010-11-23,18644708.811609272
2010-11-24,18712300.39116999
2010-11-26,18574693.756333627
2010-11-29,18669998.86394448
2010-11-30,18597372.794088546
2010-12-01,18744250.724968124
2010-12-02,18936058.70179885
2010-12-03,18988157.549425576
2010-12-06,19084645.966541752
2010-12-07,18784649.298060965
2010-12-08,18691941.16766335
2010-12-09,18803358.36077826
2010-12-10,18753353.51888918
2010-12-13,18824608.699415833
2010-12-14,18642814.283855215
2010-12-15,18480475.26126756
2010-12-16,18695988.367088918
2010-12-17,18873030.79899709
2010-12-20,18914441.917245883
2010-12-21,19071152.345967125
2010-12-22,19076037.058956757
2010-12-23,18981990.232855912
2010-12-27,19061494.77700155
2010-12-28,18889092.81946082
2010-12-29,19115272.873893913
2010-12-30,19046405.524317488
2010-12-31,19145159.247383878
2011-01-03,19279194.05138291
2011-01-04,19312342.345147725
2011-01-05,19206173.459825154
2011-01-06,19266532.851086035
2011-01-07,19354561.60688991
2011-01-10,19394245.282703325
2011-01-11,19386201.532527134
2011-01-12,19501750.37887565
2011-01-13,19600886.82683808
2011-01-14,19684353.70339284
2011-01-18,19668444.616836194
2011-01-19,19528954.09746614
2011-01-20,19351295.98065474
2011-01-21,19458643.061519768
2011-01-24,19568259.26309718
2011-01-25,19676024.962805286
2011-01-26,19631259.554660626
2011-01-27,19751243.583550345
2011-01-28,19502893.330731172
2011-01-31,19568009.13739218
2011-02-01,19782212.28079696
2011-02-02,19697906.582482375
2011-02-03,19628103.91324488
2011-02-04,19560629.445138544
2011-02-07,19672869.797635227
2011-02-08,19627367.179964766
2011-02-09,19693449.794264533
2011-02-10,19636347.411145825
2011-02-11,19842417.590954997
2011-02-14,19895402.03209196
2011-02-15,19876595.71387458
2011-02-16,19973042.399416767
2011-02-17,20103462.114875663
2011-02-18,20139432.844035476
2011-02-22,19931717.55876095
2011-02-23,19757118.927092
2011-02-24,19794397.75359647
2011-02-25,20065578.6248397
2011-02-28,20177921.15487391
2011-03-01,19869979.921898827
2011-03-02,19901215.61736692
2011-03-03,20236446.267645977
2011-03-04,20087552.998325076
2011-03-07,19932718.899796102
2011-03-08,20103115.049763028
2011-03-09,20074510.365819488
2011-03-10,19710292.371301062
2011-03-11,19843562.809025027
2011-03-14,19725871.697671097
2011-03-15,19504220.876587305
2011-03-16,19150409.852545425
2011-03-17,19398040.03744739
2011-03-18,19466714.081452917
2011-03-21,19760370.488138307
2011-03-22,19693167.876181204
2011-03-23,19747735.1854664
2011-03-24,19931486.80784665
2011-03-25,19990504.111361243
2011-03-28,19942599.89050791
2011-03-29,20072903.06614706
2011-03-30,20207650.912346054
2011-03-31,20180533.147533696
2011-04-01,20263304.044846322
2011-04-04,20279250.819966827
2011-04-05,20275881.326930694
2011-04-06,20337861.934648734
2011-04-07,20286977.11762605
2011-04-08,20218269.9643828
2011-04-11,20158485.64885255
2011-04-12,20011077.205856998
2011-04-13,20009207.08104303
2011-04-14,20023673.62750526
2011-04-15,20094567.324306533
2011-04-18,19874399.584660485
2011-04-19,19985388.518564783
2011-04-20,20250824.367891025
2011-04-21,20351407.99490474
2011-04-25,20330221.035363033
2011-04-26,20500606.795484446
2011-04-27,20630892.003184397
2011-04-28,20695826.95867389
2011-04-29,20742947.678474154
2011-05-02,20711362.12041455
2011-05-03,20682347.632883254
2011-05-04,20600397.496281654
2011-05-05,20520826.651420295
2011-05-06,20620931.665958438
2011-05-09,20730028.758537624
2011-05-10,20807027.609602194
2011-05-11,20660179.509812485
2011-05-12,20712431.347610038
2011-05-13,20631816.951884136
2011-05-16,20549820.27104346
2011-05-17,20605775.069706935
2011-05-18,20670552.29238641
2011-05-19,20740276.85787496
2011-05-20,20624463.527636576
2011-05-23,20413439.953715708
2011-05-24,20417025.415930323
2011-05-25,20481659.015670303
2011-05-26,20687244.914120622
2011-05-27,20762565.606260993
2011-05-31,21006731.471491437
2011-06-01,20713634.302147485
2011-06-02,20566341.338726126
2011-06-03,20444925.570230186
2011-06-06,20219588.02677907
2011-06-07,20244526.35250486
2011-06-08,20205132.27040906
2011-06-09,20272713.27340334
2011-06-10,20061140.62428751
2011-06-13,20031418.87039969
2011-06-14,20120321.617969338
2011-06-15,19983665.4517433
2011-06-16,20081272.153188206
2011-06-17,20124463.838392824
2011-06-20,20195675.047580853
2011-06-21,20445558.34860722
2011-06-22,20312893.694132324
2011-06-23,20358440.756508652
2011-06-24,20205110.027035777
2011-06-27,20306387.78110732
2011-06-28,20386532.495822553
2011-06-29,20441565.489509318
2011-06-30,20569808.0851229
2011-07-01,20827650.111820366
2011-07-05,20936463.191989902
2011-07-06,20997108.25274383
2011-07-07,21132691.65159879
2011-07-08,21205113.586178977
2011-07-11,20984196.621100407
2011-07-12,20924145.908666633
2011-07-13,21025846.932520524
2011-07-14,20764654.11565968
2011-07-15,20967696.539303463
2011-07-18,20785668.772622347
2011-07-19,21194042.853274073
2011-07-20,21079422.875012513
2011-07-21,21250801.086774126
2011-07-22,21343341.101091534
2011-07-25,21159362.589425575
2011-07-26,21168372.34278511
2011-07-27,20707518.514299262
2011-07-28,20687947.60583622
2011-07-29,20799416.20548421
2011-08-01,20787603.470991563
2011-08-02,20444233.411514666
2011-08-03,20569632.496317472
2011-08-04,19884287.23363969
2011-08-05,19620273.77980427
2011-08-08,18667654.486351985
2011-08-09,19617897.147905067
2011-08-10,19008466.636602886
2011-08-11,19570030.870471995
2011-08-12,19834588.254370198
2011-08-15,20177551.295324385
2011-08-16,20096029.09982016
2011-08-17,20247405.21424269
2011-08-18,19487925.047024377
2011-08-19,19195654.65908895
2011-08-22,19174681.357773114
2011-08-23,19715855.671742413
2011-08-24,19782430.01945426
2011-08-25,19600369.029377293
2011-08-26,19940449.208090752
2011-08-29,20376995.447406728
2011-08-30,20570048.664540373
2011-08-31,20586878.279022355
2011-09-01,20534086.652240828
2011-09-02,20709034.73504547
2011-09-06,20735544.796086084
2011-09-07,20623904.347265277
2011-09-08,20725373.051608093
2011-09-09,20826114.721007917
2011-09-12,20762760.181949187
2011-09-13,20701184.31984022
2011-09-14,20712673.533880096
2011-09-15,20557237.588910725
2011-09-16,20596990.537227903
2011-09-19,20766882.645193703
2011-09-20,20794150.97662848
2011-09-21,20882482.86414409
2011-09-22,21073786.061731532
2011-09-23,20904181.066906713
2011-09-26,20817932.02685572
2011-09-27,20679923.060184002
2011-09-28,20683495.405458473
2011-09-29,20683082.9542544
2011-09-30,20813777.995754324
2011-10-03,21004757.239390288
2011-10-04,20899538.034797125
2011-10-05,20813236.089777745
2011-10-06,20668931.206291914
2011-10-07,20560815.930249024
2011-10-10,20340927.189738847
2011-10-11,20409690.559424553
2011-10-12,20338018.168780964
2011-10-13,20418528.487006675
2011-10-14,20317693.351686534
2011-10-17,20450357.961299103
2011-10-18,20428340.75942309
2011-10-19,20459437.39699707
2011-10-20,20417775.42215932
2011-10-21,20379938.520818286
2011-10-24,20369644.059515856
2011-10-25,20543473.19369855
2011-10-26,20394706.163904324
2011-10-27,20149330.520460024
2011-10-28,20272067.326474477
2011-10-31,20545488.07282887
2011-11-01,20787882.7096095
2011-11-02,20737478.21104338
2011-11-03,20639415.845582023
2011-11-04,20701256.549874876
2011-11-07,20724841.020421028
2011-11-08,20630661.588045318
2011-11-09,20815164.25593536
2011-11-10,20713653.86876418
2011-11-11,20617423.930832375
2011-11-14,20747356.397971608
2011-11-15,20719047.318803318
2011-11-16,20794552.032984845
2011-11-17,20835834.14671268
2011-11-18,20758339.50893584
2011-11-21,20815597.54767401
2011-11-22,20878515.531046014
2011-11-23,20949052.899269734
2011-11-25,20813038.859440807
2011-11-28,20814642.288094748
2011-11-29,20773970.586556505
2011-11-30,20650332.09747676
2011-12-01,20643771.26783614
2011-12-02,20737546.43643237
2011-12-05,20724917.487162225
2011-12-06,20669620.81411661
2011-12-07,20765183.877684645
2011-12-08,20872189.21657289
2011-12-09,20726789.621891618
2011-12-12,20799641.59146599
2011-12-13,20896388.335293632
2011-12-14,20984323.70256155
2011-12-15,20965945.01719288
2011-12-16,21067387.04888887
2011-12-19,21138315.683577567
2011-12-20,20948700.920134317
2011-12-21,20880242.834491137
2011-12-22,20905980.36845201
2011-12-23,20819202.296782844
2011-12-27,20830744.524770793
2011-12-28,20963907.93666804
2011-12-29,20989510.107563302
2011-12-30,21063004.450175688
2012-01-03,20929362.510263707
2012-01-04,20862630.889125034
2012-01-05,20866236.983443517
2012-01-06,20948663.778032556
2012-01-09,20952260.438015893
2012-01-10,20909667.781627025
2012-01-11,21032119.597891506
2012-01-12,20987797.22310693
2012-01-13,21081393.69363858
2012-01-17,21100864.544753563
2012-01-18,21035003.254658125
2012-01-19,20908964.873615447
2012-01-20,20836006.998554848
2012-01-23,20788982.126827914
2012-01-24,20812964.427197885
2012-01-25,20914123.837925185
2012-01-26,21026520.821266066
2012-01-27,21090063.98664613
2012-01-30,21161263.145581122
2012-01-31,21239944.98193639
2012-02-01,21166855.488758493
2012-02-02,21218651.651517276
2012-02-03,21349355.942941558
2012-02-06,21392122.905219086
2012-02-07,21310041.07209947
2012-02-08,21382276.6084952
2012-02-09,21359892.230820354
2012-02-10,21320229.839885965
2012-02-13,21463273.16576123
2012-02-14,21479617.800427146
2012-02-15,21395101.476304747
2012-02-16,21533856.83199517
2012-02-17,21567720.87847892
2012-02-21,21499761.35893321
2012-02-22,21512363.336974304
2012-02-23,21636421.82556137
2012-02-24,21694714.1007514
2012-02-27,21801895.920234304
2012-02-28,21874374.771743797
2012-02-29,21702435.901569046
2012-03-01,21743788.73036011
2012-03-02,21763367.548729047
2012-03-05,21630770.84659759
2012-03-06,21404507.320068277
2012-03-07,21511446.583119232
2012-03-08,21660749.22187
2012-03-09,21727174.49692717
2012-03-12,21721686.086624686
2012-03-13,21958914.35643922
2012-03-14,21687420.73230127
2012-03-15,21805503.604967766
2012-03-16,21828458.99960526
2012-03-19,21779963.437100828
2012-03-20,21726109.851074673
2012-03-21,21800203.031828683
2012-03-22,21670642.49278586
2012-03-23,21819216.279456038
2012-03-26,22096007.663015783
2012-03-27,22146524.25863043
2012-03-28,22000042.28618516
2012-03-29,22051604.998749826
2012-03-30,22034671.805948008
2012-04-02,22244519.19198298
2012-04-03,21990096.932528347
2012-04-04,21883797.12092938
2012-04-05,21969601.36225409
2012-04-09,21949224.915853247
2012-04-10,21691298.479590256
2012-04-11,21781213.72681122
2012-04-12,22022365.594381
2012-04-13,21888956.405267674
2012-04-16,21867504.76895629
2012-04-17,22167751.31837412
2012-04-18,22135114.71853388
2012-04-19,22016871.098865543
2012-04-20,22054677.791385863
2012-04-23,21911734.10657714
2012-04-24,21938615.21281174
2012-04-25,22210870.015850864
2012-04-26,22436564.26510936
2012-04-27,22495261.21966556
2012-04-30,22430461.585068855
2012-05-01,22527463.730424598
2012-05-02,22502142.36226609
2012-05-03,22328387.3368307
2012-05-04,22057875.002640683
2012-05-07,22066456.05642355
2012-05-08,22027626.90392488
2012-05-09,21916109.362878926
2012-05-10,21928822.29189398
2012-05-11,21934953.439324446
2012-05-14,21791500.704987045
2012-05-15,21673878.260536667
2012-05-16,21607921.53350311
2012-05-17,21374332.249277554
2012-05-18,21180604.313175768
2012-05-21,21480037.650634866
2012-05-22,21470442.317685284
2012-05-23,21536170.555717986
2012-05-24,21531387.18078743
2012-05-25,21519889.79247894
2012-05-29,21756163.019656632
2012-05-30,21650115.90945014
2012-05-31,21685828.800555635
2012-06-01,21321297.59326268
2012-06-04,21188521.183471315
2012-06-05,21277362.113453925
2012-06-06,21614051.941142645
2012-06-07,21677908.80201238
2012-06-08,21865539.93547865
2012-06-11,21643979.385614585
2012-06-12,21777304.9536303
2012-06-13,21749708.029221464
2012-06-14,21921956.102313023
2012-06-15,22244422.97621162
2012-06-18,22279586.702454824
2012-06-19,22416478.709859014
2012-06-20,22333871.084950026
2012-06-21,21880459.732673842
2012-06-22,21952124.5989222
2012-06-25,21719199.42251032
2012-06-26,21778396.97390693
2012-06-27,22003399.46574706
2012-06-28,22010398.665497795
2012-06-29,22453902.641095094
2012-07-02,22624213.419916783
2012-07-03,22715470.136108693
2012-07-05,22672754.26723429
2012-07-06,22536527.893304825
2012-07-09,22569288.912166264
2012-07-10,22384438.037421677
2012-07-11,22366316.964059792
2012-07-12,22309627.77055395
2012-07-13,22658786.090153806
2012-07-16,22654203.468716506
2012-07-17,22749216.157755923
2012-07-18,22936868.784101922
2012-07-19,22962457.070465382
2012-07-20,22842236.58490654
2012-07-23,22650857.682756606
2012-07-24,22501655.969368786
2012-07-25,22517760.0911478
2012-07-26,22811683.795881458
2012-07-27,23063442.706918854
2012-07-30,23136226.21362208
2012-07-31,23015676.381702285
2012-08-01,22911207.682627935
2012-08-02,22808995.531097427
2012-08-03,23133728.62362984
2012-08-06,23192034.665542413
2012-08-07,23185077.23345266
2012-08-08,23179862.182936683
2012-08-09,23181396.734245706
2012-08-10,23284906.40365607
2012-08-13,23257380.248075932
2012-08-14,23146105.79102775
2012-08-15,23055047.620671976
2012-08-16,23167987.632585354
2012-08-17,23226162.08014125
2012-08-20,23239710.59938224
2012-08-21,23187775.98049234
2012-08-22,23375203.313990198
2012-08-23,23224913.797232285
2012-08-24,23352300.121679407
2012-08-27,23415560.092631333
2012-08-28,23395404.770873602
2012-08-29,23397184.79359397
2012-08-30,23272816.738402165
2012-08-31,23532854.029183883
2012-09-04,23457128.652914423
2012-09-05,23427871.467398886
2012-09-06,23734960.99973879
2012-09-07,23855993.24091462
2012-09-10,23731770.83657983
2012-09-11,23752639.894436017
2012-09-12,23714461.021607965
2012-09-13,24141337.673910495
2012-09-14,24025227.24634806
2012-09-17,23991446.571333215
2012-09-18,24030665.88219442
2012-09-19,24097966.37023763
2012-09-20,24111762.025987957
2012-09-21,24151314.295766696
2012-09-24,24166931.915461425
2012-09-25,23999884.291537877
2012-09-26,23964184.52488586
2012-09-27,24134259.71440517
2012-09-28,24023689.151218858
2012-10-01,24128363.690074347
2012-10-02,24136744.933715552
2012-10-03,24255970.862361636
2012-10-04,24328586.31988859
2012-10-05,24219018.422191422
2012-10-08,24215430.462331746
2012-10-09,23929307.195274506
2012-10-10,23835138.852937184
2012-10-11,23869274.97922361
2012-10-12,23793608.6949874
2012-10-15,23993718.98063894
2012-10-16,24119142.74776184
2012-10-17,24075210.12479819
2012-10-18,23969456.340858947
2012-10-19,23672275.0824101
2012-10-22,23595062.876214743
2012-10-23,23381615.362202935
2012-10-24,23264596.027716283
2012-10-25,23245834.576861467
2012-10-26,23380156.475943554
2012-10-31,23474208.491291586
2012-11-01,23669020.443585314
2012-11-02,23479763.457012214
2012-11-05,23582170.194469042
2012-11-06,23657521.471037872
2012-11-07,23321324.00530462
2012-11-08,23148016.452170495
2012-11-09,23168784.484471455
2012-11-12,23200573.48540953
2012-11-13,23148588.64471308
2012-11-14,22849810.359204773
2012-11-15,22800688.257717468
2012-11-16,22924057.83594342
2012-11-19,23327958.62261928
2012-11-20,23241592.47999406
2012-11-21,23249035.059872594
2012-11-23,23545866.10188582
2012-11-26,23534298.819538116
2012-11-27,23465014.15043867
2012-11-28,23679114.774262305
2012-11-29,23809817.39213832
2012-11-30,23809406.426607218
2012-12-03,23684648.55662634
2012-12-04,23692053.70726119
2012-12-05,23751350.871105462
2012-12-06,23841756.71305389
2012-12-07,23844271.05298817
2012-12-10,23874736.98708781
2012-12-11,23986895.253834467
2012-12-12,23897516.408602405
2012-12-13,23706745.76932053
2012-12-14,23671743.003406174
2012-12-17,23819254.259606194
2012-12-18,23987301.474375393
2012-12-19,23843005.17202307
2012-12-20,23993215.05831576
2012-12-21,23840967.44924741
2012-12-24,23743822.410399046
2012-12-26,23693523.291756187
2012-12-27,23709882.753875066
2012-12-28,23513644.645192858
2012-12-31,23777108.679798536
2013-01-02,24264843.618015
2013-01-03,24087571.2998434
2013-01-04,24202380.23618825
2013-01-07,24149443.824736197
2013-01-08,24137985.642295428
2013-01-09,24210876.862478312
2013-01-10,24330435.197874635
2013-01-11,24403891.095271748
2013-01-14,24377621.64899836
2013-01-15,24450900.629554126
2013-01-16,24477708.53863681
2013-01-17,24523423.531479403
2013-01-18,24643323.68787348
2013-01-22,24793322.80310546
2013-01-23,24843009.68256218
2013-01-24,24807220.02048703
2013-01-25,24780221.196150515
2013-01-28,24698567.86182024
2013-01-29,24756646.00760175
2013-01-30,24673169.803845935
2013-01-31,24632675.613807842
2013-02-01,24799785.296192683
2013-02-04,24509278.130874604
2013-02-05,24755669.84851786
2013-02-06,24773171.39991667
2013-02-07,24739976.559312075
2013-02-08,24876833.605225295
2013-02-11,24871428.051502265
2013-02-12,24911805.319710895
2013-02-13,24932572.52598362
2013-02-14,24954976.049210154
2013-02-15,24925044.76750228
2013-02-19,25110937.092810683
2013-02-20,24798169.798546758
2013-02-21,24647241.920180254
2013-02-22,24887112.441124033
2013-02-25,24411630.687556185
2013-02-26,24577901.747033626
2013-02-27,24886437.34002027
2013-02-28,24836901.151181668
2013-03-01,24918146.749660984
2013-03-04,24978933.54538624
2013-03-05,25175493.724521965
2013-03-06,25129165.164035846
2013-03-07,25077373.4987333
2013-03-08,25055870.70050918
2013-03-11,25161467.317674313
2013-03-12,25172647.739607506
2013-03-13,25185776.007010397
2013-03-14,25325392.941589344
2013-03-15,25378192.918521788
2013-03-18,25320747.114640977
2013-03-19,25338665.91655346
2013-03-20,25416390.832844663
2013-03-21,25266509.342875183
2013-03-22,25474403.13360853
2013-03-25,25387260.926441114
2013-03-26,25611380.514205936
2013-03-27,25719878.68932796
2013-03-28,25748612.39362279
2013-04-01,25715578.14631516
2013-04-02,25788610.513972927
2013-04-03,25638734.013001174
2013-04-04,25840840.898601193
2013-04-05,25807037.89402478
2013-04-08,25898551.853903946
2013-04-09,25996752.516448118
2013-04-10,26209593.66143934
2013-04-11,26323476.908335075
2013-04-12,26403621.08657277
2013-04-15,25853237.348746117
2013-04-16,26156165.86692751
2013-04-17,25823321.53990851
2013-04-18,25676518.306518603
2013-04-19,25882264.881782543
2013-04-22,26009334.639738165
2013-04-23,26257244.8870066
2013-04-24,26284569.310549717
2013-04-25,26360521.737514243
2013-04-26,26406217.120662183
2013-04-29,26570539.089336127
2013-04-30,26627412.03868194
2013-05-01,26481757.94822632
2013-05-02,26723212.573182557
2013-05-03,26763081.543064304
2013-05-06,26795058.57178879
2013-05-07,26892137.277202316
2013-05-08,27045381.04943117
2013-05-09,26963416.83327089
2013-05-10,26898670.293167464
2013-05-13,26871313.87321891
2013-05-14,27039766.840366375
2013-05-15,27255030.24985089
2013-05-16,27253840.873942558
2013-05-17,27370980.757455524
2013-05-20,27348111.49384164
2013-05-21,27456742.004219405
2013-05-22,27039456.682955675
2013-05-23,26988094.10294269
2013-05-24,26974337.44690736
2013-05-28,26811368.949026518
2013-05-29,26745636.67582801
2013-05-30,26845287.03613664
2013-05-31,26387465.990050387
2013-06-03,26569056.77253907
2013-06-04,26428278.103382487
2013-06-05,26059079.248988073
2013-06-06,26293621.6801068
2013-06-07,26626373.34231208
2013-06-10,26625847.083472088
2013-06-11,26351627.6657794
2013-06-12,26133755.07496028
2013-06-13,26529290.962416865
2013-06-14,26362936.253830437
2013-06-17,26565264.3412353
2013-06-18,26774052.94177881
2013-06-19,26404822.63005688
2013-06-20,25752252.686276354
2013-06-21,25834133.74603506
2013-06-24,25510019.055412922
2013-06-25,25752628.292873926
2013-06-26,26004890.59331568
2013-06-27,26155719.49325545
2013-06-28,26048933.40379303
2013-07-01,26199776.617946923
2013-07-02,26175105.247131564
2013-07-03,26185852.360865407
2013-07-05,26465494.185021836
2013-07-08,26614693.140839312
2013-07-09,26804159.61325012
2013-07-10,26813285.74136344
2013-07-11,27175000.051345658
2013-07-12,27185739.428494334
2013-07-15,27288256.76925228
2013-07-16,27186276.19808029
2013-07-17,27254974.767021704
2013-07-18,27402564.794234376
2013-07-19,27450313.453673173
2013-07-22,27502920.071541063
2013-07-23,27444407.02392111
2013-07-24,27344049.992315125
2013-07-25,27409522.397706144
2013-07-26,27437967.367301587
2013-07-29,27353703.34457787
2013-07-30,27353165.127600633
2013-07-31,27371964.109923564
2013-08-01,27685360.72901288
2013-08-02,27731507.635275625
2013-08-05,27690703.703315664
2013-08-06,27533987.544610407
2013-08-07,27444899.629020225
2013-08-08,27544182.69341169
2013-08-09,27464753.979926918
2013-08-12,27432012.529506266
2013-08-13,27511967.873940554
2013-08-14,27371351.240273368
2013-08-15,26990854.29486698
2013-08-16,26901777.070602085
2013-08-19,26730589.054554354
2013-08-20,26860469.651779484
2013-08-21,26695724.928491227
2013-08-22,26936700.032530047
2013-08-23,27026336.538465608
2013-08-26,26925978.480053905
2013-08-27,26492909.329987552
2013-08-28,26585771.279538073
2013-08-29,26627099.134576842
2013-08-30,26542856.991674356
2013-09-03,26661473.204872776
2013-09-04,26879904.019754108
2013-09-05,26913181.0998985
2013-09-06,26925542.57413346
2013-09-09,27181003.465952735
2013-09-10,27380105.081772164
2013-09-11,27464892.091901936
2013-09-12,27391903.92700151
2013-09-13,27452546.682414167
2013-09-16,27609788.5022529
2013-09-17,27731600.08137064
2013-09-18,28049826.430962186
2013-09-19,28002594.21211518
2013-09-20,27807570.641557675
2013-09-23,27679839.820523806
2013-09-24,27614896.490531523
2013-09-25,27535457.861175768
2013-09-26,27639576.748956103
2013-09-27,27513458.953022193
2013-09-30,27368005.75977419
2013-10-01,27581600.977003735
2013-10-02,27555304.851147752
2013-10-03,27303606.707327154
2013-10-04,27507551.04460535
2013-10-07,27271929.71492265
2013-10-08,26957461.480216682
2013-10-09,26976253.103590507
2013-10-10,27550502.367347587
2013-10-11,27725436.968547538
2013-10-14,27834382.464265116
2013-10-15,27634187.88340986
2013-10-16,28015228.6291491
2013-10-17,28199827.168395624
2013-10-18,28387641.346942786
2013-10-21,28388691.426555987
2013-10-22,28550749.488182828
2013-10-23,28414949.266067192
2013-10-24,28507773.69458853
2013-10-25,28636016.18381864
2013-10-28,28680532.69688021
2013-10-29,28831313.830895223
2013-10-30,28689056.957891323
2013-10-31,28608002.47709274
2013-11-01,28675058.543251134
2013-11-04,28774310.733370226
2013-11-05,28683596.354276694
2013-11-06,28827935.568358153
2013-11-07,28466724.19542681
2013-11-08,28846131.811605904
2013-11-11,28850392.401084542
2013-11-12,28791865.01614828
2013-11-13,29019922.788033426
2013-11-14,29162645.91154888
2013-11-15,29287662.37458896
2013-11-18,29185645.84508915
2013-11-19,29122294.793824103
2013-11-20,29031558.53923044
2013-11-21,29262815.49098534
2013-11-22,29407149.459792055
2013-11-25,29374683.85984638
2013-11-26,29382153.183575753
2013-11-27,29452413.397913717
2013-11-29,29432512.844273247
2013-12-02,29356272.54126258
2013-12-03,29230120.536819838
2013-12-04,29226321.50109882
2013-12-05,29098565.379367147
2013-12-06,29419989.07407979
2013-12-09,29493473.97222019
2013-12-10,29388239.495978497
2013-12-11,29060832.941290893
2013-12-12,28965271.382053528
2013-12-13,28961492.86773734
2013-12-16,29139639.535122957
2013-12-17,29047301.942122117
2013-12-18,29537764.758300196
2013-12-19,29503384.050233588
2013-12-20,29672779.28848392
2013-12-23,29828363.805520486
2013-12-24,29892177.595567092
2013-12-26,30041326.409209598
2013-12-27,30039136.24580609
2013-12-30,30033719.811567552
2013-12-31,30173198.975538325
2014-01-02,29887631.325051397
2014-01-03,29882229.983609475
2014-01-06,29796310.335850958
2014-01-07,29976058.77331925
2014-01-08,29981910.962017026
2014-01-09,30000652.89473535
2014-01-10,30080542.709419597
2014-01-13,29685509.107389066
2014-01-14,30003714.80113639
2014-01-15,30162527.498357076
2014-01-16,30123292.42380111
2014-01-17,29997136.128067974
2014-01-21,30083472.30147544
2014-01-22,30102212.123987224
2014-01-23,29858511.315042984
2014-01-24,29230036.36511541
2014-01-27,29087775.35036195
2014-01-28,29257871.05785033
2014-01-29,28980377.472591702
2014-01-30,29282498.465521947
2014-01-31,29112875.961841535
2014-02-03,28466698.666824475
2014-02-04,28662553.485900164
2014-02-05,28626577.839584924
2014-02-06,28997932.615786288
2014-02-07,29351562.764599375
2014-02-10,29404120.84784358
2014-02-11,29720721.845862594
2014-02-12,29734623.327033006
2014-02-13,29885372.174124327
2014-02-14,30047409.953390554
2014-02-18,30082245.559737492
2014-02-19,29885241.724745568
2014-02-20,30058532.512976356
2014-02-21,30024129.718574893
2014-02-24,30187775.26395151
2014-02-25,30172919.327523638
2014-02-26,30173945.870887354
2014-02-27,30329534.55817764
2014-02-28,30404605.23453956
2014-03-03,30193109.637108695
2014-03-04,30363626.25321113
2014-03-05,30422404.191909745
2014-03-06,30359802.972301967
2014-03-07,30240007.406758226
2014-03-10,30255280.13159634
2014-03-11,30134477.155377433
2014-03-12,30259988.86763261
2014-03-13,30098750.615009777
2014-03-14,30016966.344165593
2014-03-17,30163968.064263426
2014-03-18,30449695.282622475
2014-03-19,30009538.487679288
2014-03-20,30189018.27071292
2014-03-21,30127014.65490306
2014-03-24,30013933.53257821
2014-03-25,30136307.65154678
2014-03-26,30046528.74760222
2014-03-27,30011949.686207224
2014-03-28,30051696.931823615
2014-03-31,30297356.772215065
2014-04-01,30433371.47770532
2014-04-02,30519056.393174615
2014-04-03,30478343.92101296
2014-04-04,30119816.100459836
2014-04-07,29788591.77332955
2014-04-08,29909984.612848498
2014-04-09,30228791.876356456
2014-04-10,29597439.136683874
2014-04-11,29332013.78414442
2014-04-14,29560967.681907494
2014-04-15,29762614.37157398
2014-04-16,30071781.841890983
2014-04-17,30112925.63999602
2014-04-21,30216661.071463726
2014-04-22,30352488.057582233
2014-04-23,30281259.00297295
2014-04-24,30341659.498671323
2014-04-25,30093882.094727352
2014-04-28,30188008.339175154
2014-04-29,30327025.833762765
2014-04-30,30416317.11314886
2014-05-01,30418922.82390556
2014-05-02,30403732.635066237
2014-05-05,30442510.065792244
2014-05-06,30213694.251076758
2014-05-07,30412731.439521313
2014-05-08,30411979.541156948
2014-05-09,30432034.702273753
2014-05-12,30644484.233420633
2014-05-13,30789581.88647316
2014-05-14,30782924.912081823
2014-05-15,30623821.41449495
2014-05-16,30662722.86203791
2014-05-19,30734168.52740259
2014-05-20,30629973.820749428
2014-05-21,30835524.13341714
2014-05-22,30875917.775549196
2014-05-23,31058307.79326883
2014-05-27,31247333.976645708
2014-05-28,31394205.971263107
2014-05-29,31513293.588611975
2014-05-30,31538016.804260857
2014-06-02,31430390.327073693
2014-06-03,31256820.56369463
2014-06-04,31293925.763343655
2014-06-05,31540357.185208723
2014-06-06,31664121.379938856
2014-06-09,31649513.188281164
2014-06-10,31596767.469278667
2014-06-11,31528968.031472936
2014-06-12,31427861.74733558
2014-06-13,31460871.19076411
2014-06-16,31485269.622258563
2014-06-17,31440373.47977464
2014-06-18,31833344.438316002
2014-06-19,31788671.964068286
2014-06-20,31887897.490402702
2014-06-23,31855754.748184647
2014-06-24,31792610.648516793
2014-06-25,31962744.29726553
2014-06-26,32020330.347365897
2014-06-27,32079530.823467568
2014-06-30,32086929.633825254
2014-07-01,32191225.842436336
2014-07-02,32091210.513006005
2014-07-03,32179742.632881336
2014-07-07,32146324.813200608
2014-07-08,32088466.35191089
2014-07-09,32234614.155365657
2014-07-10,32176554.1322343
2014-07-11,32271291.75311533
2014-07-14,32357794.653096236
2014-07-15,32269199.095683362
2014-07-16,32431667.829141025
2014-07-17,32255252.65530789
2014-07-18,32510496.436755672
2014-07-21,32459055.15089056
2014-07-22,32635810.665253945
2014-07-23,32702056.520369336
2014-07-24,32573284.671659686
2014-07-25,32546392.676669087
2014-07-28,32521009.771958467
2014-07-29,32426453.524404634
2014-07-30,32205702.220099512
2014-07-31,31570727.373625252
2014-08-01,31663647.330664538
2014-08-04,31903992.991507553
2014-08-05,31616387.498045072
2014-08-06,31652489.607229926
2014-08-07,31628992.68078877
2014-08-08,31965595.435054254
2014-08-11,32041807.634990714
2014-08-12,31950293.186600048
2014-08-13,32269187.029748898
2014-08-14,32483688.22825623
2014-08-15,32602428.021438073
2014-08-18,32769432.192863632
2014-08-19,32904185.87653068
2014-08-20,32893553.335641857
2014-08-21,33057366.57432936
2014-08-22,33007869.770527784
2014-08-25,33198695.77091338
2014-08-26,33205719.153300744
2014-08-27,33283312.299065195
2014-08-28,33308103.540857907
2014-08-29,33404247.023860324
2014-09-02,33174567.27357899
2014-09-03,33202786.496567216
2014-09-04,33035878.48140954
2014-09-05,33192453.382904064
2014-09-08,33070323.912775964
2014-09-09,32783525.266064838
2014-09-10,32822814.300929382
2014-09-11,32817957.958207116
2014-09-12,32500805.464328915
2014-09-15,32534856.713101085
2014-09-16,32768582.03739483
2014-09-17,32729221.99568076
2014-09-18,32880126.591926675
2014-09-19,32972827.67723246
2014-09-22,32788219.34695442
2014-09-23,32670235.40554631
2014-09-24,32830789.69154461
2014-09-25,32461840.373010688
2014-09-26,32646166.798666112
2014-09-29,32689511.1341817
2014-09-30,32575410.326181747
2014-10-01,32410607.66920132
2014-10-02,32318580.967581674
2014-10-03,32656807.614580136
2014-10-06,32670722.623118006
2014-10-07,32364151.15384085
2014-10-08,33027137.216836385
2014-10-09,32335208.72208767
2014-10-10,32100610.444679193
2014-10-13,31738466.194760535
2014-10-14,31848771.897340655
2014-10-15,31811934.572852585
2014-10-16,31698182.052381355
2014-10-17,31975874.039784387
2014-10-20,32327584.909250326
2014-10-21,32875478.940694958
2014-10-22,32631696.685683075
2014-10-23,32872297.12699679
2014-10-24,33151618.873232294
2014-10-27,33138795.85336409
2014-10-28,33436333.625053525
2014-10-29,33275945.24007088
2014-10-30,33522914.669517376
2014-10-31,33852900.890240975
2014-11-03,33856737.9665438
2014-11-04,33734858.12242194
2014-11-05,33955746.74677934
2014-11-06,33987291.48541479
2014-11-07,34233862.19114264
2014-11-10,34202360.39981
2014-11-11,34237689.85838932
2014-11-12,34186600.025090374
2014-11-13,34278431.453768
2014-11-14,34356003.47727197
2014-11-17,34338035.975378096
2014-11-18,34572744.176896796
2014-11-19,34426608.10712008
2014-11-20,34546551.2962143
2014-11-21,34796676.186276145
2014-11-24,34924626.356813595
2014-11-25,34983912.56655977
2014-11-26,35130476.074067004
2014-11-28,35189745.14320719
2014-12-01,34862342.02027241
2014-12-02,34929795.65548425
2014-12-03,35075601.34930617
2014-12-04,35157775.641157284
2014-12-05,35019661.060294
2014-12-08,34901291.30673994
2014-12-09,35004760.97601389
2014-12-10,34606000.24460823
2014-12-11,34718597.79110522
2014-12-12,34447944.860917844
2014-12-15,34089911.33842615
2014-12-16,33995051.73615579
2014-12-17,34406191.186364904
2014-12-18,35046112.96329513
2014-12-19,35319688.13008859
2014-12-22,35477368.323602326
2014-12-23,35236629.80179788
2014-12-24,35263671.71065353
2014-12-26,35420681.45248468
2014-12-29,35584670.57387142
2014-12-30,35434907.28665569
2014-12-31,35127660.95243364
2015-01-02,35283854.57140647
2015-01-05,34871309.67987965
2015-01-06,34771203.297016606
2015-01-07,35194251.032994926
2015-01-08,35674451.859244
2015-01-09,35562852.248798504
2015-01-12,35409816.45855087
2015-01-13,35342512.63435179
2015-01-14,35293421.08880799
2015-01-15,35275539.18811997
2015-01-16,35466142.231375724
2015-01-20,35620021.80137907
2015-01-21,35627177.39758743
2015-01-22,36060388.10210089
2015-01-23,36095270.75543095
2015-01-26,36096160.99178838
2015-01-27,35674484.7033661
2015-01-28,35495025.747951224
2015-01-29,35689051.775362186
2015-01-30,35556612.29445005
2015-02-02,35938675.605191045
2015-02-03,36146770.49422378
2015-02-04,36068463.46496314
2015-02-05,36294539.95071304
2015-02-06,35799553.603568114
2015-02-09,35622498.802349865
2015-02-10,35909235.44998684
2015-02-11,35915311.57043047
2015-02-12,36271397.73391978
2015-02-13,36299550.552372575
2015-02-17,36102403.90262666
2015-02-18,36276121.48094651
2015-02-19,36158679.8044478
2015-02-20,36353188.20984288
2015-02-23,36511356.147642404
2015-02-24,36847154.50528357
2015-02-25,36848490.38235808
2015-02-26,36588931.306615666
2015-02-27,36592995.081460066
2015-03-02,36548965.54562537
2015-03-03,36319607.0634522
2015-03-04,36192615.4964622
2015-03-05,36251017.29170239
2015-03-06,35371083.599502444
2015-03-09,35679100.52585758
2015-03-10,35252703.469556876
2015-03-11,35232346.02025916
2015-03-12,35705870.6234528
2015-03-13,35435936.82523602
2015-03-16,36023923.59168567
2015-03-17,35989170.762258105
2015-03-18,36814378.51170721
2015-03-19,36475425.40492139
2015-03-20,36938874.0413982
2015-03-23,36912419.19084261
2015-03-24,36815820.01002167
2015-03-25,36118591.66380668
2015-03-26,35827782.8978614
2015-03-27,36047611.00982367
2015-03-30,36480816.10343671
2015-03-31,36254204.94234195
2015-04-01,36295068.04903663
2015-04-02,36321437.88321676
2015-04-06,36608531.3618053
2015-04-07,36540631.88439031
2015-04-08,36628578.66897092
2015-04-09,36643243.95972002
2015-04-10,36830800.46257653
2015-04-13,36738013.7238019
2015-04-14,36915143.9810815
2015-04-15,37098011.91370405
2015-04-16,37113116.38664728
2015-04-17,36763714.985958986
2015-04-20,37026426.6062409
2015-04-21,36903566.34710992
2015-04-22,36868235.65452842
2015-04-23,37072121.94119653
2015-04-24,37285553.327344425
2015-04-27,37072904.57640286
2015-04-28,37018516.44778107
2015-04-29,36728359.077004075
2015-04-30,36349249.017199494
2015-05-01,36542642.00838846
2015-05-04,36570613.25746833
2015-05-05,36088794.78546172
2015-05-06,35762640.366453566
2015-05-07,36055128.25798598
2015-05-08,36662602.87157655
2015-05-11,36126783.238378644
2015-05-12,36044168.07051094
2015-05-13,36001792.69366041
2015-05-14,36497312.551343925
2015-05-15,36792566.27377408
2015-05-18,36662978.79967249
2015-05-19,36490452.3056559
2015-05-20,36541669.45567306
2015-05-21,36860300.80309839
2015-05-22,36690861.54097103
2015-05-26,36517891.86455736
2015-05-27,36837899.753629535
2015-05-28,36829614.02722853
2015-05-29,36622953.328751236
2015-06-01,36533955.96161031
2015-06-02,36241571.61838852
2015-06-03,36027017.19495255
2015-06-04,35896332.65608684
2015-06-05,35574511.54175634
2015-06-08,35405177.13595248
2015-06-09,35283438.0336187
2015-06-10,35569038.05235147
2015-06-11,35962172.19694642
2015-06-12,35666779.50772115
2015-06-15,35597416.49886254
2015-06-16,35922808.39481842
2015-06-17,35998879.99552973
2015-06-18,36340908.33018151
2015-06-19,36372622.539507
2015-06-22,36249341.46447249
2015-06-23,36162286.099764735
2015-06-24,36008670.00891595
2015-06-25,35808840.46438793
2015-06-26,35629547.67172926
2015-06-29,35297994.821118295
2015-06-30,35272057.69979734
2015-07-01,35364816.70544294
2015-07-02,35314478.32322136
2015-07-06,35214053.12527674
2015-07-07,35433070.64080484
2015-07-08,34842559.08512245
2015-07-09,34904401.4409072
2015-07-10,35339742.33725879
2015-07-13,35726060.02124959
2015-07-14,35879130.7980137
2015-07-15,35866609.35165625
2015-07-16,36151509.8332716
2015-07-17,36181217.815579526
2015-07-20,36199100.80807005
2015-07-21,36056423.24805083
2015-07-22,35991497.026984416
2015-07-23,35789660.88384964
2015-07-24,35420550.60980255
2015-07-27,35215360.78281215
2015-07-28,35643925.17474195
2015-07-29,35886586.41078551
2015-07-30,35894336.63208213
2015-07-31,35839543.4813087
2015-08-03,35718852.18336677
2015-08-04,35446139.32640851
2015-08-05,35424116.01535356
2015-08-06,35256717.12581244
2015-08-07,35327733.45528165
2015-08-10,35622038.12220436
2015-08-11,35533639.331132084
2015-08-12,35561062.893324256
2015-08-13,35423425.125381075
2015-08-14,35513531.89571906
2015-08-17,35772165.44034389
2015-08-18,35611708.2097165
2015-08-19,35546144.666733965
2015-08-20,34906966.39825139
2015-08-21,34011581.492709614
2015-08-24,32662738.916248504
2015-08-25,32106742.924844164
2015-08-26,33113035.047747646
2015-08-27,33904055.93924758
2015-08-28,33909828.37297643
2015-08-31,33579771.99868338
2015-09-01,32734816.021056946
2015-09-02,32628670.269899175
2015-09-03,32708097.553305883
2015-09-04,32808695.62961005
2015-09-08,32664661.21323522
2015-09-09,32676308.336457696
2015-09-10,32601835.92639999
2015-09-11,32687589.530361585
2015-09-14,32717666.70562506
2015-09-15,32459363.888161488
2015-09-16,32449387.431193583
2015-09-17,32722514.792539004
2015-09-18,32875443.49038731
2015-09-21,32689058.822330248
2015-09-22,32851278.432586133
2015-09-23,32814044.604296863
2015-09-24,32862288.080805272
2015-09-25,32776349.82404468
2015-09-28,32962368.529042784
2015-09-29,33073932.156382635
2015-09-30,33079299.687004417
2015-10-01,33104004.65836945
2015-10-02,33260203.901916757
2015-10-05,33080024.130584244
2015-10-06,33145845.23277102
2015-10-07,33063894.987608142
2015-10-08,32978544.476660147
2015-10-09,32996136.869732633
2015-10-12,33104806.5023054
2015-10-13,33134424.41975064
2015-10-14,33311624.81910032
2015-10-15,33200425.901775245
2015-10-16,33172747.815651394
2015-10-19,33157055.14774399
2015-10-20,33045087.9585941
2015-10-21,33156372.791932404
2015-10-22,33188831.364091918
2015-10-23,33004815.552672014
2015-10-26,33089037.759378966
2015-10-27,33169928.824737333
2015-10-28,33000775.440933336
2015-10-29,32799971.024751995
2015-10-30,32863693.610815402
2015-11-02,32769125.424583018
2015-11-03,32760187.09995875
2015-11-04,32625652.70254154
2015-11-05,32570182.29133951
2015-11-06,32330815.104429588
2015-11-09,31972985.683146995
2015-11-10,32105725.597686592
2015-11-11,31963284.05159935
2015-11-12,31534853.237678602
2015-11-13,31299582.128135238
2015-11-16,31812469.02794992
2015-11-17,31779163.35258619
2015-11-18,32263345.829522636
2015-11-19,32302505.320673022
2015-11-20,32374599.757691022
2015-11-23,32379062.005716182
2015-11-24,32444527.001397084
2015-11-25,32456698.041735563
2015-11-27,32525593.74229806
2015-11-30,32402672.875012245
2015-12-01,32878677.972976767
2015-12-02,32456507.80314141
2015-12-03,31666915.41638176
2015-12-04,32397661.283144146
2015-12-07,32302630.61985172
2015-12-08,32103967.491982944
2015-12-09,31902756.89425665
2015-12-10,31914448.432661135
2015-12-11,31553002.189004116
2015-12-14,31476425.579953592
2015-12-15,31721697.230650827
2015-12-16,32097095.00724875
2015-12-17,31740692.211017184
2015-12-18,31291956.057202168
2015-12-21,31558445.184160106
2015-12-22,31749245.451752167
2015-12-23,32063311.277650505
2015-12-24,32067543.21565196
2015-12-28,31999795.45192155
2015-12-29,32167882.640921485
2015-12-30,31952707.274350952
2015-12-31,31671042.979339
2016-01-04,31366607.725439426
2016-01-05,31402402.503308766
2016-01-06,31011921.789615847
2016-01-07,30279118.8566875
2016-01-08,29951573.754032493
2016-01-11,29980159.36982487
2016-01-12,30217499.116203673
2016-01-13,29475521.530971456
2016-01-14,29950795.42365514
2016-01-15,29317786.35606818
2016-01-19,29355598.107441656
2016-01-20,28985095.630014915
2016-01-21,29144170.930572696
2016-01-22,29731515.939466804
2016-01-25,29288853.011517774
2016-01-26,29681259.619058874
2016-01-27,29362941.142862715
2016-01-28,29512802.902046513
2016-01-29,30219869.377805315
2016-02-01,30208539.825155087
2016-02-02,30391653.285867047
2016-02-03,30358154.668544885
2016-02-04,30428949.47484017
2016-02-05,30466687.354870066
2016-02-08,30690204.42599164
2016-02-09,30695007.554505255
2016-02-10,30783387.971056614
2016-02-11,30923607.46115124
2016-02-12,30689490.661286876
2016-02-16,30596994.019584924
2016-02-17,30520858.837757733
2016-02-18,30663495.609018322
2016-02-19,30662882.84652122
2016-02-22,30631580.67019124
2016-02-23,30692422.555251278
2016-02-24,30688503.244561356
2016-02-25,30779393.191004615
2016-02-26,30629803.469769806
2016-02-29,30679240.238146216
2016-03-01,30439044.176829252
2016-03-02,30385024.5952472
2016-03-03,30421023.433228344
2016-03-04,30316353.45653233
2016-03-07,30253495.391899817
2016-03-08,30431717.999788664
2016-03-09,30310241.62502388
2016-03-10,30199148.67812309
2016-03-11,30110275.305167686
2016-03-14,30131461.684591733
2016-03-15,30125325.8052928
2016-03-16,30282967.13965361
2016-03-17,30315462.242514793
2016-03-18,30367131.58880901
2016-03-21,30281554.013774294
2016-03-22,30217619.03521267
2016-03-23,30355174.765821956
2016-03-24,30324431.339777153
2016-03-28,30367812.604336772
2016-03-29,30570202.32637796
2016-03-30,30528898.838356424
2016-03-31,30637104.59339723
2016-04-01,30627858.942258768
2016-04-04,30547143.438241698
2016-04-05,30359822.036730796
2016-04-06,30623869.470232863
2016-04-07,30410597.1604117
2016-04-08,30445061.85740421
2016-04-11,30367198.17775932
2016-04-12,30528859.832865443
2016-04-13,30856865.93323288
2016-04-14,30783577.34339704
2016-04-15,30840077.323241737
2016-04-18,31023414.36286813
2016-04-19,31069232.533257827
2016-04-20,30941163.049719453
2016-04-21,30722420.83507817
2016-04-22,30687171.56864776
2016-04-25,30599181.255378276
2016-04-26,30578781.947586827
2016-04-27,30808191.169188358
2016-04-28,30634833.42349925
2016-04-29,30458784.3599252
2016-05-02,30608488.90379542
2016-05-03,30523624.46939402
2016-05-04,30409443.40022555
2016-05-05,30484610.014271513
2016-05-06,30521525.535969447
2016-05-09,30602565.269519206
2016-05-10,30969383.64924821
2016-05-11,30729755.188826054
2016-05-12,30655068.37990954
2016-05-13,30505838.80314046
2016-05-16,30690263.160048556
2016-05-17,30365858.8061213
2016-05-18,30128754.015543535
2016-05-19,30053571.727640893
2016-05-20,30259521.309720263
2016-05-23,30236215.482843913
2016-05-24,30573709.252975065
2016-05-25,30757594.760236457
2016-05-26,30859719.101228047
2016-05-27,30931191.36636934
2016-05-31,30907405.2307477
2016-06-01,30958294.409749918
2016-06-02,31144987.402623903
2016-06-03,31334366.593614653
2016-06-06,31406697.82551217
2016-06-07,31498595.27080514
2016-06-08,31634569.45830648
2016-06-09,31638694.69480442
2016-06-10,31453438.790248822
2016-06-13,31276940.549971085
2016-06-14,31207155.079468083
2016-06-15,31258180.6142136
2016-06-16,31380511.59830034
2016-06-17,31156342.436459903
2016-06-20,31221047.935972527
2016-06-21,31237908.473151695
2016-06-22,31247173.198531374
2016-06-23,31503502.17192178
2016-06-24,30798440.112120643
2016-06-27,30518706.83636341
2016-06-28,31051756.799049955
2016-06-29,31443981.044692308
2016-06-30,31933924.337753594
2016-07-01,32082140.498163443
2016-07-05,32028763.170184907
2016-07-06,32220255.385407653
2016-07-07,32157285.759084817
2016-07-08,32685243.901541334
2016-07-11,32628844.7504346
2016-07-12,32671363.800556168
2016-07-13,32747628.157211713
2016-07-14,32793042.597320247
2016-07-15,32625455.653232254
2016-07-18,32702188.453081448
2016-07-19,32753532.614076685
2016-07-20,32821180.60985668
2016-07-21,32768166.37959693
2016-07-22,32886239.473241363
2016-07-25,32770332.500774655
2016-07-26,32803708.514734607
2016-07-27,32904787.634609986
2016-07-28,32957714.962879
2016-07-29,33130643.223476097
2016-08-01,32986342.60055566
2016-08-02,32696444.845045887
2016-08-03,32806381.52314089
2016-08-04,32917649.2203464
2016-08-05,32979242.083046198
2016-08-08,32940513.796162512
2016-08-09,33075198.043817483
2016-08-10,33079703.780070722
2016-08-11,33073484.255394317
2016-08-12,33159892.08473155
2016-08-15,33157174.0847658
2016-08-16,32930777.8995593
2016-08-17,33043087.8758517
2016-08-18,33173136.163578838
2016-08-19,33013230.585270558
2016-08-22,33083010.813371718
2016-08-23,33144416.91444493
2016-08-24,32963069.995751917
2016-08-25,32886491.134921104
2016-08-26,32690056.44114683
2016-08-29,32983620.05915246
2016-08-30,32925002.206137117
2016-08-31,32792395.70253146
2016-09-01,32843323.461158212
2016-09-02,32904051.364472087
2016-09-06,33153628.418704804
2016-09-07,33166361.85085242
2016-09-08,32929831.570792697
2016-09-09,31988339.109502327
2016-09-12,32472428.99732371
2016-09-13,31887680.636269294
2016-09-14,31945923.487907086
2016-09-15,32271364.334675144
2016-09-16,32179745.558997713
2016-09-19,32129632.540539585
2016-09-20,32178297.557891134
2016-09-21,32587128.629577335
2016-09-22,32883168.060223334
2016-09-23,32717890.37480617
2016-09-26,32548925.826865554
2016-09-27,32801878.699935094
2016-09-28,32945596.14906431
2016-09-29,32671397.00294962
2016-09-30,32830116.774599377
2016-10-03,32674224.28609735
2016-10-04,32357484.01366127
2016-10-05,32424694.537292156
2016-10-06,32378218.67249318
2016-10-07,32312834.009641185
2016-10-10,32393702.667019933
2016-10-11,31975020.87811303
2016-10-12,32014908.501441654
2016-10-13,31975291.473245848
2016-10-14,31891951.43279595
2016-10-17,31848747.26832228
2016-10-18,32109121.32097805
2016-10-19,32206979.312961258
2016-10-20,32116855.89248376
2016-10-21,32164536.29970731
2016-10-24,32255980.31400066
2016-10-25,32140890.56002779
2016-10-26,32006036.390055265
2016-10-27,31809727.254940856
2016-10-28,31719918.074881345
2016-10-31,31745614.368584007
2016-11-01,31515611.021980826
2016-11-02,31418990.582307976
2016-11-03,31254301.980641186
2016-11-04,31314608.303020645
2016-11-07,31868488.21787581
2016-11-08,31899038.296443537
2016-11-09,31758477.562068682
2016-11-10,31645123.134605296
2016-11-11,31505638.033386853
2016-11-14,31346387.983772617
2016-11-15,31588465.343009382
2016-11-16,31556763.52596553
2016-11-17,31579041.11152472
2016-11-18,31367571.605651915
2016-11-21,31629072.173371658
2016-11-22,31718570.444173522
2016-11-23,31621586.816474114
2016-11-25,31703000.52751861
2016-11-28,31696087.13117638
2016-11-29,31788458.83843067
2016-11-30,31500140.161857203
2016-12-01,31262752.35753465
2016-12-02,31261975.489922345
2016-12-05,31448804.26421615
2016-12-06,31547589.23428533
2016-12-07,31958764.247707337
2016-12-08,32036231.382932898
2016-12-09,32228708.906476792
2016-12-12,32191158.77428036
2016-12-13,32404938.371571854
2016-12-14,32137333.129818164
2016-12-15,32268763.11781801
2016-12-16,32205131.09470059
2016-12-19,32274086.75624064
2016-12-20,32396998.236903198
2016-12-21,32306906.34710084
2016-12-22,32250896.34933214
2016-12-23,32297115.640379623
2016-12-27,32376007.758116852
2016-12-28,32109843.848921683
2016-12-29,32102110.680109322
2016-12-30,31985034.44779677
2017-01-03,32227243.75924116
2017-01-04,32416889.767487712
2017-01-05,32390697.99668616
2017-01-06,32505082.413825776
2017-01-09,32397951.6515345
2017-01-10,32397318.467031907
2017-01-11,32487565.878628243
2017-01-12,32405986.236242834
2017-01-13,32479192.15367268
2017-01-17,32364959.27753771
2017-01-18,32435335.371969447
2017-01-19,32315416.74490022
2017-01-20,32432637.755425792
2017-01-23,32348233.481888447
2017-01-24,32553503.879130166
2017-01-25,32832594.20309399
2017-01-26,32797879.336539876
2017-01-27,32746118.830732875
2017-01-30,32543835.187523726
2017-01-31,32540348.131506633
2017-02-01,32552500.859119143
2017-02-02,32573167.80409567
2017-02-03,32795469.903176814
2017-02-06,32736604.078783553
2017-02-07,32737380.4216839
2017-02-08,32779347.386762086
2017-02-09,32971825.059122145
2017-02-10,33100395.72152478
2017-02-13,33278676.244543407
2017-02-14,33410078.882007055
2017-02-15,33582669.47619155
2017-02-16,33553603.21371233
2017-02-17,33605492.20843056
2017-02-21,33803634.60893311
2017-02-22,33773149.8447689
2017-02-23,33791851.000410885
2017-02-24,33833798.95914176
2017-02-27,33885674.391514055
2017-02-28,33794130.2666389
2017-03-01,34263487.11703827
2017-03-02,34048394.75561333
2017-03-03,34069032.97055544
2017-03-06,33967548.28429323
2017-03-07,33866063.229749136
2017-03-08,33802917.33212626
2017-03-09,33844859.032272615
2017-03-10,33962060.77767286
2017-03-13,33978431.39767259
2017-03-14,33848554.72158424
2017-03-15,34138987.92129865
2017-03-16,34071584.244405195
2017-03-17,34011445.78756195
2017-03-20,33973872.1635607
2017-03-21,33541526.27686436
2017-03-22,33618982.208888456
2017-03-23,33582839.21270918
2017-03-24,33558048.135980405
2017-03-27,33523324.494215745
2017-03-28,33764073.11187454
2017-03-29,33794655.251733944
2017-03-30,33900504.771638714
2017-03-31,33821760.49367662
2017-04-03,33762869.18619862
2017-04-04,33783530.86351277
2017-04-05,33683472.83266952
2017-04-06,33776538.10078348
2017-04-07,33741800.345588215
2017-04-10,33761027.248193316
2017-04-11,33720625.52238324
2017-04-12,33573716.890963286
2017-04-13,33357217.373016145
2017-04-17,33649102.78241555
2017-04-18,33549047.402349178
2017-04-19,33487333.044678718
2017-04-20,33756485.7978399
2017-04-21,33649340.61171886
2017-04-24,34015052.2945436
2017-04-25,34210354.735100314
2017-04-26,34188389.51046056
2017-04-27,34216134.63223856
2017-04-28,34141632.78641709
2017-05-01,34226168.85779858
2017-05-02,34238290.979778014
2017-05-03,34196446.72107974
2017-05-04,34235545.490909465
2017-05-05,34368365.11020307
2017-05-08,34362022.29865927
2017-05-09,34330116.76076877
2017-05-10,34390512.3954873
2017-05-11,34320274.12882966
2017-05-12,34262813.497142754
2017-05-15,34449581.41381995
2017-05-16,34417678.83216702
2017-05-17,33812094.03694127
2017-05-18,33946345.063629985
2017-05-19,34164366.32460023
2017-05-22,34335534.19723612
2017-05-23,34410118.95136739
2017-05-24,34488976.17207042
2017-05-25,34648198.112433374
2017-05-26,34640423.85153837
2017-05-30,34609942.78813125
2017-05-31,34600746.77051546
2017-06-01,34872719.33843181
2017-06-02,34987065.795523584
2017-06-05,34960839.38234973
2017-06-06,34849397.53480265
2017-06-07,34912626.46188754
2017-06-08,34928984.88155373
2017-06-09,34875774.19748898
2017-06-12,34867998.160468444
2017-06-13,35036308.80264017
2017-06-14,34991605.96048356
2017-06-15,34924189.645645104
2017-06-16,34931088.297789656
2017-06-19,35217260.338940755
2017-06-20,34982280.980165645
2017-06-21,34973095.85450274
2017-06-22,34956807.70301354
2017-06-23,34997320.96342958
2017-06-26,35019380.61484706
2017-06-27,34740393.04419121
2017-06-28,35046457.76346034
2017-06-29,34741901.76879693
2017-06-30,34805144.07571715
2017-07-03,34862694.073334895
2017-07-05,34941560.524751395
2017-07-06,34625660.6944144
2017-07-07,34846511.5986715
2017-07-10,34882767.56301347
2017-07-11,34856552.70571808
2017-07-12,35114320.520313315
2017-07-13,35171873.89461844
2017-07-14,35333085.613242336
2017-07-17,35328152.40414853
2017-07-18,35345945.60803225
2017-07-19,35534131.94337853
2017-07-20,35549065.426941834
2017-07-21,35517154.92812249
2017-07-24,35507964.08328623
2017-07-25,35592483.627655886
2017-07-26,35593235.13145322
2017-07-27,35559894.19520644
2017-07-28,35518029.7050342
2017-07-31,35497486.11257184
2017-08-01,35574903.724645995
2017-08-02,35538017.65161815
2017-08-03,35590251.92154082
2017-08-04,35555145.86743455
2017-08-07,35637638.6729443
2017-08-08,35518233.781543136
2017-08-09,35557309.12547953
2017-08-10,35191710.273407504
2017-08-11,35279707.76469253
2017-08-14,35534838.88911792
2017-08-15,35421848.63669068
2017-08-16,35546680.77907618
2017-08-17,35123222.36404087
2017-08-18,35073063.518028714
2017-08-21,35120369.16624619
2017-08-22,35409155.010621116
2017-08-23,35403763.17249108
2017-08-24,35264185.31771492
2017-08-25,35401637.91142402
2017-08-28,35426054.61343649
2017-08-29,35544971.40658031
2017-08-30,35677541.36404431
2017-08-31,35940569.073914185
2017-09-01,35883648.55926815
2017-09-05,35874257.30221851
2017-09-06,35906362.61398734
2017-09-07,36052398.174571164
2017-09-08,35982560.03056746
2017-09-11,36152429.91866046
2017-09-12,36183842.18902739
2017-09-13,36125850.341102004
2017-09-14,36118260.52004903
2017-09-15,36206071.334331766
2017-09-18,36140290.999755666
2017-09-19,36133300.84102771
2017-09-20,36073644.0391973
2017-09-21,35929130.049675494
2017-09-22,35996692.2490862
2017-09-25,36027709.344205335
2017-09-26,36016435.69910001
2017-09-27,35969173.23927555
2017-09-28,36002234.977558896
2017-09-29,36080886.56786906
2017-10-02,36192306.69265602
2017-10-03,36316459.68121124
2017-10-04,36346128.24986059
2017-10-05,36519338.33249588
2017-10-06,36431613.71523547
2017-10-09,36409488.14919977
2017-10-10,36515157.59526481
2017-10-11,36609347.25110532
2017-10-12,36586029.039249316
2017-10-13,36747698.94358567
2017-10-16,36730439.88118857
2017-10-17,36739196.36956125
2017-10-18,36678555.894779295
2017-10-19,36723618.990476824
2017-10-20,36755732.05408163
2017-10-23,36645551.1587863
2017-10-24,36596031.33063176
2017-10-25,36353820.65759632
2017-10-26,36349437.37779044
2017-10-27,36760209.494595215
2017-10-30,36750937.930134654
2017-10-31,36780881.18521075
2017-11-01,36847900.295159645
2017-11-02,36906733.42950828
2017-11-03,37083566.73454145
2017-11-06,37181386.56468517
2017-11-07,37166017.960326985
2017-11-08,37179962.44260171
2017-11-09,37029272.25863387
2017-11-10,36826055.49679228
2017-11-13,36839290.30058485
2017-11-14,36803007.43961712
2017-11-15,36748444.15917359
2017-11-16,36961636.40357242
2017-11-17,36898954.79572178
2017-11-20,36899388.46243019
2017-11-21,37142999.97703881
2017-11-22,37224790.954691395
2017-11-24,37275723.59281104
2017-11-27,37270642.3708357
2017-11-28,37649187.31565492
2017-11-29,37504058.392978944
2017-11-30,37711230.980552964
2017-12-01,37768000.37870938
2017-12-04,37701607.45301187
2017-12-05,37591551.27080338
2017-12-06,37672718.71965598
2017-12-07,37720611.621709414
2017-12-08,37893608.931852974
2017-12-11,37979107.64299368
2017-12-12,38010675.25851975
2017-12-13,38154987.52981342
2017-12-14,37982766.29086029
2017-12-15,38286497.727810174
2017-12-18,38438739.8992677
2017-12-19,38119690.87253911
2017-12-20,37986078.41585345
2017-12-21,38087165.31988256
2017-12-22,38088119.94151604
2017-12-26,38053332.729172364
2017-12-27,38228795.44467846
2017-12-28,38257292.82255719
2017-12-29,38170748.290818624
2018-01-02,38314499.34553791
2018-01-03,38591528.36810441
2018-01-04,38732090.00161244
2018-01-05,38936981.13778304
2018-01-08,38985803.80918701
2018-01-09,38885444.49269501
2018-01-10,38811056.61990953
2018-01-11,39116280.803995386
2018-01-12,39341356.06010664
2018-01-16,39221734.748157635
2018-01-17,39506431.591323234
2018-01-18,39313579.72671389
2018-01-19,39388694.371165164
2018-01-22,39692541.29834761
2018-01-23,39886294.632628866
2018-01-24,39792263.55476
2018-01-25,39891726.2127799
2018-01-26,40236297.12637554
2018-01-29,39865004.72652097
2018-01-30,39359827.64441116
2018-01-31,39386621.47360793
2018-02-01,39135590.54336191
2018-02-02,38266393.669033155
2018-02-05,36670119.52173187
2018-02-06,37389612.07859287
2018-02-07,37186669.72744975
2018-02-08,35795397.78395326
2018-02-09,36330694.47367585
2018-02-12,36861828.26709618
2018-02-13,36952514.4511185
2018-02-14,37449004.700397596
2018-02-15,37924707.995653614
2018-02-16,37935037.98304475
2018-02-20,37697461.193430945
2018-02-21,37509740.893470585
2018-02-22,37557490.23007641
2018-02-23,38149938.97165537
2018-02-26,38591014.187028244
2018-02-27,38109660.01445995
2018-02-28,37723885.829793185
2018-03-01,37176067.347729534
2018-03-02,37366459.941599905
2018-03-05,37796474.67971783
2018-03-06,37891281.96348701
2018-03-07,37876691.855500296
2018-03-08,38058774.9940463
2018-03-09,38718678.41203111
2018-03-12,38669445.81558616
2018-03-13,38419381.49189618
2018-03-14,38221956.832543865
2018-03-15,38179659.792707555
2018-03-16,38220204.5407669
2018-03-19,37705626.3568661
2018-03-20,37768620.15219884
2018-03-21,37695868.68496265
2018-03-22,36758883.414796636
2018-03-23,35979800.067749225
2018-03-26,36956919.56093511
2018-03-27,36331567.74741322
2018-03-28,36224224.614307396
2018-03-29,36683353.74414026
2018-04-02,35895964.08363537
2018-04-03,36352316.08105335
2018-04-04,36738035.69670431
2018-04-05,37025412.58850313
2018-04-06,36204769.6121827
2018-04-09,36381352.08129877
2018-04-10,36955423.79892396
2018-04-11,36762193.2992686
2018-04-12,37062037.558686994
2018-04-13,36953286.51908531
2018-04-16,37254517.82433758
2018-04-17,37649896.57378549
2018-04-18,37676879.80213933
2018-04-19,37468403.15393663
2018-04-20,37151887.33937214
2018-04-23,37145646.8728585
2018-04-24,36647707.32604333
2018-04-25,36737020.74207378
2018-04-26,37107493.2070457
2018-04-27,37141403.98245463
2018-04-30,36856761.991303235
2018-05-01,36921144.973588206
2018-05-02,36673907.971043155
2018-05-03,36592869.26242816
2018-05-04,37063065.10974169
2018-05-07,37186991.98084103
2018-05-08,37186274.29502055
2018-05-09,37542898.51816925
2018-05-10,37891178.90603817
2018-05-11,38005414.99690839
2018-05-14,38022687.70358782
2018-05-15,37761558.553305015
2018-05-16,37918729.45412289
2018-05-17,37886139.46484147
2018-05-18,37791225.29842358
2018-05-21,38073042.47203495
2018-05-22,37967037.96600468
2018-05-23,38070168.45064777
2018-05-24,37991892.46306924
2018-05-25,37897354.77225097
2018-05-29,37463106.89287708
2018-05-30,37959599.172682315
2018-05-31,37727568.05337576
2018-06-01,38095257.5269806
2018-06-04,38274563.174670875
2018-06-05,38301532.54133966
2018-06-06,38619324.9297962
2018-06-07,38614441.56830944
2018-06-08,38727266.252377264
2018-06-11,38777754.53714104
2018-06-12,38826862.95132947
2018-06-13,38702845.26304503
2018-06-14,38799042.66204018
2018-06-15,38749036.21913019
2018-06-18,38669368.52194521
2018-06-19,38521836.957462125
2018-06-20,38586194.13994565
2018-06-21,38345862.22044829
2018-06-22,38414371.11494527
2018-06-25,37895663.40046094
2018-06-26,37978037.41199723
2018-06-27,37665705.55803754
2018-06-28,37878279.3288274
2018-06-29,37931573.285722926
2018-07-02,38011178.16922795
2018-07-03,37877508.39144605
2018-07-05,38182865.52518607
2018-07-06,38502077.69231211
2018-07-09,38844833.29119257
2018-07-10,38982596.535451144
2018-07-11,38699322.41279194
2018-07-12,39046222.11965788
2018-07-13,39075948.22598603
2018-07-16,39040589.59958863
2018-07-17,39196353.65468024
2018-07-18,39277314.83171442
2018-07-19,39129756.097987145
2018-07-20,39084688.021769755
2018-07-23,39155974.586524345
2018-07-24,39350507.07424597
2018-07-25,39682172.283206895
2018-07-26,39588619.034326464
2018-07-27,39321955.03285296
2018-07-30,39117615.123408176
2018-07-31,39308009.155748375
2018-08-01,39242144.918542035
2018-08-02,39453302.624992736
2018-08-03,39620161.55020279
2018-08-06,39763444.263234906
2018-08-07,39892875.06989328
2018-08-08,39875497.03325574
2018-08-09,39820735.05058117
2018-08-10,39555427.020989895
2018-08-13,39407867.2107533
2018-08-14,39656417.95961079
2018-08-15,39362047.389474936
2018-08-16,39677070.191655375
2018-08-17,39814825.283808
2018-08-20,39898554.23443949
2018-08-21,39990592.898728095
2018-08-22,39966283.28215924
2018-08-23,39912901.033055365
2018-08-24,40150358.69401354
2018-08-27,40463988.70553631
2018-08-28,40478597.12899151
2018-08-29,40693897.45691388
2018-08-30,40529684.4417478
2018-08-31,40530306.93764837
2018-09-04,40460276.25914215
2018-09-05,40351468.81187034
2018-09-06,40230222.5773807
2018-09-07,40151876.87752764
2018-09-10,40220370.01870001
2018-09-11,40351175.11108056
2018-09-12,40360102.99245452
2018-09-13,40596166.741710246
2018-09-14,40602320.75584871
2018-09-17,40388255.77635588
2018-09-18,40604951.3764289
2018-09-19,40647099.98824406
2018-09-20,40973174.07814898
2018-09-21,40935267.12093599
2018-09-24,40800157.80497369
2018-09-25,40762008.570535615
2018-09-26,40640755.275801554
2018-09-27,40752174.803595
2018-09-28,40755580.55296246
2018-10-01,40894704.8740082
2018-10-02,40870397.37223384
2018-10-03,40891793.744769596
2018-10-04,40575267.87319424
2018-10-05,40350136.22859695
2018-10-08,40349387.26247229
2018-10-09,40290469.5944411
2018-10-10,39029364.902590394
2018-10-11,38179646.93601912
2018-10-12,38702478.26469711
2018-10-15,38487079.82539811
2018-10-16,39317366.65429284
2018-10-17,39323565.61089966
2018-10-18,38761911.677204885
2018-10-19,38740431.66958264
2018-10-22,38567970.24921547
2018-10-23,38373356.44241011
2018-10-24,37224479.32794285
2018-10-25,37883057.50480279
2018-10-26,37224469.567678794
2018-10-29,37020192.16972609
2018-10-30,37561051.0592068
2018-10-31,37956469.65082703
2018-11-01,38354641.07982545
2018-11-02,38339130.183583885
2018-11-05,38342619.65526887
2018-11-06,38346094.57214052
2018-11-07,38349584.677695826
2018-11-08,38353045.34923321
2018-11-09,38356521.21096519
2018-11-12,38360019.70386916
2018-11-13,38363540.830808595
2018-11-14,38367047.403328724
2018-11-15,38370539.415925495
2018-11-16,38374016.86311063
2018-11-19,38377539.274871476
2018-11-20,38381062.00996008
2018-11-21,38384614.832908615
2018-11-23,38388167.984731615
2018-11-26,38391736.34829355
2018-11-27,38395290.15933445
2018-11-28,38398829.41229747
2018-11-29,38402324.31756343
2018-11-30,38405819.54092145
2018-12-03,38409344.87190045
2018-12-04,37303139.83815313
2018-12-06,37336235.50491394
2018-12-07,36581099.95324799
2018-12-10,36665834.43348134
2018-12-11,36576931.473114304
2018-12-12,36654448.43738379
2018-12-13,36658758.80493023
2018-12-14,36039892.7128644
2018-12-17,35440109.89360775
2018-12-18,35484044.02254154
2018-12-19,35079606.943160474
2018-12-20,34470395.57815228
2018-12-21,33801804.80801979
2018-12-24,33012792.26364026
2018-12-26,34473956.20863017
2018-12-27,34814776.164329834
2018-12-28,34953221.776150994
2018-12-31,35375058.53101045
2019-01-02,35480737.4701259
2019-01-03,35743030.68594088
2019-01-04,35458618.51020439
2019-01-07,35359787.60572032
2019-01-08,35270724.842770875
2019-01-09,35290488.566420026
2019-01-10,35272713.270214625
2019-01-11,35377805.05307213
2019-01-14,35356701.4675312
2019-01-15,35321988.319927596
2019-01-16,35300861.02112745
2019-01-17,35235368.17762416
2019-01-18,35121843.321281046
2019-01-22,35244786.5448338
2019-01-23,35226984.282392345
2019-01-24,35339136.56422525
2019-01-25,35256764.286455765
2019-01-28,35266303.30157171
2019-01-29,35368011.54994577
2019-01-30,35448924.069230355
2019-01-31,35610909.35808212
2019-02-01,35421578.23336744
2019-02-04,35342713.199182525
2019-02-05,35403388.832601316
2019-02-06,35429917.97802641
2019-02-07,35544756.94442886
2019-02-08,35591370.959446706
2019-02-11,35536789.59037521
2019-02-12,35488802.59252465
2019-02-13,35399980.534635395
2019-02-14,35566003.92925856
2019-02-15,35531543.83624911
2019-02-19,35591735.50276826
2019-02-20,35584294.053223126
2019-02-21,35479034.93126955
2019-02-22,35583449.412851915
2019-02-25,35524623.17806933
2019-02-26,35629621.7215088
2019-02-27,35503313.91388623
2019-02-28,35410369.35853103
2019-03-01,35292405.743291624
2019-03-04,35250833.58843761
2019-03-05,35218773.58109509
2019-03-06,35100200.16928617
2019-03-07,34922425.23724104
2019-03-08,34899043.35062631
2019-03-11,35367123.95621134
2019-03-12,35591404.67649212
2019-03-13,35805597.732196696
2019-03-14,35728291.44540526
2019-03-15,36008393.92218161
2019-03-18,36085195.18900678
2019-03-19,36064608.086561166
2019-03-20,36204420.377920985
2019-03-21,36581698.10920013
2019-03-22,36155056.92020131
2019-03-25,36213343.22817465
2019-03-26,36447709.32723073
2019-03-27,36356601.16509067
2019-03-28,36492454.29350784
2019-03-29,36660151.17255059
2019-04-01,36843427.555154346
2019-04-02,36917865.97964893
2019-04-03,36859542.412730955
2019-04-04,36990574.31415683
2019-04-05,37182750.39325703
2019-04-08,37145528.04535361
2019-04-09,37017201.484402634
2019-04-10,37225900.80590655
2019-04-11,37126836.830954045
2019-04-12,37200587.21554015
2019-04-15,37220734.45315902
2019-04-16,37113173.436850026
2019-04-17,37024609.851212606
2019-04-18,37180519.4347017
2019-04-22,37154753.45813044
2019-04-23,37549540.08915185
2019-04-24,37602255.629366666
2019-04-25,37529004.65050832
2019-04-26,37795488.89090384
2019-04-29,37772578.171642125
2019-04-30,37860248.71231298
2019-05-01,37556819.10064544
2019-05-02,37366731.796559475
2019-05-03,37774363.536970004
2019-05-06,37709755.59474969
2019-05-07,37206987.913206324
2019-05-08,37081821.03906943
2019-05-09,37063476.914148904
2019-05-10,37218007.84004804
2019-05-13,36473982.18416663
2019-05-14,36758666.73095104
2019-05-15,37082713.818619385
2019-05-16,37342564.65584129
2019-05-17,37117869.0823829
2019-05-20,36810274.92839573
2019-05-21,37090564.75769839
2019-05-22,37084125.940760985
2019-05-23,36857741.62535885
2019-05-24,36924481.164088
2019-05-28,36738800.60041124
2019-05-29,36480726.7072046
2019-05-30,36706182.036590435
2019-05-31,36450462.39409296
2019-06-03,36529466.36997281
2019-06-04,36377389.11517016
2019-06-05,36376654.52040706
2019-06-06,36369186.22879293
2019-06-07,36512709.23132921
2019-06-10,36331828.16481436
2019-06-11,36331084.0778287
2019-06-12,36424503.941704266
2019-06-13,36514255.5317987
2019-06-14,36540214.08248259
2019-06-17,36532837.19576868
2019-06-18,36602138.83420663
2019-06-19,36701113.234119624
2019-06-20,36759968.64898769
2019-06-21,36610801.93043869
2019-06-24,36736367.57196466
2019-06-25,36791843.97063653
2019-06-26,36642897.78274635
2019-06-27,36751651.97279077
2019-06-28,36767471.34541768
2019-07-01,36721218.456827536
2019-07-02,36923153.18668625
2019-07-03,37282095.573413886
2019-07-05,37005580.87050158
2019-07-08,36760800.32477914
2019-07-09,36778899.1637027
2019-07-10,36970677.01360942
2019-07-11,36873544.659626745
2019-07-12,37075723.195265986
2019-07-15,37160561.85399278
2019-07-16,36955590.5129315
2019-07-17,36868517.11655363
2019-07-18,37089238.24656948
2019-07-19,36812509.03445524
2019-07-22,36915397.84143454
2019-07-23,37115907.24923652
2019-07-24,37339840.65967153
2019-07-25,37093560.354809396
2019-07-26,37332097.43125466
2019-07-29,37292648.68241286
2019-07-30,37212922.92218391
2019-07-31,36892894.42190844
2019-08-01,36978719.472932585
2019-08-02,36773553.89463115
2019-08-05,35987460.327590555
2019-08-06,36535091.226470925
2019-08-07,36552073.401017964
2019-08-08,37252861.82494423
2019-08-09,36942954.7282809
2019-08-12,36734162.66003645
2019-08-13,37154598.62744586
2019-08-14,36324315.47948527
2019-08-15,36649066.13905311
2019-08-16,37088451.63794979
2019-08-19,37357891.9660019
2019-08-20,37227899.31512552
2019-08-21,37430590.23553243
2019-08-22,37333519.6203106
2019-08-23,36609924.62157172
2019-08-26,36975030.64218137
2019-08-27,36977052.372893535
2019-08-28,37244964.632946655
2019-08-29,37643360.29282961
2019-08-30,37632085.26461161
2019-09-03,37489354.74813299
2019-09-04,37966777.441790506
2019-09-05,38151114.105903834
2019-09-06,38199198.37951066
2019-09-09,37977845.662249014
2019-09-10,37688331.36288944
2019-09-11,37914609.285639994
2019-09-12,37957513.46089561
2019-09-13,37582784.49000148
2019-09-16,37624978.62463616
2019-09-17,37813273.10013452
2019-09-18,37844903.673873805
2019-09-19,37854932.06403577
2019-09-20,37887752.7856003
2019-09-23,37927989.09994759
2019-09-24,37817532.37975848
2019-09-25,37788597.63173681
2019-09-26,37786963.31983572
2019-09-27,37636251.72206557
2019-09-30,37832875.47180877
2019-10-01,37491123.5213667
2019-10-02,36969087.32672392
2019-10-03,37452859.63235689
2019-10-04,38026504.82968873
2019-10-07,37731197.253291205
2019-10-08,37221148.28004146
2019-10-09,37474833.35597528
2019-10-10,37491198.23554529
2019-10-11,37620189.361302204
2019-10-14,37678329.372346684
2019-10-15,37865591.50680863
2019-10-16,37874775.88308316
2019-10-17,37969166.740635574
2019-10-18,37832535.22883701
2019-10-21,37947457.971612796
2019-10-22,37906896.44572268
2019-10-23,38026877.59838201
2019-10-24,38078437.6729569
2019-10-25,38150001.585020885
2019-10-28,38220162.173855655
2019-10-29,38238791.24770633
2019-10-30,38536067.16677941
2019-10-31,38668350.75404936
2019-11-01,38947779.50236627
2019-11-04,38903340.29176227
2019-11-05,38647519.205441855
2019-11-06,38763400.76105835
2019-11-07,38587799.525907755
2019-11-08,38626555.19588066
2019-11-11,38590917.07204091
2019-11-12,38685779.29672727
2019-11-13,38799232.35565625
2019-11-14,39046390.349492736
2019-11-15,39291500.84646211
2019-11-18,39382079.663710244
2019-11-19,39439351.976721354
2019-11-20,39431359.81660653
2019-11-21,39265799.058265716
2019-11-22,39341066.75504812
2019-11-25,39647983.46311731
2019-11-26,39806625.17900707
2019-11-27,39875935.96868761
2019-11-29,39694050.33645705
2019-12-02,39215059.297990516
2019-12-03,39301644.76586664
2019-12-04,39385964.62989553
2019-12-05,39360424.466736145
2019-12-06,39592543.99415476
2019-12-09,39496870.52493918
2019-12-10,39403050.91584413
2019-12-11,39674094.996871755
2019-12-12,39697929.6122926
2019-12-13,39950545.20605103
2019-12-16,40034662.76773568
2019-12-17,40043049.17475065
2019-12-18,39934307.43978169
2019-12-19,40124990.43801334
2019-12-20,40296858.765016384
2019-12-23,40318189.78293377
2019-12-24,40383792.17821106
2019-12-26,40650943.83395281
2019-12-27,40694294.42134272
2019-12-30,40442823.14605096
2019-12-31,40393230.76358855
2020-01-02,40948910.57600517
2020-01-03,40910258.58738503
2020-01-06,41016108.38843381
2020-01-07,40839716.486128226
2020-01-08,40955263.379888214
2020-01-09,41255733.10324729
2020-01-10,41222550.40825102
2020-01-13,41450785.84445014
2020-01-14,41465134.1677442
2020-01-15,41656204.143396854
2020-01-16,41909451.68893866
2020-01-17,42001190.63140302
2020-01-21,42077368.78936706
2020-01-22,42085078.82899623
2020-01-23,42233897.48565016
2020-01-24,42011030.95387221
2020-01-27,41631645.18659182
2020-01-28,41911168.78245408
2020-01-29,42073535.020042196
2020-01-30,42242438.379760094
2020-01-31,41679970.146602005
2020-02-03,41948484.948456936
2020-02-04,42339832.8911265
2020-02-05,42644621.66291934
2020-02-06,42814492.67955695
2020-02-07,42781238.20107536
2020-02-10,43177671.11961183
2020-02-11,43144544.69430763
2020-02-12,43307622.80089996
2020-02-13,43295127.18171776
2020-02-14,43467066.34738114
2020-02-18,43419222.44256267
2020-02-19,43614443.154952966
2020-02-20,43556347.40644782
2020-02-21,43279148.8082398
2020-02-24,42185371.99416112
2020-02-25,41032572.041410714
2020-02-26,40858818.58998088
2020-02-27,39254062.966194235
2020-02-28,39528032.3943657
2020-03-02,41209092.626227796
2020-03-03,41665126.70542888
2020-03-04,41574240.30034606
2020-03-05,41938059.71068726
2020-03-06,42351634.91770737
2020-03-09,42729680.727537535
2020-03-10,41959537.68239618
2020-03-11,41535683.153883316
2020-03-12,41556442.258808404
2020-03-13,41277534.381886296
2020-03-16,42365459.33799807
2020-03-17,41302677.3223329
2020-03-18,40727544.48859269
2020-03-19,40863409.1630031
2020-03-20,41920649.311446056
2020-03-23,42406298.744775146
2020-03-24,42116301.44486675
2020-03-25,42140338.670330174
2020-03-26,42242753.26479426
2020-03-27,42557199.779355966
2020-03-30,42654261.50225357
2020-03-31,42730094.906212546
2020-04-01,42901309.383443214
2020-04-02,42907382.61877346
2020-04-03,42937653.82691767
2020-04-06,42747015.80707629
2020-04-07,42558474.70306806
2020-04-08,42505054.64859339
2020-04-09,42595570.40905558
2020-04-13,42503761.73988215
2020-04-14,42559111.82217048
2020-04-15,42937066.28993215
2020-04-16,42981124.37846145
2020-04-17,42870028.09279609
2020-04-20,42979980.52664939
2020-04-21,43096427.756798334
2020-04-22,42965217.34281334
2020-04-23,42991994.46192723
2020-04-24,43001493.187513694
2020-04-27,42776937.84848964
2020-04-28,42960168.97999426
2020-04-29,42938659.95895088
2020-04-30,42837699.809796
2020-05-01,42895096.42240824
2020-05-04,42901191.99697633
2020-05-05,42869205.53302789
2020-05-06,42712371.89827106
2020-05-07,42969831.62896124
2020-05-08,42830865.031344794
2020-05-11,42711875.78609546
2020-05-12,42850734.858595625
2020-05-13,42936721.29034862
2020-05-14,43001588.37888235
2020-05-15,42973174.38353991
2020-05-18,42713242.16870184
2020-05-19,42831125.55596994
2020-05-20,42840738.82376097
2020-05-21,42867678.70842422
2020-05-22,42946660.462152965
2020-05-26,42828287.10072099
2020-05-27,42862837.18037103
2020-05-28,42823088.149859704
2020-05-29,42960394.91544408
2020-06-01,42942629.21136187
2020-06-02,43204211.20345103
2020-06-03,43524073.91712701
2020-06-04,43235626.917366035
2020-06-05,44125926.418319754
2020-06-08,44707001.179092035
2020-06-09,44531027.64296535
2020-06-10,44614752.01524246
2020-06-11,42226705.5278132
2020-06-12,42628042.84872479
2020-06-15,42984007.35475017
2020-06-16,43712223.73736428
2020-06-17,43598317.67737563
2020-06-18,43710132.16005466
2020-06-19,43476059.80527746
2020-06-22,43708513.277591266
2020-06-23,43889930.062726036
2020-06-24,42869693.110959835
2020-06-25,43325755.034035504
2020-06-26,42432245.29974741
2020-06-29,43081358.76796277
2020-06-30,43542522.316114515
2020-07-01,43773183.05871967
2020-07-02,44061042.83568146
2020-07-06,44661029.02309223
2020-07-07,44347135.82213744
2020-07-08,44609063.82055105
2020-07-09,44498123.045814775
2020-07-10,44854498.0527617
2020-07-13,44518714.219826475
2020-07-14,45077452.61348283
2020-07-15,45465064.03444717
2020-07-16,45349786.57169973
2020-07-17,45465386.31474588
2020-07-20,45852521.011322975
2020-07-21,45993890.82040572
2020-07-22,46262451.952460475
2020-07-23,45765245.21993663
2020-07-24,45453567.727567405
2020-07-27,45705380.58203902
2020-07-28,45526816.071693584
2020-07-29,46129937.48406341
2020-07-30,46029883.30748232
2020-07-31,46392967.77626843
2020-08-03,46681541.4105195
2020-08-04,47014001.40200899
2020-08-05,47141336.43561182
2020-08-06,47499254.44296169
2020-08-07,47432263.636571996
2020-08-10,47519314.16477465
2020-08-11,46974791.488750674
2020-08-12,47477022.45512899
2020-08-13,47294633.61654967
2020-08-14,47317109.50676088
2020-08-17,47540029.6332394
2020-08-18,47719593.04258613
2020-08-19,47461275.86611899
2020-08-20,47738687.27921319
2020-08-21,47936959.21816832
2020-08-24,48345834.7232204
2020-08-25,48393772.56362029
2020-08-26,48839296.908277735
2020-08-27,48771173.98974653
2020-08-28,49160311.2365281
2020-08-31,49034490.55038597
2020-09-01,49646212.3793168
2020-09-02,50416919.836678125
2020-09-03,48777280.19782289
2020-09-04,48113066.68251361
2020-09-08,46918905.82932609
2020-09-09,47803195.18780447
2020-09-10,47043011.305747546
2020-09-11,47137634.66759606
2020-09-14,47701843.61137925
2020-09-15,47913186.60526277
2020-09-16,47697446.64389012
2020-09-17,47298714.72066536
2020-09-18,46719577.47198229
2020-09-21,46293487.85184475
2020-09-22,46752008.199333414
2020-09-23,45690599.831674136
2020-09-24,45829374.288450606
2020-09-25,46588080.69624631
2020-09-28,47333734.805121824
2020-09-29,47114033.41437132
2020-09-30,47332640.5440092
2020-10-01,47654857.38344116
2020-10-02,47163569.12661417
2020-10-05,47680143.729371764
2020-10-06,47120358.99418874
2020-10-07,47787216.242385015
2020-10-08,48289660.20878163
2020-10-09,48688554.32671736
2020-10-12,49509392.78196775
2020-10-13,49298581.3389244
2020-10-14,49008429.634185955
2020-10-15,48893977.31031438
2020-10-16,48834279.59931737
2020-10-19,48020334.527110316
2020-10-20,48103988.082495235
2020-10-21,47948445.65932694
2020-10-22,48039076.54139778
2020-10-23,48266895.24932642
2020-10-26,47508893.93375833
2020-10-27,47452402.12408835
2020-10-28,45847595.508163475
2020-10-29,46110735.67371298
2020-10-30,45484326.43344712
2020-11-02,46066192.55718998
2020-11-03,46768585.77404471
2020-11-04,48187870.935566455
2020-11-05,49102891.03972376
2020-11-06,48926091.60318218
2020-11-09,49175413.856328405
2020-11-10,48962994.23109648
2020-11-11,49402220.27547508
2020-11-12,49198920.95730643
2020-11-13,49808528.61258955
2020-11-16,50388237.03806565
2020-11-17,50245666.26608267
2020-11-18,49626550.67147675
2020-11-19,49885162.02538509
2020-11-20,49630678.93085442
2020-11-23,49824676.76199878
2020-11-24,50530032.24829653
2020-11-25,50467029.34816877
2020-11-27,50754201.84339428
2020-11-30,50496303.37103888
2020-12-01,50776790.4791658
2020-12-02,50797511.97012448
2020-12-03,50915715.3866496
2020-12-04,51154288.0707206
2020-12-07,51202532.45602878
2020-12-08,51399933.19905146
2020-12-09,50867632.64100712
2020-12-10,50961926.3320854
2020-12-11,51000427.002930075
2020-12-14,50742340.64763733
2020-12-15,51372047.08031091
2020-12-16,51408378.26258344
2020-12-17,51656174.56870654
2020-12-18,51404463.232325785
2020-12-21,51254268.08761694
2020-12-22,51251601.066714324
2020-12-23,51188386.490030736
2020-12-24,51456742.91858761
2020-12-28,51897183.0027748
2020-12-29,51788209.68359922
2020-12-30,51893461.054952644
2020-12-31,52186781.00892465
2021-01-04,51493396.406344675
2021-01-05,51723129.10816475
2021-01-06,51728411.06494638
2021-01-07,52312223.522709645
2021-01-08,52460948.82109185
2021-01-11,52002793.303516
2021-01-12,52002575.731850445
2021-01-13,52320110.2980042
2021-01-14,52017614.03231964
2021-01-15,51776530.65053141
2021-01-19,52209834.7104972
2021-01-20,52948840.88342913
2021-01-21,52920675.57127602
2021-01-22,52810206.517270654
2021-01-25,53224103.81751988
2021-01-26,53120707.807480544
2021-01-27,51893185.804624386
2021-01-28,52197578.554020524
2021-01-29,51065687.766103916
2021-02-01,51972472.653799586
2021-02-02,52676703.65580025
2021-02-03,52716868.517404534
2021-02-04,53311702.3962898
2021-02-05,53519341.187706634
2021-02-08,53902738.74537301
2021-02-09,53865972.31555124
2021-02-10,53841557.46920802
2021-02-11,53927000.391260825
2021-02-12,54190934.20472017
2021-02-16,54143169.4663406
2021-02-17,54154465.51110246
2021-02-18,53924106.72061994
2021-02-19,53828302.405402586
2021-02-22,53415355.42530625
2021-02-23,53473507.578052565
2021-02-24,54058709.81535395
2021-02-25,52761547.732312165
2021-02-26,52490012.66544478
2021-03-01,53754883.395885326
2021-03-02,53336432.43318982
2021-03-03,52632414.986462824
2021-03-04,51983319.858952135
2021-03-05,52933781.394951776
2021-03-08,52670491.74410227
2021-03-09,53417736.46481273
2021-03-10,53747567.19048779
2021-03-11,54288839.05699225
2021-03-12,54360545.34265393
2021-03-15,54682130.9643719
2021-03-16,54612397.78879021
2021-03-17,54796684.747503504
2021-03-18,54001999.40740555
2021-03-19,53901477.09343524
2021-03-22,54327423.15293959
2021-03-23,53902090.94399603
2021-03-24,53629183.84178178
2021-03-25,53927442.798158295
2021-03-26,54788616.53216602
2021-03-29,54760074.80137138
2021-03-30,54614838.30520477
2021-03-31,54833444.47991834
2021-04-01,55420005.68958182
2021-04-05,56208393.709041566
2021-04-06,56174336.23195159
2021-04-07,56237755.478974245
2021-04-08,56501635.24230148
2021-04-09,56908305.719210364
2021-04-12,56927771.44101544
2021-04-13,57094161.721345015
2021-04-14,56899461.484199606
2021-04-15,57505191.483475104
2021-04-16,57694918.069397055
2021-04-19,57412305.60389501
2021-04-20,56993784.65522823
2021-04-21,57528133.0748598
2021-04-22,57005270.076320164
2021-04-23,57617866.103354916
2021-04-26,57736188.06758605
2021-04-27,57722686.14967374
2021-04-28,57705073.495637566
2021-04-29,58069157.03483017
2021-04-30,57689060.6587946
2021-05-03,57811496.72902634
2021-05-04,57456138.89120003
2021-05-05,57472840.6957657
2021-05-06,57927550.33880301
2021-05-07,58345171.128061965
2021-05-10,57770108.14940251
2021-05-11,57256842.52417891
2021-05-12,56047469.01385798
2021-05-13,56715010.72034775
2021-05-14,57578894.55599334
2021-05-17,57432220.57231247
2021-05-18,56939566.08230249
2021-05-19,56790142.964013524
2021-05-20,57395897.02082347
2021-05-21,57348074.319346085
2021-05-24,57927730.281990096
2021-05-25,57793136.74042225
2021-05-26,57905967.14350983
2021-05-27,57935028.452813916
2021-05-28,58036867.740738064
2021-06-01,57984921.23485336
2021-06-02,58074390.70508655
2021-06-03,57859052.23251488
2021-06-04,58383788.720005706
2021-06-07,58326343.44221792
2021-06-08,58337544.520941764
2021-06-09,58249888.60385683
2021-06-10,58517856.57536907
2021-06-11,58612816.235458225
2021-06-14,58742092.10804934
2021-06-15,58633832.69257947
2021-06-16,58307275.33186368
2021-06-17,58286906.92318705
2021-06-18,57504172.82249085
2021-06-21,58318599.636305735
2021-06-22,58626385.91341055
2021-06-23,58555221.424347155
2021-06-24,58897307.93461007
2021-06-25,59103468.62975993
2021-06-28,59220379.49530051
2021-06-29,59250826.316601284
2021-06-30,59299066.207839936
2021-07-01,59623299.584217675
2021-07-02,60073856.41565579
2021-07-06,59964202.30379466
2021-07-07,60173098.56172924
2021-07-08,59685869.65992771
2021-07-09,60316270.25749588
2021-07-12,60529288.42689771
2021-07-13,60323516.0081036
2021-07-14,60411589.554397486
2021-07-15,60205810.47925138
2021-07-16,59736427.845113866
2021-07-19,58860663.90618055
2021-07-20,59695663.15837562
2021-07-21,60173663.83005873
2021-07-22,60297425.63645121
2021-07-23,60911347.04907437
2021-07-26,61058419.84327831
2021-07-27,60781256.34206989
2021-07-28,60755341.45685612
2021-07-29,61004045.37826881
2021-07-30,60709022.39346446
2021-08-02,60581498.917586036
2021-08-03,61052860.34980899
2021-08-04,60737021.90955222
2021-08-05,60895702.98362648
2021-08-06,60637556.92804871
2021-08-09,60456047.50739313
2021-08-10,60414722.76227683
2021-08-11,60629412.01229755
2021-08-12,60746367.114208944
2021-08-13,61201039.1718736
2021-08-16,61475030.333055295
2021-08-17,61042028.935330346
2021-08-18,60345671.97521508
2021-08-19,60568908.952697694
2021-08-20,60987949.34829288
2021-08-23,61532895.142613664
2021-08-24,61464010.937990494
2021-08-25,61353889.74700837
2021-08-26,60976700.42119059
2021-08-27,61716448.79444035
2021-08-30,62103422.24115279
2021-08-31,61895662.969991356
2021-09-01,61951821.02695007
2021-09-02,62211582.46865997
2021-09-03,62049019.62852877
2021-09-07,61586180.99549621
2021-09-08,61676098.08720883
2021-09-09,61582242.735294595
2021-09-10,60904836.56135756
2021-09-13,61130848.46047095
2021-09-14,61028404.923431434
2021-09-15,61428728.78028714
2021-09-16,61137405.293784514
2021-09-17,60363365.059958495
2021-09-20,59661594.55675203
2021-09-21,59567281.25616251
2021-09-22,60197591.30774617
2021-09-23,60383107.00956133
2021-09-24,60300171.02787879
2021-09-27,59963953.02086814
2021-09-28,58524576.51775626
2021-09-29,58680776.56036036
2021-09-30,58033270.76858225
2021-10-01,58955214.13654806
2021-10-04,58169886.27518445
2021-10-05,58770391.475018054
2021-10-06,59012042.37765221
2021-10-07,59518118.01852588
2021-10-08,59409017.0283439
2021-10-11,58980214.48374171
2021-10-12,58834712.241286
2021-10-13,59043989.302415706
2021-10-14,60030282.77868683
2021-10-15,60483720.061511874
2021-10-18,60660605.10091561
2021-10-19,61124813.23091856
2021-10-20,61362373.47201507
2021-10-21,61520352.24284424
2021-10-22,61455728.60560267
2021-10-25,61782325.56583929
2021-10-26,61836416.560647644
2021-10-27,61562693.090149716
2021-10-28,62152351.7492644
2021-10-29,62276580.86251992
2021-11-01,62381923.125316806
2021-11-02,62631598.44996933
2021-11-03,63010794.207119234
2021-11-04,63304982.83808369
2021-11-05,63522258.39844905
2021-11-08,63574975.46816082
2021-11-09,63364622.99175781
2021-11-10,62856146.87638247
2021-11-11,62875138.88217078
2021-11-12,63346055.509450465
2021-11-15,63366385.68098012
2021-11-16,63614702.03295762
2021-11-17,63459658.249996886
2021-11-18,63672895.48098613
2021-11-19,63558323.86432807
2021-11-22,63379004.97627716
2021-11-23,63461379.299741246
2021-11-24,63622444.25505545
2021-11-26,62208782.252560586
2021-11-29,62967043.04340815
2021-11-30,61746316.39573048
2021-12-01,61062499.11899116
2021-12-02,61828431.569246545
2021-12-03,61648327.68315392
2021-12-06,62066832.20055226
2021-12-07,63112209.62277474
2021-12-08,63080347.607094236
2021-12-09,62804941.29466206
2021-12-10,63437043.919315785
2021-12-13,63173892.130281724
2021-12-14,62629564.743922345
2021-12-15,63510188.09691512
2021-12-16,63130929.7050721
2021-12-17,62600003.91510194
2021-12-20,61884544.74549967
2021-12-21,62725059.640726484
2021-12-22,63405331.729357176
2021-12-23,63666252.01891815
2021-12-27,64582537.22940786
2021-12-28,64514726.8065683
2021-12-29,64263518.69335066
2021-12-30,64295679.51906458
2021-12-31,64059077.34297743
2022-01-03,63829347.60162773
2022-01-04,63774541.07359214
2022-01-05,62548162.146344736
2022-01-06,62488132.54033299
2022-01-07,62239728.81921808
2022-01-10,62161016.33171317
2022-01-11,62726238.24702344
2022-01-12,62894674.92150202
2022-01-13,62026366.24777219
2022-01-14,62050513.98135996
2022-01-18,60949743.797156885
2022-01-19,60315273.13424356
2022-01-20,59646071.79746552
2022-01-21,58473232.336248435
2022-01-24,58720551.42787657
2022-01-25,58001957.614957444
2022-01-26,57855189.918394424
2022-01-27,57568130.55767016
2022-01-28,58997838.17791047
2022-01-31,60060122.24070795
2022-02-01,60465075.900940545
2022-02-02,61051719.351949506
2022-02-03,59614308.386991255
2022-02-04,59893682.847984575
2022-02-07,59700100.77263875
2022-02-08,60190571.76056819
2022-02-09,61071133.82469192
2022-02-10,59971729.600136995
2022-02-11,58786832.455911614
2022-02-14,58593276.0765655
2022-02-15,59538004.56689677
2022-02-16,59603629.69677881
2022-02-17,58327895.118915305
2022-02-18,57948646.23181496
2022-02-22,57324919.41315347
2022-02-23,56300009.13934305
2022-02-24,57147243.49639277
2022-02-25,58408619.71968314
2022-02-28,58257838.689104915
2022-03-01,57368249.14551162
2022-03-02,58423878.1172189
2022-03-03,58131458.85503943
2022-03-04,57657369.23135993
2022-03-07,55954154.7682515
2022-03-08,55528188.9159276
2022-03-09,57018066.79656587
2022-03-10,56759083.826477654
2022-03-11,56035175.68299973
2022-03-14,55623914.46203116
2022-03-15,56847911.72706163
2022-03-16,58109310.44006319
2022-03-17,58836275.944661304
2022-03-18,59480515.68969973
2022-03-21,59461969.72025005
2022-03-22,60155510.73143479
2022-03-23,59380772.737701006
2022-03-24,60273390.29224907
2022-03-25,60566117.08528515
2022-03-28,60995112.966256276
2022-03-29,61747410.72453609
2022-03-30,61365434.67400373
2022-03-31,60420997.66649256
2022-04-01,60590803.195383996
2022-04-04,61107977.36913132
2022-04-05,60335898.7938908
2022-04-06,59732162.68064387
2022-04-07,60031587.209200226
2022-04-08,59870077.02961615
2022-04-11,58846852.10717163
2022-04-12,58627921.60291211
2022-04-13,59297431.12146761
2022-04-14,58558792.91684567
2022-04-18,58581682.66237306
2022-04-19,59525072.913050234
2022-04-20,59479808.177967064
2022-04-21,58590191.54124262
2022-04-22,56983157.87505468
2022-04-25,57312032.776078165
2022-04-26,55652911.27709287
2022-04-27,55808124.249221206
2022-04-28,57215176.109696165
2022-04-29,55101827.70100902
2022-05-02,55432052.67081953
2022-05-03,55406335.317235574
2022-05-04,55408261.71152115
2022-05-05,55410100.97011591
2022-05-06,55411940.28976423
2022-05-09,55413954.0529492
2022-05-10,55415902.509651765
2022-05-11,55417872.831005275
2022-05-12,55419952.17472176
2022-05-13,55422162.27320311
2022-05-16,55424503.06448366
2022-05-17,55426822.19162995
2022-05-18,55429054.33872106
2022-05-19,55431330.12029782
2022-05-20,55433540.67252153
2022-05-23,55435881.944376215
2022-05-24,55438179.77803629
2022-05-25,55440477.706942245
2022-05-26,55442797.502515405
2022-05-27,55445117.39515576
2022-05-31,55447589.737483375
2022-06-01,55450040.43085706
2022-06-02,55452512.9927068
2022-06-03,55455072.68790149
2022-06-06,55457762.977676295
2022-06-07,55460475.137601264
2022-06-08,55463209.16872494
2022-06-09,55465965.07212171
2022-06-10,55468894.944107905
2022-06-13,55472583.9208137
2022-06-14,55476467.89383424
2022-06-15,55480157.3741815
2022-06-16,55483522.088741705
2022-06-17,55486973.72899859
2022-06-21,55490598.93604473
2022-06-22,55494029.33656884
2022-06-23,55497503.30968276
2022-06-24,55501129.20467253
2022-06-27,55504950.24499903
2022-06-28,55508771.548389524
2022-06-29,55512549.810757026
2022-06-30,55516176.688800626
2022-07-01,55519803.803804055
2022-07-05,55523864.19824771
2022-07-06,55527903.25606134
2022-07-07,55532029.13563238
2022-07-08,55536198.57626352
2022-07-11,55540843.60782424
2022-07-12,55545553.76490634
2022-07-13,55550630.83830023
2022-07-14,55555708.3757578
2022-07-15,55560700.17689422
2022-07-18,55566015.53424789
2022-07-19,55571374.44964378
2022-07-20,55576690.828179225
2022-07-21,55581921.57458368
2022-07-22,55587174.353646375
2022-07-25,55592729.00276295
2022-07-26,55598133.55632569
2022-07-27,55603301.66838493
2022-07-28,55608427.14469639
2022-07-29,55613531.530262165
2022-08-01,55618938.10618243
2022-08-02,55624345.20771333
2022-08-03,55629666.653832644
2022-08-04,55634923.945052266
2022-08-05,55640332.60067709
2022-08-08,55645935.62278868
2022-08-09,55651560.73869089
2022-08-10,55657143.357654616
2022-08-11,55662640.37175301
2022-08-12,55668159.47525403
2022-08-15,55673894.497156136
2022-08-16,55679587.047946505
2022-08-17,55685237.106082
2022-08-18,55690930.816632755
2022-08-19,55696689.718899146
2022-08-22,55702664.46832418
2022-08-23,55708575.29818049
2022-08-24,55714529.80224416
2022-08-25,55720592.535219476
2022-08-26,55726655.927928105
2022-08-29,55732956.55192574
2022-08-30,55739236.38977427
2022-08-31,55745495.432197064
2022-09-01,55751776.682892494
2022-09-02,55757994.111518316
2022-09-06,55764448.7776549
2022-09-07,55770947.17695428
2022-09-08,55777424.839088365
2022-09-09,55783924.75052729
2022-09-12,55790661.77616698
2022-09-13,55797614.29324981
2022-09-14,55804460.350376144
2022-09-15,55811264.297149464
2022-09-16,55818026.10963072
2022-09-19,55825196.61269099
2022-09-20,55832303.67758953
2022-09-21,55839304.32672425
2022-09-22,55846262.9055413
2022-09-23,55853071.94908213
2022-09-26,55860268.41387864
2022-09-27,55867379.943742506
2022-09-28,55874556.786901906
2022-09-29,55881670.13580807
2022-09-30,55888698.46209457
2022-10-03,55895985.38998165
2022-10-04,55903230.330128625
2022-10-05,55910497.682059005
2022-10-06,55917744.50321205
2022-10-07,55924970.78328102
2022-10-10,55932434.19806888
2022-10-11,55940134.59113169
2022-10-12,55947900.36864041
2022-10-13,55955838.68881208
2022-10-14,55963799.56217819
2022-10-17,55972125.56158068
2022-10-18,55980602.52908465
2022-10-19,55989123.54827308
2022-10-20,55997645.86447805
2022-10-21,56006148.088487245
2022-10-24,56014865.43775269
2022-10-25,56023520.00509722
2022-10-26,56032111.74249038
2022-10-27,56040726.191879086
2022-10-28,56049427.53580815
2022-10-31,56058279.922913246
2022-11-01,56067133.70815496
2022-11-02,56075946.11930217
2022-11-03,56084802.694724195
2022-11-04,56093575.0888888
2022-11-07,56102562.777347624
2022-11-08,56111509.130962126
2022-11-09,56120478.30309005
2022-11-10,56129406.11623422
2022-11-11,56138410.2433456
2022-11-14,56147490.69551866
2022-11-15,56156529.82367449
2022-11-16,56165570.40703049
2022-11-17,56174591.03946511
2022-11-18,56183655.93822435
2022-11-21,56192893.51571489
2022-11-22,56202089.81328169
2022-11-23,56211287.61587669
2022-11-25,56220508.33114559
2022-11-28,56229901.77261015
2022-11-29,56239232.583036765
2022-11-30,56248564.94182146
2022-12-01,56257791.771940656
2022-12-02,56267020.115598805
2022-12-05,56276357.0854568
2022-12-06,56285695.604694985
2022-12-07,56294885.65208381
2022-12-08,56304012.863820374
2022-12-09,56313184.455147564
2022-12-12,56322571.95131452
2022-12-13,56331896.699929066
2022-12-14,56341158.65079831
2022-12-15,56350400.669685856
2022-12-16,56359601.28179467
2022-12-19,56368975.06618673
2022-12-20,56378286.03803851
2022-12-21,56387534.14718089
2022-12-22,56396826.7162381
2022-12-23,56406099.34273973
2022-12-27,56415631.088299274
2022-12-28,56425164.44457422
2022-12-29,56434677.949650995
2022-12-30,56444107.17502848
2023-01-03,56453752.65954004
2023-01-04,56463421.25309436
2023-01-05,56473306.03443742
2023-01-06,56483192.54626191
2023-01-09,56493166.57441176
2023-01-10,56503185.2518997
2023-01-11,56513205.706131704
2023-01-12,56523077.74010738
2023-01-13,56532972.965226546
2023-01-17,56542977.24397617
2023-01-18,56552940.363130346
2023-01-19,56562926.70762879
2023-01-20,56572957.75660019
2023-01-23,56583012.05577142
2023-01-24,56593046.66674222
2023-01-25,56603061.57635069
2023-01-26,56613056.771453515
2023-01-27,56623096.71064957
2023-01-30,56633181.40889584
2023-01-31,56643246.41117755
2023-02-01,56653227.19819623
2023-02-02,57448412.803747214
2023-02-03,56836370.047106594
2023-02-06,56487716.86750769
2023-02-07,57225744.48252286
2023-02-08,56598538.8111005
2023-02-09,56106484.734441474
2023-02-10,56236371.90927365
2023-02-13,56895788.83251797
2023-02-14,56868457.171338364
2023-02-15,57052107.02894806
2023-02-16,56264932.27269738
2023-02-17,56123154.31327402
2023-02-21,54995391.604115605
2023-02-22,54918446.315437414
2023-02-23,55204198.16495948
2023-02-24,54612885.57813418
2023-02-27,54797954.94711063
2023-02-28,54594142.03499244
2023-03-01,54383449.409727134
2023-03-02,54366222.23622402
2023-03-03,54376214.22114013
2023-03-06,54386249.24885729
2023-03-07,54396512.66539183
2023-03-08,54406819.18963209
2023-03-09,54417086.48799104
2023-03-10,54427273.32758602
2023-03-13,54437194.019435234
2023-03-14,54447137.1546917
2023-03-15,54456834.309748136
2023-03-16,54466491.85760828
2023-03-17,54475716.55513968
2023-03-20,54485542.7988536
2023-03-21,54495308.813380376
2023-03-22,54505097.25125419
2023-03-23,54514763.35821759
2023-03-24,54524431.17939908
2023-03-27,54534472.90191336
2023-03-28,54544289.060203575
2023-03-29,54554106.98539385
2023-03-30,54564257.50166333
2023-03-31,54574161.7897294
2023-04-03,54584254.02353582
2023-04-04,54565127.97509185
2023-04-05,54638581.2965663
2023-04-06,54853815.49772064
2023-04-10,54364542.43514034
2023-04-11,54344822.160223395
2023-04-12,54269260.81645521
2023-04-13,54795944.20491604
2023-04-14,54381399.412383564
2023-04-17,54217260.612219185
2023-04-18,54327696.08507231
2023-04-19,54190483.476012036
2023-04-20,54196431.02457668
2023-04-21,54094637.15493251
2023-04-24,54401605.43978568
2023-04-25,54065872.12702537
2023-04-26,53619365.90519631
2023-04-27,54309874.83823935
2023-04-28,55161558.47130604
2023-05-01,54461455.90597551
2023-05-02,54542377.57893801
2023-05-03,54511540.40670643
2023-05-04,54110208.69045027
2023-05-05,54790554.82758743
2023-05-08,54463442.05580175
2023-05-09,54148478.285462834
2023-05-10,54790666.96446849
2023-05-11,54883336.93687374
2023-05-12,54478755.08553148
2023-05-15,54533046.795681044
2023-05-16,53985472.8075552
2023-05-17,54449687.70067946
2023-05-18,54625643.20667347
2023-05-19,54327886.963562764
2023-05-22,54236337.58621998
2023-05-23,53703457.16181632
2023-05-24,53164441.157431886
2023-05-25,53268330.242276594
2023-05-26,54044053.298372515
2023-05-30,54468042.93974087
2023-05-31,54361178.66253889
2023-06-01,55009270.07665613
2023-06-02,55348216.17120188
2023-06-05,55213022.92992583
2023-06-06,55353069.65788684
2023-06-07,54752327.164530456
2023-06-08,55438060.76737396
2023-06-09,55327929.37745948
2023-06-12,55905530.366622455
2023-06-13,55872405.50642536
2023-06-14,55999979.53319901
2023-06-15,57108146.9743881
2023-06-16,56653181.96418917
2023-06-20,56516163.29875742
2023-06-21,56267569.28832912
2023-06-22,56136475.78356727
2023-06-23,55931173.33895428
2023-06-26,55828734.57733606
2023-06-27,56227386.944231
2023-06-28,56467342.416143715
2023-06-29,56101493.00848685
2023-06-30,56871958.19643475
2023-07-03,56681279.8636026
2023-07-05,56567766.38627461
2023-07-06,56122268.41097363
2023-07-07,55978977.04042967
2023-07-10,56119965.573665895
2023-07-11,56477351.44667467
2023-07-12,56932047.3404176
2023-07-13,57384166.36386748
2023-07-14,57347142.22364833
2023-07-17,57545717.07689533
2023-07-18,57973510.000139214
2023-07-19,58101647.45387044
2023-07-20,57713735.09992236
2023-07-21,57712547.95661819
2023-07-24,57970030.99193879
2023-07-25,58127619.664481096
2023-07-26,58135383.67415949
2023-07-27,57747477.282004476
2023-07-28,58313545.068566166
2023-07-31,58423748.9880627
2023-08-01,58254800.0823951
2023-08-02,57440482.12078762
2023-08-03,57274111.6735108
2023-08-04,57012998.527924806
2023-08-07,57511206.125988424
2023-08-08,57259047.82604743
2023-08-09,56873719.97370705
2023-08-10,56893029.70493845
2023-08-11,56858557.10614265
2023-08-14,57172390.12944551
2023-08-15,56502793.48371839
2023-08-16,56085467.41871798
2023-08-17,55655335.74620101
2023-08-18,55681064.76568073
2023-08-21,56043574.36488436
2023-08-22,55890037.58736717
2023-08-23,56513760.28804878
2023-08-24,55726365.1996855
2023-08-25,56119602.611073524
2023-08-28,56470070.213038474
2023-08-29,57288417.50710183
2023-08-30,57524118.20664775
2023-08-31,57438417.78536647
2023-09-01,57544794.10240305
2023-09-05,57293890.23397992
2023-09-06,56905987.54178461
2023-09-07,56729390.01663514
2023-09-08,56813997.233945705
2023-09-11,57187998.93166427
2023-09-12,56871819.59207104
2023-09-13,56937220.945328504
2023-09-14,57429020.79874475
2023-09-15,56733021.70955889
2023-09-18,56765180.74530817
2023-09-19,56646233.403732
2023-09-20,56123950.762324974
2023-09-21,55194460.75346347
2023-09-22,55069153.42977521
2023-09-25,55299809.497142166
2023-09-26,54485592.06753003
2023-09-27,54506262.09623142
2023-09-28,54821454.60303434
2023-09-29,54687188.326652594
2023-10-02,54664325.48616322
2023-10-03,53930781.37835151
2023-10-04,54322806.14992729
2023-10-05,54301235.16494538
2023-10-06,54945516.19023423
2023-10-09,55296542.4644373
2023-10-10,55583544.67246784
2023-10-11,55810359.853347324
2023-10-12,55468624.98069744
2023-10-13,55190917.59438
2023-10-16,55771158.67556312
2023-10-17,55767475.033774324
2023-10-18,55022382.476846084
2023-10-19,54537252.454666324
2023-10-20,53865174.05546757
2023-10-23,53770606.94912333
2023-10-24,54175452.716034964
2023-10-25,53395807.45115159
2023-10-26,52754489.896725625
2023-10-27,52513971.71047938
2023-10-30,53141639.45462411
2023-10-31,53474779.49997769
2023-11-01,54044813.34869039
2023-11-02,55080920.579134874
2023-11-03,55583049.20975968
2023-11-06,55709974.592438325
2023-11-07,55867620.352127224
2023-11-08,55907479.37092998
2023-11-09,55469704.3714044
2023-11-10,56335477.174033195
2023-11-13,56280553.78172305
2023-11-14,57372976.52588708
2023-11-15,57493462.23358466
2023-11-16,57562741.492312625
2023-11-17,57633284.248372495
2023-11-20,58076447.53318205
2023-11-21,57948497.99611506
2023-11-22,58171419.06233971
2023-11-24,58206104.30239928
2023-11-27,58094098.24330529
2023-11-28,58150541.21080496
2023-11-29,58108386.79869024
2023-11-30,58336423.31670397
2023-12-01,58680973.34258091
2023-12-04,58371187.90261111
2023-12-05,58358481.985323325
2023-12-06,58121684.5117711
2023-12-07,58564837.8595934
2023-12-08,58815911.19017575
2023-12-11,59043927.75660531
2023-12-12,59312929.270538
2023-12-13,60131230.54969416
2023-12-14,60323380.09446121
2023-12-15,60222635.37110728
2023-12-18,60559523.2360229
2023-12-19,60925851.71879077
2023-12-20,60082107.4149763
2023-12-21,60649478.206077516
2023-12-22,60769940.969144374
2023-12-26,61024866.27166286
2023-12-27,61133803.6487032
2023-12-28,61155671.65067175
2023-12-29,60977773.375635795
2024-01-02,60635973.675206766
2024-01-03,60241887.080984116
2024-01-04,59671113.72027591
2024-01-05,59519679.14194164
2024-01-08,60554097.66526625
2024-01-09,60423366.1893749
2024-01-10,60656813.37446191
2024-01-11,60933035.421041705
2024-01-12,61121177.144199595
2024-01-16,60387366.75465599
2024-01-17,59840455.87528206
2024-01-18,60225758.03706306
2024-01-19,60970167.51355646
2024-01-22,61267869.55974667
2024-01-23,61281375.85692549
2024-01-24,61163811.249334976
2024-01-25,61743435.68756946
2024-01-26,61538979.15007477
2024-01-29,62380431.06243083
2024-01-30,62401137.74063527
2024-01-31,61887246.46374265
2024-02-01,63048604.635067284
2024-02-02,62862350.160052314
2024-02-05,62008228.40906406
2024-02-06,62506376.423070446
2024-02-07,62899719.632640675
2024-02-08,62711039.35189349
2024-02-09,62947296.80310909
2024-02-12,62963573.67863382
2024-02-13,61398855.333494276
2024-02-14,62170620.94282536
2024-02-15,62752882.198991
2024-02-16,62161112.51566957
2024-02-20,61909252.54663723
2024-02-21,61754631.6943503
2024-02-22,63024813.60969095
2024-02-23,63335537.713454165
2024-02-26,62980534.23328298
2024-02-27,62941059.943492524
2024-02-28,63070954.7650029
2024-02-29,63408622.98826328
2024-03-01,64272148.218740866
2024-03-04,64049629.289122246
2024-03-05,63784743.412213214
2024-03-06,64240266.995160334
2024-03-07,64958514.983168356
2024-03-08,64605803.93087367
2024-03-11,64453894.88383662
2024-03-12,64854889.13537127
2024-03-13,64594268.796310045
2024-03-14,63973751.17077208
2024-03-15,63409723.80020969
2024-03-18,63695829.60260758
2024-03-19,64217329.56213245
2024-03-20,64942643.08191951
2024-03-21,65147631.46601186
2024-03-22,65318574.786756665
2024-03-25,64950210.8001249
2024-03-26,64911628.6834546
2024-03-27,65684830.16813451
2024-03-28,65595389.94302003
2024-04-01,64880858.44165194
2024-04-02,64314159.948102
2024-04-03,64444616.58931768
2024-04-04,63863396.10633328
2024-04-05,64088334.778428644
2024-04-08,63963960.24643239
2024-04-09,64276963.404096596
2024-04-10,62772720.96569616
2024-04-11,63141312.6567179
2024-04-12,62512929.04297869
2024-04-15,61316474.93478152
2024-04-16,60948213.721707955
2024-04-17,60959138.70396902
2024-04-18,60608654.90186173
2024-04-19,60145570.76882328
2024-04-22,60689220.62441968
2024-04-23,61470741.98698625
2024-04-24,61244193.98313312
2024-04-25,60767389.70586041
2024-04-26,61495075.27989323
2024-04-29,61941721.60857638
2024-04-30,60668178.64213488
2024-05-01,60694926.18805028
2024-05-02,61230511.05029829
2024-05-03,61986781.27687734
2024-05-06,62624456.75669577
2024-05-07,62692214.083708525
2024-05-08,62697033.79882796
2024-05-09,63056400.98738667
2024-05-10,63136253.80203371
2024-05-13,63143487.13131512
2024-05-14,63431448.07741976
2024-05-15,64214313.06190854
2024-05-16,64081154.47531327
2024-05-17,64171869.273269854
2024-05-20,64244432.33527406
2024-05-21,64400491.19545544
2024-05-22,64214092.35739002
2024-05-23,63744583.486867
2024-05-24,64164424.42268532
2024-05-28,64201515.02300901
2024-05-29,63751359.692335606
2024-05-30,63327838.39818288
2024-05-31,63902563.79831073
2024-06-03,63953338.091073744
2024-06-04,64327539.98997808
2024-06-05,65303381.35669451
2024-06-06,65259761.62355428
2024-06-07,64495825.09899753
2024-06-10,64542126.88835306
2024-06-11,65021479.855965056
2024-06-12,65895956.79536595
2024-06-13,66446700.66432873
2024-06-14,66623988.35208086
2024-06-17,66826008.30404782
2024-06-18,67264953.20235953
2024-06-20,66902369.224845745
2024-06-21,66811807.52997329
2024-06-24,66637612.289431855
2024-06-25,66930482.54546609
2024-06-26,66601022.624555826
2024-06-27,66836663.4179367
2024-06-28,66211039.91621786
2024-07-01,65838747.4158335
2024-07-02,66513722.72718378
2024-07-03,67230860.40811913
2024-07-05,67962082.36013684
2024-07-08,68043327.77084906
2024-07-09,67998443.58365987
2024-07-10,68711149.00171296
2024-07-11,68543960.46857157
2024-07-12,69094505.22997737
2024-07-15,69050661.01325203
2024-07-16,69737413.00946265
2024-07-17,68822644.47670978
2024-07-18,68091739.39616066
2024-07-19,67416741.30619594
2024-07-22,68018890.06430829
2024-07-23,67948274.08782874
2024-07-24,66265967.10490999
2024-07-25,66056263.651396655
2024-07-26,67083446.151270404
2024-07-29,67217661.89593203
2024-07-30,67007526.2665332
2024-07-31,68538452.76981491
2024-08-01,67872307.3130123
2024-08-02,67642104.35344887
2024-08-05,65755984.05575083
2024-08-06,65751507.79810952
2024-08-07,65061272.27653745
2024-08-08,66348240.121832706
2024-08-09,66888930.92558611
2024-08-12,67090036.94089499
2024-08-13,68466760.74139087
2024-08-14,68754176.02226311
2024-08-15,69484407.32142879
2024-08-16,69758146.30651177
2024-08-19,70497069.7526538
2024-08-20,70645279.97910333
2024-08-21,71010888.80724718
2024-08-22,70127204.70118533
2024-08-23,71169983.67653115
2024-08-26,70901791.92393976
2024-08-27,70938455.76885974
2024-08-28,70478524.46852398
2024-08-29,70344855.24116398
2024-08-30,70748728.69278958
2024-09-03,69747634.00333366
2024-09-04,70001319.42462558
2024-09-05,69982268.54109171
2024-09-06,68910211.82084619
2024-09-09,69749852.91247323
2024-09-10,70329168.93048942
2024-09-11,70967793.65089084
2024-09-12,71423131.93043907
2024-09-13,71906774.70940457
2024-09-16,72182636.14473875
2024-09-17,72065344.98856881
2024-09-18,71529011.49072315
2024-09-19,72652098.97751117
2024-09-20,72491453.28913182
2024-09-23,72609609.35423027
2024-09-24,72878827.4161261
2024-09-25,72413054.19498387
2024-09-26,72628503.94010085
2024-09-27,72797361.22371148
2024-09-30,72870135.14652002
2024-10-01,72476062.62027878
2024-10-02,72285111.10410884
2024-10-03,71770560.99936657
2024-10-04,71699771.09442513
2024-10-07,70776544.34883521
2024-10-08,71488888.80785175
2024-10-09,71703788.49228506
2024-10-10,71555172.61557142
2024-10-11,71992059.53725363
2024-10-14,72441892.39666988
2024-10-15,72223519.3520414
2024-10-16,72632666.50401035
2024-10-17,72256850.4817431
2024-10-18,72602077.62655288
2024-10-21,71920526.86470231
2024-10-22,71799260.31701878
2024-10-23,70962403.02060716
2024-10-24,71257165.95192064
2024-10-25,71061064.87655614
2024-10-28,71101140.97306369
2024-10-29,71230882.24576417
2024-10-30,70895316.06415562
2024-10-31,69453233.10709593
2024-11-01,69319756.01680157
2024-11-04,69524836.23785451
2024-11-05,70383073.15629682
2024-11-06,71399747.21201943
2024-11-07,72497601.38966565
2024-11-08,72947824.39022867
2024-11-11,72801857.5753319
2024-11-12,72105982.16236657
2024-11-13,72078932.46209678
2024-11-14,71592629.79973124
2024-11-15,70691087.24171959
2024-11-18,71124232.80630742
2024-11-19,71519739.95729128
2024-11-20,71423703.46016951
2024-11-21,71753544.1342653
2024-11-22,72005882.4909475
2024-11-25,72995735.24106786
2024-11-26,73205949.18532488
2024-11-27,73259853.61067554
2024-11-29,73995504.66122659
2024-12-02,74102922.13220589
2024-12-03,73910822.77630839
2024-12-04,74630176.8403152
2024-12-05,74486541.70639153
2024-12-06,74843815.90900815
2024-12-09,74195259.21786924
2024-12-10,73820780.61007454
2024-12-11,74148991.740888
2024-12-12,73473381.06626733
2024-12-13,73100384.8362701
2024-12-16,73419813.32896061
2024-12-17,73103213.61984408
2024-12-18,70350403.32256651
2024-12-19,69994212.5417042
2024-12-20,71077671.44089238
2024-12-23,71177332.15545467
2024-12-24,71990136.09366006
2024-12-26,72033681.92594148
2024-12-27,71081860.05051345
2024-12-30,70667847.47551894
2024-12-31,70269907.65129998
2025-01-02,70121630.99751247
2025-01-03,70958403.987672
2025-01-06,71364193.49227658
2025-01-07,70559276.82630868
2025-01-08,70660596.2358454
2025-01-10,69584645.26330383
2025-01-13,69690786.95091291
2025-01-14,69784970.0346035
2025-01-15,71048094.96172221
2025-01-16,70910614.28495845
2025-01-17,71618493.35068965
2025-01-21,72270224.52264468
2025-01-22,72673613.70498185
2025-01-23,73067440.06195001
2025-01-24,72853489.21703064
2025-01-27,71825264.72643602
2025-01-28,72438794.45460565
2025-01-29,72113825.44184214
2025-01-30,72498099.41844846
2025-01-31,72112243.56780387
2025-02-03,71627292.0486973
2025-02-04,72233304.31670892
2025-02-05,72925675.29127914
2025-02-06,73078197.3364594
2025-02-07,72164362.63261475
2025-02-10,72621636.2487713
2025-02-11,72477599.44437042
2025-02-12,71736433.899502
2025-02-13,73015226.2208654
2025-02-14,73296758.09744647
2025-02-18,73113492.47825041
2025-02-19,73385658.74788497
2025-02-20,73214101.30706961
2025-02-21,72379951.35848568
2025-02-24,72192910.41882591
2025-02-25,72379341.19844568
2025-02-26,72597988.98480351
2025-02-27,71372867.11122672
2025-02-28,72837424.00327773
2025-03-03,71805327.21491669
2025-03-04,70719419.62413843
2025-03-05,71070662.64939147
2025-03-06,69757462.92963912
2025-03-07,70045176.37854694
2025-03-10,68650729.80587727
2025-03-11,67823468.26244049
2025-03-12,67968033.24449499
2025-03-13,67321683.86070631
2025-03-14,68458647.90738484
2025-03-17,69029789.42206252
2025-03-18,68349085.97159064
2025-03-19,69284729.61417712
2025-03-20,69170823.91169156
2025-03-21,69123406.23650603
2025-03-24,69948883.79320401
2025-03-25,70219812.53661647
2025-03-26,69207857.33885764
2025-03-27,68951204.65230827
2025-03-28,68104270.11803441
2025-03-31,68745727.4292987
2025-04-01,69164435.76848002
2025-04-02,69064759.81624544
2025-04-03,69766153.76366127
2025-04-04,69955433.77440338
2025-04-07,69120010.32456689
2025-04-08,68764204.99414414
2025-04-09,68538763.71576905
2025-04-10,68109063.57275273
2025-04-11,67720427.3345357
2025-04-14,68271948.5289156
2025-04-15,68474387.10323977
2025-04-16,68770228.60363665
2025-04-17,68574634.54963078
2025-04-21,68204307.32696688
2025-04-22,68253961.24740493
2025-04-23,68325441.07050124
2025-04-24,68695398.73389438
2025-04-25,68953827.13236691
2025-04-28,69225299.61425157
2025-04-29,69459367.42740393
2025-04-30,69564599.54863341
2025-05-01,69267640.58624755
2025-05-02,68808623.89046219
2025-05-05,68684415.89889331
2025-05-06,68857139.32615505
2025-05-07,69036230.99980284
2025-05-08,68503584.28599831
2025-05-09,68553138.9075361
2025-05-12,68115541.64563006
2025-05-13,68062629.8239981
2025-05-14,67803344.61293367
2025-05-15,68253559.2289005
2025-05-16,68274071.52312678
2025-05-19,68236015.59427357
2025-05-20,68146516.52779251
2025-05-21,67667161.30829164
2025-05-22,67925861.75402576
2025-05-23,68123977.96763943
2025-05-27,68398792.82713276
2025-05-28,68210184.7996426
2025-05-29,68491207.56019318
2025-05-30,68691436.26880595
2025-06-02,68460142.06635787
2025-06-03,68737305.16889054
2025-06-04,69204397.98171443
2025-06-05,68657574.21579833
2025-06-06,68808037.54652454
2025-06-09,68980186.48600058
2025-06-10,69475059.81569941
2025-06-11,69544907.84846692
2025-06-12,70101896.50033514
2025-06-13,69047625.26947907
2025-06-16,69491478.87549229
2025-06-17,69220720.93036796
2025-06-18,69240033.12469031
2025-06-20,69107709.27447894
2025-06-23,70012028.78714563
2025-06-24,71002880.0477372
2025-06-25,71056530.00100182
2025-06-26,71844200.37784374
2025-06-27,71995784.52725722
2025-06-30,72603845.67327844
2025-07-01,72435150.01385917
2025-07-02,72595411.17678984
2025-07-03,72899259.19807717
2025-07-07,72121057.91738339
2025-07-08,71961436.9106673
2025-07-09,72747628.40564135
2025-07-10,72898897.44053848
2025-07-11,72299666.38261135
2025-07-14,72392143.24358468
2025-07-15,71788641.34595181
2025-07-16,72212747.37874612
2025-07-17,72616539.58014192
2025-07-18,72746534.76379825
2025-07-21,73119372.42556256
2025-07-22,73318482.64495085
2025-07-23,73667069.18446775
2025-07-24,73566280.37558499
2025-07-25,74032403.07797566
2025-07-28,73835738.44161963
2025-07-29,74110070.96244754
2025-07-30,73748099.63400923
2025-07-31,73520336.6516328
2025-08-01,73155407.0109903
2025-08-04,74331645.14911632
2025-08-05,73894256.54954676
2025-08-06,74382008.31826168
2025-08-07,74252950.50415762
2025-08-08,74639825.65406175
2025-08-11,74502772.36726268
2025-08-12,75254844.54722284
2025-08-13,75755546.32033752
2025-08-14,75500736.42232718
2025-08-15,75160078.10342138
2025-08-18,75057459.26534413
2025-08-19,74829118.2261937
2025-08-20,74728068.58716866
2025-08-21,74197703.68467228
2025-08-22,75722582.42597128
2025-08-25,75233370.22354442
2025-08-26,75710847.81958893
2025-08-27,76007039.84273262
2025-08-28,76428837.82495706
2025-08-29,75904977.12460382
2025-09-02,75114438.41872256
2025-09-03,75760354.23052253
2025-09-04,76703600.20131654
2025-09-05,76837395.11941403
2025-09-08,77238036.39147817
2025-09-09,77212442.56082289
2025-09-10,77622560.46957883
2025-09-11,78353264.99763684
2025-09-12,78089128.33196394
2025-09-15,78618696.9691589
2025-09-16,78543118.6300562
2025-09-17,78263933.79501598
2025-09-18,78361253.4426134
2025-09-19,78705137.12303446
2025-09-22,78936060.66491395
2025-09-23,78705808.73287798
2025-09-24,78231374.41249275
2025-09-25,77684117.76053211
2025-09-26,78073689.82683901
2025-09-29,78504485.47042137
2025-09-30,78752775.89908901
2025-10-01,79267206.14410467
2025-10-02,79423592.5853872
2025-10-03,79255704.26309225
2025-10-06,79299510.43218262
2025-10-07,79184550.24824321
2025-10-08,79656942.9552114
2025-10-09,79355794.81294876
2025-10-10,77682066.35163125
2025-10-13,78890159.24884325
2025-10-14,78978803.04875097
2025-10-15,79224140.77345064
2025-10-16,79032135.30326368
2025-10-17,79334310.40721138
2025-10-20,80238427.51258011
2025-10-21,80368756.59462892
2025-10-22,79958341.90680653
2025-10-23,80148643.90930164
2025-10-24,80856074.42208157
2025-10-27,81784571.93610822
2025-10-28,82058781.95307091
2025-10-29,81565210.97676887
2025-10-30,80541502.60590918
2025-10-31,80823212.32972158
2025-11-03,80920756.04434828
2025-11-04,80049815.0041005
2025-11-05,79929799.46145666
2025-11-06,79464328.45919928
2025-11-07,79560354.60222077
2025-11-10,80673331.25345907
2025-11-11,81090190.98860466
2025-11-12,81136595.89855994
2025-11-13,79554236.12638056
2025-11-14,79394406.76779407
2025-11-17,78731372.36301748
2025-11-18,78187441.33766505
2025-11-19,78416819.8902622
2025-11-20,77397037.69404994
2025-11-21,78404695.53972036
2025-11-24,79653756.8110763
2025-11-25,80584425.38695475
2025-11-26,81184644.63341457
2025-11-28,81469209.65898986
2025-12-01,80659098.62173405
2025-12-02,80859241.05171824
2025-12-03,81288278.61541606
2025-12-04,81086061.65016171
2025-12-05,81059534.03697863
2025-12-08,80636004.55821575
2025-12-09,80435209.20117873
2025-12-10,81213811.87517728
2025-12-11,81396470.14765693
2025-12-12,80292336.96026191
2025-12-15,80223422.38606445
2025-12-16,80215123.73316464
2025-12-17,79304708.85027991
2025-12-18,80092557.85864942
2025-12-19,80622523.47935906
2025-12-22,81025054.20750546
2025-12-23,81346230.36924489
2025-12-24,81823090.51036373
2025-12-26,81875209.6359047
2025-12-29,81689417.65766089
2025-12-30,81491250.35950196
2025-12-31,80606002.10096999
2026-01-02,80670990.30502121
2026-01-05,81435407.77802584
2026-01-06,81844057.26325029
2026-01-07,81717526.2895593
2026-01-08,81453153.28061529
2026-01-09,82067749.53105861
2026-01-12,82081152.0553405
2026-01-13,82003334.57317477
2026-01-14,81754407.4268346
2026-01-15,81794534.44664854
2026-01-16,81402343.88023244
2026-01-20,79409718.06282382
2026-01-21,80517817.12501796
2026-01-22,80914463.60454682
2026-01-23,81061485.26745135
2026-01-26,81572472.48536418
2026-01-27,81786346.70864779
2026-01-28,81695202.9426146
2026-01-29,81603852.56439109
2026-01-30,81295483.99950626
2026-02-02,81523679.87851264
2026-02-03,80896651.40735814
2026-02-04,80473405.36057723
2026-02-05,79926318.89372225
2026-02-06,81434674.23093915
2026-02-09,81826839.78406529
2026-02-10,81948332.01657435
2026-02-11,81691317.40358064
2026-02-12,80915030.47899896
2026-02-13,81269565.60835542
2026-02-17,81375848.73338191
2026-02-18,81600758.01584467
2026-02-19,81448181.58775313
2026-02-20,82013655.38876455
2026-02-23,81461638.21803194
2026-02-24,81994586.07818732
2026-02-25,82592389.24212073
2026-02-26,82344537.99717386
2026-02-27,82267655.00748229
2026-03-02,81810437.09786066
2026-03-03,80994563.14649549
2026-03-04,81373850.44076772
2026-03-05,80658260.58116686
2026-03-06,79546782.39423633
2026-03-09,80469015.22154881
2026-03-10,80072552.06207031
2026-03-11,79595763.20800628
2026-03-12,78120581.4273342
2026-03-13,77582061.83854158
2026-03-16,78705432.60258852
2026-03-17,79034250.83446054
2026-03-18,77570851.5751236
2026-03-19,77357656.651644
2026-03-20,75540564.28866743
2026-03-23,76557011.43061598
2026-03-24,76033680.88995717
2026-03-25,76841616.46814395
2026-03-26,74853830.39800052
2026-03-27,73571433.1627484
2026-03-30,73831693.9934585
2026-03-31,76079822.81825593
2026-04-01,76566409.75512682
2026-04-02,76797318.34622322
2026-04-06,76943191.52960873
2026-04-07,77155421.21489392
2026-04-08,79257161.56371841
2026-04-09,79668668.32177979
2026-04-10,79469206.75268552
2026-04-13,80399797.28792118
2026-04-14,81612485.0520377
2026-04-15,82053133.71490353
2026-04-16,82092371.89900477
2026-04-17,83507249.07840481
2026-04-20,83251072.32717447
2026-04-21,82340348.66912468
2026-04-22,83238236.74066664
2026-04-23,82774777.00962862
2026-04-24,83559912.93235986
2026-04-27,83499322.60485475
2026-04-28,83003304.29467428
2026-04-29,82588117.1377011
2026-04-30,83550528.1214409
2026-05-01,83828834.255286
2026-05-04,83204113.47831675
2026-05-05,83979285.96009366
2026-05-06,85540223.37367195
2026-05-07,85000788.16657685
2026-05-08,85909641.60010354
2026-05-11,85803231.4259097
2026-05-12,85370434.27484785
2026-05-13,85832084.53526546
2026-05-14,86439751.32475749
2026-05-15,84706119.97756502
2026-05-18,84593944.00430746
2026-05-19,83689519.72587119
2026-05-20,85097135.77452207
2026-05-21,85302917.13149239
2026-05-22,85691768.16221394
2026-05-26,86586326.8206281
2026-05-27,86592242.56233804
2026-05-28,87247932.45033434
2026-05-29,87546019.54415694
2026-06-01,87618188.27801682
2026-06-02,87783469.4482129
2026-06-03,86942912.58243059
2026-06-04,87361315.83627833
2026-06-05,84664127.95494694
2026-06-08,84748107.7821725
2026-06-09,84720429.59853116
2026-06-10,83298523.98579924
2026-06-11,85266330.02893135
2026-06-12,85565745.55623128
2026-06-15,87131396.8930321
2026-06-16,86820106.37834483
2026-06-17,85284425.73130229
2026-06-18,86456664.50307755
2026-06-22,85846894.51381014
2026-06-23,84707472.31736082
2026-06-24,85207649.19787028
2026-06-25,85366865.92680237
2026-06-26,84961375.90160337
2026-06-29,86342224.68466812
2026-06-30,86545806.05184186
2026-07-01,86207440.24642155
2026-07-02,86161770.99574926
2026-07-06,86941679.09009567
2026-07-07,86082732.94232276
2026-07-08,85629257.5398585
2026-07-09,86516587.19659871
2026-07-10,86796919.54511794
2026-07-13,85809807.639848
2026-07-14,86337039.23474562
2026-07-15,86872168.97528933
2026-07-16,86334855.51403685
2026-07-17,85581429.37203482
2026-07-20,85154247.78027794
2026-07-21,85634489.39412773
2026-07-22,85327332.61393507
2026-07-23,84028974.37225631
2026-07-24,84260157.59506083
2026-07-27,84487753.114822
2026-07-28,84924683.70840387
2026-07-29,83263398.47390868
2026-07-30,84675099.0734044
2026-07-31,85034993.21858244
2026-08-03,86399546.311628
2026-08-04,87910972.40291043
2026-08-05,87733994.26369798
2026-08-06,87592304.01308474
