date,nav
2003-07-01,10107896.17911072
2003-07-02,10243204.699894868
2003-07-03,10074653.904868362
2003-07-07,10219113.972683437
2003-07-08,10267496.777036507
2003-07-09,10227339.280721424
2003-07-10,10119678.581697658
2003-07-11,10249865.294775764
2003-07-14,10240732.77235433
2003-07-15,10080727.094802901
2003-07-16,10023595.80027963
2003-07-17,9857489.68719292
2003-07-18,9933863.373934163
2003-07-21,9679325.556661332
2003-07-22,9801418.399971431
2003-07-23,9838025.972723747
2003-07-24,9724940.41284689
2003-07-25,9882674.137871178
2003-07-28,9772456.353522092
2003-07-29,9628709.345883097
2003-07-30,9681816.648401879
2003-07-31,9639542.062409002
2003-08-01,9591625.859335596
2003-08-04,9586796.653303346
2003-08-05,9380737.32171538
2003-08-06,9435700.534973823
2003-08-07,9535979.272263553
2003-08-08,9563364.52161619
2003-08-11,9599613.223249394
2003-08-12,9688061.939854613
2003-08-13,9637627.877780914
2003-08-14,9664025.420367882
2003-08-15,9694360.50735248
2003-08-18,9778872.699957857
2003-08-19,9816094.714198332
2003-08-20,9775515.708252154
2003-08-21,9806830.663209647
2003-08-22,9708135.932535537
2003-08-25,9723695.243554447
2003-08-26,9740241.240919363
2003-08-27,9742996.737872768
2003-08-28,9803862.259990593
2003-08-29,9870648.573242886
2003-09-02,10004400.662339041
2003-09-03,10059352.871429572
2003-09-04,10064072.284302993
2003-09-05,10006738.962512387
2003-09-08,10090257.852125332
2003-09-09,10023068.616317566
2003-09-10,9920425.78084068
2003-09-11,9949767.51686926
2003-09-12,9968277.930014066
2003-09-15,9932615.935301779
2003-09-16,10079178.174449338
2003-09-17,10059267.298383862
2003-09-18,10179235.998570628
2003-09-19,10126621.412572566
2003-09-22,10016094.54933423
2003-09-23,10054308.820129283
2003-09-24,9873846.146752194
2003-09-25,9791886.759861879
2003-09-26,9759185.119138746
2003-09-29,9855513.416034605
2003-09-30,9758786.107329438
2003-10-01,9968393.78818911
2003-10-02,9963317.574736007
2003-10-03,9916814.966905545
2003-10-06,9992053.429125987
2003-10-07,9972713.66680752
2003-10-08,9964268.92037064
2003-10-09,9958839.499565516
2003-10-10,10015632.228829136
2003-10-13,10030864.298552992
2003-10-14,10024736.02431479
2003-10-15,9961034.259442605
2003-10-16,9944527.813221311
2003-10-17,9888973.760412907
2003-10-20,9969970.11314639
2003-10-21,9970194.383754423
2003-10-22,9917071.435302958
2003-10-23,9865894.252473993
2003-10-24,9957960.53559609
2003-10-27,9934647.056539956
2003-10-28,10116293.158824692
2003-10-29,10063765.94327959
2003-10-30,10046907.82302105
2003-10-31,10072685.44940118
2003-11-03,10099229.31006503
2003-11-04,10112802.27953462
2003-11-05,10083598.343446143
2003-11-06,10084307.07651953
2003-11-07,9990998.672827683
2003-11-10,9945472.740591524
2003-11-11,9957744.163592197
2003-11-12,10102655.605690317
2003-11-13,10193480.176026812
2003-11-14,10161835.707494121
2003-11-17,10122306.258171743
2003-11-18,10058827.009832544
2003-11-19,10073843.403739393
2003-11-20,10046324.320477987
2003-11-21,10081923.960217942
2003-11-24,10157898.897862524
2003-11-25,10220280.754055653
2003-11-26,10230965.50377856
2003-11-28,10171205.501320362
2003-12-01,10218269.478389503
2003-12-02,10220913.53953966
2003-12-03,10177232.178671101
2003-12-04,10240377.989143778
2003-12-05,10291713.337542737
2003-12-08,10321634.075494442
2003-12-09,10191295.130581899
2003-12-10,10214890.019147955
2003-12-11,10390010.783963002
2003-12-12,10409305.397550162
2003-12-15,10352200.23313343
2003-12-16,10526675.530898005
2003-12-17,10585360.060918538
2003-12-18,10736757.397953767
2003-12-19,10708049.840374509
2003-12-22,10751743.411958184
2003-12-23,10686443.13108214
2003-12-24,10740993.828509057
2003-12-26,10781076.120307468
2003-12-29,10854119.691055523
2003-12-30,10843782.12254676
2003-12-31,10871581.33875662
2004-01-02,10779255.372975236
2004-01-05,10884951.370078357
2004-01-06,10976285.23032789
2004-01-07,11036068.411501974
2004-01-08,11078255.731580393
2004-01-09,11110397.110309096
2004-01-12,11191342.415473709
2004-01-13,11184784.917235192
2004-01-14,11298884.121648185
2004-01-15,11332196.502905661
2004-01-16,11329905.093273038
2004-01-20,11306791.30564853
2004-01-21,11427364.146531789
2004-01-22,11445886.501132986
2004-01-23,11322477.047077257
2004-01-26,11416003.871114451
2004-01-27,11343172.054803194
2004-01-28,11129531.92605802
2004-01-29,11126272.074956616
2004-01-30,11176594.476728857
2004-02-02,11213139.984417548
2004-02-03,11236675.758916844
2004-02-04,11125544.2538778
2004-02-05,11115636.698719729
2004-02-06,11308746.109268352
2004-02-09,11336837.570907794
2004-02-10,11341564.115911484
2004-02-11,11519998.909685722
2004-02-12,11470693.312054846
2004-02-13,11447787.67067197
2004-02-17,11549875.700039877
2004-02-18,11495853.402612884
2004-02-19,11460398.887676407
2004-02-20,11386280.022747668
2004-02-23,11394169.373972708
2004-02-24,11391051.615849856
2004-02-25,11450926.44577786
2004-02-26,11439833.130709725
2004-02-27,11491890.948273364
2004-03-01,11615886.340623872
2004-03-02,11481769.359553505
2004-03-03,11491042.656928975
2004-03-04,11555820.719313234
2004-03-05,11735395.982868688
2004-03-08,11659481.426267149
2004-03-09,11656950.894050336
2004-03-10,11464679.409096444
2004-03-11,11320586.723539686
2004-03-12,11428551.726720933
2004-03-15,11297696.324309584
2004-03-16,11410276.335431796
2004-03-17,11529099.97545597
2004-03-18,11495632.703477
2004-03-19,11314082.944786532
2004-03-22,11211818.163918074
2004-03-23,11208191.40022417
2004-03-24,11208857.792089183
2004-03-25,11340610.766537707
2004-03-26,11271198.298300168
2004-03-29,11381595.20076172
2004-03-30,11423389.423061127
2004-03-31,11477432.076498287
2004-04-01,11518159.429296508
2004-04-02,11395051.011171171
2004-04-05,11401948.677079657
2004-04-06,11404986.02492153
2004-04-07,11378709.183393495
2004-04-08,11330529.297366055
2004-04-12,11337691.151953664
2004-04-13,11087721.46692573
2004-04-14,11096529.347897423
2004-04-15,11037245.035574226
2004-04-16,11163577.21756602
2004-04-19,11133752.81764881
2004-04-20,10863216.72281789
2004-04-21,10959246.5353925
2004-04-22,11158753.57729834
2004-04-23,11122430.676221557
2004-04-26,11104379.213326946
2004-04-27,11157386.7698263
2004-04-28,10937077.795580499
2004-04-29,10812759.351055872
2004-04-30,10751509.153313769
2004-05-03,10864310.979616428
2004-05-04,10823400.058638351
2004-05-05,10869075.640525995
2004-05-06,10761701.62587608
2004-05-07,10443899.187366903
2004-05-10,10332676.96725421
2004-05-11,10439668.525481608
2004-05-12,10490054.562353035
2004-05-13,10413593.785436636
2004-05-14,10470115.58394702
2004-05-17,10447414.485690553
2004-05-18,10478689.35008405
2004-05-19,10393732.934628513
2004-05-20,10478347.010946436
2004-05-21,10472839.653178042
2004-05-24,10523294.96319178
2004-05-25,10674048.254459402
2004-05-26,10762822.831369078
2004-05-27,10879075.879962506
2004-05-28,10846959.578394393
2004-06-01,10777535.869281717
2004-06-02,10811759.604572617
2004-06-03,10712743.871066565
2004-06-04,10797086.499923902
2004-06-07,10960272.085273653
2004-06-08,10975270.279842047
2004-06-09,10873402.132856956
2004-06-10,10926386.534819594
2004-06-14,10818826.306205276
2004-06-15,10894611.311810402
2004-06-16,10892501.424477475
2004-06-17,10876142.398171514
2004-06-18,10896336.955443323
2004-06-21,10855277.500997566
2004-06-22,10909219.346060922
2004-06-23,11002110.616360012
2004-06-24,10967697.429775495
2004-06-25,10915232.436713357
2004-06-28,10877979.038489552
2004-06-29,10922419.883231618
2004-06-30,10980161.285622442
2004-07-01,10828897.42721476
2004-07-02,10909620.711816737
2004-07-06,10793934.846186051
2004-07-07,10829509.27813827
2004-07-08,10755745.962620208
2004-07-09,10800451.336188536
2004-07-12,10817126.274274666
2004-07-13,10800585.898615915
2004-07-14,10762131.477155352
2004-07-15,10687583.888464194
2004-07-16,10782851.377626808
2004-07-19,10734687.08506562
2004-07-20,10796616.645141374
2004-07-21,10576752.539909728
2004-07-22,10617202.367973944
2004-07-23,10554602.023478048
2004-07-26,10496385.645911615
2004-07-27,10516020.07292306
2004-07-28,10562576.399829987
2004-07-29,10616307.78284711
2004-07-30,10712630.370614856
2004-08-02,10743815.624030238
2004-08-03,10686534.664942518
2004-08-04,10678184.660306359
2004-08-05,10538065.059547072
2004-08-06,10535939.854880316
2004-08-09,10514707.40276076
2004-08-10,10605903.747393511
2004-08-11,10619644.253140472
2004-08-12,10516152.00845771
2004-08-13,10554532.91023783
2004-08-16,10651658.899999412
2004-08-17,10760538.380248262
2004-08-18,10835204.130771574
2004-08-19,10828739.29398863
2004-08-20,10882491.851809941
2004-08-23,10817832.946093684
2004-08-24,10841541.236451471
2004-08-25,10915592.978919953
2004-08-26,10959883.593125794
2004-08-27,10980458.475846509
2004-08-30,10927194.404035414
2004-08-31,11030407.403027644
2004-09-01,11048212.606729515
2004-09-02,11112794.573658029
2004-09-03,11036884.323522503
2004-09-07,11115084.165500341
2004-09-08,11149471.905984545
2004-09-09,11119367.815458061
2004-09-10,11197128.412335847
2004-09-13,11259221.722542157
2004-09-14,11283149.314793054
2004-09-15,11185443.60944381
2004-09-16,11279751.801162103
2004-09-17,11286786.874847926
2004-09-20,11283000.916654095
2004-09-21,11337902.386163153
2004-09-22,11243344.260495353
2004-09-23,11144322.001125554
2004-09-24,11192092.529736675
2004-09-27,11152140.232606608
2004-09-28,11191541.000371195
2004-09-29,11175582.783087416
2004-09-30,11154752.087402768
2004-10-01,11294610.867039932
2004-10-04,11316104.362702593
2004-10-05,11320829.889782159
2004-10-06,11359424.457651574
2004-10-07,11217114.91008607
2004-10-08,11219477.26853915
2004-10-11,11282043.542251278
2004-10-12,11237520.18651734
2004-10-13,11179537.402383389
2004-10-14,11128878.159316216
2004-10-15,11151132.15974935
2004-10-18,11208248.794344662
2004-10-19,11110534.04524126
2004-10-20,11138483.571868468
2004-10-21,11192668.366761727
2004-10-22,11099418.108227167
2004-10-25,11098289.551317243
2004-10-26,11243186.310158368
2004-10-27,11305400.467783272
2004-10-28,11354624.05274989
2004-10-29,11383998.691991577
2004-11-01,11357921.132626124
2004-11-02,11388122.55893095
2004-11-03,11523769.58427993
2004-11-04,11670576.440253925
2004-11-05,11654230.565376591
2004-11-08,11619630.480301855
2004-11-09,11598339.76270502
2004-11-10,11582452.080041112
2004-11-11,11665954.21800108
2004-11-12,11800314.876593955
2004-11-15,11833136.851708988
2004-11-16,11735659.181304311
2004-11-17,11864951.673463078
2004-11-18,11888835.137519162
2004-11-19,11693569.650814183
2004-11-22,11755512.078668952
2004-11-23,11760852.736632062
2004-11-24,11801142.842657061
2004-11-26,11748255.231440173
2004-11-29,11623121.973649051
2004-11-30,11618343.586912652
2004-12-01,11744926.130293526
2004-12-02,11726601.766371688
2004-12-03,11835686.95170586
2004-12-06,11852459.972705526
2004-12-07,11740264.158047203
2004-12-08,11893844.948031878
2004-12-09,11906428.227126976
2004-12-10,11934641.475466965
2004-12-13,12043819.661328537
2004-12-14,12104247.04864058
2004-12-15,12155131.707643934
2004-12-16,12054253.945517307
2004-12-17,11957795.507049674
2004-12-20,11973477.880793741
2004-12-21,12079655.951903474
2004-12-22,12093977.75454514
2004-12-23,12085761.99196181
2004-12-27,12008351.151583262
2004-12-28,12070395.644290503
2004-12-29,12062222.739936762
2004-12-30,12084103.235792592
2004-12-31,12071472.736277284
2005-01-03,12038093.26867331
2005-01-04,11816115.40914741
2005-01-05,11753144.651732285
2005-01-06,11821866.093705505
2005-01-07,11793884.453894341
2005-01-10,11846128.116947602
2005-01-11,11787470.293154778
2005-01-12,11842393.6289783
2005-01-13,11794336.434734924
2005-01-14,11847021.180333765
2005-01-18,11962514.425910024
2005-01-19,11844751.172701344
2005-01-20,11792951.843856186
2005-01-21,11743825.757865092
2005-01-24,11718284.361852067
2005-01-25,11705553.269171068
2005-01-26,11741254.100583635
2005-01-27,11741517.598723806
2005-01-28,11800609.054217985
2005-01-31,11875020.760481078
2005-02-01,11939254.59728223
2005-02-02,11974499.763804577
2005-02-03,11923213.281260768
2005-02-04,12107271.12010503
2005-02-07,12113615.492265418
2005-02-08,12137022.574856305
2005-02-09,12105615.643192202
2005-02-10,12071251.88907582
2005-02-11,12155634.283639355
2005-02-14,12160602.807316918
2005-02-15,12185007.338183297
2005-02-16,12147567.990001358
2005-02-17,12022447.199569173
2005-02-18,11975313.488928158
2005-02-22,11798732.327954076
2005-02-23,11888045.925890982
2005-02-24,11944684.885858662
2005-02-25,12076956.059315387
2005-02-28,11919813.775353573
2005-03-01,11977317.431084078
2005-03-02,11968286.4374637
2005-03-03,11964421.882426165
2005-03-04,12165205.827750627
2005-03-07,12172203.886369966
2005-03-08,12069051.112893853
2005-03-09,11842825.08166963
2005-03-10,11889202.660512432
2005-03-11,11753700.454969054
2005-03-14,11854624.288366104
2005-03-15,11731388.197959026
2005-03-16,11656500.947692256
2005-03-17,11724291.359386664
2005-03-18,11657684.924381856
2005-03-21,11598244.758558143
2005-03-22,11393482.720525827
2005-03-23,11428277.470641647
2005-03-24,11450128.602655381
2005-03-28,11427393.520977078
2005-03-29,11396609.724355338
2005-03-30,11583936.59744125
2005-03-31,11617580.711992089
2005-04-01,11587078.666302642
2005-04-04,11599564.060450308
2005-04-05,11654410.864216229
2005-04-06,11727637.355570082
2005-04-07,11745014.924238425
2005-04-08,11633633.107271148
2005-04-11,11675356.704937173
2005-04-12,11794245.161464842
2005-04-13,11660112.96404981
2005-04-14,11537709.580822717
2005-04-15,11451159.119041348
2005-04-18,11459768.7269661
2005-04-19,11613623.50513739
2005-04-20,11446699.624027751
2005-04-21,11581246.12152194
2005-04-22,11584838.331770875
2005-04-25,11657984.618133256
2005-04-26,11539596.994145049
2005-04-27,11617165.952906677
2005-04-28,11542210.094250336
2005-04-29,11652114.892052686
2005-05-02,11726044.585603008
2005-05-03,11758739.121070039
2005-05-04,11842712.902273336
2005-05-05,11874285.737303566
2005-05-06,11752333.238766328
2005-05-09,11821090.075186169
2005-05-10,11740868.12875342
2005-05-11,11817375.611475894
2005-05-12,11699596.852768386
2005-05-13,11705494.507018266
2005-05-16,11811514.863615131
2005-05-17,11901678.217975942
2005-05-18,12057381.431386271
2005-05-19,12069613.721011639
2005-05-20,12049773.06247689
2005-05-23,12166295.492069477
2005-05-24,12168079.145643108
2005-05-25,12111154.265508004
2005-05-26,12181305.075722853
2005-05-27,12212417.829787334
2005-05-31,12195676.717371121
2005-06-01,12372007.743929895
2005-06-02,12392417.920618784
2005-06-03,12259512.547322655
2005-06-06,12278601.470244724
2005-06-07,12320659.094744736
2005-06-08,12274310.244124489
2005-06-09,12323355.645435523
2005-06-10,12216503.715994619
2005-06-13,12220853.185879441
2005-06-14,12233252.501724368
2005-06-15,12250466.377533043
2005-06-16,12318313.22931344
2005-06-17,12347975.004370168
2005-06-20,12331808.346728135
2005-06-21,12375223.294800064
2005-06-22,12474966.22533654
2005-06-23,12286356.236575363
2005-06-24,12225261.501345484
2005-06-27,12250561.05062271
2005-06-28,12297252.478280267
2005-06-29,12258490.546179038
2005-06-30,12233775.697844421
2005-07-01,12160137.057753973
2005-07-05,12205989.963092191
2005-07-06,12127088.614922266
2005-07-07,12201155.372222755
2005-07-08,12294528.22874962
2005-07-11,12349800.079712192
2005-07-12,12349060.818301685
2005-07-13,12352903.767025575
2005-07-14,12383887.084441965
2005-07-15,12377633.954019036
2005-07-18,12305818.540369904
2005-07-19,12389010.081363544
2005-07-20,12452539.703372864
2005-07-21,12287383.416806376
2005-07-22,12426398.022769539
2005-07-25,12367206.833289204
2005-07-26,12388961.854470123
2005-07-27,12415274.214458793
2005-07-28,12545728.693227235
2005-07-29,12386359.537632408
2005-08-01,12350553.883481959
2005-08-02,12411857.278733468
2005-08-03,12473845.985397361
2005-08-04,12361481.45787956
2005-08-05,12208566.557313204
2005-08-08,12150710.821694173
2005-08-09,12259014.737181898
2005-08-10,12244874.342006292
2005-08-11,12345321.063472467
2005-08-12,12315541.943368308
2005-08-15,12374607.327512078
2005-08-16,12267007.781099582
2005-08-17,12216321.626263546
2005-08-18,12278370.242039708
2005-08-19,12297457.416762033
2005-08-22,12305367.286311971
2005-08-23,12302852.364836188
2005-08-24,12195811.17999025
2005-08-25,12245476.678963643
2005-08-26,12136521.65493294
2005-08-29,12237370.410111625
2005-08-30,12227653.169963999
2005-08-31,12460630.68995769
2005-09-01,12461261.362413125
2005-09-02,12439665.19559876
2005-09-06,12544623.274950214
2005-09-07,12524110.457105285
2005-09-08,12480374.170260932
2005-09-09,12599896.720463878
2005-09-12,12532397.572197018
2005-09-13,12498619.152862603
2005-09-14,12424313.950670553
2005-09-15,12377648.866091695
2005-09-16,12415332.236945767
2005-09-19,12396862.435847213
2005-09-20,12278602.723112127
2005-09-21,12216957.039534308
2005-09-22,12267090.842358867
2005-09-23,12207788.365148775
2005-09-26,12188054.65838627
2005-09-27,12190117.782982832
2005-09-28,12224842.172816947
2005-09-29,12295694.222575396
2005-09-30,12297272.3358786
2005-10-03,12203135.148096139
2005-10-04,12066699.888303844
2005-10-05,11932541.319312999
2005-10-06,11870942.916790076
2005-10-07,11926039.53614476
2005-10-10,11824177.64447239
2005-10-11,11782044.966644056
2005-10-12,11639912.146911003
2005-10-13,11611953.554363206
2005-10-14,11735428.887993673
2005-10-17,11763975.586522145
2005-10-18,11647521.794607267
2005-10-19,11858137.215817159
2005-10-20,11648691.51450041
2005-10-21,11744417.36188709
2005-10-24,11878454.649361812
2005-10-25,11797864.78333374
2005-10-26,11715390.02712229
2005-10-27,11615257.714664321
2005-10-28,11767056.726575298
2005-10-31,11805594.662329108
2005-11-01,11831343.761125011
2005-11-02,11948875.822258724
2005-11-03,11999600.830380656
2005-11-04,11983688.462855604
2005-11-07,11995209.837641327
2005-11-08,11994974.680046642
2005-11-09,12010417.812360492
2005-11-10,12103285.574534316
2005-11-11,12144213.709215328
2005-11-14,12137111.085596643
2005-11-15,12092773.814756095
2005-11-16,12117034.190876745
2005-11-17,12229501.071697285
2005-11-18,12277276.643861955
2005-11-21,12338777.830623118
2005-11-22,12391457.227537796
2005-11-23,12462756.190220177
2005-11-25,12471063.06524292
2005-11-28,12382614.028973006
2005-11-29,12368651.48323096
2005-11-30,12301769.554464702
2005-12-01,12426968.09440189
2005-12-02,12442402.870840024
2005-12-05,12415696.482388133
2005-12-06,12438973.309401317
2005-12-07,12366209.495242039
2005-12-08,12358127.291603027
2005-12-09,12390220.094174042
2005-12-12,12401737.66353851
2005-12-13,12485769.425314732
2005-12-14,12534528.5101102
2005-12-15,12498023.036124779
2005-12-16,12457580.88642201
2005-12-19,12393642.079070987
2005-12-20,12405171.700789835
2005-12-21,12424533.219884649
2005-12-22,12488977.1341033
2005-12-23,12495603.878960824
2005-12-27,12368950.567841657
2005-12-28,12396155.567567542
2005-12-29,12341043.983213462
2005-12-30,12274170.782917641
2006-01-03,12488562.692507336
2006-01-04,12561000.535083134
2006-01-05,12569344.27958878
2006-01-06,12654374.759882398
2006-01-09,12690171.511767566
2006-01-10,12649683.230702158
2006-01-11,12655805.261725752
2006-01-12,12648465.226962218
2006-01-13,12689571.880852772
2006-01-17,12667584.98854469
2006-01-18,12619498.382781409
2006-01-19,12633828.575002143
2006-01-20,12422816.593752572
2006-01-23,12461390.568991128
2006-01-24,12450734.857313652
2006-01-25,12381349.850021107
2006-01-26,12420181.340157513
2006-01-27,12542265.517059617
2006-01-30,12502599.893672774
2006-01-31,12426019.595678663
2006-02-01,12471715.54858831
2006-02-02,12323035.129883157
2006-02-03,12296781.638243902
2006-02-06,12308240.959663728
2006-02-07,12180587.49134621
2006-02-08,12282159.302027939
2006-02-09,12270719.43188667
2006-02-10,12255552.457483329
2006-02-13,12230407.10734257
2006-02-14,12341460.8937664
2006-02-15,12405063.29346503
2006-02-16,12490643.187819093
2006-02-17,12494925.996737741
2006-02-21,12446327.927763196
2006-02-22,12565601.124981945
2006-02-23,12511401.938535465
2006-02-24,12525906.584853446
2006-02-27,12503838.324417498
2006-02-28,12430701.88475727
2006-03-01,12515019.773824153
2006-03-02,12507502.262904441
2006-03-03,12448420.88371159
2006-03-06,12390319.566608269
2006-03-07,12370443.494829237
2006-03-08,12396621.978752386
2006-03-09,12312061.3809973
2006-03-10,12430368.521450922
2006-03-13,12453607.735997146
2006-03-14,12585628.326531356
2006-03-15,12642182.062789561
2006-03-16,12668357.90455672
2006-03-17,12678800.216551764
2006-03-20,12657937.977978125
2006-03-21,12577305.928909665
2006-03-22,12654453.143894097
2006-03-23,12627719.524340982
2006-03-24,12637241.49077089
2006-03-27,12618351.676964516
2006-03-28,12539674.716772303
2006-03-29,12618781.36056895
2006-03-30,12595967.94187802
2006-03-31,12598629.569439292
2006-04-03,12588549.778724132
2006-04-04,12669621.322490659
2006-04-05,12713441.625209553
2006-04-06,12699450.663395021
2006-04-07,12568836.13064637
2006-04-10,12588159.459072206
2006-04-11,12480083.69249779
2006-04-12,12503331.457596216
2006-04-13,12486394.355906818
2006-04-17,12481222.47193652
2006-04-18,12680873.528338993
2006-04-19,12705090.861635823
2006-04-20,12722459.885683354
2006-04-21,12724138.37760846
2006-04-24,12700340.901882207
2006-04-25,12647140.747847741
2006-04-26,12649808.387272429
2006-04-27,12711272.086903207
2006-04-28,12754110.854175773
2006-05-01,12648973.92488336
2006-05-02,12744733.706453081
2006-05-03,12696435.387672886
2006-05-04,12742220.779537557
2006-05-05,12855619.598244017
2006-05-08,12839657.463235231
2006-05-09,12864858.139594225
2006-05-10,12857709.708887808
2006-05-11,12700626.230838398
2006-05-12,12532771.882105047
2006-05-15,12557970.92888664
2006-05-16,12539076.531246265
2006-05-17,12297726.03471542
2006-05-18,12234729.579139022
2006-05-19,12321682.7868307
2006-05-22,12226349.10868301
2006-05-23,12131998.709214382
2006-05-24,12229733.026682442
2006-05-25,12381106.334172072
2006-05-26,12444533.42126131
2006-05-30,12220817.627088094
2006-05-31,12358728.42689091
2006-06-01,12478011.787936296
2006-06-02,12504199.230928883
2006-06-05,12319682.649871398
2006-06-06,12289031.059029415
2006-06-07,12195664.366940299
2006-06-08,12184610.59242287
2006-06-09,12145139.828818671
2006-06-12,12011588.946421837
2006-06-13,11870205.05967847
2006-06-14,11963036.69123184
2006-06-15,12219535.663470939
2006-06-16,12129194.71582574
2006-06-19,12032896.351992832
2006-06-20,12073799.36921133
2006-06-21,12163704.612450952
2006-06-22,12109540.142889496
2006-06-23,12107320.859849067
2006-06-26,12160964.167740947
2006-06-27,12054864.51241273
2006-06-28,12136929.390588125
2006-06-29,12383627.83953505
2006-06-30,12384342.95490374
2006-07-03,12435040.11021875
2006-07-05,12363234.760473816
2006-07-06,12399230.415831111
2006-07-07,12317627.825974945
2006-07-10,12340884.979359262
2006-07-11,12395498.070467528
2006-07-12,12261951.983145732
2006-07-13,12060794.584874177
2006-07-14,12013493.867625427
2006-07-17,11995592.661011035
2006-07-18,12057083.705950173
2006-07-19,12225376.424521293
2006-07-20,12140838.525938466
2006-07-21,12054334.90961089
2006-07-24,12275554.578342114
2006-07-25,12319397.480214836
2006-07-26,12335790.762743095
2006-07-27,12323766.401869576
2006-07-28,12447958.132323286
2006-07-31,12434953.16027339
2006-08-01,12372946.343895799
2006-08-02,12458826.969334498
2006-08-03,12492308.050999777
2006-08-04,12528977.435526878
2006-08-07,12480001.389383966
2006-08-08,12430618.814672843
2006-08-09,12379510.928023363
2006-08-10,12417899.246496966
2006-08-11,12340210.051515816
2006-08-14,12325694.309163691
2006-08-15,12531541.305246847
2006-08-16,12685257.554790722
2006-08-17,12711697.674277224
2006-08-18,12806735.888247173
2006-08-21,12764286.561079945
2006-08-22,12764997.476653526
2006-08-23,12714290.318041673
2006-08-24,12713018.376348428
2006-08-25,12742892.977648292
2006-08-28,12796506.565018727
2006-08-29,12819114.452214237
2006-08-30,12839473.277357252
2006-08-31,12851555.778696017
2006-09-01,12943935.245770767
2006-09-05,12923950.64244965
2006-09-06,12798076.773503609
2006-09-07,12745702.313870875
2006-09-08,12791489.505003016
2006-09-11,12778142.23325995
2006-09-12,12936427.571066163
2006-09-13,12997886.95138256
2006-09-14,12971267.316596208
2006-09-15,12991061.902524915
2006-09-18,12987218.214118512
2006-09-19,13028123.618685924
2006-09-20,13096957.229006
2006-09-21,13124687.297981791
2006-09-22,13121802.47493242
2006-09-25,13261596.043722894
2006-09-26,13333957.119430512
2006-09-27,13343655.12429825
2006-09-28,13323400.544750655
2006-09-29,13295668.51400038
2006-10-02,13266727.689790769
2006-10-03,13289733.012399513
2006-10-04,13499258.915437134
2006-10-05,13474686.162675468
2006-10-06,13381939.941053014
2006-10-09,13403142.004409382
2006-10-10,13335833.647342876
2006-10-11,13300551.647080092
2006-10-12,13420370.754470086
2006-10-13,13428384.551794536
2006-10-16,13469055.298246706
2006-10-17,13438687.283454658
2006-10-18,13449886.188168867
2006-10-19,13456736.957616046
2006-10-20,13453214.918409612
2006-10-23,13473712.602123203
2006-10-24,13529025.63633993
2006-10-25,13621763.025307657
2006-10-26,13706999.772916127
2006-10-27,13662944.526519042
2006-10-30,13656561.961105045
2006-10-31,13711881.968751187
2006-11-01,13664497.019646382
2006-11-02,13616388.636896614
2006-11-03,13487506.796541017
2006-11-06,13648479.660149707
2006-11-07,13743294.582532516
2006-11-08,13798999.892381256
2006-11-09,13722751.15609126
2006-11-10,13754799.95409757
2006-11-13,13778548.825387264
2006-11-14,13904988.684985114
2006-11-15,13902207.873313714
2006-11-16,13898938.579532081
2006-11-17,13950392.977903463
2006-11-20,13963449.62712192
2006-11-21,13994147.064370506
2006-11-22,14040204.468197998
2006-11-24,13996238.305301735
2006-11-27,13814520.249591555
2006-11-28,13895270.086988684
2006-11-29,14017527.790609159
2006-11-30,14093795.396440515
2006-12-01,14092567.477366421
2006-12-04,14192652.07305453
2006-12-05,14231085.302774908
2006-12-06,14194627.477049565
2006-12-07,14125734.060068574
2006-12-08,14084705.971266272
2006-12-11,14165490.242552338
2006-12-12,14176699.992826398
2006-12-13,14116583.878671315
2006-12-14,14214063.537911713
2006-12-15,14215582.48460861
2006-12-18,14180981.551034342
2006-12-19,14200927.31452533
2006-12-20,14186585.025298426
2006-12-21,14183098.003203705
2006-12-22,14030974.142729202
2006-12-26,14119313.332057502
2006-12-27,14169874.27717295
2006-12-28,14104982.019837191
2006-12-29,14037117.885074226
2007-01-03,14050463.498457469
2007-01-04,14127728.725832885
2007-01-05,13968129.021495797
2007-01-08,14038813.399600353
2007-01-09,14020445.157497095
2007-01-10,14039488.790890615
2007-01-11,14059481.198028179
2007-01-12,14132936.703338848
2007-01-16,14129754.299587315
2007-01-17,14104921.815457102
2007-01-18,14073554.470169038
2007-01-19,14075407.639542527
2007-01-22,14054810.286576185
2007-01-23,14051499.192955695
2007-01-24,14162625.628349619
2007-01-25,13938506.854077527
2007-01-26,13920704.3541472
2007-01-29,13899123.461752325
2007-01-30,13982260.93107713
2007-01-31,14125152.828278383
2007-02-01,14195902.028704349
2007-02-02,14224352.604783084
2007-02-05,14240553.458565868
2007-02-06,14280955.749343283
2007-02-07,14340019.613409549
2007-02-08,14321547.092967339
2007-02-09,14169541.884344509
2007-02-12,14099255.382657502
2007-02-13,14204150.681568038
2007-02-14,14375286.079751138
2007-02-15,14412887.146941183
2007-02-16,14418122.225024456
2007-02-20,14462267.549241038
2007-02-21,14451400.282629821
2007-02-22,14401557.176839128
2007-02-23,14396831.864583753
2007-02-26,14425825.63963758
2007-02-27,13987558.203601696
2007-02-28,14075178.795619724
2007-03-01,14043607.966707729
2007-03-02,13906304.125770079
2007-03-05,13782233.661781907
2007-03-06,13991068.030237013
2007-03-07,13998937.501823805
2007-03-08,14109830.407594647
2007-03-09,14033314.237247253
2007-03-12,14088922.96232202
2007-03-13,13878444.877985079
2007-03-14,13958222.588760175
2007-03-15,13958938.744520895
2007-03-16,13915911.612561867
2007-03-19,14058308.458676163
2007-03-20,14150513.842939625
2007-03-21,14394559.278607734
2007-03-22,14332224.497686557
2007-03-23,14327110.119477244
2007-03-26,14317329.759781877
2007-03-27,14277304.771416338
2007-03-28,14170386.492986599
2007-03-29,14161079.04708386
2007-03-30,14143430.66981499
2007-04-02,14171884.660058552
2007-04-03,14306365.052865759
2007-04-04,14341464.522539213
2007-04-05,14339856.907841109
2007-04-09,14289773.214804506
2007-04-10,14333089.157455716
2007-04-11,14254411.563621286
2007-04-12,14327928.844527371
2007-04-13,14364714.664869545
2007-04-16,14512522.39387675
2007-04-17,14609017.421389319
2007-04-18,14656576.655847138
2007-04-19,14647688.076756429
2007-04-20,14764961.219004208
2007-04-23,14736483.035139605
2007-04-24,14766939.575792355
2007-04-25,14888328.938919397
2007-04-26,14858328.663954394
2007-04-27,14843232.003768144
2007-04-30,14783354.109836284
2007-05-01,14818028.10785779
2007-05-02,14882003.291924957
2007-05-03,14941874.969795741
2007-05-04,15032345.760210665
2007-05-07,15044570.51403882
2007-05-08,15021673.650479775
2007-05-09,15010106.00212928
2007-05-10,14889868.393114803
2007-05-11,14981446.716268066
2007-05-14,14924164.028451845
2007-05-15,14923002.3539245
2007-05-16,15011631.402775187
2007-05-17,14939125.940305788
2007-05-18,15021482.04956696
2007-05-21,15030431.952137262
2007-05-22,14973305.820521241
2007-05-23,14942534.397474375
2007-05-24,14824155.831030378
2007-05-25,14863302.907035327
2007-05-29,14883222.688874356
2007-05-30,15015917.670158342
2007-05-31,14991579.732634403
2007-06-01,14998967.897024794
2007-06-04,15021410.16800512
2007-06-05,14910860.431251055
2007-06-06,14753172.498307725
2007-06-07,14332813.203977197
2007-06-08,14546253.759849718
2007-06-11,14531023.778476944
2007-06-12,14263846.056965977
2007-06-13,14527443.099775823
2007-06-14,14622932.30347349
2007-06-15,14768338.007486736
2007-06-18,14740360.07564187
2007-06-19,14844435.091935221
2007-06-20,14584264.303572208
2007-06-21,14644783.865429472
2007-06-22,14545923.111270059
2007-06-25,14520134.101023491
2007-06-26,14369565.91378039
2007-06-27,14571132.839067966
2007-06-28,14557101.948182052
2007-06-29,14633590.993537487
2007-07-02,14785381.292880772
2007-07-03,14791822.313290948
2007-07-05,14690093.848700147
2007-07-06,14729811.109047212
2007-07-09,14792186.009098586
2007-07-10,14677134.617261091
2007-07-11,14727378.595911404
2007-07-12,14916791.09340896
2007-07-13,14991765.712329302
2007-07-16,15045446.005684309
2007-07-17,15003064.411458492
2007-07-18,15025570.146714866
2007-07-19,15079140.426590627
2007-07-20,14995070.394828137
2007-07-23,15032296.477498667
2007-07-24,14807191.49043106
2007-07-25,14854082.699242795
2007-07-26,14616171.66121641
2007-07-27,14356209.756456465
2007-07-30,14538099.900744202
2007-07-31,14432699.16764481
2007-08-01,14458498.756501349
2007-08-02,14580600.507528715
2007-08-03,14299357.649341738
2007-08-06,14474091.71748749
2007-08-07,14621944.140226642
2007-08-08,14719274.598079618
2007-08-09,14363483.015380668
2007-08-10,14272401.908481605
2007-08-13,14343400.883432979
2007-08-14,14176121.633029168
2007-08-15,14006724.32252723
2007-08-16,14161905.433357758
2007-08-17,14425236.174510967
2007-08-20,14447216.629783286
2007-08-21,14535584.875990847
2007-08-22,14655059.843590694
2007-08-23,14644860.772666838
2007-08-24,14824582.277935334
2007-08-27,14726113.545819573
2007-08-28,14479189.939286288
2007-08-29,14697091.094196595
2007-08-30,14729797.1532454
2007-08-31,14871645.08380818
2007-09-04,14987439.662157133
2007-09-05,14949191.041953852
2007-09-06,14949127.290944127
2007-09-07,14894921.973580504
2007-09-10,14896418.048925277
2007-09-11,15034614.713682061
2007-09-12,15032749.06630583
2007-09-13,15046089.461595083
2007-09-14,15061918.520353053
2007-09-17,14987098.96579906
2007-09-18,15408474.903969465
2007-09-19,15442729.142034195
2007-09-20,15159684.087488443
2007-09-21,15275516.490676444
2007-09-24,15264436.989213401
2007-09-25,15233160.756379332
2007-09-26,15316632.2511162
2007-09-27,15453878.321085898
2007-09-28,15404985.162255894
2007-10-01,15594001.618649706
2007-10-02,15602492.568926493
2007-10-03,15557480.229300404
2007-10-04,15605947.641631464
2007-10-05,15649788.358206604
2007-10-08,15619573.028594669
2007-10-09,15715069.977045376
2007-10-10,15700851.254816413
2007-10-11,15623915.140007911
2007-10-12,15654832.092063228
2007-10-15,15533449.826148687
2007-10-16,15449603.26438879
2007-10-17,15590189.32999803
2007-10-18,15590494.439467333
2007-10-19,15315092.859077238
2007-10-22,15370757.738346672
2007-10-23,15487376.522668317
2007-10-24,15535055.384708636
2007-10-25,15555790.633054737
2007-10-26,15694396.466943068
2007-10-29,15755769.411238069
2007-10-30,15661214.633316346
2007-10-31,15714867.697254444
2007-11-01,15473563.495514955
2007-11-02,15530008.204456337
2007-11-05,15392956.078965137
2007-11-06,15566847.130775996
2007-11-07,15200713.248264039
2007-11-08,15156932.071601057
2007-11-09,15042639.795150021
2007-11-12,14921586.580411658
2007-11-13,15284916.084680995
2007-11-14,15251485.520344943
2007-11-15,15117715.395128453
2007-11-16,15140509.440338535
2007-11-19,15039990.56731816
2007-11-20,15090024.662656473
2007-11-21,14894663.918670265
2007-11-23,15104310.551895719
2007-11-26,14971667.928757722
2007-11-27,14996090.486746522
2007-11-28,15416752.491893163
2007-11-29,15504866.709760198
2007-11-30,15677789.117543314
2007-12-03,15634625.643473499
2007-12-04,15508513.880087025
2007-12-05,15703369.040497046
2007-12-06,15841139.807590008
2007-12-07,15734286.000775034
2007-12-10,15817517.239006024
2007-12-11,15595916.557387365
2007-12-12,15615058.535842922
2007-12-13,15464007.750196153
2007-12-14,15218058.814305369
2007-12-17,15086182.499579728
2007-12-18,15198310.139062677
2007-12-19,15316668.304517353
2007-12-20,15386353.221632319
2007-12-21,15496241.223483605
2007-12-24,15564825.11204016
2007-12-26,15523456.643644836
2007-12-27,15426737.325692127
2007-12-28,15507365.37384
2007-12-31,15460597.529575132
2008-01-02,15431515.794967826
2008-01-03,15455100.110919427
2008-01-04,15495233.239592392
2008-01-07,15522932.940585185
2008-01-08,15555814.766070765
2008-01-09,15531136.263842968
2008-01-10,15489064.868559327
2008-01-11,15586986.772030666
2008-01-14,15593630.87497395
2008-01-15,15693903.704429012
2008-01-16,15664493.585454145
2008-01-17,15788058.17943982
2008-01-18,15764493.420898989
2008-01-22,15940897.34129929
2008-01-23,15867696.009931501
2008-01-24,15724472.627114816
2008-01-25,15871343.876423268
2008-01-28,15813253.268000295
2008-01-29,15749662.133518219
2008-01-30,15742251.67196895
2008-01-31,15823802.842012241
2008-02-01,15874918.75559767
2008-02-04,15786754.885612253
2008-02-05,15898085.88370462
2008-02-06,15869723.468784506
2008-02-07,15691962.525570422
2008-02-08,15825738.98484271
2008-02-11,15860715.899825945
2008-02-12,15826996.340617314
2008-02-13,15759560.120406376
2008-02-14,15672158.332511578
2008-02-15,15706011.704949886
2008-02-19,15591222.436411178
2008-02-20,15576357.438861633
2008-02-21,15736118.665513258
2008-02-22,15692593.30206914
2008-02-25,15589843.238688717
2008-02-26,15626713.35799749
2008-02-27,15663289.450834762
2008-02-28,15844920.87646372
2008-02-29,16009522.629766898
2008-03-03,15968261.15079313
2008-03-04,15907791.19254481
2008-03-05,15837863.490863943
2008-03-06,15967003.506283792
2008-03-07,16021760.529145347
2008-03-10,16136233.734590283
2008-03-11,15963210.112118006
2008-03-12,16147575.004828539
2008-03-13,16063446.743329396
2008-03-14,16228712.851494865
2008-03-17,16308129.346814133
2008-03-18,16196179.178746453
2008-03-19,16337454.025138717
2008-03-20,16372512.814923875
2008-03-24,16085088.49650652
2008-03-25,16142747.939457878
2008-03-26,16155016.907889875
2008-03-27,16133079.48740178
2008-03-28,16197774.967893848
2008-03-31,16226112.559188226
2008-04-01,16082507.595878126
2008-04-02,16027560.931824388
2008-04-03,16027207.473205315
2008-04-04,16149156.521879075
2008-04-07,16043708.770000657
2008-04-08,16045156.011883248
2008-04-09,16140478.768153453
2008-04-10,16077063.83690416
2008-04-11,16145580.235500693
2008-04-14,16104975.609216193
2008-04-15,16032517.37753644
2008-04-16,15923982.34035177
2008-04-17,15885943.235186474
2008-04-18,15869388.443399709
2008-04-21,15870853.808104537
2008-04-22,15883151.45420601
2008-04-23,15866592.093143217
2008-04-24,15739768.302470172
2008-04-25,15717923.853991775
2008-04-28,15746091.004416263
2008-04-29,15774148.935329616
2008-04-30,15823364.131546533
2008-05-01,15821302.271395985
2008-05-02,15694041.323796047
2008-05-05,15716965.86873384
2008-05-06,15666720.313641261
2008-05-07,15729178.813917747
2008-05-08,15830391.76352106
2008-05-09,15847720.201391103
2008-05-12,15821029.347345427
2008-05-13,15690254.392600713
2008-05-14,15684574.700685078
2008-05-15,15771995.27625576
2008-05-16,15745091.118757376
2008-05-19,15780332.204390839
2008-05-20,15827874.52926633
2008-05-21,15790571.706486778
2008-05-22,15687668.278069086
2008-05-23,15757160.756150758
2008-05-27,15678666.556726364
2008-05-28,15559724.049614035
2008-05-29,15484788.250564754
2008-05-30,15537569.831804447
2008-06-02,15631887.53801686
2008-06-03,15714960.077322805
2008-06-04,15657097.355523696
2008-06-05,15573500.486220634
2008-06-06,15711996.912049016
2008-06-09,15598240.806404043
2008-06-10,15503214.90691406
2008-06-11,15518707.774377275
2008-06-12,15383166.729572874
2008-06-13,15346722.686683942
2008-06-16,15348216.632510068
2008-06-17,15400429.496533543
2008-06-18,15484898.012635026
2008-06-19,15395184.267557962
2008-06-20,15467017.935412744
2008-06-23,15459545.044250613
2008-06-24,15541750.150243275
2008-06-25,15539677.380799294
2008-06-26,15626521.931386607
2008-06-27,15702088.598678853
2008-06-30,15712302.781957835
2008-07-01,15670285.640368817
2008-07-02,15706962.713634374
2008-07-03,15711950.011193782
2008-07-07,15783557.323377864
2008-07-08,15821608.798003597
2008-07-09,15896238.549747711
2008-07-10,15901266.432096418
2008-07-11,15753684.975027686
2008-07-14,15838074.710237145
2008-07-15,15894985.156190012
2008-07-16,15750612.45133557
2008-07-17,15674522.067109575
2008-07-18,15619574.588799732
2008-07-21,15655837.629470432
2008-07-22,15600770.829269608
2008-07-23,15574721.194672246
2008-07-24,15712407.271428404
2008-07-25,15619610.33489791
2008-07-28,15710884.939201688
2008-07-29,15665157.849629777
2008-07-30,15695833.057230212
2008-07-31,15822797.553269792
2008-08-01,15830412.104787862
2008-08-04,15819302.330033146
2008-08-05,15737848.801890926
2008-08-06,15742970.744403172
2008-08-07,15891762.527521126
2008-08-08,15884299.58262549
2008-08-11,15806917.904013421
2008-08-12,15916722.631444305
2008-08-13,15882479.476496696
2008-08-14,15930565.797941094
2008-08-15,15989082.632145409
2008-08-18,16027753.1150868
2008-08-19,16004522.518505452
2008-08-20,16050206.708187142
2008-08-21,16016484.14520853
2008-08-22,15970207.216098398
2008-08-25,16074688.484466542
2008-08-26,16078007.448114047
2008-08-27,16101024.4426702
2008-08-28,16077430.946097784
2008-08-29,16057367.734471159
2008-09-02,16144681.979289643
2008-09-03,16183734.678521026
2008-09-04,16263634.090335269
2008-09-05,16227988.418412894
2008-09-08,16229457.044907266
2008-09-09,16301843.473261297
2008-09-10,16261037.297657901
2008-09-11,16232447.764010368
2008-09-12,16152466.412811384
2008-09-15,16459736.495510962
2008-09-16,16412097.952711692
2008-09-17,16560369.38359274
2008-09-18,16366742.691483958
2008-09-19,16071159.212696493
2008-09-22,16036296.218263723
2008-09-23,16035974.91886587
2008-09-24,16077270.240947714
2008-09-25,16028340.18456465
2008-09-26,16017124.198585454
2008-09-29,16241500.56435717
2008-09-30,16030989.871628653
2008-10-01,16144242.759923263
2008-10-02,16233814.004525747
2008-10-03,16293967.806125322
2008-10-06,16422793.337449202
2008-10-07,16409522.453649862
2008-10-08,16199339.996550795
2008-10-09,16032292.882978559
2008-10-10,15844013.18254028
2008-10-13,15733906.902239317
2008-10-14,15658021.96931512
2008-10-15,15786031.585623106
2008-10-16,15789296.635509798
2008-10-17,15887301.479100766
2008-10-20,15902996.302990334
2008-10-21,16067126.839325035
2008-10-22,16189117.395953089
2008-10-23,16210160.377978964
2008-10-24,16142375.151021086
2008-10-27,16133090.645140806
2008-10-28,16003304.199186824
2008-10-29,16026652.96462641
2008-10-30,15902418.591675708
2008-10-31,15868901.141088372
2008-11-03,15894529.721122352
2008-11-04,16088124.102688776
2008-11-05,16172951.324007532
2008-11-06,16124172.41202606
2008-11-07,16066167.85805772
2008-11-10,16082195.70710294
2008-11-11,16141725.251154212
2008-11-12,16240737.83117731
2008-11-13,16124134.580064537
2008-11-14,16283121.28903278
2008-11-17,16350520.837633083
2008-11-18,16474180.912940668
2008-11-19,16650849.949677391
2008-11-20,16979206.21038945
2008-11-21,16822837.412593175
2008-11-24,16662631.363434663
2008-11-25,16953804.02121697
2008-11-26,17055649.824448567
2008-11-28,17088970.829866804
2008-12-01,17313761.330917154
2008-12-02,17403880.705559168
2008-12-03,17430600.26780344
2008-12-04,17538294.30371086
2008-12-05,17356503.845795758
2008-12-08,17291048.943868767
2008-12-09,17438493.775873397
2008-12-10,17421954.104203515
2008-12-11,17526223.168600712
2008-12-12,17574164.996666927
2008-12-15,17611193.769183688
2008-12-16,17883433.203847226
2008-12-17,18004235.08447684
2008-12-18,18123650.412947454
2008-12-19,18065063.782527134
2008-12-22,18018566.860951018
2008-12-23,18009311.155584272
2008-12-24,17991100.258838966
2008-12-26,18085531.358126365
2008-12-29,18124218.642488647
2008-12-30,18148731.2666652
2008-12-31,17953542.52455052
2009-01-02,17698896.367799092
2009-01-05,17667094.911930215
2009-01-06,17655594.478592563
2009-01-07,17658962.144582536
2009-01-08,17706929.64191571
2009-01-09,17789792.257593308
2009-01-12,17901475.40070661
2009-01-13,17913833.117125984
2009-01-14,18013326.172608346
2009-01-15,17998577.17992556
2009-01-16,17834669.692303605
2009-01-20,17806930.547893923
2009-01-21,17647148.607210435
2009-01-22,17527525.93318698
2009-01-23,17530527.904450048
2009-01-26,17486392.29415226
2009-01-27,17601557.43420091
2009-01-28,17488889.041809946
2009-01-29,17259271.36879588
2009-01-30,17251410.368675508
2009-02-02,17394991.24660928
2009-02-03,17242632.309552737
2009-02-04,17154190.995333344
2009-02-05,17194423.824001834
2009-02-06,17089127.336636934
2009-02-09,17053418.319121514
2009-02-10,17286477.688541763
2009-02-11,17419497.711897794
2009-02-12,17413752.63169548
2009-02-13,17278396.408254527
2009-02-17,17568586.03837115
2009-02-18,17443999.21230066
2009-02-19,17348438.662482813
2009-02-20,17397152.375770133
2009-02-23,17413057.91208411
2009-02-24,17345002.511633307
2009-02-25,17186450.180366214
2009-02-26,17141205.690824512
2009-02-27,17125827.008217126
2009-03-02,17297337.664880365
2009-03-03,17275316.674115438
2009-03-04,17188079.074004687
2009-03-05,17388743.805973742
2009-03-06,17307850.970772956
2009-03-09,17314702.295208976
2009-03-10,17189951.872593723
2009-03-11,17311922.111322816
2009-03-12,17360428.84076759
2009-03-13,17347483.726435073
2009-03-16,17249958.86068832
2009-03-17,17216919.858014308
2009-03-18,17804332.826708812
2009-03-19,17743011.030398455
2009-03-20,17742654.987039313
2009-03-23,17681257.768334273
2009-03-24,17654875.130864657
2009-03-25,17546528.24415662
2009-03-26,17593302.203718573
2009-03-27,17581687.336915966
2009-03-30,17658344.652921133
2009-03-31,17689693.347139902
2009-04-01,17733407.35539006
2009-04-02,17615925.77714151
2009-04-03,17408837.746209368
2009-04-06,17367630.498177614
2009-04-07,17411665.8922467
2009-04-08,17497921.189453326
2009-04-09,17395247.40334729
2009-04-13,17498342.61690893
2009-04-14,17587614.550586544
2009-04-15,17603592.699139893
2009-04-16,17534374.05855099
2009-04-17,17393609.708746713
2009-04-20,17515319.577406168
2009-04-21,17447353.805610247
2009-04-22,17404690.21958215
2009-04-23,17400649.8544858
2009-04-24,17331996.539661303
2009-04-27,17404173.930674214
2009-04-28,17318952.587766554
2009-04-29,17223578.316511225
2009-04-30,17193128.32539393
2009-05-01,17136006.938839123
2009-05-04,17151912.00462616
2009-05-05,17147903.34164051
2009-05-06,17154905.975064777
2009-05-07,17011548.70156461
2009-05-08,17031668.414530374
2009-05-11,17192868.63868338
2009-05-12,17181545.24621983
2009-05-13,17259897.115769625
2009-05-14,17261374.81812972
2009-05-15,17219296.78235317
2009-05-18,17118682.62321816
2009-05-19,17094420.12688522
2009-05-20,17147618.7591249
2009-05-21,16960072.603534088
2009-05-22,16858742.20506405
2009-05-26,16744440.842056641
2009-05-27,16552859.930477357
2009-05-28,16638844.853164729
2009-05-29,16825047.41887564
2009-06-01,16557453.913538147
2009-06-02,16612546.87834339
2009-06-03,16713204.042599605
2009-06-04,16522109.734393088
2009-06-05,16356924.280946998
2009-06-08,16271898.775236648
2009-06-09,16343694.43043411
2009-06-10,16243421.68756451
2009-06-11,16353873.500275567
2009-06-12,16439488.930396054
2009-06-15,16511703.969642384
2009-06-16,16601405.376800476
2009-06-17,16556398.8735041
2009-06-18,16353880.737720765
2009-06-19,16431217.914675025
2009-06-22,16521073.323982462
2009-06-23,16574766.31770073
2009-06-24,16511511.777209228
2009-06-25,16719932.787952973
2009-06-26,16741512.040278075
2009-06-29,16775772.626270683
2009-06-30,16731874.55950844
2009-07-01,16720956.117968874
2009-07-02,16712839.00720667
2009-07-06,16712964.897623645
2009-07-07,16713090.788988898
2009-07-08,16713210.061321866
2009-07-09,16713335.954533828
2009-07-10,16713455.228616413
2009-07-13,16713574.50355019
2009-07-14,16713693.77933517
2009-07-15,16713813.055971356
2009-07-16,16713938.95372541
2009-07-17,16714051.611136498
2009-07-20,16714177.510687482
2009-07-21,16714303.411186812
2009-07-22,16714429.312634496
2009-07-23,16714555.215030538
2009-07-24,16714674.497814327
2009-07-27,16714800.402057242
2009-07-28,16714926.307248536
2009-07-29,16715052.21338822
2009-07-30,16715171.499718819
2009-07-31,16715290.786900701
2009-08-03,16715416.695785848
2009-08-04,16692762.971286805
2009-08-05,16548199.936369672
2009-08-06,16460840.131529704
2009-08-07,16566619.861793388
2009-08-10,16639883.503815757
2009-08-11,16546611.691879801
2009-08-12,16677220.448408706
2009-08-13,16936045.549871877
2009-08-14,16857224.444239624
2009-08-17,16557682.799952084
2009-08-18,16628448.238725007
2009-08-19,16834830.16951301
2009-08-20,17049214.782097273
2009-08-21,17209571.783870876
2009-08-24,17313131.728124972
2009-08-25,17390720.206668835
2009-08-26,17410933.235065777
2009-08-27,17401001.636975598
2009-08-28,17436888.103948608
2009-08-31,17334219.619298473
2009-09-01,17002041.338028744
2009-09-02,17032398.950966347
2009-09-03,17108149.80556226
2009-09-04,17238759.72656916
2009-09-08,17344560.41925528
2009-09-09,17490572.368601818
2009-09-10,17796021.036686867
2009-09-11,17842711.058986515
2009-09-14,17821859.80413061
2009-09-15,17857102.098404095
2009-09-16,18108979.934034914
2009-09-17,18170171.254143313
2009-09-18,18085012.887124877
2009-09-21,18027473.976419624
2009-09-22,18177231.96129442
2009-09-23,18067567.878266253
2009-09-24,17920929.952065364
2009-09-25,17899043.487456936
2009-09-28,18240591.42725596
2009-09-29,18178808.47705748
2009-09-30,18123248.610165007
2009-10-01,17820248.893408056
2009-10-02,17728473.170974366
2009-10-05,17990502.527130883
2009-10-06,18190083.031773325
2009-10-07,18352927.270474147
2009-10-08,18425094.279301137
2009-10-09,18360437.26903869
2009-10-12,18486663.809658743
2009-10-13,18489978.050215323
2009-10-14,18683432.30535005
2009-10-15,18691198.616154414
2009-10-16,18633884.225943245
2009-10-19,18817028.08826868
2009-10-20,18758117.391557883
2009-10-21,18545767.29465983
2009-10-22,18680942.07776572
2009-10-23,18372971.53778637
2009-10-26,18063821.540111206
2009-10-27,18133284.622199435
2009-10-28,17839809.01136323
2009-10-29,18140596.663653694
2009-10-30,17739359.524252642
2009-11-02,17822997.884017784
2009-11-03,17837924.584293336
2009-11-04,17834361.287033007
2009-11-05,18171485.224063072
2009-11-06,18272969.496035267
2009-11-09,18702251.382140253
2009-11-10,18718961.6130229
2009-11-11,18868431.50453934
2009-11-12,18680011.440497514
2009-11-13,18795590.438270684
2009-11-16,19169773.964519832
2009-11-17,19232953.657500353
2009-11-18,19172030.37521075
2009-11-19,18943464.17966588
2009-11-20,18873120.880821876
2009-11-23,19085578.048707984
2009-11-24,19208258.040588584
2009-11-25,19339075.2146919
2009-11-27,19111615.81123641
2009-11-30,19205417.18725446
2009-12-01,19335293.710375
2009-12-02,19286690.72930185
2009-12-03,19046369.719892774
2009-12-04,19012656.44673189
2009-12-07,19035247.157059938
2009-12-08,18888934.758264337
2009-12-09,18921444.63166986
2009-12-10,18962854.408100653
2009-12-11,18948397.012742028
2009-12-14,19079086.082258794
2009-12-15,18926604.749632377
2009-12-16,18955215.438326128
2009-12-17,18893815.734800875
2009-12-18,18905896.619070422
2009-12-21,18901138.11368317
2009-12-22,18882980.54533837
2009-12-23,18911488.074747447
2009-12-24,18934711.53631712
2009-12-28,18924333.654213224
2009-12-29,18946419.2626099
2009-12-30,18973007.292511445
2009-12-31,18699386.481669206
2010-01-04,19063194.22271405
2010-01-05,19103952.16896759
2010-01-06,19117003.900800355
2010-01-07,19197267.83641307
2010-01-08,19260730.05141966
2010-01-11,19287227.999692645
2010-01-12,19107086.843645338
2010-01-13,19267980.09879283
2010-01-14,19319686.650812477
2010-01-15,19102580.1555805
2010-01-19,19340765.66941934
2010-01-20,19143818.187562022
2010-01-21,18775519.3009315
2010-01-22,18356830.849001367
2010-01-25,18450540.207321767
2010-01-26,18372897.60690553
2010-01-27,18459896.571401592
2010-01-28,18247847.808515903
2010-01-29,18049249.14200879
2010-02-01,18329447.09573399
2010-02-02,18571780.35825604
2010-02-03,18391257.52692954
2010-02-04,17972354.57431885
2010-02-05,18067060.92751326
2010-02-08,17920820.148858905
2010-02-09,18044772.05808387
2010-02-10,17957943.36061877
2010-02-11,18122882.735976227
2010-02-12,18149868.49003233
2010-02-16,18475378.313163582
2010-02-17,18464602.166742563
2010-02-18,18507514.429430265
2010-02-19,18555639.148458738
2010-02-22,18543757.44939445
2010-02-23,18453109.74488211
2010-02-24,18632182.966296826
2010-02-25,18673603.060303893
2010-02-26,18712946.739938375
2010-03-01,18924396.331712563
2010-03-02,18985777.107359648
2010-03-03,18982604.944477595
2010-03-04,19072403.318810917
2010-03-05,19252176.652401432
2010-03-08,19204071.223695263
2010-03-09,19283771.93355516
2010-03-10,19336934.581951234
2010-03-11,19399784.09377729
2010-03-12,19430215.409652337
2010-03-15,19434367.159240875
2010-03-16,19661960.084860824
2010-03-17,19800567.093869604
2010-03-18,19737498.162673626
2010-03-19,19610908.19579654
2010-03-22,19779712.94081763
2010-03-23,19875261.696278557
2010-03-24,19582325.801074825
2010-03-25,19476278.44303304
2010-03-26,19510555.727049746
2010-03-29,19605063.88475698
2010-03-30,19637647.496079538
2010-03-31,19616304.231224414
2010-04-01,19708670.43249465
2010-04-05,19859651.262810472
2010-04-06,19906290.97621963
2010-04-07,19791653.719582617
2010-04-08,19860136.67363579
2010-04-09,19990783.06664591
2010-04-12,20022305.308374736
2010-04-13,20037022.158665583
2010-04-14,20265101.805803142
2010-04-15,20281495.151815612
2010-04-16,19956855.06848339
2010-04-19,20032049.763226017
2010-04-20,20211415.378156904
2010-04-21,20174056.8064072
2010-04-22,20234125.438527502
2010-04-23,20366452.489000935
2010-04-26,20288755.96914838
2010-04-27,19806197.16642734
2010-04-28,19956996.480161447
2010-04-29,20205241.547000498
2010-04-30,19860427.003818277
2010-05-03,20118758.625553623
2010-05-04,19768292.255944848
2010-05-05,19726945.89358397
2010-05-06,19293266.659336083
2010-05-07,18956430.840884168
2010-05-10,19633891.566665623
2010-05-11,19600568.421392806
2010-05-12,19823804.738577917
2010-05-13,19631721.012661792
2010-05-14,19406167.892445106
2010-05-17,19372420.35863325
2010-05-18,19255473.706017386
2010-05-19,19164082.845025845
2010-05-20,18645535.283889487
2010-05-21,18926337.55741391
2010-05-24,18682563.049590062
2010-05-25,18760978.64024808
2010-05-26,18609500.156408753
2010-05-27,19053544.58037607
2010-05-28,18896814.85706624
2010-06-01,18601029.16268087
2010-06-02,18978853.675834257
2010-06-03,19017440.721454766
2010-06-04,18603409.58310595
2010-06-07,18447741.915584866
2010-06-08,18585367.211430956
2010-06-09,18487639.855743
2010-06-10,18851040.103843022
2010-06-11,19061805.43695001
2010-06-14,19015461.841777373
2010-06-15,19388337.258728113
2010-06-16,19433118.01533979
2010-06-17,19554921.77486197
2010-06-18,19535840.34179744
2010-06-21,19464916.191169508
2010-06-22,19261316.361881334
2010-06-23,19273552.06060634
2010-06-24,18942288.70453843
2010-06-25,19050258.927980747
2010-06-28,19127373.255954877
2010-06-29,18633444.096889865
2010-06-30,18488909.690795757
2010-07-01,18396937.241476282
2010-07-02,18354455.803738926
2010-07-06,18398807.36422208
2010-07-07,18340386.55253131
2010-07-08,18295260.93730668
2010-07-09,18246011.925344232
2010-07-12,18277040.796220817
2010-07-13,18184548.93414451
2010-07-14,18277075.22016633
2010-07-15,18372736.71411236
2010-07-16,18479225.474177513
2010-07-19,18430643.890513916
2010-07-20,18449627.721894223
2010-07-21,18567166.281046666
2010-07-22,18465403.580692362
2010-07-23,18405241.207523443
2010-07-26,18399054.510882262
2010-07-27,18334579.34081487
2010-07-28,18414322.567460865
2010-07-29,18452795.451066475
2010-07-30,18560882.37662146
2010-08-02,18503429.110930685
2010-08-03,18491757.22784152
2010-08-04,18537129.013276163
2010-08-05,18605432.168918747
2010-08-06,18649986.33788415
2010-08-09,18743766.358734287
2010-08-10,18735902.2733959
2010-08-11,18333479.30831562
2010-08-12,18176132.397586092
2010-08-13,18201447.5704563
2010-08-16,18324375.01429756
2010-08-17,18456876.445391472
2010-08-18,18471411.1064626
2010-08-19,18228354.7189046
2010-08-20,18109344.01031279
2010-08-23,18063038.32079321
2010-08-24,17936544.776585374
2010-08-25,17923286.33148224
2010-08-26,17879860.009104535
2010-08-27,17949625.485122498
2010-08-30,17824083.05390097
2010-08-31,17903131.24565257
2010-09-01,18307547.254844736
2010-09-02,18223027.678781103
2010-09-03,18119596.96911149
2010-09-07,18262435.915503517
2010-09-08,18212526.37399102
2010-09-09,18070148.735330693
2010-09-10,18017446.23335612
2010-09-13,18103475.177896615
2010-09-14,18194418.66454666
2010-09-15,18131215.925518733
2010-09-16,18067610.150172383
2010-09-17,18108378.26303224
2010-09-20,18163922.717207868
2010-09-21,18332364.47435787
2010-09-22,18359436.891817015
2010-09-23,18384553.736821752
2010-09-24,18295138.84591217
2010-09-27,18434049.52319917
2010-09-28,18493460.65538108
2010-09-29,18448190.368744954
2010-09-30,18425391.146532536
2010-10-01,18434970.399111614
2010-10-04,18352075.445895057
2010-10-05,18723694.898587957
2010-10-06,18840549.70794906
2010-10-07,18835625.620300293
2010-10-08,18946808.164455343
2010-10-11,18982107.6034767
2010-10-12,18983868.033403438
2010-10-13,19129530.623893328
2010-10-14,18945820.831365947
2010-10-15,18900824.563863765
2010-10-18,19084546.780598987
2010-10-19,18899563.83832277
2010-10-20,19070754.93251926
2010-10-21,19006261.57756535
2010-10-22,19046633.42641904
2010-10-25,19096303.065171435
2010-10-26,18970859.40179582
2010-10-27,18803705.758076895
2010-10-28,18918704.13587543
2010-10-29,19018530.90005584
2010-11-01,18991963.09791989
2010-11-02,19206961.049735814
2010-11-03,19345653.445849203
2010-11-04,19872169.550097845
2010-11-05,19861226.666792568
2010-11-08,19829327.012863267
2010-11-09,19518073.241733063
2010-11-10,19671456.082431834
2010-11-11,19574244.489503577
2010-11-12,19175460.16814599
2010-11-15,18900817.28995023
2010-11-16,18742349.960520677
2010-11-17,18695937.98792919
2010-11-18,18929654.64475172
2010-11-19,19021640.433595173
2010-11-22,19107631.210351724
2010-11-23,18865844.25926861
2010-11-24,18940988.959589187
2010-11-26,18797001.082220066
2010-11-29,18894903.501387928
2010-11-30,18819085.8253777
2010-12-01,18975904.748011004
2010-12-02,19177075.107029635
2010-12-03,19231324.000332188
2010-12-06,19328814.502271224
2010-12-07,19024300.232336942
2010-12-08,18929075.85915013
2010-12-09,19043598.292428043
2010-12-10,18990956.46481877
2010-12-13,19064555.413443193
2010-12-14,18876822.07904814
2010-12-15,18709979.551313072
2010-12-16,18933349.231389876
2010-12-17,19115618.654495582
2010-12-20,19159277.91701905
2010-12-21,19320890.203971215
2010-12-22,19328574.00265562
2010-12-23,19233697.76607847
2010-12-27,19313117.95107824
2010-12-28,19142934.60238212
2010-12-29,19368534.324748173
2010-12-30,19297000.883327622
2010-12-31,19398475.53782375
2011-01-03,19539364.285492007
2011-01-04,19573218.618306432
2011-01-05,19465841.47737209
2011-01-06,19527186.55696749
2011-01-07,19616945.142587837
2011-01-10,19657284.645273108
2011-01-11,19650143.422554042
2011-01-12,19771672.857640237
2011-01-13,19869047.210227676
2011-01-14,19958822.0844525
2011-01-18,19944573.36172479
2011-01-19,19796550.211899262
2011-01-20,19618558.519775543
2011-01-21,19727433.776067816
2011-01-24,19841766.864320934
2011-01-25,19949457.87024076
2011-01-26,19908540.349325992
2011-01-27,20030204.91823076
2011-01-28,19766615.489238437
2011-01-31,19838352.34941266
2011-02-01,20066401.673363842
2011-02-02,19980694.112097338
2011-02-03,19913342.297648367
2011-02-04,19848888.447017945
2011-02-07,19966497.6468203
2011-02-08,19923454.50608425
2011-02-09,19989808.594982903
2011-02-10,19932122.40658147
2011-02-11,20140710.803982724
2011-02-14,20194392.12206667
2011-02-15,20175205.80319604
2011-02-16,20273032.12222438
2011-02-17,20406961.118408974
2011-02-18,20443820.75713202
2011-02-22,20231688.31116447
2011-02-23,20054572.27366372
2011-02-24,20092423.928659443
2011-02-25,20367345.313330207
2011-02-28,20481188.55187393
2011-03-01,20169130.735762607
2011-03-02,20200773.504684735
2011-03-03,20540519.20841612
2011-03-04,20389620.792583387
2011-03-07,20232701.523878574
2011-03-08,20405392.709037207
2011-03-09,20376402.901876435
2011-03-10,20007279.714553982
2011-03-11,20142345.140379865
2011-03-14,20023069.076106142
2011-03-15,19798433.1838319
2011-03-16,19439857.153206687
2011-03-17,19690822.52482723
2011-03-18,19760421.55933354
2011-03-21,20058033.05951397
2011-03-22,19989925.486929283
2011-03-23,20045227.822026692
2011-03-24,20231454.32628818
2011-03-25,20291266.588198002
2011-03-28,20242717.330209084
2011-03-29,20374775.555830378
2011-03-30,20511338.312894978
2011-03-31,20483855.438219342
2011-04-01,20567741.18264621
2011-04-04,20583902.80419945
2011-04-05,20580488.01834065
2011-04-06,20643303.456769217
2011-04-07,20591733.37238467
2011-04-08,20522100.920315392
2011-04-11,20461511.491364382
2011-04-12,20312117.812019378
2011-04-13,20310222.57539097
2011-04-14,20324884.045052
2011-04-15,20396732.626673043
2011-04-18,20173599.752500918
2011-04-19,20286083.561914384
2011-04-20,20555094.379886974
2011-04-21,20657032.743596874
2011-04-25,20635560.52535628
2011-04-26,20808241.130747575
2011-04-27,20940281.09643301
2011-04-28,21006090.646818347
2011-04-29,21053846.039148346
2011-05-02,21021835.148915444
2011-05-03,20992466.029441208
2011-05-04,20909454.823176105
2011-05-05,20828895.752837557
2011-05-06,20930682.35945006
2011-05-09,21041640.926600527
2011-05-10,21119611.09207488
2011-05-11,20970579.733144995
2011-05-12,21023552.542844195
2011-05-13,20941851.750444915
2011-05-16,20858659.024654135
2011-05-17,20915694.580508262
2011-05-18,20981191.66869603
2011-05-19,21052111.718556874
2011-05-20,20934551.43249471
2011-05-23,20720168.803595886
2011-05-24,20723872.12543017
2011-05-25,20789511.33120249
2011-05-26,20998243.93407455
2011-05-27,21074795.89033012
2011-05-31,21322882.34285359
2011-06-01,21024625.356091905
2011-06-02,20875217.842501067
2011-06-03,20753840.1578841
2011-06-06,20524544.326478146
2011-06-07,20548884.07533212
2011-06-08,20508133.627049625
2011-06-09,20578158.237106506
2011-06-10,20362079.141221095
2011-06-13,20332600.964870207
2011-06-14,20421891.881678723
2011-06-15,20284792.67085963
2011-06-16,20384441.39244844
2011-06-17,20428215.344093774
2011-06-20,20497364.19028068
2011-06-21,20742215.767380074
2011-06-22,20611296.615612287
2011-06-23,20660338.588611387
2011-06-24,20504995.874793697
2011-06-27,20607194.561881587
2011-06-28,20686994.53500302
2011-06-29,20741842.765081044
2011-06-30,20871501.124333724
2011-07-01,21132966.10160934
2011-07-05,21244602.09748644
2011-07-06,21306077.14294319
2011-07-07,21446726.6273739
2011-07-08,21518534.61238503
2011-07-11,21288445.96039461
2011-07-12,21226084.12712213
2011-07-13,21330603.445884407
2011-07-14,21062605.456111763
2011-07-15,21271036.23884896
2011-07-18,21083347.25615159
2011-07-19,21503780.75561931
2011-07-20,21386827.79269506
2011-07-21,21565217.573444985
2011-07-22,21659682.44523431
2011-07-25,21470684.040459413
2011-07-26,21478829.156350404
2011-07-27,21003658.790598452
2011-07-28,20982930.802075937
2011-07-29,21094665.45015766
2011-08-01,21081491.969211347
2011-08-02,20743684.375566527
2011-08-03,20869046.391464185
2011-08-04,20191743.088337347
2011-08-05,19921697.51922846
2011-08-08,18924331.38020646
2011-08-09,19910093.646928005
2011-08-10,19299523.458414346
2011-08-11,19853956.435812443
2011-08-12,20125228.213102326
2011-08-15,20470715.16637675
2011-08-16,20388593.57759015
2011-08-17,20540706.499096822
2011-08-18,19779645.12575393
2011-08-19,19485272.17597399
2011-08-22,19463584.635729548
2011-08-23,20006183.326038625
2011-08-24,20068339.230911613
2011-08-25,19887956.87901469
2011-08-26,20230477.026938736
2011-08-29,20668463.364840943
2011-08-30,20863878.35364141
2011-08-31,20880183.3863404
2011-09-01,20828459.550809305
2011-09-02,21006042.012982666
2011-09-06,21032938.13923835
2011-09-07,20919730.091932997
2011-09-08,21022627.937200893
2011-09-09,21124788.50547503
2011-09-12,21060541.65108697
2011-09-13,20998098.525436703
2011-09-14,21009749.561514843
2011-09-15,20852124.380006142
2011-09-16,20892437.231126055
2011-09-19,21064722.187805135
2011-09-20,21092374.582368243
2011-09-21,21181950.583097838
2011-09-22,21375948.191918906
2011-09-23,21203954.396472286
2011-09-26,21116490.58545352
2011-09-27,20976537.83264104
2011-09-28,20980160.496881906
2011-09-29,20979742.240750168
2011-09-30,21112278.061726715
2011-10-03,21305947.158108827
2011-10-04,21199245.995009817
2011-10-05,21111728.529638052
2011-10-06,20965391.185126755
2011-10-07,20855753.160839286
2011-10-10,20632767.39899814
2011-10-11,20702499.271092676
2011-10-12,20629817.414402574
2011-10-13,20711505.23572111
2011-10-14,20609201.62408029
2011-10-17,20743798.23561898
2011-10-18,20721460.387928948
2011-10-19,20753009.883942842
2011-10-20,20710741.17610211
2011-10-21,20672353.248449776
2011-10-24,20661908.864331756
2011-10-25,20838269.489021625
2011-10-26,20687335.945608526
2011-10-27,20438386.86698734
2011-10-28,20562911.100477383
2011-10-31,20840313.700623002
2011-11-01,21086238.354647662
2011-11-02,21035128.740989562
2011-11-03,20935685.21766283
2011-11-04,20998396.920002338
2011-11-07,21022313.56840153
2011-11-08,20926807.667358838
2011-11-09,21113908.966585644
2011-11-10,21010968.85786304
2011-11-11,20913383.570904307
2011-11-14,21045146.075003535
2011-11-15,21016438.278621893
2011-11-16,21093006.44169359
2011-11-17,21134869.998065826
2011-11-18,21056283.888729036
2011-11-21,21114348.383139934
2011-11-22,21178152.53971472
2011-11-23,21249683.396420825
2011-11-25,21111753.670312986
2011-11-28,21113379.689103127
2011-11-29,21072135.151121065
2011-11-30,20946755.277082752
2011-12-01,20940102.043602426
2011-12-02,21035197.993644055
2011-12-05,21022391.17406055
2011-12-06,20966315.67684558
2011-12-07,21063224.70347835
2011-12-08,21171737.1620273
2011-12-09,21024289.68794238
2011-12-12,21098167.74380684
2011-12-13,21196277.12004081
2011-12-14,21285451.015819855
2011-12-15,21266813.475727685
2011-12-16,21369684.268433474
2011-12-19,21441611.900188524
2011-12-20,21249326.508485824
2011-12-21,21179904.226664886
2011-12-22,21206004.263315663
2011-12-23,21118003.967496548
2011-12-27,21129708.766498823
2011-12-28,21264747.72162029
2011-12-29,21290710.49089478
2011-12-30,21365239.969516214
2012-01-03,21229715.753183365
2012-01-04,21162044.254479785
2012-01-05,21165701.14328206
2012-01-06,21249288.883062933
2012-01-09,21252936.20244073
2012-01-10,21209743.65390598
2012-01-11,21333920.148061953
2012-01-12,21288973.521111738
2012-01-13,21383888.258425876
2012-01-17,21403633.353514668
2012-01-18,21336844.446249235
2012-01-19,21209030.887797028
2012-01-20,21135045.44808723
2012-01-23,21087358.26306846
2012-01-24,21111678.35116206
2012-01-25,21214262.551167328
2012-01-26,21328242.601667557
2012-01-27,21392680.754474416
2012-01-30,21464882.72952083
2012-01-31,21544672.77402091
2012-02-01,21470553.864628233
2012-02-02,21523043.908345688
2012-02-03,21655118.344755583
2012-02-06,21698511.27436693
2012-02-07,21615187.969850916
2012-02-08,21689281.893933978
2012-02-09,21666878.38184086
2012-02-10,21624877.119009316
2012-02-13,21771704.03226363
2012-02-14,21787971.258587215
2012-02-15,21701140.828231506
2012-02-16,21844488.991944827
2012-02-17,21879463.233789716
2012-02-21,21810647.47194146
2012-02-22,21822640.494008753
2012-02-23,21949505.42566006
2012-02-24,22009133.59817232
2012-02-27,22118525.15246701
2012-02-28,22192769.57521194
2012-02-29,22017084.822717667
2012-03-01,22059980.233466793
2012-03-02,22079445.03157651
2012-03-05,21943798.71120339
2012-03-06,21711170.443310864
2012-03-07,21820821.38028271
2012-03-08,21973754.757367518
2012-03-09,22041821.432035856
2012-03-12,22036177.74897957
2012-03-13,22279051.316716496
2012-03-14,22000106.451693695
2012-03-15,22119494.103324592
2012-03-16,22142612.949732535
2012-03-19,22090891.493829396
2012-03-20,22036540.768924344
2012-03-21,22113654.847960934
2012-03-22,21982434.488010954
2012-03-23,22134701.791068647
2012-03-26,22415556.470416177
2012-03-27,22468820.214769684
2012-03-28,22319352.756676078
2012-03-29,22373195.050458778
2012-03-30,22354265.96537362
2012-04-02,22568338.601428848
2012-04-03,22312808.165853076
2012-04-04,22205222.155201122
2012-04-05,22292616.920923173
2012-04-09,22272374.489828784
2012-04-10,22010484.69784088
2012-04-11,22101594.876390778
2012-04-12,22346412.703810126
2012-04-13,22211249.728468165
2012-04-16,22189444.511126507
2012-04-17,22494337.209358715
2012-04-18,22461299.81001043
2012-04-19,22341265.358389515
2012-04-20,22379668.585540496
2012-04-23,22234594.50305223
2012-04-24,22261752.74485273
2012-04-25,22538204.39264892
2012-04-26,22767621.14185921
2012-04-27,22827236.62267232
2012-04-30,22761374.477597885
2012-05-01,22860000.947992254
2012-05-02,22834176.64621806
2012-05-03,22657704.79177446
2012-05-04,22382728.956985794
2012-05-07,22391538.945061583
2012-05-08,22352869.481826432
2012-05-09,22239885.897536177
2012-05-10,22252307.17321682
2012-05-11,22259655.046464395
2012-05-14,22115452.696483668
2012-05-15,21996073.93888839
2012-05-16,21929329.59781154
2012-05-17,21693341.2597358
2012-05-18,21496483.871446956
2012-05-21,21800291.334967587
2012-05-22,21789996.230648924
2012-05-23,21857413.01606599
2012-05-24,21852005.774177782
2012-05-25,21840488.465356186
2012-05-29,22080415.46442342
2012-05-30,21973251.25240531
2012-05-31,22009744.183123253
2012-06-01,21640278.429452065
2012-06-04,21505098.734877847
2012-06-05,21595059.392664906
2012-06-06,21937906.461071566
2012-06-07,22002933.335407868
2012-06-08,22193987.773050148
2012-06-11,21968392.699414235
2012-06-12,22104136.67020373
2012-06-13,22076048.746107124
2012-06-14,22251431.388238624
2012-06-15,22579789.836692087
2012-06-18,22615686.29040182
2012-06-19,22755463.20971764
2012-06-20,22671582.336241566
2012-06-21,22209662.571705904
2012-06-22,22281200.04958069
2012-06-25,22046134.956225045
2012-06-26,22105548.534049843
2012-06-27,22335367.04387888
2012-06-28,22344053.652242754
2012-06-29,22793402.764358398
2012-07-02,22966183.647258263
2012-07-03,23059639.878317874
2012-07-05,23015577.19400588
2012-07-06,22876124.24657907
2012-07-09,22908901.272187725
2012-07-10,22720586.71158358
2012-07-11,22702334.189534437
2012-07-12,22644129.338260744
2012-07-13,22999834.498199023
2012-07-16,22994707.071890093
2012-07-17,23091999.026876505
2012-07-18,23282864.96393885
2012-07-19,23307686.25286237
2012-07-20,23187498.29687226
2012-07-23,22993546.280004274
2012-07-24,22842692.901566103
2012-07-25,22859385.481102303
2012-07-26,23156909.65884174
2012-07-27,23409172.9698319
2012-07-30,23483224.867247783
2012-07-31,23360258.18984419
2012-08-01,23254349.586820297
2012-08-02,23149971.96733035
2012-08-03,23481293.39672163
2012-08-06,23540583.196515415
2012-08-07,23534170.742059544
2012-08-08,23529041.0401114
2012-08-09,23530701.33109994
2012-08-10,23635733.04038343
2012-08-13,23607790.463882048
2012-08-14,23495116.78428267
2012-08-15,23402705.393141754
2012-08-16,23518472.2330961
2012-08-17,23578104.58332818
2012-08-20,23591999.552771587
2012-08-21,23538817.643628597
2012-08-22,23731058.45698214
2012-08-23,23577142.419274703
2012-08-24,23707630.054361936
2012-08-27,23772512.36776521
2012-08-28,23751948.693997685
2012-08-29,23753957.96435936
2012-08-30,23626038.09131485
2012-08-31,23890646.187316652
2012-09-04,23813707.956148364
2012-09-05,23783842.92142638
2012-09-06,24100342.852440037
2012-09-07,24223980.063742675
2012-09-10,24096595.390291277
2012-09-11,24118496.68705382
2012-09-12,24080760.98182595
2012-09-13,24517277.954789713
2012-09-14,24400957.792917207
2012-09-17,24365775.334990002
2012-09-18,24405249.791316267
2012-09-19,24473547.14955616
2012-09-20,24487529.51753365
2012-09-21,24527454.854140945
2012-09-24,24542836.084268842
2012-09-25,24370670.84957222
2012-09-26,24332943.937924244
2012-09-27,24507774.357602738
2012-09-28,24394091.247542635
2012-10-01,24502261.226661928
2012-10-02,24510505.758051768
2012-10-03,24633152.831273157
2012-10-04,24709132.297953304
2012-10-05,24598241.565495323
2012-10-08,24593600.06626573
2012-10-09,24301092.14869074
2012-10-10,24205370.151063547
2012-10-11,24240528.443129256
2012-10-12,24163024.265907567
2012-10-15,24368081.814263303
2012-10-16,24495588.329583555
2012-10-17,24449258.544650964
2012-10-18,24340539.968017165
2012-10-19,24036965.550956525
2012-10-22,23956278.46906073
2012-10-23,23735877.317344952
2012-10-24,23616600.938993327
2012-10-25,23597119.003240213
2012-10-26,23735531.870063957
2012-10-31,23832398.954741623
2012-11-01,24031721.631228458
2012-11-02,23837936.455013223
2012-11-05,23943149.740300138
2012-11-06,24019767.697592415
2012-11-07,23676401.659505993
2012-11-08,23499408.271654703
2012-11-09,23520692.22131171
2012-11-12,23553335.777078662
2012-11-13,23500225.041709084
2012-11-14,23194167.802729655
2012-11-15,23143782.882344335
2012-11-16,23270247.890474312
2012-11-19,23683773.631640363
2012-11-20,23594772.135980193
2012-11-21,23602207.319716863
2012-11-23,23906226.588670388
2012-11-26,23894582.216993857
2012-11-27,23823191.964974333
2012-11-28,24042174.75353432
2012-11-29,24175797.27976655
2012-11-30,24175433.453199197
2012-12-03,24047739.909138072
2012-12-04,24054842.087771166
2012-12-05,24115364.233920556
2012-12-06,24207833.426349234
2012-12-07,24211210.553258367
2012-12-10,24242169.60087753
2012-12-11,24357618.78067526
2012-12-12,24267248.257326007
2012-12-13,24072363.012474842
2012-12-14,24035882.780904464
2012-12-17,24188492.344594683
2012-12-18,24361759.267369818
2012-12-19,24213542.067687463
2012-12-20,24367247.92077037
2012-12-21,24210517.506881926
2012-12-24,24111290.068430956
2012-12-26,24059184.757712472
2012-12-27,24075373.37125058
2012-12-28,23873686.43569725
2012-12-31,24145087.310953856
2013-01-02,24646047.394373577
2013-01-03,24465900.926761482
2013-01-04,24583391.040009733
2013-01-07,24529005.086211998
2013-01-08,24516578.655455895
2013-01-09,24591099.443723567
2013-01-10,24714411.770278882
2013-01-11,24788763.93083353
2013-01-14,24761963.779588513
2013-01-15,24836350.777791623
2013-01-16,24863449.868213337
2013-01-17,24907531.857891973
2013-01-18,25031796.68215042
2013-01-22,25185625.544398542
2013-01-23,25236392.769552555
2013-01-24,25200242.37565776
2013-01-25,25174600.902065434
2013-01-28,25091586.656744957
2013-01-29,25151552.079244666
2013-01-30,25065866.940438576
2013-01-31,25024129.14300931
2013-02-01,25195770.582651827
2013-02-04,24898204.601948198
2013-02-05,25150623.66647856
2013-02-06,25168552.805344027
2013-02-07,25134545.273501016
2013-02-08,25274749.918975856
2013-02-11,25269211.367158547
2013-02-12,25310575.706308294
2013-02-13,25331850.14312333
2013-02-14,25354800.845586695
2013-02-15,25324136.464432996
2013-02-19,25514575.611501794
2013-02-20,25194155.51527307
2013-02-21,25039534.125520144
2013-02-22,25285271.952180404
2013-02-25,24798156.61475365
2013-02-26,24968494.29799211
2013-02-27,25284577.24314072
2013-02-28,25233828.24054386
2013-03-01,25317060.579690706
2013-03-04,25379949.476321157
2013-03-05,25582283.955467153
2013-03-06,25535619.436720803
2013-03-07,25483540.363769576
2013-03-08,25463240.258642495
2013-03-11,25573045.492092527
2013-03-12,25583554.599774286
2013-03-13,25597569.52874248
2013-03-14,25742714.03552984
2013-03-15,25796217.17130643
2013-03-18,25735108.16281776
2013-03-19,25752490.803573903
2013-03-20,25834927.553814456
2013-03-21,25677926.840222854
2013-03-22,25894068.320276648
2013-03-25,25803109.444113024
2013-03-26,26035864.37943464
2013-03-27,26143891.021634318
2013-03-28,26174215.568769578
2013-04-01,26138687.712480024
2013-04-02,26215534.85498998
2013-04-03,26057771.59034492
2013-04-04,26266295.426991377
2013-04-05,26229760.01726767
2013-04-08,26320839.967968322
2013-04-09,26419782.50810674
2013-04-10,26632078.228641264
2013-04-11,26747123.79652647
2013-04-12,26825708.15605351
2013-04-15,26267178.72518245
2013-04-16,26573158.49247089
2013-04-17,26236343.024235055
2013-04-18,26087627.756112523
2013-04-19,26296154.24102664
2013-04-22,26425461.554977596
2013-04-23,26676736.698739752
2013-04-24,26704732.570128098
2013-04-25,26781174.124334566
2013-04-26,26829662.045342233
2013-04-29,26996245.331657108
2013-04-30,27053859.452520687
2013-05-01,26905722.84556719
2013-05-02,27150840.4359296
2013-05-03,27193083.101098154
2013-05-06,27225818.640724864
2013-05-07,27324662.32098627
2013-05-08,27479980.91474498
2013-05-09,27396818.00931678
2013-05-10,27332273.392178364
2013-05-13,27304983.67908261
2013-05-14,27478233.837046016
2013-05-15,27697373.62945993
2013-05-16,27694851.481596094
2013-05-17,27815977.619183097
2013-05-20,27792832.51422709
2013-05-21,27903064.01197209
2013-05-22,27479064.737183444
2013-05-23,27425711.717201274
2013-05-24,27411343.167062923
2013-05-28,27248497.07983933
2013-05-29,27179275.135241322
2013-05-30,27282926.455627635
2013-05-31,26807416.95444606
2013-06-03,26996921.32992345
2013-06-04,26850344.621215932
2013-06-05,26466238.943738505
2013-06-06,26710249.19994457
2013-06-07,27056433.911996033
2013-06-10,27055885.12740197
2013-06-11,26770593.46014806
2013-06-12,26543923.49165759
2013-06-13,26955426.94000421
2013-06-14,26782354.76824144
2013-06-17,26992850.101622343
2013-06-18,27210066.776309554
2013-06-19,26825928.371463414
2013-06-20,26147011.15686433
2013-06-21,26232196.694392033
2013-06-24,25894995.09297251
2013-06-25,26147397.57821969
2013-06-26,26409842.846377965
2013-06-27,26566759.57674326
2013-06-28,26455661.22413983
2013-07-01,26612593.358216338
2013-07-02,26586925.170599777
2013-07-03,26598104.89469622
2013-07-05,26889035.58265249
2013-07-08,27044256.81947113
2013-07-09,27241371.53588715
2013-07-10,27250865.086650424
2013-07-11,27627181.74587817
2013-07-12,27638353.676845793
2013-07-15,27745008.89293324
2013-07-16,27638910.326052386
2013-07-17,27710381.672021527
2013-07-18,27863929.535135318
2013-07-19,27913605.167800218
2013-07-22,27968334.631806105
2013-07-23,27907458.74436114
2013-07-24,27803049.26366926
2013-07-25,27871164.45311357
2013-07-26,27900757.054415442
2013-07-29,27813090.3003533
2013-07-30,27812529.330584835
2013-07-31,27832086.2544966
2013-08-01,28158134.508582946
2013-08-02,28206143.465161763
2013-08-05,28163690.890126728
2013-08-06,28000646.65799295
2013-08-07,27907960.745946754
2013-08-08,28011250.853444137
2013-08-09,27928614.111285135
2013-08-12,27894549.26589181
2013-08-13,27977731.085949503
2013-08-14,27831436.10384054
2013-08-15,27435576.201130807
2013-08-16,27342901.412028473
2013-08-19,27164800.543373134
2013-08-20,27299923.743630286
2013-08-21,27128526.8122958
2013-08-22,27379229.957169093
2013-08-23,27472484.560536537
2013-08-26,27368073.755699992
2013-08-27,26917519.16800068
2013-08-28,27014129.4347527
2013-08-29,27057125.293839872
2013-08-30,26969481.302914098
2013-09-03,27092885.857601132
2013-09-04,27320134.796026193
2013-09-05,27354754.848932605
2013-09-06,27367614.87705706
2013-09-09,27633388.89552504
2013-09-10,27840528.263495874
2013-09-11,27928737.839832656
2013-09-12,27852802.69184406
2013-09-13,27915893.501323946
2013-09-16,28079483.08154967
2013-09-17,28206212.263517465
2013-09-18,28537286.004829016
2013-09-19,28488146.639224585
2013-09-20,28285249.190318756
2013-09-23,28152361.023051582
2013-09-24,28084795.245532233
2013-09-25,28002148.954699546
2013-09-26,28110471.400061075
2013-09-27,27979261.380024005
2013-09-30,27827935.34104174
2013-10-01,28050153.455816768
2013-10-02,28022795.173281915
2013-10-03,27760934.535426352
2013-10-04,27973111.88256396
2013-10-07,27727977.122769296
2013-10-08,27400811.68611422
2013-10-09,27420360.698080003
2013-10-10,28017792.658889174
2013-10-11,28199787.790361814
2013-10-14,28313128.89278285
2013-10-15,28104848.341169287
2013-10-16,28501270.161228646
2013-10-17,28693320.157072354
2013-10-18,28888715.8720025
2013-10-21,28889807.322512154
2013-10-22,29058407.07728903
2013-10-23,28917123.213884998
2013-10-24,29013694.444743473
2013-10-25,29147113.40214661
2013-10-28,29193426.14210571
2013-10-29,29350293.689576853
2013-10-30,29202292.50303601
2013-10-31,29117964.612731993
2013-11-01,29187726.887738742
2013-11-04,29290984.874372713
2013-11-05,29196606.83402828
2013-11-06,29346772.128195662
2013-11-07,28970976.407921728
2013-11-08,29365700.187574446
2013-11-11,29370130.997312196
2013-11-12,29309238.65863561
2013-11-13,29546501.684968583
2013-11-14,29694984.875258274
2013-11-15,29825046.539891627
2013-11-18,29718909.027957812
2013-11-19,29652998.27862637
2013-11-20,29558596.712160837
2013-11-21,29799188.333538044
2013-11-22,29949347.65898592
2013-11-25,29915569.289108343
2013-11-26,29923338.37820734
2013-11-27,29996433.3938662
2013-11-29,29975727.866343945
2013-12-02,29896408.25912685
2013-12-03,29765161.625949573
2013-12-04,29761207.677618876
2013-12-05,29628292.164646115
2013-12-06,29962691.056976676
2013-12-09,30039140.945505742
2013-12-10,29929656.081178896
2013-12-11,29589029.45821546
2013-12-12,29489608.03237696
2013-12-13,29485675.178112973
2013-12-16,29671012.311018247
2013-12-17,29574945.01152891
2013-12-18,30085207.330279753
2013-12-19,30049437.045768045
2013-12-20,30225669.43095127
2013-12-23,30387533.519214585
2013-12-24,30453921.851132434
2013-12-26,30609090.40945719
2013-12-27,30606810.032030348
2013-12-30,30601173.130593143
2013-12-31,30746281.649648227
2014-01-02,30449183.07912278
2014-01-03,30443561.87980378
2014-01-06,30354172.14676153
2014-01-07,30541176.484967783
2014-01-08,30547263.6625199
2014-01-09,30566761.233358398
2014-01-10,30649875.133593738
2014-01-13,30238892.20212976
2014-01-14,30569943.68583517
2014-01-15,30735167.052034535
2014-01-16,30694346.92896153
2014-01-17,30563096.0869823
2014-01-21,30652916.85852598
2014-01-22,30672412.23394986
2014-01-23,30418871.548695818
2014-01-24,29765022.36272768
2014-01-27,29617016.611198004
2014-01-28,29793978.257029198
2014-01-29,29505280.49081964
2014-01-30,29819598.40319864
2014-01-31,29643127.27407236
2014-02-03,28970860.79617235
2014-02-04,29174621.26185645
2014-02-05,29137191.391250804
2014-02-06,29523536.960214905
2014-02-07,29891442.05543026
2014-02-10,29946120.257487282
2014-02-11,30275502.003688347
2014-02-12,30289963.44509097
2014-02-13,30446797.657868035
2014-02-14,30615376.823100537
2014-02-18,30651617.556219004
2014-02-19,30446658.61468746
2014-02-20,30626944.33516397
2014-02-21,30591151.32836526
2014-02-24,30761402.401767913
2014-02-25,30745945.411800005
2014-02-26,30747012.119749375
2014-02-27,30908881.314070687
2014-02-28,30986981.514420453
2014-03-03,30766945.99513854
2014-03-04,30949484.45643155
2014-03-05,31009969.25829737
2014-03-06,30947564.376627017
2014-03-07,30825673.3514739
2014-03-10,30841369.02487568
2014-03-11,30714891.471560076
2014-03-12,30844233.233004157
2014-03-13,30673507.435716633
2014-03-14,30588123.36490976
2014-03-17,30743210.0085794
2014-03-18,31040384.140882432
2014-03-19,30584910.52963351
2014-03-20,30772283.066024102
2014-03-21,30707181.461817134
2014-03-24,30589088.21343939
2014-03-25,30716927.302713253
2014-03-26,30622341.470861755
2014-03-27,30586050.897922654
2014-03-28,30628277.832519952
2014-03-31,30884634.2244551
2014-04-01,31027020.98103418
2014-04-02,31116547.205514695
2014-04-03,31074058.52938301
2014-04-04,30699893.10829971
2014-04-07,30354221.987204935
2014-04-08,30480908.3453225
2014-04-09,30813618.81131164
2014-04-10,30154729.273979675
2014-04-11,29877726.573685113
2014-04-14,30116664.83554243
2014-04-15,30327104.92072389
2014-04-16,30649755.16639547
2014-04-17,30692692.52489726
2014-04-21,30800951.078931607
2014-04-22,30942701.11027992
2014-04-23,30868364.91039966
2014-04-24,30931399.404544525
2014-04-25,30672814.636292845
2014-04-28,30771045.20203154
2014-04-29,30916125.182775248
2014-04-30,31009309.91270015
2014-05-01,31012028.394988973
2014-05-02,30995479.632821698
2014-05-05,31036392.945382938
2014-05-06,30796749.489123374
2014-05-07,31003908.39347429
2014-05-08,31002349.493794307
2014-05-09,31023866.451628704
2014-05-12,31247532.247648846
2014-05-13,31396092.16663698
2014-05-14,31385795.37978051
2014-05-15,31217140.274108186
2014-05-16,31259306.289349698
2014-05-19,31334803.35809313
2014-05-20,31223948.91528842
2014-05-21,31439610.440303594
2014-05-22,31482559.684151515
2014-05-23,31671427.08289161
2014-05-27,31868581.32056556
2014-05-28,32017682.756268132
2014-05-29,32142925.778066896
2014-05-30,32169326.32943762
2014-06-02,32060500.896588217
2014-06-03,31883214.290169854
2014-06-04,31922548.035776928
2014-06-05,32178624.871681113
2014-06-06,32308397.168168038
2014-06-09,32294282.700427547
2014-06-10,32240594.729421187
2014-06-11,32168806.396060742
2014-06-12,32060316.580402434
2014-06-13,32096264.470779166
2014-06-16,32121742.231070813
2014-06-17,32078103.900720686
2014-06-18,32484182.381414846
2014-06-19,32439510.299786054
2014-06-20,32542182.80284997
2014-06-23,32509174.992153205
2014-06-24,32440159.567977633
2014-06-25,32616987.13349794
2014-06-26,32675101.978937604
2014-06-27,32736870.615310963
2014-06-30,32744059.662226826
2014-07-01,32855229.170716316
2014-07-02,32753753.64081694
2014-07-03,32847615.344458327
2014-07-07,32811018.098606344
2014-07-08,32747399.207640115
2014-07-09,32899797.615083467
2014-07-10,32837708.970738668
2014-07-11,32935429.397509754
2014-07-14,33027288.58745252
2014-07-15,32935459.20009971
2014-07-16,33103999.346557453
2014-07-17,32915798.26986788
2014-07-18,33183611.23251158
2014-07-21,33129736.330406614
2014-07-22,33313331.13211129
2014-07-23,33382547.854846198
2014-07-24,33251023.06833017
2014-07-25,33220242.42738987
2014-07-28,33194580.949250612
2014-07-29,33094962.078593124
2014-07-30,32869547.186164573
2014-07-31,32207098.63448024
2014-08-01,32299915.135961078
2014-08-04,32550347.82844141
2014-08-05,32249872.11700542
2014-08-06,32286950.21820585
2014-08-07,32259248.194850642
2014-08-08,32600021.80249084
2014-08-11,32676855.079998314
2014-08-12,32583358.891531635
2014-08-13,32908055.623315163
2014-08-14,33126342.256984897
2014-08-15,33248907.5009197
2014-08-18,33420387.479287185
2014-08-19,33557403.50974294
2014-08-20,33544652.63979362
2014-08-21,33711463.353575125
2014-08-22,33661405.23605301
2014-08-25,33854899.28594707
2014-08-26,33862098.14664719
2014-08-27,33941152.70412586
2014-08-28,33966493.4962327
2014-08-29,34063813.239984155
2014-09-02,33830142.957157
2014-09-03,33859158.65528502
2014-09-04,33689049.17715999
2014-09-05,33848201.14777195
2014-09-08,33723800.56458233
2014-09-09,33431150.62524196
2014-09-10,33470036.34215711
2014-09-11,33464319.391811937
2014-09-12,33138148.6674586
2014-09-15,33172351.679403413
2014-09-16,33412622.485485345
2014-09-17,33372936.847110685
2014-09-18,33528217.592274748
2014-09-19,33622345.94572858
2014-09-22,33432008.742926534
2014-09-23,33310137.44260637
2014-09-24,33475965.630628765
2014-09-25,33095389.69227214
2014-09-26,33285442.742492203
2014-09-29,33329038.623601165
2014-09-30,33212051.85436546
2014-10-01,33040204.877145167
2014-10-02,32946523.54316984
2014-10-03,33294179.30498957
2014-10-06,33307999.346845564
2014-10-07,32991234.45043091
2014-10-08,33671486.850973554
2014-10-09,32958770.52067705
2014-10-10,32720371.217069097
2014-10-13,32370053.47750614
2014-10-14,32481942.23210971
2014-10-15,32443862.871508237
2014-10-16,32327587.931089386
2014-10-17,32612062.879470155
2014-10-20,32972031.952244304
2014-10-21,33533111.53977464
2014-10-22,33283586.123701837
2014-10-23,33529192.503343724
2014-10-24,33815316.26443636
2014-10-27,33802398.46097232
2014-10-28,34106490.13436662
2014-10-29,33941607.425075084
2014-10-30,34194651.121997006
2014-10-31,34532134.08794601
2014-11-03,34537181.52150017
2014-11-04,34411792.730011255
2014-11-05,34639135.63434129
2014-11-06,34674406.85312225
2014-11-07,34922537.576400824
2014-11-10,34887926.83600031
2014-11-11,34924338.511815555
2014-11-12,34871573.05070794
2014-11-13,34966743.736437485
2014-11-14,35047405.670866065
2014-11-17,35028468.32943368
2014-11-18,35270600.96926449
2014-11-19,35119102.77536929
2014-11-20,35243294.83107931
2014-11-21,35501623.83204253
2014-11-24,35633398.67029751
2014-11-25,35693601.51218576
2014-11-26,35843954.015414
2014-11-28,35903652.59460879
2014-12-01,35567332.7191392
2014-12-02,35638349.09644407
2014-12-03,35788381.83303685
2014-12-04,35871792.48293181
2014-12-05,35731502.54350777
2014-12-08,35608445.170666434
2014-12-09,35713724.28781058
2014-12-10,35301493.04009867
2014-12-11,35418045.1082574
2014-12-12,35136479.054659374
2014-12-15,34769022.31442082
2014-12-16,34669589.00037734
2014-12-17,35095386.82233744
2014-12-18,35756366.65113216
2014-12-19,36036836.05406537
2014-12-22,36199230.006014585
2014-12-23,35954180.35175513
2014-12-24,35981785.09443127
2014-12-26,36143025.791037135
2014-12-29,36310729.60123053
2014-12-30,36156109.16896593
2014-12-31,35839305.019779645
2015-01-02,35998404.27651836
2015-01-05,35571444.20648275
2015-01-06,35477403.272548065
2015-01-07,35899069.31316863
2015-01-08,36374698.546934366
2015-01-09,36267268.85028737
2015-01-12,36117410.197068125
2015-01-13,36047289.12701225
2015-01-14,35995179.458267935
2015-01-15,35973820.89209595
2015-01-16,36172490.01945993
2015-01-20,36330028.61365048
2015-01-21,36339047.74165578
2015-01-22,36785648.78074612
2015-01-23,36819268.38500012
2015-01-26,36820984.56666275
2015-01-27,36386650.3650474
2015-01-28,36199340.700357
2015-01-29,36400205.87212768
2015-01-30,36260914.64662241
2015-02-02,36654457.83890396
2015-02-03,36871479.573648684
2015-02-04,36790345.80303805
2015-02-05,37024229.73365239
2015-02-06,36518825.87728589
2015-02-09,36336822.66522544
2015-02-10,36632727.90138567
2015-02-11,36639116.908673115
2015-02-12,37005371.25596077
2015-02-13,37035516.0834173
2015-02-17,36835162.873771764
2015-02-18,37012405.266808875
2015-02-19,36892225.322647
2015-02-20,37094497.995073244
2015-02-23,37255571.85763257
2015-02-24,37600188.64436507
2015-02-25,37601038.37218441
2015-02-26,37335157.03437198
2015-02-27,37337286.205648735
2015-03-02,37296005.84300401
2015-03-03,37059247.025628
2015-03-04,36927385.84345161
2015-03-05,36987844.65677372
2015-03-06,36077506.403945856
2015-03-09,36396055.23825518
2015-03-10,35945940.09126866
2015-03-11,35923104.2872845
2015-03-12,36418121.61290957
2015-03-13,36136791.70324113
2015-03-16,36749474.86879128
2015-03-17,36711335.00259094
2015-03-18,37565543.10207953
2015-03-19,37215173.02401656
2015-03-20,37696568.608115405
2015-03-23,37670653.28429775
2015-03-24,37573460.212889075
2015-03-25,36865178.93615107
2015-03-26,36564669.96748878
2015-03-27,36788889.25421869
2015-03-30,37230775.520502366
2015-03-31,36999795.27660287
2015-04-01,37041802.544701874
2015-04-02,37068505.28770661
2015-04-06,37361444.03177944
2015-04-07,37292237.99900954
2015-04-08,37381884.462331824
2015-04-09,37396565.139835484
2015-04-10,37587863.077663735
2015-04-13,37491535.34241448
2015-04-14,37668900.98531798
2015-04-15,37854877.121488675
2015-04-16,37870386.60287628
2015-04-17,37514262.71769183
2015-04-20,37781979.40354837
2015-04-21,37656350.37745475
2015-04-22,37619479.65779303
2015-04-23,37827890.31767586
2015-04-24,38046101.60671972
2015-04-27,37828961.37111722
2015-04-28,37772820.72132097
2015-04-29,37476309.81493765
2015-04-30,37088608.56376082
2015-05-01,37282032.20478827
2015-05-04,37308889.742195144
2015-05-05,36812176.689879514
2015-05-06,36476978.71421034
2015-05-07,36780190.08154455
2015-05-08,37410077.19669002
2015-05-11,36867233.207725376
2015-05-12,36781553.76354691
2015-05-13,36738204.32268489
2015-05-14,37252502.23725515
2015-05-15,37556445.34186537
2015-05-18,37424751.55371832
2015-05-19,37247277.41088618
2015-05-20,37299563.66501162
2015-05-21,37628414.31191467
2015-05-22,37453117.24124318
2015-05-26,37268843.615473635
2015-05-27,37602364.592190005
2015-05-28,37593089.00977918
2015-05-29,37377583.84897856
2015-06-01,37288086.62388172
2015-06-02,36988702.574118204
2015-06-03,36766503.57887946
2015-06-04,36630452.87863346
2015-06-05,36292793.45405645
2015-06-08,36113140.04326622
2015-06-09,35988229.387415536
2015-06-10,36277915.67222026
2015-06-11,36682082.34321877
2015-06-12,36380355.31386483
2015-06-15,36310420.610768504
2015-06-16,36643934.22443056
2015-06-17,36721781.40138322
2015-06-18,37070609.47341651
2015-06-19,37099072.057620175
2015-06-22,36980390.01000305
2015-06-23,36894149.96220338
2015-06-24,36734835.834974416
2015-06-25,36533000.16113504
2015-06-26,36351035.08726858
2015-06-29,36014656.0498332
2015-06-30,35987734.16643507
2015-07-01,36081566.82313701
2015-07-02,36030105.73444717
2015-07-06,35927600.712221935
2015-07-07,36151154.080967374
2015-07-08,35548412.983536415
2015-07-09,35611536.079436384
2015-07-10,36055892.90526647
2015-07-13,36450211.23886285
2015-07-14,36606452.11422642
2015-07-15,36593671.33548508
2015-07-16,36884472.11044377
2015-07-17,36914795.3280907
2015-07-20,36933048.65343844
2015-07-21,36787416.21397624
2015-07-22,36721145.342054255
2015-07-23,36515129.14171961
2015-07-24,36138374.547080606
2015-07-27,35928935.19541388
2015-07-28,36366375.15004138
2015-07-29,36614061.87718223
2015-07-30,36621972.56231945
2015-07-31,36566044.5922096
2015-08-03,36442853.72040393
2015-08-04,36164211.247145675
2015-08-05,36140169.647928305
2015-08-06,35970462.97974353
2015-08-07,36044928.3330105
2015-08-10,36344362.17901643
2015-08-11,36256810.955884136
2015-08-12,36284707.515773736
2015-08-13,36142621.43425676
2015-08-14,36234394.55751131
2015-08-17,36499955.49965087
2015-08-18,36334966.64974279
2015-08-19,36270569.848277025
2015-08-20,35617416.079074286
2015-08-21,34702548.69254634
2015-08-24,33321419.034198828
2015-08-25,32752188.057020593
2015-08-26,33782770.61277178
2015-08-27,34592610.57121276
2015-08-28,34598522.082210995
2015-08-31,34260823.686523706
2015-09-01,33397318.82996001
2015-09-02,33288697.152792055
2015-09-03,33369804.143456336
2015-09-04,33472529.647713773
2015-09-08,33325449.11485941
2015-09-09,33337342.5161505
2015-09-10,33261295.13705341
2015-09-11,33348862.21372203
2015-09-14,33379575.378858417
2015-09-15,33115809.880726468
2015-09-16,33105622.36986385
2015-09-17,33384525.826642398
2015-09-18,33540688.678044736
2015-09-21,33350362.328363955
2015-09-22,33516012.576726303
2015-09-23,33477991.31418
2015-09-24,33527255.033572108
2015-09-25,33439499.36334965
2015-09-28,33629451.986758426
2015-09-29,33743374.95382735
2015-09-30,33748856.009089015
2015-10-01,33774083.46590071
2015-10-02,33933586.016713366
2015-10-05,33749595.78513802
2015-10-06,33816808.874380104
2015-10-07,33733125.542461514
2015-10-08,33645970.04772141
2015-10-09,33663934.47345387
2015-10-12,33774902.243449464
2015-10-13,33805146.50978009
2015-10-14,33986094.3495994
2015-10-15,33872543.78163283
2015-10-16,33844280.34643368
2015-10-19,33828255.78560458
2015-10-20,33713920.686467424
2015-10-21,33827558.96358911
2015-10-22,33860703.9708094
2015-10-23,33672796.57443177
2015-10-26,33758799.891607605
2015-10-27,33841401.608432636
2015-10-28,33668670.915116295
2015-10-29,33463619.796540342
2015-10-30,33528689.894944146
2015-11-02,33432121.6820607
2015-11-03,33423100.035198126
2015-11-04,33285252.45345828
2015-11-05,33228348.184936408
2015-11-06,32981765.47378757
2015-11-09,32611068.512101714
2015-11-10,32747384.118081532
2015-11-11,32600058.391023993
2015-11-12,32156031.699206173
2015-11-13,31912413.276811965
2015-11-16,32443632.64265502
2015-11-17,32409140.63551467
2015-11-18,32910685.170410976
2015-11-19,32951176.74320887
2015-11-20,33027788.68723969
2015-11-23,33031034.31379027
2015-11-24,33098134.923062798
2015-11-25,33110431.639491484
2015-11-27,33181217.396394733
2015-11-30,33053689.696840186
2015-12-01,33543734.361187108
2015-12-02,33108043.503058456
2015-12-03,32296149.941622145
2015-12-04,33054819.87990266
2015-12-07,32957489.022025276
2015-12-08,32751888.51975274
2015-12-09,32543977.48854625
2015-12-10,32555320.66350164
2015-12-11,32183698.347224154
2015-12-14,32101804.66726361
2015-12-15,32354964.117465917
2015-12-16,32742874.374253936
2015-12-17,32375141.556947716
2015-12-18,31911561.19170601
2015-12-21,32186823.520018693
2015-12-22,32386264.48204008
2015-12-23,32713037.131674677
2015-12-24,32716264.16612274
2015-12-28,32645982.691501968
2015-12-29,32823471.73948515
2015-12-30,32600357.806367267
2015-12-31,32307887.80326418
2016-01-04,31989839.608086437
2016-01-05,32027231.602569208
2016-01-06,31622755.55810678
2016-01-07,30863691.87554245
2016-01-08,30524406.662089735
2016-01-11,30554012.352954354
2016-01-12,30799851.964066003
2016-01-13,30031284.499317367
2016-01-14,30523582.79196864
2016-01-15,29867888.056096185
2016-01-19,29907049.47002018
2016-01-20,29523266.503570292
2016-01-21,29688036.01852443
2016-01-22,30296420.014465902
2016-01-25,29837890.053684384
2016-01-26,30244350.686592393
2016-01-27,29914620.318121847
2016-01-28,30069844.97668553
2016-01-29,30802239.73743567
2016-02-01,30790497.30162417
2016-02-02,30976959.966241095
2016-02-03,30942804.3745975
2016-02-04,31014987.19244671
2016-02-05,31053464.909004316
2016-02-08,31281364.533298407
2016-02-09,31286261.71469786
2016-02-10,31376374.950290173
2016-02-11,31519661.71825709
2016-02-12,31280357.764452655
2016-02-16,31185811.08900172
2016-02-17,31107988.310815256
2016-02-18,31253783.699854683
2016-02-19,31253156.30595833
2016-02-22,31221159.56384652
2016-02-23,31283348.08421755
2016-02-24,31279308.61709671
2016-02-25,31371952.051408775
2016-02-26,31219476.338923376
2016-02-29,31269866.85490168
2016-03-01,31025036.76955244
2016-03-02,30969974.992135584
2016-03-03,31006668.32802277
2016-03-04,30899978.980928376
2016-03-07,30835908.204592686
2016-03-08,31017569.1763367
2016-03-09,30893749.190988112
2016-03-10,30780512.956373617
2016-03-11,30689924.968659807
2016-03-14,30711540.93864214
2016-03-15,30705282.90447953
2016-03-16,30866055.957923423
2016-03-17,30899196.445580613
2016-03-18,30951892.121902157
2016-03-21,30864614.102179665
2016-03-22,30799408.67163071
2016-03-23,30939697.07692231
2016-03-24,30908342.641046893
2016-03-28,30952585.571745716
2016-03-29,31158996.1124293
2016-03-30,31116871.878143203
2016-03-31,31227227.261880167
2016-04-01,31217797.753091466
2016-04-04,31135432.00404787
2016-04-05,30944265.679711565
2016-04-06,31213691.474629313
2016-04-07,30996034.222195312
2016-04-08,31031215.91153969
2016-04-11,30951776.13649518
2016-04-12,31116762.34393291
2016-04-13,31451408.5742444
2016-04-14,31376726.167729508
2016-04-15,31434901.93440842
2016-04-18,31622525.499332227
2016-04-19,31669328.178110596
2016-04-20,31537905.428698774
2016-04-21,31313868.81620853
2016-04-22,31277636.114015974
2016-04-25,31186936.47938919
2016-04-26,31165464.58031188
2016-04-27,31403589.805364355
2016-04-28,31224797.76608965
2016-04-29,31042657.9223281
2016-05-02,31197053.69490373
2016-05-03,31110150.5897113
2016-05-04,30992318.67817852
2016-05-05,31070450.903065924
2016-05-06,31108278.671554003
2016-05-09,31192364.421068795
2016-05-10,31571709.92222788
2016-05-11,31324091.409557126
2016-05-12,31246440.815483775
2016-05-13,31092648.28062898
2016-05-16,31282851.3342794
2016-05-17,30947128.633152388
2016-05-18,30700710.90147802
2016-05-19,30622234.832050733
2016-05-20,30834968.70445978
2016-05-23,30810595.981850013
2016-05-24,31160367.508334152
2016-05-25,31350824.232758023
2016-05-26,31455041.197732724
2016-05-27,31529839.002009492
2016-05-31,31504707.556247655
2016-06-01,31557502.09155075
2016-06-02,31749185.767411374
2016-06-03,31940846.285455365
2016-06-06,32016641.740989644
2016-06-07,32111132.68516491
2016-06-08,32251315.683364317
2016-06-09,32254995.232709803
2016-06-10,32062044.19768146
2016-06-13,31878746.550812062
2016-06-14,31806681.469893526
2016-06-15,31858287.072000995
2016-06-16,31984401.693264008
2016-06-17,31757991.267061554
2016-06-20,31820415.668480605
2016-06-21,31836188.34309653
2016-06-22,31846640.143223062
2016-06-23,32101929.276281398
2016-06-24,31400107.28517865
2016-06-27,31123426.963174716
2016-06-28,31677388.545600407
2016-06-29,32087178.15283982
2016-06-30,32595704.837572698
2016-07-01,32746304.12892874
2016-07-05,32687994.094727475
2016-07-06,32887080.657182295
2016-07-07,32822130.593668766
2016-07-08,33370429.36033158
2016-07-11,33313908.38617659
2016-07-12,33360531.057688948
2016-07-13,33438802.3050668
2016-07-14,33487730.59267499
2016-07-15,33315003.687143784
2016-07-18,33394920.699950214
2016-07-19,33447229.3486202
2016-07-20,33518424.554306727
2016-07-21,33462383.35240486
2016-07-22,33585512.32311137
2016-07-25,33465302.0119058
2016-07-26,33499763.344140895
2016-07-27,33603144.46810047
2016-07-28,33657978.16598003
2016-07-29,33836276.11957026
2016-08-01,33688591.31547362
2016-08-02,33388672.789548207
2016-08-03,33503380.63886179
2016-08-04,33619221.70110221
2016-08-05,33682932.917688526
2016-08-08,33642616.97324577
2016-08-09,33782874.564874776
2016-08-10,33787697.29651273
2016-08-11,33780960.37803589
2016-08-12,33871010.27227737
2016-08-15,33868015.051429026
2016-08-16,33632462.672022715
2016-08-17,33749343.49468134
2016-08-18,33884681.9660682
2016-08-19,33718187.66809995
2016-08-22,33790871.914915666
2016-08-23,33854720.368876405
2016-08-24,33666090.84291686
2016-08-25,33586351.72517744
2016-08-26,33384203.54807375
2016-08-29,33688345.51790558
2016-08-30,33627413.83247731
2016-08-31,33489876.404566016
2016-09-01,33542343.050722055
2016-09-02,33606330.52949889
2016-09-06,33864402.557300515
2016-09-07,33877476.781427965
2016-09-08,33633051.70344236
2016-09-09,32655421.724459726
2016-09-12,33159868.522874504
2016-09-13,32552284.518478267
2016-09-14,32612058.610979475
2016-09-15,32951522.785871606
2016-09-16,32855396.13353566
2016-09-19,32803952.082006674
2016-09-20,32853986.379754905
2016-09-21,33279804.209768347
2016-09-22,33587268.120091364
2016-09-23,33414690.31561634
2016-09-26,33233475.28573203
2016-09-27,33494545.352790684
2016-09-28,33645323.24489848
2016-09-29,33358283.44162995
2016-09-30,33525258.777336415
2016-10-03,33363854.425749246
2016-10-04,33035828.074094474
2016-10-05,33105899.925688818
2016-10-06,33057011.7404339
2016-10-07,32989032.07614237
2016-10-10,33072925.666044407
2016-10-11,32635974.770208
2016-10-12,32677172.844300844
2016-10-13,32634401.90185167
2016-10-14,32549578.415506784
2016-10-17,32503549.552936073
2016-10-18,32774285.24477765
2016-10-19,32876185.501815464
2016-10-20,32782587.11073165
2016-10-21,32831821.752254937
2016-10-24,32927903.305594094
2016-10-25,32807903.731196776
2016-10-26,32668244.430656318
2016-10-27,32465077.832874175
2016-10-28,32371073.388618585
2016-10-31,32397712.389228243
2016-11-01,32156890.844686363
2016-11-02,32055290.81669691
2016-11-03,31882972.934376977
2016-11-04,31946294.497790348
2016-11-07,32526058.47714232
2016-11-08,32557923.95201919
2016-11-09,32410293.948705014
2016-11-10,32289253.468545426
2016-11-11,32145711.842680737
2016-11-14,31982520.463105645
2016-11-15,32234074.58602157
2016-11-16,32201093.128035635
2016-11-17,32224519.233116787
2016-11-18,32005303.752699737
2016-11-21,32278647.67817606
2016-11-22,32372012.22830715
2016-11-23,32271310.701189153
2016-11-25,32357878.622193005
2016-11-28,32346753.03523203
2016-11-29,32442776.601859592
2016-11-30,32146064.746299036
2016-12-01,31899614.328416318
2016-12-02,31898371.209280726
2016-12-05,32089802.316103637
2016-12-06,32191019.52488535
2016-12-07,32612326.42561755
2016-12-08,32691700.306886956
2016-12-09,32888919.180619434
2016-12-12,32850440.8087395
2016-12-13,33069486.75426053
2016-12-14,32795282.74140286
2016-12-15,32929949.545486063
2016-12-16,32864746.471928246
2016-12-19,32935398.983338945
2016-12-20,33061337.21076552
2016-12-21,32969022.03756924
2016-12-22,32911628.85596664
2016-12-23,32958984.646138493
2016-12-27,33039818.579096217
2016-12-28,32767091.530016582
2016-12-29,32759165.310986225
2016-12-30,32639200.74090861
2017-01-03,32887377.18519171
2017-01-04,33081694.80482029
2017-01-05,33054854.753069
2017-01-06,33172055.742260613
2017-01-09,33062281.776757512
2017-01-10,33061630.276296362
2017-01-11,33154099.38657203
2017-01-12,33070506.26894551
2017-01-13,33145513.795127533
2017-01-17,33028462.451458085
2017-01-18,33100570.4053677
2017-01-19,32977693.32785863
2017-01-20,33097800.984961107
2017-01-23,33011313.614660896
2017-01-24,33221640.836732466
2017-01-25,33507607.543717425
2017-01-26,33472034.3721476
2017-01-27,33418995.36927205
2017-01-30,33211723.151609313
2017-01-31,33208147.38396395
2017-02-01,33220596.993526366
2017-02-02,33241770.624861587
2017-02-03,33469549.34381556
2017-02-06,33409229.784928452
2017-02-07,33410022.446695086
2017-02-08,33453020.992394723
2017-02-09,33650240.016271286
2017-02-10,33781976.804351024
2017-02-13,33964648.80203565
2017-02-14,34099287.36725823
2017-02-15,34276129.13825972
2017-02-16,34246343.69006664
2017-02-17,34299508.875071816
2017-02-21,34502532.25025938
2017-02-22,34471293.33713987
2017-02-23,34490452.725798026
2017-02-24,34533431.9020735
2017-02-27,34586583.296213835
2017-02-28,34492779.984900355
2017-03-01,34973702.19591431
2017-03-02,34753304.756134994
2017-03-03,34774447.94155847
2017-03-06,34670457.99539835
2017-03-07,34566467.56594499
2017-03-08,34501761.43126034
2017-03-09,34544733.08150501
2017-03-10,34664819.72508663
2017-03-13,34681589.70439166
2017-03-14,34548507.75350597
2017-03-15,34846095.69334742
2017-03-16,34777026.833457135
2017-03-17,34715402.26583335
2017-03-20,34676898.54761743
2017-03-21,34233892.21142014
2017-03-22,34313253.23160736
2017-03-23,34276215.40280927
2017-03-24,34250809.18833352
2017-03-27,34215225.591953546
2017-03-28,34461904.064083666
2017-03-29,34493235.89862581
2017-03-30,34601690.29499135
2017-03-31,34521001.152092636
2017-04-03,34460654.154556066
2017-04-04,34481820.954689324
2017-04-05,34379292.50785239
2017-04-06,34474647.49407617
2017-04-07,34439049.22358885
2017-04-10,34458745.72556907
2017-04-11,34417343.8792819
2017-04-12,34266810.00995688
2017-04-13,34044969.985640384
2017-04-17,34344045.397104
2017-04-18,34241519.559462585
2017-04-19,34178279.82220443
2017-04-20,34454062.47678001
2017-04-21,34344272.2427379
2017-04-24,34718993.69446381
2017-04-25,34919105.62305303
2017-04-26,34896594.644448765
2017-04-27,34925019.37300367
2017-04-28,34848677.01503023
2017-05-01,34935292.36397629
2017-05-02,34947708.9654486
2017-05-03,34904828.87004052
2017-05-04,34944886.877659075
2017-05-05,35080975.543863766
2017-05-08,35074471.6133476
2017-05-09,35041774.88911602
2017-05-10,35103654.41912984
2017-05-11,35031680.303746946
2017-05-12,34972798.8178063
2017-05-15,35164165.439055786
2017-05-16,35131471.796004914
2017-05-17,34510955.884655
2017-05-18,34648511.07920495
2017-05-19,34871901.320070036
2017-05-22,35047283.229572125
2017-05-23,35123701.50348
2017-05-24,35204497.498148106
2017-05-25,35367639.032853425
2017-05-26,35359668.26257094
2017-05-30,35328431.01488882
2017-05-31,35319003.2326029
2017-06-01,35597674.247270904
2017-06-02,35714834.00030194
2017-06-05,35687956.111511916
2017-06-06,35573762.354827374
2017-06-07,35638544.53235067
2017-06-08,35655300.8903725
2017-06-09,35600773.41302768
2017-06-12,35592800.556386806
2017-06-13,35765254.43756008
2017-06-14,35719444.50183908
2017-06-15,35650361.2012145
2017-06-16,35657424.52139825
2017-06-19,35950644.72939922
2017-06-20,35709868.309177436
2017-06-21,35700451.63141668
2017-06-22,35683757.011847496
2017-06-23,35725263.785859324
2017-06-26,35747861.949415825
2017-06-27,35461992.659766234
2017-06-28,35775595.909837395
2017-06-29,35463527.82938468
2017-06-30,35528323.5543054
2017-07-03,35587286.50758187
2017-07-05,35668091.37288813
2017-07-06,35344399.85430028
2017-07-07,35570688.78879918
2017-07-10,35607832.90788058
2017-07-11,35580966.431329094
2017-07-12,35845082.19934418
2017-07-13,35904048.663881466
2017-07-14,36069228.48463265
2017-07-17,36064168.09721812
2017-07-18,36082394.28061597
2017-07-19,36275213.214309864
2017-07-20,36290508.76763631
2017-07-21,36257805.6802318
2017-07-24,36248382.185131155
2017-07-25,36334978.78919803
2017-07-26,36335742.911624774
2017-07-27,36301574.39294501
2017-07-28,36258672.39126508
2017-07-31,36237616.85507992
2017-08-01,36316937.00699252
2017-08-02,36279416.03142156
2017-08-03,36332295.640695326
2017-08-04,36296835.594452456
2017-08-07,36381262.4419302
2017-08-08,36259077.73607993
2017-08-09,36298894.241117656
2017-08-10,35923591.68645919
2017-08-11,36013555.38264992
2017-08-14,36275431.40912368
2017-08-15,36160218.796805955
2017-08-16,36287783.61615491
2017-08-17,35853231.17204268
2017-08-18,35801807.16546158
2017-08-21,35850163.1605967
2017-08-22,36146436.18207848
2017-08-23,36140274.08760212
2017-08-24,35997555.36264129
2017-08-25,36138089.85878847
2017-08-28,36163090.50564497
2017-08-29,36284744.24301708
2017-08-30,36420650.76754359
2017-08-31,36690029.68876828
2017-09-01,36631951.29530733
2017-09-05,36621746.265257336
2017-09-06,36654841.75877925
2017-09-07,36804114.407538414
2017-09-08,36732615.5802996
2017-09-11,36907146.466911994
2017-09-12,36939533.59393552
2017-09-13,36880282.63625713
2017-09-14,36872489.70209862
2017-09-15,36962363.173496395
2017-09-18,36895287.70397173
2017-09-19,36888218.58499496
2017-09-20,36827255.49606339
2017-09-21,36679289.215915166
2017-09-22,36748366.73752458
2017-09-25,36779896.656119145
2017-09-26,36768414.919251725
2017-09-27,36720417.61679672
2017-09-28,36754309.62975824
2017-09-29,36835002.100754134
2017-10-02,36949264.00614542
2017-10-03,37076357.634537615
2017-10-04,37106780.773917444
2017-10-05,37284346.91236148
2017-10-06,37194562.8282219
2017-10-09,37171795.94941649
2017-10-10,37280037.70738358
2017-10-11,37376453.146178514
2017-10-12,37352480.382369794
2017-10-13,37517849.649413235
2017-10-16,37500372.182287395
2017-10-17,37509388.45217048
2017-10-18,37447541.995167114
2017-10-19,37493599.538770154
2017-10-20,37526975.25618379
2017-10-23,37413972.533084214
2017-10-24,37362524.75413662
2017-10-25,37113845.93952963
2017-10-26,37108575.500434384
2017-10-27,37531695.3868914
2017-10-30,37524671.82774687
2017-10-31,37554839.21069229
2017-11-01,37623882.115388684
2017-11-02,37685040.30649784
2017-11-03,37867302.9598799
2017-11-06,37968338.74583068
2017-11-07,37953015.85535262
2017-11-08,37967837.28280347
2017-11-09,37813612.72949141
2017-11-10,37607536.915626034
2017-11-13,37621298.49958702
2017-11-14,37584236.92224941
2017-11-15,37528639.84606702
2017-11-16,37746846.0328893
2017-11-17,37682725.9179056
2017-11-20,37683013.51611295
2017-11-21,37932633.82912041
2017-11-22,38016716.92726092
2017-11-24,38068816.41801212
2017-11-27,38063649.69496475
2017-11-28,38451503.38113156
2017-11-29,38303215.00810027
2017-11-30,38515901.304145515
2017-12-01,38573591.2875224
2017-12-04,38505626.05114326
2017-12-05,38392761.81534483
2017-12-06,38475662.939940475
2017-12-07,38524971.24517981
2017-12-08,38702333.45364492
2017-12-11,38790028.38334054
2017-12-12,38822487.50549644
2017-12-13,38969830.25689665
2017-12-14,38793415.91475569
2017-12-15,39104660.959094174
2017-12-18,39260952.0178674
2017-12-19,38934631.84451547
2017-12-20,38798113.06343971
2017-12-21,38901602.35821496
2017-12-22,38902533.534339406
2017-12-26,38866842.083855964
2017-12-27,39046073.04989597
2017-12-28,39075436.272877365
2017-12-29,38986551.124049425
2018-01-02,39134279.86588784
2018-01-03,39418003.48678127
2018-01-04,39560847.23831483
2018-01-05,39771784.31455755
2018-01-08,39821947.72148592
2018-01-09,39720373.48563848
2018-01-10,39644099.02331726
2018-01-11,39957869.75825602
2018-01-12,40189440.94239222
2018-01-16,40066343.312855795
2018-01-17,40359525.3631427
2018-01-18,40161851.44186644
2018-01-19,40239607.50606516
2018-01-22,40552121.11031062
2018-01-23,40750774.05911494
2018-01-24,40654468.813297816
2018-01-25,40756301.17088936
2018-01-26,41111207.62226818
2018-01-29,40726973.2905753
2018-01-30,40202502.79588043
2018-01-31,40230857.238801576
2018-02-01,39967306.571325995
2018-02-02,39054249.40896954
2018-02-05,37377229.873365864
2018-02-06,38133018.95028656
2018-02-07,37919750.51193174
2018-02-08,36458092.49766452
2018-02-09,37020374.81232794
2018-02-12,37578280.24370324
2018-02-13,37673478.96269714
2018-02-14,38194992.14336712
2018-02-15,38694667.761512615
2018-02-16,38705448.05069933
2018-02-20,38455789.73444937
2018-02-21,38258508.62139755
2018-02-22,38308598.58067463
2018-02-23,38930917.874142244
2018-02-26,39394211.19743591
2018-02-27,38888454.59597367
2018-02-28,38483109.183135934
2018-03-01,37907530.84801572
2018-03-02,38107472.995045125
2018-03-05,38559145.90798101
2018-03-06,38658670.36460692
2018-03-07,38643268.31458394
2018-03-08,38834480.118459485
2018-03-09,39527661.95840657
2018-03-12,39475865.177292034
2018-03-13,39213085.42788613
2018-03-14,39005604.4823349
2018-03-15,38961091.08820781
2018-03-16,39003605.97830305
2018-03-19,38462940.28065859
2018-03-20,38529037.472460195
2018-03-21,38452531.76035461
2018-03-22,37468113.449694045
2018-03-23,36649576.76325995
2018-03-26,37676001.82579441
2018-03-27,37018965.14264199
2018-03-28,36906119.87152446
2018-03-29,37388377.225284405
2018-04-02,36561113.04076736
2018-04-03,37040451.994524114
2018-04-04,37445590.48728144
2018-04-05,37747415.41226742
2018-04-06,36885219.01137955
2018-04-09,37070647.99148941
2018-04-10,37673656.821008995
2018-04-11,37470583.25911751
2018-04-12,37785504.29997849
2018-04-13,37671178.562084846
2018-04-16,37987554.94765535
2018-04-17,38402836.678078204
2018-04-18,38431103.16521926
2018-04-19,38212008.82260355
2018-04-20,37879415.29306192
2018-04-23,37872776.20243668
2018-04-24,37349586.808433466
2018-04-25,37443331.923050284
2018-04-26,37832447.63073185
2018-04-27,37867991.75362539
2018-04-30,37568880.27349221
2018-05-01,37636434.90902621
2018-05-02,37376620.25585214
2018-05-03,37291404.25316783
2018-05-04,37785283.03090752
2018-05-07,37915390.521663666
2018-05-08,37914553.27605788
2018-05-09,38289118.08672126
2018-05-10,38654916.897366844
2018-05-11,38774841.554163285
2018-05-14,38792901.24707688
2018-05-15,38518488.67311204
2018-05-16,38683518.11127985
2018-05-17,38649195.849947274
2018-05-18,38549399.89544649
2018-05-21,38845374.50190973
2018-05-22,38733926.32658327
2018-05-23,38842184.032443285
2018-05-24,38759867.15042964
2018-05-25,38660467.11669121
2018-05-29,38204185.62482727
2018-05-30,38725685.30458946
2018-05-31,38481841.35044908
2018-06-01,38868029.219873786
2018-06-04,39056310.7061411
2018-06-05,39084556.598267265
2018-06-06,39418324.14216332
2018-06-07,39413107.856933095
2018-06-08,39531549.20297302
2018-06-11,39584502.66908091
2018-06-12,39636007.415554196
2018-06-13,39505635.548316315
2018-06-14,39606608.76633551
2018-06-15,39553988.772164516
2018-06-18,39470207.94331099
2018-06-19,39315133.29790534
2018-06-20,39382657.020785846
2018-06-21,39130092.186051704
2018-06-22,39201977.89127951
2018-06-25,38656967.713953495
2018-06-26,38743418.83803101
2018-06-27,38415215.50674834
2018-06-28,38638447.32000424
2018-06-29,38694349.06969221
2018-07-02,38777888.836877316
2018-07-03,38637375.16063926
2018-07-05,38958078.37399652
2018-07-06,39293336.419000655
2018-07-09,39653326.91080056
2018-07-10,39797964.4167751
2018-07-11,39500285.58131955
2018-07-12,39864630.05993423
2018-07-13,39895770.49661194
2018-07-16,39858534.91433214
2018-07-17,40022081.63665964
2018-07-18,40107045.72233169
2018-07-19,39951940.14760521
2018-07-20,39904505.70653596
2018-07-23,39979306.18982306
2018-07-24,40183580.72548966
2018-07-25,40531919.32084503
2018-07-26,40433549.16561357
2018-07-27,40153318.52114097
2018-07-30,39938559.66671082
2018-07-31,40138486.0984212
2018-08-01,40069202.57202254
2018-08-02,40290942.54123023
2018-08-03,40466145.244657755
2018-08-06,40616577.90156939
2018-08-07,40752458.54847219
2018-08-08,40734110.40325601
2018-08-09,40676488.86340162
2018-08-10,40397680.402928285
2018-08-13,40242570.42804029
2018-08-14,40503590.58312749
2018-08-15,40194249.795180164
2018-08-16,40525102.03721621
2018-08-17,40669728.08340106
2018-08-20,40757596.51728318
2018-08-21,40854194.19279161
2018-08-22,40828562.71129219
2018-08-23,40772389.66504668
2018-08-24,41021755.561205626
2018-08-27,41351142.315884665
2018-08-28,41366394.0201583
2018-08-29,41592480.8942468
2018-08-30,41419874.138158314
2018-08-31,41420433.922140464
2018-09-04,41346768.70484082
2018-09-05,41232366.423983224
2018-09-06,41104897.123198144
2018-09-07,41022496.1569387
2018-09-10,41094355.03112667
2018-09-11,41231675.18906112
2018-09-12,41240957.81859528
2018-09-13,41488856.54957009
2018-09-14,41495225.10038543
2018-09-17,41270243.997226425
2018-09-18,41497794.75835404
2018-09-19,41541977.10421194
2018-09-20,41884434.49370927
2018-09-21,41844514.2233994
2018-09-24,41702477.029558666
2018-09-25,41662300.86875651
2018-09-26,41534820.8845822
2018-09-27,41651774.253151506
2018-09-28,41655254.20424849
2018-10-01,41801310.33856345
2018-10-02,41775674.54935545
2018-10-03,41798052.56898797
2018-10-04,41465429.684040174
2018-10-05,41228820.22037833
2018-10-08,41227933.391332485
2018-10-09,41165937.24126558
2018-10-10,39840992.80225212
2018-10-11,38948227.63920055
2018-10-12,39497382.03433143
2018-10-15,39270993.59803888
2018-10-16,40143141.39035625
2018-10-17,40149550.1999671
2018-10-18,39559405.96398106
2018-10-19,39536737.304891445
2018-10-22,39355454.591379516
2018-10-23,39150900.31749914
2018-10-24,37943852.812110506
2018-10-25,38635612.11963816
2018-10-26,37943634.18214676
2018-10-29,37728927.41619615
2018-10-30,38297017.696922444
2018-10-31,38712316.89722728
2018-11-01,39130508.960257106
2018-11-02,39114110.10572081
2018-11-05,39117670.11292608
2018-11-06,39121215.271109775
2018-11-07,39124775.9249983
2018-11-08,39128306.549895234
2018-11-09,39131852.67203847
2018-11-12,39135421.88281594
2018-11-13,39139014.18514899
2018-11-14,39142591.63886245
2018-11-15,39146154.23834102
2018-11-16,39149701.97798547
2018-11-19,39153295.591111064
2018-11-20,39156889.53410009
2018-11-21,39160514.17313937
2018-11-23,39164139.14770091
2018-11-26,39167779.641488604
2018-11-27,39171405.28859335
2018-11-28,39175016.08334599
2018-11-29,39178581.633965604
2018-11-30,39182147.509107135
2018-12-03,39185744.1004594
2018-12-04,38050889.08546985
2018-12-06,38087539.376157224
2018-12-07,37315663.76369402
2018-12-10,37401942.74474551
2018-12-11,37311145.30214143
2018-12-12,37391050.29332888
2018-12-13,37395381.07539177
2018-12-14,36760468.14991218
2018-12-17,36146921.67636145
2018-12-18,36191391.60809208
2018-12-19,35776198.952586114
2018-12-20,35151568.94526037
2018-12-21,34466798.666796744
2018-12-24,33654711.503393576
2018-12-26,35150928.766294874
2018-12-27,35499062.65660898
2018-12-28,35641516.51388102
2018-12-31,36074813.24609773
2019-01-02,36181422.23789407
2019-01-03,36443905.41562959
2019-01-04,36147815.89294945
2019-01-07,36045120.04705463
2019-01-08,35952568.0344208
2019-01-09,35973028.39794382
2019-01-10,35954506.45027278
2019-01-11,36063577.232672416
2019-01-14,36041598.449587554
2019-01-15,36005486.65376685
2019-01-16,35983483.75670624
2019-01-17,35915409.20366432
2019-01-18,35797455.50859715
2019-01-22,35920910.97932945
2019-01-23,35902997.693016775
2019-01-24,36016109.40996983
2019-01-25,35933093.645304166
2019-01-28,35942747.1361331
2019-01-29,36045329.5000911
2019-01-30,36126944.74492144
2019-01-31,36290300.79522446
2019-02-01,36099444.82069693
2019-02-04,36019965.67405005
2019-02-05,36081177.258788824
2019-02-06,36107960.931770034
2019-02-07,36223782.25725875
2019-02-08,36270816.490806825
2019-02-11,36215821.61505023
2019-02-12,36167475.16380825
2019-02-13,36077957.252890565
2019-02-14,36245385.02278143
2019-02-15,36210676.97196819
2019-02-19,36271401.23012395
2019-02-20,36263934.81015553
2019-02-21,36157844.531593055
2019-02-22,36263156.08888538
2019-02-25,36203289.64029613
2019-02-26,36310323.20877053
2019-02-27,36181565.2613907
2019-02-28,36086817.49905755
2019-03-01,35966565.54657024
2019-03-04,35925266.28834389
2019-03-05,35892583.941447645
2019-03-06,35772083.66374851
2019-03-07,35591161.484282225
2019-03-08,35567658.79267139
2019-03-11,36046611.26360659
2019-03-12,36277150.930366315
2019-03-13,36496278.58831936
2019-03-14,36416578.834442995
2019-03-15,36704404.69631373
2019-03-18,36782530.628188476
2019-03-19,36762586.732978754
2019-03-20,36900491.329673156
2019-03-21,37287220.23089941
2019-03-22,36852790.687641956
2019-03-25,36915017.16973513
2019-03-26,37146187.40599392
2019-03-27,37060187.278329134
2019-03-28,37198606.66372694
2019-03-29,37369430.30578593
2019-04-01,37553877.43783843
2019-04-02,37630726.33566884
2019-04-03,37569618.37884207
2019-04-04,37704081.19351582
2019-04-05,37900854.19675674
2019-04-08,37865228.415156335
2019-04-09,37731132.71403872
2019-04-10,37943909.04002433
2019-04-11,37844229.006341636
2019-04-12,37925250.90343792
2019-04-15,37944655.14969761
2019-04-16,37837522.80522165
2019-04-17,37745506.250164144
2019-04-18,37904836.9592439
2019-04-22,37879771.50353547
2019-04-23,38288010.38230151
2019-04-24,38338464.04543619
2019-04-25,38263821.17923743
2019-04-26,38537755.524506055
2019-04-29,38512716.643401235
2019-04-30,38604163.02818075
2019-05-01,38288642.03350506
2019-05-02,38090389.30299633
2019-05-03,38514201.6629686
2019-05-06,38447521.75805198
2019-05-07,37925682.16815047
2019-05-08,37795105.82030297
2019-05-09,37776521.31173671
2019-05-10,37936876.233466424
2019-05-13,37164661.077266544
2019-05-14,37460857.0047617
2019-05-15,37794608.67827159
2019-05-16,38066556.6112389
2019-05-17,37832640.761291154
2019-05-20,37514627.810864836
2019-05-21,37807021.18373222
2019-05-22,37797500.605866194
2019-05-23,37556480.263546176
2019-05-24,37626138.958538465
2019-05-28,37430047.23049012
2019-05-29,37162149.06856892
2019-05-30,37393723.26001472
2019-05-31,37140016.93994229
2019-06-03,37222026.50653591
2019-06-04,37066937.14471517
2019-06-05,37066178.84341013
2019-06-06,37058542.87697497
2019-06-07,37205128.1362041
2019-06-10,37020370.166838005
2019-06-11,37019602.44253634
2019-06-12,37115012.973810084
2019-06-13,37206676.93702945
2019-06-14,37233183.268783964
2019-06-17,37225641.00172859
2019-06-18,37296417.475963645
2019-06-19,37397501.560277455
2019-06-20,37457608.63665522
2019-06-21,37305243.976659805
2019-06-24,37433488.26969953
2019-06-25,37490144.11863149
2019-06-26,37338004.60133003
2019-06-27,37449077.80338768
2019-06-28,37465228.31138175
2019-07-01,37417978.53285869
2019-07-02,37624043.86088738
2019-07-03,37989939.30743181
2019-07-05,37707616.090999335
2019-07-08,37458104.541180365
2019-07-09,37476479.03619276
2019-07-10,37671925.5720039
2019-07-11,37572502.848075464
2019-07-12,37778597.04802968
2019-07-15,37865221.8233571
2019-07-16,37656165.52492464
2019-07-17,37567857.209381275
2019-07-18,37792967.32851484
2019-07-19,37510829.854191236
2019-07-22,37615697.55842178
2019-07-23,37819844.693855256
2019-07-24,38048137.689052306
2019-07-25,37797032.98358569
2019-07-26,38040058.020107314
2019-07-29,37999936.08338978
2019-07-30,37918733.95962669
2019-07-31,37592870.89847881
2019-08-01,37681328.05976486
2019-08-02,37472456.7324207
2019-08-05,36672249.074605
2019-08-06,37230375.307560794
2019-08-07,37247670.48663006
2019-08-08,37961718.175316304
2019-08-09,37646068.3174208
2019-08-12,37433099.64058726
2019-08-13,37861622.609701954
2019-08-14,37015391.96470301
2019-08-15,37346061.72299994
2019-08-16,37793271.105688654
2019-08-19,38066627.14186018
2019-08-20,37935244.81804283
2019-08-21,38141108.74033434
2019-08-22,38041613.92569477
2019-08-23,37305911.677057885
2019-08-26,37678477.385460846
2019-08-27,37679834.00655308
2019-08-28,37953653.05965572
2019-08-29,38361149.57916323
2019-08-30,38349593.40323757
2019-09-03,38203410.38402752
2019-09-04,38691232.07636439
2019-09-05,38870522.48902232
2019-09-06,38920215.14976233
2019-09-09,38695582.69881681
2019-09-10,38398032.88502017
2019-09-11,38633077.79283246
2019-09-12,38677174.86219481
2019-09-13,38286643.23693713
2019-09-16,38328801.23122399
2019-09-17,38520630.265126064
2019-09-18,38552854.9723717
2019-09-19,38563070.346491285
2019-09-20,38596484.77467476
2019-09-23,38637472.75321436
2019-09-24,38524915.07646638
2019-09-25,38495463.148142
2019-09-26,38493789.05302634
2019-09-27,38340233.57240753
2019-09-30,38540556.44157051
2019-10-01,38192357.63259087
2019-10-02,37660476.899480805
2019-10-03,38153336.82705669
2019-10-04,38737669.95640255
2019-10-07,38436939.50426283
2019-10-08,37917250.236161046
2019-10-09,38174264.94934293
2019-10-10,38185796.29526906
2019-10-11,38314526.438458696
2019-10-14,38375565.21778744
2019-10-15,38567846.85635106
2019-10-16,38577862.08365984
2019-10-17,38675356.38725334
2019-10-18,38534186.9408504
2019-10-21,38651958.124891795
2019-10-22,38610610.19362852
2019-10-23,38734791.064479046
2019-10-24,38788021.89495956
2019-10-25,38861374.696142174
2019-10-28,38932800.76428196
2019-10-29,38952276.82627431
2019-10-30,39261218.34024057
2019-10-31,39399885.880688354
2019-11-01,39691431.6508981
2019-11-04,39650287.47900634
2019-11-05,39390642.76243959
2019-11-06,39509374.085006565
2019-11-07,39333165.04447901
2019-11-08,39375338.87366388
2019-11-11,39338580.14215463
2019-11-12,39435356.269549176
2019-11-13,39551422.83736092
2019-11-14,39804160.125847355
2019-11-15,40053943.33088185
2019-11-18,40146537.17615652
2019-11-19,40205197.427222416
2019-11-20,40197576.79996521
2019-11-21,40032143.94123922
2019-11-22,40109165.305619396
2019-11-25,40421562.88110229
2019-11-26,40583345.55924344
2019-11-27,40653967.38293366
2019-11-29,40468500.870079055
2019-12-02,39980056.35401661
2019-12-03,40068495.585931204
2019-12-04,40154398.726551466
2019-12-05,40128315.09979484
2019-12-06,40364928.41999012
2019-12-09,40267392.52132321
2019-12-10,40171711.63399314
2019-12-11,40448140.23001693
2019-12-12,40472300.37675367
2019-12-13,40729970.38056004
2019-12-16,40815651.98637789
2019-12-17,40824202.726627745
2019-12-18,40713279.71735035
2019-12-19,40907712.35690817
2019-12-20,41082947.63301542
2019-12-23,41104678.89671474
2019-12-24,41171596.19219299
2019-12-26,41444008.18394108
2019-12-27,41488232.58322832
2019-12-30,41231819.558467396
2019-12-31,41181189.08792019
2020-01-02,41747841.1201218
2020-01-03,41708382.883820385
2020-01-06,41816317.93837959
2020-01-07,41636482.73514547
2020-01-08,41754316.78275425
2020-01-09,42060669.46685767
2020-01-10,42026816.636659846
2020-01-13,42259536.96907258
2020-01-14,42274148.47628444
2020-01-15,42468940.39437119
2020-01-16,42727171.38834599
2020-01-17,42820716.50572238
2020-01-21,42898351.21442155
2020-01-22,42906222.06218505
2020-01-23,43057869.0686127
2020-01-24,42830507.30197499
2020-01-27,42443443.14529548
2020-01-28,42728569.2195364
2020-01-29,42893947.36989675
2020-01-30,43066128.87625321
2020-01-31,42492313.27637612
2020-02-03,42766179.88027493
2020-02-04,43165525.23499695
2020-02-05,43476535.771382965
2020-02-06,43649738.98249456
2020-02-07,43615619.53236355
2020-02-10,44019812.95327233
2020-02-11,43986229.122747794
2020-02-12,44152889.514295444
2020-02-13,44140147.558530785
2020-02-14,44315917.11990153
2020-02-18,44267085.168656304
2020-02-19,44466538.74780134
2020-02-20,44407283.444504924
2020-02-21,44124200.88794261
2020-02-24,43006913.51812936
2020-02-25,41828596.12234371
2020-02-26,41651024.55776022
2020-02-27,40015996.74961135
2020-02-28,40295798.40921098
2020-03-02,42009577.32072927
2020-03-03,42474275.32562652
2020-03-04,42381674.72884464
2020-03-05,42752359.211780794
2020-03-06,43173738.13466393
2020-03-09,43559418.21937908
2020-03-10,42773663.54670136
2020-03-11,42341216.78123785
2020-03-12,42362396.20286825
2020-03-13,42077834.398355715
2020-03-16,43188651.847961254
2020-03-17,42104342.143803254
2020-03-18,41518401.03879754
2020-03-19,41656811.23133759
2020-03-20,42733859.21290467
2020-03-23,43228607.48672707
2020-03-24,42932700.56185654
2020-03-25,42957225.0876102
2020-03-26,43061715.72762919
2020-03-27,43382536.1136171
2020-03-30,43481565.126312025
2020-03-31,43558935.53109374
2020-04-01,43733620.43886194
2020-04-02,43739816.64712314
2020-04-03,43770701.31285512
2020-04-06,43576198.786908016
2020-04-07,43383835.69662785
2020-04-08,43329332.47783835
2020-04-09,43421682.64753895
2020-04-13,43328012.60736604
2020-04-14,43384484.35495044
2020-04-15,43770099.85477808
2020-04-16,43815050.8055229
2020-04-17,43701702.39054822
2020-04-20,43813883.41237891
2020-04-21,43932690.89657043
2020-04-22,43798820.63445637
2020-04-23,43826140.37022549
2020-04-24,43835831.45996987
2020-04-27,43606724.145955384
2020-04-28,43793669.25922902
2020-04-29,43771724.09651827
2020-04-30,43668717.32464853
2020-05-01,43727277.20453028
2020-05-04,43733496.14567183
2020-05-05,43700861.11508269
2020-05-06,43540848.24257846
2020-05-07,43803526.588799775
2020-05-08,43661742.92310607
2020-05-11,43540341.55611039
2020-05-12,43682015.147163555
2020-05-13,43769744.35475072
2020-05-14,43835926.13911212
2020-05-15,43806936.00681523
2020-05-18,43541734.70335058
2020-05-19,43662007.426358126
2020-05-20,43671815.38009338
2020-05-21,43699301.16590687
2020-05-22,43779883.72353634
2020-05-26,43659296.578347296
2020-05-27,43694480.87307745
2020-05-28,43654002.77122285
2020-05-29,43793829.177770436
2020-06-01,43775737.748236924
2020-06-02,44042410.00547098
2020-06-03,44368248.21368153
2020-06-04,44073962.92656519
2020-06-05,44995119.36628773
2020-06-08,45594098.205239825
2020-06-09,45405476.4544807
2020-06-10,45477338.15115768
2020-06-11,43001316.58358321
2020-06-12,43418521.202815704
2020-06-15,43787836.27934148
2020-06-16,44543621.77176244
2020-06-17,44424570.69913978
2020-06-18,44538904.84052538
2020-06-19,44296246.99963526
2020-06-22,44537639.528432526
2020-06-23,44725783.29084606
2020-06-24,43667772.25605464
2020-06-25,44140060.20606355
2020-06-26,43212767.29373018
2020-06-29,43886105.40627742
2020-06-30,44362940.578597575
2020-07-01,44601132.3356605
2020-07-02,44898899.1185768
2020-07-06,45521670.12948186
2020-07-07,45193754.93800678
2020-07-08,45466435.22122242
2020-07-09,45348744.297630146
2020-07-10,45719604.17952022
2020-07-13,45371635.79835566
2020-07-14,45950313.772846825
2020-07-15,46352920.90033402
2020-07-16,46232784.00426405
2020-07-17,46352793.670757346
2020-07-20,46753135.30598796
2020-07-21,46898498.7165862
2020-07-22,47176359.7052421
2020-07-23,46661094.500647776
2020-07-24,46337975.06642676
2020-07-27,46597929.17201442
2020-07-28,46414266.13463169
2020-07-29,47039677.403844535
2020-07-30,46936789.57462698
2020-07-31,47312988.34545394
2020-08-03,47613147.520566605
2020-08-04,47954193.102809004
2020-08-05,48089342.37867095
2020-08-06,48458980.78843972
2020-08-07,48391673.043349534
2020-08-10,48482892.97500316
2020-08-11,47922247.104618326
2020-08-12,48445359.774778105
2020-08-13,48258478.05070625
2020-08-14,48281293.77043624
2020-08-17,48510597.01683062
2020-08-18,48694915.397336334
2020-08-19,48428658.99519566
2020-08-20,48713202.018075794
2020-08-21,48917869.55558516
2020-08-24,49339553.019637346
2020-08-25,49392860.66352071
2020-08-26,49854530.46510961
2020-08-27,49786623.48343407
2020-08-28,50188468.37030872
2020-08-31,50057357.81159542
2020-09-01,50688538.833089665
2020-09-02,51485804.50502423
2020-09-03,49786536.03431007
2020-09-04,49102283.665384755
2020-09-08,47866374.58627335
2020-09-09,48782196.120554075
2020-09-10,47993961.96929984
2020-09-11,48090903.96649123
2020-09-14,48675945.336074345
2020-09-15,48895207.47245767
2020-09-16,48672157.826061495
2020-09-17,48258940.346951045
2020-09-18,47659714.56314792
2020-09-21,47217133.53011153
2020-09-22,47692078.72137855
2020-09-23,46592694.262361504
2020-09-24,46737392.476435095
2020-09-25,47523755.334384315
2020-09-28,48295975.532631144
2020-09-29,48068467.37680327
2020-09-30,48298172.591120176
2020-10-01,48631264.599549875
2020-10-02,48123603.283335075
2020-10-05,48666315.08941646
2020-10-06,48083720.40539122
2020-10-07,48777960.47301302
2020-10-08,49296208.46456077
2020-10-09,49710005.1184331
2020-10-12,50559821.1185591
2020-10-13,50338964.77343723
2020-10-14,50037945.51015551
2020-10-15,49921111.48474264
2020-10-16,49860218.36491565
2020-10-19,49019769.18901026
2020-10-20,49107088.96969982
2020-10-21,48945886.06296941
2020-10-22,49039522.684732035
2020-10-23,49275586.19889633
2020-10-26,48490628.71179728
2020-10-27,48432260.65552314
2020-10-28,46770005.18878027
2020-10-29,47044948.7400634
2020-10-30,46398235.161488414
2020-11-02,47001179.90961173
2020-11-03,47728782.688165985
2020-11-04,49198595.087314144
2020-11-05,50146853.67871735
2020-11-06,49966237.44245294
2020-11-09,50229946.441103
2020-11-10,50012049.85987472
2020-11-11,50465827.18399389
2020-11-12,50251034.498483986
2020-11-13,50883461.03858005
2020-11-16,51484488.2691775
2020-11-17,51334986.99164717
2020-11-18,50693960.371321596
2020-11-19,50962205.2611485
2020-11-20,50698641.908821486
2020-11-23,50899545.87353513
2020-11-24,51631914.695770346
2020-11-25,51566406.680181146
2020-11-27,51861475.08305872
2020-11-30,51594892.509994514
2020-12-01,51889682.90708173
2020-12-02,51912502.24862628
2020-12-03,52032801.714032374
2020-12-04,52283075.684870355
2020-12-07,52330570.2510786
2020-12-08,52534247.58956781
2020-12-09,51984049.055150315
2020-12-10,52079921.781744376
2020-12-11,52118211.81535889
2020-12-14,51851370.81519002
2020-12-15,52504432.53295896
2020-12-16,52542748.67091434
2020-12-17,52800012.441907205
2020-12-18,52539786.722904935
2020-12-21,52383786.03189272
2020-12-22,52381032.069451764
2020-12-23,52315866.227759294
2020-12-24,52593616.75524972
2020-12-28,53049809.0587806
2020-12-29,52936960.99584237
2020-12-30,53045881.29989116
2020-12-31,53349601.331275806
2021-01-04,52631363.04041543
2021-01-05,52869666.497497626
2021-01-06,52876009.976789735
2021-01-07,53481247.328948624
2021-01-08,53635726.948404364
2021-01-11,53161466.86471734
2021-01-12,53161537.883564934
2021-01-13,53490962.9370989
2021-01-14,53176596.369485825
2021-01-15,52923609.61669948
2021-01-19,53375380.96872329
2021-01-20,54146193.8828284
2021-01-21,54117589.98803284
2021-01-22,54001522.064398974
2021-01-25,54431181.58662092
2021-01-26,54325098.99140019
2021-01-27,53041602.33030818
2021-01-28,53362409.86023637
2021-01-29,52183172.33688316
2021-02-01,53129875.87214568
2021-02-02,53864580.06487164
2021-02-03,53906483.76371921
2021-02-04,54527093.48387138
2021-02-05,54743729.15707751
2021-02-08,55143739.36780548
2021-02-09,55105377.89914907
2021-02-10,55079902.84494302
2021-02-11,55169046.32913566
2021-02-12,55444416.177658364
2021-02-16,55394579.7803595
2021-02-17,55406363.61018833
2021-02-18,55166020.74290287
2021-02-19,55066062.93713311
2021-02-22,54635219.282064155
2021-02-23,54695889.76496979
2021-02-24,55306450.88332927
2021-02-25,53953073.55649487
2021-02-26,53669769.573189996
2021-03-01,54989452.267481506
2021-03-02,54552865.676177874
2021-03-03,53818336.925601825
2021-03-04,53141111.02904963
2021-03-05,54132759.80145211
2021-03-08,53858058.121217735
2021-03-09,54637683.08865543
2021-03-10,54981805.54219175
2021-03-11,55546532.09932192
2021-03-12,55621344.09377104
2021-03-15,55956864.135486625
2021-03-16,55884108.150738485
2021-03-17,56076380.45614082
2021-03-18,55247256.38750266
2021-03-19,55142377.428061604
2021-03-22,55586780.8809146
2021-03-23,55143016.14248582
2021-03-24,54858281.53435393
2021-03-25,55169464.90067967
2021-03-26,56067957.384963
2021-03-29,56038177.47320537
2021-03-30,55886646.174002096
2021-03-31,56114724.510341294
2021-04-01,56726703.92752494
2021-04-05,57549256.03851479
2021-04-06,57513721.785795525
2021-04-07,57579888.48521784
2021-04-08,57855203.24443819
2021-04-09,58279496.22704376
2021-04-12,58299804.64177813
2021-04-13,58473404.26819953
2021-04-14,58270265.679147355
2021-04-15,58902244.5800238
2021-04-16,59100192.2430052
2021-04-19,58805331.68226786
2021-04-20,58368672.506398596
2021-04-21,58926176.01813694
2021-04-22,58380653.050245
2021-04-23,59019795.08900506
2021-04-26,59143243.32225287
2021-04-27,59129155.85395464
2021-04-28,59110779.50765375
2021-04-29,59490640.4496267
2021-04-30,59094071.873344295
2021-05-03,59221812.06613622
2021-05-04,58851053.656989306
2021-05-05,58868478.37801396
2021-05-06,59342892.3405606
2021-05-07,59778610.17562112
2021-05-10,59178625.53614117
2021-05-11,58643116.71989854
2021-05-12,57381333.2190883
2021-05-13,58077802.48454199
2021-05-14,58979122.94921263
2021-05-17,58826091.867855795
2021-05-18,58312086.95159918
2021-05-19,58156188.03425057
2021-05-20,58788192.4696543
2021-05-21,58738296.90050824
2021-05-24,59343071.82651272
2021-05-25,59202644.70241928
2021-05-26,59320363.82793833
2021-05-27,59350683.66223685
2021-05-28,59456935.79871028
2021-06-01,59402737.28249214
2021-06-02,59496083.11134897
2021-06-03,59271411.91320732
2021-06-04,59818887.38679808
2021-06-07,59758951.80520853
2021-06-08,59770637.42223656
2021-06-09,59679181.56588181
2021-06-10,59958760.83000288
2021-06-11,60057834.33584596
2021-06-14,60192711.17337653
2021-06-15,60079758.95034665
2021-06-16,59739048.240085416
2021-06-17,59717795.413139775
2021-06-18,58901138.76232957
2021-06-21,59750857.20986692
2021-06-22,60071979.90176228
2021-06-23,59997729.27327357
2021-06-24,60354638.190690935
2021-06-25,60569730.41004135
2021-06-28,60691705.52478007
2021-06-29,60723470.044451855
2021-06-30,60773798.27594356
2021-07-01,61112080.380309135
2021-07-02,61582160.2628015
2021-07-06,61467752.034381926
2021-07-07,61685698.798479795
2021-07-08,61177352.85490985
2021-07-09,61835069.73569429
2021-07-12,62057317.03741541
2021-07-13,61842625.14205232
2021-07-14,61934512.81601001
2021-07-15,61719813.97582738
2021-07-16,61230088.11578961
2021-07-19,60316370.10780871
2021-07-20,61187552.5159134
2021-07-21,61686265.538301185
2021-07-22,61815388.48455296
2021-07-23,62455912.476631045
2021-07-26,62609356.61008463
2021-07-27,62320179.8453706
2021-07-28,62293139.74664814
2021-07-29,62552618.835229404
2021-07-30,62244808.19827212
2021-08-02,62111756.22325889
2021-08-03,62603850.00849418
2021-08-04,62274638.65542817
2021-08-05,62444396.47590904
2021-08-06,62181827.769281015
2021-08-09,61994210.12690597
2021-08-10,61952622.72989601
2021-08-11,62177382.89121849
2021-08-12,62300919.341536105
2021-08-13,62774121.68597131
2021-08-16,63060188.003613055
2021-08-17,62605986.02337084
2021-08-18,61875304.2628205
2021-08-19,62108090.34454158
2021-08-20,62548695.702069454
2021-08-23,63120628.77395103
2021-08-24,63050274.217955954
2021-08-25,62937494.28099838
2021-08-26,62542069.690466195
2021-08-27,63315819.43054833
2021-08-30,63720203.75682185
2021-08-31,63503913.47142452
2021-09-01,63562476.69686535
2021-09-02,63834049.648210086
2021-09-03,63665702.33598121
2021-09-07,63183609.32954226
2021-09-08,63275369.80703103
2021-09-09,63174128.25037086
2021-09-10,62466022.96889354
2021-09-13,62702158.576355174
2021-09-14,62590998.81504015
2021-09-15,63012930.577074945
2021-09-16,62710149.817805335
2021-09-17,61900362.49993835
2021-09-20,61162760.640282884
2021-09-21,61063894.56859294
2021-09-22,61723764.96901144
2021-09-23,61931112.048882
2021-09-24,61848274.638699
2021-09-27,61499074.58835859
2021-09-28,60021630.82891782
2021-09-29,60184922.192512095
2021-09-30,59519683.59071903
2021-10-01,60467910.72739547
2021-10-04,59659079.2234793
2021-10-05,60277612.525591776
2021-10-06,60526517.92113679
2021-10-07,61047786.575512044
2021-10-08,60935409.619173296
2021-10-11,60493732.901030354
2021-10-12,60343861.743323706
2021-10-13,60559421.260145135
2021-10-14,61575324.964392535
2021-10-15,62042374.93936292
2021-10-18,62224569.85143894
2021-10-19,62702714.038529925
2021-10-20,62947405.859692916
2021-10-21,63110126.8946825
2021-10-22,63043562.49897062
2021-10-25,63379964.0188955
2021-10-26,63435678.33425067
2021-10-27,63153736.4601729
2021-10-28,63761097.38008679
2021-10-29,63889055.61922885
2021-11-01,63997559.98237859
2021-11-02,64254730.60901762
2021-11-03,64645310.16149337
2021-11-04,64948330.5855709
2021-11-05,65172128.73446282
2021-11-08,65226427.876402795
2021-11-09,65009759.739553444
2021-11-10,64486017.522659004
2021-11-11,64505579.200764954
2021-11-12,64990633.289219975
2021-11-15,65011573.30779655
2021-11-16,65267344.16234859
2021-11-17,65107645.1077101
2021-11-18,65327283.687528335
2021-11-19,65209271.86422775
2021-11-22,65024568.91149667
2021-11-23,65109415.684326805
2021-11-24,65275315.557938084
2021-11-26,63819211.64513152
2021-11-29,64600236.51019548
2021-11-30,63342860.40549309
2021-12-01,62638512.7910051
2021-12-02,63428129.758980885
2021-12-03,63241108.75697502
2021-12-06,63673461.666125596
2021-12-07,64751207.82602384
2021-12-08,64719222.7720465
2021-12-09,64434900.50855416
2021-12-10,65085806.152534485
2021-12-13,64813060.47466069
2021-12-14,64252284.62957941
2021-12-15,65160092.1919176
2021-12-16,64770212.955039814
2021-12-17,64223661.04605828
2021-12-20,63485534.45341829
2021-12-21,64347752.38425201
2021-12-22,65050371.36385324
2021-12-23,65316841.14209842
2021-12-27,66262084.89105459
2021-12-28,66193833.12455267
2021-12-29,65942607.448145606
2021-12-30,65972851.43530244
2021-12-31,65729672.59594525
2022-01-03,65501840.72924942
2022-01-04,65445809.36867569
2022-01-05,64170317.05679
2022-01-06,64107880.07003637
2022-01-07,63849525.54364621
2022-01-10,63767656.47156293
2022-01-11,64355508.447393164
2022-01-12,64530685.953042
2022-01-13,63627601.73611428
2022-01-14,63652711.91334997
2022-01-18,62507855.53691673
2022-01-19,61847971.60418001
2022-01-20,61151965.86118599
2022-01-21,59932154.19989135
2022-01-24,60189370.16426984
2022-01-25,59441993.32854164
2022-01-26,59289341.68415986
2022-01-27,58990780.058895886
2022-01-28,60477733.54367646
2022-01-31,61582548.28002585
2022-02-01,62003711.27481132
2022-02-02,62613839.81166986
2022-02-03,61118860.50565947
2022-02-04,61409414.44469759
2022-02-07,61208070.59834374
2022-02-08,61718173.00796047
2022-02-09,62633987.65577852
2022-02-10,61490543.55509965
2022-02-11,60258184.37399479
2022-02-14,60056861.31844665
2022-02-15,61039407.04291872
2022-02-16,61107646.489448965
2022-02-17,59780812.297004975
2022-02-18,59386364.18224447
2022-02-22,58737646.64277006
2022-02-23,57671681.339602895
2022-02-24,58552831.57812297
2022-02-25,59864707.95656804
2022-02-28,59707875.97407496
2022-03-01,58782651.703605704
2022-03-02,59880541.69979192
2022-03-03,59576399.5949123
2022-03-04,59083313.55163926
2022-03-07,57311880.72929964
2022-03-08,56868844.521623924
2022-03-09,58418371.13874211
2022-03-10,58149003.92924977
2022-03-11,57396093.3103038
2022-03-14,56968347.43794948
2022-03-15,58241343.481681615
2022-03-16,59553239.75731316
2022-03-17,60309302.54138358
2022-03-18,60979326.471046165
2022-03-21,60960018.608919315
2022-03-22,61681314.580573894
2022-03-23,60875534.7947693
2022-03-24,61803879.66006909
2022-03-25,62108310.14584132
2022-03-28,62554464.163020395
2022-03-29,63336868.04548917
2022-03-30,62939576.5744733
2022-03-31,61957301.842151135
2022-04-01,62133889.0394532
2022-04-04,62671750.00084863
2022-04-05,61868730.89855014
2022-04-06,61240794.81996718
2022-04-07,61552186.02115642
2022-04-08,61384184.07641568
2022-04-11,60319956.96666112
2022-04-12,60092233.56369248
2022-04-13,60788527.33570789
2022-04-14,60020283.190885045
2022-04-18,60044060.92245337
2022-04-19,61025200.51829264
2022-04-20,60978094.52734022
2022-04-21,60052824.63775735
2022-04-22,58381408.8172768
2022-04-25,58723421.02395954
2022-04-26,56997830.82054312
2022-04-27,57159230.643794015
2022-04-28,58622599.478167385
2022-04-29,56424593.23418859
2022-05-02,56768010.61023525
2022-05-03,56741231.98340075
2022-05-04,56743204.790019765
2022-05-05,56745088.361600615
2022-05-06,56746971.99570599
2022-05-09,56749034.27619041
2022-05-10,56751029.676772974
2022-05-11,56753047.468788296
2022-05-12,56755176.90982631
2022-05-13,56757440.255884446
2022-05-16,56759837.44350412
2022-05-17,56762212.44503875
2022-05-18,56764498.370920554
2022-05-19,56766828.98256724
2022-05-20,56769092.7932997
2022-05-23,56771490.47307191
2022-05-24,56773843.6680995
2022-05-25,56776196.96066772
2022-05-26,56778572.64673354
2022-05-27,56780948.43220517
2022-05-31,56783480.34031189
2022-06-01,56785990.07787963
2022-06-02,56788522.210797384
2022-06-03,56791143.57635093
2022-06-06,56793898.68288054
2022-06-07,56796676.18647463
2022-06-08,56799476.088206984
2022-06-09,56802298.38917789
2022-06-10,56805298.850137785
2022-06-13,56809076.70481535
2022-06-14,56813054.25382511
2022-06-15,56816832.6242783
2022-06-16,56820278.40441021
2022-06-17,56823813.20452681
2022-06-21,56827525.75315172
2022-06-22,56831038.80180979
2022-06-23,56834596.47284564
2022-06-24,56838309.7259887
2022-06-27,56842222.82607631
2022-06-28,56846136.19556587
2022-06-29,56850005.48705142
2022-06-30,56853719.74693288
2022-07-01,56857434.249483205
2022-07-05,56861592.47041142
2022-07-06,56865728.84064932
2022-07-07,56869954.124428436
2022-07-08,56874224.01877784
2022-07-11,56878980.96239897
2022-07-12,56883804.60060105
2022-07-13,56889003.99517551
2022-07-14,56894203.86499427
2022-07-15,56899315.932859346
2022-07-18,56904759.352333896
2022-07-19,56910247.37928816
2022-07-20,56915691.84454766
2022-07-21,56921048.614553876
2022-07-22,56926427.94804791
2022-07-25,56932116.42450652
2022-07-26,56937651.18918125
2022-07-27,56942943.81580221
2022-07-28,56948192.779458605
2022-07-29,56953420.14423308
2022-08-01,56958956.9799897
2022-08-02,56964494.35402041
2022-08-03,56969944.00895634
2022-08-04,56975327.96331804
2022-08-05,56980866.92888523
2022-08-08,56986604.94378229
2022-08-09,56992365.58477241
2022-08-10,56998082.70495158
2022-08-11,57003712.15780001
2022-08-12,57009364.23224779
2022-08-15,57015237.42718686
2022-08-16,57021067.12776396
2022-08-17,57026853.31191691
2022-08-18,57032684.200196326
2022-08-19,57038581.85084577
2022-08-22,57044700.549027614
2022-08-23,57050753.787636004
2022-08-24,57056851.75268798
2022-08-25,57063060.55419482
2022-08-26,57069270.031329826
2022-08-29,57075722.455332294
2022-08-30,57082153.59238804
2022-08-31,57088563.43299692
2022-09-01,57094996.01693908
2022-09-02,57101363.241155915
2022-09-06,57107973.41861188
2022-09-07,57114628.38288727
2022-09-08,57121262.11037991
2022-09-09,57127918.623226605
2022-09-12,57134817.963031545
2022-09-13,57141937.98608318
2022-09-14,57148948.98425429
2022-09-15,57155916.85751386
2022-09-16,57162841.58134608
2022-09-19,57170184.842279166
2022-09-20,57177463.136644244
2022-09-21,57184632.45138621
2022-09-22,57191758.68221654
2022-09-23,57198731.775039285
2022-09-26,57206101.6232009
2022-09-27,57213384.490105055
2022-09-28,57220734.24388834
2022-09-29,57228018.97366072
2022-09-30,57235216.632375985
2022-10-03,57242679.12314206
2022-10-04,57250098.61456361
2022-10-05,57257541.05773234
2022-10-06,57264962.47547875
2022-10-07,57272362.857247785
2022-10-10,57280006.08698752
2022-10-11,57287892.004484825
2022-10-12,57295844.88172586
2022-10-13,57303974.45867479
2022-10-14,57312127.13218893
2022-10-17,57320653.728667215
2022-10-18,57329334.93049918
2022-10-19,57338061.24534634
2022-10-20,57346788.88845888
2022-10-21,57355495.95529733
2022-10-24,57364423.33037309
2022-10-25,57373286.41093239
2022-10-26,57382085.14778757
2022-10-27,57390907.14383505
2022-10-28,57399818.12796024
2022-10-31,57408883.794322416
2022-11-01,57417950.89250632
2022-11-02,57426975.61977575
2022-11-03,57436045.57536336
2022-11-04,57445029.32152693
2022-11-07,57454233.5490384
2022-11-08,57463395.44583125
2022-11-09,57472580.71090059
2022-11-10,57481723.62053028
2022-11-11,57490944.68274834
2022-11-14,57500243.908916526
2022-11-15,57509500.81545404
2022-11-16,57518759.21225165
2022-11-17,57527997.17745326
2022-11-18,57537280.475481525
2022-11-21,57546740.6125643
2022-11-22,57556158.47517223
2022-11-23,57565577.87906877
2022-11-25,57575020.74767089
2022-11-28,57584640.50393542
2022-11-29,57594196.12020165
2022-11-30,57603753.32213033
2022-12-01,57613202.45290693
2022-12-02,57622653.13368795
2022-12-05,57632215.057783835
2022-12-06,57641778.5685889
2022-12-07,57651190.03043423
2022-12-08,57660537.142737195
2022-12-09,57669929.70386172
2022-12-12,57679543.371589474
2022-12-13,57689092.7799973
2022-12-14,57698577.877683
2022-12-15,57708042.563168705
2022-12-16,57717464.84426826
2022-12-19,57727064.46986535
2022-12-20,57736599.76958888
2022-12-21,57746070.69206104
2022-12-22,57755587.145614184
2022-12-23,57765083.176138714
2022-12-27,57774844.5686384
2022-12-28,57784607.61066022
2022-12-29,57794350.32321187
2022-12-30,57804006.72552587
2023-01-03,57813884.59727337
2023-01-04,57823786.13482639
2023-01-05,57833909.06874866
2023-01-06,57844033.7748446
2023-01-09,57854248.10578382
2023-01-10,57864508.16179105
2023-01-11,57874770.03734918
2023-01-12,57884879.91678363
2023-01-13,57895013.54610237
2023-01-17,57905258.8564646
2023-01-18,57915462.01557933
2023-01-19,57925688.95960311
2023-01-20,57935961.68515813
2023-01-23,57946258.22107661
2023-01-24,57956534.59444975
2023-01-25,57966790.79179854
2023-01-26,57977026.79966301
2023-01-27,57987308.629633546
2023-01-30,57997636.2970275
2023-01-31,58007943.79392492
2023-02-01,58018165.0465734
2023-02-02,58832666.07560141
2023-02-03,58205752.97422845
2023-02-06,57848627.95495044
2023-02-07,58604582.42943334
2023-02-08,57962138.05142227
2023-02-09,57458128.47937511
2023-02-10,57591168.94746795
2023-02-13,58266603.00312399
2023-02-14,58238605.31833176
2023-02-15,58426714.523107484
2023-02-16,57620414.88717083
2023-02-17,57475190.65007264
2023-02-21,56320029.16032861
2023-02-22,56241212.56677236
2023-02-23,56533904.10025386
2023-02-24,55928224.69624062
2023-02-27,56117787.8594217
2023-02-28,55909021.645742916
2023-03-01,55693208.58558838
2023-03-02,55675560.82212824
2023-03-03,55685793.45079082
2023-03-06,55696070.15888341
2023-03-07,55706580.75623609
2023-03-08,55717135.499486595
2023-03-09,55727650.07215231
2023-03-10,55738082.24831108
2023-03-13,55748241.86690751
2023-03-14,55758424.46943098
2023-03-15,55768355.167646505
2023-03-16,55778245.304778785
2023-03-17,55787692.16695441
2023-03-20,55797755.06275707
2023-03-21,55807756.27883224
2023-03-22,55817780.45829113
2023-03-23,55827679.36066134
2023-03-24,55837580.018534325
2023-03-27,55847863.58265937
2023-03-28,55857916.150144234
2023-03-29,55867970.527082615
2023-03-30,55878365.50511661
2023-03-31,55888508.324866466
2023-04-03,55898843.61678134
2023-04-04,55880216.81558898
2023-04-05,55956106.67301112
2023-04-06,56176542.99649951
2023-04-10,55673806.0253529
2023-04-11,55653531.63041015
2023-04-12,55576587.88494016
2023-04-13,56116111.08744703
2023-04-14,55689971.012774
2023-04-17,55520461.61633406
2023-04-18,55635529.408878714
2023-04-19,55492643.639802076
2023-04-20,55498992.36456718
2023-04-21,55392887.965672985
2023-04-24,55712029.79950178
2023-04-25,55363449.75116443
2023-04-26,54898986.60537264
2023-04-27,55616145.66482189
2023-04-28,56501586.10388689
2023-05-01,55773114.85766907
2023-05-02,55857757.10582609
2023-05-03,55825884.557950325
2023-05-04,55408570.59950627
2023-05-05,56115226.85405136
2023-05-08,55774730.148484625
2023-05-09,55447126.953090504
2023-05-10,56114822.644817084
2023-05-11,56211166.98470284
2023-05-12,55790161.90826902
2023-05-15,55846295.55555226
2023-05-16,55276819.5207488
2023-05-17,55758952.394410126
2023-05-18,55941317.82254811
2023-05-19,55631458.4176588
2023-05-22,55536187.87010556
2023-05-23,54976122.20707454
2023-05-24,54409180.31259288
2023-05-25,54527248.239534535
2023-05-26,55321103.65953905
2023-05-30,55756853.6506885
2023-05-31,55642994.2277739
2023-06-01,56302668.322772115
2023-06-02,56642249.70425788
2023-06-05,56503433.69138712
2023-06-06,56647107.636692815
2023-06-07,56026295.975235455
2023-06-08,56734339.34394832
2023-06-09,56618323.33629276
2023-06-12,57211276.859719984
2023-06-13,57171242.596386075
2023-06-14,57302877.87623285
2023-06-15,58444532.36218101
2023-06-16,57979416.06277107
2023-06-20,57841003.117089815
2023-06-21,57586709.57963499
2023-06-22,57448950.54793903
2023-06-23,57243581.8562568
2023-06-26,57141297.461991854
2023-06-27,57545301.06049953
2023-06-28,57795667.99281462
2023-06-29,57408347.54710742
2023-06-30,58202180.94552234
2023-07-03,58000560.43098703
2023-07-05,57883316.910179734
2023-07-06,57425773.87167414
2023-07-07,57278579.73989824
2023-07-10,57423324.50724182
2023-07-11,57790296.91284004
2023-07-12,58257201.194292344
2023-07-13,58721459.16929032
2023-07-14,58683395.10443584
2023-07-17,58887277.595260866
2023-07-18,59326553.957100354
2023-07-19,59458101.264418185
2023-07-20,59059695.03157922
2023-07-21,59058433.30480342
2023-07-24,59322810.91645353
2023-07-25,59484602.742695585
2023-07-26,59492533.23131182
2023-07-27,59094132.91978979
2023-07-28,59675409.32349158
2023-07-31,59788539.69333055
2023-08-01,59614996.20512892
2023-08-02,58778695.73161301
2023-08-03,58607800.15478476
2023-08-04,58339609.17731636
2023-08-07,58851196.93128215
2023-08-08,58592201.89084844
2023-08-09,58196449.5131481
2023-08-10,58216236.69906194
2023-08-11,58180792.51037446
2023-08-14,58503038.11524196
2023-08-15,57815357.88956547
2023-08-16,57386745.061324485
2023-08-17,56944981.60041966
2023-08-18,56971360.97437119
2023-08-21,57343594.50568023
2023-08-22,57185878.02005995
2023-08-23,57826362.395461895
2023-08-24,57017709.71092274
2023-08-25,57421498.58962615
2023-08-28,57781365.32006124
2023-08-29,58621717.70847405
2023-08-30,58863725.55819933
2023-08-31,58775672.896188945
2023-09-01,58884872.168945074
2023-09-05,58627165.03154519
2023-09-06,58228768.03617266
2023-09-07,58047369.38899345
2023-09-08,58134212.931148455
2023-09-11,58518247.90539158
2023-09-12,58193506.56142219
2023-09-13,58260626.75694338
2023-09-14,58765633.72820825
2023-09-15,58050839.27615226
2023-09-18,58083821.49302588
2023-09-19,57961626.12492566
2023-09-20,57425228.387352474
2023-09-21,56470652.04793075
2023-09-22,56341925.23705275
2023-09-25,56578752.149317145
2023-09-26,55742554.0258173
2023-09-27,55763737.390928484
2023-09-28,56087378.5856938
2023-09-29,55949451.399885505
2023-10-02,55925928.9006199
2023-10-03,55172577.52349694
2023-10-04,55575120.8490196
2023-10-05,55552925.063723445
2023-10-06,56214520.90519258
2023-10-09,56574961.02051532
2023-10-10,56869652.1654367
2023-10-11,57102534.67916454
2023-10-12,56751548.83367909
2023-10-13,56466315.532465845
2023-10-16,57062146.13227243
2023-10-17,57058319.46979083
2023-10-18,56293108.478626445
2023-10-19,55794864.15969547
2023-10-20,55104634.73891841
2023-10-23,55007476.17831723
2023-10-24,55423186.04340257
2023-10-25,54622491.51918244
2023-10-26,53963851.60470063
2023-10-27,53716809.626706414
2023-10-30,54361344.67695616
2023-10-31,54703416.67727137
2023-11-01,55288765.16692741
2023-11-02,56352744.49823669
2023-11-03,56868358.52876754
2023-11-06,56998660.191272154
2023-11-07,57160509.98877888
2023-11-08,57201399.5554382
2023-11-09,56751786.472420655
2023-11-10,57640842.23055395
2023-11-13,57584395.6749415
2023-11-14,58706207.89583036
2023-11-15,58829896.56012718
2023-11-16,58900999.21192221
2023-11-17,58973399.39418649
2023-11-20,59428459.30210573
2023-11-21,59297019.194892675
2023-11-22,59525902.96845193
2023-11-24,59561479.26410259
2023-11-27,59446412.006649405
2023-11-28,59504332.30201489
2023-11-29,59460998.89969192
2023-11-30,59695136.0650183
2023-12-01,60048926.0670058
2023-12-04,59730750.85429025
2023-12-05,59717659.33070919
2023-12-06,59474438.63278938
2023-12-07,59929488.47122738
2023-12-08,60187283.14848898
2023-12-11,60421399.68279027
2023-12-12,60697605.396835856
2023-12-13,61537910.592355885
2023-12-14,61735193.96915015
2023-12-15,61631691.65531287
2023-12-18,61977612.719963856
2023-12-19,62353767.84203296
2023-12-20,61487247.58050198
2023-12-21,62069861.67659154
2023-12-22,62193526.71027012
2023-12-26,62455276.96451355
2023-12-27,62567106.07071864
2023-12-28,62589519.83704755
2023-12-29,62406785.497859225
2024-01-02,62055733.63261062
2024-01-03,61650727.2364245
2024-01-04,61063755.16895203
2024-01-05,60905191.560202464
2024-01-08,61977780.6476596
2024-01-09,61841888.23586052
2024-01-10,62081379.583570585
2024-01-11,62371737.93339774
2024-01-12,62568499.98023534
2024-01-16,61819776.99898398
2024-01-17,61254546.49657314
2024-01-18,61653492.03712589
2024-01-19,62425870.77357876
2024-01-22,62736142.77697801
2024-01-23,62748574.63224237
2024-01-24,62624801.13981269
2024-01-25,63228337.81861415
2024-01-26,63019486.909719914
2024-01-29,63887998.58650872
2024-01-30,63907799.325295344
2024-01-31,63361268.10360921
2024-02-01,64562619.06119982
2024-02-02,64382148.97784557
2024-02-05,63496003.37714893
2024-02-06,64009334.49743841
2024-02-07,64422649.47161132
2024-02-08,64229706.2802717
2024-02-09,64478903.82200411
2024-02-12,64494709.40405809
2024-02-13,62873923.62670705
2024-02-14,63667798.52959521
2024-02-15,64266723.85610598
2024-02-16,63655988.62310771
2024-02-20,63399567.222237125
2024-02-21,63237715.12116363
2024-02-22,64538444.780990504
2024-02-23,64861154.8369897
2024-02-26,64498202.7095588
2024-02-27,64456912.385766275
2024-02-28,64591830.451247886
2024-02-29,64938822.32142507
2024-03-01,65826078.227607094
2024-03-04,65596768.36422529
2024-03-05,65328232.22104415
2024-03-06,65796220.13553031
2024-03-07,66533121.504518084
2024-03-08,66171843.297404446
2024-03-11,66016070.67232313
2024-03-12,66426890.457316585
2024-03-13,66159652.32200056
2024-03-14,65518291.347600535
2024-03-15,64937423.52481229
2024-03-18,65229831.50645641
2024-03-19,65764340.2809843
2024-03-20,66507752.09990393
2024-03-21,66717847.593941815
2024-03-22,66893045.2852136
2024-03-25,66515663.73812887
2024-03-26,66476925.24756055
2024-03-27,67271029.66996922
2024-03-28,67178821.85618229
2024-04-01,66442296.9378643
2024-04-02,65859809.792299
2024-04-03,65995415.4290038
2024-04-04,65403040.21895319
2024-04-05,65624670.20278439
2024-04-08,65493131.01956397
2024-04-09,65813093.56398656
2024-04-10,64268091.315606266
2024-04-11,64652623.02745329
2024-04-12,63998886.74287055
2024-04-15,62748419.49318302
2024-04-16,62368011.97569365
2024-04-17,62371986.2428008
2024-04-18,62007608.47561557
2024-04-19,61519413.42845772
2024-04-22,62091061.25674194
2024-04-23,62912061.24577782
2024-04-24,62675077.96411106
2024-04-25,62175299.3410403
2024-04-26,62920557.86274797
2024-04-29,63381696.66286976
2024-04-30,62075171.014422625
2024-05-01,62107624.2710902
2024-05-02,62653635.632003605
2024-05-03,63425563.36781992
2024-05-06,64076446.05870723
2024-05-07,64145635.43486056
2024-05-08,64150586.8417579
2024-05-09,64517411.08963672
2024-05-10,64598945.93940843
2024-05-13,64606360.84810723
2024-05-14,64900303.47784388
2024-05-15,65699375.502210334
2024-05-16,65563497.85517951
2024-05-17,65656119.08238113
2024-05-20,65730213.54429359
2024-05-21,65889528.93071162
2024-05-22,65699311.05313768
2024-05-23,65220133.82856594
2024-05-24,65648681.41289392
2024-05-28,65686570.60350528
2024-05-29,65227146.80499181
2024-05-30,64794907.33957339
2024-05-31,65381539.446878
2024-06-03,65433395.07709183
2024-06-04,65816105.99371572
2024-06-05,66812674.061055735
2024-06-06,66768084.50588198
2024-06-07,65986719.70550902
2024-06-10,66033637.583357744
2024-06-11,66523722.33592679
2024-06-12,67417137.93429011
2024-06-13,67980015.85242604
2024-06-14,68161229.04020138
2024-06-17,68366924.99756597
2024-06-18,68815422.95769419
2024-06-20,68445079.4007741
2024-06-21,68352677.94156238
2024-06-24,68174984.37728442
2024-06-25,68474006.39366591
2024-06-26,68137090.2284954
2024-06-27,68377852.4459427
2024-06-28,67738730.36468998
2024-07-01,67357937.16437325
2024-07-02,68051317.24328299
2024-07-03,68789268.1712295
2024-07-05,69540898.25921516
2024-07-08,69624354.7725738
2024-07-09,69578445.48314941
2024-07-10,70307677.60930628
2024-07-11,70136551.24779382
2024-07-12,70699849.7308198
2024-07-15,70655021.6757658
2024-07-16,71357664.50186272
2024-07-17,70421663.66304494
2024-07-18,69673985.1885203
2024-07-19,68978062.00339967
2024-07-22,69593794.94837624
2024-07-23,69521124.11650813
2024-07-24,67801740.64521664
2024-07-25,67590841.30216524
2024-07-26,68647771.68372576
2024-07-29,68787006.28088593
2024-07-30,68574441.06625089
2024-07-31,70150115.41240805
2024-08-01,69431623.46359831
2024-08-02,69182954.32911533
2024-08-05,67259843.92013405
2024-08-06,67251873.23607203
2024-08-07,66546657.778953716
2024-08-08,67853423.63996692
2024-08-09,68411231.80847846
2024-08-12,68620730.30070563
2024-08-13,70022520.97286518
2024-08-14,70316300.8027782
2024-08-15,71049068.51576251
2024-08-16,71328302.6773519
2024-08-19,72080830.64874594
2024-08-20,72229793.40870252
2024-08-21,72604506.71809526
2024-08-22,71695538.65497574
2024-08-23,72766064.24464966
2024-08-26,72490265.03696615
2024-08-27,72526735.21475014
2024-08-28,72057856.68773942
2024-08-29,71921241.18743928
2024-08-30,72329856.76275933
2024-09-03,71315464.5424285
2024-09-04,71579253.73593909
2024-09-05,71561839.95381907
2024-09-06,70470347.52210385
2024-09-09,71327271.19353354
2024-09-10,71921465.3571731
2024-09-11,72571566.5787329
2024-09-12,73034031.31710753
2024-09-13,73528578.11365701
2024-09-16,73807580.20777592
2024-09-17,73690864.55955943
2024-09-18,73150545.62844348
2024-09-19,74296647.58845647
2024-09-20,74133654.58924825
2024-09-23,74255240.10160048
2024-09-24,74528391.77174392
2024-09-25,74048407.19000098
2024-09-26,74267154.19908084
2024-09-27,74442978.70097934
2024-09-30,74514340.7829649
2024-10-01,74116094.90139143
2024-10-02,73918563.77368303
2024-10-03,73389017.95221607
2024-10-04,73307306.97626409
2024-10-07,72357922.01106234
2024-10-08,73084860.8434082
2024-10-09,73303787.82806154
2024-10-10,73151912.5798316
2024-10-11,73598289.95114657
2024-10-14,74057556.17496286
2024-10-15,73835258.0803429
2024-10-16,74253496.13087593
2024-10-17,73868679.16423751
2024-10-18,74221546.47947766
2024-10-21,73523961.70169282
2024-10-22,73399695.66015974
2024-10-23,72536246.63595273
2024-10-24,72841364.72925721
2024-10-25,72638791.05027558
2024-10-28,72681297.23080546
2024-10-29,72816015.75016622
2024-10-30,72467750.63164385
2024-10-31,70965223.11887962
2024-11-01,70834369.49839935
2024-11-04,71042553.92709514
2024-11-05,71942421.80816638
2024-11-06,73023623.35577229
2024-11-07,74146367.03966346
2024-11-08,74605770.38016501
2024-11-11,74456029.15846889
2024-11-12,73744995.05855612
2024-11-13,73717164.64110443
2024-11-14,73218983.40802686
2024-11-15,72296277.56925642
2024-11-18,72738966.2535511
2024-11-19,73143819.67658935
2024-11-20,73045583.0067546
2024-11-21,73383389.2501318
2024-11-22,73641743.3423668
2024-11-25,74653788.51645453
2024-11-26,74869393.16186927
2024-11-27,74923986.35763793
2024-11-29,75676684.37183002
2024-12-02,75786684.53350589
2024-12-03,75590319.36053558
2024-12-04,76326508.33498257
2024-12-05,76179439.91132799
2024-12-06,76544925.30809559
2024-12-09,75881205.19125232
2024-12-10,75497949.13252352
2024-12-11,75834414.57308005
2024-12-12,75143034.80396235
2024-12-13,74756832.29725586
2024-12-16,75084439.90092953
2024-12-17,74759918.57436487
2024-12-18,71928320.91475378
2024-12-19,71562780.98820175
2024-12-20,72683720.11207475
2024-12-23,72787373.56342098
2024-12-24,73628232.4747878
2024-12-26,73673065.64223889
2024-12-27,72688426.51179124
2024-12-30,72259051.25187679
2024-12-31,71847432.40492997
2025-01-02,71693808.0761012
2025-01-03,72559596.04846536
2025-01-06,72979348.0455529
2025-01-07,72146313.1905399
2025-01-08,72251012.54291019
2025-01-10,71137522.63371213
2025-01-13,71247211.1668933
2025-01-14,71344525.75584355
2025-01-15,72651411.54539001
2025-01-16,72509010.6923152
2025-01-17,73241352.15757832
2025-01-21,73915593.5070076
2025-01-22,74332861.19143806
2025-01-23,74740233.65092413
2025-01-24,74518704.63083245
2025-01-27,73454600.4661103
2025-01-28,74089313.14367242
2025-01-29,73752907.54483312
2025-01-30,74150396.48557143
2025-01-31,73750987.75159656
2025-02-03,73249038.38518363
2025-02-04,73874332.1283959
2025-02-05,74585495.15056922
2025-02-06,74744410.43918042
2025-02-07,73801854.72910504
2025-02-10,74275242.317744
2025-02-11,74128575.20204292
2025-02-12,73367968.89759459
2025-02-13,74689706.38159512
2025-02-14,74977956.54149881
2025-02-18,74793052.64248356
2025-02-19,75074276.12874293
2025-02-20,74893780.30602199
2025-02-21,74020439.93374465
2025-02-24,73823762.46476641
2025-02-25,74008483.74495345
2025-02-26,74232571.88861968
2025-02-27,72960369.24090707
2025-02-28,74476430.3722155
2025-03-03,73441453.00640927
2025-03-04,72343634.0600605
2025-03-05,72687065.29432958
2025-03-06,71354743.08600661
2025-03-07,71643341.20285675
2025-03-10,70247532.18442386
2025-03-11,69404924.2798196
2025-03-12,69546914.20795304
2025-03-13,68896333.7144435
2025-03-14,70044330.40890594
2025-03-17,70626077.07989982
2025-03-18,69936555.51676093
2025-03-19,70893208.98755164
2025-03-20,70780209.54345688
2025-03-21,70730011.44418986
2025-03-24,71556547.44923612
2025-03-25,71832492.4156195
2025-03-26,70805475.94901574
2025-03-27,70544757.89420071
2025-03-28,69689927.95863597
2025-03-31,70344039.58737732
2025-04-01,70772149.45709053
2025-04-02,70670088.3617375
2025-04-03,71390476.17713577
2025-04-04,71584850.12105948
2025-04-07,70755482.01158659
2025-04-08,70401973.8758616
2025-04-09,70178112.44920963
2025-04-10,69736081.5098894
2025-04-11,69335092.46577935
2025-04-14,69903936.02276243
2025-04-15,70112678.55589171
2025-04-16,70417772.35569553
2025-04-17,70215918.59297632
2025-04-21,69833816.59603073
2025-04-22,69884951.9478338
2025-04-23,69958602.09762426
2025-04-24,70340151.3812815
2025-04-25,70606651.09356186
2025-04-28,70886606.79609494
2025-04-29,71127977.18076853
2025-04-30,71236445.30974106
2025-05-01,70930027.64409073
2025-05-02,70456436.66677718
2025-05-05,70328222.22964257
2025-05-06,70506311.49453187
2025-05-07,70690969.99804586
2025-05-08,70141424.70016576
2025-05-09,70192457.43588196
2025-05-12,69740960.0906525
2025-05-13,69686290.72184667
2025-05-14,69418734.01134437
2025-05-15,69883072.0553345
2025-05-16,69904145.10521358
2025-05-19,69864800.67993489
2025-05-20,69772389.75895715
2025-05-21,69277817.71118034
2025-05-22,69535690.50458491
2025-05-23,69734072.01521964
2025-05-27,70015397.85277371
2025-05-28,69822138.78528376
2025-05-29,70110064.34773204
2025-05-30,70315208.15906712
2025-06-02,70078212.71963735
2025-06-03,70361911.44950368
2025-06-04,70840509.45253052
2025-06-05,70280495.44574158
2025-06-06,70434102.1538621
2025-06-09,70610435.99049714
2025-06-10,71117172.11229262
2025-06-11,71188895.10122387
2025-06-12,71759367.15978204
2025-06-13,70680039.53377447
2025-06-16,71131146.75328033
2025-06-17,70860079.20532782
2025-06-18,70880435.77673322
2025-06-20,70745545.98990448
2025-06-23,71675689.69209394
2025-06-24,72694402.18280122
2025-06-25,72750293.24027726
2025-06-26,73552647.353884
2025-06-27,73711200.02243425
2025-06-30,74336569.39568442
2025-07-01,74161742.225959
2025-07-02,74323447.17388111
2025-07-03,74630724.85130456
2025-07-07,73830497.70361204
2025-07-08,73665331.1662825
2025-07-09,74475483.97280376
2025-07-10,74629611.20557716
2025-07-11,74011074.49303353
2025-07-14,74105113.06890018
2025-07-15,73482936.60105847
2025-07-16,73919853.12593007
2025-07-17,74332729.84417112
2025-07-18,74468521.98939943
2025-07-21,74853704.5281709
2025-07-22,75060339.28790686
2025-07-23,75413298.0670367
2025-07-24,75313364.29035419
2025-07-25,75787874.76408873
2025-07-28,75589558.93425931
2025-07-29,75862364.87664454
2025-07-30,75496373.84492993
2025-07-31,75262354.70118707
2025-08-01,74874447.11929221
2025-08-04,76077212.8269761
2025-08-05,75626842.3609614
2025-08-06,76124951.0774274
2025-08-07,75991563.90048897
2025-08-08,76384237.349075
2025-08-11,76244099.1717311
2025-08-12,77013535.38678989
2025-08-13,77530813.98570707
2025-08-14,77276165.92262793
2025-08-15,76930473.38337353
2025-08-18,76826382.61753967
2025-08-19,76591615.08388092
2025-08-20,76487614.96555248
2025-08-21,75945927.13215992
2025-08-22,77510729.75443518
2025-08-25,77008618.299816
2025-08-26,77497526.74349955
2025-08-27,77800740.5320763
2025-08-28,78232544.14526689
2025-08-29,77696224.56614488
2025-09-02,76886912.79856236
2025-09-03,77548151.22834297
2025-09-04,78513782.35611773
2025-09-05,78650683.48810503
2025-09-08,79060813.69753268
2025-09-09,79034557.50036788
2025-09-10,79454472.64471692
2025-09-11,80202591.49779962
2025-09-12,79932145.41973163
2025-09-15,80474215.95401482
2025-09-16,80396879.63180912
2025-09-17,80111047.04604438
2025-09-18,80210523.50491327
2025-09-19,80562467.36342409
2025-09-22,80798749.34195936
2025-09-23,80563187.62979867
2025-09-24,80077496.87307937
2025-09-25,79517291.66519059
2025-09-26,79920463.01819043
2025-09-29,80363731.13599357
2025-09-30,80620465.11807781
2025-10-01,81149857.91906227
2025-10-02,81310780.71446505
2025-10-03,81138515.68935224
2025-10-06,81185503.44537583
2025-10-07,81065235.58744909
2025-10-08,81553101.8507232
2025-10-09,81242431.96068114
2025-10-10,79509660.46377109
2025-10-13,80757347.28349495
2025-10-14,80847368.97757076
2025-10-15,81101477.83223902
2025-10-16,80900349.49726081
2025-10-17,81213474.89917679
2025-10-20,82146654.82577825
2025-10-21,82280050.61831349
2025-10-22,81855940.78810334
2025-10-23,82054844.99500653
2025-10-24,82785003.28683968
2025-10-27,83744184.198993
2025-10-28,84026810.37670316
2025-10-29,83521494.65501684
2025-10-30,82464998.63408174
2025-10-31,82755732.02717672
2025-11-03,82856845.97257711
2025-11-04,81956259.06210463
2025-11-05,81832981.33130506
2025-11-06,81352985.20298447
2025-11-07,81452206.50377624
2025-11-10,82602459.15821666
2025-11-11,83034015.76402158
2025-11-12,83081884.36476564
2025-11-13,81445038.37130955
2025-11-14,81279248.25753058
2025-11-17,80594579.34353015
2025-11-18,80034389.34921195
2025-11-19,80271066.04026078
2025-11-20,79214828.55233163
2025-11-21,80256631.22970366
2025-11-24,81532184.43869169
2025-11-25,82490200.25251703
2025-11-26,83109185.7569245
2025-11-28,83399993.02772912
2025-12-01,82557303.29464008
2025-12-02,82764713.25408453
2025-12-03,83209904.00662899
2025-12-04,82997773.0817263
2025-12-05,82968210.21999356
2025-12-08,82528173.51109225
2025-12-09,82318982.81978449
2025-12-10,83126653.6330232
2025-12-11,83315338.41783918
2025-12-12,82171059.38583988
2025-12-15,82100136.95899957
2025-12-16,82093434.67844748
2025-12-17,81150130.53260821
2025-12-18,81962646.49534422
2025-12-19,82513768.54573329
2025-12-22,82931711.4362398
2025-12-23,83264778.9035449
2025-12-24,83756080.29194465
2025-12-26,83809160.37606348
2025-12-29,83615365.42606811
2025-12-30,83411135.68726557
2025-12-31,82497504.7897435
2026-01-02,82564924.53061913
2026-01-05,83357790.11038004
2026-01-06,83780467.57186477
2026-01-07,83650075.11860044
2026-01-08,83374673.3365907
2026-01-09,84011508.05228849
2026-01-12,84024598.40168646
2026-01-13,83944366.94613893
2026-01-14,83687305.59645815
2026-01-15,83727692.6703864
2026-01-16,83319523.34271283
2026-01-20,81253770.30074194
2026-01-21,82403395.52024423
2026-01-22,82816440.87064813
2026-01-23,82967313.85664515
2026-01-26,83497342.40696342
2026-01-27,83721623.03762186
2026-01-28,83627921.05391952
2026-01-29,83531406.86429481
2026-01-30,83211290.99100809
2026-02-02,83450747.60877544
2026-02-03,82797143.86136757
2026-02-04,82356743.98336878
2026-02-05,81787530.30607252
2026-02-06,83357476.56573988
2026-02-09,83765509.63577
2026-02-10,83891986.97210823
2026-02-11,83624090.62294129
2026-02-12,82816090.6909061
2026-02-13,83185135.91034468
2026-02-17,83295556.99418662
2026-02-18,83529367.82400595
2026-02-19,83370374.12800889
2026-02-20,83958805.91482271
2026-02-23,83384138.49367641
2026-02-24,83939725.25657108
2026-02-25,84563264.30251002
2026-02-26,84301372.5403249
2026-02-27,84215516.42433655
2026-03-02,83748387.8483851
2026-03-03,82900785.00379752
2026-03-04,83298679.25988303
2026-03-05,82558366.75931412
2026-03-06,81401922.5278173
2026-03-09,82357071.3034574
2026-03-10,81948781.79139648
2026-03-11,81458749.05618972
2026-03-12,79927598.52384269
2026-03-13,79367086.25091027
2026-03-16,80530161.12273166
2026-03-17,80870284.0505973
2026-03-18,79352273.47756879
2026-03-19,79130394.79030886
2026-03-20,77249845.92172097
2026-03-23,78308628.62966177
2026-03-24,77766860.74960203
2026-03-25,78603180.63148253
2026-03-26,76536534.56022023
2026-03-27,75188700.31578787
2026-03-30,75463785.70375498
2026-03-31,77827161.93299717
2026-04-01,78343241.45077159
2026-04-02,78578998.52581276
2026-04-06,78740702.45529844
2026-04-07,78956163.16673091
2026-04-08,81159053.9701954
2026-04-09,81591926.29044233
2026-04-10,81385913.27910645
2026-04-13,82359496.94561328
2026-04-14,83627387.58152892
2026-04-15,84095507.77848583
2026-04-16,84140713.2027722
2026-04-17,85616224.38804822
2026-04-20,85349011.58035907
2026-04-21,84401232.46932502
2026-04-22,85342921.7989753
2026-04-23,84859188.70017956
2026-04-24,85680259.7107372
2026-04-27,85621671.72772814
2026-04-28,85102340.16418941
2026-04-29,84676319.193621
2026-04-30,85683951.13205612
2026-05-01,85974905.17623204
2026-05-04,85326345.31400794
2026-05-05,86138049.5786849
2026-05-06,87768110.83503428
2026-05-07,87207707.88677648
2026-05-08,88159963.14329746
2026-05-11,88052528.39562418
2026-05-12,87601990.32148086
2026-05-13,88089072.79914224
2026-05-14,88731091.3548058
2026-05-15,86915341.10978743
2026-05-18,86798420.13389014
2026-05-19,85861719.50610165
2026-05-20,87309831.93392767
2026-05-21,87521781.53377095
2026-05-22,87922421.3925009
2026-05-26,88843188.02346535
2026-05-27,88849121.23252505
2026-05-28,89524295.2592217
2026-05-29,89831200.71566129
2026-06-01,89906303.47762544
2026-06-02,90076435.74952182
2026-06-03,89210728.39274803
2026-06-04,89641649.37459211
2026-06-05,86862619.77611777
2026-06-08,86948896.97341985
2026-06-09,86921907.92878674
2026-06-10,85454986.79072763
2026-06-11,87498502.60676774
2026-06-12,87803401.3859327
2026-06-15,89418502.70364256
2026-06-16,89096033.29416808
2026-06-17,87515755.67526703
2026-06-18,88722349.25079857
2026-06-22,88095923.78101334
2026-06-23,86920306.1401185
2026-06-24,87432197.20911139
2026-06-25,87596028.00310498
2026-06-26,87176439.68285394
2026-06-29,88600118.0933463
2026-06-30,88813151.28704229
2026-07-01,88465745.65471616
2026-07-02,88418118.08460808
2026-07-06,89221957.4277016
2026-07-07,88339371.12777272
2026-07-08,87873039.90409638
2026-07-09,88786739.50253838
2026-07-10,89076349.80374885
2026-07-13,88060738.52021848
2026-07-14,88602736.78289273
2026-07-15,89153079.759554
2026-07-16,88599465.00743799
2026-07-17,87821854.2001861
2026-07-20,87383339.01121493
2026-07-21,87878102.1173709
2026-07-22,87560563.20035326
2026-07-23,86220830.19441615
2026-07-24,86463669.27817246
2026-07-27,86703199.4332822
2026-07-28,87159604.13066758
2026-07-29,85435153.29963902
2026-07-30,86892567.32684495
2026-07-31,87266162.04015602
2026-08-03,88675070.07056691
2026-08-04,90237172.85274374
2026-08-05,90054194.23422496
2026-08-06,89907681.82096168
