date,adj,close
2002-07-30,35.69189453125,81.5199966430664
2002-07-31,36.13413619995117,82.52999877929688
2002-08-01,36.33989715576172,83.0
2002-08-02,36.712039947509766,83.8499984741211
2002-08-05,36.874061584472656,84.22000122070312
2002-08-06,36.55880355834961,83.5
2002-08-07,36.646366119384766,83.69999694824219
2002-08-08,36.646366119384766,83.69999694824219
2002-08-09,37.16300582885742,84.87999725341797
2002-08-12,37.39069366455078,85.4000015258789
2002-08-13,37.85038375854492,86.44999694824219
2002-08-14,37.99490737915039,86.77999877929688
2002-08-15,37.66214370727539,86.0199966430664
2002-08-16,37.24181365966797,85.05999755859375
2002-08-19,37.355690002441406,85.31999969482422
2002-08-20,37.77157974243164,86.2699966430664
2002-08-21,37.570159912109375,85.80999755859375
2002-08-22,37.24181365966797,85.05999755859375
2002-08-23,37.60961151123047,85.9000015258789
2002-08-26,37.644596099853516,85.9800033569336
2002-08-27,37.408199310302734,85.44000244140625
2002-08-28,37.596458435058594,85.87000274658203
2002-08-29,37.898555755615234,86.55999755859375
2002-08-30,38.1262092590332,87.08000183105469
2002-09-03,38.71236038208008,88.04000091552734
2002-09-04,38.70353317260742,88.0199966430664
2002-09-05,38.914642333984375,88.5
2002-09-06,38.457313537597656,87.45999908447266
2002-09-09,38.40019607543945,87.33000183105469
2002-09-10,38.58488082885742,87.75
2002-09-11,38.38258743286133,87.29000091552734
2002-09-12,38.68158721923828,87.97000122070312
2002-09-13,39.037757873535156,88.77999877929688
2002-09-16,39.103721618652344,88.93000030517578
2002-09-17,39.17847442626953,89.0999984741211
2002-09-18,39.187252044677734,89.12000274658203
2002-09-19,39.45110321044922,89.72000122070312
2002-09-20,39.266414642333984,89.30000305175781
2002-09-23,39.618141174316406,90.0999984741211
2002-09-24,39.873207092285156,90.68000030517578
2002-09-25,39.389530181884766,89.58000183105469
2002-09-26,39.29718017578125,89.37000274658203
2002-09-27,39.5917854309082,90.04000091552734
2002-09-30,39.75007247924805,90.4000015258789
2002-10-01,39.25704574584961,88.94000244140625
2002-10-02,39.48215103149414,89.44999694824219
2002-10-03,39.38507080078125,89.2300033569336
2002-10-04,39.50864791870117,89.51000213623047
2002-10-07,39.57485580444336,89.66000366210938
2002-10-08,39.588096618652344,89.69000244140625
2002-10-09,39.7911491394043,90.1500015258789
2002-10-10,39.47773742675781,89.44000244140625
2002-10-11,39.00987243652344,88.37999725341797
2002-10-14,38.9525260925293,88.25
2002-10-15,38.03001022338867,86.16000366210938
2002-10-16,38.04766845703125,86.19999694824219
2002-10-17,37.58420181274414,85.1500015258789
2002-10-18,37.681331634521484,85.37000274658203
2002-10-21,37.31493377685547,84.54000091552734
2002-10-22,37.20901870727539,84.30000305175781
2002-10-23,37.22225570678711,84.33000183105469
2002-10-24,37.548866271972656,85.06999969482422
2002-10-25,37.68571090698242,85.37999725341797
2002-10-28,37.63274383544922,85.26000213623047
2002-10-29,38.12266159057617,86.37000274658203
2002-10-30,38.109474182128906,86.33999633789062
2002-10-31,38.28158950805664,86.7300033569336
2002-11-01,38.121543884277344,85.9800033569336
2002-11-04,37.953060150146484,85.5999984741211
2002-11-05,37.80675506591797,85.2699966430664
2002-11-06,37.95746612548828,85.61000061035156
2002-11-07,38.897457122802734,87.7300033569336
2002-11-08,39.212249755859375,88.44000244140625
2002-11-11,39.425045013427734,88.91999816894531
2002-11-12,39.198951721191406,88.41000366210938
2002-11-13,39.28317642211914,88.5999984741211
2002-11-14,38.467369079589844,86.76000213623047
2002-11-15,38.622562408447266,87.11000061035156
2002-11-18,38.795475006103516,87.5
2002-11-19,38.937347412109375,87.81999969482422
2002-11-20,38.556007385253906,86.95999908447266
2002-11-21,38.183597564697266,86.12000274658203
2002-11-22,38.14813995361328,86.04000091552734
2002-11-25,38.07719802856445,85.87999725341797
2002-11-26,38.556007385253906,86.95999908447266
2002-11-27,37.68704605102539,85.0
2002-11-29,37.930912017822266,85.55000305175781
2002-12-02,37.96607208251953,85.23999786376953
2002-12-03,38.01953125,85.36000061035156
2002-12-04,38.21553421020508,85.80000305175781
2002-12-05,38.313499450683594,86.0199966430664
2002-12-06,38.38028335571289,86.16999816894531
2002-12-09,38.594093322753906,86.6500015258789
2002-12-10,38.69651794433594,86.87999725341797
2002-12-11,38.95484924316406,87.45999908447266
2002-12-12,38.91922378540039,87.37999725341797
2002-12-13,38.54059982299805,86.52999877929688
2002-12-16,38.2511100769043,85.87999725341797
2002-12-17,38.2511100769043,85.87999725341797
2002-12-18,38.54954147338867,86.55000305175781
2002-12-19,38.89249801635742,87.31999969482422
2002-12-20,38.91922378540039,87.37999725341797
2002-12-23,38.92811965942383,87.4000015258789
2002-12-24,39.14638137817383,87.88999938964844
2002-12-26,39.222103118896484,88.05999755859375
2002-12-27,39.65412521362305,89.02999877929688
2002-12-30,39.747684478759766,89.23999786376953
2002-12-31,39.64738845825195,88.56999969482422
2003-01-02,38.62229537963867,86.27999877929688
2003-01-03,38.71187210083008,86.4800033569336
2003-01-06,38.60890197753906,86.25
2003-01-07,38.74766159057617,86.55999755859375
2003-01-08,38.940128326416016,86.98999786376953
2003-01-09,38.19263458251953,85.31999969482422
2003-01-10,38.29104232788086,85.54000091552734
2003-01-13,38.35374069213867,85.68000030517578
2003-01-14,38.488033294677734,85.9800033569336
2003-01-15,38.67601013183594,86.4000015258789
2003-01-16,38.72976303100586,86.5199966430664
2003-01-17,38.92221450805664,86.94999694824219
2003-01-21,39.146080017089844,87.44999694824219
2003-01-22,39.33856964111328,87.87999725341797
2003-01-23,39.146080017089844,87.44999694824219
2003-01-24,39.378814697265625,87.97000122070312
2003-01-27,39.23556900024414,87.6500015258789
2003-01-28,39.23556900024414,87.6500015258789
2003-01-29,39.02071762084961,87.16999816894531
2003-01-30,39.31167984008789,87.81999969482422
2003-01-31,39.41910934448242,88.05999755859375
2003-02-03,39.476619720458984,87.87999725341797
2003-02-04,39.65182113647461,88.2699966430664
2003-02-05,39.31041717529297,87.51000213623047
2003-02-06,39.62932586669922,88.22000122070312
2003-02-07,39.71916198730469,88.41999816894531
2003-02-10,39.44065475463867,87.80000305175781
2003-02-11,39.431671142578125,87.77999877929688
2003-02-12,39.57095718383789,88.08999633789062
2003-02-13,39.786563873291016,88.56999969482422
2003-02-14,39.44513702392578,87.80999755859375
2003-02-18,39.494571685791016,87.91999816894531
2003-02-19,39.76408767700195,88.5199966430664
2003-02-20,39.89888000488281,88.81999969482422
2003-02-21,39.66526412963867,88.30000305175781
2003-02-24,39.85398864746094,88.72000122070312
2003-02-25,40.038150787353516,89.12999725341797
2003-02-26,40.3166389465332,89.75
2003-02-27,40.38397979736328,89.9000015258789
2003-02-28,40.640071868896484,90.47000122070312
2003-03-03,40.68967056274414,90.23999786376953
2003-03-04,40.71672821044922,90.30000305175781
2003-03-05,40.85197067260742,90.5999984741211
2003-03-06,40.69417190551758,90.25
2003-03-07,40.833953857421875,90.55999755859375
2003-03-10,41.04588317871094,91.02999877929688
2003-03-11,40.97372055053711,90.87000274658203
2003-03-12,41.12249755859375,91.19999694824219
2003-03-13,40.36500930786133,89.5199966430664
2003-03-14,40.56339645385742,89.95999908447266
2003-03-17,40.07640838623047,88.87999725341797
2003-03-18,39.69766616821289,88.04000091552734
2003-03-19,39.4045524597168,87.38999938964844
2003-03-20,39.3414421081543,87.25
2003-03-21,38.800376892089844,86.05000305175781
2003-03-24,39.413604736328125,87.41000366210938
2003-03-25,39.368534088134766,87.30999755859375
2003-03-26,39.44963836669922,87.48999786376953
2003-03-27,39.476741790771484,87.55000305175781
2003-03-28,39.566925048828125,87.75
2003-03-31,40.085472106933594,88.9000015258789
2003-04-01,39.97134017944336,88.2699966430664
2003-04-02,39.55473709106445,87.3499984741211
2003-04-03,39.5321044921875,87.30000305175781
2003-04-04,39.41886520385742,87.05000305175781
2003-04-07,39.32831954956055,86.8499984741211
2003-04-08,39.64530944824219,87.55000305175781
2003-04-09,39.763023376464844,87.80999755859375
2003-04-10,39.577369689941406,87.4000015258789
2003-04-11,39.51399230957031,87.26000213623047
2003-04-14,39.40531539916992,87.0199966430664
2003-04-15,39.618080139160156,87.48999786376953
2003-04-16,39.78114700317383,87.8499984741211
2003-04-17,39.84453582763672,87.98999786376953
2003-04-21,39.758480072021484,87.80000305175781
2003-04-22,39.73585510253906,87.75
2003-04-23,39.81740188598633,87.93000030517578
2003-04-24,40.175113677978516,88.72000122070312
2003-04-25,40.26565933227539,88.91999816894531
2003-04-28,40.20228576660156,88.77999877929688
2003-04-29,40.13433837890625,88.62999725341797
2003-04-30,40.50565719604492,89.44999694824219
2003-05-01,40.52522277832031,89.0199966430664
2003-05-02,40.20658493041992,88.31999969482422
2003-05-05,40.42055130004883,88.79000091552734
2003-05-06,40.62087631225586,89.2300033569336
2003-05-07,41.094303131103516,90.2699966430664
2003-05-08,41.194454193115234,90.48999786376953
2003-05-09,41.235416412353516,90.58000183105469
2003-05-12,41.494869232177734,91.1500015258789
2003-05-13,41.585968017578125,91.3499984741211
2003-05-14,42.223297119140625,92.75
2003-05-15,42.355316162109375,93.04000091552734
2003-05-16,42.66487121582031,93.72000122070312
2003-05-19,42.51915740966797,93.4000015258789
2003-05-20,43.147430419921875,94.77999877929688
2003-05-21,43.14289093017578,94.7699966430664
2003-05-22,43.525272369384766,95.61000061035156
2003-05-23,43.63450622558594,95.8499984741211
2003-05-27,42.846961975097656,94.12000274658203
2003-05-28,42.77413558959961,93.95999908447266
2003-05-29,43.147430419921875,94.77999877929688
2003-05-30,43.06546401977539,94.5999984741211
2003-06-02,42.74912643432617,93.51000213623047
2003-06-03,43.091983795166016,94.26000213623047
2003-06-04,43.21998977661133,94.54000091552734
2003-06-05,42.881717681884766,93.80000305175781
2003-06-06,43.03713607788086,94.13999938964844
2003-06-09,43.32513427734375,94.7699966430664
2003-06-10,43.84173583984375,95.9000015258789
2003-06-11,43.78687286376953,95.77999877929688
2003-06-12,44.129756927490234,96.52999877929688
2003-06-13,44.4268913269043,97.18000030517578
2003-06-16,44.00631332397461,96.26000213623047
2003-06-17,43.65886688232422,95.5
2003-06-18,43.10114288330078,94.27999877929688
2003-06-19,43.018836975097656,94.0999984741211
2003-06-20,42.858848571777344,93.75
2003-06-23,43.11483383178711,94.30999755859375
2003-06-24,43.51259231567383,95.18000030517578
2003-06-25,42.81774139404297,93.66000366210938
2003-06-26,42.24167251586914,92.4000015258789
2003-06-27,42.09080123901367,92.06999969482422
2003-06-30,42.287391662597656,92.5
2003-07-01,42.07766342163086,91.69000244140625
2003-07-02,42.18320846557617,91.91999816894531
2003-07-03,41.577449798583984,90.5999984741211
2003-07-07,41.311317443847656,90.0199966430664
2003-07-08,41.34798812866211,90.0999984741211
2003-07-09,41.48111343383789,90.38999938964844
2003-07-10,41.467308044433594,90.36000061035156
2003-07-11,41.664634704589844,90.79000091552734
2003-07-14,41.1873893737793,89.75
2003-07-15,40.22364807128906,87.6500015258789
2003-07-16,40.453125,88.1500015258789
2003-07-17,40.329219818115234,87.87999725341797
2003-07-18,40.246620178222656,87.69999694824219
2003-07-21,39.39303970336914,85.83999633789062
2003-07-22,39.58577346801758,86.26000213623047
2003-07-23,39.718849182128906,86.55000305175781
2003-07-24,39.370079040527344,85.79000091552734
2003-07-25,39.264522552490234,85.55999755859375
2003-07-28,38.73678207397461,84.41000366210938
2003-07-29,38.20905303955078,83.26000213623047
2003-07-30,38.64042663574219,84.19999694824219
2003-07-31,38.06676483154297,82.94999694824219
2003-08-01,38.038211822509766,82.51000213623047
2003-08-04,38.36552047729492,83.22000122070312
2003-08-05,37.81691360473633,82.02999877929688
2003-08-06,38.563758850097656,83.6500015258789
2003-08-07,38.72509765625,84.0
2003-08-08,38.56836700439453,83.66000366210938
2003-08-11,38.37472915649414,83.23999786376953
2003-08-12,38.19493865966797,82.8499984741211
2003-08-13,37.45731735229492,81.25
2003-08-14,37.826141357421875,82.05000305175781
2003-08-15,37.80308532714844,82.0
2003-08-18,37.978271484375,82.37999725341797
2003-08-19,38.563758850097656,83.6500015258789
2003-08-20,38.356285095214844,83.19999694824219
2003-08-21,38.264060974121094,83.0
2003-08-22,38.43465805053711,83.37000274658203
2003-08-25,38.135013580322266,82.72000122070312
2003-08-26,38.43465805053711,83.37000274658203
2003-08-27,38.25947570800781,82.98999786376953
2003-08-28,38.655948638916016,83.8499984741211
2003-08-29,38.563758850097656,83.6500015258789
2003-09-02,37.99974822998047,82.05999755859375
2003-09-03,38.059913635253906,82.19000244140625
2003-09-04,38.272979736328125,82.6500015258789
2003-09-05,38.93050003051758,84.06999969482422
2003-09-08,38.52762222290039,83.19999694824219
2003-09-09,38.80548095703125,83.80000305175781
2003-09-10,39.1990852355957,84.6500015258789
2003-09-11,38.94438934326172,84.0999984741211
2003-09-12,39.212982177734375,84.68000030517578
2003-09-15,39.15280532836914,84.55000305175781
2003-09-16,39.09257888793945,84.41999816894531
2003-09-17,39.57880401611328,85.47000122070312
2003-09-18,39.60658264160156,85.52999877929688
2003-09-19,39.65291213989258,85.62999725341797
2003-09-22,39.338008880615234,84.94999694824219
2003-09-23,39.60658264160156,85.52999877929688
2003-09-24,39.94925308227539,86.2699966430664
2003-09-25,40.14839553833008,86.69999694824219
2003-09-26,40.50957489013672,87.4800033569336
2003-09-29,40.185428619384766,86.77999877929688
2003-09-30,40.85225296020508,88.22000122070312
2003-10-01,40.6973876953125,87.5199966430664
2003-10-02,40.51140213012695,87.12000274658203
2003-10-03,39.660430908203125,85.29000091552734
2003-10-06,39.83249282836914,85.66000366210938
2003-10-07,39.37213897705078,84.66999816894531
2003-10-08,39.36284637451172,84.6500015258789
2003-10-09,39.08385467529297,84.05000305175781
2003-10-10,39.31635665893555,84.55000305175781
2003-10-13,39.16292953491211,84.22000122070312
2003-10-14,38.89318084716797,83.63999938964844
2003-10-15,38.7025260925293,83.2300033569336
2003-10-16,38.5490608215332,82.9000015258789
2003-10-17,38.846656799316406,83.54000091552734
2003-10-20,38.976871490478516,83.81999969482422
2003-10-21,39.121028900146484,84.12999725341797
2003-10-22,39.50231170654297,84.94999694824219
2003-10-23,39.21404266357422,84.33000183105469
2003-10-24,39.65116500854492,85.2699966430664
2003-10-27,39.57209014892578,85.0999984741211
2003-10-28,39.7813606262207,85.55000305175781
2003-10-29,39.42329788208008,84.77999877929688
2003-10-30,39.2465934753418,84.4000015258789
2003-10-31,39.613929748535156,85.19000244140625
2003-11-03,39.42624282836914,84.44000244140625
2003-11-04,39.65035629272461,84.91999816894531
2003-11-05,39.37955093383789,84.33999633789062
2003-11-06,39.01067352294922,83.55000305175781
2003-11-07,38.98735427856445,83.5
2003-11-10,38.954647064208984,83.43000030517578
2003-11-11,38.95929718017578,83.44000244140625
2003-11-12,39.244140625,84.05000305175781
2003-11-13,39.85111999511719,85.3499984741211
2003-11-14,40.117252349853516,85.91999816894531
2003-11-17,40.177955627441406,86.05000305175781
2003-11-18,40.42546081542969,86.58000183105469
2003-11-19,39.97719192504883,85.62000274658203
2003-11-20,40.36468505859375,86.44999694824219
2003-11-21,40.388084411621094,86.5
2003-11-24,40.05656814575195,85.79000091552734
2003-11-25,40.2759895324707,86.26000213623047
2003-11-26,40.11259460449219,85.91000366210938
2003-11-28,39.74840545654297,85.12999725341797
2003-12-01,39.52692413330078,84.23999786376953
2003-12-02,39.695838928222656,84.5999984741211
2003-12-03,39.53631591796875,84.26000213623047
2003-12-04,39.62550354003906,84.44999694824219
2003-12-05,40.25893020629883,85.80000305175781
2003-12-08,39.97737121582031,85.19999694824219
2003-12-09,39.695838928222656,84.5999984741211
2003-12-10,39.761531829833984,84.73999786376953
2003-12-11,40.047760009765625,85.3499984741211
2003-12-12,40.12282943725586,85.51000213623047
2003-12-15,40.099369049072266,85.45999908447266
2003-12-16,40.230777740478516,85.73999786376953
2003-12-17,40.502925872802734,86.31999969482422
2003-12-18,40.868892669677734,87.0999984741211
2003-12-19,40.85482406616211,87.06999969482422
2003-12-22,40.742164611816406,86.83000183105469
2003-12-23,40.282371520996094,85.8499984741211
2003-12-24,40.66242980957031,86.66000366210938
2003-12-26,40.812591552734375,86.9800033569336
2003-12-29,40.44660568237305,86.19999694824219
2003-12-30,40.282371520996094,85.8499984741211
2003-12-31,40.28239059448242,85.44999694824219
2004-01-02,39.80625534057617,84.44000244140625
2004-01-05,39.70254898071289,84.22000122070312
2004-01-06,40.14094924926758,85.1500015258789
2004-01-07,40.30123519897461,85.48999786376953
2004-01-08,40.287086486816406,85.45999908447266
2004-01-09,40.98949432373047,86.94999694824219
2004-01-12,40.95651626586914,86.87999725341797
2004-01-13,41.234649658203125,87.47000122070312
2004-01-14,41.43732833862305,87.9000015258789
2004-01-15,41.59291076660156,88.2300033569336
2004-01-16,41.30063247680664,87.61000061035156
2004-01-20,41.29117202758789,87.58999633789062
2004-01-21,41.39020919799805,87.80000305175781
2004-01-22,41.6918830871582,88.44000244140625
2004-01-23,41.192222595214844,87.37999725341797
2004-01-26,40.94234085083008,86.8499984741211
2004-01-27,41.196922302246094,87.38999938964844
2004-01-28,40.83392333984375,86.62000274658203
2004-01-29,40.74907684326172,86.44000244140625
2004-01-30,41.03192901611328,87.04000091552734
2004-02-02,40.945777893066406,86.5
2004-02-03,41.154022216796875,86.94000244140625
2004-02-04,41.07356643676758,86.7699966430664
2004-02-05,40.912654876708984,86.43000030517578
2004-02-06,41.36234664916992,87.37999725341797
2004-02-09,41.48540496826172,87.63999938964844
2004-02-10,41.25349426269531,87.1500015258789
2004-02-11,41.5611572265625,87.80000305175781
2004-02-12,41.38596725463867,87.43000030517578
2004-02-13,41.5611572265625,87.80000305175781
2004-02-17,41.53274917602539,87.73999786376953
2004-02-18,41.58952331542969,87.86000061035156
2004-02-19,41.632144927978516,87.94999694824219
2004-02-20,41.34339904785156,87.33999633789062
2004-02-23,41.59901809692383,87.87999725341797
2004-02-24,41.67476272583008,88.04000091552734
2004-02-25,41.741031646728516,88.18000030517578
2004-02-26,41.60846710205078,87.9000015258789
2004-02-27,41.96825408935547,88.66000366210938
2004-03-01,41.95208740234375,88.2699966430664
2004-03-02,41.68592834472656,87.70999908447266
2004-03-03,41.609893798828125,87.55000305175781
2004-03-04,41.79521179199219,87.94000244140625
2004-03-05,42.60319519042969,89.63999938964844
2004-03-08,42.85511779785156,90.16999816894531
2004-03-09,43.14025115966797,90.7699966430664
2004-03-10,43.11174392700195,90.70999908447266
2004-03-11,43.173526763916016,90.83999633789062
2004-03-12,42.90738296508789,90.27999877929688
2004-03-15,42.97866439819336,90.43000030517578
2004-03-16,43.33509826660156,91.18000030517578
2004-03-17,43.26377868652344,91.02999877929688
2004-03-18,43.035701751708984,90.55000305175781
2004-03-19,42.97866439819336,90.43000030517578
2004-03-22,43.24007034301758,90.9800033569336
2004-03-23,43.31610107421875,91.13999938964844
2004-03-24,43.29234313964844,91.08999633789062
2004-03-25,43.125999450683594,90.73999786376953
2004-03-26,42.66971969604492,89.77999877929688
2004-03-29,42.384586334228516,89.18000030517578
2004-03-30,42.356082916259766,89.12000274658203
2004-03-31,42.560428619384766,89.55000305175781
2004-04-01,42.42110824584961,88.91000366210938
2004-04-02,41.37142562866211,86.70999908447266
2004-04-05,41.04693603515625,86.02999877929688
2004-04-06,41.271240234375,86.5
2004-04-07,41.17580032348633,86.30000305175781
2004-04-08,41.056549072265625,86.05000305175781
2004-04-12,40.908626556396484,85.73999786376953
2004-04-13,40.46487808227539,84.80999755859375
2004-04-14,40.43150329589844,84.73999786376953
2004-04-15,40.192909240722656,84.23999786376953
2004-04-16,40.34559631347656,84.55999755859375
2004-04-19,40.259727478027344,84.37999725341797
2004-04-20,39.8923225402832,83.61000061035156
2004-04-21,40.08794021606445,84.0199966430664
2004-04-22,40.326507568359375,84.5199966430664
2004-04-23,40.09752655029297,84.04000091552734
2004-04-26,40.16429901123047,84.18000030517578
2004-04-27,40.317012786865234,84.5
2004-04-28,39.94007110595703,83.70999908447266
2004-04-29,39.74445724487305,83.30000305175781
2004-04-30,39.906654357910156,83.63999938964844
2004-05-03,39.956947326660156,83.41999816894531
2004-05-04,39.683929443359375,82.8499984741211
2004-05-05,39.57376480102539,82.62000274658203
2004-05-06,39.46836853027344,82.4000015258789
2004-05-07,38.95110321044922,81.31999969482422
2004-05-10,38.86009216308594,81.12999725341797
2004-05-11,39.03729248046875,81.5
2004-05-12,38.77864074707031,80.95999908447266
2004-05-13,38.630165100097656,80.6500015258789
2004-05-14,38.946292877197266,81.30999755859375
2004-05-17,39.291168212890625,82.02999877929688
2004-05-18,39.13790512084961,81.70999908447266
2004-05-19,39.008548736572266,81.44000244140625
2004-05-20,39.31025314331055,82.06999969482422
2004-05-21,39.15223693847656,81.73999786376953
2004-05-24,39.276790618896484,82.0
2004-05-25,39.39177703857422,82.23999786376953
2004-05-26,39.60249710083008,82.68000030517578
2004-05-27,39.913841247558594,83.33000183105469
2004-05-28,39.80367660522461,83.0999984741211
2004-06-01,39.4391975402832,82.0199966430664
2004-06-02,39.33821105957031,81.80999755859375
2004-06-03,39.41997146606445,81.9800033569336
2004-06-04,39.18914031982422,81.5
2004-06-07,39.19877243041992,81.5199966430664
2004-06-08,39.27090835571289,81.66999816894531
2004-06-09,39.10260772705078,81.31999969482422
2004-06-10,39.17951965332031,81.4800033569336
2004-06-14,38.86701202392578,80.83000183105469
2004-06-15,39.68924331665039,82.54000091552734
2004-06-16,39.53539276123047,82.22000122070312
2004-06-17,39.79502487182617,82.76000213623047
2004-06-18,39.70845413208008,82.58000183105469
2004-06-21,39.737300872802734,82.63999938964844
2004-06-22,39.61711120605469,82.38999938964844
2004-06-23,39.69404220581055,82.55000305175781
2004-06-24,39.934452056884766,83.05000305175781
2004-06-25,39.972965240478516,83.12999725341797
2004-06-28,39.564212799072266,82.27999877929688
2004-06-29,39.81424331665039,82.80000305175781
2004-06-30,40.22297286987305,83.6500015258789
2004-07-01,40.29826736450195,83.47000122070312
2004-07-02,40.723140716552734,84.3499984741211
2004-07-06,40.655548095703125,84.20999908447266
2004-07-07,40.6700325012207,84.23999786376953
2004-07-08,40.69416427612305,84.29000091552734
2004-07-09,40.73762512207031,84.37999725341797
2004-07-12,40.79557418823242,84.5
2004-07-13,40.67484664916992,84.25
2004-07-14,40.689361572265625,84.27999877929688
2004-07-15,40.73280334472656,84.37000274658203
2004-07-16,41.27350616455078,85.48999786376953
2004-07-19,41.302486419677734,85.55000305175781
2004-07-20,40.93073272705078,84.77999877929688
2004-07-21,40.81968688964844,84.55000305175781
2004-07-22,40.87764358520508,84.66999816894531
2004-07-23,41.012821197509766,84.94999694824219
2004-07-26,40.81968688964844,84.55000305175781
2004-07-27,40.26933670043945,83.41000366210938
2004-07-28,40.27416229248047,83.41999816894531
2004-07-29,40.36587905883789,83.61000061035156
2004-07-30,40.83903884887695,84.58999633789062
2004-08-02,40.892333984375,84.37000274658203
2004-08-03,41.0571403503418,84.70999908447266
2004-08-04,41.07649612426758,84.75
2004-08-05,41.19285583496094,84.98999786376953
2004-08-06,41.88590621948242,86.41999816894531
2004-08-09,41.74052047729492,86.12000274658203
2004-08-10,41.590274810791016,85.80999755859375
2004-08-11,41.769622802734375,86.18000030517578
2004-08-12,41.85685348510742,86.36000061035156
2004-08-13,41.99252700805664,86.63999938964844
2004-08-16,41.8471565246582,86.33999633789062
2004-08-17,42.084625244140625,86.83000183105469
2004-08-18,41.881072998046875,86.41000366210938
2004-08-19,41.98283767700195,86.62000274658203
2004-08-20,41.944091796875,86.54000091552734
2004-08-23,41.70170974731445,86.04000091552734
2004-08-24,41.72598648071289,86.08999633789062
2004-08-25,41.87137985229492,86.38999938964844
2004-08-26,42.108856201171875,86.87999725341797
2004-08-27,42.07978057861328,86.81999969482422
2004-08-30,42.278526306152344,87.2300033569336
2004-08-31,42.54024124145508,87.7699966430664
2004-09-01,42.58403015136719,87.51000213623047
2004-09-02,42.165531158447266,86.6500015258789
2004-09-03,42.17039108276367,86.66000366210938
2004-09-07,42.12660217285156,86.56999969482422
2004-09-08,42.48185348510742,87.30000305175781
2004-09-09,42.321258544921875,86.97000122070312
2004-09-10,42.384521484375,87.0999984741211
2004-09-13,42.569427490234375,87.4800033569336
2004-09-14,42.613216400146484,87.56999969482422
2004-09-15,42.51593780517578,87.37000274658203
2004-09-16,42.99766159057617,88.36000061035156
2004-09-17,42.78352355957031,87.91999816894531
2004-09-20,43.065792083740234,88.5
2004-09-21,43.19230651855469,88.76000213623047
2004-09-22,43.63994598388672,89.68000030517578
2004-09-23,43.46480178833008,89.31999969482422
2004-09-24,43.51835632324219,89.43000030517578
2004-09-27,43.7081413269043,89.81999969482422
2004-09-28,43.53289794921875,89.45999908447266
2004-09-29,43.10957717895508,88.58999633789062
2004-09-30,42.94414138793945,88.25
2004-10-01,42.72959899902344,87.44999694824219
2004-10-04,42.79314041137695,87.58000183105469
2004-10-05,42.79314041137695,87.58000183105469
2004-10-06,42.59769821166992,87.18000030517578
2004-10-07,42.412010192871094,86.80000305175781
2004-10-08,42.97396469116211,87.94999694824219
2004-10-11,43.01789093017578,88.04000091552734
2004-10-12,43.11566925048828,88.23999786376953
2004-10-13,43.27197265625,88.55999755859375
2004-10-14,43.47719192504883,88.9800033569336
2004-10-15,43.32575607299805,88.66999816894531
2004-10-18,43.345272064208984,88.70999908447266
2004-10-19,43.45763397216797,88.94000244140625
2004-10-20,43.755733489990234,89.55000305175781
2004-10-21,43.78505325317383,89.61000061035156
2004-10-22,43.88764953613281,89.81999969482422
2004-10-25,43.92185974121094,89.88999938964844
2004-10-26,43.7899169921875,89.62000274658203
2004-10-27,43.35992431640625,88.73999786376953
2004-10-28,43.50161361694336,89.02999877929688
2004-10-29,43.70193862915039,89.44000244140625
2004-11-01,43.4301643371582,88.5199966430664
2004-11-02,43.493953704833984,88.6500015258789
2004-11-03,43.513580322265625,88.69000244140625
2004-11-04,43.557777404785156,88.77999877929688
2004-11-05,43.08181381225586,87.80999755859375
2004-11-08,42.92974853515625,87.5
2004-11-09,42.90520477294922,87.44999694824219
2004-11-10,42.7432746887207,87.12000274658203
2004-11-11,42.650054931640625,86.93000030517578
2004-11-12,43.11125946044922,87.87000274658203
2004-11-15,43.150508880615234,87.94999694824219
2004-11-16,43.150508880615234,87.94999694824219
2004-11-17,43.51847839355469,88.69999694824219
2004-11-18,43.650962829589844,88.97000122070312
2004-11-19,43.302574157714844,88.26000213623047
2004-11-22,43.52828598022461,88.72000122070312
2004-11-23,43.58226776123047,88.83000183105469
2004-11-24,43.58226776123047,88.83000183105469
2004-11-26,43.29770278930664,88.25
2004-11-29,42.83652877807617,87.30999755859375
2004-11-30,42.65497970581055,86.94000244140625
2004-12-01,42.588462829589844,86.44999694824219
2004-12-02,42.41605758666992,86.0999984741211
2004-12-03,43.07617950439453,87.44000244140625
2004-12-06,43.22395324707031,87.73999786376953
2004-12-07,43.27816390991211,87.8499984741211
2004-12-08,43.95307540893555,89.22000122070312
2004-12-09,43.662437438964844,88.62999725341797
2004-12-10,43.770790100097656,88.8499984741211
2004-12-13,43.864410400390625,89.04000091552734
2004-12-14,44.03681564331055,89.38999938964844
2004-12-15,44.43585205078125,90.19999694824219
2004-12-16,43.78068923950195,88.87000274658203
2004-12-17,43.72153091430664,88.75
2004-12-20,43.80034255981445,88.91000366210938
2004-12-21,43.93339538574219,89.18000030517578
2004-12-22,43.78559112548828,88.87999725341797
2004-12-23,43.642704010009766,88.58999633789062
2004-12-27,43.30278015136719,87.9000015258789
2004-12-28,43.2683219909668,87.83000183105469
2004-12-29,43.22395324707031,87.73999786376953
2004-12-30,43.5146369934082,88.33000183105469
2004-12-31,43.789085388183594,88.55000305175781
2005-01-03,43.88302993774414,88.73999786376953
2005-01-04,43.42314529418945,87.80999755859375
2005-01-05,43.65556335449219,88.27999877929688
2005-01-06,43.685203552246094,88.33999633789062
2005-01-07,43.78410720825195,88.54000091552734
2005-01-10,43.8533821105957,88.68000030517578
2005-01-11,44.110538482666016,89.19999694824219
2005-01-12,44.16984558105469,89.31999969482422
2005-01-13,44.59513854980469,90.18000030517578
2005-01-14,44.59016799926758,90.16999816894531
2005-01-18,44.73857498168945,90.47000122070312
2005-01-19,44.86715316772461,90.7300033569336
2005-01-20,44.95610809326172,90.91000366210938
2005-01-21,45.00558853149414,91.01000213623047
2005-01-24,45.198455810546875,91.4000015258789
2005-01-25,44.773193359375,90.54000091552734
2005-01-26,44.857234954833984,90.70999908447266
2005-01-27,44.773193359375,90.54000091552734
2005-01-28,45.2231559753418,91.44999694824219
2005-01-31,45.35173034667969,91.70999908447266
2005-02-01,45.27976608276367,91.22000122070312
2005-02-02,45.384002685546875,91.43000030517578
2005-02-03,45.35920333862305,91.37999725341797
2005-02-04,45.98957443237305,92.6500015258789
2005-02-07,46.33210372924805,93.33999633789062
2005-02-08,46.59519958496094,93.87000274658203
2005-02-09,46.71925735473633,94.12000274658203
2005-02-10,46.08885192871094,92.8499984741211
2005-02-11,46.059078216552734,92.79000091552734
2005-02-14,46.203025817871094,93.08000183105469
2005-02-15,45.9697265625,92.61000061035156
2005-02-16,45.796024322509766,92.26000213623047
2005-02-17,45.50810623168945,91.68000030517578
2005-02-18,45.101078033447266,90.86000061035156
2005-02-22,44.90251922607422,90.45999908447266
2005-02-23,45.05142593383789,90.76000213623047
2005-02-24,44.95218276977539,90.55999755859375
2005-02-25,45.17057800292969,91.0
2005-02-28,44.68411636352539,90.0199966430664
2005-03-01,44.670166015625,89.70999908447266
2005-03-02,44.61045837402344,89.58999633789062
2005-03-03,44.58552932739258,89.54000091552734
2005-03-04,45.06851577758789,90.51000213623047
2005-03-07,45.247772216796875,90.87000274658203
2005-03-08,44.819522857666016,90.01000213623047
2005-03-09,44.08756637573242,88.54000091552734
2005-03-10,44.35646438598633,89.08000183105469
2005-03-11,44.03281784057617,88.43000030517578
2005-03-14,44.296722412109375,88.95999908447266
2005-03-15,44.01787567138672,88.4000015258789
2005-03-16,44.28672790527344,88.94000244140625
2005-03-17,44.43117904663086,89.2300033569336
2005-03-18,44.152305603027344,88.66999816894531
2005-03-21,44.02780532836914,88.41999816894531
2005-03-22,43.65433883666992,87.66999816894531
2005-03-23,43.863487243652344,88.08999633789062
2005-03-24,43.953125,88.2699966430664
2005-03-28,43.68427276611328,87.7300033569336
2005-03-29,43.943214416503906,88.25
2005-03-30,44.16227722167969,88.69000244140625
2005-03-31,44.480960845947266,89.33000183105469
2005-04-01,44.63092041015625,89.30000305175781
2005-04-04,44.62090301513672,89.27999877929688
2005-04-05,44.50592803955078,89.05000305175781
2005-04-06,44.66089630126953,89.36000061035156
2005-04-07,44.301055908203125,88.63999938964844
2005-04-08,44.45598602294922,88.94999694824219
2005-04-11,44.69587326049805,89.43000030517578
2005-04-12,45.11070251464844,90.26000213623047
2005-04-13,45.00074005126953,90.04000091552734
2005-04-14,44.930747985839844,89.9000015258789
2005-04-15,45.525508880615234,91.08999633789062
2005-04-18,45.490509033203125,91.0199966430664
2005-04-19,45.930362701416016,91.9000015258789
2005-04-20,45.81541442871094,91.66999816894531
2005-04-21,45.33562469482422,90.70999908447266
2005-04-22,45.71542739868164,91.47000122070312
2005-04-25,45.85033416748047,91.73999786376953
2005-04-26,45.78038024902344,91.5999984741211
2005-04-27,45.94032287597656,91.91999816894531
2005-04-28,46.28016662597656,92.5999984741211
2005-04-29,46.20026779174805,92.44000244140625
2005-05-02,46.19020462036133,92.08999633789062
2005-05-03,46.315574645996094,92.33999633789062
2005-05-04,45.9093132019043,91.52999877929688
2005-05-05,46.01461410522461,91.73999786376953
2005-05-06,45.673545837402344,91.05999755859375
2005-05-09,45.71867752075195,91.1500015258789
2005-05-10,46.04476547241211,91.80000305175781
2005-05-11,46.18516159057617,92.08000183105469
2005-05-12,46.36576843261719,92.44000244140625
2005-05-13,46.54631423950195,92.80000305175781
2005-05-16,46.49114227294922,92.69000244140625
2005-05-17,46.62154006958008,92.94999694824219
2005-05-18,46.9324951171875,93.56999969482422
2005-05-19,46.81214904785156,93.33000183105469
2005-05-20,46.86732864379883,93.44000244140625
2005-05-23,47.23345947265625,94.16999816894531
2005-05-24,47.36390686035156,94.43000030517578
2005-05-25,47.03279113769531,93.7699966430664
2005-05-26,47.01777648925781,93.73999786376953
2005-05-27,47.06793212890625,93.83999633789062
2005-05-31,47.649757385253906,95.0
2005-06-01,48.2332649230957,95.80999755859375
2005-06-02,48.34900665283203,96.04000091552734
2005-06-03,47.9513053894043,95.25
2005-06-06,48.20304489135742,95.75
2005-06-07,48.58565139770508,96.51000213623047
2005-06-08,48.35407257080078,96.05000305175781
2005-06-09,48.31377410888672,95.97000122070312
2005-06-10,47.77012634277344,94.88999938964844
2005-06-13,47.4831428527832,94.31999969482422
2005-06-14,47.17102813720703,93.69999694824219
2005-06-15,47.256587982177734,93.87000274658203
2005-06-16,47.493186950683594,94.33999633789062
2005-06-17,47.488189697265625,94.33000183105469
2005-06-20,47.407596588134766,94.16999816894531
2005-06-21,47.754947662353516,94.86000061035156
2005-06-22,48.33395004272461,96.01000213623047
2005-06-23,48.283573150634766,95.91000366210938
2005-06-24,48.52524948120117,96.38999938964844
2005-06-27,48.65612030029297,96.6500015258789
2005-06-28,48.32386016845703,95.98999786376953
2005-06-29,48.24836349487305,95.83999633789062
2005-06-30,48.68132400512695,96.69999694824219
2005-07-01,48.091251373291016,95.19999694824219
2005-07-05,47.636627197265625,94.30000305175781
2005-07-06,47.899322509765625,94.81999969482422
2005-07-07,48.000335693359375,95.0199966430664
2005-07-08,47.803321838378906,94.62999725341797
2005-07-11,47.803321838378906,94.62999725341797
2005-07-12,47.535545349121094,94.0999984741211
2005-07-13,47.46488952636719,93.95999908447266
2005-07-14,47.3436164855957,93.72000122070312
2005-07-15,47.46989440917969,93.97000122070312
2005-07-18,47.11631774902344,93.2699966430664
2005-07-19,47.28300857543945,93.5999984741211
2005-07-20,47.540653228759766,94.11000061035156
2005-07-21,46.8940315246582,92.83000183105469
2005-07-22,47.257755279541016,93.55000305175781
2005-07-25,47.08601379394531,93.20999908447266
2005-07-26,47.161808013916016,93.36000061035156
2005-07-27,47.08601379394531,93.20999908447266
2005-07-28,47.50528335571289,94.04000091552734
2005-07-29,47.03547668457031,93.11000061035156
2005-08-01,46.860538482666016,92.41999816894531
2005-08-02,46.70845413208008,92.12000274658203
2005-08-03,46.936607360839844,92.56999969482422
2005-08-04,46.84027862548828,92.37999725341797
2005-08-05,46.475189208984375,91.66000366210938
2005-08-08,46.38901901245117,91.48999786376953
2005-08-09,46.56138610839844,91.83000183105469
2005-08-10,46.51069259643555,91.7300033569336
2005-08-11,46.83525466918945,92.37000274658203
2005-08-12,47.31184768676758,93.30999755859375
2005-08-15,47.19015121459961,93.06999969482422
2005-08-16,47.51969909667969,93.72000122070312
2005-08-17,47.20531463623047,93.0999984741211
2005-08-18,47.5551872253418,93.79000091552734
2005-08-19,47.55015182495117,93.77999877929688
2005-08-22,47.49942398071289,93.68000030517578
2005-08-23,47.71746063232422,94.11000061035156
2005-08-24,47.763092041015625,94.19999694824219
2005-08-25,47.91521072387695,94.5
2005-08-26,47.899986267089844,94.47000122070312
2005-08-29,47.960853576660156,94.58999633789062
2005-08-30,48.26506042480469,95.19000244140625
2005-08-31,48.670677185058594,95.98999786376953
2005-09-01,48.37763214111328,95.08000183105469
2005-09-02,48.41832733154297,95.16000366210938
2005-09-06,48.07740783691406,94.48999786376953
2005-09-07,47.62455749511719,93.5999984741211
2005-09-08,47.67546463012695,93.69999694824219
2005-09-09,47.82808303833008,94.0
2005-09-12,47.49738693237305,93.3499984741211
2005-09-13,47.746700286865234,93.83999633789062
2005-09-14,47.563514709472656,93.4800033569336
2005-09-15,47.17171859741211,92.70999908447266
2005-09-16,46.86137008666992,92.0999984741211
2005-09-19,46.96315002441406,92.30000305175781
2005-09-20,47.085243225097656,92.54000091552734
2005-09-21,47.522789001464844,93.4000015258789
2005-09-22,47.4770393371582,93.30999755859375
2005-09-23,47.12084197998047,92.61000061035156
2005-09-26,46.90715026855469,92.19000244140625
2005-09-27,46.973304748535156,92.31999969482422
2005-09-28,47.288780212402344,92.94000244140625
2005-09-29,47.0750732421875,92.5199966430664
2005-09-30,46.91221618652344,92.19999694824219
2005-10-03,46.54544448852539,91.12000274658203
2005-10-04,46.69873046875,91.41999816894531
2005-10-05,46.90304946899414,91.81999969482422
2005-10-06,46.724239349365234,91.47000122070312
2005-10-07,46.91325759887695,91.83999633789062
2005-10-10,46.88262939453125,91.77999877929688
2005-10-11,46.78554153442383,91.58999633789062
2005-10-12,46.330909729003906,90.69999694824219
2005-10-13,46.162349700927734,90.37000274658203
2005-10-14,46.090858459472656,90.2300033569336
2005-10-17,46.08062744140625,90.20999908447266
2005-10-18,46.13174057006836,90.30999755859375
2005-10-19,46.15213394165039,90.3499984741211
2005-10-20,46.27470779418945,90.58999633789062
2005-10-21,46.70384979248047,91.43000030517578
2005-10-24,46.341163635253906,90.72000122070312
2005-10-25,45.94272994995117,89.94000244140625
2005-10-26,45.6055793762207,89.27999877929688
2005-10-27,45.76906204223633,89.5999984741211
2005-10-28,45.77412414550781,89.61000061035156
2005-10-31,45.86098098754883,89.77999877929688
2005-11-01,45.808128356933594,89.27999877929688
2005-11-02,45.5926399230957,88.86000061035156
2005-11-03,45.2847900390625,88.26000213623047
2005-11-04,45.21295928955078,88.12000274658203
2005-11-07,45.366886138916016,88.41999816894531
2005-11-08,45.808128356933594,89.27999877929688
2005-11-09,45.33610916137695,88.36000061035156
2005-11-10,45.890220642089844,89.44000244140625
2005-11-11,45.91590118408203,89.48999786376953
2005-11-14,45.572113037109375,88.81999969482422
2005-11-15,45.86973190307617,89.4000015258789
2005-11-16,46.35201644897461,90.33999633789062
2005-11-17,46.46488952636719,90.55999755859375
2005-11-18,46.24940872192383,90.13999938964844
2005-11-21,46.387935638427734,90.41000366210938
2005-11-22,46.449520111083984,90.52999877929688
2005-11-23,46.26990509033203,90.18000030517578
2005-11-25,46.43923568725586,90.51000213623047
2005-11-28,46.670108795166016,90.95999908447266
2005-11-29,46.228851318359375,90.0999984741211
2005-11-30,46.17753982543945,90.0
2005-12-01,46.10541534423828,89.47000122070312
2005-12-02,46.12089538574219,89.5
2005-12-05,45.914730072021484,89.0999984741211
2005-12-06,46.38368225097656,90.01000213623047
2005-12-07,46.20846176147461,89.66999816894531
2005-12-08,46.50736618041992,90.25
2005-12-09,46.14146423339844,89.54000091552734
2005-12-12,46.05390548706055,89.37000274658203
2005-12-13,46.223915100097656,89.69999694824219
2005-12-14,46.698062896728516,90.62000274658203
2005-12-15,46.58464813232422,90.4000015258789
2005-12-16,46.7392463684082,90.69999694824219
2005-12-19,46.78559494018555,90.79000091552734
2005-12-20,46.72896194458008,90.68000030517578
2005-12-21,46.64649963378906,90.5199966430664
2005-12-22,47.017513275146484,91.23999786376953
2005-12-23,47.30610275268555,91.80000305175781
2005-12-27,47.692596435546875,92.55000305175781
2005-12-28,47.55961608886719,91.91000366210938
2005-12-29,47.663108825683594,92.11000061035156
2005-12-30,47.554412841796875,91.9000015258789
2006-01-03,47.49234390258789,91.77999877929688
2006-01-04,47.606163024902344,92.0
2006-01-05,47.54927444458008,91.88999938964844
2006-01-06,47.46128845214844,91.72000122070312
2006-01-09,47.49234390258789,91.77999877929688
2006-01-10,47.109432220458984,91.04000091552734
2006-01-11,47.03181076049805,90.88999938964844
2006-01-12,47.34748077392578,91.5
2006-01-13,47.62171173095703,92.02999877929688
2006-01-17,47.833839416503906,92.44000244140625
2006-01-18,47.81834411621094,92.41000366210938
2006-01-19,47.67862319946289,92.13999938964844
2006-01-20,47.80278396606445,92.37999725341797
2006-01-23,47.787288665771484,92.3499984741211
2006-01-24,47.554412841796875,91.9000015258789
2006-01-25,47.036991119384766,90.9000015258789
2006-01-26,46.83519744873047,90.51000213623047
2006-01-27,46.83519744873047,90.51000213623047
2006-01-30,46.78862380981445,90.41999816894531
2006-01-31,46.91797637939453,90.66999816894531
2006-02-01,46.757469177246094,90.04000091552734
2006-02-02,46.84580993652344,90.20999908447266
2006-02-03,47.17816162109375,90.8499984741211
2006-02-06,47.271575927734375,91.02999877929688
2006-02-07,47.048282623291016,90.5999984741211
2006-02-08,46.93925094604492,90.38999938964844
2006-02-09,47.15214538574219,90.80000305175781
2006-02-10,46.89249038696289,90.30000305175781
2006-02-13,46.89772033691406,90.30999755859375
2006-02-14,46.731529235839844,89.98999786376953
2006-02-15,46.84580993652344,90.20999908447266
2006-02-16,46.856163024902344,90.2300033569336
2006-02-17,47.2300910949707,90.94999694824219
2006-02-21,47.15214538574219,90.80000305175781
2006-02-22,47.4741325378418,91.41999816894531
2006-02-23,47.35467529296875,91.19000244140625
2006-02-24,47.281986236572266,91.05000305175781
2006-02-27,47.204105377197266,90.9000015258789
2006-02-28,47.43775177001953,91.3499984741211
2006-03-01,47.1511344909668,90.4800033569336
2006-03-02,46.82282638549805,89.8499984741211
2006-03-03,46.55184555053711,89.33000183105469
2006-03-06,46.1453857421875,88.55000305175781
2006-03-07,46.1766357421875,88.61000061035156
2006-03-08,46.161033630371094,88.58000183105469
2006-03-09,46.1766357421875,88.61000061035156
2006-03-10,46.00467300415039,88.27999877929688
2006-03-13,45.96823501586914,88.20999908447266
2006-03-14,46.275665283203125,88.80000305175781
2006-03-15,46.025516510009766,88.31999969482422
2006-03-16,46.442447662353516,89.12000274658203
2006-03-17,46.301727294921875,88.8499984741211
2006-03-20,46.3746223449707,88.98999786376953
2006-03-21,46.13496398925781,88.52999877929688
2006-03-22,46.233978271484375,88.72000122070312
2006-03-23,46.08810806274414,88.44000244140625
2006-03-24,46.42680358886719,89.08999633789062
2006-03-27,46.25483703613281,88.76000213623047
2006-03-28,45.82225799560547,87.93000030517578
2006-03-29,45.60343551635742,87.51000213623047
2006-03-30,45.285526275634766,86.9000015258789
2006-03-31,45.26994705200195,86.87000274658203
2006-04-03,45.28452682495117,86.56999969482422
2006-04-04,45.23750305175781,86.4800033569336
2006-04-05,45.30023193359375,86.5999984741211
2006-04-06,44.95499801635742,85.94000244140625
2006-04-07,44.515586853027344,85.0999984741211
2006-04-10,44.59928894042969,85.26000213623047
2006-04-11,44.756202697753906,85.55999755859375
2006-04-12,44.484256744384766,85.04000091552734
2006-04-13,44.17035675048828,84.44000244140625
2006-04-17,44.33251190185547,84.75
2006-04-18,44.41096115112305,84.9000015258789
2006-04-19,44.13895034790039,84.37999725341797
2006-04-20,44.10232925415039,84.30999755859375
2006-04-21,44.35866928100586,84.80000305175781
2006-04-24,44.53653335571289,85.13999938964844
2006-04-25,44.008209228515625,84.12999725341797
2006-04-26,43.934913635253906,83.98999786376953
2006-04-27,43.99249267578125,84.0999984741211
2006-04-28,44.023887634277344,84.16000366210938
2006-05-01,43.69303894042969,83.19999694824219
2006-05-02,43.8086051940918,83.41999816894531
2006-05-03,43.71405792236328,83.23999786376953
2006-05-04,43.64052200317383,83.0999984741211
2006-05-05,43.90311050415039,83.5999984741211
2006-05-08,43.929359436035156,83.6500015258789
2006-05-09,43.90311050415039,83.5999984741211
2006-05-10,43.98188781738281,83.75
2006-05-11,43.76656723022461,83.33999633789062
2006-05-12,43.40422058105469,82.6500015258789
2006-05-15,43.577537536621094,82.9800033569336
2006-05-16,43.90311050415039,83.5999984741211
2006-05-17,43.63003921508789,83.08000183105469
2006-05-18,44.22343826293945,84.20999908447266
2006-05-19,44.33899688720703,84.43000030517578
2006-05-22,44.433509826660156,84.61000061035156
2006-05-23,44.407222747802734,84.55999755859375
2006-05-24,44.42824172973633,84.5999984741211
2006-05-25,44.25495529174805,84.2699966430664
2006-05-26,44.22343826293945,84.20999908447266
2006-05-30,44.20244598388672,84.16999816894531
2006-05-31,43.939842224121094,83.66999816894531
2006-06-01,44.135990142822266,83.70999908447266
2006-06-02,44.7054443359375,84.79000091552734
2006-06-05,44.647422790527344,84.68000030517578
2006-06-06,44.85832595825195,85.08000183105469
2006-06-07,44.86884307861328,85.0999984741211
2006-06-08,44.958499908447266,85.2699966430664
2006-06-09,45.19578170776367,85.72000122070312
2006-06-12,45.23270797729492,85.79000091552734
2006-06-13,45.26432800292969,85.8499984741211
2006-06-14,44.810848236083984,84.98999786376953
2006-06-15,44.552520751953125,84.5
2006-06-16,44.45231628417969,84.30999755859375
2006-06-19,44.38908767700195,84.19000244140625
2006-06-20,44.31523895263672,84.05000305175781
2006-06-21,44.3258056640625,84.06999969482422
2006-06-22,44.07272720336914,83.58999633789062
2006-06-23,43.983116149902344,83.41999816894531
2006-06-26,43.89875411987305,83.26000213623047
2006-06-27,44.11491012573242,83.66999816894531
2006-06-28,43.882938385009766,83.2300033569336
2006-06-29,44.03055953979492,83.51000213623047
2006-06-30,44.45763397216797,84.31999969482422
2006-07-03,44.413658142089844,83.91000366210938
2006-07-05,44.05906295776367,83.23999786376953
2006-07-06,44.329017639160156,83.75
2006-07-07,44.61483383178711,84.29000091552734
2006-07-10,44.65718078613281,84.37000274658203
2006-07-11,44.80010986328125,84.63999938964844
2006-07-12,44.81066131591797,84.66000366210938
2006-07-13,44.98530578613281,84.98999786376953
2006-07-14,45.01185607910156,85.04000091552734
2006-07-17,45.08060073852539,85.16999816894531
2006-07-18,44.694236755371094,84.44000244140625
2006-07-19,45.11769104003906,85.23999786376953
2006-07-20,45.249969482421875,85.48999786376953
2006-07-21,45.16530227661133,85.33000183105469
2006-07-24,45.138816833496094,85.27999877929688
2006-07-25,45.00649642944336,85.02999877929688
2006-07-26,45.17057800292969,85.33999633789062
2006-07-27,45.101776123046875,85.20999908447266
2006-07-28,45.36109924316406,85.69999694824219
2006-07-31,45.419376373291016,85.80999755859375
2006-08-01,45.41508102416992,85.45999908447266
2006-08-02,45.58515548706055,85.77999877929688
2006-08-03,45.59579086303711,85.80000305175781
2006-08-04,45.87211608886719,86.31999969482422
2006-08-07,45.898719787597656,86.37000274658203
2006-08-08,45.797691345214844,86.18000030517578
2006-08-09,45.648929595947266,85.9000015258789
2006-08-10,45.57981491088867,85.7699966430664
2006-08-11,45.38319396972656,85.4000015258789
2006-08-14,45.30350112915039,85.25
2006-08-15,45.68611526489258,85.97000122070312
2006-08-16,45.99435043334961,86.55000305175781
2006-08-17,45.978431701660156,86.5199966430664
2006-08-18,46.11125946044922,86.7699966430664
2006-08-21,46.27602005004883,87.08000183105469
2006-08-22,46.29195022583008,87.11000061035156
2006-08-23,46.31321334838867,87.1500015258789
2006-08-24,46.39822006225586,87.30999755859375
2006-08-25,46.467323303222656,87.44000244140625
2006-08-28,46.50981140136719,87.5199966430664
2006-08-29,46.57358169555664,87.63999938964844
2006-08-30,46.69586181640625,87.87000274658203
2006-08-31,46.807430267333984,88.08000183105469
2006-09-01,46.823448181152344,87.76000213623047
2006-09-05,46.52996063232422,87.20999908447266
2006-09-06,46.465946197509766,87.08999633789062
2006-09-07,46.55664825439453,87.26000213623047
2006-09-08,46.59397506713867,87.33000183105469
2006-09-11,46.55129623413086,87.25
2006-09-12,46.78608703613281,87.69000244140625
2006-09-13,46.80745315551758,87.7300033569336
2006-09-14,46.70069122314453,87.52999877929688
2006-09-15,46.663368225097656,87.45999908447266
2006-09-18,46.58865737915039,87.31999969482422
2006-09-19,47.11153793334961,88.30000305175781
2006-09-20,47.180877685546875,88.43000030517578
2006-09-21,47.613059997558594,89.23999786376953
2006-09-22,47.84783172607422,89.68000030517578
2006-09-25,48.1839485168457,90.30999755859375
2006-09-26,47.98122787475586,89.93000030517578
2006-09-27,47.842498779296875,89.66999816894531
2006-09-28,47.76246643066406,89.5199966430664
2006-09-29,47.703758239746094,89.41000366210938
2006-10-02,47.83448791503906,89.30000305175781
2006-10-03,47.770179748535156,89.18000030517578
2006-10-04,48.1183967590332,89.83000183105469
2006-10-05,47.78089904785156,89.19999694824219
2006-10-06,47.28275680541992,88.2699966430664
2006-10-09,47.41127395629883,88.51000213623047
2006-10-10,47.036346435546875,87.80999755859375
2006-10-11,46.89704513549805,87.55000305175781
2006-10-12,46.92385482788086,87.5999984741211
2006-10-13,46.68815231323242,87.16000366210938
2006-10-16,46.89704513549805,87.55000305175781
2006-10-17,46.934547424316406,87.62000274658203
2006-10-18,47.03099822998047,87.80000305175781
2006-10-19,46.94528579711914,87.63999938964844
2006-10-20,46.89704513549805,87.55000305175781
2006-10-23,46.70962905883789,87.19999694824219
2006-10-24,46.70962905883789,87.19999694824219
2006-10-25,47.0792121887207,87.88999938964844
2006-10-26,47.384552001953125,88.45999908447266
2006-10-27,47.60414123535156,88.87000274658203
2006-10-30,47.73805618286133,89.12000274658203
2006-10-31,48.107666015625,89.80999755859375
2006-11-01,48.37382888793945,89.95999908447266
2006-11-02,48.17491149902344,89.58999633789062
2006-11-03,47.60486602783203,88.52999877929688
2006-11-06,47.74470520019531,88.79000091552734
2006-11-07,47.96515655517578,89.19999694824219
2006-11-08,48.13726043701172,89.5199966430664
2006-11-09,48.11034393310547,89.47000122070312
2006-11-10,48.32004165649414,89.86000061035156
2006-11-13,48.30931854248047,89.83999633789062
2006-11-14,48.49753189086914,90.19000244140625
2006-11-15,48.31468963623047,89.8499984741211
2006-11-16,48.094242095947266,89.44000244140625
2006-11-17,48.36846160888672,89.94999694824219
2006-11-20,48.443729400634766,90.08999633789062
2006-11-21,48.56203842163086,90.30999755859375
2006-11-22,48.642677307128906,90.45999908447266
2006-11-24,48.728729248046875,90.62000274658203
2006-11-27,48.90617752075195,90.94999694824219
2006-11-28,49.00831985473633,91.13999938964844
2006-11-29,48.89543914794922,90.93000030517578
2006-11-30,49.21805191040039,91.52999877929688
2006-12-01,49.34330749511719,91.41999816894531
2006-12-04,49.429649353027344,91.58000183105469
2006-12-05,49.19757080078125,91.1500015258789
2006-12-06,49.10041427612305,90.97000122070312
2006-12-07,49.06260299682617,90.9000015258789
2006-12-08,48.70637512207031,90.23999786376953
2006-12-11,48.916900634765625,90.62999725341797
2006-12-12,49.019447326660156,90.81999969482422
2006-12-13,48.58224868774414,90.01000213623047
2006-12-14,48.404136657714844,89.68000030517578
2006-12-15,48.43112564086914,89.7300033569336
2006-12-18,48.44732666015625,89.76000213623047
2006-12-19,48.382537841796875,89.63999938964844
2006-12-20,48.377113342285156,89.62999725341797
2006-12-21,48.62004470825195,90.08000183105469
2006-12-22,48.24760437011719,89.38999938964844
2006-12-26,48.39331817626953,89.66000366210938
2006-12-27,48.03753662109375,88.69999694824219
2006-12-28,47.92919158935547,88.5
2006-12-29,47.89131164550781,88.43000030517578
2007-01-03,48.232505798339844,89.05999755859375
2007-01-04,48.52495193481445,89.5999984741211
2007-01-05,48.3137092590332,89.20999908447266
2007-01-08,48.40036392211914,89.37000274658203
2007-01-09,48.40036392211914,89.37000274658203
2007-01-10,48.18373489379883,88.97000122070312
2007-01-11,47.90213394165039,88.44999694824219
2007-01-12,47.68008804321289,88.04000091552734
2007-01-16,47.782997131347656,88.2300033569336
2007-01-17,47.63675308227539,87.95999908447266
2007-01-18,47.782997131347656,88.2300033569336
2007-01-19,47.65302658081055,87.98999786376953
2007-01-22,47.766727447509766,88.19999694824219
2007-01-23,47.452598571777344,87.62000274658203
2007-01-24,47.44718933105469,87.61000061035156
2007-01-25,47.10602951049805,86.9800033569336
2007-01-26,47.06809616088867,86.91000366210938
2007-01-29,46.96520233154297,86.72000122070312
2007-01-30,47.01936721801758,86.81999969482422
2007-01-31,47.41471862792969,87.55000305175781
2007-02-01,47.357601165771484,87.08999633789062
2007-02-02,47.41743469238281,87.19999694824219
2007-02-05,47.48268127441406,87.31999969482422
2007-02-06,47.74368667602539,87.80000305175781
2007-02-07,47.885040283203125,88.05999755859375
2007-02-08,47.923152923583984,88.12999725341797
2007-02-09,47.651275634765625,87.62999725341797
2007-02-12,47.54250717163086,87.43000030517578
2007-02-13,47.43917465209961,87.23999786376953
2007-02-14,47.89051818847656,88.06999969482422
2007-02-15,48.03190231323242,88.33000183105469
2007-02-16,48.200462341308594,88.63999938964844
2007-02-20,48.309226989746094,88.83999633789062
2007-02-21,48.22767639160156,88.69000244140625
2007-02-22,47.966636657714844,88.20999908447266
2007-02-23,48.309226989746094,88.83999633789062
2007-02-26,48.63001251220703,89.43000030517578
2007-02-27,49.244529724121094,90.55999755859375
2007-02-28,49.021575927734375,90.1500015258789
2007-03-01,48.99046325683594,89.75
2007-03-02,49.23606491088867,90.19999694824219
2007-03-05,49.31797409057617,90.3499984741211
2007-03-06,49.17059326171875,90.08000183105469
2007-03-07,49.361629486083984,90.43000030517578
2007-03-08,49.31797409057617,90.3499984741211
2007-03-09,48.79945373535156,89.4000015258789
2007-03-12,48.99046325683594,89.75
2007-03-13,49.2852668762207,90.29000091552734
2007-03-14,49.061431884765625,89.87999725341797
2007-03-15,49.05598068237305,89.87000274658203
2007-03-16,49.045040130615234,89.8499984741211
2007-03-19,48.94134521484375,89.66000366210938
2007-03-20,48.9686279296875,89.70999908447266
2007-03-21,48.99046325683594,89.75
2007-03-22,48.60293960571289,89.04000091552734
2007-03-23,48.46644973754883,88.79000091552734
2007-03-26,48.526485443115234,88.9000015258789
2007-03-27,48.44459915161133,88.75
2007-03-28,48.34636688232422,88.56999969482422
2007-03-29,48.28086471557617,88.44999694824219
2007-03-30,48.18803787231445,88.27999877929688
2007-04-02,48.2680549621582,88.0999984741211
2007-04-03,48.20781326293945,87.98999786376953
2007-04-04,48.257083892822266,88.08000183105469
2007-04-05,48.076297760009766,87.75
2007-04-09,47.75851821899414,87.16999816894531
2007-04-10,47.90098190307617,87.43000030517578
2007-04-11,47.868072509765625,87.37000274658203
2007-04-12,47.87904357910156,87.38999938964844
2007-04-13,47.73112869262695,87.12000274658203
2007-04-16,47.9941291809082,87.5999984741211
2007-04-17,48.26258087158203,88.08999633789062
2007-04-18,48.503639221191406,88.52999877929688
2007-04-19,48.42145538330078,88.37999725341797
2007-04-20,48.2954216003418,88.1500015258789
2007-04-23,48.470741271972656,88.47000122070312
2007-04-24,48.65153884887695,88.80000305175781
2007-04-25,48.481685638427734,88.48999786376953
2007-04-26,48.13105773925781,87.8499984741211
2007-04-27,48.12009811401367,87.83000183105469
2007-04-30,48.62416458129883,88.75
2007-05-01,48.65932083129883,88.48999786376953
2007-05-02,48.631858825683594,88.44000244140625
2007-05-03,48.52188491821289,88.23999786376953
2007-05-04,48.7198486328125,88.5999984741211
2007-05-07,48.85183334350586,88.83999633789062
2007-05-08,48.741844177246094,88.63999938964844
2007-05-09,48.549381256103516,88.29000091552734
2007-05-10,48.66486740112305,88.5
2007-05-11,48.494384765625,88.19000244140625
2007-05-14,48.36790466308594,87.95999908447266
2007-05-15,48.3514404296875,87.93000030517578
2007-05-16,48.318450927734375,87.87000274658203
2007-05-17,48.120445251464844,87.51000213623047
2007-05-18,47.80155563354492,86.93000030517578
2007-05-21,47.944541931152344,87.19000244140625
2007-05-22,47.69704055786133,86.73999786376953
2007-05-23,47.55963134765625,86.48999786376953
2007-05-24,47.60358428955078,86.56999969482422
2007-05-25,47.493614196777344,86.37000274658203
2007-05-29,47.48809814453125,86.36000061035156
2007-05-30,47.58708572387695,86.54000091552734
2007-05-31,47.49908447265625,86.37999725341797
2007-06-01,47.24956512451172,85.58999633789062
2007-06-04,47.46489715576172,85.9800033569336
2007-06-05,47.16680145263672,85.44000244140625
2007-06-06,47.14468002319336,85.4000015258789
2007-06-07,46.30009460449219,83.87000274658203
2007-06-08,46.261436462402344,83.80000305175781
2007-06-11,46.12895202636719,83.55999755859375
2007-06-12,45.460960388183594,82.3499984741211
2007-06-13,46.001956939697266,83.33000183105469
2007-06-14,45.88603591918945,83.12000274658203
2007-06-15,46.200706481933594,83.69000244140625
2007-06-18,46.10685348510742,83.5199966430664
2007-06-19,46.53743362426758,84.30000305175781
2007-06-20,46.162052154541016,83.62000274658203
2007-06-21,45.94122314453125,83.22000122070312
2007-06-22,46.239349365234375,83.76000213623047
2007-06-25,46.493282318115234,84.22000122070312
2007-06-26,46.50432205200195,84.23999786376953
2007-06-27,46.54852294921875,84.31999969482422
2007-06-28,46.53743362426758,84.30000305175781
2007-06-29,47.017738342285156,85.16999816894531
2007-07-02,47.264896392822266,85.29000091552734
2007-07-03,46.9766960144043,84.7699966430664
2007-07-05,46.45024871826172,83.81999969482422
2007-07-06,46.2618408203125,83.4800033569336
2007-07-09,46.428077697753906,83.77999877929688
2007-07-10,47.214988708496094,85.19999694824219
2007-07-11,46.72732162475586,84.31999969482422
2007-07-12,46.56662368774414,84.02999877929688
2007-07-13,46.694087982177734,84.26000213623047
2007-07-16,47.142974853515625,85.06999969482422
2007-07-17,47.0432243347168,84.88999938964844
2007-07-18,47.220584869384766,85.20999908447266
2007-07-19,47.20949172973633,85.19000244140625
2007-07-20,47.63615798950195,85.95999908447266
2007-07-23,47.55857467651367,85.81999969482422
2007-07-24,47.73593521118164,86.13999938964844
2007-07-25,47.83012771606445,86.30999755859375
2007-07-26,48.22915267944336,87.02999877929688
2007-07-27,48.36765670776367,87.27999877929688
2007-07-30,48.22915267944336,87.02999877929688
2007-07-31,48.5782470703125,87.66000366210938
2007-08-01,48.47308349609375,87.12999725341797
2007-08-02,48.595523834228516,87.3499984741211
2007-08-03,48.91816711425781,87.93000030517578
2007-08-06,48.56208801269531,87.29000091552734
2007-08-07,48.52316665649414,87.22000122070312
2007-08-08,47.93345642089844,86.16000366210938
2007-08-09,48.000240325927734,86.27999877929688
2007-08-10,47.888946533203125,86.08000183105469
2007-08-13,48.02804183959961,86.33000183105469
2007-08-14,48.15599060058594,86.55999755859375
2007-08-15,47.9835319519043,86.25
2007-08-16,48.478660583496094,87.13999938964844
2007-08-17,48.283958435058594,86.79000091552734
2007-08-20,48.311763763427734,86.83999633789062
2007-08-21,48.54545211791992,87.26000213623047
2007-08-22,48.467559814453125,87.12000274658203
2007-08-23,48.6344108581543,87.41999816894531
2007-08-24,48.873680114746094,87.8499984741211
2007-08-27,49.12957000732422,88.30999755859375
2007-08-28,49.21300506591797,88.45999908447266
2007-08-29,49.07952880859375,88.22000122070312
2007-08-30,49.40774154663086,88.80999755859375
2007-08-31,49.44668197631836,88.87999725341797
2007-09-04,49.47013854980469,88.55999755859375
2007-09-05,49.86676788330078,89.2699966430664
2007-09-06,49.7382698059082,89.04000091552734
2007-09-07,50.44212341308594,90.30000305175781
2007-09-10,50.83312225341797,91.0
2007-09-11,50.79404067993164,90.93000030517578
2007-09-12,50.604095458984375,90.58999633789062
2007-09-13,50.15164566040039,89.77999877929688
2007-09-14,50.224266052246094,89.91000366210938
2007-09-17,50.464481353759766,90.33999633789062
2007-09-18,50.084617614746094,89.66000366210938
2007-09-19,49.6209602355957,88.83000183105469
2007-09-20,48.682525634765625,87.1500015258789
2007-09-21,49.095882415771484,87.88999938964844
2007-09-24,49.23551940917969,88.13999938964844
2007-09-25,49.0623779296875,87.83000183105469
2007-09-26,49.10704040527344,87.91000366210938
2007-09-27,49.44778060913086,88.5199966430664
2007-09-28,49.55954360961914,88.72000122070312
2007-10-01,49.842708587646484,88.87999725341797
2007-10-02,49.99972152709961,89.16000366210938
2007-10-03,49.853912353515625,88.9000015258789
2007-10-04,50.04461669921875,89.23999786376953
2007-10-05,49.506282806396484,88.27999877929688
2007-10-08,49.46697235107422,88.20999908447266
2007-10-09,49.40534591674805,88.0999984741211
2007-10-10,49.43334197998047,88.1500015258789
2007-10-11,49.38288879394531,88.05999755859375
2007-10-12,49.14174270629883,87.62999725341797
2007-10-15,49.1529541015625,87.6500015258789
2007-10-16,49.169761657714844,87.68000030517578
2007-10-17,49.708160400390625,88.63999938964844
2007-10-18,49.98292922973633,89.12999725341797
2007-10-19,50.7287483215332,90.45999908447266
2007-10-22,50.73440933227539,90.47000122070312
2007-10-23,50.66709518432617,90.3499984741211
2007-10-24,51.042808532714844,91.0199966430664
2007-10-25,50.86893844604492,90.70999908447266
2007-10-26,50.75117874145508,90.5
2007-10-29,50.94746780395508,90.8499984741211
2007-10-30,50.91939926147461,90.80000305175781
2007-10-31,50.459598541259766,89.9800033569336
2007-11-01,51.1152229309082,90.75
2007-11-02,51.27853012084961,91.04000091552734
2007-11-05,51.256011962890625,91.0
2007-11-06,51.00819396972656,90.55999755859375
2007-11-07,51.098297119140625,90.72000122070312
2007-11-08,51.00819396972656,90.55999755859375
2007-11-09,51.44192123413086,91.33000183105469
2007-11-12,51.6277961730957,91.66000366210938
2007-11-13,51.4362907409668,91.31999969482422
2007-11-14,51.49262237548828,91.41999816894531
2007-11-15,51.976959228515625,92.27999877929688
2007-11-16,52.050254821777344,92.41000366210938
2007-11-19,52.38819122314453,93.01000213623047
2007-11-20,52.33184814453125,92.91000366210938
2007-11-21,52.636024475097656,93.44999694824219
2007-11-23,52.79371643066406,93.7300033569336
2007-11-26,53.83572006225586,95.58000183105469
2007-11-27,53.32313537597656,94.66999816894531
2007-11-28,52.96269989013672,94.02999877929688
2007-11-29,53.41895294189453,94.83999633789062
2007-11-30,53.15983963012695,94.37999725341797
2007-12-03,53.581695556640625,94.75
2007-12-04,53.576053619384766,94.73999786376953
2007-12-05,52.937007904052734,93.61000061035156
2007-12-06,52.47331619262695,92.79000091552734
2007-12-07,51.88516616821289,91.75
2007-12-10,51.57415771484375,91.19999694824219
2007-12-11,52.58641052246094,92.98999786376953
2007-12-12,52.04353332519531,92.02999877929688
2007-12-13,51.47799301147461,91.02999877929688
2007-12-14,51.2404670715332,90.61000061035156
2007-12-17,51.69858932495117,91.41999816894531
2007-12-18,52.03220748901367,92.01000213623047
2007-12-19,52.722129821777344,93.2300033569336
2007-12-20,52.609004974365234,93.02999877929688
2007-12-21,51.83992385864258,91.66999816894531
2007-12-24,51.59674072265625,91.23999786376953
2007-12-26,51.144325256347656,90.44000244140625
2007-12-27,51.70193099975586,91.05999755859375
2007-12-28,52.50817108154297,92.4800033569336
2007-12-31,52.82613754272461,93.04000091552734
2008-01-02,53.5869140625,94.37999725341797
2008-01-03,53.51312255859375,94.25
2008-01-04,53.52445983886719,94.2699966430664
2008-01-07,53.757259368896484,94.68000030517578
2008-01-08,53.694793701171875,94.56999969482422
2008-01-09,53.79701614379883,94.75
2008-01-10,53.070281982421875,93.47000122070312
2008-01-11,53.48474884033203,94.19999694824219
2008-01-14,53.683448791503906,94.55000305175781
2008-01-15,54.285316467285156,95.61000061035156
2008-01-16,53.8935661315918,94.91999816894531
2008-01-17,54.591915130615234,96.1500015258789
2008-01-18,54.21717834472656,95.48999786376953
2008-01-22,54.79631805419922,96.51000213623047
2008-01-23,54.6713981628418,96.29000091552734
2008-01-24,53.575599670410156,94.36000061035156
2008-01-25,54.47837829589844,95.94999694824219
2008-01-28,54.273963928222656,95.58999633789062
2008-01-29,53.90491485595703,94.94000244140625
2008-01-30,53.55288314819336,94.31999969482422
2008-01-31,53.933326721191406,94.98999786376953
2008-02-01,54.25748062133789,95.2300033569336
2008-02-04,53.699134826660156,94.25
2008-02-05,54.109352111816406,94.97000122070312
2008-02-06,53.944129943847656,94.68000030517578
2008-02-07,52.78181076049805,92.63999938964844
2008-02-08,53.385765075683594,93.69999694824219
2008-02-11,53.607967376708984,94.08999633789062
2008-02-12,53.28889846801758,93.52999877929688
2008-02-13,52.72486114501953,92.54000091552734
2008-02-14,51.949981689453125,91.18000030517578
2008-02-15,52.348819732666016,91.87999725341797
2008-02-19,51.818946838378906,90.94999694824219
2008-02-20,52.177860260009766,91.58000183105469
2008-02-21,52.730525970458984,92.55000305175781
2008-02-22,52.42857360839844,92.0199966430664
2008-02-25,51.89297866821289,91.08000183105469
2008-02-26,51.91007995605469,91.11000061035156
2008-02-27,51.955692291259766,91.19000244140625
2008-02-28,52.878631591796875,92.80999755859375
2008-02-29,53.68770217895508,94.2300033569336
2008-03-03,53.54934310913086,93.63999938964844
2008-03-04,53.028892517089844,92.7300033569336
2008-03-05,52.394161224365234,91.62000274658203
2008-03-06,52.674339294433594,92.11000061035156
2008-03-07,52.74302673339844,92.2300033569336
2008-03-10,53.52074432373047,93.58999633789062
2008-03-11,53.063201904296875,92.79000091552734
2008-03-12,54.08685302734375,94.58000183105469
2008-03-13,53.663700103759766,93.83999633789062
2008-03-14,54.3270378112793,95.0
2008-03-17,54.74453353881836,95.7300033569336
2008-03-18,54.53294372558594,95.36000061035156
2008-03-19,55.436485290527344,96.94000244140625
2008-03-20,55.573707580566406,97.18000030517578
2008-03-24,54.49864959716797,95.30000305175781
2008-03-25,54.72740173339844,95.69999694824219
2008-03-26,54.49864959716797,95.30000305175781
2008-03-27,54.11548614501953,94.62999725341797
2008-03-28,54.641563415527344,95.55000305175781
2008-03-31,54.83603286743164,95.88999938964844
2008-04-01,53.94356155395508,93.93000030517578
2008-04-02,54.05842590332031,94.12999725341797
2008-04-03,54.17903518676758,94.33999633789062
2008-04-04,54.67291259765625,95.19999694824219
2008-04-07,54.38578796386719,94.69999694824219
2008-04-08,54.1962776184082,94.37000274658203
2008-04-09,54.75905990600586,95.3499984741211
2008-04-10,54.575313568115234,95.02999877929688
2008-04-11,54.942832946777344,95.66999816894531
2008-04-14,54.6212043762207,95.11000061035156
2008-04-15,53.94356155395508,93.93000030517578
2008-04-16,53.41524124145508,93.01000213623047
2008-04-17,53.323307037353516,92.8499984741211
2008-04-18,53.27741241455078,92.7699966430664
2008-04-21,53.48984909057617,93.13999938964844
2008-04-22,53.673675537109375,93.45999908447266
2008-04-23,53.4956169128418,93.1500015258789
2008-04-24,53.04193115234375,92.36000061035156
2008-04-25,52.731815338134766,91.81999969482422
2008-04-28,52.89263153076172,92.0999984741211
2008-04-29,53.09361267089844,92.44999694824219
2008-04-30,53.472652435302734,93.11000061035156
2008-05-01,53.47607421875,92.77999877929688
2008-05-02,52.80178451538086,91.61000061035156
2008-05-05,52.80178451538086,91.61000061035156
2008-05-06,52.421329498291016,90.94999694824219
2008-05-07,52.6461181640625,91.33999633789062
2008-05-08,53.11880111694336,92.16000366210938
2008-05-09,53.31473159790039,92.5
2008-05-12,53.23402786254883,92.36000061035156
2008-05-13,52.651893615722656,91.3499984741211
2008-05-14,52.67497634887695,91.38999938964844
2008-05-15,53.15333557128906,92.22000122070312
2008-05-16,52.934329986572266,91.83999633789062
2008-05-19,53.00349807739258,91.95999908447266
2008-05-20,53.2801399230957,92.44000244140625
2008-05-21,53.29164123535156,92.45999908447266
2008-05-22,52.663387298583984,91.37000274658203
2008-05-23,52.89398956298828,91.7699966430664
2008-05-27,52.53664016723633,91.1500015258789
2008-05-28,52.06972885131836,90.33999633789062
2008-05-29,51.695133209228516,89.69000244140625
2008-05-30,52.035152435302734,90.27999877929688
2008-06-02,52.23589324951172,90.30000305175781
2008-06-03,52.61191177368164,90.94999694824219
2008-06-04,52.14337921142578,90.13999938964844
2008-06-05,51.83095169067383,89.5999984741211
2008-06-06,52.502044677734375,90.76000213623047
2008-06-09,52.502044677734375,90.76000213623047
2008-06-10,52.16069030761719,90.16999816894531
2008-06-11,52.03921890258789,89.95999908447266
2008-06-12,51.51859664916992,89.05999755859375
2008-06-13,51.408695220947266,88.87000274658203
2008-06-16,51.42024230957031,88.88999938964844
2008-06-17,51.52436065673828,89.06999969482422
2008-06-18,51.958213806152344,89.81999969482422
2008-06-19,51.65167999267578,89.29000091552734
2008-06-20,51.95246124267578,89.80999755859375
2008-06-23,52.062355041503906,90.0
2008-06-24,52.40943908691406,90.5999984741211
2008-06-25,52.43257141113281,90.63999938964844
2008-06-26,52.78546905517578,91.25
2008-06-27,53.404422760009766,92.31999969482422
2008-06-30,53.41598892211914,92.33999633789062
2008-07-01,53.289424896240234,91.79000091552734
2008-07-02,53.568084716796875,92.2699966430664
2008-07-03,53.451961517333984,92.06999969482422
2008-07-07,53.69577407836914,92.48999786376953
2008-07-08,54.04410171508789,93.08999633789062
2008-07-09,54.28217697143555,93.5
2008-07-10,54.27635192871094,93.48999786376953
2008-07-11,53.50419616699219,92.16000366210938
2008-07-14,53.97444152832031,92.97000122070312
2008-07-15,53.95707702636719,92.94000244140625
2008-07-16,52.98173522949219,91.26000213623047
2008-07-17,52.708866119384766,90.79000091552734
2008-07-18,52.51144027709961,90.44999694824219
2008-07-21,52.71464157104492,90.80000305175781
2008-07-22,52.45341110229492,90.3499984741211
2008-07-23,52.348934173583984,90.16999816894531
2008-07-24,52.85980224609375,91.05000305175781
2008-07-25,52.33152770996094,90.13999938964844
2008-07-28,52.85980224609375,91.05000305175781
2008-07-29,52.64501190185547,90.68000030517578
2008-07-30,52.697269439697266,90.7699966430664
2008-07-31,53.219749450683594,91.66999816894531
2008-08-01,53.337459564208984,91.54000091552734
2008-08-04,53.21510314941406,91.33000183105469
2008-08-05,52.818870544433594,90.6500015258789
2008-08-06,52.60327911376953,90.27999877929688
2008-08-07,53.45981216430664,91.75
2008-08-08,53.605438232421875,92.0
2008-08-11,53.09273147583008,91.12000274658203
2008-08-12,53.587955474853516,91.97000122070312
2008-08-13,53.401580810546875,91.6500015258789
2008-08-14,53.745296478271484,92.23999786376953
2008-08-15,54.211463928222656,93.04000091552734
2008-08-18,54.427024841308594,93.41000366210938
2008-08-19,54.21727752685547,93.05000305175781
2008-08-20,54.3687744140625,93.30999755859375
2008-08-21,54.26972579956055,93.13999938964844
2008-08-22,54.234771728515625,93.08000183105469
2008-08-25,54.77663040161133,94.01000213623047
2008-08-26,54.82323455810547,94.08999633789062
2008-08-27,54.91649627685547,94.25
2008-08-28,54.92231369018555,94.26000213623047
2008-08-29,54.6776008605957,93.83999633789062
2008-09-02,55.18638229370117,94.37000274658203
2008-09-03,55.420284271240234,94.7699966430664
2008-09-04,55.8647346496582,95.52999877929688
2008-09-05,55.83549499511719,95.4800033569336
2008-09-08,56.069358825683594,95.87999725341797
2008-09-09,56.62489700317383,96.83000183105469
2008-09-10,56.27408218383789,96.2300033569336
2008-09-11,56.244789123535156,96.18000030517578
2008-09-12,55.51966857910156,94.94000244140625
2008-09-15,57.320823669433594,98.0199966430664
2008-09-16,57.30913543701172,98.0
2008-09-17,57.595699310302734,98.48999786376953
2008-09-18,56.75360107421875,97.05000305175781
2008-09-19,54.95242691040039,93.97000122070312
2008-09-22,54.94659423828125,93.95999908447266
2008-09-23,54.7360725402832,93.5999984741211
2008-09-24,54.975833892822266,94.01000213623047
2008-09-25,54.86472702026367,93.81999969482422
2008-09-26,55.26240921020508,94.5
2008-09-29,56.870540618896484,97.25
2008-09-30,55.484588623046875,94.87999725341797
2008-10-01,56.18260192871094,95.77999877929688
2008-10-02,56.63427734375,96.55000305175781
2008-10-03,57.132904052734375,97.4000015258789
2008-10-06,58.171146392822266,99.16999816894531
2008-10-07,57.995140075683594,98.87000274658203
2008-10-08,57.162174224853516,97.44999694824219
2008-10-09,56.68122100830078,96.62999725341797
2008-10-10,56.282371520996094,95.94999694824219
2008-10-13,55.56085205078125,94.72000122070312
2008-10-14,55.20305252075195,94.11000061035156
2008-10-15,55.730926513671875,95.01000213623047
2008-10-16,55.44354248046875,94.5199966430664
2008-10-17,55.062252044677734,93.87000274658203
2008-10-20,55.50217056274414,94.62000274658203
2008-10-21,55.79549789428711,95.12000274658203
2008-10-22,56.9276123046875,97.05000305175781
2008-10-23,57.34992980957031,97.7699966430664
2008-10-24,56.73989486694336,96.7300033569336
2008-10-27,56.78092575073242,96.80000305175781
2008-10-28,55.9538459777832,95.38999938964844
2008-10-29,55.67230224609375,94.91000366210938
2008-10-30,55.16783905029297,94.05000305175781
2008-10-31,54.45220947265625,92.83000183105469
2008-11-03,54.59944152832031,92.70999908447266
2008-11-04,55.624176025390625,94.44999694824219
2008-11-05,56.283790588378906,95.56999969482422
2008-11-06,55.87740707397461,94.87999725341797
2008-11-07,55.51226806640625,94.26000213623047
2008-11-10,55.78317642211914,94.72000122070312
2008-11-11,55.948062896728516,95.0
2008-11-12,56.30732727050781,95.61000061035156
2008-11-13,54.95870590209961,93.31999969482422
2008-11-14,56.04819107055664,95.16999816894531
2008-11-17,56.29554748535156,95.58999633789062
2008-11-18,57.01988983154297,96.81999969482422
2008-11-19,58.48048782348633,99.30000305175781
2008-11-20,61.50165557861328,104.43000030517578
2008-11-21,60.61235809326172,102.91999816894531
2008-11-24,59.664180755615234,101.30999755859375
2008-11-25,61.419185638427734,104.29000091552734
2008-11-26,61.50165557861328,104.43000030517578
2008-11-28,62.26140594482422,105.72000122070312
2008-12-01,64.64567565917969,109.4000015258789
2008-12-02,64.89385986328125,109.81999969482422
2008-12-03,65.07705688476562,110.12999725341797
2008-12-04,66.35938262939453,112.30000305175781
2008-12-05,65.28389739990234,110.4800033569336
2008-12-08,65.14207458496094,110.23999786376953
2008-12-09,66.4302749633789,112.41999816894531
2008-12-10,66.270751953125,112.1500015258789
2008-12-11,66.40072631835938,112.37000274658203
2008-12-12,66.40072631835938,112.37000274658203
2008-12-15,67.1570816040039,113.6500015258789
2008-12-16,68.81755828857422,116.45999908447266
2008-12-17,70.68486785888672,119.62000274658203
2008-12-18,72.16806030273438,122.12999725341797
2008-12-19,72.24486541748047,122.26000213623047
2008-12-22,71.68938446044922,121.31999969482422
2008-12-23,71.59484100341797,121.16000366210938
2008-12-24,71.44119262695312,120.9000015258789
2008-12-26,71.6775894165039,121.30000305175781
2008-12-29,71.59159088134766,120.75
2008-12-30,72.27339172363281,121.9000015258789
2008-12-31,70.76156616210938,119.3499984741211
2009-01-02,68.98286437988281,116.3499984741211
2009-01-05,67.20418548583984,113.3499984741211
2009-01-06,66.52827453613281,112.20999908447266
2009-01-07,66.7891845703125,112.6500015258789
2009-01-08,66.73585510253906,112.55999755859375
2009-01-09,66.83663177490234,112.7300033569336
2009-01-12,67.53031921386719,113.9000015258789
2009-01-13,67.60139465332031,114.0199966430664
2009-01-14,68.71603393554688,115.9000015258789
2009-01-15,68.8287353515625,116.08999633789062
2009-01-16,67.76741790771484,114.30000305175781
2009-01-20,67.75558471679688,114.27999877929688
2009-01-21,65.61518859863281,110.66999816894531
2009-01-22,64.35240173339844,108.54000091552734
2009-01-23,63.84844207763672,107.69000244140625
2009-01-26,63.29115676879883,106.75
2009-01-27,64.7792739868164,109.26000213623047
2009-01-28,63.16068649291992,106.52999877929688
2009-01-29,61.708091735839844,104.08000183105469
2009-01-30,61.5124626159668,103.75
2009-02-02,62.6568717956543,105.38999938964844
2009-02-03,61.16461944580078,102.87999725341797
2009-02-04,60.950626373291016,102.5199966430664
2009-02-05,61.00413513183594,102.61000061035156
2009-02-06,60.8138542175293,102.29000091552734
2009-02-09,61.01008224487305,102.62000274658203
2009-02-10,62.33584976196289,104.8499984741211
2009-02-11,63.144439697265625,106.20999908447266
2009-02-12,62.54986572265625,105.20999908447266
2009-02-13,60.885196685791016,102.41000366210938
2009-02-17,62.78178024291992,105.5999984741211
2009-02-18,62.24671173095703,104.69999694824219
2009-02-19,61.18846893310547,102.91999816894531
2009-02-20,61.7829704284668,103.91999816894531
2009-02-23,62.35369110107422,104.87999725341797
2009-02-24,62.28826141357422,104.7699966430664
2009-02-25,61.56893539428711,103.55999755859375
2009-02-26,60.920902252197266,102.47000122070312
2009-02-27,60.57013702392578,101.87999725341797
2009-03-02,61.57285690307617,103.27999877929688
2009-03-03,61.16157531738281,102.58999633789062
2009-03-04,60.88129806518555,102.12000274658203
2009-03-05,62.57443618774414,104.95999908447266
2009-03-06,62.15721130371094,104.26000213623047
2009-03-09,61.79346466064453,103.6500015258789
2009-03-10,60.607078552246094,101.66000366210938
2009-03-11,61.26289367675781,102.76000213623047
2009-03-12,61.554996490478516,103.25
2009-03-13,61.24501419067383,102.7300033569336
2009-03-16,60.27915573120117,101.11000061035156
2009-03-17,59.95131301879883,100.55999755859375
2009-03-18,62.22266387939453,104.37000274658203
2009-03-19,62.300209045410156,104.5
2009-03-20,61.95449447631836,103.91999816894531
2009-03-23,61.41788101196289,103.0199966430664
2009-03-24,62.00210189819336,104.0
2009-03-25,61.167484283447266,102.5999984741211
2009-03-26,61.87692642211914,103.79000091552734
2009-03-27,62.33599090576172,104.55999755859375
2009-03-30,62.57443618774414,104.95999908447266
2009-03-31,63.02159881591797,105.70999908447266
2009-04-01,63.596797943115234,106.37000274658203
2009-04-02,62.81953048706055,105.06999969482422
2009-04-03,61.53403091430664,102.91999816894531
2009-04-06,61.27093505859375,102.4800033569336
2009-04-07,61.42644119262695,102.73999786376953
2009-04-08,61.97049331665039,103.6500015258789
2009-04-09,61.19325637817383,102.3499984741211
2009-04-13,61.7552490234375,103.29000091552734
2009-04-14,62.078102111816406,103.83000183105469
2009-04-15,61.97049331665039,103.6500015258789
2009-04-16,61.480224609375,102.83000183105469
2009-04-17,60.80464172363281,101.69999694824219
2009-04-20,61.72539520263672,103.23999786376953
2009-04-21,61.11558151245117,102.22000122070312
2009-04-22,60.74483108520508,101.5999984741211
2009-04-23,60.73885726928711,101.58999633789062
2009-04-24,60.129085540771484,100.56999969482422
2009-04-27,60.38613510131836,101.0
2009-04-28,59.399593353271484,99.3499984741211
2009-04-29,58.87348556518555,98.47000122070312
2009-04-30,58.64031982421875,98.08000183105469
2009-05-01,58.236717224121094,97.11000061035156
2009-05-04,58.42863464355469,97.43000030517578
2009-05-05,58.356693267822266,97.30999755859375
2009-05-06,58.21868133544922,97.08000183105469
2009-05-07,56.79743576049805,94.70999908447266
2009-05-08,56.935367584228516,94.94000244140625
2009-05-11,57.7450065612793,96.29000091552734
2009-05-12,57.95484924316406,96.63999938964844
2009-05-13,58.58452224731445,97.69000244140625
2009-05-14,58.81238555908203,98.06999969482422
2009-05-15,58.79438781738281,98.04000091552734
2009-05-18,57.882877349853516,96.5199966430664
2009-05-19,57.5770378112793,96.01000213623047
2009-05-20,58.182708740234375,97.0199966430664
2009-05-21,56.71946716308594,94.58000183105469
2009-05-22,56.08979034423828,93.52999877929688
2009-05-26,55.24420928955078,92.12000274658203
2009-05-27,54.26670837402344,90.48999786376953
2009-05-28,55.05232238769531,91.80000305175781
2009-05-29,56.4736328125,94.16999816894531
2009-06-01,54.804019927978516,91.08999633789062
2009-06-02,55.098854064941406,91.58000183105469
2009-06-03,55.61624526977539,92.44000244140625
2009-06-04,54.46708297729492,90.52999877929688
2009-06-05,54.0519905090332,89.83999633789062
2009-06-08,53.91360855102539,89.61000061035156
2009-06-09,53.907623291015625,89.5999984741211
2009-06-10,53.059242248535156,88.19000244140625
2009-06-11,53.648868560791016,89.16999816894531
2009-06-12,54.13014602661133,89.97000122070312
2009-06-15,54.61751937866211,90.77999877929688
2009-06-16,55.5681037902832,92.36000061035156
2009-06-17,55.2552604675293,91.83999633789062
2009-06-18,54.41895294189453,90.44999694824219
2009-06-19,55.16501998901367,91.69000244140625
2009-06-22,55.70050048828125,92.58000183105469
2009-06-23,56.3563117980957,93.66999816894531
2009-06-24,55.79074478149414,92.7300033569336
2009-06-25,56.81357955932617,94.43000030517578
2009-06-26,56.909793853759766,94.58999633789062
2009-06-29,56.99404525756836,94.7300033569336
2009-06-30,56.89777374267578,94.56999969482422
2009-07-01,56.784889221191406,94.08000183105469
2009-07-02,56.91763687133789,94.30000305175781
2009-07-06,56.80903244018555,94.12000274658203
2009-07-07,57.18927764892578,94.75
2009-07-08,58.245574951171875,96.5
2009-07-09,57.55143356323242,95.3499984741211
2009-07-10,58.08256530761719,96.2300033569336
2009-07-13,57.756690979003906,95.69000244140625
2009-07-14,56.79692840576172,94.0999984741211
2009-07-15,55.33628845214844,91.68000030517578
2009-07-16,55.93385696411133,92.66999816894531
2009-07-17,55.07073974609375,91.23999786376953
2009-07-20,55.360435485839844,91.72000122070312
2009-07-21,56.46501159667969,93.55000305175781
2009-07-22,55.9579963684082,92.70999908447266
2009-07-23,54.93190002441406,91.01000213623047
2009-07-24,55.197486877441406,91.44999694824219
2009-07-27,54.5637321472168,90.4000015258789
2009-07-28,55.0465202331543,91.19999694824219
2009-07-29,55.348365783691406,91.69999694824219
2009-07-30,56.133026123046875,93.0
2009-07-31,57.22550582885742,94.80999755859375
2009-08-03,56.3582649230957,93.05999755859375
2009-08-04,55.910099029541016,92.31999969482422
2009-08-05,55.0743408203125,90.94000244140625
2009-08-06,55.2620964050293,91.25
2009-08-07,54.80181121826172,90.48999786376953
2009-08-10,55.48621368408203,91.62000274658203
2009-08-11,56.12809753417969,92.68000030517578
2009-08-12,55.52861022949219,91.69000244140625
2009-08-13,56.31587219238281,92.98999786376953
2009-08-14,56.53385543823242,93.3499984741211
2009-08-17,57.36963653564453,94.7300033569336
2009-08-18,57.03656768798828,94.18000030517578
2009-08-19,57.50896453857422,94.95999908447266
2009-08-20,57.98128128051758,95.73999786376953
2009-08-21,56.7882194519043,93.7699966430664
2009-08-24,57.817806243896484,95.47000122070312
2009-08-25,58.14486312866211,96.01000213623047
2009-08-26,58.411285400390625,96.44999694824219
2009-08-27,58.18117141723633,96.06999969482422
2009-08-28,58.44761276245117,96.51000213623047
2009-08-31,58.50215148925781,96.5999984741211
2009-09-01,58.36055374145508,96.05999755859375
2009-09-02,59.21113967895508,97.45999908447266
2009-09-03,58.84660720825195,96.86000061035156
2009-09-04,57.84418869018555,95.20999908447266
2009-09-08,57.43711471557617,94.54000091552734
2009-09-09,57.37031555175781,94.43000030517578
2009-09-10,58.42740249633789,96.16999816894531
2009-09-11,58.74941635131836,96.69999694824219
2009-09-14,58.166168212890625,95.73999786376953
2009-09-15,57.86846923828125,95.25
2009-09-16,57.97176742553711,95.41999816894531
2009-09-17,58.70077896118164,96.62000274658203
2009-09-18,58.17831039428711,95.76000213623047
2009-09-21,58.311973571777344,95.9800033569336
2009-09-22,58.43345642089844,96.18000030517578
2009-09-23,58.60965347290039,96.47000122070312
2009-09-24,58.779762268066406,96.75
2009-09-25,59.52705764770508,97.9800033569336
2009-09-28,60.04952621459961,98.83999633789062
2009-09-29,59.994903564453125,98.75
2009-09-30,59.940162658691406,98.66000366210938
2009-10-01,60.7610969543457,99.69999694824219
2009-10-02,60.340606689453125,99.01000213623047
2009-10-05,60.346683502197266,99.0199966430664
2009-10-06,59.749488830566406,98.04000091552734
2009-10-07,60.45026397705078,99.19000244140625
2009-10-08,59.81645202636719,98.1500015258789
2009-10-09,58.44526290893555,95.9000015258789
2009-10-12,58.536651611328125,96.05000305175781
2009-10-13,58.84134292602539,96.55000305175781
2009-10-14,57.969871520996094,95.12000274658203
2009-10-15,57.70170593261719,94.68000030517578
2009-10-16,58.171016693115234,95.44999694824219
2009-10-19,58.62806701660156,96.19999694824219
2009-10-20,58.94501876831055,96.72000122070312
2009-10-21,58.591495513916016,96.13999938964844
2009-10-22,58.305049896240234,95.66999816894531
2009-10-23,57.866249084472656,94.94999694824219
2009-10-26,57.116661071777344,93.72000122070312
2009-10-27,57.896766662597656,95.0
2009-10-28,58.171016693115234,95.44999694824219
2009-10-29,57.53718185424805,94.41000366210938
2009-10-30,58.372108459472656,95.77999877929688
2009-11-02,58.114070892333984,95.05000305175781
2009-11-03,57.533241271972656,94.0999984741211
2009-11-04,57.00746154785156,93.23999786376953
2009-11-05,57.00746154785156,93.23999786376953
2009-11-06,57.062461853027344,93.33000183105469
2009-11-09,57.129737854003906,93.44000244140625
2009-11-10,57.02579879760742,93.2699966430664
2009-11-11,57.26423645019531,93.66000366210938
2009-11-12,57.16033172607422,93.48999786376953
2009-11-13,57.42319107055664,93.91999816894531
2009-11-16,58.09576416015625,95.0199966430664
2009-11-17,58.40754318237305,95.52999877929688
2009-11-18,58.0651969909668,94.97000122070312
2009-11-19,58.16916275024414,95.13999938964844
2009-11-20,58.15689468383789,95.12000274658203
2009-11-23,58.08354187011719,95.0
2009-11-24,58.45036697387695,95.5999984741211
2009-11-25,58.71937561035156,96.04000091552734
2009-11-27,58.939510345458984,96.4000015258789
2009-11-30,59.080142974853516,96.62999725341797
2009-12-01,58.42202377319336,95.25
2009-12-02,58.47105407714844,95.33000183105469
2009-12-03,57.86382293701172,94.33999633789062
2009-12-04,57.25043869018555,93.33999633789062
2009-12-07,57.324100494384766,93.45999908447266
2009-12-08,57.409950256347656,93.5999984741211
2009-12-09,57.14619445800781,93.16999816894531
2009-12-10,56.489933013916016,92.0999984741211
2009-12-11,56.4837760925293,92.08999633789062
2009-12-14,56.55119705200195,92.19999694824219
2009-12-15,56.299739837646484,91.79000091552734
2009-12-16,56.23232650756836,91.68000030517578
2009-12-17,57.158447265625,93.19000244140625
2009-12-18,56.91313934326172,92.79000091552734
2009-12-21,55.90109634399414,91.13999938964844
2009-12-22,55.588294982910156,90.62999725341797
2009-12-23,55.600547790527344,90.6500015258789
2009-12-24,55.02398681640625,89.70999908447266
2009-12-28,54.87067413330078,89.45999908447266
2009-12-29,55.23262405395508,89.7300033569336
2009-12-30,55.59579849243164,90.31999969482422
2009-12-31,55.331077575683594,89.88999938964844
2010-01-04,55.28182601928711,89.80999755859375
2010-01-05,55.63883590698242,90.38999938964844
2010-01-06,54.89404296875,89.18000030517578
2010-01-07,54.986392974853516,89.33000183105469
2010-01-08,54.961769104003906,89.29000091552734
2010-01-11,54.66015625,88.80000305175781
2010-01-12,55.59579849243164,90.31999969482422
2010-01-13,54.949440002441406,89.2699966430664
2010-01-14,55.7188835144043,90.5199966430664
2010-01-15,56.06357192993164,91.08000183105469
2010-01-19,55.90353775024414,90.81999969482422
2010-01-20,56.46986770629883,91.73999786376953
2010-01-21,56.72838592529297,92.16000366210938
2010-01-22,56.62989044189453,92.0
2010-01-25,56.37134552001953,91.58000183105469
2010-01-26,56.38984298706055,91.61000061035156
2010-01-27,56.35902404785156,91.55999755859375
2010-01-28,56.32828140258789,91.51000213623047
2010-01-29,56.82072448730469,92.30999755859375
2010-02-01,56.30490493774414,91.1500015258789
2010-02-02,56.46551513671875,91.41000366210938
2010-02-03,55.81072998046875,90.3499984741211
2010-02-04,56.694053649902344,91.77999877929688
2010-02-05,56.81760787963867,91.9800033569336
2010-02-08,56.89176559448242,92.0999984741211
2010-02-09,56.32345199584961,91.18000030517578
2010-02-10,55.786006927490234,90.30999755859375
2010-02-11,55.483341217041016,89.81999969482422
2010-02-12,55.71185302734375,90.19000244140625
2010-02-16,55.816898345947266,90.36000061035156
2010-02-17,55.18068313598633,89.33000183105469
2010-02-18,54.95832061767578,88.97000122070312
2010-02-19,55.25480651855469,89.44999694824219
2010-02-22,55.026214599609375,89.08000183105469
2010-02-23,55.884864807128906,90.47000122070312
2010-02-24,56.020751953125,90.69000244140625
2010-02-25,56.33578109741211,91.19999694824219
2010-02-26,56.626121520996094,91.66999816894531
2010-03-01,56.60127639770508,91.33999633789062
2010-03-02,56.52698516845703,91.22000122070312
2010-03-03,56.3843994140625,90.98999786376953
2010-03-04,56.68185043334961,91.47000122070312
2010-03-05,55.938297271728516,90.2699966430664
2010-03-08,55.64701843261719,89.80000305175781
2010-03-09,55.65939712524414,89.81999969482422
2010-03-10,55.51693344116211,89.58999633789062
2010-03-11,55.72138595581055,89.91999816894531
2010-03-12,56.068389892578125,90.4800033569336
2010-03-15,55.99409484863281,90.36000061035156
2010-03-16,56.4401969909668,91.08000183105469
2010-03-17,56.68185043334961,91.47000122070312
2010-03-18,56.495967864990234,91.16999816894531
2010-03-19,56.551780700683594,91.26000213623047
2010-03-22,56.613704681396484,91.36000061035156
2010-03-23,56.347312927246094,90.93000030517578
2010-03-24,55.31863021850586,89.2699966430664
2010-03-25,54.96537399291992,88.69999694824219
2010-03-26,55.12034606933594,88.94999694824219
2010-03-29,54.90960693359375,88.61000061035156
2010-03-30,55.0831413269043,88.88999938964844
2010-03-31,55.46112823486328,89.5
2010-04-01,55.32556915283203,88.94999694824219
2010-04-05,54.405006408691406,87.47000122070312
2010-04-06,54.492103576660156,87.61000061035156
2010-04-07,55.18868637084961,88.7300033569336
2010-04-08,55.21356201171875,88.7699966430664
2010-04-09,55.344154357910156,88.9800033569336
2010-04-12,55.63654327392578,89.44999694824219
2010-04-13,55.816871643066406,89.73999786376953
2010-04-14,55.425052642822266,89.11000061035156
2010-04-15,55.48720932006836,89.20999908447266
2010-04-16,55.89152526855469,89.86000061035156
2010-04-19,55.75468826293945,89.63999938964844
2010-04-20,55.95377731323242,89.95999908447266
2010-04-21,56.413997650146484,90.69999694824219
2010-04-22,56.246070861816406,90.43000030517578
2010-04-23,56.04703903198242,90.11000061035156
2010-04-26,56.109256744384766,90.20999908447266
2010-04-27,56.899147033691406,91.4800033569336
2010-04-28,56.413997650146484,90.69999694824219
2010-04-29,56.65033721923828,91.08000183105469
2010-04-30,57.30343246459961,92.12999725341797
2010-05-03,57.2285041809082,91.69000244140625
2010-05-04,58.258399963378906,93.33999633789062
2010-05-05,58.60171127319336,93.88999938964844
2010-05-06,60.41170883178711,96.79000091552734
2010-05-07,59.656497955322266,95.58000183105469
2010-05-10,58.420658111572266,93.5999984741211
2010-05-11,58.2708740234375,93.36000061035156
2010-05-12,57.82771301269531,92.6500015258789
2010-05-13,58.20847702026367,93.26000213623047
2010-05-14,59.2195930480957,94.87999725341797
2010-05-17,59.00114822387695,94.52999877929688
2010-05-18,59.90617370605469,95.9800033569336
2010-05-19,60.105865478515625,96.30000305175781
2010-05-20,61.37287139892578,98.33000183105469
2010-05-21,61.43534469604492,98.43000030517578
2010-05-24,61.22311782836914,98.08999633789062
2010-05-25,61.52268981933594,98.56999969482422
2010-05-26,61.34794998168945,98.29000091552734
2010-05-27,59.95606994628906,96.05999755859375
2010-05-28,60.23076248168945,96.5
2010-06-01,60.65406799316406,96.8499984741211
2010-06-02,60.07793426513672,95.93000030517578
2010-06-03,59.639495849609375,95.2300033569336
2010-06-04,61.2428092956543,97.79000091552734
2010-06-07,61.71245574951172,98.54000091552734
2010-06-08,61.40555953979492,98.05000305175781
2010-06-09,61.336673736572266,97.94000244140625
2010-06-10,60.24074172973633,96.19000244140625
2010-06-11,61.00480270385742,97.41000366210938
2010-06-14,60.69163513183594,96.91000366210938
2010-06-15,60.441162109375,96.51000213623047
2010-06-16,60.78554916381836,97.05999755859375
2010-06-17,61.28031921386719,97.8499984741211
2010-06-18,61.18013381958008,97.69000244140625
2010-06-21,61.00480270385742,97.41000366210938
2010-06-22,61.73122787475586,98.56999969482422
2010-06-23,62.15083312988281,99.23999786376953
2010-06-24,61.781375885009766,98.6500015258789
2010-06-25,62.03184509277344,99.05000305175781
2010-06-28,62.614295959472656,99.9800033569336
2010-06-29,63.29690170288086,101.06999969482422
2010-06-30,63.7227783203125,101.75
2010-07-01,63.82329177856445,101.5999984741211
2010-07-02,63.314483642578125,100.79000091552734
2010-07-06,63.835872650146484,101.62000274658203
2010-07-07,63.088314056396484,100.43000030517578
2010-07-08,62.686309814453125,99.79000091552734
2010-07-09,62.328224182128906,99.22000122070312
2010-07-12,62.3031120300293,99.18000030517578
2010-07-13,61.7691650390625,98.33000183105469
2010-07-14,62.39104080200195,99.31999969482422
2010-07-15,63.012939453125,100.30999755859375
2010-07-16,63.320743560791016,100.80000305175781
2010-07-19,62.93128204345703,100.18000030517578
2010-07-20,63.02554702758789,100.33000183105469
2010-07-21,64.0934066772461,102.02999877929688
2010-07-22,63.35215377807617,100.8499984741211
2010-07-23,62.679969787597656,99.77999877929688
2010-07-26,62.57322692871094,99.61000061035156
2010-07-27,61.97016525268555,98.6500015258789
2010-07-28,62.171138763427734,98.97000122070312
2010-07-29,62.15229034423828,98.94000244140625
2010-07-30,63.11974334716797,100.4800033569336
2010-08-02,62.233638763427734,98.75
2010-08-03,62.59286880493164,99.31999969482422
2010-08-04,62.1139030456543,98.55999755859375
2010-08-05,62.40377426147461,99.0199966430664
2010-08-06,63.08443832397461,100.0999984741211
2010-08-09,62.85129928588867,99.7300033569336
2010-08-10,62.98359680175781,99.94000244140625
2010-08-11,63.82805633544922,101.27999877929688
2010-08-12,63.6705207824707,101.02999877929688
2010-08-13,64.46458435058594,102.29000091552734
2010-08-16,66.0779037475586,104.8499984741211
2010-08-17,65.6998291015625,104.25
2010-08-18,65.87630462646484,104.52999877929688
2010-08-19,66.90354919433594,106.16000366210938
2010-08-20,66.8279037475586,106.04000091552734
2010-08-23,66.84053039550781,106.05999755859375
2010-08-24,67.9118881225586,107.76000213623047
2010-08-25,67.69132232666016,107.41000366210938
2010-08-26,68.32781982421875,108.41999816894531
2010-08-27,66.3930892944336,105.3499984741211
2010-08-30,67.6661148071289,107.37000274658203
2010-08-31,68.41604614257812,108.55999755859375
2010-09-01,67.00144958496094,106.0
2010-09-02,66.29352569580078,104.87999725341797
2010-09-03,65.4718017578125,103.58000183105469
2010-09-07,66.81185913085938,105.69999694824219
2010-09-08,66.28083038330078,104.86000061035156
2010-09-09,64.97245788574219,102.79000091552734
2010-09-10,64.67538452148438,102.31999969482422
2010-09-13,64.99140167236328,102.81999969482422
2010-09-14,65.61714935302734,103.80999755859375
2010-09-15,64.64373779296875,102.2699966430664
2010-09-16,64.00532531738281,101.26000213623047
2010-09-17,64.26445007324219,101.66999816894531
2010-09-20,64.63742065429688,102.26000213623047
2010-09-21,65.53499603271484,103.68000030517578
2010-09-22,66.12281799316406,104.61000061035156
2010-09-23,66.31249237060547,104.91000366210938
2010-09-24,65.42121124267578,103.5
2010-09-27,66.55892944335938,105.30000305175781
2010-09-28,67.01406860351562,106.0199966430664
2010-09-29,66.73595428466797,105.58000183105469
2010-09-30,66.69170379638672,105.51000213623047
2010-10-01,66.3694076538086,104.61000061035156
2010-10-04,66.54076385498047,104.87999725341797
2010-10-05,66.14102172851562,104.25
2010-10-06,66.97209167480469,105.55999755859375
2010-10-07,66.41389465332031,104.68000030517578
2010-10-08,66.12196350097656,104.22000122070312
2010-10-11,66.13465118408203,104.23999786376953
2010-10-12,65.48119354248047,103.20999908447266
2010-10-13,65.37968444824219,103.05000305175781
2010-10-14,64.40262603759766,101.51000213623047
2010-10-15,63.615909576416016,100.2699966430664
2010-10-18,64.12982177734375,101.08000183105469
2010-10-19,64.51679229736328,101.69000244140625
2010-10-20,64.65640258789062,101.91000366210938
2010-10-21,63.88874435424805,100.69999694824219
2010-10-22,64.32012939453125,101.37999725341797
2010-10-25,64.5041275024414,101.66999816894531
2010-10-26,63.50806427001953,100.0999984741211
2010-10-27,62.9496955871582,99.22000122070312
2010-10-28,63.12104415893555,99.48999786376953
2010-10-29,63.71111297607422,100.41999816894531
2010-11-01,63.436798095703125,99.66999816894531
2010-11-02,64.27051544189453,100.9800033569336
2010-11-03,62.959407806396484,98.91999816894531
2010-11-04,63.44952392578125,99.69000244140625
2010-11-05,62.36112976074219,97.9800033569336
2010-11-08,62.641204833984375,98.41999816894531
2010-11-09,61.26002883911133,96.25
2010-11-10,61.34278106689453,96.37999725341797
2010-11-11,61.310970306396484,96.33000183105469
2010-11-12,60.979984283447266,95.80999755859375
2010-11-15,59.70710372924805,93.80999755859375
2010-11-16,61.19001770019531,96.13999938964844
2010-11-17,60.852699279785156,95.61000061035156
2010-11-18,61.10093307495117,96.0
2010-11-19,61.47645950317383,96.58999633789062
2010-11-22,61.73741149902344,97.0
2010-11-23,62.04287338256836,97.4800033569336
2010-11-24,60.93547439575195,95.73999786376953
2010-11-26,61.78197479248047,97.06999969482422
2010-11-29,62.310218811035156,97.9000015258789
2010-11-30,62.63481140136719,98.41000366210938
2010-12-01,61.242530822753906,95.88999938964844
2010-12-02,61.08284378051758,95.63999938964844
2010-12-03,60.60385513305664,94.88999938964844
2010-12-06,61.4597053527832,96.2300033569336
2010-12-07,60.14398193359375,94.16999816894531
2010-12-08,59.56278991699219,93.26000213623047
2010-12-09,59.856605529785156,93.72000122070312
2010-12-10,59.492530822753906,93.1500015258789
2010-12-13,59.716087341308594,93.5
2010-12-14,58.847450256347656,92.13999938964844
2010-12-15,58.0810432434082,90.94000244140625
2010-12-16,58.483428955078125,91.56999969482422
2010-12-17,59.54999542236328,93.23999786376953
2010-12-20,59.48615646362305,93.13999938964844
2010-12-21,59.90131378173828,93.79000091552734
2010-12-22,59.4734001159668,93.12000274658203
2010-12-23,59.35204315185547,92.93000030517578
2010-12-27,59.882171630859375,93.76000213623047
2010-12-28,58.70935821533203,91.61000061035156
2010-12-29,59.702674865722656,93.16000366210938
2010-12-30,59.65782165527344,93.08999633789062
2010-12-31,60.31792068481445,94.12000274658203
2011-01-03,59.86292266845703,93.41000366210938
2011-01-04,59.93335723876953,93.5199966430664
2011-01-05,58.613182067871094,91.45999908447266
2011-01-06,58.86952590942383,91.86000061035156
2011-01-07,59.183597564697266,92.3499984741211
2011-01-10,59.5040283203125,92.8499984741211
2011-01-11,59.17075729370117,92.33000183105469
2011-01-12,58.70935821533203,91.61000061035156
2011-01-13,59.2348747253418,92.43000030517578
2011-01-14,58.85674285888672,91.83999633789062
2011-01-18,58.58118438720703,91.41000366210938
2011-01-19,59.00413131713867,92.06999969482422
2011-01-20,58.19026184082031,90.80000305175781
2011-01-21,58.651710510253906,91.5199966430664
2011-01-24,58.67729568481445,91.55999755859375
2011-01-25,59.2348747253418,92.43000030517578
2011-01-26,58.337642669677734,91.02999877929688
2011-01-27,58.60042190551758,91.44000244140625
2011-01-28,58.908023834228516,91.91999816894531
2011-01-31,58.459388732910156,91.22000122070312
2011-02-01,58.170047760009766,90.44999694824219
2011-02-02,58.18284606933594,90.47000122070312
2011-02-03,57.70055389404297,89.72000122070312
2011-02-04,57.11528015136719,88.80999755859375
2011-02-07,57.41115188598633,89.2699966430664
2011-02-08,56.88380813598633,88.44999694824219
2011-02-09,57.37894821166992,89.22000122070312
2011-02-10,56.71654510498047,88.19000244140625
2011-02-11,57.5333366394043,89.45999908447266
2011-02-14,57.5718994140625,89.5199966430664
2011-02-15,57.8291130065918,89.91999816894531
2011-02-16,57.64265060424805,89.62999725341797
2011-02-17,57.732666015625,89.7699966430664
2011-02-18,57.552589416503906,89.48999786376953
2011-02-22,58.41437530517578,90.83000183105469
2011-02-23,58.62661361694336,91.16000366210938
2011-02-24,58.99962615966797,91.73999786376953
2011-02-25,59.3469352722168,92.27999877929688
2011-02-28,59.42407989501953,92.4000015258789
2011-03-01,59.59632110595703,92.37000274658203
2011-03-02,58.68018341064453,90.94999694824219
2011-03-03,58.10595703125,90.05999755859375
2011-03-04,58.58983612060547,90.80999755859375
2011-03-07,58.21559143066406,90.2300033569336
2011-03-08,57.860782623291016,89.68000030517578
2011-03-09,58.42207336425781,90.55000305175781
2011-03-10,59.40279006958008,92.06999969482422
2011-03-11,59.06728744506836,91.55000305175781
2011-03-14,59.04148483276367,91.51000213623047
2011-03-15,59.925384521484375,92.87999725341797
2011-03-16,60.602840423583984,93.93000030517578
2011-03-17,60.138328552246094,93.20999908447266
2011-03-18,60.299644470214844,93.45999908447266
2011-03-21,59.944786071777344,92.91000366210938
2011-03-22,60.1447639465332,93.22000122070312
2011-03-23,60.0673942565918,93.0999984741211
2011-03-24,59.615692138671875,92.4000015258789
2011-03-25,59.467323303222656,92.16999816894531
2011-03-28,59.5511474609375,92.30000305175781
2011-03-29,59.09311294555664,91.58999633789062
2011-03-30,59.564109802246094,92.31999969482422
2011-03-31,59.44151306152344,92.12999725341797
2011-04-01,59.73048400878906,92.19000244140625
2011-04-04,59.795257568359375,92.29000091552734
2011-04-05,59.555545806884766,91.91999816894531
2011-04-06,58.66139602661133,90.54000091552734
2011-04-07,58.54480743408203,90.36000061035156
2011-04-08,58.23383331298828,89.87999725341797
2011-04-11,58.28566360473633,89.95999908447266
2011-04-12,58.91411590576172,90.93000030517578
2011-04-13,59.28343200683594,91.5
2011-04-14,59.23808288574219,91.43000030517578
2011-04-15,60.04142761230469,92.66999816894531
2011-04-18,60.17757797241211,92.87999725341797
2011-04-19,60.43667221069336,93.27999877929688
2011-04-20,60.0479621887207,92.68000030517578
2011-04-21,59.996124267578125,92.5999984741211
2011-04-25,60.222862243652344,92.94999694824219
2011-04-26,60.80602264404297,93.8499984741211
2011-04-27,60.18401336669922,92.88999938964844
2011-04-28,60.64402389526367,93.5999984741211
2011-04-29,60.831939697265625,93.88999938964844
2011-05-02,60.92949676513672,93.63999938964844
2011-05-03,61.27437210083008,94.16999816894531
2011-05-04,61.54765319824219,94.58999633789062
2011-05-05,62.133304595947266,95.48999786376953
2011-05-06,61.86000061035156,95.06999969482422
2011-05-09,61.7949333190918,94.97000122070312
2011-05-10,61.35250473022461,94.29000091552734
2011-05-11,61.70383071899414,94.83000183105469
2011-05-12,61.31344985961914,94.2300033569336
2011-05-13,61.86652374267578,95.08000183105469
2011-05-16,62.211326599121094,95.61000061035156
2011-05-17,62.84901428222656,96.58999633789062
2011-05-18,62.01616668701172,95.30999755859375
2011-05-19,61.99014663696289,95.2699966430664
2011-05-20,62.02265548706055,95.31999969482422
2011-05-23,62.32192611694336,95.77999877929688
2011-05-24,62.5561637878418,96.13999938964844
2011-05-25,62.263427734375,95.69000244140625
2011-05-26,62.796993255615234,96.51000213623047
2011-05-27,62.770992279052734,96.47000122070312
2011-05-31,62.914093017578125,96.69000244140625
2011-06-01,63.764339447021484,97.63999938964844
2011-06-02,62.549644470214844,95.77999877929688
2011-06-03,62.9088249206543,96.33000183105469
2011-06-06,62.43210220336914,95.5999984741211
2011-06-07,62.719505310058594,96.04000091552734
2011-06-08,63.209327697753906,96.79000091552734
2011-06-09,62.95459747314453,96.4000015258789
2011-06-10,63.437870025634766,97.13999938964844
2011-06-13,63.11787414550781,96.6500015258789
2011-06-14,62.16440200805664,95.19000244140625
2011-06-15,63.29417037963867,96.91999816894531
2011-06-16,63.581520080566406,97.36000061035156
2011-06-17,63.281150817871094,96.9000015258789
2011-06-20,63.35948944091797,97.0199966430664
2011-06-21,63.07863998413086,96.58999633789062
2011-06-22,63.11787414550781,96.6500015258789
2011-06-23,63.601131439208984,97.38999938964844
2011-06-24,63.33332443237305,96.9800033569336
2011-06-27,62.46476745605469,95.6500015258789
2011-06-28,61.96192169189453,94.87999725341797
2011-06-29,61.55049514770508,94.25
2011-06-30,61.45260238647461,94.0999984741211
2011-07-01,61.35429763793945,93.62999725341797
2011-07-05,61.49190139770508,93.83999633789062
2011-07-06,61.80641174316406,94.31999969482422
2011-07-07,61.6229248046875,94.04000091552734
2011-07-08,62.49445343017578,95.37000274658203
2011-07-11,63.43150329589844,96.80000305175781
2011-07-12,63.647769927978516,97.12999725341797
2011-07-13,63.82464599609375,97.4000015258789
2011-07-14,62.91383361816406,96.01000213623047
2011-07-15,63.018707275390625,96.16999816894531
2011-07-18,62.40923309326172,95.23999786376953
2011-07-19,63.70676803588867,97.22000122070312
2011-07-20,62.95310592651367,96.06999969482422
2011-07-21,62.46824264526367,95.33000183105469
2011-07-22,62.940040588378906,96.05000305175781
2011-07-25,62.25200653076172,95.0
2011-07-26,62.67793655395508,95.6500015258789
2011-07-27,62.68447494506836,95.66000366210938
2011-07-28,62.92036819458008,96.0199966430664
2011-07-29,64.16537475585938,97.91999816894531
2011-08-01,64.8130874633789,98.58000183105469
2011-08-02,66.7591323852539,101.54000091552734
2011-08-03,66.89064025878906,101.73999786376953
2011-08-04,69.27068328857422,105.36000061035156
2011-08-05,67.27194213867188,102.31999969482422
2011-08-08,69.39559936523438,105.55000305175781
2011-08-09,69.60595703125,105.87000274658203
2011-08-10,71.67696380615234,109.0199966430664
2011-08-11,68.0609359741211,103.5199966430664
2011-08-12,69.40872955322266,105.56999969482422
2011-08-15,68.70523071289062,104.5
2011-08-16,69.84265899658203,106.2300033569336
2011-08-17,71.0655517578125,108.08999633789062
2011-08-18,72.52510070800781,110.30999755859375
2011-08-19,73.1102294921875,111.19999694824219
2011-08-22,72.92613983154297,110.91999816894531
2011-08-23,71.9202651977539,109.38999938964844
2011-08-24,69.87557983398438,106.27999877929688
2011-08-25,70.6316146850586,107.43000030517578
2011-08-26,71.32854461669922,108.48999786376953
2011-08-29,70.34231567382812,106.98999786376953
2011-08-30,71.47318267822266,108.70999908447266
2011-08-31,70.36862182617188,107.02999877929688
2011-09-01,71.86029052734375,108.97000122070312
2011-09-02,74.19477844238281,112.51000213623047
2011-09-06,74.96633911132812,113.68000030517578
2011-09-07,73.53531646728516,111.51000213623047
2011-09-08,74.19477844238281,112.51000213623047
2011-09-09,74.98611450195312,113.70999908447266
2011-09-12,75.06523132324219,113.83000183105469
2011-09-13,73.99689483642578,112.20999908447266
2011-09-14,74.62336730957031,113.16000366210938
2011-09-15,73.48255920410156,111.43000030517578
2011-09-16,74.01671600341797,112.23999786376953
2011-09-19,75.42787170410156,114.37999725341797
2011-09-20,75.74446868896484,114.86000061035156
2011-09-21,78.25039672851562,118.66000366210938
2011-09-22,81.19149780273438,123.12000274658203
2011-09-23,79.68138122558594,120.83000183105469
2011-09-26,78.40205383300781,118.88999938964844
2011-09-27,77.20184326171875,117.06999969482422
2011-09-28,77.1754379272461,117.02999877929688
2011-09-29,77.70962524414062,117.83999633789062
2011-09-30,79.66158294677734,120.80000305175781
2011-10-03,81.85391998291016,123.80999755859375
2011-10-04,80.81588745117188,122.23999786376953
2011-10-05,80.23409271240234,121.36000061035156
2011-10-06,78.753173828125,119.12000274658203
2011-10-07,78.1714096069336,118.23999786376953
2011-10-10,77.06734466552734,116.56999969482422
2011-10-11,76.80950927734375,116.18000030517578
2011-10-12,75.69219970703125,114.48999786376953
2011-10-13,76.44585418701172,115.62999725341797
2011-10-14,75.33519744873047,113.94999694824219
2011-10-17,76.63758850097656,115.91999816894531
2011-10-18,76.1615982055664,115.19999694824219
2011-10-19,76.13513946533203,115.16000366210938
2011-10-20,75.59305572509766,114.33999633789062
2011-10-21,74.79307556152344,113.12999725341797
2011-10-24,74.918701171875,113.31999969482422
2011-10-25,76.82268524169922,116.19999694824219
2011-10-26,75.48062133789062,114.16999816894531
2011-10-27,72.92206573486328,110.30000305175781
2011-10-28,73.68895721435547,111.45999908447266
2011-10-31,76.61112976074219,115.87999725341797
2011-11-01,79.17570495605469,119.44999694824219
2011-11-02,78.18801879882812,117.95999908447266
2011-11-03,77.11425018310547,116.33999633789062
2011-11-04,77.20706939697266,116.4800033569336
2011-11-07,77.69759368896484,117.22000122070312
2011-11-08,76.70330047607422,115.72000122070312
2011-11-09,78.29411315917969,118.12000274658203
2011-11-10,77.12752532958984,116.36000061035156
2011-11-11,76.6568832397461,115.6500015258789
2011-11-14,77.8897476196289,117.51000213623047
2011-11-15,77.78370666503906,117.3499984741211
2011-11-16,78.49295043945312,118.41999816894531
2011-11-17,79.12264251708984,119.37000274658203
2011-11-18,79.10276794433594,119.33999633789062
2011-11-21,79.5733642578125,120.05000305175781
2011-11-22,80.4615478515625,121.38999938964844
2011-11-23,81.25032043457031,122.58000183105469
2011-11-25,80.07052612304688,120.80000305175781
2011-11-28,80.03076171875,120.73999786376953
2011-11-29,79.37456512451172,119.75
2011-11-30,78.135009765625,117.87999725341797
2011-12-01,77.74293518066406,117.0
2011-12-02,78.83274841308594,118.63999938964844
2011-12-05,78.67329406738281,118.4000015258789
2011-12-06,77.92234802246094,117.2699966430664
2011-12-07,78.2014389038086,117.69000244140625
2011-12-08,79.1782455444336,119.16000366210938
2011-12-09,77.55026245117188,116.70999908447266
2011-12-12,78.41410064697266,118.01000213623047
2011-12-13,79.14498901367188,119.11000061035156
2011-12-14,80.64006042480469,121.36000061035156
2011-12-15,80.341064453125,120.91000366210938
2011-12-16,81.2779769897461,122.31999969482422
2011-12-19,82.30789947509766,123.87000274658203
2011-12-20,80.2546615600586,120.77999877929688
2011-12-21,79.13836669921875,119.0999984741211
2011-12-22,79.47062683105469,119.5999984741211
2011-12-23,78.58683776855469,118.2699966430664
2011-12-27,78.96017456054688,118.44999694824219
2011-12-28,80.4200439453125,120.63999938964844
2011-12-29,80.566650390625,120.86000061035156
2011-12-30,80.82662200927734,121.25
2012-01-03,79.61346435546875,119.43000030517578
2012-01-04,78.6668472290039,118.01000213623047
2012-01-05,78.52681732177734,117.80000305175781
2012-01-06,79.14678955078125,118.7300033569336
2012-01-09,79.00679779052734,118.5199966430664
2012-01-10,78.87355041503906,118.31999969482422
2012-01-11,79.90009307861328,119.86000061035156
2012-01-12,79.78677368164062,119.69000244140625
2012-01-13,80.58000946044922,120.87999725341797
2012-01-17,80.95335388183594,121.44000244140625
2012-01-18,79.97339630126953,119.97000122070312
2012-01-19,78.87355041503906,118.31999969482422
2012-01-20,77.980224609375,116.9800033569336
2012-01-23,77.48695373535156,116.23999786376953
2012-01-24,77.62694549560547,116.44999694824219
2012-01-25,77.44029998779297,116.16999816894531
2012-01-26,78.4668960571289,117.70999908447266
2012-01-27,78.7135009765625,118.08000183105469
2012-01-30,79.64009094238281,119.47000122070312
2012-01-31,80.55998992919922,120.8499984741211
2012-02-01,79.63721466064453,119.18000030517578
2012-02-02,79.60388946533203,119.12999725341797
2012-02-03,77.89320373535156,116.56999969482422
2012-02-06,78.66830444335938,117.7300033569336
2012-02-07,77.69270324707031,116.2699966430664
2012-02-08,77.75287628173828,116.36000061035156
2012-02-09,77.1715316772461,115.48999786376953
2012-02-10,78.17383575439453,116.98999786376953
2012-02-13,78.27407836914062,117.13999938964844
2012-02-14,78.68841552734375,117.76000213623047
2012-02-15,78.54801940917969,117.55000305175781
2012-02-16,77.91992950439453,116.61000061035156
2012-02-17,77.89991760253906,116.58000183105469
2012-02-21,77.0379409790039,115.29000091552734
2012-02-22,78.00682830810547,116.73999786376953
2012-02-23,78.00682830810547,116.73999786376953
2012-02-24,78.5146484375,117.5
2012-02-27,79.20954895019531,118.54000091552734
2012-02-28,78.948974609375,118.1500015258789
2012-02-29,78.4679183959961,117.43000030517578
2012-03-01,77.72917175292969,116.05999755859375
2012-03-02,78.45915985107422,117.1500015258789
2012-03-05,77.83629608154297,116.22000122070312
2012-03-06,78.78060150146484,117.62999725341797
2012-03-07,78.29843139648438,116.91000366210938
2012-03-08,77.51486206054688,115.73999786376953
2012-03-09,77.66891479492188,115.97000122070312
2012-03-12,77.65543365478516,115.94999694824219
2012-03-13,76.28919982910156,113.91000366210938
2012-03-14,74.36707305908203,111.04000091552734
2012-03-15,74.48094940185547,111.20999908447266
2012-03-16,74.6282958984375,111.43000030517578
2012-03-19,73.7375717163086,110.0999984741211
2012-03-20,74.03225708007812,110.54000091552734
2012-03-21,74.869384765625,111.79000091552734
2012-03-22,75.11051940917969,112.1500015258789
2012-03-23,75.82044219970703,113.20999908447266
2012-03-26,75.43195343017578,112.62999725341797
2012-03-27,75.97444152832031,113.44000244140625
2012-03-28,75.86727905273438,113.27999877929688
2012-03-29,76.43655395507812,114.12999725341797
2012-03-30,75.14398193359375,112.19999694824219
2012-04-02,75.56034088134766,112.52999877929688
2012-04-03,74.25096893310547,110.58000183105469
2012-04-04,75.27157592773438,112.0999984741211
2012-04-05,75.81543731689453,112.91000366210938
2012-04-09,77.58811950683594,115.55000305175781
2012-04-10,78.46772003173828,116.86000061035156
2012-04-11,77.5277099609375,115.45999908447266
2012-04-12,77.2054214477539,114.9800033569336
2012-04-13,78.45431518554688,116.83999633789062
2012-04-16,78.34012603759766,116.66999816894531
2012-04-17,78.29315948486328,116.5999984741211
2012-04-18,78.52144622802734,116.94000244140625
2012-04-19,78.59532928466797,117.05000305175781
2012-04-20,78.60877227783203,117.06999969482422
2012-04-23,79.17950439453125,117.91999816894531
2012-04-24,78.62220001220703,117.08999633789062
2012-04-25,78.21927642822266,116.48999786376953
2012-04-26,78.68932342529297,117.19000244140625
2012-04-27,78.75651550292969,117.29000091552734
2012-04-30,78.77664184570312,117.31999969482422
2012-05-01,78.3680419921875,116.43000030517578
2012-05-02,78.91998291015625,117.25
2012-05-03,78.89977264404297,117.22000122070312
2012-05-04,79.51902770996094,118.13999938964844
2012-05-07,79.53247833251953,118.16000366210938
2012-05-08,79.95651245117188,118.79000091552734
2012-05-09,80.01043701171875,118.87000274658203
2012-05-10,79.77483367919922,118.5199966430664
2012-05-11,80.4344711303711,119.5
2012-05-14,81.55853271484375,121.16999816894531
2012-05-15,81.88829040527344,121.66000366210938
2012-05-16,82.12390899658203,122.01000213623047
2012-05-17,83.57781982421875,124.16999816894531
2012-05-18,83.59796905517578,124.19999694824219
2012-05-21,83.42300415039062,123.94000244140625
2012-05-22,82.49409484863281,122.55999755859375
2012-05-23,83.06621551513672,123.41000366210938
2012-05-24,82.7498550415039,122.94000244140625
2012-05-25,83.05951690673828,123.4000015258789
2012-05-29,82.80370330810547,123.0199966430664
2012-05-30,84.90376281738281,126.13999938964844
2012-05-31,85.886474609375,127.5999984741211
2012-06-01,87.92545318603516,130.36000061035156
2012-06-04,87.23075103759766,129.3300018310547
2012-06-05,86.06389617919922,127.5999984741211
2012-06-06,84.34396362304688,125.05000305175781
2012-06-07,84.47206115722656,125.23999786376953
2012-06-08,84.45185852050781,125.20999908447266
2012-06-11,84.8363265991211,125.77999877929688
2012-06-12,84.06065368652344,124.62999725341797
2012-06-13,84.89028930664062,125.86000061035156
2012-06-14,84.7823715209961,125.69999694824219
2012-06-15,85.25450897216797,126.4000015258789
2012-06-18,85.7131576538086,127.08000183105469
2012-06-19,84.593505859375,125.41999816894531
2012-06-20,85.01171112060547,126.04000091552734
2012-06-21,85.46355438232422,126.70999908447266
2012-06-22,84.32369232177734,125.0199966430664
2012-06-25,85.55132293701172,126.83999633789062
2012-06-26,85.21402740478516,126.33999633789062
2012-06-27,85.34892272949219,126.54000091552734
2012-06-28,85.55799865722656,126.8499984741211
2012-06-29,84.44508361816406,125.19999694824219
2012-07-02,85.31641387939453,126.22000122070312
2012-07-03,84.6607666015625,125.25
2012-07-05,85.0933609008789,125.88999938964844
2012-07-06,85.88423156738281,127.05999755859375
2012-07-09,86.64118194580078,128.17999267578125
2012-07-10,86.81696319580078,128.44000244140625
2012-07-11,86.92515563964844,128.60000610351562
2012-07-12,87.5401840209961,129.50999450683594
2012-07-13,87.31040954589844,129.1699981689453
2012-07-16,87.71599578857422,129.77000427246094
2012-07-17,87.02653503417969,128.75
2012-07-18,87.07383728027344,128.82000732421875
2012-07-19,86.85075378417969,128.49000549316406
2012-07-20,87.9119873046875,130.05999755859375
2012-07-23,88.40544891357422,130.7899932861328
2012-07-24,89.10161590576172,131.82000732421875
2012-07-25,89.33145904541016,132.16000366210938
2012-07-26,88.51358032226562,130.9499969482422
2012-07-27,86.84396362304688,128.47999572753906
2012-07-30,87.49296569824219,129.44000244140625
2012-07-31,87.6686782836914,129.6999969482422
2012-08-01,87.23042297363281,128.77999877929688
2012-08-02,87.72488403320312,129.50999450683594
2012-08-03,86.30924224853516,127.41999816894531
2012-08-06,86.34307861328125,127.47000122070312
2012-08-07,85.23220825195312,125.83000183105469
2012-08-08,84.77835845947266,125.16000366210938
2012-08-09,84.71736907958984,125.06999969482422
2012-08-10,85.14411926269531,125.69999694824219
2012-08-13,85.00186920166016,125.48999786376953
2012-08-14,83.85041046142578,123.79000091552734
2012-08-15,82.67179107666016,122.05000305175781
2012-08-16,81.96735382080078,121.01000213623047
2012-08-17,82.36698913574219,121.5999984741211
2012-08-20,82.53633880615234,121.8499984741211
2012-08-21,82.90205383300781,122.38999938964844
2012-08-22,84.27033996582031,124.41000366210938
2012-08-23,84.62260437011719,124.93000030517578
2012-08-24,84.54134368896484,124.80999755859375
2012-08-27,85.03575134277344,125.54000091552734
2012-08-28,85.23897552490234,125.83999633789062
2012-08-29,84.86644744873047,125.29000091552734
2012-08-30,85.30669403076172,125.94000244140625
2012-08-31,86.51242065429688,127.72000122070312
2012-09-04,86.4255142211914,127.31999969482422
2012-09-05,86.01825714111328,126.72000122070312
2012-09-06,84.58596801757812,124.61000061035156
2012-09-07,84.19229888916016,124.02999877929688
2012-09-10,84.39593505859375,124.33000183105469
2012-09-11,83.86644744873047,123.55000305175781
2012-09-12,82.82102966308594,122.01000213623047
2012-09-13,82.4952621459961,121.52999877929688
2012-09-14,80.30271911621094,118.30000305175781
2012-09-17,81.2666244506836,119.72000122070312
2012-09-18,81.67383575439453,120.31999969482422
2012-09-19,82.21013641357422,121.11000061035156
2012-09-20,82.41381072998047,121.41000366210938
2012-09-21,82.50886535644531,121.55000305175781
2012-09-24,83.15367889404297,122.5
2012-09-25,83.97505187988281,123.70999908447266
2012-09-26,84.87784576416016,125.04000091552734
2012-09-27,84.27371215820312,124.1500015258789
2012-09-28,84.3212661743164,124.22000122070312
2012-10-01,84.63411712646484,124.41999816894531
2012-10-02,84.51848602294922,124.25
2012-10-03,84.54570007324219,124.29000091552734
2012-10-04,83.49136352539062,122.73999786376953
2012-10-05,82.40979766845703,121.1500015258789
2012-10-08,83.10362243652344,122.16999816894531
2012-10-09,82.9539794921875,121.94999694824219
2012-10-10,83.53894805908203,122.80999755859375
2012-10-11,84.11715698242188,123.66000366210938
2012-10-12,84.32799530029297,123.97000122070312
2012-10-15,84.13754272460938,123.69000244140625
2012-10-16,82.9743423461914,121.9800033569336
2012-10-17,82.20569610595703,120.8499984741211
2012-10-18,81.70232391357422,120.11000061035156
2012-10-19,82.81111907958984,121.73999786376953
2012-10-22,82.28053283691406,120.95999908447266
2012-10-23,83.45730590820312,122.69000244140625
2012-10-24,82.63424682617188,121.4800033569336
2012-10-25,82.2125015258789,120.86000061035156
2012-10-26,83.42333221435547,122.63999938964844
2012-10-31,83.91310119628906,123.36000061035156
2012-11-01,83.22606658935547,122.3499984741211
2012-11-02,83.1648178100586,122.26000213623047
2012-11-05,83.63416290283203,122.94999694824219
2012-11-06,82.84512329101562,121.79000091552734
2012-11-07,84.34844207763672,124.0
2012-11-08,85.60003662109375,125.83999633789062
2012-11-09,85.69528198242188,125.9800033569336
2012-11-12,85.83812713623047,126.19000244140625
2012-11-13,86.12383270263672,126.61000061035156
2012-11-14,86.2054443359375,126.7300033569336
2012-11-15,86.03544616699219,126.4800033569336
2012-11-16,85.96060943603516,126.37000274658203
2012-11-19,85.47760772705078,125.66000366210938
2012-11-20,84.6205062866211,124.4000015258789
2012-11-21,84.57290649414062,124.33000183105469
2012-11-23,84.49125671386719,124.20999908447266
2012-11-26,84.8925552368164,124.80000305175781
2012-11-27,85.2259292602539,125.29000091552734
2012-11-28,85.10346984863281,125.11000061035156
2012-11-29,85.11710357666016,125.12999725341797
2012-11-30,84.88580322265625,124.79000091552734
2012-12-03,84.96416473388672,124.66000366210938
2012-12-04,85.45494842529297,125.37999725341797
2012-12-05,85.41405487060547,125.31999969482422
2012-12-06,85.59803009033203,125.58999633789062
2012-12-07,84.80744934082031,124.43000030517578
2012-12-10,85.18232727050781,124.9800033569336
2012-12-11,84.53484344482422,124.02999877929688
2012-12-12,83.55332946777344,122.58999633789062
2012-12-13,83.61473846435547,122.68000030517578
2012-12-14,84.24176025390625,123.5999984741211
2012-12-17,82.98087310791016,121.75
2012-12-18,82.13571166992188,120.51000213623047
2012-12-19,82.40831756591797,120.91000366210938
2012-12-20,82.4219741821289,120.93000030517578
2012-12-21,83.32164001464844,122.25
2012-12-24,83.17167663574219,122.02999877929688
2012-12-26,83.47087860107422,122.19999694824219
2012-12-27,83.75088500976562,122.61000061035156
2012-12-28,84.2291030883789,123.30999755859375
2012-12-31,82.7741470336914,121.18000030517578
2013-01-02,81.66758728027344,119.55999755859375
2013-01-03,80.56099700927734,117.94000244140625
2013-01-04,80.875244140625,118.4000015258789
2013-01-07,80.90937042236328,118.44999694824219
2013-01-08,81.4421615600586,119.2300033569336
2013-01-09,81.36698150634766,119.12000274658203
2013-01-10,81.1415786743164,118.79000091552734
2013-01-11,81.86566925048828,119.8499984741211
2013-01-14,81.64024353027344,119.5199966430664
2013-01-15,82.01588439941406,120.06999969482422
2013-01-16,82.1866683959961,120.31999969482422
2013-01-17,81.36698150634766,119.12000274658203
2013-01-18,81.99540710449219,120.04000091552734
2013-01-22,82.152587890625,120.2699966430664
2013-01-23,82.02958679199219,120.08999633789062
2013-01-24,81.74271392822266,119.66999816894531
2013-01-25,80.62245178222656,118.02999877929688
2013-01-28,80.3287582397461,117.5999984741211
2013-01-29,79.8847885131836,116.94999694824219
2013-01-30,79.7481689453125,116.75
2013-01-31,80.13749694824219,117.31999969482422
2013-02-01,79.09693145751953,115.54000091552734
2013-02-04,80.110107421875,117.0199966430664
2013-02-05,79.39813995361328,115.9800033569336
2013-02-06,80.04847717285156,116.93000030517578
2013-02-07,79.87049102783203,116.66999816894531
2013-02-08,80.1785888671875,117.12000274658203
2013-02-11,80.11698150634766,117.02999877929688
2013-02-12,79.91845703125,116.73999786376953
2013-02-13,79.2680435180664,115.79000091552734
2013-02-14,79.98686981201172,116.83999633789062
2013-02-15,79.75414276123047,116.5
2013-02-19,79.35706329345703,115.91999816894531
2013-02-20,79.59667205810547,116.2699966430664
2013-02-21,80.06221008300781,116.94999694824219
2013-02-22,80.11698150634766,117.02999877929688
2013-02-25,81.69149017333984,119.33000183105469
2013-02-26,81.21916961669922,118.63999938964844
2013-02-27,80.97955322265625,118.29000091552734
2013-02-28,81.13015747070312,118.51000213623047
2013-03-01,81.57196807861328,118.9000015258789
2013-03-04,81.13972473144531,118.2699966430664
2013-03-05,80.90646362304688,117.93000030517578
2013-03-06,80.17240142822266,116.86000061035156
2013-03-07,79.55496978759766,115.95999908447266
2013-03-08,78.72489166259766,114.75
2013-03-11,78.80027770996094,114.86000061035156
2013-03-12,79.36968231201172,115.69000244140625
2013-03-13,79.28738403320312,115.56999969482422
2013-03-14,79.04727172851562,115.22000122070312
2013-03-15,79.417724609375,115.76000213623047
2013-03-18,80.0215072631836,116.63999938964844
2013-03-19,80.5634765625,117.43000030517578
2013-03-20,79.6647720336914,116.12000274658203
2013-03-21,80.43315124511719,117.23999786376953
2013-03-22,80.49488067626953,117.33000183105469
2013-03-25,80.41939544677734,117.22000122070312
2013-03-26,80.51542663574219,117.36000061035156
2013-03-27,81.20147705078125,118.36000061035156
2013-03-28,80.7898941040039,117.76000213623047
2013-04-01,81.39833068847656,118.38999938964844
2013-04-02,81.068359375,117.91000366210938
2013-04-03,81.7970962524414,118.97000122070312
2013-04-04,82.77340698242188,120.38999938964844
2013-04-05,84.44415283203125,122.81999969482422
2013-04-08,83.79782104492188,121.87999725341797
2013-04-09,83.5915756225586,121.58000183105469
2013-04-10,82.44338989257812,119.91000366210938
2013-04-11,82.60155487060547,120.13999938964844
2013-04-12,83.83229064941406,121.93000030517578
2013-04-15,84.56103515625,122.98999786376953
2013-04-16,83.8666000366211,121.9800033569336
2013-04-17,84.42352294921875,122.79000091552734
2013-04-18,84.62974548339844,123.08999633789062
2013-04-19,84.45106506347656,122.83000183105469
2013-04-22,84.51293182373047,122.91999816894531
2013-04-23,84.21726989746094,122.48999786376953
2013-04-24,84.43038940429688,122.80000305175781
2013-04-25,84.0660171508789,122.2699966430664
2013-04-26,84.83606719970703,123.38999938964844
2013-04-29,84.52670288085938,122.94000244140625
2013-04-30,84.57478332519531,123.01000213623047
2013-05-01,85.44363403320312,124.01000213623047
2013-05-02,85.33336639404297,123.8499984741211
2013-05-03,83.32149505615234,120.93000030517578
2013-05-06,83.11476135253906,120.62999725341797
2013-05-07,82.79095458984375,120.16000366210938
2013-05-08,82.92185974121094,120.3499984741211
2013-05-09,82.70832061767578,120.04000091552734
2013-05-10,81.81945037841797,118.75
2013-05-13,81.19242858886719,117.83999633789062
2013-05-14,80.31050872802734,116.55999755859375
2013-05-15,80.84794616699219,117.33999633789062
2013-05-16,81.68853759765625,118.55999755859375
2013-05-17,80.65503692626953,117.05999755859375
2013-05-20,80.55858612060547,116.91999816894531
2013-05-21,81.19242858886719,117.83999633789062
2013-05-22,79.98666381835938,116.08999633789062
2013-05-23,80.36566162109375,116.63999938964844
2013-05-24,80.47588348388672,116.80000305175781
2013-05-28,78.43644714355469,113.83999633789062
2013-05-29,79.3183364868164,115.12000274658203
2013-05-30,79.12542724609375,114.83999633789062
2013-05-31,78.85671997070312,114.44999694824219
2013-06-03,79.27460479736328,114.77999877929688
2013-06-04,78.5425033569336,113.72000122070312
2013-06-05,79.62681579589844,115.29000091552734
2013-06-06,79.57847595214844,115.22000122070312
2013-06-07,78.15570068359375,113.16000366210938
2013-06-10,77.78274536132812,112.62000274658203
2013-06-11,78.70824432373047,113.95999908447266
2013-06-12,77.58245849609375,112.33000183105469
2013-06-13,78.7979736328125,114.08999633789062
2013-06-14,78.61156463623047,113.81999969482422
2013-06-17,78.19719696044922,113.22000122070312
2013-06-18,78.23861694335938,113.27999877929688
2013-06-19,77.43046569824219,112.11000061035156
2013-06-20,76.15970611572266,110.2699966430664
2013-06-21,74.86812591552734,108.4000015258789
2013-06-24,75.1789321899414,108.8499984741211
2013-06-25,74.50896453857422,107.87999725341797
2013-06-26,74.992431640625,108.58000183105469
2013-06-27,75.75904083251953,109.69000244140625
2013-06-28,76.277099609375,110.44000244140625
2013-07-01,76.43074798583984,110.41000366210938
2013-07-02,76.38233947753906,110.33999633789062
2013-07-03,76.15389251708984,110.01000213623047
2013-07-05,73.5579605102539,106.26000213623047
2013-07-08,74.27092742919922,107.29000091552734
2013-07-09,74.34708404541016,107.4000015258789
2013-07-10,73.7656021118164,106.55999755859375
2013-07-11,74.63089752197266,107.80999755859375
2013-07-12,74.56858825683594,107.72000122070312
2013-07-15,74.96321105957031,108.29000091552734
2013-07-16,75.2193603515625,108.66000366210938
2013-07-17,75.35778045654297,108.86000061035156
2013-07-18,74.41632080078125,107.5
2013-07-19,75.59317779541016,109.19999694824219
2013-07-22,75.70391845703125,109.36000061035156
2013-07-23,75.38548278808594,108.9000015258789
2013-07-24,74.4301528930664,107.5199966430664
2013-07-25,74.40250396728516,107.4800033569336
2013-07-26,74.859375,108.13999938964844
2013-07-29,74.31250762939453,107.3499984741211
2013-07-30,74.28484344482422,107.30999755859375
2013-07-31,74.55476379394531,107.69999694824219
2013-08-01,73.11824035644531,105.36000061035156
2013-08-02,73.92324829101562,106.5199966430664
2013-08-05,73.35419464111328,105.69999694824219
2013-08-06,73.56932067871094,106.01000213623047
2013-08-07,74.1175765991211,106.80000305175781
2013-08-08,74.31884002685547,107.08999633789062
2013-08-09,74.4367904663086,107.26000213623047
2013-08-12,73.93016052246094,106.52999877929688
2013-08-13,72.86143493652344,104.98999786376953
2013-08-14,72.97254943847656,105.1500015258789
2013-08-15,71.9870376586914,103.7300033569336
2013-08-16,71.73719787597656,103.37000274658203
2013-08-19,71.11260986328125,102.47000122070312
2013-08-20,71.66084289550781,103.26000213623047
2013-08-21,70.87667846679688,102.12999725341797
2013-08-22,71.59848022460938,103.16999816894531
2013-08-23,72.37565612792969,104.29000091552734
2013-08-26,72.7365493774414,104.80999755859375
2013-08-27,73.65260314941406,106.12999725341797
2013-08-28,73.0557861328125,105.2699966430664
2013-08-29,73.63877868652344,106.11000061035156
2013-08-30,73.55545043945312,105.98999786376953
2013-09-03,72.51802825927734,104.22000122070312
2013-09-04,72.35790252685547,103.98999786376953
2013-09-05,71.34902954101562,102.54000091552734
2013-09-06,71.7038803100586,103.05000305175781
2013-09-09,71.73863983154297,103.0999984741211
2013-09-10,71.2376480102539,102.37999725341797
2013-09-11,71.870849609375,103.29000091552734
2013-09-12,71.77346801757812,103.1500015258789
2013-09-13,72.05182647705078,103.55000305175781
2013-09-16,71.57169342041016,102.86000061035156
2013-09-17,72.16314697265625,103.70999908447266
2013-09-18,73.05374908447266,104.98999786376953
2013-09-19,72.62237548828125,104.37000274658203
2013-09-20,73.00507354736328,104.91999816894531
2013-09-23,73.54082489013672,105.69000244140625
2013-09-24,74.33406829833984,106.83000183105469
2013-09-25,74.4871597290039,107.05000305175781
2013-09-26,73.96525573730469,106.30000305175781
2013-09-27,74.14617919921875,106.55999755859375
2013-09-30,74.03483581542969,106.4000015258789
2013-10-01,73.81025695800781,105.80000305175781
2013-10-02,73.92185974121094,105.95999908447266
2013-10-03,73.8032455444336,105.79000091552734
2013-10-04,73.74739837646484,105.70999908447266
2013-10-07,74.04747772216797,106.13999938964844
2013-10-08,74.06832122802734,106.16999816894531
2013-10-09,73.47537231445312,105.31999969482422
2013-10-10,73.59394073486328,105.48999786376953
2013-10-11,73.57305145263672,105.45999908447266
2013-10-14,72.98005676269531,104.61000061035156
2013-10-15,72.93119812011719,104.54000091552734
2013-10-16,73.84510803222656,105.8499984741211
2013-10-17,74.51482391357422,106.80999755859375
2013-10-18,74.67529296875,107.04000091552734
2013-10-21,74.43807220458984,106.69999694824219
2013-10-22,75.26826477050781,107.88999938964844
2013-10-23,75.56135559082031,108.30999755859375
2013-10-24,75.26826477050781,107.88999938964844
2013-10-25,75.54734802246094,108.29000091552734
2013-10-28,75.28919982910156,107.91999816894531
2013-10-29,75.38688659667969,108.05999755859375
2013-10-30,74.9334487915039,107.41000366210938
2013-10-31,75.09390258789062,107.63999938964844
2013-11-01,74.28106689453125,106.19000244140625
2013-11-04,74.35100555419922,106.29000091552734
2013-11-05,73.46263885498047,105.0199966430664
2013-11-06,73.49760437011719,105.06999969482422
2013-11-07,74.12017059326172,105.95999908447266
2013-11-08,72.3364486694336,103.41000366210938
2013-11-11,72.06359100341797,103.0199966430664
2013-11-12,72.39933013916016,103.5
2013-11-13,72.66519165039062,103.87999725341797
2013-11-14,73.11284637451172,104.5199966430664
2013-11-15,73.25980377197266,104.7300033569336
2013-11-18,73.70046997070312,105.36000061035156
2013-11-19,73.14081573486328,104.55999755859375
2013-11-20,71.89570617675781,102.77999877929688
2013-11-21,72.0146713256836,102.94999694824219
2013-11-22,72.68611907958984,103.91000366210938
2013-11-25,72.89600372314453,104.20999908447266
2013-11-26,73.16883087158203,104.5999984741211
2013-11-27,73.04290771484375,104.41999816894531
2013-11-29,73.06393432617188,104.44999694824219
2013-12-02,72.49561309814453,103.33000183105469
2013-12-03,72.76222229003906,103.70999908447266
2013-12-04,72.06763458251953,102.72000122070312
2013-12-05,71.86420440673828,102.43000030517578
2013-12-06,72.2078857421875,102.91999816894531
2013-12-09,72.37635040283203,103.16000366210938
2013-12-10,72.89554595947266,103.9000015258789
2013-12-11,72.3342056274414,103.0999984741211
2013-12-12,72.06063842773438,102.70999908447266
2013-12-13,72.41141510009766,103.20999908447266
2013-12-16,72.14482116699219,102.83000183105469
2013-12-17,72.467529296875,103.29000091552734
2013-12-18,72.10269927978516,102.7699966430664
2013-12-19,72.03253173828125,102.66999816894531
2013-12-20,73.14105987548828,104.25
2013-12-23,72.72712707519531,103.66000366210938
2013-12-24,72.14482116699219,102.83000183105469
2013-12-26,71.86679077148438,102.0999984741211
2013-12-27,71.66266632080078,101.80999755859375
2013-12-30,72.15534973144531,102.51000213623047
2013-12-31,71.6978530883789,101.86000061035156
2014-01-02,71.91607666015625,102.16999816894531
2014-01-03,71.91607666015625,102.16999816894531
2014-01-06,72.21871185302734,102.5999984741211
2014-01-07,72.4017105102539,102.86000061035156
2014-01-08,72.20464324951172,102.58000183105469
2014-01-09,72.62698364257812,103.18000030517578
2014-01-10,73.49272918701172,104.41000366210938
2014-01-13,73.85879516601562,104.93000030517578
2014-01-14,73.52093505859375,104.44999694824219
2014-01-15,73.4434814453125,104.33999633789062
2014-01-16,73.93621826171875,105.04000091552734
2014-01-17,74.24589538574219,105.4800033569336
2014-01-21,74.30223083496094,105.55999755859375
2014-01-22,74.1192398071289,105.30000305175781
2014-01-23,75.16801452636719,106.79000091552734
2014-01-24,75.6536865234375,107.4800033569336
2014-01-27,75.12579345703125,106.7300033569336
2014-01-28,75.30876159667969,106.98999786376953
2014-01-29,75.92821502685547,107.87000274658203
2014-01-30,75.71000671386719,107.55999755859375
2014-01-31,76.21682739257812,108.27999877929688
2014-02-03,77.14546966552734,109.31999969482422
2014-02-04,76.32687377929688,108.16000366210938
2014-02-05,75.62122344970703,107.16000366210938
2014-02-06,75.29654693603516,106.69999694824219
2014-02-07,75.360107421875,106.79000091552734
2014-02-10,75.57180786132812,107.08999633789062
2014-02-11,75.13428497314453,106.47000122070312
2014-02-12,74.74613189697266,105.91999816894531
2014-02-13,75.1695785522461,106.5199966430664
2014-02-14,75.2119140625,106.58000183105469
2014-02-18,75.38131713867188,106.81999969482422
2014-02-19,75.06367492675781,106.37000274658203
2014-02-20,74.88018798828125,106.11000061035156
2014-02-21,75.27544403076172,106.66999816894531
2014-02-24,75.08489990234375,106.4000015258789
2014-02-25,75.75529479980469,107.3499984741211
2014-02-26,76.15750122070312,107.91999816894531
2014-02-27,76.5738754272461,108.51000213623047
2014-02-28,76.6162109375,108.56999969482422
2014-03-03,77.12763977050781,109.02999877929688
2014-03-04,75.96751403808594,107.38999938964844
2014-03-05,76.13026428222656,107.62000274658203
2014-03-06,75.38040924072266,106.55999755859375
2014-03-07,74.90642547607422,105.88999938964844
2014-03-10,75.01251983642578,106.04000091552734
2014-03-11,75.21065521240234,106.31999969482422
2014-03-12,75.73410034179688,107.05999755859375
2014-03-13,76.75271606445312,108.5
2014-03-14,76.76691436767578,108.5199966430664
2014-03-17,76.19391632080078,107.70999908447266
2014-03-18,76.46981048583984,108.0999984741211
2014-03-19,75.87554931640625,107.26000213623047
2014-03-20,75.74117279052734,107.06999969482422
2014-03-21,76.5617904663086,108.2300033569336
2014-03-24,77.1064453125,109.0
2014-03-25,76.8164291381836,108.58999633789062
2014-03-26,77.4177017211914,109.44000244140625
2014-03-27,77.80675506591797,109.98999786376953
2014-03-28,77.36817169189453,109.37000274658203
2014-03-31,77.17716979980469,109.0999984741211
2014-04-01,76.51759338378906,107.88999938964844
2014-04-02,76.0778579711914,107.2699966430664
2014-04-03,76.41122436523438,107.73999786376953
2014-04-04,76.92185974121094,108.45999908447266
2014-04-07,77.38285064697266,109.11000061035156
2014-04-08,77.5672607421875,109.37000274658203
2014-04-09,77.1843032836914,108.83000183105469
2014-04-10,77.90059661865234,109.83999633789062
2014-04-11,78.53180694580078,110.7300033569336
2014-04-14,78.3260726928711,110.44000244140625
2014-04-15,78.81549072265625,111.12999725341797
2014-04-16,78.91474914550781,111.2699966430664
2014-04-17,78.04955291748047,110.05000305175781
2014-04-21,77.98568725585938,109.95999908447266
2014-04-22,78.2480697631836,110.33000183105469
2014-04-23,78.69487762451172,110.95999908447266
2014-04-24,78.84384155273438,111.16999816894531
2014-04-25,78.95732116699219,111.33000183105469
2014-04-28,78.57433319091797,110.79000091552734
2014-04-29,78.46794891357422,110.63999938964844
2014-04-30,78.79420471191406,111.0999984741211
2014-05-01,79.6395263671875,112.0199966430664
2014-05-02,80.1300277709961,112.70999908447266
2014-05-05,79.6466293334961,112.02999877929688
2014-05-06,79.96656036376953,112.4800033569336
2014-05-07,79.68218231201172,112.08000183105469
2014-05-08,79.3409194946289,111.5999984741211
2014-05-09,79.08491516113281,111.23999786376953
2014-05-12,78.76500701904297,110.79000091552734
2014-05-13,79.44752502441406,111.75
2014-05-14,80.30778503417969,112.95999908447266
2014-05-15,80.94766235351562,113.86000061035156
2014-05-16,80.72013092041016,113.54000091552734
2014-05-19,80.1229019165039,112.69999694824219
2014-05-20,80.30069732666016,112.94999694824219
2014-05-21,79.81015014648438,112.26000213623047
2014-05-22,79.69636535644531,112.0999984741211
2014-05-23,80.1229019165039,112.69999694824219
2014-05-27,80.5921630859375,113.36000061035156
2014-05-28,81.5875015258789,114.76000213623047
2014-05-29,81.15381622314453,114.1500015258789
2014-05-30,81.1182861328125,114.0999984741211
2014-06-02,80.51524353027344,112.95999908447266
2014-06-03,79.52448272705078,111.56999969482422
2014-06-04,79.50308990478516,111.54000091552734
2014-06-05,79.53875732421875,111.58999633789062
2014-06-06,79.53875732421875,111.58999633789062
2014-06-09,79.42473602294922,111.43000030517578
2014-06-10,79.13245391845703,111.0199966430664
2014-06-11,79.27501678466797,111.22000122070312
2014-06-12,79.98068237304688,112.20999908447266
2014-06-13,79.93792724609375,112.1500015258789
2014-06-16,80.13748168945312,112.43000030517578
2014-06-17,79.50308990478516,111.54000091552734
2014-06-18,80.11604309082031,112.4000015258789
2014-06-19,79.08971405029297,110.95999908447266
2014-06-20,79.6884536743164,111.80000305175781
2014-06-23,79.4389877319336,111.44999694824219
2014-06-24,80.2444076538086,112.58000183105469
2014-06-25,80.45108032226562,112.87000274658203
2014-06-26,80.83602142333984,113.41000366210938
2014-06-27,80.71479797363281,113.23999786376953
2014-06-30,80.9144287109375,113.5199966430664
2014-07-01,80.23697662353516,112.27999877929688
2014-07-02,79.37938690185547,111.08000183105469
2014-07-03,79.09353637695312,110.68000030517578
2014-07-07,79.67242431640625,111.48999786376953
2014-07-08,80.56571197509766,112.73999786376953
2014-07-09,80.63002014160156,112.83000183105469
2014-07-10,80.65143585205078,112.86000061035156
2014-07-11,81.16594696044922,113.58000183105469
2014-07-14,80.81581115722656,113.08999633789062
2014-07-15,80.65143585205078,112.86000061035156
2014-07-16,81.0802230834961,113.45999908447266
2014-07-17,82.10205841064453,114.88999938964844
2014-07-18,81.83767700195312,114.5199966430664
2014-07-21,82.24498748779297,115.08999633789062
2014-07-22,82.41653442382812,115.33000183105469
2014-07-23,82.30936431884766,115.18000030517578
2014-07-24,81.69477081298828,114.31999969482422
2014-07-25,82.65950775146484,115.66999816894531
2014-07-28,82.5451889038086,115.51000213623047
2014-07-29,82.84529113769531,115.93000030517578
2014-07-30,81.69477081298828,114.31999969482422
2014-07-31,81.4518051147461,113.9800033569336
2014-08-01,82.08231353759766,114.55999755859375
2014-08-04,81.86736297607422,114.26000213623047
2014-08-05,82.13251495361328,114.62999725341797
2014-08-06,82.18263244628906,114.69999694824219
2014-08-07,82.94927215576172,115.7699966430664
2014-08-08,82.77015686035156,115.5199966430664
2014-08-11,82.76302337646484,115.51000213623047
2014-08-12,82.22557830810547,114.76000213623047
2014-08-13,82.76302337646484,115.51000213623047
2014-08-14,83.42935180664062,116.44000244140625
2014-08-15,84.33930206298828,117.70999908447266
2014-08-18,83.5009536743164,116.54000091552734
2014-08-19,83.2430648803711,116.18000030517578
2014-08-20,83.10692596435547,115.98999786376953
2014-08-21,83.5726318359375,116.63999938964844
2014-08-22,84.0383529663086,117.29000091552734
2014-08-25,84.35365295410156,117.7300033569336
2014-08-26,84.08130645751953,117.3499984741211
2014-08-27,84.79785919189453,118.3499984741211
2014-08-28,85.24208068847656,118.97000122070312
2014-08-29,85.2994384765625,119.05000305175781
2014-09-02,83.82794952392578,116.7300033569336
2014-09-03,84.29476165771484,117.37999725341797
2014-09-04,83.26777648925781,115.94999694824219
2014-09-05,83.1098403930664,115.7300033569336
2014-09-08,83.14571380615234,115.77999877929688
2014-09-09,83.08106231689453,115.69000244140625
2014-09-10,82.55682373046875,114.95999908447266
2014-09-11,82.283935546875,114.58000183105469
2014-09-12,81.42220306396484,113.37999725341797
2014-09-15,81.54426574707031,113.55000305175781
2014-09-16,81.21394348144531,113.08999633789062
2014-09-17,81.00566101074219,112.80000305175781
2014-09-18,81.26419830322266,113.16000366210938
2014-09-19,82.29830932617188,114.5999984741211
2014-09-22,82.39887237548828,114.73999786376953
2014-09-23,82.9087142944336,115.44999694824219
2014-09-24,82.44911193847656,114.80999755859375
2014-09-25,83.42581176757812,116.16999816894531
2014-09-26,83.3037109375,116.0
2014-09-29,83.9715805053711,116.93000030517578
2014-09-30,83.49757385253906,116.2699966430664
2014-10-01,85.11672973632812,118.2300033569336
2014-10-02,84.375244140625,117.19999694824219
2014-10-03,84.73516845703125,117.69999694824219
2014-10-06,84.78556823730469,117.7699966430664
2014-10-07,85.93020629882812,119.36000061035156
2014-10-08,85.95182800292969,119.38999938964844
2014-10-09,85.57746887207031,118.87000274658203
2014-10-10,86.4269790649414,120.05000305175781
2014-10-13,86.9525375366211,120.77999877929688
2014-10-14,87.52124786376953,121.56999969482422
2014-10-15,88.21240997314453,122.52999877929688
2014-10-16,87.65084838867188,121.75
2014-10-17,87.16130065917969,121.06999969482422
2014-10-20,87.47811126708984,121.51000213623047
2014-10-21,86.77973937988281,120.54000091552734
2014-10-22,86.87333679199219,120.66999816894531
2014-10-23,86.10298156738281,119.5999984741211
2014-10-24,86.18940734863281,119.72000122070312
2014-10-27,86.34777069091797,119.94000244140625
2014-10-28,85.80781555175781,119.19000244140625
2014-10-29,86.00220489501953,119.45999908447266
2014-10-30,86.07423400878906,119.55999755859375
2014-10-31,85.85102081298828,119.25
2014-11-03,85.85102081298828,118.95999908447266
2014-11-04,86.11804962158203,119.33000183105469
2014-11-05,85.99536895751953,119.16000366210938
2014-11-06,85.43965911865234,118.38999938964844
2014-11-07,86.42119598388672,119.75
2014-11-10,85.62731170654297,118.6500015258789
2014-11-11,85.68505859375,118.7300033569336
2014-11-12,85.61292266845703,118.62999725341797
2014-11-13,85.81497955322266,118.91000366210938
2014-11-14,86.23352813720703,119.48999786376953
2014-11-17,86.0170669555664,119.19000244140625
2014-11-18,86.25518035888672,119.5199966430664
2014-11-19,85.70671081542969,118.76000213623047
2014-11-20,86.15415954589844,119.37999725341797
2014-11-21,86.6737289428711,120.0999984741211
2014-11-24,86.74594116210938,120.19999694824219
2014-11-25,87.4676284790039,121.19999694824219
2014-11-26,87.70577239990234,121.52999877929688
2014-11-28,88.3985595703125,122.48999786376953
2014-12-01,87.88280487060547,121.5
2014-12-02,87.0293197631836,120.31999969482422
2014-12-03,87.36933898925781,120.79000091552734
2014-12-04,88.099853515625,121.80000305175781
2014-12-05,87.5863037109375,121.08999633789062
2014-12-08,88.65682983398438,122.56999969482422
2014-12-09,89.11250305175781,123.19999694824219
2014-12-10,89.76344299316406,124.0999984741211
2014-12-11,90.13230895996094,124.61000061035156
2014-12-12,91.35478210449219,126.30000305175781
2014-12-15,91.16670989990234,126.04000091552734
2014-12-16,92.29508209228516,127.5999984741211
2014-12-17,91.46324920654297,126.44999694824219
2014-12-18,89.8358383178711,124.19999694824219
2014-12-19,91.04375457763672,125.87000274658203
2014-12-22,91.16670989990234,126.04000091552734
2014-12-23,89.35844421386719,123.54000091552734
2014-12-24,89.84476470947266,123.94999694824219
2014-12-26,90.17821502685547,124.41000366210938
2014-12-29,90.85231018066406,125.33999633789062
2014-12-30,91.09874725341797,125.68000030517578
2014-12-31,91.27277374267578,125.91999816894531
2015-01-02,92.2874984741211,127.31999969482422
2015-01-05,93.73721313476562,129.32000732421875
2015-01-06,95.42609405517578,131.64999389648438
2015-01-07,95.23766326904297,131.38999938964844
2015-01-08,93.97638702392578,129.64999389648438
2015-01-09,95.00572967529297,131.07000732421875
2015-01-12,95.54936218261719,131.82000732421875
2015-01-13,95.54936218261719,131.82000732421875
2015-01-14,96.27423858642578,132.82000732421875
2015-01-15,97.78909301757812,134.91000366210938
2015-01-16,96.54234313964844,133.19000244140625
2015-01-20,97.8253402709961,134.9600067138672
2015-01-21,96.69458770751953,133.39999389648438
2015-01-22,96.34663391113281,132.9199981689453
2015-01-23,97.68763732910156,134.77000427246094
2015-01-26,97.39045715332031,134.36000061035156
2015-01-27,97.54266357421875,134.57000732421875
2015-01-28,99.13731384277344,136.77000427246094
2015-01-29,98.48493194580078,135.8699951171875
2015-01-30,100.23182678222656,138.27999877929688
2015-02-02,99.85343170166016,137.47999572753906
2015-02-03,97.73986053466797,134.57000732421875
2015-02-04,97.90691375732422,134.8000030517578
2015-02-05,96.83196258544922,133.32000732421875
2015-02-06,95.11786651611328,130.9600067138672
2015-02-09,94.96537017822266,130.75
2015-02-10,94.20996856689453,129.7100067138672
2015-02-11,94.38429260253906,129.9499969482422
2015-02-12,94.07198333740234,129.52000427246094
2015-02-13,93.10600280761719,128.19000244140625
2015-02-17,91.7042007446289,126.26000213623047
2015-02-18,92.24894714355469,127.01000213623047
2015-02-19,91.63886260986328,126.16999816894531
2015-02-20,91.90753173828125,126.54000091552734
2015-02-23,92.96076965332031,127.98999786376953
2015-02-24,94.18095397949219,129.6699981689453
2015-02-25,94.58768463134766,130.22999572753906
2015-02-26,93.2947998046875,128.4499969482422
2015-02-27,94.0792236328125,129.52999877929688
2015-03-02,92.32686614990234,126.87000274658203
2015-03-03,91.99213409423828,126.41000366210938
2015-03-04,92.02124786376953,126.44999694824219
2015-03-05,91.90480041503906,126.29000091552734
2015-03-06,89.87445068359375,123.5
2015-03-09,90.70401000976562,124.63999938964844
2015-03-10,91.8974838256836,126.27999877929688
2015-03-11,92.56705474853516,127.19999694824219
2015-03-12,92.50151824951172,127.11000061035156
2015-03-13,92.21772766113281,126.72000122070312
2015-03-16,93.10554504394531,127.94000244140625
2015-03-17,93.8769302368164,129.0
2015-03-18,95.68896484375,131.49000549316406
2015-03-19,95.20142364501953,130.82000732421875
2015-03-20,95.70358276367188,131.50999450683594
2015-03-23,95.58712005615234,131.35000610351562
2015-03-24,96.51134490966797,132.6199951171875
2015-03-25,95.69625091552734,131.5
2015-03-26,94.20442962646484,129.4499969482422
2015-03-27,95.3760757446289,131.05999755859375
2015-03-30,94.90309143066406,130.41000366210938
2015-03-31,95.10677337646484,130.69000244140625
2015-04-01,96.35598754882812,132.1300048828125
2015-04-02,95.3350601196289,130.72999572753906
2015-04-06,94.80269622802734,130.0
2015-04-07,95.59756469726562,131.08999633789062
2015-04-08,95.62676239013672,131.1300048828125
2015-04-09,94.38703155517578,129.42999267578125
2015-04-10,94.52558135986328,129.6199951171875
2015-04-13,94.65682220458984,129.8000030517578
2015-04-14,95.32775115966797,130.72000122070312
2015-04-15,95.24755096435547,130.61000061035156
2015-04-16,94.7735595703125,129.9600067138672
2015-04-17,95.86014556884766,131.4499969482422
2015-04-20,95.01419830322266,130.2899932861328
2015-04-21,94.58392333984375,129.6999969482422
2015-04-22,93.14002227783203,127.72000122070312
2015-04-23,93.54109954833984,128.27000427246094
2015-04-24,94.12450408935547,129.07000732421875
2015-04-27,94.12450408935547,129.07000732421875
2015-04-28,92.82642364501953,127.29000091552734
2015-04-29,91.68882751464844,125.7300033569336
2015-04-30,91.84925079345703,125.94999694824219
2015-05-01,90.61279296875,124.0
2015-05-04,89.75785827636719,122.83000183105469
2015-05-05,89.63360595703125,122.66000366210938
2015-05-06,88.09901428222656,120.55999755859375
2015-05-07,89.28287506103516,122.18000030517578
2015-05-08,89.52400207519531,122.51000213623047
2015-05-11,87.34638214111328,119.52999877929688
2015-05-12,87.57291412353516,119.83999633789062
2015-05-13,86.87136840820312,118.87999725341797
2015-05-14,87.105224609375,119.19999694824219
2015-05-15,88.85173034667969,121.58999633789062
2015-05-18,87.36097717285156,119.55000305175781
2015-05-19,86.58635711669922,118.48999786376953
2015-05-20,86.73249053955078,118.69000244140625
2015-05-21,87.94559478759766,120.3499984741211
2015-05-22,87.98209381103516,120.4000015258789
2015-05-26,89.48746490478516,122.45999908447266
2015-05-27,89.6920394897461,122.73999786376953
2015-05-28,89.4728775024414,122.44000244140625
2015-05-29,89.67010498046875,122.70999908447266
2015-06-01,88.70638275146484,121.12999725341797
2015-06-02,87.46878814697266,119.44000244140625
2015-06-03,86.06269073486328,117.5199966430664
2015-06-04,87.18319702148438,119.05000305175781
2015-06-05,86.1213150024414,117.5999984741211
2015-06-08,86.026123046875,117.47000122070312
2015-06-09,85.34502410888672,116.54000091552734
2015-06-10,84.59805297851562,115.5199966430664
2015-06-11,86.37763214111328,117.94999694824219
2015-06-12,86.37763214111328,117.94999694824219
2015-06-15,86.51677703857422,118.13999938964844
2015-06-16,87.19779968261719,119.06999969482422
2015-06-17,86.52407836914062,118.1500015258789
2015-06-18,86.09931182861328,117.56999969482422
2015-06-19,87.20515441894531,119.08000183105469
2015-06-22,85.42560577392578,116.6500015258789
2015-06-23,84.91297149658203,115.94999694824219
2015-06-24,85.64527130126953,116.94999694824219
2015-06-25,85.34502410888672,116.54000091552734
2015-06-26,84.38566589355469,115.2300033569336
2015-06-29,86.6192626953125,118.27999877929688
2015-06-30,86.018798828125,117.45999908447266
2015-07-01,84.85767364501953,115.62000274658203
2015-07-02,85.13658142089844,116.0
2015-07-06,86.71455383300781,118.1500015258789
2015-07-07,87.52918243408203,119.26000213623047
2015-07-08,88.28514862060547,120.29000091552734
2015-07-09,86.54573822021484,117.91999816894531
2015-07-10,85.17328643798828,116.05000305175781
2015-07-13,84.90907287597656,115.69000244140625
2015-07-14,85.18794250488281,116.06999969482422
2015-07-15,86.0907211303711,117.30000305175781
2015-07-16,86.68517303466797,118.11000061035156
2015-07-17,87.13288879394531,118.72000122070312
2015-07-20,86.76595306396484,118.22000122070312
2015-07-21,87.23567962646484,118.86000061035156
2015-07-22,87.77875518798828,119.5999984741211
2015-07-23,88.87232208251953,121.08999633789062
2015-07-24,89.0925064086914,121.38999938964844
2015-07-27,89.56951141357422,122.04000091552734
2015-07-28,88.91637420654297,121.1500015258789
2015-07-29,88.5860824584961,120.69999694824219
2015-07-30,89.26860046386719,121.62999725341797
2015-07-31,89.92919921875,122.52999877929688
2015-08-03,90.8758773803711,123.55000305175781
2015-08-04,90.1550064086914,122.56999969482422
2015-08-05,89.47830963134766,121.6500015258789
2015-08-06,90.27266693115234,122.7300033569336
2015-08-07,91.4569091796875,124.33999633789062
2015-08-10,90.32417297363281,122.80000305175781
2015-08-11,91.75846862792969,124.75
2015-08-12,91.25830078125,124.06999969482422
2015-08-13,90.964111328125,123.66999816894531
2015-08-14,91.17738342285156,123.95999908447266
2015-08-17,91.58930969238281,124.5199966430664
2015-08-18,90.86849975585938,123.54000091552734
2015-08-19,91.76586151123047,124.76000213623047
2015-08-20,92.69259643554688,126.0199966430664
2015-08-21,92.97209167480469,126.4000015258789
2015-08-24,92.94271087646484,126.36000061035156
2015-08-25,91.44953918457031,124.33000183105469
2015-08-26,89.68427276611328,121.93000030517578
2015-08-27,89.73570251464844,122.0
2015-08-28,90.00053405761719,122.36000061035156
2015-08-31,89.30912017822266,121.41999816894531
2015-09-01,89.95265197753906,122.02999877929688
2015-09-02,89.17865753173828,120.9800033569336
2015-09-03,89.61360168457031,121.56999969482422
2015-09-04,90.4317626953125,122.68000030517578
2015-09-08,89.0975341796875,120.87000274658203
2015-09-09,89.52510833740234,121.44999694824219
2015-09-10,88.920654296875,120.62999725341797
2015-09-11,89.48086547851562,121.38999938964844
2015-09-14,89.62088775634766,121.58000183105469
2015-09-15,87.90340423583984,119.25
2015-09-16,87.57173919677734,118.80000305175781
2015-09-17,88.6405029296875,120.25
2015-09-18,90.0042495727539,122.0999984741211
2015-09-21,88.53733825683594,120.11000061035156
2015-09-22,89.76835632324219,121.77999877929688
2015-09-23,89.760986328125,121.7699966430664
2015-09-24,90.37283325195312,122.5999984741211
2015-09-25,89.59146118164062,121.54000091552734
2015-09-28,91.12467956542969,123.62000274658203
2015-09-29,91.38269805908203,123.97000122070312
2015-09-30,91.06571960449219,123.54000091552734
2015-10-01,91.45426177978516,123.80999755859375
2015-10-02,92.00828552246094,124.55999755859375
2015-10-05,90.75989532470703,122.87000274658203
2015-10-06,91.15141296386719,123.4000015258789
2015-10-07,90.84854888916016,122.98999786376953
2015-10-08,90.08769989013672,121.95999908447266
2015-10-09,90.32410430908203,122.27999877929688
2015-10-12,91.01104736328125,123.20999908447266
2015-10-13,91.16622161865234,123.41999816894531
2015-10-14,91.96392822265625,124.5
2015-10-15,91.51334381103516,123.88999938964844
2015-10-16,91.54290008544922,123.93000030517578
2015-10-19,91.291748046875,123.58999633789062
2015-10-20,90.73038482666016,122.83000183105469
2015-10-21,91.63156127929688,124.05000305175781
2015-10-22,91.78663635253906,124.26000213623047
2015-10-23,91.00370788574219,123.19999694824219
2015-10-26,91.609375,124.0199966430664
2015-10-27,91.83838653564453,124.33000183105469
2015-10-28,91.46904754638672,123.83000183105469
2015-10-29,90.01386260986328,121.86000061035156
2015-10-30,90.69341278076172,122.77999877929688
2015-11-02,90.27662658691406,121.94999694824219
2015-11-03,89.5363998413086,120.94999694824219
2015-11-04,89.64000701904297,121.08999633789062
2015-11-05,89.40313720703125,120.7699966430664
2015-11-06,88.09284210205078,119.0
2015-11-09,87.59683990478516,118.33000183105469
2015-11-10,87.85594940185547,118.68000030517578
2015-11-11,87.67089080810547,118.43000030517578
2015-11-12,88.09284210205078,119.0
2015-11-13,88.59622955322266,119.68000030517578
2015-11-16,88.5147933959961,119.56999969482422
2015-11-17,88.66288757324219,119.7699966430664
2015-11-18,88.84791564941406,120.0199966430664
2015-11-19,89.4401626586914,120.81999969482422
2015-11-20,89.16629028320312,120.44999694824219
2015-11-23,89.4401626586914,120.81999969482422
2015-11-24,89.4327392578125,120.80999755859375
2015-11-25,89.64000701904297,121.08999633789062
2015-11-27,89.55121612548828,120.97000122070312
2015-11-30,89.90650939941406,121.44999694824219
2015-12-01,91.12090301513672,122.83000183105469
2015-12-02,91.15060424804688,122.87000274658203
2015-12-03,88.67284393310547,119.52999877929688
2015-12-04,89.45179748535156,120.58000183105469
2015-12-07,90.31973266601562,121.75
2015-12-08,90.36419677734375,121.80999755859375
2015-12-09,90.26780700683594,121.68000030517578
2015-12-10,90.38648223876953,121.83999633789062
2015-12-11,91.81084442138672,123.76000213623047
2015-12-14,90.62391662597656,122.16000366210938
2015-12-15,90.08975219726562,121.44000244140625
2015-12-16,89.89686584472656,121.18000030517578
2015-12-17,90.91321563720703,122.55000305175781
2015-12-18,91.41767120361328,123.2300033569336
2015-12-21,91.3953857421875,123.19999694824219
2015-12-22,90.73516845703125,122.30999755859375
2015-12-23,90.0527114868164,121.38999938964844
2015-12-24,90.56856536865234,121.83000183105469
2015-12-28,90.83616638183594,122.19000244140625
2015-12-29,89.3271255493164,120.16000366210938
2015-12-30,89.23788452148438,120.04000091552734
2015-12-31,89.63935852050781,120.58000183105469
2016-01-04,90.28611755371094,121.44999694824219
2016-01-05,89.92179870605469,120.95999908447266
2016-01-06,91.133544921875,122.58999633789062
2016-01-07,91.297119140625,122.80999755859375
2016-01-08,91.70600128173828,123.36000061035156
2016-01-11,90.70236206054688,122.01000213623047
2016-01-12,92.01078796386719,123.7699966430664
2016-01-13,92.91773986816406,124.98999786376953
2016-01-14,92.04791259765625,123.81999969482422
2016-01-15,93.48271179199219,125.75
2016-01-19,93.19277954101562,125.36000061035156
2016-01-20,94.17407989501953,126.68000030517578
2016-01-21,93.53475189208984,125.81999969482422
2016-01-22,93.17793273925781,125.33999633789062
2016-01-25,93.6834487915039,126.0199966430664
2016-01-26,93.72803497314453,126.08000183105469
2016-01-27,93.7056884765625,126.05000305175781
2016-01-28,93.83951568603516,126.2300033569336
2016-01-29,94.6349868774414,127.30000305175781
2016-02-01,94.34524536132812,126.66999816894531
2016-02-02,96.09555053710938,129.02000427246094
2016-02-03,95.29862976074219,127.94999694824219
2016-02-04,95.76041412353516,128.57000732421875
2016-02-05,95.87210083007812,128.72000122070312
2016-02-08,97.93524169921875,131.49000549316406
2016-02-09,98.03952026367188,131.6300048828125
2016-02-10,98.90350341796875,132.7899932861328
2016-02-11,99.59620666503906,133.72000122070312
2016-02-12,97.94266510009766,131.5
2016-02-16,96.90744018554688,130.11000061035156
2016-02-17,96.31159973144531,129.30999755859375
2016-02-18,97.49581909179688,130.89999389648438
2016-02-19,97.57777404785156,131.00999450683594
2016-02-22,97.52561950683594,130.94000244140625
2016-02-23,97.92039489746094,131.47000122070312
2016-02-24,97.72666931152344,131.2100067138672
2016-02-25,98.07677459716797,131.67999267578125
2016-02-26,97.13085174560547,130.41000366210938
2016-02-29,97.5553970336914,130.97999572753906
2016-03-01,95.83759307861328,128.42999267578125
2016-03-02,96.23311614990234,128.9600067138672
2016-03-03,96.5837631225586,129.42999267578125
2016-03-04,95.9644775390625,128.60000610351562
2016-03-07,95.93458557128906,128.55999755859375
2016-03-08,96.9942398071289,129.97999572753906
2016-03-09,96.40473175048828,129.19000244140625
2016-03-10,96.00923919677734,128.66000366210938
2016-03-11,95.03913116455078,127.36000061035156
2016-03-14,95.33760070800781,127.76000213623047
2016-03-15,95.42718505859375,127.87999725341797
2016-03-16,95.7107162475586,128.25999450683594
2016-03-17,96.10623168945312,128.7899932861328
2016-03-18,96.30766296386719,129.05999755859375
2016-03-21,95.56896209716797,128.07000732421875
2016-03-22,95.54659271240234,128.0399932861328
2016-03-23,96.62858581542969,129.49000549316406
2016-03-24,96.66587829589844,129.5399932861328
2016-03-28,96.79273986816406,129.7100067138672
2016-03-29,97.80760192871094,131.07000732421875
2016-03-30,96.77780151367188,129.69000244140625
2016-03-31,97.46434020996094,130.61000061035156
2016-04-01,97.71859741210938,130.67999267578125
2016-04-04,97.7784652709961,130.75999450683594
2016-04-05,98.84772491455078,132.19000244140625
2016-04-06,98.12984466552734,131.22999572753906
2016-04-07,99.34131622314453,132.85000610351562
2016-04-08,98.71314239501953,132.00999450683594
2016-04-11,98.5859603881836,131.83999633789062
2016-04-12,97.90553283691406,130.92999267578125
2016-04-13,98.24947357177734,131.38999938964844
2016-04-14,97.7784652709961,130.75999450683594
2016-04-15,98.61595153808594,131.8800048828125
2016-04-18,98.18966674804688,131.30999755859375
2016-04-19,97.88314056396484,130.89999389648438
2016-04-20,96.80633544921875,129.4600067138672
2016-04-21,96.2304916381836,128.69000244140625
2016-04-22,95.98377990722656,128.36000061035156
2016-04-25,95.58743286132812,127.83000183105469
2016-04-26,95.15375518798828,127.25
2016-04-27,96.10344696044922,128.52000427246094
2016-04-28,96.49971771240234,129.0500030517578
2016-04-29,96.74649810791016,129.3800048828125
2016-05-02,95.77242279052734,127.81999969482422
2016-05-03,96.9787368774414,129.42999267578125
2016-05-04,97.51074981689453,130.13999938964844
2016-05-05,98.16263580322266,131.00999450683594
2016-05-06,97.74302673339844,130.4499969482422
2016-05-09,98.05022430419922,130.86000061035156
2016-05-10,98.05767822265625,130.8699951171875
2016-05-11,98.6121597290039,131.61000061035156
2016-05-12,98.16263580322266,131.00999450683594
2016-05-13,99.11412048339844,132.27999877929688
2016-05-16,98.2600326538086,131.13999938964844
2016-05-17,98.42486572265625,131.36000061035156
2016-05-18,97.02372741699219,129.49000549316406
2016-05-19,97.44329833984375,130.0500030517578
2016-05-20,97.51819610595703,130.14999389648438
2016-05-23,97.73554229736328,130.44000244140625
2016-05-24,97.30093383789062,129.86000061035156
2016-05-25,96.9338607788086,129.3699951171875
2016-05-26,97.43585205078125,130.0399932861328
2016-05-27,97.29344177246094,129.85000610351562
2016-05-31,97.52576446533203,130.16000366210938
2016-06-01,97.9214096069336,130.4199981689453
2016-06-02,98.62718200683594,131.36000061035156
2016-06-03,100.03119659423828,133.22999572753906
2016-06-06,99.28787994384766,132.24000549316406
2016-06-07,99.52812194824219,132.55999755859375
2016-06-08,100.06124877929688,133.27000427246094
2016-06-09,100.70690155029297,134.1300048828125
2016-06-10,101.19496154785156,134.77999877929688
2016-06-13,101.64546966552734,135.3800048828125
2016-06-14,101.57038116455078,135.27999877929688
2016-06-15,101.9608383178711,135.8000030517578
2016-06-16,102.45631408691406,136.4600067138672
2016-06-17,101.81813049316406,135.61000061035156
2016-06-20,100.72948455810547,134.16000366210938
2016-06-21,100.26392364501953,133.5399932861328
2016-06-22,100.42914581298828,133.75999450683594
2016-06-23,99.28038787841797,132.22999572753906
2016-06-24,101.9457778930664,135.77999877929688
2016-06-27,104.4909896850586,139.1699981689453
2016-06-28,104.70879364013672,139.4600067138672
2016-06-29,103.90541076660156,138.38999938964844
2016-06-30,104.2883529663086,138.89999389648438
2016-07-01,105.7363052368164,140.57000732421875
2016-07-05,107.06019592285156,142.3300018310547
2016-07-06,107.23320007324219,142.55999755859375
2016-07-07,107.22567749023438,142.5500030517578
2016-07-08,108.01542663574219,143.60000610351562
2016-07-11,107.06771087646484,142.33999633789062
2016-07-12,105.30755615234375,140.0
2016-07-13,106.5487060546875,141.64999389648438
2016-07-14,104.9991226196289,139.58999633789062
2016-07-15,104.09650421142578,138.38999938964844
2016-07-18,103.99874114990234,138.25999450683594
2016-07-19,104.58546447753906,139.0399932861328
2016-07-20,104.0137710571289,138.27999877929688
2016-07-21,104.22437286376953,138.55999755859375
2016-07-22,104.40492248535156,138.8000030517578
2016-07-25,104.32966613769531,138.6999969482422
2016-07-26,104.49517059326172,138.9199981689453
2016-07-27,105.79650115966797,140.64999389648438
2016-07-28,105.60089874267578,140.38999938964844
2016-07-29,106.48098754882812,141.55999755859375
2016-08-01,105.32646942138672,139.77000427246094
2016-08-02,104.24134826660156,138.3300018310547
2016-08-03,104.30162811279297,138.41000366210938
2016-08-04,105.0853500366211,139.4499969482422
2016-08-05,103.99272155761719,138.0
2016-08-08,104.18859100341797,138.25999450683594
2016-08-09,105.21343231201172,139.6199951171875
2016-08-10,105.62040710449219,140.16000366210938
2016-08-11,104.6784439086914,138.91000366210938
2016-08-12,105.56014251708984,140.0800018310547
2016-08-15,104.56544494628906,138.75999450683594
2016-08-16,104.28660583496094,138.38999938964844
2016-08-17,104.91209411621094,139.22000122070312
2016-08-18,105.07794189453125,139.44000244140625
2016-08-19,104.5277099609375,138.7100067138672
2016-08-22,105.40941619873047,139.8800048828125
2016-08-23,105.52242279052734,140.02999877929688
2016-08-24,105.27375793457031,139.6999969482422
2016-08-25,104.87429809570312,139.1699981689453
2016-08-26,104.26396942138672,138.36000061035156
2016-08-29,105.65806579589844,140.2100067138672
2016-08-30,105.25121307373047,139.6699981689453
2016-08-31,105.40189361572266,139.8699951171875
2016-09-01,105.51815032958984,139.77000427246094
2016-09-02,104.65747833251953,138.6300048828125
2016-09-06,105.42001342773438,139.63999938964844
2016-09-07,105.34447479248047,139.5399932861328
2016-09-08,104.0233154296875,137.7899932861328
2016-09-09,102.30965423583984,135.52000427246094
2016-09-12,102.36251831054688,135.58999633789062
2016-09-13,101.19988250732422,134.0500030517578
2016-09-14,101.3508071899414,134.25
2016-09-15,100.9129638671875,133.6699981689453
2016-09-16,101.72835540771484,134.75
2016-09-19,101.39619445800781,134.30999755859375
2016-09-20,101.75100708007812,134.77999877929688
2016-09-21,102.5738525390625,135.8699951171875
2016-09-22,103.38919067382812,136.9499969482422
2016-09-23,103.29109191894531,136.82000732421875
2016-09-26,103.9478759765625,137.69000244140625
2016-09-27,104.71040344238281,138.6999969482422
2016-09-28,104.48385620117188,138.39999389648438
2016-09-29,104.74810791015625,138.75
2016-09-30,103.81195831298828,137.50999450683594
2016-10-03,103.46942138671875,136.80999755859375
2016-10-04,102.25931549072266,135.2100067138672
2016-10-05,101.78279876708984,134.5800018310547
2016-10-06,101.21556854248047,133.8300018310547
2016-10-07,101.28367614746094,133.9199981689453
2016-10-10,100.68617248535156,133.1300048828125
2016-10-11,100.45928955078125,132.8300018310547
2016-10-12,100.5576400756836,132.9600067138672
2016-10-13,100.93577575683594,133.4600067138672
2016-10-14,99.52149200439453,131.58999633789062
2016-10-17,100.15675354003906,132.42999267578125
2016-10-18,100.4819564819336,132.86000061035156
2016-10-19,100.56515502929688,132.97000122070312
2016-10-20,100.67108154296875,133.11000061035156
2016-10-21,100.82230377197266,133.30999755859375
2016-10-24,100.38365936279297,132.72999572753906
2016-10-25,100.64836883544922,133.0800018310547
2016-10-26,99.96768188476562,132.17999267578125
2016-10-27,98.87865447998047,130.74000549316406
2016-10-28,98.6593246459961,130.4499969482422
2016-10-31,99.26432800292969,131.25
2016-11-01,99.27191925048828,131.00999450683594
2016-11-02,99.7038345336914,131.5800018310547
2016-11-03,98.93852233886719,130.57000732421875
2016-11-04,99.82511901855469,131.74000549316406
2016-11-07,98.97638702392578,130.6199951171875
2016-11-08,98.57476806640625,130.08999633789062
2016-11-09,94.39205169677734,124.56999969482422
2016-11-10,92.99778747558594,122.7300033569336
2016-11-11,92.47498321533203,122.04000091552734
2016-11-14,91.92181396484375,121.30999755859375
2016-11-15,92.37643432617188,121.91000366210938
2016-11-16,93.20994567871094,123.01000213623047
2016-11-17,91.8384780883789,121.19999694824219
2016-11-18,91.57323455810547,120.8499984741211
2016-11-21,91.80052947998047,121.1500015258789
2016-11-22,91.7702407836914,121.11000061035156
2016-11-23,91.41410064697266,120.63999938964844
2016-11-25,91.55052185058594,120.81999969482422
2016-11-28,92.22494506835938,121.70999908447266
2016-11-29,92.61132049560547,122.22000122070312
2016-11-30,91.11105346679688,120.23999786376953
2016-12-01,90.14904022216797,118.7300033569336
2016-12-02,90.80957794189453,119.5999984741211
2016-12-05,90.71087646484375,119.47000122070312
2016-12-06,90.64253234863281,119.37999725341797
2016-12-07,91.41706085205078,120.4000015258789
2016-12-08,90.33882904052734,118.9800033569336
2016-12-09,89.21511840820312,117.5
2016-12-12,89.38214874267578,117.72000122070312
2016-12-13,89.7010726928711,118.13999938964844
2016-12-14,88.69876861572266,116.81999969482422
2016-12-15,89.14677429199219,117.41000366210938
2016-12-16,88.94180297851562,117.13999938964844
2016-12-19,89.89848327636719,118.4000015258789
2016-12-20,89.45050811767578,117.80999755859375
2016-12-21,89.84528350830078,118.33000183105469
2016-12-22,89.68470001220703,117.80999755859375
2016-12-23,89.86740112304688,118.05000305175781
2016-12-27,89.57807922363281,117.66999816894531
2016-12-28,90.2328109741211,118.52999877929688
2016-12-29,90.55250549316406,118.94999694824219
2016-12-30,90.68956756591797,119.12999725341797
2017-01-03,91.07783508300781,119.63999938964844
2017-01-04,91.42797088623047,120.0999984741211
2017-01-05,92.85916137695312,121.9800033569336
2017-01-06,92.00659942626953,120.86000061035156
2017-01-09,92.74494934082031,121.83000183105469
2017-01-10,92.68407440185547,121.75
2017-01-11,92.99617004394531,122.16000366210938
2017-01-12,92.7906265258789,121.88999938964844
2017-01-13,92.34912109375,121.30999755859375
2017-01-17,93.31591796875,122.58000183105469
2017-01-18,92.12073516845703,121.01000213623047
2017-01-19,91.4888916015625,120.18000030517578
2017-01-20,91.30616760253906,119.94000244140625
2017-01-23,92.21967315673828,121.13999938964844
2017-01-24,91.58785247802734,120.30999755859375
2017-01-25,90.43833923339844,118.80000305175781
2017-01-26,90.74285888671875,119.19999694824219
2017-01-27,91.07022094726562,119.62999725341797
2017-01-30,90.79608917236328,119.2699966430664
2017-01-31,91.42797088623047,120.0999984741211
2017-02-01,90.86265563964844,119.0999984741211
2017-02-02,90.82451629638672,119.05000305175781
2017-02-03,90.7863540649414,119.0
2017-02-06,91.335693359375,119.72000122070312
2017-02-07,92.00706481933594,120.5999984741211
2017-02-08,93.2582015991211,122.23999786376953
2017-02-09,92.18247985839844,120.83000183105469
2017-02-10,92.12911987304688,120.76000213623047
2017-02-13,91.8392333984375,120.37999725341797
2017-02-14,91.17549133300781,119.51000213623047
2017-02-15,90.75584411621094,118.95999908447266
2017-02-16,91.25174713134766,119.61000061035156
2017-02-17,91.79337310791016,120.31999969482422
2017-02-21,91.6332015991211,120.11000061035156
2017-02-22,91.78579711914062,120.30999755859375
2017-02-23,92.0604019165039,120.66999816894531
2017-02-24,93.08273315429688,122.01000213623047
2017-02-27,92.5334243774414,121.29000091552734
2017-02-28,92.87675476074219,121.73999786376953
2017-03-01,91.32048034667969,119.47000122070312
2017-03-02,90.99180603027344,119.04000091552734
2017-03-03,91.2287826538086,119.3499984741211
2017-03-06,90.79307556152344,118.77999877929688
2017-03-07,90.51783752441406,118.41999816894531
2017-03-08,90.0286865234375,117.77999877929688
2017-03-09,89.31013488769531,116.83999633789062
2017-03-10,89.62358093261719,117.25
2017-03-13,89.0578842163086,116.51000213623047
2017-03-14,89.48596954345703,117.06999969482422
2017-03-15,90.57902526855469,118.5
2017-03-16,90.12036895751953,117.9000015258789
2017-03-17,90.6860580444336,118.63999938964844
2017-03-20,91.07588195800781,119.1500015258789
2017-03-21,91.8326187133789,120.13999938964844
2017-03-22,92.19951629638672,120.62000274658203
2017-03-23,92.069580078125,120.44999694824219
2017-03-24,92.39825439453125,120.87999725341797
2017-03-27,92.81864166259766,121.43000030517578
2017-03-28,92.19951629638672,120.62000274658203
2017-03-29,92.7498779296875,121.33999633789062
2017-03-30,92.0007553100586,120.36000061035156
2017-03-31,92.2682876586914,120.70999908447266
2017-04-03,93.19898986816406,121.66999816894531
2017-04-04,92.69344329833984,121.01000213623047
2017-04-05,92.97686767578125,121.37999725341797
2017-04-06,92.8390121459961,121.19999694824219
2017-04-07,92.4636459350586,120.70999908447266
2017-04-10,92.892578125,121.2699966430664
2017-04-11,93.77349853515625,122.41999816894531
2017-04-12,94.28665924072266,123.08999633789062
2017-04-13,94.5777816772461,123.47000122070312
2017-04-17,94.28665924072266,123.08999633789062
2017-04-18,95.51997375488281,124.69999694824219
2017-04-19,94.99907684326172,124.0199966430664
2017-04-20,94.63139343261719,123.54000091552734
2017-04-21,94.63139343261719,123.54000091552734
2017-04-24,94.16419219970703,122.93000030517578
2017-04-25,93.03048706054688,121.44999694824219
2017-04-26,93.54371643066406,122.12000274658203
2017-04-27,93.5130386352539,122.08000183105469
2017-04-28,93.71990966796875,122.3499984741211
2017-05-01,92.94075775146484,121.08000183105469
2017-05-02,93.41667175292969,121.69999694824219
2017-05-03,93.47803497314453,121.77999877929688
2017-05-04,93.01753234863281,121.18000030517578
2017-05-05,93.10197448730469,121.29000091552734
2017-05-08,92.5953598022461,120.62999725341797
2017-05-09,92.5876693725586,120.62000274658203
2017-05-10,92.48021697998047,120.4800033569336
2017-05-11,92.48021697998047,120.4800033569336
2017-05-12,93.17871856689453,121.38999938964844
2017-05-15,92.9254150390625,121.05999755859375
2017-05-16,93.2708511352539,121.51000213623047
2017-05-17,94.62946319580078,123.27999877929688
2017-05-18,94.7369613647461,123.41999816894531
2017-05-19,94.95954895019531,123.70999908447266
2017-05-22,94.6985855102539,123.37000274658203
2017-05-23,94.06143951416016,122.54000091552734
2017-05-24,94.59109497070312,123.2300033569336
2017-05-25,94.62181091308594,123.2699966430664
2017-05-26,94.78302001953125,123.4800033569336
2017-05-30,95.25122833251953,124.08999633789062
2017-05-31,95.4891586303711,124.4000015258789
2017-06-01,95.49919128417969,124.1500015258789
2017-06-02,96.62993621826172,125.62000274658203
2017-06-05,96.02996063232422,124.83999633789062
2017-06-06,96.55308532714844,125.5199966430664
2017-06-07,96.09149932861328,124.91999816894531
2017-06-08,95.83766174316406,124.58999633789062
2017-06-09,95.69148254394531,124.4000015258789
2017-06-12,95.66072082519531,124.36000061035156
2017-06-13,95.67613220214844,124.37999725341797
2017-06-14,97.15302276611328,126.30000305175781
2017-06-15,96.99916076660156,126.0999984741211
2017-06-16,97.19143676757812,126.3499984741211
2017-06-19,97.05302429199219,126.16999816894531
2017-06-20,97.92224884033203,127.30000305175781
2017-06-21,98.12222290039062,127.55999755859375
2017-06-22,98.33763122558594,127.83999633789062
2017-06-23,98.29148864746094,127.77999877929688
2017-06-26,98.66070556640625,128.25999450683594
2017-06-27,97.60689544677734,126.88999938964844
2017-06-28,97.28380584716797,126.47000122070312
2017-06-29,96.46839141845703,125.41000366210938
2017-06-30,96.24533081054688,125.12000274658203
2017-07-03,95.93545532226562,124.45999908447266
2017-07-05,95.9585952758789,124.48999786376953
2017-07-06,95.16462707519531,123.45999908447266
2017-07-07,94.59426879882812,122.72000122070312
2017-07-10,94.73301696777344,122.9000015258789
2017-07-11,94.8948745727539,123.11000061035156
2017-07-12,95.55004119873047,123.95999908447266
2017-07-13,94.94882202148438,123.18000030517578
2017-07-14,95.06448364257812,123.33000183105469
2017-07-17,95.32652282714844,123.66999816894531
2017-07-18,96.15906524658203,124.75
2017-07-19,96.19751739501953,124.80000305175781
2017-07-20,96.47503662109375,125.16000366210938
2017-07-21,96.88352966308594,125.69000244140625
2017-07-24,96.50586700439453,125.19999694824219
2017-07-25,95.24942016601562,123.56999969482422
2017-07-26,95.40362548828125,123.7699966430664
2017-07-27,94.93341064453125,123.16000366210938
2017-07-28,95.49613189697266,123.88999938964844
2017-07-31,95.61174011230469,124.04000091552734
2017-08-01,96.28304290771484,124.63999938964844
2017-08-02,96.33711242675781,124.70999908447266
2017-08-03,97.33361053466797,126.0
2017-08-04,96.50704193115234,124.93000030517578
2017-08-07,96.61520385742188,125.06999969482422
2017-08-08,96.2676010131836,124.62000274658203
2017-08-09,96.79286193847656,125.30000305175781
2017-08-10,97.61944580078125,126.37000274658203
2017-08-11,97.66575622558594,126.43000030517578
2017-08-14,97.16368865966797,125.77999877929688
2017-08-15,96.7542724609375,125.25
2017-08-16,97.109619140625,125.70999908447266
2017-08-17,97.83573913574219,126.6500015258789
2017-08-18,97.81254577636719,126.62000274658203
2017-08-21,98.05204010009766,126.93000030517578
2017-08-22,97.6734848022461,126.44000244140625
2017-08-23,98.33783721923828,127.30000305175781
2017-08-24,97.97477722167969,126.83000183105469
2017-08-25,98.3532943725586,127.31999969482422
2017-08-28,98.29151153564453,127.23999786376953
2017-08-29,98.60823059082031,127.6500015258789
2017-08-30,98.57730102539062,127.61000061035156
2017-08-31,98.8708724975586,127.98999786376953
2017-09-01,98.11457824707031,126.75
2017-09-05,99.67049407958984,128.75999450683594
2017-09-06,99.05895233154297,127.97000122070312
2017-09-07,100.072998046875,129.27999877929688
2017-09-08,99.85625457763672,129.0
2017-09-11,98.66417694091797,127.45999908447266
2017-09-12,98.14553833007812,126.79000091552734
2017-09-13,97.75849914550781,126.29000091552734
2017-09-14,98.16102600097656,126.80999755859375
2017-09-15,98.19976806640625,126.86000061035156
2017-09-18,97.6346206665039,126.12999725341797
2017-09-19,97.39466857910156,125.81999969482422
2017-09-20,97.46435546875,125.91000366210938
2017-09-21,97.41014099121094,125.83999633789062
2017-09-22,97.68887329101562,126.19999694824219
2017-09-25,98.30035400390625,126.98999786376953
2017-09-26,98.12234497070312,126.76000213623047
2017-09-27,96.64382934570312,124.8499984741211
2017-09-28,96.3574447631836,124.4800033569336
2017-09-29,96.57416534423828,124.76000213623047
2017-10-02,96.39735412597656,124.27999877929688
2017-10-03,96.49038696289062,124.4000015258789
2017-10-04,96.49815368652344,124.41000366210938
2017-10-05,96.13360595703125,123.94000244140625
2017-10-06,95.86212158203125,123.58999633789062
2017-10-09,96.16462707519531,123.9800033569336
2017-10-10,96.31974792480469,124.18000030517578
2017-10-11,96.5058822631836,124.41999816894531
2017-10-12,96.91700744628906,124.94999694824219
2017-10-13,97.61507415771484,125.8499984741211
2017-10-16,97.54530334472656,125.76000213623047
2017-10-17,97.66938018798828,125.91999816894531
2017-10-18,97.02558135986328,125.08999633789062
2017-10-19,97.19624328613281,125.30999755859375
2017-10-20,96.16462707519531,123.9800033569336
2017-10-23,96.33525848388672,124.19999694824219
2017-10-24,95.73802185058594,123.43000030517578
2017-10-25,95.28036499023438,122.83999633789062
2017-10-26,94.96238708496094,122.43000030517578
2017-10-27,95.59065246582031,123.23999786376953
2017-10-30,96.5058822631836,124.41999816894531
2017-10-31,96.5369644165039,124.45999908447266
2017-11-01,96.96678161621094,124.75
2017-11-02,97.394287109375,125.30000305175781
2017-11-03,97.65853118896484,125.63999938964844
2017-11-06,98.02388763427734,126.11000061035156
2017-11-07,98.43586730957031,126.63999938964844
2017-11-08,98.21821594238281,126.36000061035156
2017-11-09,97.93840026855469,126.0
2017-11-10,96.46155548095703,124.0999984741211
2017-11-13,96.66366577148438,124.36000061035156
2017-11-14,97.31652069091797,125.19999694824219
2017-11-15,98.37371063232422,126.55999755859375
2017-11-16,97.51866912841797,125.45999908447266
2017-11-17,98.24151611328125,126.38999938964844
2017-11-20,98.20265197753906,126.33999633789062
2017-11-21,98.51358032226562,126.73999786376953
2017-11-22,98.83228302001953,127.1500015258789
2017-11-24,98.56022644042969,126.80000305175781
2017-11-27,98.42031860351562,126.62000274658203
2017-11-28,98.55242919921875,126.79000091552734
2017-11-29,97.5808334350586,125.54000091552734
2017-11-30,97.25434112548828,125.12000274658203
2017-12-01,98.5667724609375,126.55000305175781
2017-12-04,98.613525390625,126.61000061035156
2017-12-05,99.10421752929688,127.23999786376953
2017-12-06,99.44692993164062,127.68000030517578
2017-12-07,98.66806030273438,126.68000030517578
2017-12-08,98.67578125,126.69000244140625
2017-12-11,98.47332000732422,126.43000030517578
2017-12-12,98.43437194824219,126.37999725341797
2017-12-13,99.17432403564453,127.33000183105469
2017-12-14,99.59486389160156,127.87000274658203
2017-12-15,99.9687728881836,128.35000610351562
2017-12-18,99.05745697021484,127.18000030517578
2017-12-19,97.7723617553711,125.52999877929688
2017-12-20,96.689697265625,124.13999938964844
2017-12-21,97.25321197509766,124.5999984741211
2017-12-22,97.38591003417969,124.7699966430664
2017-12-26,97.67471313476562,125.13999938964844
2017-12-27,98.94696044921875,126.7699966430664
2017-12-28,98.86111450195312,126.66000366210938
2017-12-29,99.01722717285156,126.86000061035156
2018-01-02,97.94788360595703,125.48999786376953
2018-01-03,98.41620635986328,126.08999633789062
2018-01-04,98.40061950683594,126.06999969482422
2018-01-05,98.11961364746094,125.70999908447266
2018-01-08,98.05718231201172,125.62999725341797
2018-01-09,96.74591827392578,123.94999694824219
2018-01-10,96.6288070678711,123.80000305175781
2018-01-11,97.02690887451172,124.30999755859375
2018-01-12,97.1907730102539,124.5199966430664
2018-01-16,97.59668731689453,125.04000091552734
2018-01-17,97.46397399902344,124.87000274658203
2018-01-18,96.55851745605469,123.70999908447266
2018-01-19,96.05120849609375,123.05999755859375
2018-01-22,96.1449203491211,123.18000030517578
2018-01-23,96.55851745605469,123.70999908447266
2018-01-24,96.03559112548828,123.04000091552734
2018-01-25,96.82393646240234,124.05000305175781
2018-01-26,96.46489715576172,123.58999633789062
2018-01-29,95.79367065429688,122.7300033569336
2018-01-30,95.2316665649414,122.01000213623047
2018-01-31,95.79367065429688,122.7300033569336
2018-02-01,94.40534973144531,120.69999694824219
2018-02-02,93.52934265136719,119.58000183105469
2018-02-05,94.41316223144531,120.70999908447266
2018-02-06,93.82653045654297,119.95999908447266
2018-02-07,92.93487548828125,118.81999969482422
2018-02-08,92.83320617675781,118.69000244140625
2018-02-09,92.24662017822266,117.94000244140625
2018-02-12,92.65330505371094,118.45999908447266
2018-02-13,93.06784057617188,118.98999786376953
2018-02-14,92.0354232788086,117.66999816894531
2018-02-15,92.34825897216797,118.06999969482422
2018-02-16,92.84886932373047,118.70999908447266
2018-02-20,92.44215393066406,118.19000244140625
2018-02-21,91.30803680419922,116.73999786376953
2018-02-22,91.581787109375,117.08999633789062
2018-02-23,92.39520263671875,118.12999725341797
2018-02-26,92.426513671875,118.16999816894531
2018-02-27,92.29353332519531,118.0
2018-02-28,92.8801498413086,118.75
2018-03-01,93.51419067382812,119.31999969482422
2018-03-02,92.75397491455078,118.3499984741211
2018-03-05,92.503173828125,118.02999877929688
2018-03-06,92.58940887451172,118.13999938964844
2018-03-07,92.48750305175781,118.01000213623047
2018-03-08,93.02041625976562,118.69000244140625
2018-03-09,92.40911865234375,117.91000366210938
2018-03-12,92.94207000732422,118.58999633789062
2018-03-13,93.41230773925781,119.19000244140625
2018-03-14,94.23519897460938,120.23999786376953
2018-03-15,94.23519897460938,120.23999786376953
2018-03-16,93.89820098876953,119.80999755859375
2018-03-19,93.60038757324219,119.43000030517578
2018-03-20,93.22418212890625,118.94999694824219
2018-03-21,93.32606506347656,119.08000183105469
2018-03-22,94.25090789794922,120.26000213623047
2018-03-23,94.18033599853516,120.16999816894531
2018-03-26,93.8198013305664,119.70999908447266
2018-03-27,94.822998046875,120.98999786376953
2018-03-28,95.07380676269531,121.30999755859375
2018-03-29,95.53620910644531,121.9000015258789
2018-04-02,95.72469329833984,121.87999725341797
2018-04-03,94.98644256591797,120.94000244140625
2018-04-04,94.79005432128906,120.69000244140625
2018-04-05,94.08322143554688,119.79000091552734
2018-04-06,95.11212158203125,121.0999984741211
2018-04-09,95.26917266845703,121.30000305175781
2018-04-10,95.09636688232422,121.08000183105469
2018-04-11,95.43409729003906,121.51000213623047
2018-04-12,94.73509979248047,120.62000274658203
2018-04-13,94.95501708984375,120.9000015258789
2018-04-16,94.98644256591797,120.94000244140625
2018-04-17,95.24561309814453,121.2699966430664
2018-04-18,94.48373413085938,120.30000305175781
2018-04-19,93.71407318115234,119.31999969482422
2018-04-20,93.03858184814453,118.45999908447266
2018-04-23,93.06220245361328,118.48999786376953
2018-04-24,92.63806915283203,117.94999694824219
2018-04-25,92.0176010131836,117.16000366210938
2018-04-26,92.66161346435547,117.9800033569336
2018-04-27,93.3763427734375,118.88999938964844
2018-04-30,93.54124450683594,119.0999984741211
2018-05-01,93.2043685913086,118.41000366210938
2018-05-02,93.10205841064453,118.27999877929688
2018-05-03,93.51922607421875,118.80999755859375
2018-05-04,93.66089630126953,118.98999786376953
2018-05-07,93.5113525390625,118.80000305175781
2018-05-08,93.42476654052734,118.69000244140625
2018-05-09,92.86589813232422,117.9800033569336
2018-05-10,93.6136703491211,118.93000030517578
2018-05-11,93.849853515625,119.2300033569336
2018-05-14,93.35391998291016,118.5999984741211
2018-05-15,92.29132080078125,117.25
2018-05-16,91.93712615966797,116.80000305175781
2018-05-17,91.47268676757812,116.20999908447266
2018-05-18,92.25984191894531,117.20999908447266
2018-05-21,92.30699920654297,117.2699966430664
2018-05-22,92.16536712646484,117.08999633789062
2018-05-23,92.83447265625,117.94000244140625
2018-05-24,93.57432556152344,118.87999725341797
2018-05-25,94.15684509277344,119.62000274658203
2018-05-29,96.21913146972656,122.23999786376953
2018-05-30,95.57365417480469,121.41999816894531
2018-05-31,95.416259765625,121.22000122070312
2018-06-01,94.91207122802734,120.30000305175781
2018-06-04,94.22566986083984,119.43000030517578
2018-06-05,94.44659423828125,119.70999908447266
2018-06-06,93.68128204345703,118.73999786376953
2018-06-07,94.5886001586914,119.88999938964844
2018-06-08,94.30457305908203,119.52999877929688
2018-06-11,94.13101959228516,119.30999755859375
2018-06-12,94.15469360351562,119.33999633789062
2018-06-13,94.10736083984375,119.27999877929688
2018-06-14,94.88844299316406,120.2699966430664
2018-06-15,94.9752197265625,120.37999725341797
2018-06-18,94.88844299316406,120.2699966430664
2018-06-19,95.440673828125,120.97000122070312
2018-06-20,94.60437774658203,119.91000366210938
2018-06-21,95.1014175415039,120.54000091552734
2018-06-22,95.0935287475586,120.52999877929688
2018-06-25,95.30656433105469,120.80000305175781
2018-06-26,95.440673828125,120.97000122070312
2018-06-27,96.3401107788086,122.11000061035156
2018-06-28,96.36378479003906,122.13999938964844
2018-06-29,96.03241729736328,121.72000122070312
2018-07-02,95.95726776123047,121.3499984741211
2018-07-03,96.47126770019531,122.0
2018-07-05,96.7480239868164,122.3499984741211
2018-07-06,97.06433868408203,122.75
2018-07-09,96.43962097167969,121.95999908447266
2018-07-10,96.43172454833984,121.94999694824219
2018-07-11,96.8033676147461,122.41999816894531
2018-07-12,96.79546356201172,122.41000366210938
2018-07-13,97.04060363769531,122.72000122070312
2018-07-16,96.6373062133789,122.20999908447266
2018-07-17,96.45545196533203,121.9800033569336
2018-07-18,96.06797790527344,121.48999786376953
2018-07-19,96.67686462402344,122.26000213623047
2018-07-20,95.49073791503906,120.76000213623047
2018-07-23,94.31253051757812,119.2699966430664
2018-07-24,94.6367416381836,119.68000030517578
2018-07-25,94.48652648925781,119.48999786376953
2018-07-26,94.30460357666016,119.26000213623047
2018-07-27,94.4627456665039,119.45999908447266
2018-07-30,94.13853454589844,119.05000305175781
2018-07-31,94.65255737304688,119.69999694824219
2018-08-01,93.88140869140625,118.45999908447266
2018-08-02,94.01614379882812,118.62999725341797
2018-08-03,94.48377227783203,119.22000122070312
2018-08-06,94.53921508789062,119.29000091552734
2018-08-07,94.04780578613281,118.66999816894531
2018-08-08,94.14292907714844,118.79000091552734
2018-08-09,94.93546295166016,119.79000091552734
2018-08-10,95.6249771118164,120.66000366210938
2018-08-13,95.42683410644531,120.41000366210938
2018-08-14,95.21284484863281,120.13999938964844
2018-08-15,95.76763153076172,120.83999633789062
2018-08-16,95.75970458984375,120.83000183105469
2018-08-17,95.87857055664062,120.9800033569336
2018-08-20,96.52049255371094,121.79000091552734
2018-08-21,96.19554901123047,121.37999725341797
2018-08-22,96.57598876953125,121.86000061035156
2018-08-23,96.72651672363281,122.05000305175781
2018-08-24,96.91679382324219,122.29000091552734
2018-08-27,96.36202239990234,121.58999633789062
2018-08-28,95.7834701538086,120.86000061035156
2018-08-29,95.9102783203125,121.0199966430664
2018-08-30,96.11630249023438,121.27999877929688
2018-08-31,95.89439392089844,121.0
2018-09-04,95.33998107910156,120.02999877929688
2018-09-05,95.08580780029297,119.70999908447266
2018-09-06,95.43533325195312,120.1500015258789
2018-09-07,94.6251220703125,119.12999725341797
2018-09-10,94.97461700439453,119.56999969482422
2018-09-11,94.25181579589844,118.66000366210938
2018-09-12,94.4742202758789,118.94000244140625
2018-09-13,94.6171646118164,119.12000274658203
2018-09-14,94.1644515991211,118.55000305175781
2018-09-17,94.1644515991211,118.55000305175781
2018-09-18,93.17949676513672,117.30999755859375
2018-09-19,92.62349700927734,116.61000061035156
2018-09-20,93.05240631103516,117.1500015258789
2018-09-21,93.01268768310547,117.0999984741211
2018-09-24,92.77440643310547,116.80000305175781
2018-09-25,92.6791000366211,116.68000030517578
2018-09-26,93.3304214477539,117.5
2018-09-27,93.39393615722656,117.58000183105469
2018-09-28,93.14769744873047,117.2699966430664
2018-10-01,92.46392059326172,116.1500015258789
2018-10-02,93.02909088134766,116.86000061035156
2018-10-03,91.41307067871094,114.83000183105469
2018-10-04,90.76826477050781,114.0199966430664
2018-10-05,89.98809814453125,113.04000091552734
2018-10-08,89.68559265136719,112.66000366210938
2018-10-09,90.59315490722656,113.80000305175781
2018-10-10,90.34635162353516,113.48999786376953
2018-10-11,91.4449691772461,114.87000274658203
2018-10-12,91.12650299072266,114.47000122070312
2018-10-15,91.0866470336914,114.41999816894531
2018-10-16,91.29365539550781,114.68000030517578
2018-10-17,90.7523422241211,114.0
2018-10-18,90.7204818725586,113.95999908447266
2018-10-19,90.52145385742188,113.70999908447266
2018-10-22,90.40208435058594,113.55999755859375
2018-10-23,90.68865966796875,113.91999816894531
2018-10-24,91.373291015625,114.77999877929688
2018-10-25,90.99116516113281,114.30000305175781
2018-10-26,91.54045104980469,114.98999786376953
2018-10-29,91.33348846435547,114.7300033569336
2018-10-30,90.87972259521484,114.16000366210938
2018-10-31,90.41802215576172,113.58000183105469
2018-11-01,90.50181579589844,113.41000366210938
2018-11-02,89.37657928466797,112.0
2018-11-05,89.72775268554688,112.44000244140625
2018-11-06,89.67191314697266,112.37000274658203
2018-11-07,89.79155731201172,112.5199966430664
2018-11-08,89.78355407714844,112.51000213623047
2018-11-09,90.45390319824219,113.3499984741211
2018-11-12,91.04438018798828,114.08999633789062
2018-11-13,90.98857116699219,114.0199966430664
2018-11-14,91.04438018798828,114.08999633789062
2018-11-15,91.00450897216797,114.04000091552734
2018-11-16,91.53121948242188,114.69999694824219
2018-11-19,91.7865219116211,115.0199966430664
2018-11-20,91.8184585571289,115.05999755859375
2018-11-21,91.7865219116211,115.0199966430664
2018-11-23,91.88230895996094,115.13999938964844
2018-11-26,91.67485046386719,114.87999725341797
2018-11-27,91.7785873413086,115.01000213623047
2018-11-28,91.33172607421875,114.44999694824219
2018-11-29,91.69083404541016,114.9000015258789
2018-11-30,92.033935546875,115.33000183105469
2018-12-03,92.68745422363281,115.87999725341797
2018-12-04,94.2391586303711,117.81999969482422
2018-12-06,94.53510284423828,118.19000244140625
2018-12-07,94.71104431152344,118.41000366210938
2018-12-10,95.1030044555664,118.9000015258789
2018-12-11,95.08702850341797,118.87999725341797
2018-12-12,94.66310119628906,118.3499984741211
2018-12-13,94.4391098022461,118.06999969482422
2018-12-14,94.76707458496094,118.4800033569336
2018-12-17,95.31897735595703,119.16999816894531
2018-12-18,95.88977813720703,119.5999984741211
2018-12-19,97.15660095214844,121.18000030517578
2018-12-20,96.8038101196289,120.73999786376953
2018-12-21,96.78780364990234,120.72000122070312
2018-12-24,97.26883697509766,121.31999969482422
2018-12-26,96.22650146484375,120.0199966430664
2018-12-27,96.2425765991211,120.04000091552734
2018-12-28,97.05235290527344,121.05000305175781
2018-12-31,97.42118835449219,121.51000213623047
2019-01-02,97.93427276611328,122.1500015258789
2019-01-03,99.04874420166016,123.54000091552734
2019-01-04,97.90222930908203,122.11000061035156
2019-01-07,97.61365509033203,121.75
2019-01-08,97.35701751708984,121.43000030517578
2019-01-09,97.20467376708984,121.23999786376953
2019-01-10,96.57929992675781,120.45999908447266
2019-01-11,96.95612335205078,120.93000030517578
2019-01-14,96.5953598022461,120.4800033569336
2019-01-15,96.2425765991211,120.04000091552734
2019-01-16,96.3387680053711,120.16000366210938
2019-01-17,96.36283111572266,120.19000244140625
2019-01-18,95.85772705078125,119.55999755859375
2019-01-22,96.50717163085938,120.37000274658203
2019-01-23,96.46707153320312,120.31999969482422
2019-01-24,97.10049438476562,121.11000061035156
2019-01-25,96.63544464111328,120.52999877929688
2019-01-28,96.53923034667969,120.41000366210938
2019-01-29,97.0282974243164,121.0199966430664
2019-01-30,96.95612335205078,120.93000030517578
2019-01-31,97.78997039794922,121.97000122070312
2019-02-01,97.1993408203125,120.95999908447266
2019-02-04,96.76541137695312,120.41999816894531
2019-02-05,97.20740509033203,120.97000122070312
2019-02-06,97.25558471679688,121.02999877929688
2019-02-07,97.89848327636719,121.83000183105469
2019-02-08,98.3163070678711,122.3499984741211
2019-02-11,97.93058013916016,121.87000274658203
2019-02-12,97.68148040771484,121.55999755859375
2019-02-13,97.31184387207031,121.0999984741211
2019-02-14,97.8663330078125,121.79000091552734
2019-02-15,98.01900482177734,121.9800033569336
2019-02-19,98.26810455322266,122.29000091552734
2019-02-20,97.98683166503906,121.94000244140625
2019-02-21,97.11094665527344,120.8499984741211
2019-02-22,97.68952178955078,121.56999969482422
2019-02-25,97.4002456665039,121.20999908447266
2019-02-26,97.88236236572266,121.80999755859375
2019-02-27,96.77344512939453,120.43000030517578
2019-02-28,96.44400024414062,120.0199966430664
2019-03-01,95.5525894165039,118.66000366210938
2019-03-04,96.30147552490234,119.58999633789062
2019-03-05,96.50277709960938,119.83999633789062
2019-03-06,96.85713958740234,120.27999877929688
2019-03-07,97.48517608642578,121.05999755859375
2019-03-08,97.8958740234375,121.56999969482422
2019-03-11,97.60598754882812,121.20999908447266
2019-03-12,98.29045104980469,122.05999755859375
2019-03-13,98.10526275634766,121.83000183105469
2019-03-14,97.3966293334961,120.94999694824219
2019-03-15,98.0408706665039,121.75
2019-03-18,97.98443603515625,121.68000030517578
2019-03-19,97.76702117919922,121.41000366210938
2019-03-20,98.78970336914062,122.68000030517578
2019-03-21,99.00711822509766,122.94999694824219
2019-03-22,100.54518127441406,124.86000061035156
2019-03-25,100.70626831054688,125.05999755859375
2019-03-26,100.63378143310547,124.97000122070312
2019-03-27,101.55988311767578,126.12000274658203
2019-03-28,101.91415405273438,126.55999755859375
2019-03-29,101.81753540039062,126.44000244140625
2019-04-01,100.37129974365234,124.37000274658203
2019-04-02,100.55691528320312,124.5999984741211
2019-04-03,99.68534088134766,123.5199966430664
2019-04-04,99.96778869628906,123.87000274658203
2019-04-05,100.096923828125,124.02999877929688
2019-04-08,99.74185943603516,123.58999633789062
2019-04-09,100.05653381347656,123.9800033569336
2019-04-10,100.2986831665039,124.27999877929688
2019-04-11,99.70954895019531,123.55000305175781
2019-04-12,98.99932098388672,122.66999816894531
2019-04-15,99.24955749511719,122.9800033569336
2019-04-16,98.6280746459961,122.20999908447266
2019-04-17,98.66847229003906,122.26000213623047
2019-04-18,99.1849594116211,122.9000015258789
2019-04-22,98.70881652832031,122.30999755859375
2019-04-23,98.91860961914062,122.56999969482422
2019-04-24,99.7256851196289,123.56999969482422
2019-04-25,99.58041381835938,123.38999938964844
2019-04-26,99.91937255859375,123.80999755859375
2019-04-29,99.28182220458984,123.0199966430664
2019-04-30,99.7902603149414,123.6500015258789
2019-05-01,100.201904296875,123.9000015258789
2019-05-02,99.72472381591797,123.30999755859375
2019-05-03,100.00778198242188,123.66000366210938
2019-05-06,100.28277587890625,124.0
2019-05-07,101.05106353759766,124.94999694824219
2019-05-08,100.61434173583984,124.41000366210938
2019-05-09,101.02677917480469,124.91999816894531
2019-05-10,100.88932800292969,124.75
2019-05-13,101.68185424804688,125.7300033569336
2019-05-14,101.38265228271484,125.36000061035156
2019-05-15,102.00537109375,126.12999725341797
2019-05-16,101.66567993164062,125.70999908447266
2019-05-17,101.89215087890625,125.98999786376953
2019-05-20,101.68185424804688,125.7300033569336
2019-05-21,101.52011108398438,125.52999877929688
2019-05-22,102.10240173339844,126.25
2019-05-23,103.25080871582031,127.66999816894531
2019-05-24,103.33975982666016,127.77999877929688
2019-05-28,104.08377838134766,128.6999969482422
2019-05-29,104.39918518066406,129.08999633789062
2019-05-30,105.29689025878906,130.1999969482422
2019-05-31,106.6151123046875,131.8300018310547
2019-06-03,107.32828521728516,132.44000244140625
2019-06-04,106.10458374023438,130.92999267578125
2019-06-05,105.50492095947266,130.19000244140625
2019-06-06,105.84524536132812,130.61000061035156
2019-06-07,106.760986328125,131.74000549316406
2019-06-10,105.7560806274414,130.5
2019-06-11,105.8209228515625,130.5800018310547
2019-06-12,105.90198516845703,130.67999267578125
2019-06-13,106.26667022705078,131.1300048828125
2019-06-14,106.53406524658203,131.4600067138672
2019-06-17,106.72051239013672,131.69000244140625
2019-06-18,107.25535583496094,132.35000610351562
2019-06-19,107.4093017578125,132.5399932861328
2019-06-20,107.69300079345703,132.88999938964844
2019-06-21,106.50975036621094,131.42999267578125
2019-06-24,107.3039321899414,132.41000366210938
2019-06-25,107.63619995117188,132.82000732421875
2019-06-26,106.94744110107422,131.97000122070312
2019-06-27,107.70103454589844,132.89999389648438
2019-06-28,107.62808227539062,132.80999755859375
2019-07-01,107.37641906738281,132.24000549316406
2019-07-02,108.20462799072266,133.25999450683594
2019-07-03,108.97602081298828,134.2100067138672
2019-07-05,107.53064727783203,132.42999267578125
2019-07-08,107.67682647705078,132.61000061035156
2019-07-09,107.63621520996094,132.55999755859375
2019-07-10,107.04344940185547,131.8300018310547
2019-07-11,105.6144027709961,130.07000732421875
2019-07-12,105.73619842529297,130.22000122070312
2019-07-15,106.34516906738281,130.97000122070312
2019-07-16,106.02852630615234,130.5800018310547
2019-07-17,107.17337799072266,131.99000549316406
2019-07-18,107.1814956665039,132.0
2019-07-19,106.92984771728516,131.69000244140625
2019-07-22,107.1328125,131.94000244140625
2019-07-23,106.5481948852539,131.22000122070312
2019-07-24,107.01100158691406,131.7899932861328
2019-07-25,106.49948120117188,131.16000366210938
2019-07-26,106.75121307373047,131.47000122070312
2019-07-29,106.78363037109375,131.50999450683594
2019-07-30,107.04344940185547,131.8300018310547
2019-07-31,107.90425109863281,132.88999938964844
2019-08-01,110.04721069335938,135.25999450683594
2019-08-02,111.06419372558594,136.50999450683594
2019-08-05,112.98432159423828,138.8699951171875
2019-08-06,113.88737487792969,139.97999572753906
2019-08-07,113.92807006835938,140.02999877929688
2019-08-08,114.17213439941406,140.3300018310547
2019-08-09,113.94432067871094,140.0500030517578
2019-08-12,116.32008361816406,142.97000122070312
2019-08-13,115.9213638305664,142.47999572753906
2019-08-14,118.53302001953125,145.69000244140625
2019-08-15,119.8510971069336,147.30999755859375
2019-08-16,118.89106750488281,146.1300048828125
2019-08-19,117.19058227539062,144.0399932861328
2019-08-20,118.40287017822266,145.52999877929688
2019-08-21,117.61363983154297,144.55999755859375
2019-08-22,116.83255767822266,143.60000610351562
2019-08-23,118.7527084350586,145.9600067138672
2019-08-26,118.27264404296875,145.3699951171875
2019-08-27,120.09510040283203,147.61000061035156
2019-08-28,120.24971771240234,147.8000030517578
2019-08-29,119.79403686523438,147.24000549316406
2019-08-30,119.82667541503906,147.27999877929688
2019-09-03,119.9815444946289,147.2100067138672
2019-09-04,120.16087341308594,147.42999267578125
2019-09-05,117.98468017578125,144.75999450683594
2019-09-06,118.82412719726562,145.7899932861328
2019-09-09,116.71327209472656,143.1999969482422
2019-09-10,114.6674575805664,140.69000244140625
2019-09-11,114.46377563476562,140.44000244140625
2019-09-12,113.7138900756836,139.52000427246094
2019-09-13,111.28506469726562,136.5399932861328
2019-09-16,112.7032241821289,138.27999877929688
2019-09-17,113.31452178955078,139.02999877929688
2019-09-18,113.79534149169922,139.6199951171875
2019-09-19,114.13768005371094,140.0399932861328
2019-09-20,115.64554595947266,141.88999938964844
2019-09-23,115.62104797363281,141.86000061035156
2019-09-24,117.0147933959961,143.57000732421875
2019-09-25,115.30320739746094,141.47000122070312
2019-09-26,116.04489135742188,142.3800048828125
2019-09-27,116.33012390136719,142.72999572753906
2019-09-30,116.6153793334961,143.0800018310547
2019-10-01,116.96649169921875,143.25999450683594
2019-10-02,117.25221252441406,143.61000061035156
2019-10-03,118.32180786132812,144.9199981689453
2019-10-04,119.1954116821289,145.99000549316406
2019-10-07,118.20748901367188,144.77999877929688
2019-10-08,118.52587890625,145.1699981689453
2019-10-09,117.85639190673828,144.35000610351562
2019-10-10,116.10099792480469,142.1999969482422
2019-10-11,114.6640625,140.44000244140625
2019-10-14,115.4968490600586,141.4600067138672
2019-10-15,114.1006851196289,139.75
2019-10-16,114.239501953125,139.9199981689453
2019-10-17,113.96188354492188,139.5800018310547
2019-10-18,113.96188354492188,139.5800018310547
2019-10-21,113.1046142578125,138.52999877929688
2019-10-22,113.76588439941406,139.33999633789062
2019-10-23,113.88028717041016,139.47999572753906
2019-10-24,113.65162658691406,139.1999969482422
2019-10-25,113.0964584350586,138.52000427246094
2019-10-28,112.06770324707031,137.25999450683594
2019-10-29,112.14119720458984,137.35000610351562
2019-10-30,113.7822494506836,139.36000061035156
2019-10-31,115.31724548339844,141.24000549316406
2019-11-01,114.96222686767578,140.55999755859375
2019-11-04,113.44920349121094,138.7100067138672
2019-11-05,112.17330169677734,137.14999389648438
2019-11-06,112.85209655761719,137.97999572753906
2019-11-07,110.80743408203125,135.47999572753906
2019-11-08,110.34125518798828,134.91000366210938
2019-11-11,110.414794921875,135.0
2019-11-12,110.92191314697266,135.6199951171875
2019-11-13,111.64163970947266,136.5
2019-11-14,112.79483032226562,137.91000366210938
2019-11-15,112.6722183227539,137.75999450683594
2019-11-18,112.87667083740234,138.00999450683594
2019-11-19,113.8172378540039,139.16000366210938
2019-11-20,114.99504089355469,140.60000610351562
2019-11-21,114.27525329589844,139.72000122070312
2019-11-22,114.4224624633789,139.89999389648438
2019-11-25,114.75773620605469,140.30999755859375
2019-11-26,115.42847442626953,141.1300048828125
2019-11-27,115.0931167602539,140.72000122070312
2019-11-29,114.84777069091797,140.4199981689453
2019-12-02,113.31647491455078,138.30999755859375
2019-12-03,115.69245147705078,141.2100067138672
2019-12-04,114.53723907470703,139.8000030517578
2019-12-05,113.9801254272461,139.1199951171875
2019-12-06,113.3492431640625,138.35000610351562
2019-12-09,113.59502410888672,138.64999389648438
2019-12-10,113.60324096679688,138.66000366210938
2019-12-11,114.4963150024414,139.75
2019-12-12,112.61193084716797,137.4499969482422
2019-12-13,113.91460418701172,139.0399932861328
2019-12-16,112.89044952392578,137.7899932861328
2019-12-17,112.73479461669922,137.60000610351562
2019-12-18,111.80896759033203,136.47000122070312
2019-12-19,111.98786163330078,136.47000122070312
2019-12-20,112.13555908203125,136.64999389648438
2019-12-23,111.97150421142578,136.4499969482422
2019-12-24,112.29149627685547,136.83999633789062
2019-12-26,112.56226348876953,137.1699981689453
2019-12-27,112.68543243408203,137.32000732421875
2019-12-30,112.27510070800781,136.82000732421875
2019-12-31,111.1755142211914,135.47999572753906
2020-01-02,112.43099212646484,137.00999450683594
2020-01-03,114.16248321533203,139.1199951171875
2020-01-06,113.51419067382812,138.3300018310547
2020-01-07,112.95625305175781,137.64999389648438
2020-01-08,112.2093734741211,136.74000549316406
2020-01-09,112.60335540771484,137.22000122070312
2020-01-10,113.60447692871094,138.44000244140625
2020-01-13,113.25984954833984,138.02000427246094
2020-01-14,113.84242248535156,138.72999572753906
2020-01-15,114.597412109375,139.64999389648438
2020-01-16,114.23638916015625,139.2100067138672
2020-01-17,113.25984954833984,138.02000427246094
2020-01-21,114.4497299194336,139.47000122070312
2020-01-22,114.85181427001953,139.9600067138672
2020-01-23,115.65599822998047,140.94000244140625
2020-01-24,116.59148406982422,142.0800018310547
2020-01-27,118.40504455566406,144.2899932861328
2020-01-28,117.47772979736328,143.16000366210938
2020-01-29,118.62654876708984,144.55999755859375
2020-01-30,118.64300537109375,144.5800018310547
2020-01-31,119.7261962890625,145.89999389648438
2020-02-03,119.62921142578125,145.5399932861328
2020-02-04,118.01811981201172,143.5800018310547
2020-02-05,116.72767639160156,142.00999450683594
2020-02-06,117.25370788574219,142.64999389648438
2020-02-07,118.71676635742188,144.42999267578125
2020-02-10,119.04559326171875,144.8300018310547
2020-02-11,118.44550323486328,144.10000610351562
2020-02-12,117.84554290771484,143.3699951171875
2020-02-13,118.29759216308594,143.9199981689453
2020-02-14,118.81549072265625,144.5500030517578
2020-02-18,119.62921142578125,145.5399932861328
2020-02-19,119.62098693847656,145.52999877929688
2020-02-20,120.55807495117188,146.6699981689453
2020-02-21,121.68415832519531,148.0399932861328
2020-02-24,123.50061798095703,150.25
2020-02-25,124.15824127197266,151.0500030517578
2020-02-26,123.50061798095703,150.25
2020-02-27,124.84053802490234,151.8800048828125
2020-02-28,127.65982055664062,155.30999755859375
2020-03-02,126.7205581665039,153.94000244140625
2020-03-03,128.68797302246094,156.3300018310547
2020-03-04,127.3215560913086,154.6699981689453
2020-03-05,130.49078369140625,158.52000427246094
2020-03-06,137.28201293945312,166.77000427246094
2020-03-09,141.0028076171875,171.2899932861328
2020-03-10,133.77523803710938,162.50999450683594
2020-03-11,128.85256958007812,156.52999877929688
2020-03-12,129.65106201171875,157.5
2020-03-13,126.7205581665039,153.94000244140625
2020-03-16,134.92764282226562,163.91000366210938
2020-03-17,125.93038940429688,152.97999572753906
2020-03-18,118.82627868652344,144.35000610351562
2020-03-19,122.06140899658203,148.27999877929688
2020-03-20,131.23985290527344,159.42999267578125
2020-03-23,136.6481170654297,166.0
2020-03-24,134.10446166992188,162.91000366210938
2020-03-25,133.79991149902344,162.5399932861328
2020-03-26,134.4584503173828,163.33999633789062
2020-03-27,138.0475616455078,167.6999969482422
2020-03-30,136.91156005859375,166.32000732421875
2020-03-31,135.80030822753906,164.97000122070312
2020-04-01,137.70289611816406,167.0399932861328
2020-04-02,138.5767822265625,168.10000610351562
2020-04-03,138.906494140625,168.5
2020-04-06,138.54376220703125,168.05999755859375
2020-04-07,137.09291076660156,166.3000030517578
2020-04-08,136.09532165527344,165.08999633789062
2020-04-09,136.3427276611328,165.38999938964844
2020-04-13,135.09799194335938,163.8800048828125
2020-04-14,135.06494140625,163.83999633789062
2020-04-15,138.6427001953125,168.17999267578125
2020-04-16,140.21722412109375,170.08999633789062
2020-04-17,138.3376922607422,167.80999755859375
2020-04-20,139.45059204101562,169.16000366210938
2020-04-21,141.2064971923828,171.2899932861328
2020-04-22,139.76377868652344,169.5399932861328
2020-04-23,140.505859375,170.44000244140625
2020-04-24,140.8354949951172,170.83999633789062
2020-04-27,138.21409606933594,167.66000366210938
2020-04-28,139.80508422851562,169.58999633789062
2020-04-29,139.0796661376953,168.7100067138672
2020-04-30,137.45559692382812,166.74000549316406
2020-05-01,138.63267517089844,167.9499969482422
2020-05-04,137.98060607910156,167.16000366210938
2020-05-05,137.09738159179688,166.08999633789062
2020-05-06,134.88523864746094,163.41000366210938
2020-05-07,137.13868713378906,166.13999938964844
2020-05-08,135.35568237304688,163.97999572753906
2020-05-11,134.2991485595703,162.6999969482422
2020-05-12,135.6776123046875,164.3699951171875
2020-05-13,136.62684631347656,165.52000427246094
2020-05-14,137.96401977539062,167.13999938964844
2020-05-15,137.6090850830078,166.7100067138672
2020-05-18,134.58802795410156,163.0500030517578
2020-05-19,135.09152221679688,163.66000366210938
2020-05-20,135.49600219726562,164.14999389648438
2020-05-21,135.8343505859375,164.55999755859375
2020-05-22,136.65159606933594,165.5500030517578
2020-05-26,134.8191375732422,163.3300018310547
2020-05-27,134.57147216796875,163.02999877929688
2020-05-28,134.07627868652344,162.42999267578125
2020-05-29,135.03378295898438,163.58999633789062
2020-06-01,134.1246337890625,162.27999877929688
2020-06-02,133.636962890625,161.69000244140625
2020-06-03,131.86004638671875,159.5399932861328
2020-06-04,129.95077514648438,157.22999572753906
2020-06-05,129.02511596679688,156.11000061035156
2020-06-08,129.52102661132812,156.7100067138672
2020-06-09,130.9921875,158.49000549316406
2020-06-10,132.93446350097656,160.83999633789062
2020-06-11,135.44700622558594,163.8800048828125
2020-06-12,134.14112854003906,162.3000030517578
2020-06-15,134.215576171875,162.38999938964844
2020-06-16,132.157470703125,159.89999389648438
2020-06-17,132.70301818847656,160.55999755859375
2020-06-18,134.10804748535156,162.25999450683594
2020-06-19,134.215576171875,162.38999938964844
2020-06-22,134.2320098876953,162.41000366210938
2020-06-23,133.31463623046875,161.3000030517578
2020-06-24,134.7444610595703,163.02999877929688
2020-06-25,135.13296508789062,163.5
2020-06-26,136.57928466796875,165.25
2020-06-29,136.14955139160156,164.72999572753906
2020-06-30,135.4883270263672,163.92999267578125
2020-07-01,135.2252197265625,163.4199981689453
2020-07-02,135.36587524414062,163.58999633789062
2020-07-06,134.8114471435547,162.9199981689453
2020-07-07,136.70639038085938,165.2100067138672
2020-07-08,136.16030883789062,164.5500030517578
2020-07-09,138.3282470703125,167.1699981689453
2020-07-10,137.6331329345703,166.3300018310547
2020-07-13,138.0882568359375,166.8800048828125
2020-07-14,138.28683471679688,167.1199951171875
2020-07-15,137.64144897460938,166.33999633789062
2020-07-16,138.29515075683594,167.1300048828125
2020-07-17,138.0055389404297,166.77999877929688
2020-07-20,138.34474182128906,167.19000244140625
2020-07-21,138.42747497558594,167.2899932861328
2020-07-22,138.8412322998047,167.7899932861328
2020-07-23,140.463134765625,169.75
2020-07-24,140.4549102783203,169.74000549316406
2020-07-27,139.93357849121094,169.11000061035156
2020-07-28,140.901611328125,170.27999877929688
2020-07-29,140.66172790527344,169.99000549316406
2020-07-30,141.58847045898438,171.11000061035156
2020-07-31,141.49742126464844,171.0
2020-08-03,140.78504943847656,169.9499969482422
2020-08-04,142.12701416015625,171.57000732421875
2020-08-05,140.88446044921875,170.07000732421875
2020-08-06,141.67140197753906,171.02000427246094
2020-08-07,140.72702026367188,169.8800048828125
2020-08-10,140.09739685058594,169.1199951171875
2020-08-11,138.43238830566406,167.11000061035156
2020-08-12,137.17324829101562,165.58999633789062
2020-08-13,135.70704650878906,163.82000732421875
2020-08-14,135.17684936523438,163.17999267578125
2020-08-17,135.51641845703125,163.58999633789062
2020-08-18,136.48565673828125,164.75999450683594
2020-08-19,135.63241577148438,163.72999572753906
2020-08-20,136.8584747314453,165.2100067138672
2020-08-21,137.67855834960938,166.1999969482422
2020-08-24,137.4549102783203,165.92999267578125
2020-08-25,136.40284729003906,164.66000366210938
2020-08-26,135.8809356689453,164.02999877929688
2020-08-27,133.56976318359375,161.24000549316406
2020-08-28,133.47036743164062,161.1199951171875
2020-08-31,134.35671997070312,162.19000244140625
2020-09-01,135.89341735839844,163.86000061035156
2020-09-02,137.1871795654297,165.4199981689453
2020-09-03,137.5769500732422,165.88999938964844
2020-09-04,134.96466064453125,162.74000549316406
2020-09-08,135.79393005371094,163.74000549316406
2020-09-09,135.42906188964844,163.3000030517578
2020-09-10,136.1173858642578,164.1300048828125
2020-09-11,136.40762329101562,164.47999572753906
2020-09-14,136.3993682861328,164.47000122070312
2020-09-15,136.06765747070312,164.07000732421875
2020-09-16,135.66119384765625,163.5800018310547
2020-09-17,136.0758819580078,164.0800018310547
2020-09-18,135.65296936035156,163.57000732421875
2020-09-21,136.3412628173828,164.39999389648438
2020-09-22,136.2335205078125,164.27000427246094
2020-09-23,136.4158935546875,164.49000549316406
2020-09-24,136.93836975097656,165.1199951171875
2020-09-25,136.93836975097656,165.1199951171875
2020-09-28,136.5486297607422,164.64999389648438
2020-09-29,136.70616149902344,164.83999633789062
2020-09-30,135.3958740234375,163.25999450683594
2020-10-01,135.6191864013672,163.36000061035156
2020-10-02,135.11273193359375,162.75
2020-10-05,132.47274780273438,159.57000732421875
2020-10-06,133.18675231933594,160.42999267578125
2020-10-07,132.21539306640625,159.25999450683594
2020-10-08,132.92933654785156,160.1199951171875
2020-10-09,132.9044189453125,160.08999633789062
2020-10-12,133.3278350830078,160.60000610351562
2020-10-13,134.28257751464844,161.75
2020-10-14,134.58973693847656,162.1199951171875
2020-10-15,134.35723876953125,161.83999633789062
2020-10-16,133.98367309570312,161.38999938964844
2020-10-19,133.47731018066406,160.77999877929688
2020-10-20,132.2070770263672,159.25
2020-10-21,131.7505645751953,158.6999969482422
2020-10-22,130.38072204589844,157.0500030517578
2020-10-23,131.17762756347656,158.00999450683594
2020-10-26,132.39801025390625,159.47999572753906
2020-10-27,133.28639221191406,160.5500030517578
2020-10-28,133.410888671875,160.6999969482422
2020-10-29,132.11575317382812,159.13999938964844
2020-10-30,130.81240844726562,157.57000732421875
2020-11-02,131.79222106933594,158.5800018310547
2020-11-03,131.02761840820312,157.66000366210938
2020-11-04,133.86990356445312,161.0800018310547
2020-11-05,134.1026153564453,161.36000061035156
2020-11-06,132.48193359375,159.41000366210938
2020-11-09,129.69793701171875,156.05999755859375
2020-11-10,128.9499053955078,155.16000366210938
2020-11-11,129.4153594970703,155.72000122070312
2020-11-12,131.61761474609375,158.3699951171875
2020-11-13,131.4431610107422,158.16000366210938
2020-11-16,131.12741088867188,157.77999877929688
2020-11-17,131.9833526611328,158.80999755859375
2020-11-18,132.36570739746094,159.27000427246094
2020-11-19,133.04713439941406,160.08999633789062
2020-11-20,134.22726440429688,161.50999450683594
2020-11-23,133.61228942871094,160.77000427246094
2020-11-24,132.2825469970703,159.1699981689453
2020-11-25,131.8753662109375,158.67999267578125
2020-11-27,133.15521240234375,160.22000122070312
2020-11-30,132.989013671875,160.02000427246094
2020-12-01,131.0281524658203,157.5
2020-12-02,129.98825073242188,156.25
2020-12-03,131.0364227294922,157.50999450683594
2020-12-04,129.11468505859375,155.1999969482422
2020-12-07,130.27943420410156,156.60000610351562
2020-12-08,130.89505004882812,157.33999633789062
2020-12-09,130.46243286132812,156.82000732421875
2020-12-10,131.61875915527344,158.2100067138672
2020-12-11,132.08470153808594,158.77000427246094
2020-12-14,131.71864318847656,158.3300018310547
2020-12-15,131.2777099609375,157.8000030517578
2020-12-16,130.92828369140625,157.3800048828125
2020-12-17,130.58184814453125,156.8000030517578
2020-12-18,130.19044494628906,156.3300018310547
2020-12-21,130.70680236816406,156.9499969482422
2020-12-22,131.3813018798828,157.75999450683594
2020-12-23,130.4735870361328,156.6699981689453
2020-12-24,130.9899444580078,157.2899932861328
2020-12-28,131.0482177734375,157.36000061035156
2020-12-29,130.8816680908203,157.16000366210938
2020-12-30,131.1648406982422,157.5
2020-12-31,131.35635375976562,157.72999572753906
2021-01-04,131.19818115234375,157.5399932861328
2021-01-05,130.22378540039062,156.3699951171875
2021-01-06,127.55049896240234,153.16000366210938
2021-01-07,126.42621612548828,151.80999755859375
2021-01-08,126.01817321777344,151.32000732421875
2021-01-11,125.81004333496094,151.07000732421875
2021-01-12,125.71001434326172,150.9499969482422
2021-01-13,127.12577056884766,152.64999389648438
2021-01-14,125.9349365234375,151.22000122070312
2021-01-15,126.4345474243164,151.82000732421875
2021-01-19,126.84260559082031,152.30999755859375
2021-01-20,126.96753692626953,152.4600067138672
2021-01-21,126.07646942138672,151.38999938964844
2021-01-22,126.48454284667969,151.8800048828125
2021-01-25,127.9751968383789,153.6699981689453
2021-01-26,127.73374938964844,153.3800048828125
2021-01-27,128.0585479736328,153.77000427246094
2021-01-28,127.35064697265625,152.9199981689453
2021-01-29,126.58446502685547,152.0
2021-02-01,126.73118591308594,152.0
2021-02-02,125.91414642333984,151.02000427246094
2021-02-03,124.79680633544922,149.67999267578125
2021-02-04,124.4634017944336,149.27999877929688
2021-02-05,123.42120361328125,148.02999877929688
2021-02-08,123.96311950683594,148.67999267578125
2021-02-09,124.05484771728516,148.7899932861328
2021-02-10,124.8802719116211,149.77999877929688
2021-02-11,124.19657135009766,148.9600067138672
2021-02-12,122.65411376953125,147.11000061035156
2021-02-16,120.7864761352539,144.8699951171875
2021-02-17,121.55357360839844,145.7899932861328
2021-02-18,121.06161499023438,145.1999969482422
2021-02-19,119.45248413085938,143.27000427246094
2021-02-22,118.54366302490234,142.17999267578125
2021-02-23,118.2018814086914,141.77000427246094
2021-02-24,117.42647552490234,140.83999633789062
2021-02-25,115.50879669189453,138.5399932861328
2021-02-26,119.32743835449219,143.1199951171875
2021-03-01,117.75140380859375,141.05999755859375
2021-03-02,117.75977325439453,141.07000732421875
2021-03-03,116.4825668334961,139.5399932861328
2021-03-04,115.73128509521484,138.63999938964844
2021-03-05,115.95670318603516,138.91000366210938
2021-03-08,115.05510711669922,137.8300018310547
2021-03-09,116.6495361328125,139.74000549316406
2021-03-10,116.88326263427734,140.02000427246094
2021-03-11,116.04015350341797,139.00999450683594
2021-03-12,113.57759094238281,136.05999755859375
2021-03-15,114.24542999267578,136.86000061035156
2021-03-16,113.78626251220703,136.30999755859375
2021-03-17,112.93485260009766,135.2899932861328
2021-03-18,111.79122924804688,133.9199981689453
2021-03-19,112.48408508300781,134.75
2021-03-22,113.74456787109375,136.25999450683594
2021-03-23,114.77133178710938,137.49000549316406
2021-03-24,115.38905334472656,138.22999572753906
2021-03-25,114.4791259765625,137.13999938964844
2021-03-26,114.0784683227539,136.66000366210938
2021-03-29,113.11014556884766,135.5
2021-03-30,113.70280456542969,136.2100067138672
2021-03-31,113.0683822631836,135.4499969482422
2021-04-01,114.9449691772461,137.50999450683594
2021-04-05,114.44346618652344,136.91000366210938
2021-04-06,115.22084045410156,137.83999633789062
2021-04-07,114.41837310791016,136.8800048828125
2021-04-08,115.36298370361328,138.00999450683594
2021-04-09,114.9449691772461,137.50999450683594
2021-04-12,114.89483642578125,137.4499969482422
2021-04-13,115.75581359863281,138.47999572753906
2021-04-14,115.3880386352539,138.0399932861328
2021-04-15,117.31897735595703,140.35000610351562
2021-04-16,116.40779113769531,139.25999450683594
2021-04-19,116.07347869873047,138.86000061035156
2021-04-20,116.60846710205078,139.5
2021-04-21,116.84248352050781,139.77999877929688
2021-04-22,117.35240936279297,140.38999938964844
2021-04-23,117.07653045654297,140.05999755859375
2021-04-26,116.90941619873047,139.86000061035156
2021-04-27,115.88957214355469,138.63999938964844
2021-04-28,115.9648208618164,138.72999572753906
2021-04-29,115.6220703125,138.32000732421875
2021-04-30,115.88957214355469,138.63999938964844
2021-05-03,115.95902252197266,138.52000427246094
2021-05-04,116.74595642089844,139.4600067138672
2021-05-05,116.93846893310547,139.69000244140625
2021-05-06,117.13105010986328,139.9199981689453
2021-05-07,116.55343627929688,139.22999572753906
2021-05-10,115.37307739257812,137.82000732421875
2021-05-11,114.72013092041016,137.0399932861328
2021-05-12,113.51461791992188,135.60000610351562
2021-05-13,113.69039154052734,135.80999755859375
2021-05-14,114.75357818603516,137.0800018310547
2021-05-17,114.51078796386719,136.7899932861328
2021-05-18,114.21786499023438,136.44000244140625
2021-05-19,113.94159698486328,136.11000061035156
2021-05-20,114.87914276123047,137.22999572753906
2021-05-21,115.24749755859375,137.6699981689453
2021-05-24,115.6744384765625,138.17999267578125
2021-05-25,116.74595642089844,139.4600067138672
2021-05-26,116.5450668334961,139.22000122070312
2021-05-27,116.07626342773438,138.66000366210938
2021-05-28,115.89207458496094,138.44000244140625
2021-06-01,115.8660888671875,138.2100067138672
2021-06-02,116.1343765258789,138.52999877929688
2021-06-03,115.69843292236328,138.00999450683594
2021-06-04,117.28288269042969,139.89999389648438
2021-06-07,116.92239379882812,139.47000122070312
2021-06-08,117.74394989013672,140.4499969482422
2021-06-09,118.7834701538086,141.69000244140625
2021-06-10,119.49614715576172,142.5399932861328
2021-06-11,119.30327606201172,142.30999755859375
2021-06-14,118.38946533203125,141.22000122070312
2021-06-15,118.2469711303711,141.0500030517578
2021-06-16,118.14635467529297,140.92999267578125
2021-06-17,119.91522216796875,143.0399932861328
2021-06-18,122.17037963867188,145.72999572753906
2021-06-21,120.12487030029297,143.2899932861328
2021-06-22,120.41828918457031,143.63999938964844
2021-06-23,120.10806274414062,143.27000427246094
2021-06-24,120.30087280273438,143.5
2021-06-25,119.0517578125,142.00999450683594
2021-06-28,120.27574920654297,143.47000122070312
2021-06-29,120.47689056396484,143.7100067138672
2021-06-30,121.01349639892578,144.35000610351562
2021-07-01,121.02019500732422,144.1699981689453
2021-07-02,121.75045013427734,145.0399932861328
2021-07-06,123.1775894165039,146.74000549316406
2021-07-07,124.26881408691406,148.0399932861328
2021-07-08,124.7556381225586,148.6199951171875
2021-07-09,123.00125885009766,146.52999877929688
2021-07-12,122.84178161621094,146.33999633789062
2021-07-13,121.9015884399414,145.22000122070312
2021-07-14,123.28662109375,146.8699951171875
2021-07-15,124.6465072631836,148.49000549316406
2021-07-16,124.41150665283203,148.2100067138672
2021-07-19,127.13961029052734,151.4600067138672
2021-07-20,125.91407012939453,150.0
2021-07-21,124.31913757324219,148.10000610351562
2021-07-22,125.49427795410156,149.5
2021-07-23,124.65489959716797,148.5
2021-07-26,124.28556060791016,148.05999755859375
2021-07-27,125.6117935180664,149.63999938964844
2021-07-28,125.62018585205078,149.64999389648438
2021-07-29,124.92353057861328,148.82000732421875
2021-07-30,125.51113891601562,149.52000427246094
2021-08-02,126.63056182861328,150.6699981689453
2021-08-03,126.69776916503906,150.75
2021-08-04,126.95835876464844,151.05999755859375
2021-08-05,126.31126403808594,150.2899932861328
2021-08-06,124.20166015625,147.77999877929688
2021-08-09,123.7562484741211,147.25
2021-08-10,123.18475341796875,146.57000732421875
2021-08-11,123.10909271240234,146.47999572753906
2021-08-12,122.9073715209961,146.24000549316406
2021-08-13,124.84883880615234,148.5500030517578
2021-08-16,125.15141296386719,148.91000366210938
2021-08-17,125.10092163085938,148.85000610351562
2021-08-18,125.52127838134766,149.35000610351562
2021-08-19,126.4457015991211,150.4499969482422
2021-08-20,126.52970123291016,150.5500030517578
2021-08-23,126.4457015991211,150.4499969482422
2021-08-24,125.46234893798828,149.27999877929688
2021-08-25,124.42020416259766,148.0399932861328
2021-08-26,124.76481628417969,148.4499969482422
2021-08-27,125.61368560791016,149.4600067138672
2021-08-30,125.94144439697266,149.85000610351562
2021-08-31,125.08412170410156,148.8300018310547
2021-09-01,125.2936782836914,148.88999938964844
2021-09-02,125.84070587158203,149.5399932861328
2021-09-03,124.69619750976562,148.17999267578125
2021-09-07,123.64433288574219,146.92999267578125
2021-09-08,124.4858169555664,147.92999267578125
2021-09-09,125.99213409423828,149.72000122070312
2021-09-10,124.88135528564453,148.39999389648438
2021-09-13,125.63872528076172,149.3000030517578
2021-09-14,127.16187286376953,151.11000061035156
2021-09-15,126.71589660644531,150.5800018310547
2021-09-16,126.13522338867188,149.88999938964844
2021-09-17,125.52935791015625,149.1699981689453
2021-09-20,127.08613586425781,151.02000427246094
2021-09-21,126.97672271728516,150.88999938964844
2021-09-22,127.73408508300781,151.7899932861328
2021-09-23,124.84768676757812,148.36000061035156
2021-09-24,123.62754821777344,146.91000366210938
2021-09-27,123.17310333251953,146.3699951171875
2021-09-28,121.25440979003906,144.08999633789062
2021-09-29,121.46476745605469,144.33999633789062
2021-09-30,121.44798278808594,144.32000732421875
2021-10-01,122.47001647949219,145.35000610351562
2021-10-04,122.15827941894531,144.97999572753906
2021-10-05,120.97862243652344,143.5800018310547
2021-10-06,121.66116333007812,144.38999938964844
2021-10-07,120.38880920410156,142.8800048828125
2021-10-08,119.54620361328125,141.8800048828125
2021-10-11,119.2428970336914,141.52000427246094
2021-10-12,121.28197479248047,143.94000244140625
2021-10-13,122.46156311035156,145.33999633789062
2021-10-14,122.91658782958984,145.8800048828125
2021-10-15,122.20039367675781,145.02999877929688
2021-10-18,122.77336883544922,145.7100067138672
2021-10-19,121.07976531982422,143.6999969482422
2021-10-20,120.26244354248047,142.72999572753906
2021-10-21,120.11923217773438,142.55999755859375
2021-10-22,121.44210052490234,144.1300048828125
2021-10-25,121.25663757324219,143.91000366210938
2021-10-26,122.2593765258789,145.10000610351562
2021-10-27,124.48382568359375,147.74000549316406
2021-10-28,124.06255340576172,147.24000549316406
2021-10-29,124.44163513183594,147.69000244140625
2021-11-01,123.54570007324219,146.44000244140625
2021-11-02,124.09408569335938,147.08999633789062
2021-11-03,122.81170654296875,145.57000732421875
2021-11-04,124.10248565673828,147.10000610351562
2021-11-05,125.95858764648438,149.3000030517578
2021-11-08,125.72235870361328,149.02000427246094
2021-11-09,127.3590316772461,150.9600067138672
2021-11-10,125.03055572509766,148.1999969482422
2021-11-11,124.84494018554688,147.97999572753906
2021-11-12,124.2966079711914,147.3300018310547
2021-11-15,122.73573303222656,145.47999572753906
2021-11-16,122.42366027832031,145.11000061035156
2021-11-17,123.39381408691406,146.25999450683594
2021-11-18,123.85785675048828,146.80999755859375
2021-11-19,125.16548919677734,148.36000061035156
2021-11-22,123.69755554199219,146.6199951171875
2021-11-23,121.90898895263672,144.5
2021-11-24,123.8663101196289,146.82000732421875
2021-11-26,126.99625396728516,150.52999877929688
2021-11-29,125.9754638671875,149.32000732421875
2021-11-30,127.8906021118164,151.58999633789062
2021-12-01,128.679443359375,152.33999633789062
2021-12-02,128.83999633789062,152.52999877929688
2021-12-03,130.37730407714844,154.35000610351562
2021-12-06,128.58653259277344,152.22999572753906
2021-12-07,127.54766082763672,151.0
2021-12-08,125.34295654296875,148.38999938964844
2021-12-09,126.04405212402344,149.22000122070312
2021-12-10,125.74002838134766,148.86000061035156
2021-12-13,127.59825134277344,151.05999755859375
2021-12-14,127.29425048828125,150.6999969482422
2021-12-15,126.0694351196289,149.25
2021-12-16,126.118408203125,149.13999938964844
2021-12-17,127.5476303100586,150.8300018310547
2021-12-20,126.59199523925781,149.6999969482422
2021-12-21,126.11002349853516,149.1300048828125
2021-12-22,126.69351959228516,149.82000732421875
2021-12-23,125.59412384033203,148.52000427246094
2021-12-27,125.89865112304688,148.8800048828125
2021-12-28,125.399658203125,148.2899932861328
2021-12-29,124.02975463867188,146.6699981689453
2021-12-30,125.0698471069336,147.89999389648438
2021-12-31,125.31504821777344,148.19000244140625
2022-01-03,122.02555847167969,144.3000030517578
2022-01-04,121.5182113647461,143.6999969482422
2022-01-05,120.85852813720703,142.9199981689453
2022-01-06,121.17149353027344,143.2899932861328
2022-01-07,120.30046081542969,142.25999450683594
2022-01-10,120.59644317626953,142.61000061035156
2022-01-11,121.3997573852539,143.55999755859375
2022-01-12,120.93470001220703,143.00999450683594
2022-01-13,122.00862884521484,144.27999877929688
2022-01-14,120.1651611328125,142.10000610351562
2022-01-18,118.47388458251953,140.10000610351562
2022-01-19,119.29415893554688,141.07000732421875
2022-01-20,120.02986145019531,141.94000244140625
2022-01-21,121.45895385742188,143.6300048828125
2022-01-24,120.46109771728516,142.4499969482422
2022-01-25,120.26663208007812,142.22000122070312
2022-01-26,118.8121566772461,140.5
2022-01-27,120.9939193725586,143.0800018310547
2022-01-28,121.0361328125,143.1300048828125
2022-01-31,120.41039276123047,142.38999938964844
2022-02-01,120.01070404052734,141.72000122070312
2022-02-02,120.4172134399414,142.1999969482422
2022-02-03,119.47720336914062,141.08999633789062
2022-02-04,117.71581268310547,139.00999450683594
2022-02-07,117.79204559326172,139.10000610351562
2022-02-08,117.0045166015625,138.1699981689453
2022-02-09,117.22469329833984,138.42999267578125
2022-02-10,115.36167907714844,136.22999572753906
2022-02-11,117.07223510742188,138.25
2022-02-14,115.61572265625,136.52999877929688
2022-02-15,114.30321502685547,134.97999572753906
2022-02-16,114.98060607910156,135.77999877929688
2022-02-17,115.83589935302734,136.7899932861328
2022-02-18,117.05534362792969,138.22999572753906
2022-02-22,117.36016082763672,138.58999633789062
2022-02-23,115.7427749633789,136.67999267578125
2022-02-24,115.8189468383789,136.77000427246094
2022-02-25,115.90364837646484,136.8699951171875
2022-02-28,118.44408416748047,139.8699951171875
2022-03-01,119.81356811523438,141.3000030517578
2022-03-02,115.71800231933594,136.47000122070312
2022-03-03,116.8965835571289,137.86000061035156
2022-03-04,118.91471862792969,140.24000549316406
2022-03-07,118.00740814208984,139.1699981689453
2022-03-08,116.82028198242188,137.77000427246094
2022-03-09,115.67559814453125,136.4199981689453
2022-03-10,114.0136489868164,134.4600067138672
2022-03-11,114.39523315429688,134.91000366210938
2022-03-14,111.72418212890625,131.75999450683594
2022-03-15,111.52916717529297,131.52999877929688
2022-03-16,112.62297058105469,132.82000732421875
2022-03-17,111.78352355957031,131.8300018310547
2022-03-18,113.1487045288086,133.44000244140625
2022-03-21,110.52861785888672,130.35000610351562
2022-03-22,109.11253356933594,128.67999267578125
2022-03-23,111.50371551513672,131.5
2022-03-24,110.63038635253906,130.47000122070312
2022-03-25,109.09559631347656,128.66000366210938
2022-03-28,110.0282974243164,129.75999450683594
2022-03-29,110.85929870605469,130.74000549316406
2022-03-30,111.72418212890625,131.75999450683594
2022-03-31,111.99555969238281,132.0800018310547
2022-04-01,112.421875,132.3800048828125
2022-04-04,111.64056396484375,131.4600067138672
2022-04-05,109.11833953857422,128.49000549316406
2022-04-06,108.23509979248047,127.44999694824219
2022-04-07,107.41986846923828,126.48999786376953
2022-04-08,106.25638580322266,125.12000274658203
2022-04-11,104.57491302490234,123.13999938964844
2022-04-12,104.43054962158203,122.97000122070312
2022-04-13,104.6428451538086,123.22000122070312
2022-04-14,102.54523468017578,120.75
2022-04-18,102.03568267822266,120.1500015258789
2022-04-19,101.27136993408203,119.25
2022-04-20,103.3095703125,121.6500015258789
2022-04-21,102.54523468017578,120.75
2022-04-22,101.89981842041016,119.98999786376953
2022-04-25,102.91891479492188,121.19000244140625
2022-04-26,103.95496368408203,122.41000366210938
2022-04-27,102.62165069580078,120.83999633789062
2022-04-28,102.7745132446289,121.0199966430664
2022-04-29,101.44119262695312,119.44999694824219
2022-05-02,99.68286895751953,117.18000030517578
2022-05-03,100.35490417480469,117.97000122070312
2022-05-04,100.9078598022461,118.62000274658203
2022-05-05,98.14314270019531,115.37000274658203
2022-05-06,96.69696044921875,113.66999816894531
2022-05-09,97.54766845703125,114.66999816894531
2022-05-10,98.43235778808594,115.70999908447266
2022-05-11,100.32938385009766,117.94000244140625
2022-05-12,100.14221954345703,117.72000122070312
2022-05-13,98.66204833984375,115.9800033569336
2022-05-16,98.55998229980469,115.86000061035156
2022-05-17,97.3690185546875,114.45999908447266
2022-05-18,99.44468688964844,116.9000015258789
2022-05-19,99.68286895751953,117.18000030517578
2022-05-20,100.81426239013672,118.51000213623047
2022-05-23,99.15544128417969,116.55999755859375
2022-05-24,101.1120376586914,118.86000061035156
2022-05-25,101.5118408203125,119.33000183105469
2022-05-26,101.05248260498047,118.79000091552734
2022-05-27,101.29916381835938,119.08000183105469
2022-05-31,99.15544128417969,116.55999755859375
2022-06-01,99.04209899902344,116.22000122070312
2022-06-02,99.0932388305664,116.27999877929688
2022-06-03,98.88018798828125,116.02999877929688
2022-06-06,97.0564956665039,113.88999938964844
2022-06-07,98.10470581054688,115.12000274658203
2022-06-08,97.23543548583984,114.0999984741211
2022-06-09,97.55931091308594,114.4800033569336
2022-06-10,96.95423889160156,113.7699966430664
2022-06-13,93.91191101074219,110.19999694824219
2022-06-14,92.72734069824219,108.80999755859375
2022-06-15,94.45729064941406,110.83999633789062
2022-06-16,95.20722961425781,111.72000122070312
2022-06-17,95.5140151977539,112.08000183105469
2022-06-21,93.89486694335938,110.18000030517578
2022-06-22,96.47698211669922,113.20999908447266
2022-06-23,97.26953887939453,114.13999938964844
2022-06-24,95.92306518554688,112.55999755859375
2022-06-27,95.10496520996094,111.5999984741211
2022-06-28,95.54810333251953,112.12000274658203
2022-06-29,97.03946685791016,113.87000274658203
2022-06-30,97.89164733886719,114.87000274658203
2022-07-01,98.89665222167969,115.81999969482422
2022-07-05,99.6737060546875,116.7300033569336
2022-07-06,98.00007629394531,114.7699966430664
2022-07-07,97.13766479492188,113.76000213623047
2022-07-08,96.06175994873047,112.5
2022-07-11,97.71829986572266,114.44000244140625
2022-07-12,98.29896545410156,115.12000274658203
2022-07-13,99.42607116699219,116.44000244140625
2022-07-14,98.61488342285156,115.48999786376953
2022-07-15,99.16989135742188,116.13999938964844
2022-07-18,98.13671112060547,114.93000030517578
2022-07-19,97.60733032226562,114.30999755859375
2022-07-20,97.86346435546875,114.61000061035156
2022-07-21,99.55413818359375,116.58999633789062
2022-07-22,101.2277603149414,118.55000305175781
2022-07-25,100.23722839355469,117.38999938964844
2022-07-26,100.31410217285156,117.4800033569336
2022-07-27,99.75053405761719,116.81999969482422
2022-07-28,100.54463958740234,117.75
2022-07-29,100.27143096923828,117.43000030517578
2022-08-01,102.68629455566406,120.04000091552734
2022-08-02,100.51348876953125,117.5
2022-08-03,102.09603881835938,119.3499984741211
2022-08-04,102.06181335449219,119.30999755859375
2022-08-05,99.63240051269531,116.47000122070312
2022-08-08,101.24061584472656,118.3499984741211
2022-08-09,100.84712219238281,117.88999938964844
2022-08-10,100.18842315673828,117.12000274658203
2022-08-11,97.85310363769531,114.38999938964844
2022-08-12,98.84539794921875,115.55000305175781
2022-08-15,98.75987243652344,115.44999694824219
2022-08-16,99.17048645019531,115.93000030517578
2022-08-17,98.1353759765625,114.72000122070312
2022-08-18,98.28083038330078,114.88999938964844
2022-08-19,96.69827270507812,113.04000091552734
2022-08-22,96.37319946289062,112.66000366210938
2022-08-23,95.84284973144531,112.04000091552734
2022-08-24,95.14138793945312,111.22000122070312
2022-08-25,96.46727752685547,112.7699966430664
2022-08-26,97.19442749023438,113.62000274658203
2022-08-29,96.39030456542969,112.68000030517578
2022-08-30,96.62981414794922,112.95999908447266
2022-08-31,95.70597839355469,111.87999725341797
2022-09-01,93.95377349853516,109.5999984741211
2022-09-02,94.48524475097656,110.22000122070312
2022-09-06,92.1449966430664,107.48999786376953
2022-09-07,93.602294921875,109.19000244140625
2022-09-08,92.64217376708984,108.06999969482422
2022-09-09,92.84793090820312,108.30999755859375
2022-09-12,92.08496856689453,107.41999816894531
2022-09-13,92.29927062988281,107.66999816894531
2022-09-14,92.61647033691406,108.04000091552734
2022-09-15,92.55645751953125,107.97000122070312
2022-09-16,91.78491973876953,107.06999969482422
2022-09-19,91.99922943115234,107.31999969482422
2022-09-20,91.0820083618164,106.25
2022-09-21,92.60791015625,108.02999877929688
2022-09-22,90.24188232421875,105.2699966430664
2022-09-23,90.61051177978516,105.69999694824219
2022-09-26,88.87889099121094,103.68000030517578
2022-09-27,86.53862762451172,100.94999694824219
2022-09-28,89.43610382080078,104.33000183105469
2022-09-29,88.97317504882812,103.79000091552734
2022-09-30,87.82445526123047,102.44999694824219
2022-10-03,89.21998596191406,103.83000183105469
2022-10-04,88.97077178955078,103.54000091552734
2022-10-05,88.12007141113281,102.55000305175781
2022-10-06,87.63027954101562,101.9800033569336
2022-10-07,86.77958679199219,100.98999786376953
2022-10-10,85.43051147460938,99.41999816894531
2022-10-11,85.80857849121094,99.86000061035156
2022-10-12,86.22962951660156,100.3499984741211
2022-10-13,85.40470123291016,99.38999938964844
2022-10-14,84.70008087158203,98.56999969482422
2022-10-17,84.28762817382812,98.08999633789062
2022-10-18,84.48529052734375,98.31999969482422
2022-10-19,82.94715881347656,96.52999877929688
2022-10-20,81.52931213378906,94.87999725341797
2022-10-21,80.0599594116211,93.16999816894531
2022-10-24,79.3982925415039,92.4000015258789
2022-10-25,81.70976257324219,95.08999633789062
2022-10-26,82.88699340820312,96.45999908447266
2022-10-27,83.7548599243164,97.47000122070312
2022-10-28,83.17916870117188,96.80000305175781
2022-10-31,82.58627319335938,96.11000061035156
2022-11-01,83.35807037353516,96.7699966430664
2022-11-02,82.99625396728516,96.3499984741211
2022-11-03,82.54834747314453,95.83000183105469
2022-11-04,81.1614761352539,94.22000122070312
2022-11-07,80.35176849365234,93.27999877929688
2022-11-08,81.23040008544922,94.30000305175781
2022-11-09,81.4974365234375,94.61000061035156
2022-11-10,84.63297271728516,98.25
2022-11-11,84.32283782958984,97.88999938964844
2022-11-14,84.11610412597656,97.6500015258789
2022-11-15,85.47714233398438,99.2300033569336
2022-11-16,87.34635925292969,101.4000015258789
2022-11-17,86.42467498779297,100.33000183105469
2022-11-18,85.83027648925781,99.63999938964844
2022-11-21,86.19209289550781,100.05999755859375
2022-11-22,87.41529083251953,101.4800033569336
2022-11-23,88.93994140625,103.25
2022-11-25,88.63844299316406,102.9000015258789
2022-11-28,88.88829040527344,103.19000244140625
2022-11-29,87.84598541259766,101.9800033569336
2022-11-30,88.49202728271484,102.7300033569336
2022-12-01,91.31900024414062,105.76000213623047
2022-12-02,92.46739196777344,107.08999633789062
2022-12-05,91.17219543457031,105.58999633789062
2022-12-06,92.34651947021484,106.94999694824219
2022-12-07,94.52239990234375,109.47000122070312
2022-12-08,94.26335906982422,109.16999816894531
2022-12-09,91.81117248535156,106.33000183105469
2022-12-12,92.10474395751953,106.66999816894531
2022-12-13,92.99409484863281,107.69999694824219
2022-12-14,93.39128112792969,108.16000366210938
2022-12-15,93.75564575195312,108.31999969482422
2022-12-16,92.70838928222656,107.11000061035156
2022-12-19,91.15038299560547,105.30999755859375
2022-12-20,89.5318374633789,103.44000244140625
2022-12-21,89.75688171386719,103.69999694824219
2022-12-22,89.73954010009766,103.68000030517578
2022-12-23,88.42391204833984,102.16000366210938
2022-12-27,86.67552947998047,100.13999938964844
2022-12-28,86.16484832763672,99.55000305175781
2022-12-29,87.14291381835938,100.68000030517578
2022-12-30,86.17352294921875,99.55999755859375
2023-01-03,87.81803894042969,101.45999908447266
2023-01-04,89.02113342285156,102.8499984741211
2023-01-05,89.393310546875,103.27999877929688
2023-01-06,91.03787994384766,105.18000030517578
2023-01-09,91.5225601196289,105.73999786376953
2023-01-10,90.00786590576172,103.98999786376953
2023-01-11,91.47064208984375,105.68000030517578
2023-01-12,93.27096557617188,107.76000213623047
2023-01-13,92.39677429199219,106.75
2023-01-17,91.79955291748047,106.05999755859375
2023-01-18,94.02398681640625,108.62999725341797
2023-01-19,93.43540954589844,107.94999694824219
2023-01-20,91.92073059082031,106.19999694824219
2023-01-23,91.48795318603516,105.69999694824219
2023-01-24,92.8035888671875,107.22000122070312
2023-01-25,93.02862548828125,107.4800033569336
2023-01-26,92.59585571289062,106.9800033569336
2023-01-27,92.3621597290039,106.70999908447266
2023-01-30,92.02458190917969,106.31999969482422
2023-01-31,92.76030731201172,107.16999816894531
2023-02-01,93.87537384033203,108.18000030517578
2023-02-02,93.9968490600586,108.31999969482422
2023-02-03,92.59109497070312,106.69999694824219
2023-02-06,91.90555572509766,105.91000366210938
2023-02-07,91.16795349121094,105.05999755859375
2023-02-08,91.60183715820312,105.55999755859375
2023-02-09,90.73405456542969,104.55999755859375
2023-02-10,89.71876525878906,103.38999938964844
2023-02-13,90.4737319946289,104.26000213623047
2023-02-14,90.26542663574219,104.0199966430664
2023-02-15,89.42372131347656,103.05000305175781
2023-02-16,88.15676879882812,101.58999633789062
2023-02-17,88.84231567382812,102.37999725341797
2023-02-21,87.11547088623047,100.38999938964844
2023-02-22,87.9137954711914,101.30999755859375
2023-02-23,88.77288055419922,102.30000305175781
2023-02-24,87.61874389648438,100.97000122070312
2023-02-27,87.86174011230469,101.25
2023-02-28,88.26091003417969,101.70999908447266
2023-03-01,87.31272888183594,100.37000274658203
2023-03-02,86.53849029541016,99.4800033569336
2023-03-03,88.63497161865234,101.88999938964844
2023-03-06,87.94775390625,101.0999984741211
2023-03-07,88.48709106445312,101.72000122070312
2023-03-08,88.5740737915039,101.81999969482422
2023-03-09,88.79155731201172,102.06999969482422
2023-03-10,91.8536376953125,105.58999633789062
2023-03-13,92.06241607666016,105.83000183105469
2023-03-14,90.54875183105469,104.08999633789062
2023-03-15,92.29730224609375,106.0999984741211
2023-03-16,91.57523345947266,105.2699966430664
2023-03-17,92.94971466064453,106.8499984741211
2023-03-20,92.13201904296875,105.91000366210938
2023-03-21,91.34039306640625,105.0
2023-03-22,92.55829620361328,106.4000015258789
2023-03-23,92.55829620361328,106.4000015258789
2023-03-24,92.94971466064453,106.8499984741211
2023-03-27,90.76625061035156,104.33999633789062
2023-03-28,90.93152618408203,104.52999877929688
2023-03-29,90.74885559082031,104.31999969482422
2023-03-30,91.16641235351562,104.80000305175781
2023-03-31,92.53217315673828,106.37000274658203
2023-04-03,92.96733093261719,106.5999984741211
2023-04-04,93.4295654296875,107.12999725341797
2023-04-05,94.40632629394531,108.25
2023-04-06,94.65052032470703,108.52999877929688
2023-04-10,93.12433624267578,106.77999877929688
2023-04-11,93.3161849975586,107.0
2023-04-12,93.22025299072266,106.88999938964844
2023-04-13,92.48770904541016,106.05000305175781
2023-04-14,91.64173889160156,105.08000183105469
2023-04-17,90.55158996582031,103.83000183105469
2023-04-18,90.8742904663086,104.19999694824219
2023-04-19,90.7870864868164,104.0999984741211
2023-04-20,91.5632553100586,104.98999786376953
2023-04-21,91.0486831665039,104.4000015258789
2023-04-24,91.92953491210938,105.41000366210938
2023-04-25,93.28131866455078,106.95999908447266
2023-04-26,92.28711700439453,105.81999969482422
2023-04-27,91.37138366699219,104.7699966430664
2023-04-28,92.84524536132812,106.45999908447266
2023-05-01,90.1681137084961,103.12999725341797
2023-05-02,92.41509246826172,105.69999694824219
2023-05-03,92.93095397949219,106.29000091552734
2023-05-04,92.01290130615234,105.23999786376953
2023-05-05,91.70690155029297,104.88999938964844
2023-05-08,90.42164611816406,103.41999816894531
2023-05-09,90.09815216064453,103.05000305175781
2023-05-10,90.97249603271484,104.05000305175781
2023-05-11,91.9342269897461,105.1500015258789
2023-05-12,91.16483306884766,104.2699966430664
2023-05-15,90.22057342529297,103.19000244140625
2023-05-16,89.94952392578125,102.87999725341797
2023-05-17,89.6872329711914,102.58000183105469
2023-05-18,89.02274322509766,101.81999969482422
2023-05-19,88.39324188232422,101.0999984741211
2023-05-22,88.07849884033203,100.73999786376953
2023-05-23,88.3320541381836,101.02999877929688
2023-05-24,87.89485931396484,100.52999877929688
2023-05-25,87.67628479003906,100.27999877929688
2023-05-26,88.38450622558594,101.08999633789062
2023-05-30,89.26754760742188,102.0999984741211
2023-05-31,90.0456771850586,102.98999786376953
2023-06-01,90.39898681640625,103.12000274658203
2023-06-02,89.40839385986328,101.98999786376953
2023-06-05,89.24183654785156,101.80000305175781
2023-06-06,89.76778411865234,102.4000015258789
2023-06-07,88.43531036376953,100.87999725341797
2023-06-08,89.46975708007812,102.05999755859375
2023-06-09,89.34701538085938,101.91999816894531
2023-06-12,89.61003112792969,102.22000122070312
2023-06-13,88.7246322631836,101.20999908447266
2023-06-14,89.4346923828125,102.0199966430664
2023-06-15,90.29377746582031,103.0
2023-06-16,89.94314575195312,102.5999984741211
2023-06-20,90.5655288696289,103.30999755859375
2023-06-21,90.78471374511719,103.55999755859375
2023-06-22,89.68889617919922,102.30999755859375
2023-06-23,90.58307647705078,103.33000183105469
2023-06-26,90.67948913574219,103.44000244140625
2023-06-27,90.44281768798828,103.16999816894531
2023-06-28,90.82852935791016,103.61000061035156
2023-06-29,89.18922424316406,101.73999786376953
2023-06-30,90.2411880493164,102.94000244140625
2023-07-03,89.72960662841797,102.08000183105469
2023-07-05,88.87699127197266,101.11000061035156
2023-07-06,87.61998748779297,99.68000030517578
2023-07-07,87.09257507324219,99.08000183105469
2023-07-10,87.20684814453125,99.20999908447266
2023-07-11,87.65514373779297,99.72000122070312
2023-07-12,88.6308364868164,100.83000183105469
2023-07-13,89.56258392333984,101.88999938964844
2023-07-14,89.03516387939453,101.29000091552734
2023-07-17,89.07913208007812,101.33999633789062
2023-07-18,89.48348236083984,101.80000305175781
2023-07-19,90.49435424804688,102.94999694824219
2023-07-20,89.39557647705078,101.69999694824219
2023-07-21,89.42194366455078,101.7300033569336
2023-07-24,89.09671020507812,101.36000061035156
2023-07-25,88.92970275878906,101.16999816894531
2023-07-26,89.01759338378906,101.2699966430664
2023-07-27,87.28596496582031,99.30000305175781
2023-07-28,87.73426818847656,99.80999755859375
2023-07-31,87.9452133178711,100.05000305175781
2023-08-01,86.50403594970703,98.13999938964844
2023-08-02,85.57854461669922,97.08999633789062
2023-08-03,83.60413360595703,94.8499984741211
2023-08-04,85.0849380493164,96.52999877929688
2023-08-07,84.2475814819336,95.58000183105469
2023-08-08,85.22599029541016,96.69000244140625
2023-08-09,85.66670227050781,97.19000244140625
2023-08-10,84.25641632080078,95.58999633789062
2023-08-11,84.06251525878906,95.37000274658203
2023-08-14,83.87736511230469,95.16000366210938
2023-08-15,83.36615753173828,94.58000183105469
2023-08-16,82.7138900756836,93.83999633789062
2023-08-17,82.36131286621094,93.44000244140625
2023-08-18,82.6521987915039,93.7699966430664
2023-08-21,81.55038452148438,92.5199966430664
2023-08-22,82.17622375488281,93.2300033569336
2023-08-23,84.21231842041016,95.54000091552734
2023-08-24,83.65703582763672,94.91000366210938
2023-08-25,83.93025207519531,95.22000122070312
2023-08-28,84.01842498779297,95.31999969482422
2023-08-29,84.89103698730469,96.30999755859375
2023-08-30,84.80289459228516,96.20999908447266
2023-08-31,85.18190002441406,96.63999938964844
2023-09-01,83.85487365722656,94.8499984741211
2023-09-05,82.67908477783203,93.5199966430664
2023-09-06,82.8824234008789,93.75
2023-09-07,83.11227416992188,94.01000213623047
2023-09-08,83.4305419921875,94.37000274658203
2023-09-11,82.82939147949219,93.69000244140625
2023-09-12,83.30679321289062,94.2300033569336
2023-09-13,83.28909301757812,94.20999908447266
2023-09-14,82.68791198730469,93.52999877929688
2023-09-15,82.18400573730469,92.95999908447266
2023-09-18,82.65258026123047,93.48999786376953
2023-09-19,82.04254913330078,92.80000305175781
2023-09-20,82.2989273071289,93.08999633789062
2023-09-21,80.18596649169922,90.69999694824219
2023-09-22,80.83134460449219,91.43000030517578
2023-09-25,78.8421630859375,89.18000030517578
2023-09-26,78.56813049316406,88.87000274658203
2023-09-27,78.16146087646484,88.41000366210938
2023-09-28,78.40013885498047,88.68000030517578
2023-09-29,78.4089584350586,88.69000244140625
2023-10-02,77.09638977050781,86.93000030517578
2023-10-03,75.43793487548828,85.05999755859375
2023-10-04,76.50218963623047,86.26000213623047
2023-10-05,76.12085723876953,85.83000183105469
2023-10-06,75.19847106933594,84.79000091552734
2023-10-09,76.96337127685547,86.77999877929688
2023-10-10,76.85694122314453,86.66000366210938
2023-10-11,78.46220397949219,88.47000122070312
2023-10-12,76.33369445800781,86.06999969482422
2023-10-13,77.699462890625,87.61000061035156
2023-10-16,76.448974609375,86.19999694824219
2023-10-17,75.60645294189453,85.25
2023-10-18,74.9412841796875,84.5
2023-10-19,73.40697479248047,82.7699966430664
2023-10-20,73.82380676269531,83.23999786376953
2023-10-23,74.71067810058594,84.23999786376953
2023-10-24,75.69514465332031,85.3499984741211
2023-10-25,74.01007080078125,83.44999694824219
2023-10-26,75.145263671875,84.7300033569336
2023-10-27,74.82598876953125,84.37000274658203
2023-10-30,74.4889907836914,83.98999786376953
2023-10-31,74.1253662109375,83.58000183105469
2023-11-01,75.73253631591797,85.0999984741211
2023-11-02,77.45899963378906,87.04000091552734
2023-11-03,77.98405456542969,87.62999725341797
2023-11-06,77.22763061523438,86.77999877929688
2023-11-07,78.3667221069336,88.05999755859375
2023-11-08,79.70161437988281,89.55999755859375
2023-11-09,77.86837768554688,87.5
2023-11-10,78.30443572998047,87.98999786376953
2023-11-13,78.12644958496094,87.79000091552734
2023-11-14,79.89741516113281,89.77999877929688
2023-11-15,78.77608489990234,88.5199966430664
2023-11-16,79.7550277709961,89.62000274658203
2023-11-17,80.1287841796875,90.04000091552734
2023-11-20,80.61823272705078,90.58999633789062
2023-11-21,80.58263397216797,90.55000305175781
2023-11-22,80.8674087524414,90.87000274658203
2023-11-24,79.91520690917969,89.80000305175781
2023-11-27,81.25009155273438,91.30000305175781
2023-11-28,81.41027069091797,91.4800033569336
2023-11-29,82.43367767333984,92.62999725341797
2023-11-30,81.4814682006836,91.55999755859375
2023-12-01,83.01608276367188,92.98999786376953
2023-12-04,82.68579864501953,92.62000274658203
2023-12-05,84.46234130859375,94.61000061035156
2023-12-06,85.58721923828125,95.87000274658203
2023-12-07,85.09618377685547,95.31999969482422
2023-12-08,84.39982604980469,94.54000091552734
2023-12-11,84.22129821777344,94.33999633789062
2023-12-12,84.47126770019531,94.62000274658203
2023-12-13,86.45314025878906,96.83999633789062
2023-12-14,88.70205688476562,99.04000091552734
2023-12-15,88.80056762695312,99.1500015258789
2023-12-18,88.0930404663086,98.36000061035156
2023-12-19,88.56771087646484,98.88999938964844
2023-12-20,89.16778564453125,99.55999755859375
2023-12-21,88.60352325439453,98.93000030517578
2023-12-22,88.20049285888672,98.4800033569336
2023-12-26,88.45128631591797,98.76000213623047
2023-12-27,90.01859283447266,100.51000213623047
2023-12-28,89.36480712890625,99.77999877929688
2023-12-29,88.55874633789062,98.87999725341797
2024-01-02,88.0482406616211,98.30999755859375
2024-01-03,88.41543579101562,98.72000122070312
2024-01-04,87.07202911376953,97.22000122070312
2024-01-05,86.2391128540039,96.29000091552734
2024-01-08,87.08992767333984,97.23999786376953
2024-01-09,86.53463745117188,96.62000274658203
2024-01-10,86.1316146850586,96.16999816894531
2024-01-11,86.61522674560547,96.70999908447266
2024-01-12,86.44507598876953,96.5199966430664
2024-01-16,84.92256164550781,94.81999969482422
2024-01-17,84.78817749023438,94.66999816894531
2024-01-18,84.00004577636719,93.79000091552734
2024-01-19,84.26872253417969,94.08999633789062
2024-01-22,84.77029418945312,94.6500015258789
2024-01-23,84.09857940673828,93.9000015258789
2024-01-24,83.60597229003906,93.3499984741211
2024-01-25,84.15232849121094,93.95999908447266
2024-01-26,83.9910888671875,93.77999877929688
2024-01-29,84.95836639404297,94.86000061035156
2024-01-30,85.72858428955078,95.72000122070312
2024-01-31,86.57048034667969,96.66000366210938
2024-02-01,88.26863861083984,98.23999786376953
2024-02-02,86.31889343261719,96.06999969482422
2024-02-05,84.57581329345703,94.12999725341797
2024-02-06,85.40243530273438,95.05000305175781
2024-02-07,84.9891128540039,94.58999633789062
2024-02-08,84.49494171142578,94.04000091552734
2024-02-09,84.32423400878906,93.8499984741211
2024-02-12,84.42308044433594,93.95999908447266
2024-02-13,82.9764633178711,92.3499984741211
2024-02-14,83.39875793457031,92.81999969482422
2024-02-15,83.8300552368164,93.30000305175781
2024-02-16,83.34486389160156,92.76000213623047
2024-02-20,83.41675567626953,92.83999633789062
2024-02-21,82.82373046875,92.18000030517578
2024-02-22,83.2280502319336,92.62999725341797
2024-02-23,84.34221649169922,93.87000274658203
2024-02-26,84.09060668945312,93.58999633789062
2024-02-27,83.49762725830078,92.93000030517578
2024-02-28,84.02771759033203,93.5199966430664
2024-02-29,84.6207275390625,94.18000030517578
2024-03-01,85.14803314208984,94.47000122070312
2024-03-04,84.80548858642578,94.08999633789062
2024-03-05,86.01326751708984,95.43000030517578
2024-03-06,86.51802825927734,95.98999786376953
2024-03-07,86.43689727783203,95.9000015258789
2024-03-08,86.2836685180664,95.7300033569336
2024-03-11,86.23860168457031,95.68000030517578
2024-03-12,85.51753234863281,94.87999725341797
2024-03-13,85.10293579101562,94.41999816894531
2024-03-14,83.7960205078125,92.97000122070312
2024-03-15,83.76898193359375,92.94000244140625
2024-03-18,83.5166244506836,92.66000366210938
2024-03-19,83.75093841552734,92.91999816894531
2024-03-20,83.72392272949219,92.88999938964844
2024-03-21,83.90416717529297,93.08999633789062
2024-03-22,84.70635223388672,93.9800033569336
2024-03-25,84.2827377319336,93.51000213623047
2024-03-26,84.51707458496094,93.7699966430664
2024-03-27,85.35530090332031,94.69999694824219
2024-03-28,85.283203125,94.62000274658203
2024-04-01,83.69341278076172,92.55000305175781
2024-04-02,83.23223876953125,92.04000091552734
2024-04-03,83.2141342163086,92.0199966430664
2024-04-04,83.81101989746094,92.68000030517578
2024-04-05,82.64444732666016,91.38999938964844
2024-04-08,82.63539123535156,91.37999725341797
2024-04-09,83.40406036376953,92.2300033569336
2024-04-10,81.58641052246094,90.22000122070312
2024-04-11,81.21561431884766,89.80999755859375
2024-04-12,81.64971160888672,90.29000091552734
2024-04-15,80.3836669921875,88.88999938964844
2024-04-16,79.85013580322266,88.30000305175781
2024-04-17,80.7363510131836,89.27999877929688
2024-04-18,80.32942199707031,88.83000183105469
2024-04-19,80.61880493164062,89.1500015258789
2024-04-22,80.48316192626953,89.0
2024-04-23,80.51026916503906,89.02999877929688
2024-04-24,79.9405746459961,88.4000015258789
2024-04-25,79.37991333007812,87.77999877929688
2024-04-26,79.7958755493164,88.23999786376953
2024-04-29,80.46507263183594,88.9800033569336
2024-04-30,79.77779388427734,88.22000122070312
2024-05-01,80.36582946777344,88.55999755859375
2024-05-02,80.71067810058594,88.94000244140625
2024-05-03,81.52739715576172,89.83999633789062
2024-05-06,81.84503173828125,90.19000244140625
2024-05-07,82.34413146972656,90.73999786376953
2024-05-08,81.84503173828125,90.19000244140625
2024-05-09,82.24430847167969,90.62999725341797
2024-05-10,81.78150177001953,90.12000274658203
2024-05-13,81.99021911621094,90.3499984741211
2024-05-14,82.45303344726562,90.86000061035156
2024-05-15,83.57829284667969,92.0999984741211
2024-05-16,83.49663543701172,92.01000213623047
2024-05-17,82.9339828491211,91.38999938964844
2024-05-20,82.68898010253906,91.12000274658203
2024-05-21,83.11548614501953,91.58999633789062
2024-05-22,83.21529388427734,91.69999694824219
2024-05-23,82.6799087524414,91.11000061035156
2024-05-24,82.9249267578125,91.37999725341797
2024-05-28,81.73612213134766,90.06999969482422
2024-05-29,80.74698638916016,88.9800033569336
2024-05-30,81.52739715576172,89.83999633789062
2024-05-31,82.08096313476562,90.44999694824219
2024-06-03,83.4085693359375,91.5999984741211
2024-06-04,84.38290405273438,92.66999816894531
2024-06-05,85.00208282470703,93.3499984741211
2024-06-06,84.87460327148438,93.20999908447266
2024-06-07,83.31749725341797,91.5
2024-06-10,82.7620620727539,90.88999938964844
2024-06-11,83.61801147460938,91.83000183105469
2024-06-12,84.24630737304688,92.5199966430664
2024-06-13,85.48468780517578,93.87999725341797
2024-06-14,86.20404815673828,94.66999816894531
2024-06-17,85.3481216430664,93.7300033569336
2024-06-18,86.13119506835938,94.58999633789062
2024-06-20,85.55754852294922,93.95999908447266
2024-06-21,85.55754852294922,93.95999908447266
2024-06-24,85.903564453125,94.33999633789062
2024-06-25,86.04925537109375,94.5
2024-06-26,84.81995391845703,93.1500015258789
2024-06-27,85.15687561035156,93.5199966430664
2024-06-28,83.57246398925781,91.77999877929688
2024-07-01,82.13011169433594,89.91000366210938
2024-07-02,82.76953887939453,90.61000061035156
2024-07-03,83.8565673828125,91.80000305175781
2024-07-05,84.55081939697266,92.55999755859375
2024-07-08,84.73348999023438,92.76000213623047
2024-07-09,84.3589859008789,92.3499984741211
2024-07-10,84.62387084960938,92.63999938964844
2024-07-11,85.44601440429688,93.54000091552734
2024-07-12,85.81138610839844,93.94000244140625
2024-07-15,84.82485961914062,92.86000061035156
2024-07-16,86.021484375,94.16999816894531
2024-07-17,86.03975677490234,94.19000244140625
2024-07-18,85.38207244873047,93.47000122070312
2024-07-19,84.8796615600586,92.91999816894531
2024-07-22,84.63302612304688,92.6500015258789
2024-07-23,84.51427459716797,92.5199966430664
2024-07-24,83.60078430175781,91.5199966430664
2024-07-25,84.28590393066406,92.2699966430664
2024-07-26,84.94358825683594,92.98999786376953
2024-07-29,85.40034484863281,93.48999786376953
2024-07-30,85.72918701171875,93.8499984741211
2024-07-31,86.6061019897461,94.80999755859375
2024-08-01,87.35308837890625,95.30999755859375
2024-08-02,90.07511901855469,98.27999877929688
2024-08-05,90.55172729492188,98.80000305175781
2024-08-06,88.52621459960938,96.58999633789062
2024-08-07,87.90299224853516,95.91000366210938
2024-08-08,87.36224365234375,95.31999969482422
2024-08-09,88.22377014160156,96.26000213623047
2024-08-12,88.5445327758789,96.61000061035156
2024-08-13,89.1585922241211,97.27999877929688
2024-08-14,89.71769714355469,97.88999938964844
2024-08-15,88.99364471435547,97.0999984741211
2024-08-16,89.30525207519531,97.44000244140625
2024-08-19,89.71769714355469,97.88999938964844
2024-08-20,90.43256378173828,98.66999816894531
2024-08-21,90.487548828125,98.7300033569336
2024-08-22,89.5893783569336,97.75
2024-08-23,90.17594909667969,98.38999938964844
2024-08-26,89.94681549072266,98.13999938964844
2024-08-27,89.79100799560547,97.97000122070312
2024-08-28,89.68101501464844,97.8499984741211
2024-08-29,89.38774871826172,97.52999877929688
2024-08-30,88.43455505371094,96.48999786376953
2024-09-03,89.88092041015625,97.75
2024-09-04,91.03949737548828,99.01000213623047
2024-09-05,91.55442810058594,99.56999969482422
2024-09-06,91.54521942138672,99.55999755859375
2024-09-09,91.94062042236328,99.98999786376953
2024-09-10,92.58425903320312,100.69000244140625
2024-09-11,92.51070404052734,100.61000061035156
2024-09-12,92.07855224609375,100.13999938964844
2024-09-13,92.32678985595703,100.41000366210938
2024-09-16,93.17273712158203,101.33000183105469
2024-09-17,92.7221908569336,100.83999633789062
2024-09-18,91.57282257080078,99.58999633789062
2024-09-19,91.26937103271484,99.26000213623047
2024-09-20,90.91996002197266,98.87999725341797
2024-09-23,90.72687530517578,98.66999816894531
2024-09-24,90.70848846435547,98.6500015258789
2024-09-25,89.95450592041016,97.83000183105469
2024-09-26,90.16596984863281,98.05999755859375
2024-09-27,90.63492584228516,98.56999969482422
2024-09-30,90.20275115966797,98.0999984741211
2024-10-01,90.85403442382812,98.48999786376953
2024-10-02,90.08838653564453,97.66000366210938
2024-10-03,89.23970794677734,96.73999786376953
2024-10-04,88.1419677734375,95.55000305175781
2024-10-07,87.47777557373047,94.83000183105469
2024-10-08,87.62538146972656,94.98999786376953
2024-10-09,87.12723541259766,94.44999694824219
2024-10-10,86.78592681884766,94.08000183105469
2024-10-11,86.43539428710938,93.69999694824219
2024-10-14,86.49995422363281,93.7699966430664
2024-10-15,87.55156707763672,94.91000366210938
2024-10-16,87.92059326171875,95.30999755859375
2024-10-17,86.52762603759766,93.80000305175781
2024-10-18,86.59220886230469,93.87000274658203
2024-10-21,85.0793685913086,92.2300033569336
2024-10-22,85.16239166259766,92.31999969482422
2024-10-23,84.93177795410156,92.06999969482422
2024-10-24,85.47602844238281,92.66000366210938
2024-10-25,84.99634552001953,92.13999938964844
2024-10-28,84.7657470703125,91.88999938964844
2024-10-29,84.89486694335938,92.02999877929688
2024-10-30,85.14392852783203,92.30000305175781
2024-10-31,85.28228759765625,92.44999694824219
2024-11-01,84.0799789428711,90.83999633789062
2024-11-04,85.38505554199219,92.25
2024-11-05,85.83859252929688,92.73999786376953
2024-11-06,83.48759460449219,90.19999694824219
2024-11-07,84.53350067138672,91.33000183105469
2024-11-08,85.60719299316406,92.48999786376953
2024-11-11,85.190673828125,92.04000091552734
2024-11-12,83.91336822509766,90.66000366210938
2024-11-13,83.11737060546875,89.80000305175781
2024-11-14,83.59867095947266,90.31999969482422
2024-11-15,83.37653350830078,90.08000183105469
2024-11-18,83.52462768554688,90.23999786376953
2024-11-19,83.95037078857422,90.69999694824219
2024-11-20,83.68199157714844,90.41000366210938
2024-11-21,83.61717224121094,90.33999633789062
2024-11-22,83.66345977783203,90.38999938964844
2024-11-25,85.8293228149414,92.7300033569336
2024-11-26,85.49613189697266,92.37000274658203
2024-11-27,86.08850860595703,93.01000213623047
2024-11-29,86.97705841064453,93.97000122070312
2024-12-02,87.18601989746094,93.87000274658203
2024-12-03,86.43370056152344,93.05999755859375
2024-12-04,87.36249542236328,94.05999755859375
2024-12-05,87.53897094726562,94.25
2024-12-06,87.66901397705078,94.38999938964844
2024-12-09,86.86094665527344,93.5199966430664
2024-12-10,86.45228576660156,93.08000183105469
2024-12-11,85.63491821289062,92.19999694824219
2024-12-12,84.59468841552734,91.08000183105469
2024-12-13,83.73091888427734,90.1500015258789
2024-12-16,83.981689453125,90.41999816894531
2024-12-17,84.18601989746094,90.63999938964844
2024-12-18,83.13333129882812,89.16000366210938
2024-12-19,81.87458801269531,87.80999755859375
2024-12-20,82.34078216552734,88.30999755859375
2024-12-23,81.58552551269531,87.5
2024-12-24,81.93053436279297,87.87000274658203
2024-12-26,81.8839111328125,87.81999969482422
2024-12-27,81.21259307861328,87.0999984741211
2024-12-30,81.8652572631836,87.80000305175781
2024-12-31,81.42704010009766,87.33000183105469
2025-01-02,81.65081024169922,87.56999969482422
2025-01-03,81.38976287841797,87.29000091552734
2025-01-06,81.02609252929688,86.9000015258789
2025-01-07,80.1123275756836,85.91999816894531
2025-01-08,80.21490478515625,86.02999877929688
2025-01-10,79.68342590332031,85.45999908447266
2025-01-13,79.65545654296875,85.43000030517578
2025-01-14,79.5249252319336,85.29000091552734
2025-01-15,80.89556121826172,86.76000213623047
2025-01-16,81.1566390991211,87.04000091552734
2025-01-17,81.2964859008789,87.19000244140625
2025-01-21,82.02375793457031,87.97000122070312
2025-01-22,81.59485626220703,87.51000213623047
2025-01-23,80.96083068847656,86.83000183105469
2025-01-24,81.32445526123047,87.22000122070312
2025-01-27,82.28484344482422,88.25
2025-01-28,82.22889709472656,88.19000244140625
2025-01-29,82.0610580444336,88.01000213623047
2025-01-30,82.36876678466797,88.33999633789062
2025-01-31,81.82796478271484,87.76000213623047
2025-02-03,82.49420928955078,88.16000366210938
2025-02-04,82.74684143066406,88.43000030517578
2025-02-05,84.11302947998047,89.88999938964844
2025-02-06,84.07559204101562,89.8499984741211
2025-02-07,83.53286743164062,89.2699966430664
2025-02-10,83.28023529052734,89.0
2025-02-11,82.74684143066406,88.43000030517578
2025-02-12,81.62396240234375,87.2300033569336
2025-02-13,82.98078918457031,88.68000030517578
2025-02-14,83.42060089111328,89.1500015258789
2025-02-18,82.43807220458984,88.0999984741211
2025-02-19,82.54098510742188,88.20999908447266
2025-02-20,82.84978485107422,88.54000091552734
2025-02-21,83.85102844238281,89.61000061035156
2025-02-24,84.09430694580078,89.87000274658203
2025-02-25,85.5447006225586,91.41999816894531
2025-02-26,86.04999542236328,91.95999908447266
2025-02-27,85.44176483154297,91.30999755859375
2025-02-28,86.4897689819336,92.43000030517578
2025-03-03,86.89340209960938,92.56999969482422
2025-03-04,85.82333374023438,91.43000030517578
2025-03-05,85.13809204101562,90.69999694824219
2025-03-06,84.85648345947266,90.4000015258789
2025-03-07,84.58426666259766,90.11000061035156
2025-03-10,85.46663665771484,91.05000305175781
2025-03-11,84.85648345947266,90.4000015258789
2025-03-12,84.34962463378906,89.86000061035156
2025-03-13,85.0911636352539,90.6500015258789
2025-03-14,84.6406021118164,90.16999816894531
2025-03-17,85.06299591064453,90.62000274658203
2025-03-18,85.14746856689453,90.70999908447266
2025-03-19,85.58865356445312,91.18000030517578
2025-03-20,85.64496612548828,91.23999786376953
2025-03-21,85.13809204101562,90.69999694824219
2025-03-24,84.26512145996094,89.7699966430664
2025-03-25,84.25575256347656,89.76000213623047
2025-03-26,83.70191192626953,89.16999816894531
2025-03-27,83.45787811279297,88.91000366210938
2025-03-28,84.6124267578125,90.13999938964844
2025-03-31,85.44786071777344,91.02999877929688
2025-04-01,86.18830871582031,91.48999786376953
2025-04-02,86.13179779052734,91.43000030517578
2025-04-03,86.52745056152344,91.8499984741211
2025-04-04,87.46949005126953,92.8499984741211
2025-04-07,84.83175659179688,90.05000305175781
2025-04-08,83.23026275634766,88.3499984741211
2025-04-09,83.72014617919922,88.87000274658203
2025-04-10,81.412109375,86.41999816894531
2025-04-11,81.8548812866211,86.88999938964844
2025-04-14,82.4389419555664,87.51000213623047
2025-04-15,82.73097229003906,87.81999969482422
2025-04-16,83.19256591796875,88.30999755859375
2025-04-17,82.45777893066406,87.52999877929688
2025-04-21,81.01643371582031,86.0
2025-04-22,81.4686279296875,86.4800033569336
2025-04-23,82.25996398925781,87.31999969482422
2025-04-24,83.12664794921875,88.23999786376953
2025-04-25,83.73898315429688,88.88999938964844
2025-04-28,84.26653289794922,89.44999694824219
2025-04-29,84.97305297851562,90.19999694824219
2025-04-30,84.28536987304688,89.47000122070312
2025-05-01,83.85800170898438,88.69000244140625
2025-05-02,82.9502944946289,87.7300033569336
2025-05-05,82.48699188232422,87.23999786376953
2025-05-06,82.76118469238281,87.52999877929688
2025-05-07,83.11103820800781,87.9000015258789
2025-05-08,82.18441772460938,86.91999816894531
2025-05-09,82.30733489990234,87.05000305175781
2025-05-12,81.54146575927734,86.23999786376953
2025-05-13,81.21053314208984,85.88999938964844
2025-05-14,80.67158508300781,85.31999969482422
2025-05-15,81.3807144165039,86.06999969482422
2025-05-16,81.59820556640625,86.30000305175781
2025-05-19,81.36182403564453,86.05000305175781
2025-05-20,80.77559661865234,85.43000030517578
2025-05-21,79.3951416015625,83.97000122070312
2025-05-22,79.81117248535156,84.41000366210938
2025-05-23,79.94355773925781,84.55000305175781
2025-05-27,81.05924987792969,85.7300033569336
2025-05-28,80.70941925048828,85.36000061035156
2025-05-29,81.45636749267578,86.1500015258789
2025-05-30,81.57929229736328,86.27999877929688
2025-06-02,80.82006072998047,85.16000366210938
2025-06-03,80.6777114868164,85.01000213623047
2025-06-04,81.98737335205078,86.38999938964844
2025-06-05,82.04431915283203,86.44999694824219
2025-06-06,81.0003890991211,85.3499984741211
2025-06-09,81.0857925415039,85.44000244140625
2025-06-10,81.50336456298828,85.87999725341797
2025-06-11,81.7501220703125,86.13999938964844
2025-06-12,82.72762298583984,87.16999816894531
2025-06-13,81.93045043945312,86.33000183105469
2025-06-16,81.10476684570312,85.45999908447266
2025-06-17,82.09176635742188,86.5
2025-06-18,82.234130859375,86.6500015258789
2025-06-20,82.08226776123047,86.48999786376953
2025-06-23,82.34801483154297,86.7699966430664
2025-06-24,82.9458999633789,87.4000015258789
2025-06-25,83.05029296875,87.51000213623047
2025-06-26,83.46788024902344,87.94999694824219
2025-06-27,82.93640899658203,87.38999938964844
2025-06-30,83.75259399414062,88.25
2025-07-01,83.96025848388672,88.13999938964844
2025-07-02,83.42681121826172,87.58000183105469
2025-07-03,82.8457260131836,86.97000122070312
2025-07-07,82.05509185791016,86.13999938964844
2025-07-08,81.95030975341797,86.02999877929688
2025-07-09,82.8076171875,86.93000030517578
2025-07-10,82.86478424072266,86.98999786376953
2025-07-11,81.72169494628906,85.79000091552734
2025-07-14,81.55023193359375,85.61000061035156
2025-07-15,80.97869873046875,85.01000213623047
2025-07-16,81.09298706054688,85.12999725341797
2025-07-17,81.07394409179688,85.11000061035156
2025-07-18,81.19776916503906,85.23999786376953
2025-07-21,81.9217300415039,86.0
2025-07-22,82.41706848144531,86.5199966430664
2025-07-23,81.9598388671875,86.04000091552734
2025-07-24,81.81694793701172,85.88999938964844
2025-07-25,82.33134460449219,86.43000030517578
2025-07-28,81.79788970947266,85.87000274658203
2025-07-29,83.17913818359375,87.31999969482422
2025-07-30,82.75047302246094,86.87000274658203
2025-07-31,82.79808807373047,86.91999816894531
2025-08-01,83.9751968383789,87.81999969482422
2025-08-04,84.20469665527344,88.05999755859375
2025-08-05,84.46288299560547,88.33000183105469
2025-08-06,83.9751968383789,87.81999969482422
2025-08-07,83.83177947998047,87.66999816894531
2025-08-08,83.46842956542969,87.29000091552734
2025-08-11,83.56402587890625,87.38999938964844
2025-08-12,83.14330291748047,86.94999694824219
2025-08-13,83.83177947998047,87.66999816894531
2025-08-14,83.21023559570312,87.0199966430664
2025-08-15,82.61738586425781,86.4000015258789
2025-08-18,82.37831115722656,86.1500015258789
2025-08-19,82.85643768310547,86.6500015258789
2025-08-20,83.0381088256836,86.83999633789062
2025-08-21,82.626953125,86.41000366210938
2025-08-22,83.23893737792969,87.05000305175781
2025-08-25,82.9998550415039,86.80000305175781
2025-08-26,82.95205688476562,86.75
2025-08-27,82.85643768310547,86.6500015258789
2025-08-28,83.40149688720703,87.22000122070312
2025-08-29,82.8086166381836,86.5999984741211
2025-09-02,82.1923828125,85.62999725341797
2025-09-03,83.09465026855469,86.56999969482422
2025-09-04,83.72815704345703,87.2300033569336
2025-09-05,85.00476837158203,88.55999755859375
2025-09-08,86.13738250732422,89.73999786376953
2025-09-09,85.64787292480469,89.2300033569336
2025-09-10,86.13738250732422,89.73999786376953
2025-09-11,86.71331024169922,90.33999633789062
2025-09-12,86.3389663696289,89.94999694824219
2025-09-15,86.54053497314453,90.16000366210938
2025-09-16,86.722900390625,90.3499984741211
2025-09-17,86.50214385986328,90.12000274658203
2025-09-18,85.60948181152344,89.19000244140625
2025-09-19,85.44630432128906,89.0199966430664
2025-09-22,85.13912963867188,88.69999694824219
2025-09-23,85.73426055908203,89.31999969482422
2025-09-24,85.40790557861328,88.9800033569336
2025-09-25,85.40790557861328,88.9800033569336
2025-09-26,85.33110809326172,88.9000015258789
2025-09-29,86.03181457519531,89.62999725341797
2025-09-30,85.78224182128906,89.37000274658203
2025-10-01,86.0037841796875,89.29000091552734
2025-10-02,86.25422668457031,89.55000305175781
2025-10-03,86.0904769897461,89.37999725341797
2025-10-06,85.40660095214844,88.66999816894531
2025-10-07,85.89783477783203,89.18000030517578
2025-10-08,85.96526336669922,89.25
2025-10-09,85.89783477783203,89.18000030517578
2025-10-10,87.28484344482422,90.62000274658203
2025-10-13,87.23668670654297,90.56999969482422
2025-10-14,87.51600646972656,90.86000061035156
2025-10-15,87.3233642578125,90.66000366210938
2025-10-16,87.97834014892578,91.33999633789062
2025-10-17,87.84349060058594,91.19999694824219
2025-10-20,88.18061065673828,91.55000305175781
2025-10-21,88.61405944824219,92.0
2025-10-22,88.67183685302734,92.05999755859375
2025-10-23,88.0650405883789,91.43000030517578
2025-10-24,88.10354614257812,91.47000122070312
2025-10-27,88.40215301513672,91.77999877929688
2025-10-28,88.63330841064453,92.0199966430664
2025-10-29,87.73753356933594,91.08999633789062
2025-10-30,87.22703552246094,90.55999755859375
2025-10-31,86.96697998046875,90.29000091552734
2025-11-03,86.74948120117188,89.73999786376953
2025-11-04,86.94281005859375,89.94000244140625
2025-11-05,85.99547576904297,88.95999908447266
2025-11-06,86.7688217163086,89.76000213623047
2025-11-07,86.58515167236328,89.56999969482422
2025-11-10,86.5658187866211,89.55000305175781
2025-11-11,86.96215057373047,89.95999908447266
2025-11-12,87.1168212890625,90.12000274658203
2025-11-13,86.40147399902344,89.37999725341797
2025-11-14,85.90847778320312,88.87000274658203
2025-11-17,86.12113189697266,89.08999633789062
2025-11-18,86.09213256835938,89.05999755859375
2025-11-19,85.91815185546875,88.87999725341797
2025-11-20,86.2564697265625,89.2300033569336
2025-11-21,86.5174789428711,89.5
2025-11-24,87.01049041748047,90.01000213623047
2025-11-25,87.2328109741211,90.23999786376953
2025-11-26,87.61949157714844,90.63999938964844
2025-11-28,87.20381927490234,90.20999908447266
2025-12-01,86.11824798583984,88.7699966430664
2025-12-02,86.15704345703125,88.80999755859375
2025-12-03,86.39958190917969,89.05999755859375
2025-12-04,85.93392181396484,88.58000183105469
2025-12-05,85.53616333007812,88.16999816894531
2025-12-08,85.25482177734375,87.87999725341797
2025-12-09,85.34214782714844,87.97000122070312
2025-12-10,85.67198181152344,88.30999755859375
2025-12-11,85.55557250976562,88.19000244140625
2025-12-12,84.73095703125,87.33999633789062
2025-12-15,84.78916931152344,87.4000015258789
2025-12-16,85.25482177734375,87.87999725341797
2025-12-17,85.17721557617188,87.80000305175781
2025-12-18,85.58467864990234,88.22000122070312
2025-12-19,85.26524353027344,87.55000305175781
2025-12-22,85.0802001953125,87.36000061035156
2025-12-23,85.2165298461914,87.5
2025-12-24,85.73271179199219,88.02999877929688
2025-12-26,85.45028686523438,87.73999786376953
2025-12-29,85.77167510986328,88.06999969482422
2025-12-30,85.56714630126953,87.86000061035156
2025-12-31,84.88541412353516,87.16000366210938
2026-01-02,84.75880432128906,87.02999877929688
2026-01-05,85.17758178710938,87.45999908447266
2026-01-06,85.00228881835938,87.27999877929688
2026-01-07,85.49897766113281,87.79000091552734
2026-01-08,85.0704574584961,87.3499984741211
2026-01-09,85.63532257080078,87.93000030517578
2026-01-12,85.38211059570312,87.66999816894531
2026-01-13,85.5281753540039,87.81999969482422
2026-01-14,86.0248794555664,88.33000183105469
2026-01-15,86.0053939819336,88.30999755859375
2026-01-16,85.50870513916016,87.80000305175781
2026-01-20,84.38872528076172,86.6500015258789
2026-01-21,85.03148651123047,87.30999755859375
2026-01-22,85.40157318115234,87.69000244140625
2026-01-23,85.63532257080078,87.93000030517578
2026-01-26,86.04435729980469,88.3499984741211
2026-01-27,85.50870513916016,87.80000305175781
2026-01-28,85.31392669677734,87.5999984741211
2026-01-29,85.33341979980469,87.62000274658203
2026-01-30,84.856201171875,87.12999725341797
2026-02-02,84.6137466430664,86.55000305175781
2026-02-03,84.81904602050781,86.76000213623047
2026-02-04,84.60396575927734,86.54000091552734
2026-02-05,85.52294921875,87.4800033569336
2026-02-06,85.58159637451172,87.54000091552734
2026-02-09,85.56204986572266,87.5199966430664
2026-02-10,86.54944610595703,88.52999877929688
2026-02-11,86.0899658203125,88.05999755859375
2026-02-12,87.2337875366211,89.2300033569336
2026-02-13,87.71282958984375,89.72000122070312
2026-02-17,87.85948181152344,89.87000274658203
2026-02-18,87.5270767211914,89.52999877929688
2026-02-19,87.61505889892578,89.62000274658203
2026-02-20,87.40977478027344,89.41000366210938
2026-02-23,87.73238372802734,89.73999786376953
2026-02-24,87.88880157470703,89.9000015258789
2026-02-25,87.8985824584961,89.91000366210938
2026-02-26,88.25052642822266,90.2699966430664
2026-02-27,88.78821563720703,90.81999969482422
2026-03-02,87.8966064453125,89.61000061035156
2026-03-03,87.72003936767578,89.43000030517578
2026-03-04,87.44540405273438,89.1500015258789
2026-03-05,87.09228515625,88.79000091552734
2026-03-06,86.76858520507812,88.45999908447266
2026-03-09,87.52386474609375,89.2300033569336
2026-03-10,86.59203338623047,88.27999877929688
2026-03-11,85.47383880615234,87.13999938964844
2026-03-12,85.30708312988281,86.97000122070312
2026-03-13,84.88529968261719,86.54000091552734
2026-03-16,85.54248809814453,87.20999908447266
2026-03-17,85.77789306640625,87.44999694824219
2026-03-18,85.29727172851562,86.95999908447266
2026-03-19,85.817138671875,87.48999786376953
2026-03-20,84.18888092041016,85.83000183105469
2026-03-23,84.73817443847656,86.38999938964844
2026-03-24,84.36544036865234,86.01000213623047
2026-03-25,85.17955780029297,86.83999633789062
2026-03-26,84.46353149414062,86.11000061035156
2026-03-27,84.00250244140625,85.63999938964844
2026-03-30,85.12071228027344,86.77999877929688
2026-03-31,85.03243255615234,86.69000244140625
2026-04-01,84.94873046875,86.26000213623047
2026-04-02,85.47066497802734,86.79000091552734
2026-04-06,85.33279418945312,86.6500015258789
2026-04-07,85.32295227050781,86.63999938964844
2026-04-08,85.59868621826172,86.91999816894531
2026-04-09,85.38202667236328,86.69999694824219
2026-04-10,85.17522430419922,86.48999786376953
2026-04-13,85.4312744140625,86.75
2026-04-14,85.88427734375,87.20999908447266
2026-04-15,85.51006317138672,86.83000183105469
2026-04-16,84.96841430664062,86.27999877929688
2026-04-17,85.74640655517578,87.06999969482422
2026-04-20,85.72671508789062,87.05000305175781
2026-04-21,85.2540054321289,86.56999969482422
2026-04-22,85.42142486572266,86.73999786376953
2026-04-23,85.23431396484375,86.55000305175781
2026-04-24,85.39188385009766,86.70999908447266
2026-04-27,84.96841430664062,86.27999877929688
2026-04-28,85.05706024169922,86.37000274658203
2026-04-29,84.3972396850586,85.69999694824219
2026-04-30,84.3184585571289,85.62000274658203
2026-05-01,84.61992645263672,85.61000061035156
2026-05-04,83.9774398803711,84.95999908447266
2026-05-05,84.44200897216797,85.43000030517578
2026-05-06,85.0844955444336,86.08000183105469
2026-05-07,84.65946197509766,85.6500015258789
2026-05-08,85.0844955444336,86.08000183105469
2026-05-11,84.57050323486328,85.55999755859375
2026-05-12,84.00708770751953,84.98999786376953
2026-05-13,83.81929779052734,84.80000305175781
2026-05-14,83.93790435791016,84.91999816894531
2026-05-15,82.6924819946289,83.66000366210938
2026-05-18,82.5936279296875,83.55999755859375
2026-05-19,82.05987548828125,83.0199966430664
2026-05-20,82.93958282470703,83.91000366210938
2026-05-21,83.2459945678711,84.22000122070312
2026-05-22,83.70067596435547,84.68000030517578
2026-05-26,84.1158218383789,85.0999984741211
2026-05-27,84.31350708007812,85.30000305175781
2026-05-28,84.74842071533203,85.73999786376953
2026-05-29,84.76819610595703,85.76000213623047
2026-06-01,84.8138427734375,85.47000122070312
2026-06-02,84.9924545288086,85.6500015258789
2026-06-03,84.65506744384766,85.30999755859375
2026-06-04,84.8436050415039,85.5
2026-06-05,84.406982421875,85.05999755859375
2026-06-08,83.97036743164062,84.62000274658203
2026-06-09,84.4665298461914,85.12000274658203
2026-06-10,84.22836303710938,84.87999725341797
2026-06-11,85.31993103027344,85.9800033569336
2026-06-12,85.11153411865234,85.7699966430664
2026-06-15,85.06192016601562,85.72000122070312
2026-06-16,85.52831268310547,86.19000244140625
2026-06-17,85.66724395751953,86.33000183105469
2026-06-18,86.08401489257812,86.75
2026-06-22,85.4290771484375,86.08999633789062
2026-06-23,85.5382308959961,86.19999694824219
2026-06-24,86.70916748046875,87.37999725341797
2026-06-25,86.67940521240234,87.3499984741211
2026-06-26,86.6893310546875,87.36000061035156
2026-06-29,86.77864074707031,87.44999694824219
2026-06-30,85.75653839111328,86.41999816894531
2026-07-01,85.1768798828125,85.5199966430664
2026-07-02,85.16692352294922,85.51000213623047
2026-07-06,85.1071548461914,85.44999694824219
2026-07-07,84.21077728271484,84.55000305175781
2026-07-08,84.02153778076172,84.36000061035156
2026-07-09,84.15100860595703,84.48999786376953
2026-07-10,84.13109588623047,84.47000122070312
2026-07-13,83.63310241699219,83.97000122070312
2026-07-14,83.74266052246094,84.08000183105469
2026-07-15,83.90201568603516,84.23999786376953
2026-07-16,83.87213134765625,84.20999908447266
2026-07-17,84.1808853149414,84.5199966430664
2026-07-20,83.55342102050781,83.88999938964844
2026-07-21,83.32434844970703,83.66000366210938
2026-07-22,83.105224609375,83.44000244140625
2026-07-23,82.8363037109375,83.16999816894531
2026-07-24,82.91598510742188,83.25
2026-07-27,83.41397857666016,83.75
2026-07-28,83.90201568603516,84.23999786376953
2026-07-29,82.51759338378906,82.8499984741211
2026-07-30,82.4677963256836,82.80000305175781
2026-07-31,81.91999816894531,82.25
2026-08-03,82.19000244140625,82.19000244140625
2026-08-04,82.81999969482422,82.81999969482422
2026-08-05,83.0,83.0
2026-08-06,82.5199966430664,82.5199966430664
